captureDate,capturedAtUtc,slateDate,source,sourceUrl,draftGroupId,contestTypeId,selectionReason,position,namePlusId,dkName,dkPlayerId,rosterPosition,salary,gameInfo,gameDateTimeEt,teamAbbrev,opponent,homeAway,avgPointsPerGame,mlbamId,mlbName,joinStatus,joinMethod,joinNote
2026-06-25,2026-06-25T16:04:54.610294+00:00,2026-06-25,DraftKings official lineup CSV,https://www.draftkings.com/lineup/getavailableplayerscsv?contestTypeId=9&draftGroupId=149804,149804,9,Selected largest-prize regular Classic MLB draft group after excluding Turbo/Night/qualifier/satellite/showdown/snake/single-stat slates.,SP,Cristopher Sanchez (43368849),Cristopher Sanchez,43368849,P,11500,PHI@WSH 06/25/2026 06:45PM ET,06/25/2026 06:45PM ET,PHI,WSH,away,25.52,650911,Cristopher Sánchez,mapped,identity_name_team_map,Stable identity seed from old DK-ID map. Pilot join status: matched via normalized_name_team
2026-06-25,2026-06-25T16:04:54.610294+00:00,2026-06-25,DraftKings official lineup CSV,https://www.draftkings.com/lineup/getavailableplayerscsv?contestTypeId=9&draftGroupId=149804,149804,9,Selected largest-prize regular Classic MLB draft group after excluding Turbo/Night/qualifier/satellite/showdown/snake/single-stat slates.,SP,Zack Wheeler (43369147),Zack Wheeler,43369147,P,11000,PHI@WSH 06/25/2026 06:45PM ET,06/25/2026 06:45PM ET,PHI,WSH,away,22.78,554430,Zack Wheeler,mapped,identity_name_team_map,Stable identity seed from old DK-ID map. Pilot join status: matched via normalized_name_team
2026-06-25,2026-06-25T16:04:54.610294+00:00,2026-06-25,DraftKings official lineup CSV,https://www.draftkings.com/lineup/getavailableplayerscsv?contestTypeId=9&draftGroupId=149804,149804,9,Selected largest-prize regular Classic MLB draft group after excluding Turbo/Night/qualifier/satellite/showdown/snake/single-stat slates.,SP,Cam Schlittler (43368850),Cam Schlittler,43368850,P,10500,NYY@BOS 06/25/2026 07:10PM ET,06/25/2026 07:10PM ET,NYY,BOS,away,23.47,,,needs_review_new_player,identity_name_team_map,No reviewed normalized-name/team identity alias; do not auto-guess.
2026-06-25,2026-06-25T16:04:54.610294+00:00,2026-06-25,DraftKings official lineup CSV,https://www.draftkings.com/lineup/getavailableplayerscsv?contestTypeId=9&draftGroupId=149804,149804,9,Selected largest-prize regular Classic MLB draft group after excluding Turbo/Night/qualifier/satellite/showdown/snake/single-stat slates.,SP,Hunter Brown (43369148),Hunter Brown,43369148,P,10300,HOU@DET 06/25/2026 06:40PM ET,06/25/2026 06:40PM ET,HOU,DET,away,20.62,686613,Hunter Brown,mapped,identity_name_team_map,Stable identity seed from old DK-ID map. Pilot join status: matched via normalized_name_team
2026-06-25,2026-06-25T16:04:54.610294+00:00,2026-06-25,DraftKings official lineup CSV,https://www.draftkings.com/lineup/getavailableplayerscsv?contestTypeId=9&draftGroupId=149804,149804,9,Selected largest-prize regular Classic MLB draft group after excluding Turbo/Night/qualifier/satellite/showdown/snake/single-stat slates.,SP,Dylan Cease (43369150),Dylan Cease,43369150,P,10000,TEX@TOR 06/25/2026 07:07PM ET,06/25/2026 07:07PM ET,TOR,TEX,home,23.06,656302,Dylan Cease,mapped,identity_name_team_map,Stable identity seed from old DK-ID map. Pilot join status: matched via normalized_name_team
2026-06-25,2026-06-25T16:04:54.610294+00:00,2026-06-25,DraftKings official lineup CSV,https://www.draftkings.com/lineup/getavailableplayerscsv?contestTypeId=9&draftGroupId=149804,149804,9,Selected largest-prize regular Classic MLB draft group after excluding Turbo/Night/qualifier/satellite/showdown/snake/single-stat slates.,SP,Tarik Skubal (43369151),Tarik Skubal,43369151,P,10000,HOU@DET 06/25/2026 06:40PM ET,06/25/2026 06:40PM ET,DET,HOU,home,19.76,669373,Tarik Skubal,mapped,identity_name_team_map,Proposed from review candidates; basis=exact normalized name + team; role-compatible; statcast_pitcher_2026; confidence=high; sources=statcast_pitcher_2026
2026-06-25,2026-06-25T16:04:54.610294+00:00,2026-06-25,DraftKings official lineup CSV,https://www.draftkings.com/lineup/getavailableplayerscsv?contestTypeId=9&draftGroupId=149804,149804,9,Selected largest-prize regular Classic MLB draft group after excluding Turbo/Night/qualifier/satellite/showdown/snake/single-stat slates.,SP,Garrett Crochet (43369149),Garrett Crochet,43369149,P,10000,NYY@BOS 06/25/2026 07:10PM ET,06/25/2026 07:10PM ET,BOS,NYY,home,13.78,,,needs_review_new_player,identity_name_team_map,No reviewed normalized-name/team identity alias; do not auto-guess.
2026-06-25,2026-06-25T16:04:54.610294+00:00,2026-06-25,DraftKings official lineup CSV,https://www.draftkings.com/lineup/getavailableplayerscsv?contestTypeId=9&draftGroupId=149804,149804,9,Selected largest-prize regular Classic MLB draft group after excluding Turbo/Night/qualifier/satellite/showdown/snake/single-stat slates.,SP,Jacob deGrom (43369152),Jacob deGrom,43369152,P,9800,TEX@TOR 06/25/2026 07:07PM ET,06/25/2026 07:07PM ET,TEX,TOR,away,19.43,594798,Jacob deGrom,mapped,identity_name_team_map,Stable identity seed from old DK-ID map. Pilot join status: matched via normalized_name_team
2026-06-25,2026-06-25T16:04:54.610294+00:00,2026-06-25,DraftKings official lineup CSV,https://www.draftkings.com/lineup/getavailableplayerscsv?contestTypeId=9&draftGroupId=149804,149804,9,Selected largest-prize regular Classic MLB draft group after excluding Turbo/Night/qualifier/satellite/showdown/snake/single-stat slates.,SP,Carlos Rodon (43369155),Carlos Rodon,43369155,P,9500,NYY@BOS 06/25/2026 07:10PM ET,06/25/2026 07:10PM ET,NYY,BOS,away,16.82,,,needs_review_new_player,identity_name_team_map,No reviewed normalized-name/team identity alias; do not auto-guess.
2026-06-25,2026-06-25T16:04:54.610294+00:00,2026-06-25,DraftKings official lineup CSV,https://www.draftkings.com/lineup/getavailableplayerscsv?contestTypeId=9&draftGroupId=149804,149804,9,Selected largest-prize regular Classic MLB draft group after excluding Turbo/Night/qualifier/satellite/showdown/snake/single-stat slates.,RP,Ryan Weathers (43369156),Ryan Weathers,43369156,P,9500,NYY@BOS 06/25/2026 07:10PM ET,06/25/2026 07:10PM ET,NYY,BOS,away,17.4,,,needs_review_new_player,identity_name_team_map,No reviewed normalized-name/team identity alias; do not auto-guess.
2026-06-25,2026-06-25T16:04:54.610294+00:00,2026-06-25,DraftKings official lineup CSV,https://www.draftkings.com/lineup/getavailableplayerscsv?contestTypeId=9&draftGroupId=149804,149804,9,Selected largest-prize regular Classic MLB draft group after excluding Turbo/Night/qualifier/satellite/showdown/snake/single-stat slates.,SP,Gerrit Cole (43369157),Gerrit Cole,43369157,P,9500,NYY@BOS 06/25/2026 07:10PM ET,06/25/2026 07:10PM ET,NYY,BOS,away,14.89,,,needs_review_new_player,identity_name_team_map,No reviewed normalized-name/team identity alias; do not auto-guess.
2026-06-25,2026-06-25T16:04:54.610294+00:00,2026-06-25,DraftKings official lineup CSV,https://www.draftkings.com/lineup/getavailableplayerscsv?contestTypeId=9&draftGroupId=149804,149804,9,Selected largest-prize regular Classic MLB draft group after excluding Turbo/Night/qualifier/satellite/showdown/snake/single-stat slates.,SP,Max Fried (43369158),Max Fried,43369158,P,9500,NYY@BOS 06/25/2026 07:10PM ET,06/25/2026 07:10PM ET,NYY,BOS,away,17.24,,,needs_review_new_player,identity_name_team_map,No reviewed normalized-name/team identity alias; do not auto-guess.
2026-06-25,2026-06-25T16:04:54.610294+00:00,2026-06-25,DraftKings official lineup CSV,https://www.draftkings.com/lineup/getavailableplayerscsv?contestTypeId=9&draftGroupId=149804,149804,9,Selected largest-prize regular Classic MLB draft group after excluding Turbo/Night/qualifier/satellite/showdown/snake/single-stat slates.,SP,Clarke Schmidt (43369159),Clarke Schmidt,43369159,P,9500,NYY@BOS 06/25/2026 07:10PM ET,06/25/2026 07:10PM ET,NYY,BOS,away,0,,,needs_review_new_player,identity_name_team_map,No reviewed normalized-name/team identity alias; do not auto-guess.
2026-06-25,2026-06-25T16:04:54.610294+00:00,2026-06-25,DraftKings official lineup CSV,https://www.draftkings.com/lineup/getavailableplayerscsv?contestTypeId=9&draftGroupId=149804,149804,9,Selected largest-prize regular Classic MLB draft group after excluding Turbo/Night/qualifier/satellite/showdown/snake/single-stat slates.,SP,Nolan McLean (43369153),Nolan McLean,43369153,P,9500,CHC@NYM 06/25/2026 07:10PM ET,06/25/2026 07:10PM ET,NYM,CHC,home,17.65,690997,Nolan McLean,mapped,identity_name_team_map,Stable identity seed from old DK-ID map. Pilot join status: matched via normalized_name_team
2026-06-25,2026-06-25T16:04:54.610294+00:00,2026-06-25,DraftKings official lineup CSV,https://www.draftkings.com/lineup/getavailableplayerscsv?contestTypeId=9&draftGroupId=149804,149804,9,Selected largest-prize regular Classic MLB draft group after excluding Turbo/Night/qualifier/satellite/showdown/snake/single-stat slates.,RP,Clay Holmes (43369154),Clay Holmes,43369154,P,9500,CHC@NYM 06/25/2026 07:10PM ET,06/25/2026 07:10PM ET,NYM,CHC,home,17.9,605280,Clay Holmes,mapped,identity_name_team_map,Stable identity seed from old DK-ID map. Pilot join status: matched via normalized_name_team
2026-06-25,2026-06-25T16:04:54.610294+00:00,2026-06-25,DraftKings official lineup CSV,https://www.draftkings.com/lineup/getavailableplayerscsv?contestTypeId=9&draftGroupId=149804,149804,9,Selected largest-prize regular Classic MLB draft group after excluding Turbo/Night/qualifier/satellite/showdown/snake/single-stat slates.,SP,Peter Lambert (43369160),Peter Lambert,43369160,P,9300,HOU@DET 06/25/2026 06:40PM ET,06/25/2026 06:40PM ET,HOU,DET,away,17.12,663567,Peter Lambert,mapped,identity_name_team_map,Stable identity seed from old DK-ID map. Pilot join status: matched via normalized_name_team
2026-06-25,2026-06-25T16:04:54.610294+00:00,2026-06-25,DraftKings official lineup CSV,https://www.draftkings.com/lineup/getavailableplayerscsv?contestTypeId=9&draftGroupId=149804,149804,9,Selected largest-prize regular Classic MLB draft group after excluding Turbo/Night/qualifier/satellite/showdown/snake/single-stat slates.,SP,Spencer Arrighetti (43369161),Spencer Arrighetti,43369161,P,9300,HOU@DET 06/25/2026 06:40PM ET,06/25/2026 06:40PM ET,HOU,DET,away,17.90,681293,Spencer Arrighetti,mapped,identity_name_team_map,Stable identity seed from old DK-ID map. Pilot join status: matched via normalized_name_team
2026-06-25,2026-06-25T16:04:54.610294+00:00,2026-06-25,DraftKings official lineup CSV,https://www.draftkings.com/lineup/getavailableplayerscsv?contestTypeId=9&draftGroupId=149804,149804,9,Selected largest-prize regular Classic MLB draft group after excluding Turbo/Night/qualifier/satellite/showdown/snake/single-stat slates.,SP,Corbin Burnes (43369162),Corbin Burnes,43369162,P,9000,ARI@STL 06/25/2026 07:45PM ET,06/25/2026 07:45PM ET,ARI,STL,away,0,,,needs_review_new_player,identity_name_team_map,No reviewed normalized-name/team identity alias; do not auto-guess.
2026-06-25,2026-06-25T16:04:54.610294+00:00,2026-06-25,DraftKings official lineup CSV,https://www.draftkings.com/lineup/getavailableplayerscsv?contestTypeId=9&draftGroupId=149804,149804,9,Selected largest-prize regular Classic MLB draft group after excluding Turbo/Night/qualifier/satellite/showdown/snake/single-stat slates.,SP,Michael Soroka (43369163),Michael Soroka,43369163,P,9000,ARI@STL 06/25/2026 07:45PM ET,06/25/2026 07:45PM ET,ARI,STL,away,17.47,,,needs_review_new_player,identity_name_team_map,No reviewed normalized-name/team identity alias; do not auto-guess.
2026-06-25,2026-06-25T16:04:54.610294+00:00,2026-06-25,DraftKings official lineup CSV,https://www.draftkings.com/lineup/getavailableplayerscsv?contestTypeId=9&draftGroupId=149804,149804,9,Selected largest-prize regular Classic MLB draft group after excluding Turbo/Night/qualifier/satellite/showdown/snake/single-stat slates.,SP,Nathan Eovaldi (43369164),Nathan Eovaldi,43369164,P,8800,TEX@TOR 06/25/2026 07:07PM ET,06/25/2026 07:07PM ET,TEX,TOR,away,17.63,543135,Nathan Eovaldi,mapped,identity_name_team_map,Stable identity seed from old DK-ID map. Pilot join status: matched via normalized_name_team
2026-06-25,2026-06-25T16:04:54.610294+00:00,2026-06-25,DraftKings official lineup CSV,https://www.draftkings.com/lineup/getavailableplayerscsv?contestTypeId=9&draftGroupId=149804,149804,9,Selected largest-prize regular Classic MLB draft group after excluding Turbo/Night/qualifier/satellite/showdown/snake/single-stat slates.,RP,Ben Brown (43369165),Ben Brown,43369165,P,8700,CHC@NYM 06/25/2026 07:10PM ET,06/25/2026 07:10PM ET,CHC,NYM,away,11.57,676962,Ben Brown,mapped,identity_name_team_map,Stable identity seed from old DK-ID map. Pilot join status: matched via normalized_name_team
2026-06-25,2026-06-25T16:04:54.610294+00:00,2026-06-25,DraftKings official lineup CSV,https://www.draftkings.com/lineup/getavailableplayerscsv?contestTypeId=9&draftGroupId=149804,149804,9,Selected largest-prize regular Classic MLB draft group after excluding Turbo/Night/qualifier/satellite/showdown/snake/single-stat slates.,SP,Jesus Luzardo (43369166),Jesus Luzardo,43369166,P,8500,PHI@WSH 06/25/2026 06:45PM ET,06/25/2026 06:45PM ET,PHI,WSH,away,17.76,666200,Jesús Luzardo,mapped,identity_name_team_map,Stable identity seed from old DK-ID map. Pilot join status: matched via normalized_name_team
2026-06-25,2026-06-25T16:04:54.610294+00:00,2026-06-25,DraftKings official lineup CSV,https://www.draftkings.com/lineup/getavailableplayerscsv?contestTypeId=9&draftGroupId=149804,149804,9,Selected largest-prize regular Classic MLB draft group after excluding Turbo/Night/qualifier/satellite/showdown/snake/single-stat slates.,SP,Kevin Gausman (43368851),Kevin Gausman,43368851,P,8500,TEX@TOR 06/25/2026 07:07PM ET,06/25/2026 07:07PM ET,TOR,TEX,home,15.65,592332,Kevin Gausman,mapped,identity_name_team_map,Stable identity seed from old DK-ID map. Pilot join status: matched via normalized_name_team
2026-06-25,2026-06-25T16:04:54.610294+00:00,2026-06-25,DraftKings official lineup CSV,https://www.draftkings.com/lineup/getavailableplayerscsv?contestTypeId=9&draftGroupId=149804,149804,9,Selected largest-prize regular Classic MLB draft group after excluding Turbo/Night/qualifier/satellite/showdown/snake/single-stat slates.,SP,Shane Bieber (43369167),Shane Bieber,43369167,P,8500,TEX@TOR 06/25/2026 07:07PM ET,06/25/2026 07:07PM ET,TOR,TEX,home,-1.15,669456,Shane Bieber,mapped,identity_name_team_map,Stable identity seed from old DK-ID map. Pilot join status: matched_people_search_name via mlb_people_search_normalized_name
2026-06-25,2026-06-25T16:04:54.610294+00:00,2026-06-25,DraftKings official lineup CSV,https://www.draftkings.com/lineup/getavailableplayerscsv?contestTypeId=9&draftGroupId=149804,149804,9,Selected largest-prize regular Classic MLB draft group after excluding Turbo/Night/qualifier/satellite/showdown/snake/single-stat slates.,SP,Trey Yesavage (43369168),Trey Yesavage,43369168,P,8500,TEX@TOR 06/25/2026 07:07PM ET,06/25/2026 07:07PM ET,TOR,TEX,home,15.76,702056,Trey Yesavage,mapped,identity_name_team_map,Stable identity seed from old DK-ID map. Pilot join status: matched via normalized_name_team
2026-06-25,2026-06-25T16:04:54.610294+00:00,2026-06-25,DraftKings official lineup CSV,https://www.draftkings.com/lineup/getavailableplayerscsv?contestTypeId=9&draftGroupId=149804,149804,9,Selected largest-prize regular Classic MLB draft group after excluding Turbo/Night/qualifier/satellite/showdown/snake/single-stat slates.,SP,Will Warren (43369169),Will Warren,43369169,P,8500,NYY@BOS 06/25/2026 07:10PM ET,06/25/2026 07:10PM ET,NYY,BOS,away,16.58,,,needs_review_new_player,identity_name_team_map,No reviewed normalized-name/team identity alias; do not auto-guess.
2026-06-25,2026-06-25T16:04:54.610294+00:00,2026-06-25,DraftKings official lineup CSV,https://www.draftkings.com/lineup/getavailableplayerscsv?contestTypeId=9&draftGroupId=149804,149804,9,Selected largest-prize regular Classic MLB draft group after excluding Turbo/Night/qualifier/satellite/showdown/snake/single-stat slates.,SP,Brandon Walter (43369170),Brandon Walter,43369170,P,8300,HOU@DET 06/25/2026 06:40PM ET,06/25/2026 06:40PM ET,HOU,DET,away,0,687888,Brandon Walter,mapped,identity_name_team_map,Stable identity seed from old DK-ID map. Pilot join status: matched_people_search_name via mlb_people_search_normalized_name
2026-06-25,2026-06-25T16:04:54.610294+00:00,2026-06-25,DraftKings official lineup CSV,https://www.draftkings.com/lineup/getavailableplayerscsv?contestTypeId=9&draftGroupId=149804,149804,9,Selected largest-prize regular Classic MLB draft group after excluding Turbo/Night/qualifier/satellite/showdown/snake/single-stat slates.,SP,Ronel Blanco (43369171),Ronel Blanco,43369171,P,8300,HOU@DET 06/25/2026 06:40PM ET,06/25/2026 06:40PM ET,HOU,DET,away,0,669854,Ronel Blanco,mapped,identity_name_team_map,Stable identity seed from old DK-ID map. Pilot join status: matched_people_search_name via mlb_people_search_normalized_name
2026-06-25,2026-06-25T16:04:54.610294+00:00,2026-06-25,DraftKings official lineup CSV,https://www.draftkings.com/lineup/getavailableplayerscsv?contestTypeId=9&draftGroupId=149804,149804,9,Selected largest-prize regular Classic MLB draft group after excluding Turbo/Night/qualifier/satellite/showdown/snake/single-stat slates.,SP,Shota Imanaga (43369172),Shota Imanaga,43369172,P,8200,CHC@NYM 06/25/2026 07:10PM ET,06/25/2026 07:10PM ET,CHC,NYM,away,15.69,684007,Shota Imanaga,mapped,identity_name_team_map,Stable identity seed from old DK-ID map. Pilot join status: matched via normalized_name_team
2026-06-25,2026-06-25T16:04:54.610294+00:00,2026-06-25,DraftKings official lineup CSV,https://www.draftkings.com/lineup/getavailableplayerscsv?contestTypeId=9&draftGroupId=149804,149804,9,Selected largest-prize regular Classic MLB draft group after excluding Turbo/Night/qualifier/satellite/showdown/snake/single-stat slates.,SP,Edward Cabrera (43369173),Edward Cabrera,43369173,P,8200,CHC@NYM 06/25/2026 07:10PM ET,06/25/2026 07:10PM ET,CHC,NYM,away,12.11,665795,Edward Cabrera,mapped,identity_name_team_map,Stable identity seed from old DK-ID map. Pilot join status: matched via normalized_name_team
2026-06-25,2026-06-25T16:04:54.610294+00:00,2026-06-25,DraftKings official lineup CSV,https://www.draftkings.com/lineup/getavailableplayerscsv?contestTypeId=9&draftGroupId=149804,149804,9,Selected largest-prize regular Classic MLB draft group after excluding Turbo/Night/qualifier/satellite/showdown/snake/single-stat slates.,SP,Cade Horton (43369174),Cade Horton,43369174,P,8200,CHC@NYM 06/25/2026 07:10PM ET,06/25/2026 07:10PM ET,CHC,NYM,away,10.45,690990,Cade Horton,mapped,identity_name_team_map,Stable identity seed from old DK-ID map. Pilot join status: matched via normalized_name_team
2026-06-25,2026-06-25T16:04:54.610294+00:00,2026-06-25,DraftKings official lineup CSV,https://www.draftkings.com/lineup/getavailableplayerscsv?contestTypeId=9&draftGroupId=149804,149804,9,Selected largest-prize regular Classic MLB draft group after excluding Turbo/Night/qualifier/satellite/showdown/snake/single-stat slates.,SP,Justin Steele (43369175),Justin Steele,43369175,P,8200,CHC@NYM 06/25/2026 07:10PM ET,06/25/2026 07:10PM ET,CHC,NYM,away,0,657006,Justin Steele,mapped,identity_name_team_map,Stable identity seed from old DK-ID map. Pilot join status: matched_people_search_name via mlb_people_search_normalized_name
2026-06-25,2026-06-25T16:04:54.610294+00:00,2026-06-25,DraftKings official lineup CSV,https://www.draftkings.com/lineup/getavailableplayerscsv?contestTypeId=9&draftGroupId=149804,149804,9,Selected largest-prize regular Classic MLB draft group after excluding Turbo/Night/qualifier/satellite/showdown/snake/single-stat slates.,SP,Foster Griffin (43369176),Foster Griffin,43369176,P,8100,PHI@WSH 06/25/2026 06:45PM ET,06/25/2026 06:45PM ET,WSH,PHI,home,18.07,656492,Foster Griffin,mapped,identity_name_team_map,Stable identity seed from old DK-ID map. Pilot join status: matched via normalized_name_team
2026-06-25,2026-06-25T16:04:54.610294+00:00,2026-06-25,DraftKings official lineup CSV,https://www.draftkings.com/lineup/getavailableplayerscsv?contestTypeId=9&draftGroupId=149804,149804,9,Selected largest-prize regular Classic MLB draft group after excluding Turbo/Night/qualifier/satellite/showdown/snake/single-stat slates.,SP,Casey Mize (43369177),Casey Mize,43369177,P,8000,HOU@DET 06/25/2026 06:40PM ET,06/25/2026 06:40PM ET,DET,HOU,home,16.24,663554,Casey Mize,mapped,identity_name_team_map,Proposed from review candidates; basis=exact normalized name + team; role-compatible; statcast_pitcher_2026; confidence=high; sources=statcast_pitcher_2026
2026-06-25,2026-06-25T16:04:54.610294+00:00,2026-06-25,DraftKings official lineup CSV,https://www.draftkings.com/lineup/getavailableplayerscsv?contestTypeId=9&draftGroupId=149804,149804,9,Selected largest-prize regular Classic MLB draft group after excluding Turbo/Night/qualifier/satellite/showdown/snake/single-stat slates.,SP,Reese Olson (43369182),Reese Olson,43369182,P,8000,HOU@DET 06/25/2026 06:40PM ET,06/25/2026 06:40PM ET,DET,HOU,home,0,,,needs_review_new_player,identity_name_team_map,No reviewed normalized-name/team identity alias; do not auto-guess.
2026-06-25,2026-06-25T16:04:54.610294+00:00,2026-06-25,DraftKings official lineup CSV,https://www.draftkings.com/lineup/getavailableplayerscsv?contestTypeId=9&draftGroupId=149804,149804,9,Selected largest-prize regular Classic MLB draft group after excluding Turbo/Night/qualifier/satellite/showdown/snake/single-stat slates.,SP,Connelly Early (43368852),Connelly Early,43368852,P,8000,NYY@BOS 06/25/2026 07:10PM ET,06/25/2026 07:10PM ET,BOS,NYY,home,15.46,,,needs_review_new_player,identity_name_team_map,No reviewed normalized-name/team identity alias; do not auto-guess.
2026-06-25,2026-06-25T16:04:54.610294+00:00,2026-06-25,DraftKings official lineup CSV,https://www.draftkings.com/lineup/getavailableplayerscsv?contestTypeId=9&draftGroupId=149804,149804,9,Selected largest-prize regular Classic MLB draft group after excluding Turbo/Night/qualifier/satellite/showdown/snake/single-stat slates.,SP,Payton Tolle (43369178),Payton Tolle,43369178,P,8000,NYY@BOS 06/25/2026 07:10PM ET,06/25/2026 07:10PM ET,BOS,NYY,home,17.18,,,needs_review_new_player,identity_name_team_map,No reviewed normalized-name/team identity alias; do not auto-guess.
2026-06-25,2026-06-25T16:04:54.610294+00:00,2026-06-25,DraftKings official lineup CSV,https://www.draftkings.com/lineup/getavailableplayerscsv?contestTypeId=9&draftGroupId=149804,149804,9,Selected largest-prize regular Classic MLB draft group after excluding Turbo/Night/qualifier/satellite/showdown/snake/single-stat slates.,SP,Sonny Gray (43369179),Sonny Gray,43369179,P,8000,NYY@BOS 06/25/2026 07:10PM ET,06/25/2026 07:10PM ET,BOS,NYY,home,16.67,,,needs_review_new_player,identity_name_team_map,No reviewed normalized-name/team identity alias; do not auto-guess.
2026-06-25,2026-06-25T16:04:54.610294+00:00,2026-06-25,DraftKings official lineup CSV,https://www.draftkings.com/lineup/getavailableplayerscsv?contestTypeId=9&draftGroupId=149804,149804,9,Selected largest-prize regular Classic MLB draft group after excluding Turbo/Night/qualifier/satellite/showdown/snake/single-stat slates.,SP,Ranger Suarez (43369180),Ranger Suarez,43369180,P,8000,NYY@BOS 06/25/2026 07:10PM ET,06/25/2026 07:10PM ET,BOS,NYY,home,17.09,,,needs_review_new_player,identity_name_team_map,No reviewed normalized-name/team identity alias; do not auto-guess.
2026-06-25,2026-06-25T16:04:54.610294+00:00,2026-06-25,DraftKings official lineup CSV,https://www.draftkings.com/lineup/getavailableplayerscsv?contestTypeId=9&draftGroupId=149804,149804,9,Selected largest-prize regular Classic MLB draft group after excluding Turbo/Night/qualifier/satellite/showdown/snake/single-stat slates.,SP,Eduardo Rodriguez (43369181),Eduardo Rodriguez,43369181,P,8000,ARI@STL 06/25/2026 07:45PM ET,06/25/2026 07:45PM ET,ARI,STL,away,16.30,,,needs_review_new_player,identity_name_team_map,No reviewed normalized-name/team identity alias; do not auto-guess.
2026-06-25,2026-06-25T16:04:54.610294+00:00,2026-06-25,DraftKings official lineup CSV,https://www.draftkings.com/lineup/getavailableplayerscsv?contestTypeId=9&draftGroupId=149804,149804,9,Selected largest-prize regular Classic MLB draft group after excluding Turbo/Night/qualifier/satellite/showdown/snake/single-stat slates.,SP,Aaron Nola (43369190),Aaron Nola,43369190,P,7500,PHI@WSH 06/25/2026 06:45PM ET,06/25/2026 06:45PM ET,PHI,WSH,away,11.67,605400,Aaron Nola,mapped,identity_name_team_map,Stable identity seed from old DK-ID map. Pilot join status: matched via normalized_name_team
2026-06-25,2026-06-25T16:04:54.610294+00:00,2026-06-25,DraftKings official lineup CSV,https://www.draftkings.com/lineup/getavailableplayerscsv?contestTypeId=9&draftGroupId=149804,149804,9,Selected largest-prize regular Classic MLB draft group after excluding Turbo/Night/qualifier/satellite/showdown/snake/single-stat slates.,SP,Jose Berrios (43369187),Jose Berrios,43369187,P,7500,TEX@TOR 06/25/2026 07:07PM ET,06/25/2026 07:07PM ET,TOR,TEX,home,0,621244,José Berríos,mapped,identity_name_team_map,Stable identity seed from old DK-ID map. Pilot join status: matched_people_search_name via mlb_people_search_normalized_name
2026-06-25,2026-06-25T16:04:54.610294+00:00,2026-06-25,DraftKings official lineup CSV,https://www.draftkings.com/lineup/getavailableplayerscsv?contestTypeId=9&draftGroupId=149804,149804,9,Selected largest-prize regular Classic MLB draft group after excluding Turbo/Night/qualifier/satellite/showdown/snake/single-stat slates.,SP,Elmer Rodriguez (43369189),Elmer Rodriguez,43369189,P,7500,NYY@BOS 06/25/2026 07:10PM ET,06/25/2026 07:10PM ET,NYY,BOS,away,5.11,,,needs_review_new_player,identity_name_team_map,No reviewed normalized-name/team identity alias; do not auto-guess.
2026-06-25,2026-06-25T16:04:54.610294+00:00,2026-06-25,DraftKings official lineup CSV,https://www.draftkings.com/lineup/getavailableplayerscsv?contestTypeId=9&draftGroupId=149804,149804,9,Selected largest-prize regular Classic MLB draft group after excluding Turbo/Night/qualifier/satellite/showdown/snake/single-stat slates.,SP,Dustin May (43369185),Dustin May,43369185,P,7500,ARI@STL 06/25/2026 07:45PM ET,06/25/2026 07:45PM ET,STL,ARI,home,14.95,669160,Dustin May,mapped,identity_name_team_map,Stable identity seed from old DK-ID map. Pilot join status: matched via normalized_name_team
2026-06-25,2026-06-25T16:04:54.610294+00:00,2026-06-25,DraftKings official lineup CSV,https://www.draftkings.com/lineup/getavailableplayerscsv?contestTypeId=9&draftGroupId=149804,149804,9,Selected largest-prize regular Classic MLB draft group after excluding Turbo/Night/qualifier/satellite/showdown/snake/single-stat slates.,RP,Andre Pallante (43369186),Andre Pallante,43369186,P,7500,ARI@STL 06/25/2026 07:45PM ET,06/25/2026 07:45PM ET,STL,ARI,home,14.6,669467,Andre Pallante,mapped,identity_name_team_map,Stable identity seed from old DK-ID map. Pilot join status: matched via normalized_name_team
2026-06-25,2026-06-25T16:04:54.610294+00:00,2026-06-25,DraftKings official lineup CSV,https://www.draftkings.com/lineup/getavailableplayerscsv?contestTypeId=9&draftGroupId=149804,149804,9,Selected largest-prize regular Classic MLB draft group after excluding Turbo/Night/qualifier/satellite/showdown/snake/single-stat slates.,RP,Kyle Leahy (43369188),Kyle Leahy,43369188,P,7500,ARI@STL 06/25/2026 07:45PM ET,06/25/2026 07:45PM ET,STL,ARI,home,11.49,681517,Kyle Leahy,mapped,identity_name_team_map,Stable identity seed from old DK-ID map. Pilot join status: matched via normalized_name_team
2026-06-25,2026-06-25T16:04:54.610294+00:00,2026-06-25,DraftKings official lineup CSV,https://www.draftkings.com/lineup/getavailableplayerscsv?contestTypeId=9&draftGroupId=149804,149804,9,Selected largest-prize regular Classic MLB draft group after excluding Turbo/Night/qualifier/satellite/showdown/snake/single-stat slates.,SP,Freddy Peralta (43368853),Freddy Peralta,43368853,P,7500,CHC@NYM 06/25/2026 07:10PM ET,06/25/2026 07:10PM ET,NYM,CHC,home,13.60,642547,Freddy Peralta,mapped,identity_name_team_map,Stable identity seed from old DK-ID map. Pilot join status: matched via normalized_name_team
2026-06-25,2026-06-25T16:04:54.610294+00:00,2026-06-25,DraftKings official lineup CSV,https://www.draftkings.com/lineup/getavailableplayerscsv?contestTypeId=9&draftGroupId=149804,149804,9,Selected largest-prize regular Classic MLB draft group after excluding Turbo/Night/qualifier/satellite/showdown/snake/single-stat slates.,SP,Tylor Megill (43369183),Tylor Megill,43369183,P,7500,CHC@NYM 06/25/2026 07:10PM ET,06/25/2026 07:10PM ET,NYM,CHC,home,0,656731,Tylor Megill,mapped,identity_name_team_map,Stable identity seed from old DK-ID map. Pilot join status: matched_people_search_name via mlb_people_search_normalized_name
2026-06-25,2026-06-25T16:04:54.610294+00:00,2026-06-25,DraftKings official lineup CSV,https://www.draftkings.com/lineup/getavailableplayerscsv?contestTypeId=9&draftGroupId=149804,149804,9,Selected largest-prize regular Classic MLB draft group after excluding Turbo/Night/qualifier/satellite/showdown/snake/single-stat slates.,SP,Christian Scott (43369184),Christian Scott,43369184,P,7500,CHC@NYM 06/25/2026 07:10PM ET,06/25/2026 07:10PM ET,NYM,CHC,home,14.39,681035,Christian Scott,mapped,identity_name_team_map,Stable identity seed from old DK-ID map. Pilot join status: matched via normalized_name_team
2026-06-25,2026-06-25T16:04:54.610294+00:00,2026-06-25,DraftKings official lineup CSV,https://www.draftkings.com/lineup/getavailableplayerscsv?contestTypeId=9&draftGroupId=149804,149804,9,Selected largest-prize regular Classic MLB draft group after excluding Turbo/Night/qualifier/satellite/showdown/snake/single-stat slates.,SP,MacKenzie Gore (43368854),MacKenzie Gore,43368854,P,7300,TEX@TOR 06/25/2026 07:07PM ET,06/25/2026 07:07PM ET,TEX,TOR,away,15.4,669022,MacKenzie Gore,mapped,identity_name_team_map,Stable identity seed from old DK-ID map. Pilot join status: matched via normalized_name_team
2026-06-25,2026-06-25T16:04:54.610294+00:00,2026-06-25,DraftKings official lineup CSV,https://www.draftkings.com/lineup/getavailableplayerscsv?contestTypeId=9&draftGroupId=149804,149804,9,Selected largest-prize regular Classic MLB draft group after excluding Turbo/Night/qualifier/satellite/showdown/snake/single-stat slates.,RP,Jacob Latz (43369194),Jacob Latz,43369194,P,7300,TEX@TOR 06/25/2026 07:07PM ET,06/25/2026 07:07PM ET,TEX,TOR,away,4.88,656641,Jacob Latz,mapped,identity_name_team_map,Stable identity seed from old DK-ID map. Pilot join status: matched via normalized_name_team
2026-06-25,2026-06-25T16:04:54.610294+00:00,2026-06-25,DraftKings official lineup CSV,https://www.draftkings.com/lineup/getavailableplayerscsv?contestTypeId=9&draftGroupId=149804,149804,9,Selected largest-prize regular Classic MLB draft group after excluding Turbo/Night/qualifier/satellite/showdown/snake/single-stat slates.,SP,Jack Leiter (43369196),Jack Leiter,43369196,P,7300,TEX@TOR 06/25/2026 07:07PM ET,06/25/2026 07:07PM ET,TEX,TOR,away,12.71,683004,Jack Leiter,mapped,identity_name_team_map,Stable identity seed from old DK-ID map. Pilot join status: matched via normalized_name_team
2026-06-25,2026-06-25T16:04:54.610294+00:00,2026-06-25,DraftKings official lineup CSV,https://www.draftkings.com/lineup/getavailableplayerscsv?contestTypeId=9&draftGroupId=149804,149804,9,Selected largest-prize regular Classic MLB draft group after excluding Turbo/Night/qualifier/satellite/showdown/snake/single-stat slates.,RP,Jason Alexander (43369191),Jason Alexander,43369191,P,7300,HOU@DET 06/25/2026 06:40PM ET,06/25/2026 06:40PM ET,HOU,DET,away,4.31,669920,Jason Alexander,mapped,identity_name_team_map,Stable identity seed from old DK-ID map. Pilot join status: matched via normalized_name_team
2026-06-25,2026-06-25T16:04:54.610294+00:00,2026-06-25,DraftKings official lineup CSV,https://www.draftkings.com/lineup/getavailableplayerscsv?contestTypeId=9&draftGroupId=149804,149804,9,Selected largest-prize regular Classic MLB draft group after excluding Turbo/Night/qualifier/satellite/showdown/snake/single-stat slates.,SP,Mike Burrows (43369192),Mike Burrows,43369192,P,7300,HOU@DET 06/25/2026 06:40PM ET,06/25/2026 06:40PM ET,HOU,DET,away,9.96,681347,Mike Burrows,mapped,identity_name_team_map,Stable identity seed from old DK-ID map. Pilot join status: matched via normalized_name_team
2026-06-25,2026-06-25T16:04:54.610294+00:00,2026-06-25,DraftKings official lineup CSV,https://www.draftkings.com/lineup/getavailableplayerscsv?contestTypeId=9&draftGroupId=149804,149804,9,Selected largest-prize regular Classic MLB draft group after excluding Turbo/Night/qualifier/satellite/showdown/snake/single-stat slates.,RP,AJ Blubaugh (43369193),AJ Blubaugh,43369193,P,7300,HOU@DET 06/25/2026 06:40PM ET,06/25/2026 06:40PM ET,HOU,DET,away,4.28,805123,AJ Blubaugh,mapped,identity_name_team_map,Stable identity seed from old DK-ID map. Pilot join status: matched via normalized_name_team
2026-06-25,2026-06-25T16:04:54.610294+00:00,2026-06-25,DraftKings official lineup CSV,https://www.draftkings.com/lineup/getavailableplayerscsv?contestTypeId=9&draftGroupId=149804,149804,9,Selected largest-prize regular Classic MLB draft group after excluding Turbo/Night/qualifier/satellite/showdown/snake/single-stat slates.,RP,Hayden Wesneski (43369195),Hayden Wesneski,43369195,P,7300,HOU@DET 06/25/2026 06:40PM ET,06/25/2026 06:40PM ET,HOU,DET,away,0,669713,Hayden Wesneski,mapped,identity_name_team_map,Stable identity seed from old DK-ID map. Pilot join status: matched_people_search_name via mlb_people_search_normalized_name
2026-06-25,2026-06-25T16:04:54.610294+00:00,2026-06-25,DraftKings official lineup CSV,https://www.draftkings.com/lineup/getavailableplayerscsv?contestTypeId=9&draftGroupId=149804,149804,9,Selected largest-prize regular Classic MLB draft group after excluding Turbo/Night/qualifier/satellite/showdown/snake/single-stat slates.,SP,Matthew Boyd (43368855),Matthew Boyd,43368855,P,7200,CHC@NYM 06/25/2026 07:10PM ET,06/25/2026 07:10PM ET,CHC,NYM,away,14.68,571510,Matthew Boyd,mapped,identity_name_team_map,Stable identity seed from old DK-ID map. Pilot join status: matched via normalized_name_team
2026-06-25,2026-06-25T16:04:54.610294+00:00,2026-06-25,DraftKings official lineup CSV,https://www.draftkings.com/lineup/getavailableplayerscsv?contestTypeId=9&draftGroupId=149804,149804,9,Selected largest-prize regular Classic MLB draft group after excluding Turbo/Night/qualifier/satellite/showdown/snake/single-stat slates.,RP,Colin Rea (43369197),Colin Rea,43369197,P,7200,CHC@NYM 06/25/2026 07:10PM ET,06/25/2026 07:10PM ET,CHC,NYM,away,9.93,607067,Colin Rea,mapped,identity_name_team_map,Stable identity seed from old DK-ID map. Pilot join status: matched via normalized_name_team
2026-06-25,2026-06-25T16:04:54.610294+00:00,2026-06-25,DraftKings official lineup CSV,https://www.draftkings.com/lineup/getavailableplayerscsv?contestTypeId=9&draftGroupId=149804,149804,9,Selected largest-prize regular Classic MLB draft group after excluding Turbo/Night/qualifier/satellite/showdown/snake/single-stat slates.,SP,Jameson Taillon (43369198),Jameson Taillon,43369198,P,7200,CHC@NYM 06/25/2026 07:10PM ET,06/25/2026 07:10PM ET,CHC,NYM,away,11.25,592791,Jameson Taillon,mapped,identity_name_team_map,Stable identity seed from old DK-ID map. Pilot join status: matched via normalized_name_team
2026-06-25,2026-06-25T16:04:54.610294+00:00,2026-06-25,DraftKings official lineup CSV,https://www.draftkings.com/lineup/getavailableplayerscsv?contestTypeId=9&draftGroupId=149804,149804,9,Selected largest-prize regular Classic MLB draft group after excluding Turbo/Night/qualifier/satellite/showdown/snake/single-stat slates.,SP,Javier Assad (43369199),Javier Assad,43369199,P,7200,CHC@NYM 06/25/2026 07:10PM ET,06/25/2026 07:10PM ET,CHC,NYM,away,9.92,665871,Javier Assad,mapped,identity_name_team_map,Stable identity seed from old DK-ID map. Pilot join status: matched via normalized_name_team
2026-06-25,2026-06-25T16:04:54.610294+00:00,2026-06-25,DraftKings official lineup CSV,https://www.draftkings.com/lineup/getavailableplayerscsv?contestTypeId=9&draftGroupId=149804,149804,9,Selected largest-prize regular Classic MLB draft group after excluding Turbo/Night/qualifier/satellite/showdown/snake/single-stat slates.,RP,Max Kranick (43369200),Max Kranick,43369200,P,7100,PHI@WSH 06/25/2026 06:45PM ET,06/25/2026 06:45PM ET,WSH,PHI,home,0,668820,Max Kranick,mapped,identity_name_team_map,Stable identity seed from old DK-ID map. Pilot join status: matched_people_search_name via mlb_people_search_normalized_name
2026-06-25,2026-06-25T16:04:54.610294+00:00,2026-06-25,DraftKings official lineup CSV,https://www.draftkings.com/lineup/getavailableplayerscsv?contestTypeId=9&draftGroupId=149804,149804,9,Selected largest-prize regular Classic MLB draft group after excluding Turbo/Night/qualifier/satellite/showdown/snake/single-stat slates.,RP,Andrew Alvarez (43369201),Andrew Alvarez,43369201,P,7100,PHI@WSH 06/25/2026 06:45PM ET,06/25/2026 06:45PM ET,WSH,PHI,home,11.15,674841,Andrew Alvarez,mapped,identity_name_team_map,Stable identity seed from old DK-ID map. Pilot join status: matched via normalized_name_team
2026-06-25,2026-06-25T16:04:54.610294+00:00,2026-06-25,DraftKings official lineup CSV,https://www.draftkings.com/lineup/getavailableplayerscsv?contestTypeId=9&draftGroupId=149804,149804,9,Selected largest-prize regular Classic MLB draft group after excluding Turbo/Night/qualifier/satellite/showdown/snake/single-stat slates.,SP,Troy Melton (43368856),Troy Melton,43368856,P,7000,HOU@DET 06/25/2026 06:40PM ET,06/25/2026 06:40PM ET,DET,HOU,home,17.61,675512,Troy Melton,mapped,identity_name_team_map,Proposed from review candidates; basis=exact normalized name + team; role-compatible; hot-dog-stand-latest.json|statcast_pitcher_2026; confidence=high; sources=hot-dog-stand-latest.json|statcast_pitcher_2026
2026-06-25,2026-06-25T16:04:54.610294+00:00,2026-06-25,DraftKings official lineup CSV,https://www.draftkings.com/lineup/getavailableplayerscsv?contestTypeId=9&draftGroupId=149804,149804,9,Selected largest-prize regular Classic MLB draft group after excluding Turbo/Night/qualifier/satellite/showdown/snake/single-stat slates.,SP,Justin Verlander (43369202),Justin Verlander,43369202,P,7000,HOU@DET 06/25/2026 06:40PM ET,06/25/2026 06:40PM ET,DET,HOU,home,-4.55,434378,Justin Verlander,mapped,identity_name_team_map,Proposed from review candidates; basis=exact normalized name + team; role-compatible; statcast_pitcher_2026; confidence=high; sources=statcast_pitcher_2026
2026-06-25,2026-06-25T16:04:54.610294+00:00,2026-06-25,DraftKings official lineup CSV,https://www.draftkings.com/lineup/getavailableplayerscsv?contestTypeId=9&draftGroupId=149804,149804,9,Selected largest-prize regular Classic MLB draft group after excluding Turbo/Night/qualifier/satellite/showdown/snake/single-stat slates.,SP,Jackson Jobe (43369203),Jackson Jobe,43369203,P,7000,HOU@DET 06/25/2026 06:40PM ET,06/25/2026 06:40PM ET,DET,HOU,home,0,,,needs_review_new_player,identity_name_team_map,No reviewed normalized-name/team identity alias; do not auto-guess.
2026-06-25,2026-06-25T16:04:54.610294+00:00,2026-06-25,DraftKings official lineup CSV,https://www.draftkings.com/lineup/getavailableplayerscsv?contestTypeId=9&draftGroupId=149804,149804,9,Selected largest-prize regular Classic MLB draft group after excluding Turbo/Night/qualifier/satellite/showdown/snake/single-stat slates.,SP,Keider Montero (43369204),Keider Montero,43369204,P,7000,HOU@DET 06/25/2026 06:40PM ET,06/25/2026 06:40PM ET,DET,HOU,home,12.25,672456,Keider Montero,mapped,identity_name_team_map,Proposed from review candidates; basis=exact normalized name + team; role-compatible; hot-dog-stand-latest.json|statcast_pitcher_2026; confidence=high; sources=hot-dog-stand-latest.json|statcast_pitcher_2026
2026-06-25,2026-06-25T16:04:54.610294+00:00,2026-06-25,DraftKings official lineup CSV,https://www.draftkings.com/lineup/getavailableplayerscsv?contestTypeId=9&draftGroupId=149804,149804,9,Selected largest-prize regular Classic MLB draft group after excluding Turbo/Night/qualifier/satellite/showdown/snake/single-stat slates.,RP,Framber Valdez (43369205),Framber Valdez,43369205,P,7000,HOU@DET 06/25/2026 06:40PM ET,06/25/2026 06:40PM ET,DET,HOU,home,13.35,664285,Framber Valdez,mapped,identity_name_team_map,Proposed from review candidates; basis=exact normalized name + team; role-compatible; hot-dog-stand-latest.json|statcast_pitcher_2026; confidence=high; sources=hot-dog-stand-latest.json|statcast_pitcher_2026
2026-06-25,2026-06-25T16:04:54.610294+00:00,2026-06-25,DraftKings official lineup CSV,https://www.draftkings.com/lineup/getavailableplayerscsv?contestTypeId=9&draftGroupId=149804,149804,9,Selected largest-prize regular Classic MLB draft group after excluding Turbo/Night/qualifier/satellite/showdown/snake/single-stat slates.,RP,Drew Anderson (43369206),Drew Anderson,43369206,P,7000,HOU@DET 06/25/2026 06:40PM ET,06/25/2026 06:40PM ET,DET,HOU,home,5.92,623454,Drew Anderson,mapped,identity_name_team_map,Proposed from review candidates; basis=exact normalized name + team; role-compatible; hot-dog-stand-latest.json|statcast_pitcher_2026; confidence=high; sources=hot-dog-stand-latest.json|statcast_pitcher_2026
2026-06-25,2026-06-25T16:04:54.610294+00:00,2026-06-25,DraftKings official lineup CSV,https://www.draftkings.com/lineup/getavailableplayerscsv?contestTypeId=9&draftGroupId=149804,149804,9,Selected largest-prize regular Classic MLB draft group after excluding Turbo/Night/qualifier/satellite/showdown/snake/single-stat slates.,SP,Jack Flaherty (43369207),Jack Flaherty,43369207,P,7000,HOU@DET 06/25/2026 06:40PM ET,06/25/2026 06:40PM ET,DET,HOU,home,11.00,656427,Jack Flaherty,mapped,identity_name_team_map,Proposed from review candidates; basis=exact normalized name + team; role-compatible; hot-dog-stand-latest.json|statcast_pitcher_2026; confidence=high; sources=hot-dog-stand-latest.json|statcast_pitcher_2026
2026-06-25,2026-06-25T16:04:54.610294+00:00,2026-06-25,DraftKings official lineup CSV,https://www.draftkings.com/lineup/getavailableplayerscsv?contestTypeId=9&draftGroupId=149804,149804,9,Selected largest-prize regular Classic MLB draft group after excluding Turbo/Night/qualifier/satellite/showdown/snake/single-stat slates.,RP,Alan Rangel (43369212),Alan Rangel,43369212,P,6500,PHI@WSH 06/25/2026 06:45PM ET,06/25/2026 06:45PM ET,PHI,WSH,away,13.3,660604,Alan Rangel,mapped,identity_name_team_map,Stable identity seed from old DK-ID map. Pilot join status: matched via normalized_name_team
2026-06-25,2026-06-25T16:04:54.610294+00:00,2026-06-25,DraftKings official lineup CSV,https://www.draftkings.com/lineup/getavailableplayerscsv?contestTypeId=9&draftGroupId=149804,149804,9,Selected largest-prize regular Classic MLB draft group after excluding Turbo/Night/qualifier/satellite/showdown/snake/single-stat slates.,RP,Seth Johnson (43369213),Seth Johnson,43369213,P,6500,PHI@WSH 06/25/2026 06:45PM ET,06/25/2026 06:45PM ET,PHI,WSH,away,2.3,686751,Seth Johnson,mapped,identity_name_team_map,Stable identity seed from old DK-ID map. Pilot join status: matched via normalized_name_team
2026-06-25,2026-06-25T16:04:54.610294+00:00,2026-06-25,DraftKings official lineup CSV,https://www.draftkings.com/lineup/getavailableplayerscsv?contestTypeId=9&draftGroupId=149804,149804,9,Selected largest-prize regular Classic MLB draft group after excluding Turbo/Night/qualifier/satellite/showdown/snake/single-stat slates.,RP,Jonathan Bowlan (43369215),Jonathan Bowlan,43369215,P,6500,PHI@WSH 06/25/2026 06:45PM ET,06/25/2026 06:45PM ET,PHI,WSH,away,3.11,680742,Jonathan Bowlan,mapped,identity_name_team_map,Stable identity seed from old DK-ID map. Pilot join status: matched via normalized_name_team
2026-06-25,2026-06-25T16:04:54.610294+00:00,2026-06-25,DraftKings official lineup CSV,https://www.draftkings.com/lineup/getavailableplayerscsv?contestTypeId=9&draftGroupId=149804,149804,9,Selected largest-prize regular Classic MLB draft group after excluding Turbo/Night/qualifier/satellite/showdown/snake/single-stat slates.,SP,Andrew Painter (43369218),Andrew Painter,43369218,P,6500,PHI@WSH 06/25/2026 06:45PM ET,06/25/2026 06:45PM ET,PHI,WSH,away,6.30,691725,Andrew Painter,mapped,identity_name_team_map,Stable identity seed from old DK-ID map. Pilot join status: matched via normalized_name_team
2026-06-25,2026-06-25T16:04:54.610294+00:00,2026-06-25,DraftKings official lineup CSV,https://www.draftkings.com/lineup/getavailableplayerscsv?contestTypeId=9&draftGroupId=149804,149804,9,Selected largest-prize regular Classic MLB draft group after excluding Turbo/Night/qualifier/satellite/showdown/snake/single-stat slates.,RP,Moises Chace (43369226),Moises Chace,43369226,P,6500,PHI@WSH 06/25/2026 06:45PM ET,06/25/2026 06:45PM ET,PHI,WSH,away,0,691330,Moisés Chace,mapped,identity_name_team_map,Stable identity seed from old DK-ID map. Pilot join status: matched_people_search_name via mlb_people_search_normalized_name
2026-06-25,2026-06-25T16:04:54.610294+00:00,2026-06-25,DraftKings official lineup CSV,https://www.draftkings.com/lineup/getavailableplayerscsv?contestTypeId=9&draftGroupId=149804,149804,9,Selected largest-prize regular Classic MLB draft group after excluding Turbo/Night/qualifier/satellite/showdown/snake/single-stat slates.,SP,Jean Cabrera (43369227),Jean Cabrera,43369227,P,6500,PHI@WSH 06/25/2026 06:45PM ET,06/25/2026 06:45PM ET,PHI,WSH,away,0,691893,Jean Cabrera,mapped,identity_name_team_map,Stable identity seed from old DK-ID map. Pilot join status: matched_people_search_name via mlb_people_search_normalized_name
2026-06-25,2026-06-25T16:04:54.610294+00:00,2026-06-25,DraftKings official lineup CSV,https://www.draftkings.com/lineup/getavailableplayerscsv?contestTypeId=9&draftGroupId=149804,149804,9,Selected largest-prize regular Classic MLB draft group after excluding Turbo/Night/qualifier/satellite/showdown/snake/single-stat slates.,SP,Lenny Torres (43369228),Lenny Torres,43369228,P,6500,PHI@WSH 06/25/2026 06:45PM ET,06/25/2026 06:45PM ET,PHI,WSH,away,0,678013,Lenny Torres Jr.,mapped,identity_name_team_map,Stable identity seed from old DK-ID map. Pilot join status: matched_people_search_name via mlb_people_search_normalized_name
2026-06-25,2026-06-25T16:04:54.610294+00:00,2026-06-25,DraftKings official lineup CSV,https://www.draftkings.com/lineup/getavailableplayerscsv?contestTypeId=9&draftGroupId=149804,149804,9,Selected largest-prize regular Classic MLB draft group after excluding Turbo/Night/qualifier/satellite/showdown/snake/single-stat slates.,SP,Alex McFarlane (43369229),Alex McFarlane,43369229,P,6500,PHI@WSH 06/25/2026 06:45PM ET,06/25/2026 06:45PM ET,PHI,WSH,away,0,686934,Alex McFarlane,mapped,identity_name_team_map,Stable identity seed from old DK-ID map. Pilot join status: matched_people_search_name via mlb_people_search_normalized_name
2026-06-25,2026-06-25T16:04:54.610294+00:00,2026-06-25,DraftKings official lineup CSV,https://www.draftkings.com/lineup/getavailableplayerscsv?contestTypeId=9&draftGroupId=149804,149804,9,Selected largest-prize regular Classic MLB draft group after excluding Turbo/Night/qualifier/satellite/showdown/snake/single-stat slates.,SP,Cody Ponce (43369210),Cody Ponce,43369210,P,6500,TEX@TOR 06/25/2026 07:07PM ET,06/25/2026 07:07PM ET,TOR,TEX,home,8.05,664074,Cody Ponce,mapped,identity_name_team_map,Stable identity seed from old DK-ID map. Pilot join status: matched via normalized_name_team
2026-06-25,2026-06-25T16:04:54.610294+00:00,2026-06-25,DraftKings official lineup CSV,https://www.draftkings.com/lineup/getavailableplayerscsv?contestTypeId=9&draftGroupId=149804,149804,9,Selected largest-prize regular Classic MLB draft group after excluding Turbo/Night/qualifier/satellite/showdown/snake/single-stat slates.,SP,Max Scherzer (43369216),Max Scherzer,43369216,P,6500,TEX@TOR 06/25/2026 07:07PM ET,06/25/2026 07:07PM ET,TOR,TEX,home,1.35,453286,Max Scherzer,mapped,identity_name_team_map,Stable identity seed from old DK-ID map. Pilot join status: matched via normalized_name_team
2026-06-25,2026-06-25T16:04:54.610294+00:00,2026-06-25,DraftKings official lineup CSV,https://www.draftkings.com/lineup/getavailableplayerscsv?contestTypeId=9&draftGroupId=149804,149804,9,Selected largest-prize regular Classic MLB draft group after excluding Turbo/Night/qualifier/satellite/showdown/snake/single-stat slates.,RP,Spencer Miles (43369224),Spencer Miles,43369224,P,6500,TEX@TOR 06/25/2026 07:07PM ET,06/25/2026 07:07PM ET,TOR,TEX,home,6.77,693686,Spencer Miles,mapped,identity_name_team_map,Stable identity seed from old DK-ID map. Pilot join status: matched via normalized_name_team
2026-06-25,2026-06-25T16:04:54.610294+00:00,2026-06-25,DraftKings official lineup CSV,https://www.draftkings.com/lineup/getavailableplayerscsv?contestTypeId=9&draftGroupId=149804,149804,9,Selected largest-prize regular Classic MLB draft group after excluding Turbo/Night/qualifier/satellite/showdown/snake/single-stat slates.,SP,Patrick Corbin (43369225),Patrick Corbin,43369225,P,6500,TEX@TOR 06/25/2026 07:07PM ET,06/25/2026 07:07PM ET,TOR,TEX,home,8.36,571578,Patrick Corbin,mapped,identity_name_team_map,Stable identity seed from old DK-ID map. Pilot join status: matched via normalized_name_team
2026-06-25,2026-06-25T16:04:54.610294+00:00,2026-06-25,DraftKings official lineup CSV,https://www.draftkings.com/lineup/getavailableplayerscsv?contestTypeId=9&draftGroupId=149804,149804,9,Selected largest-prize regular Classic MLB draft group after excluding Turbo/Night/qualifier/satellite/showdown/snake/single-stat slates.,SP,Luis Gil (43369208),Luis Gil,43369208,P,6500,NYY@BOS 06/25/2026 07:10PM ET,06/25/2026 07:10PM ET,NYY,BOS,away,5.52,,,needs_review_new_player,identity_name_team_map,No reviewed normalized-name/team identity alias; do not auto-guess.
2026-06-25,2026-06-25T16:04:54.610294+00:00,2026-06-25,DraftKings official lineup CSV,https://www.draftkings.com/lineup/getavailableplayerscsv?contestTypeId=9&draftGroupId=149804,149804,9,Selected largest-prize regular Classic MLB draft group after excluding Turbo/Night/qualifier/satellite/showdown/snake/single-stat slates.,RP,Ryan Yarbrough (43369219),Ryan Yarbrough,43369219,P,6500,NYY@BOS 06/25/2026 07:10PM ET,06/25/2026 07:10PM ET,NYY,BOS,away,3.79,,,needs_review_new_player,identity_name_team_map,No reviewed normalized-name/team identity alias; do not auto-guess.
2026-06-25,2026-06-25T16:04:54.610294+00:00,2026-06-25,DraftKings official lineup CSV,https://www.draftkings.com/lineup/getavailableplayerscsv?contestTypeId=9&draftGroupId=149804,149804,9,Selected largest-prize regular Classic MLB draft group after excluding Turbo/Night/qualifier/satellite/showdown/snake/single-stat slates.,RP,Paul Blackburn (43369220),Paul Blackburn,43369220,P,6500,NYY@BOS 06/25/2026 07:10PM ET,06/25/2026 07:10PM ET,NYY,BOS,away,3.88,,,needs_review_new_player,identity_name_team_map,No reviewed normalized-name/team identity alias; do not auto-guess.
2026-06-25,2026-06-25T16:04:54.610294+00:00,2026-06-25,DraftKings official lineup CSV,https://www.draftkings.com/lineup/getavailableplayerscsv?contestTypeId=9&draftGroupId=149804,149804,9,Selected largest-prize regular Classic MLB draft group after excluding Turbo/Night/qualifier/satellite/showdown/snake/single-stat slates.,SP,Michael McGreevy (43368857),Michael McGreevy,43368857,P,6500,ARI@STL 06/25/2026 07:45PM ET,06/25/2026 07:45PM ET,STL,ARI,home,12.39,700241,Michael McGreevy,mapped,identity_name_team_map,Stable identity seed from old DK-ID map. Pilot join status: matched via normalized_name_team
2026-06-25,2026-06-25T16:04:54.610294+00:00,2026-06-25,DraftKings official lineup CSV,https://www.draftkings.com/lineup/getavailableplayerscsv?contestTypeId=9&draftGroupId=149804,149804,9,Selected largest-prize regular Classic MLB draft group after excluding Turbo/Night/qualifier/satellite/showdown/snake/single-stat slates.,SP,Hunter Dobbins (43369217),Hunter Dobbins,43369217,P,6500,ARI@STL 06/25/2026 07:45PM ET,06/25/2026 07:45PM ET,STL,ARI,home,13.15,690928,Hunter Dobbins,mapped,identity_name_team_map,Stable identity seed from old DK-ID map. Pilot join status: matched via normalized_name_team
2026-06-25,2026-06-25T16:04:54.610294+00:00,2026-06-25,DraftKings official lineup CSV,https://www.draftkings.com/lineup/getavailableplayerscsv?contestTypeId=9&draftGroupId=149804,149804,9,Selected largest-prize regular Classic MLB draft group after excluding Turbo/Night/qualifier/satellite/showdown/snake/single-stat slates.,SP,Richard Fitts (43369221),Richard Fitts,43369221,P,6500,ARI@STL 06/25/2026 07:45PM ET,06/25/2026 07:45PM ET,STL,ARI,home,0,690916,Richard Fitts,mapped,identity_name_team_map,Stable identity seed from old DK-ID map. Pilot join status: matched_people_search_name via mlb_people_search_normalized_name
2026-06-25,2026-06-25T16:04:54.610294+00:00,2026-06-25,DraftKings official lineup CSV,https://www.draftkings.com/lineup/getavailableplayerscsv?contestTypeId=9&draftGroupId=149804,149804,9,Selected largest-prize regular Classic MLB draft group after excluding Turbo/Night/qualifier/satellite/showdown/snake/single-stat slates.,SP,Brycen Mautz (43369222),Brycen Mautz,43369222,P,6500,ARI@STL 06/25/2026 07:45PM ET,06/25/2026 07:45PM ET,STL,ARI,home,3.15,802408,Brycen Mautz,mapped,identity_name_team_map,Stable identity seed from old DK-ID map. Pilot join status: matched via normalized_name_team
2026-06-25,2026-06-25T16:04:54.610294+00:00,2026-06-25,DraftKings official lineup CSV,https://www.draftkings.com/lineup/getavailableplayerscsv?contestTypeId=9&draftGroupId=149804,149804,9,Selected largest-prize regular Classic MLB draft group after excluding Turbo/Night/qualifier/satellite/showdown/snake/single-stat slates.,RP,Matthew Liberatore (43369223),Matthew Liberatore,43369223,P,6500,ARI@STL 06/25/2026 07:45PM ET,06/25/2026 07:45PM ET,STL,ARI,home,9.81,669461,Matthew Liberatore,mapped,identity_name_team_map,Stable identity seed from old DK-ID map. Pilot join status: matched via normalized_name_team
2026-06-25,2026-06-25T16:04:54.610294+00:00,2026-06-25,DraftKings official lineup CSV,https://www.draftkings.com/lineup/getavailableplayerscsv?contestTypeId=9&draftGroupId=149804,149804,9,Selected largest-prize regular Classic MLB draft group after excluding Turbo/Night/qualifier/satellite/showdown/snake/single-stat slates.,OF,Pete Crow-Armstrong (43368861),Pete Crow-Armstrong,43368861,OF,6500,CHC@NYM 06/25/2026 07:10PM ET,06/25/2026 07:10PM ET,CHC,NYM,away,9.71,691718,Pete Crow-Armstrong,mapped,identity_name_team_map,Stable identity seed from old DK-ID map. Pilot join status: matched via normalized_name_team
2026-06-25,2026-06-25T16:04:54.610294+00:00,2026-06-25,DraftKings official lineup CSV,https://www.draftkings.com/lineup/getavailableplayerscsv?contestTypeId=9&draftGroupId=149804,149804,9,Selected largest-prize regular Classic MLB draft group after excluding Turbo/Night/qualifier/satellite/showdown/snake/single-stat slates.,SP,Zach Thornton (43369209),Zach Thornton,43369209,P,6500,CHC@NYM 06/25/2026 07:10PM ET,06/25/2026 07:10PM ET,NYM,CHC,home,4.15,804267,Zach Thornton,mapped,identity_name_team_map,Stable identity seed from old DK-ID map. Pilot join status: matched via normalized_name_team
2026-06-25,2026-06-25T16:04:54.610294+00:00,2026-06-25,DraftKings official lineup CSV,https://www.draftkings.com/lineup/getavailableplayerscsv?contestTypeId=9&draftGroupId=149804,149804,9,Selected largest-prize regular Classic MLB draft group after excluding Turbo/Night/qualifier/satellite/showdown/snake/single-stat slates.,SP,Kodai Senga (43369211),Kodai Senga,43369211,P,6500,CHC@NYM 06/25/2026 07:10PM ET,06/25/2026 07:10PM ET,NYM,CHC,home,5.04,673540,Kodai Senga,mapped,identity_name_team_map,Stable identity seed from old DK-ID map. Pilot join status: matched via normalized_name_team
2026-06-25,2026-06-25T16:04:54.610294+00:00,2026-06-25,DraftKings official lineup CSV,https://www.draftkings.com/lineup/getavailableplayerscsv?contestTypeId=9&draftGroupId=149804,149804,9,Selected largest-prize regular Classic MLB draft group after excluding Turbo/Night/qualifier/satellite/showdown/snake/single-stat slates.,SP,Sean Manaea (43369214),Sean Manaea,43369214,P,6500,CHC@NYM 06/25/2026 07:10PM ET,06/25/2026 07:10PM ET,NYM,CHC,home,8.2,640455,Sean Manaea,mapped,identity_name_team_map,Stable identity seed from old DK-ID map. Pilot join status: matched via normalized_name_team
2026-06-25,2026-06-25T16:04:54.610294+00:00,2026-06-25,DraftKings official lineup CSV,https://www.draftkings.com/lineup/getavailableplayerscsv?contestTypeId=9&draftGroupId=149804,149804,9,Selected largest-prize regular Classic MLB draft group after excluding Turbo/Night/qualifier/satellite/showdown/snake/single-stat slates.,OF,Kyle Schwarber (43368862),Kyle Schwarber,43368862,OF,6400,PHI@WSH 06/25/2026 06:45PM ET,06/25/2026 06:45PM ET,PHI,WSH,away,9.96,656941,Kyle Schwarber,mapped,identity_name_team_map,Stable identity seed from old DK-ID map. Pilot join status: matched via normalized_name_team
2026-06-25,2026-06-25T16:04:54.610294+00:00,2026-06-25,DraftKings official lineup CSV,https://www.draftkings.com/lineup/getavailableplayerscsv?contestTypeId=9&draftGroupId=149804,149804,9,Selected largest-prize regular Classic MLB draft group after excluding Turbo/Night/qualifier/satellite/showdown/snake/single-stat slates.,SP,Kumar Rocker (43369232),Kumar Rocker,43369232,P,6300,TEX@TOR 06/25/2026 07:07PM ET,06/25/2026 07:07PM ET,TEX,TOR,away,11.61,677958,Kumar Rocker,mapped,identity_name_team_map,Stable identity seed from old DK-ID map. Pilot join status: matched via normalized_name_team
2026-06-25,2026-06-25T16:04:54.610294+00:00,2026-06-25,DraftKings official lineup CSV,https://www.draftkings.com/lineup/getavailableplayerscsv?contestTypeId=9&draftGroupId=149804,149804,9,Selected largest-prize regular Classic MLB draft group after excluding Turbo/Night/qualifier/satellite/showdown/snake/single-stat slates.,SP,Tatsuya Imai (43368858),Tatsuya Imai,43368858,P,6300,HOU@DET 06/25/2026 06:40PM ET,06/25/2026 06:40PM ET,HOU,DET,away,11.04,837227,Tatsuya Imai,mapped,identity_name_team_map,Stable identity seed from old DK-ID map. Pilot join status: matched via normalized_name_team
2026-06-25,2026-06-25T16:04:54.610294+00:00,2026-06-25,DraftKings official lineup CSV,https://www.draftkings.com/lineup/getavailableplayerscsv?contestTypeId=9&draftGroupId=149804,149804,9,Selected largest-prize regular Classic MLB draft group after excluding Turbo/Night/qualifier/satellite/showdown/snake/single-stat slates.,RP,Kai-Wei Teng (43369230),Kai-Wei Teng,43369230,P,6300,HOU@DET 06/25/2026 06:40PM ET,06/25/2026 06:40PM ET,HOU,DET,away,7.79,678906,Kai-Wei Teng,mapped,identity_name_team_map,Stable identity seed from old DK-ID map. Pilot join status: matched via normalized_name_team
2026-06-25,2026-06-25T16:04:54.610294+00:00,2026-06-25,DraftKings official lineup CSV,https://www.draftkings.com/lineup/getavailableplayerscsv?contestTypeId=9&draftGroupId=149804,149804,9,Selected largest-prize regular Classic MLB draft group after excluding Turbo/Night/qualifier/satellite/showdown/snake/single-stat slates.,SP,Colton Gordon (43369231),Colton Gordon,43369231,P,6300,HOU@DET 06/25/2026 06:40PM ET,06/25/2026 06:40PM ET,HOU,DET,away,1,676467,Colton Gordon,mapped,identity_name_team_map,Stable identity seed from old DK-ID map. Pilot join status: matched via normalized_name_team
2026-06-25,2026-06-25T16:04:54.610294+00:00,2026-06-25,DraftKings official lineup CSV,https://www.draftkings.com/lineup/getavailableplayerscsv?contestTypeId=9&draftGroupId=149804,149804,9,Selected largest-prize regular Classic MLB draft group after excluding Turbo/Night/qualifier/satellite/showdown/snake/single-stat slates.,SP,Lance McCullers Jr. (43369233),Lance McCullers Jr.,43369233,P,6300,HOU@DET 06/25/2026 06:40PM ET,06/25/2026 06:40PM ET,HOU,DET,away,10.74,621121,Lance McCullers Jr.,mapped,identity_name_team_map,Stable identity seed from old DK-ID map. Pilot join status: matched via normalized_name_team
2026-06-25,2026-06-25T16:04:54.610294+00:00,2026-06-25,DraftKings official lineup CSV,https://www.draftkings.com/lineup/getavailableplayerscsv?contestTypeId=9&draftGroupId=149804,149804,9,Selected largest-prize regular Classic MLB draft group after excluding Turbo/Night/qualifier/satellite/showdown/snake/single-stat slates.,SP,Cristian Javier (43369234),Cristian Javier,43369234,P,6300,HOU@DET 06/25/2026 06:40PM ET,06/25/2026 06:40PM ET,HOU,DET,away,-3.8,664299,Cristian Javier,mapped,identity_name_team_map,Stable identity seed from old DK-ID map. Pilot join status: matched via normalized_name_team
2026-06-25,2026-06-25T16:04:54.610294+00:00,2026-06-25,DraftKings official lineup CSV,https://www.draftkings.com/lineup/getavailableplayerscsv?contestTypeId=9&draftGroupId=149804,149804,9,Selected largest-prize regular Classic MLB draft group after excluding Turbo/Night/qualifier/satellite/showdown/snake/single-stat slates.,OF,James Wood (43368863),James Wood,43368863,OF,6200,PHI@WSH 06/25/2026 06:45PM ET,06/25/2026 06:45PM ET,WSH,PHI,home,10.58,695578,James Wood,mapped,identity_name_team_map,Stable identity seed from old DK-ID map. Pilot join status: matched via normalized_name_team
2026-06-25,2026-06-25T16:04:54.610294+00:00,2026-06-25,DraftKings official lineup CSV,https://www.draftkings.com/lineup/getavailableplayerscsv?contestTypeId=9&draftGroupId=149804,149804,9,Selected largest-prize regular Classic MLB draft group after excluding Turbo/Night/qualifier/satellite/showdown/snake/single-stat slates.,SP,Jordan Wicks (43369235),Jordan Wicks,43369235,P,6200,CHC@NYM 06/25/2026 07:10PM ET,06/25/2026 07:10PM ET,CHC,NYM,away,-2.38,696136,Jordan Wicks,mapped,identity_name_team_map,Stable identity seed from old DK-ID map. Pilot join status: matched via normalized_name_team
2026-06-25,2026-06-25T16:04:54.610294+00:00,2026-06-25,DraftKings official lineup CSV,https://www.draftkings.com/lineup/getavailableplayerscsv?contestTypeId=9&draftGroupId=149804,149804,9,Selected largest-prize regular Classic MLB draft group after excluding Turbo/Night/qualifier/satellite/showdown/snake/single-stat slates.,SP,Cade Cavalli (43368859),Cade Cavalli,43368859,P,6100,PHI@WSH 06/25/2026 06:45PM ET,06/25/2026 06:45PM ET,WSH,PHI,home,13.1,676917,Cade Cavalli,mapped,identity_name_team_map,Stable identity seed from old DK-ID map. Pilot join status: matched via normalized_name_team
2026-06-25,2026-06-25T16:04:54.610294+00:00,2026-06-25,DraftKings official lineup CSV,https://www.draftkings.com/lineup/getavailableplayerscsv?contestTypeId=9&draftGroupId=149804,149804,9,Selected largest-prize regular Classic MLB draft group after excluding Turbo/Night/qualifier/satellite/showdown/snake/single-stat slates.,SP,Jake Irvin (43369236),Jake Irvin,43369236,P,6100,PHI@WSH 06/25/2026 06:45PM ET,06/25/2026 06:45PM ET,WSH,PHI,home,12.24,663623,Jake Irvin,mapped,identity_name_team_map,Stable identity seed from old DK-ID map. Pilot join status: matched via normalized_name_team
2026-06-25,2026-06-25T16:04:54.610294+00:00,2026-06-25,DraftKings official lineup CSV,https://www.draftkings.com/lineup/getavailableplayerscsv?contestTypeId=9&draftGroupId=149804,149804,9,Selected largest-prize regular Classic MLB draft group after excluding Turbo/Night/qualifier/satellite/showdown/snake/single-stat slates.,SP,Jackson Rutledge (43369237),Jackson Rutledge,43369237,P,6100,PHI@WSH 06/25/2026 06:45PM ET,06/25/2026 06:45PM ET,WSH,PHI,home,-11.8,671131,Jackson Rutledge,needs_review_team_change,identity_name_unique_mlbam,Name maps to one reviewed MLBAM identity but not this DK team; review as team-change/new alias before trusting automation.
2026-06-25,2026-06-25T16:04:54.610294+00:00,2026-06-25,DraftKings official lineup CSV,https://www.draftkings.com/lineup/getavailableplayerscsv?contestTypeId=9&draftGroupId=149804,149804,9,Selected largest-prize regular Classic MLB draft group after excluding Turbo/Night/qualifier/satellite/showdown/snake/single-stat slates.,1B,Ben Rice (43368864),Ben Rice,43368864,1B,6100,NYY@BOS 06/25/2026 07:10PM ET,06/25/2026 07:10PM ET,NYY,BOS,away,10.04,,,needs_review_new_player,identity_name_team_map,No reviewed normalized-name/team identity alias; do not auto-guess.
2026-06-25,2026-06-25T16:04:54.610294+00:00,2026-06-25,DraftKings official lineup CSV,https://www.draftkings.com/lineup/getavailableplayerscsv?contestTypeId=9&draftGroupId=149804,149804,9,Selected largest-prize regular Classic MLB draft group after excluding Turbo/Night/qualifier/satellite/showdown/snake/single-stat slates.,OF,Yordan Alvarez (43368865),Yordan Alvarez,43368865,OF,6000,HOU@DET 06/25/2026 06:40PM ET,06/25/2026 06:40PM ET,HOU,DET,away,10.37,670541,Yordan Alvarez,mapped,identity_name_team_map,Stable identity seed from old DK-ID map. Pilot join status: matched via normalized_name_team
2026-06-25,2026-06-25T16:04:54.610294+00:00,2026-06-25,DraftKings official lineup CSV,https://www.draftkings.com/lineup/getavailableplayerscsv?contestTypeId=9&draftGroupId=149804,149804,9,Selected largest-prize regular Classic MLB draft group after excluding Turbo/Night/qualifier/satellite/showdown/snake/single-stat slates.,SP,Tanner Houck (43369240),Tanner Houck,43369240,P,6000,NYY@BOS 06/25/2026 07:10PM ET,06/25/2026 07:10PM ET,BOS,NYY,home,0,,,needs_review_new_player,identity_name_team_map,No reviewed normalized-name/team identity alias; do not auto-guess.
2026-06-25,2026-06-25T16:04:54.610294+00:00,2026-06-25,DraftKings official lineup CSV,https://www.draftkings.com/lineup/getavailableplayerscsv?contestTypeId=9&draftGroupId=149804,149804,9,Selected largest-prize regular Classic MLB draft group after excluding Turbo/Night/qualifier/satellite/showdown/snake/single-stat slates.,SP,Johan Oviedo (43369241),Johan Oviedo,43369241,P,6000,NYY@BOS 06/25/2026 07:10PM ET,06/25/2026 07:10PM ET,BOS,NYY,home,1.45,,,needs_review_new_player,identity_name_team_map,No reviewed normalized-name/team identity alias; do not auto-guess.
2026-06-25,2026-06-25T16:04:54.610294+00:00,2026-06-25,DraftKings official lineup CSV,https://www.draftkings.com/lineup/getavailableplayerscsv?contestTypeId=9&draftGroupId=149804,149804,9,Selected largest-prize regular Classic MLB draft group after excluding Turbo/Night/qualifier/satellite/showdown/snake/single-stat slates.,SP,Jake Bennett (43369244),Jake Bennett,43369244,P,6000,NYY@BOS 06/25/2026 07:10PM ET,06/25/2026 07:10PM ET,BOS,NYY,home,13.48,,,needs_review_new_player,identity_name_team_map,No reviewed normalized-name/team identity alias; do not auto-guess.
2026-06-25,2026-06-25T16:04:54.610294+00:00,2026-06-25,DraftKings official lineup CSV,https://www.draftkings.com/lineup/getavailableplayerscsv?contestTypeId=9&draftGroupId=149804,149804,9,Selected largest-prize regular Classic MLB draft group after excluding Turbo/Night/qualifier/satellite/showdown/snake/single-stat slates.,SP,Patrick Sandoval (43369247),Patrick Sandoval,43369247,P,6000,NYY@BOS 06/25/2026 07:10PM ET,06/25/2026 07:10PM ET,BOS,NYY,home,0,,,needs_review_new_player,identity_name_team_map,No reviewed normalized-name/team identity alias; do not auto-guess.
2026-06-25,2026-06-25T16:04:54.610294+00:00,2026-06-25,DraftKings official lineup CSV,https://www.draftkings.com/lineup/getavailableplayerscsv?contestTypeId=9&draftGroupId=149804,149804,9,Selected largest-prize regular Classic MLB draft group after excluding Turbo/Night/qualifier/satellite/showdown/snake/single-stat slates.,SP,Kutter Crawford (43369248),Kutter Crawford,43369248,P,6000,NYY@BOS 06/25/2026 07:10PM ET,06/25/2026 07:10PM ET,BOS,NYY,home,0,,,needs_review_new_player,identity_name_team_map,No reviewed normalized-name/team identity alias; do not auto-guess.
2026-06-25,2026-06-25T16:04:54.610294+00:00,2026-06-25,DraftKings official lineup CSV,https://www.draftkings.com/lineup/getavailableplayerscsv?contestTypeId=9&draftGroupId=149804,149804,9,Selected largest-prize regular Classic MLB draft group after excluding Turbo/Night/qualifier/satellite/showdown/snake/single-stat slates.,SP,Zac Gallen (43368860),Zac Gallen,43368860,P,6000,ARI@STL 06/25/2026 07:45PM ET,06/25/2026 07:45PM ET,ARI,STL,away,6.72,,,needs_review_new_player,identity_name_team_map,No reviewed normalized-name/team identity alias; do not auto-guess.
2026-06-25,2026-06-25T16:04:54.610294+00:00,2026-06-25,DraftKings official lineup CSV,https://www.draftkings.com/lineup/getavailableplayerscsv?contestTypeId=9&draftGroupId=149804,149804,9,Selected largest-prize regular Classic MLB draft group after excluding Turbo/Night/qualifier/satellite/showdown/snake/single-stat slates.,RP,Thomas Hatch (43369238),Thomas Hatch,43369238,P,6000,ARI@STL 06/25/2026 07:45PM ET,06/25/2026 07:45PM ET,ARI,STL,away,0,,,needs_review_new_player,identity_name_team_map,No reviewed normalized-name/team identity alias; do not auto-guess.
2026-06-25,2026-06-25T16:04:54.610294+00:00,2026-06-25,DraftKings official lineup CSV,https://www.draftkings.com/lineup/getavailableplayerscsv?contestTypeId=9&draftGroupId=149804,149804,9,Selected largest-prize regular Classic MLB draft group after excluding Turbo/Night/qualifier/satellite/showdown/snake/single-stat slates.,SP,Merrill Kelly (43369239),Merrill Kelly,43369239,P,6000,ARI@STL 06/25/2026 07:45PM ET,06/25/2026 07:45PM ET,ARI,STL,away,8.81,,,needs_review_new_player,identity_name_team_map,No reviewed normalized-name/team identity alias; do not auto-guess.
2026-06-25,2026-06-25T16:04:54.610294+00:00,2026-06-25,DraftKings official lineup CSV,https://www.draftkings.com/lineup/getavailableplayerscsv?contestTypeId=9&draftGroupId=149804,149804,9,Selected largest-prize regular Classic MLB draft group after excluding Turbo/Night/qualifier/satellite/showdown/snake/single-stat slates.,SP,Ryne Nelson (43369242),Ryne Nelson,43369242,P,6000,ARI@STL 06/25/2026 07:45PM ET,06/25/2026 07:45PM ET,ARI,STL,away,11.11,,,needs_review_new_player,identity_name_team_map,No reviewed normalized-name/team identity alias; do not auto-guess.
2026-06-25,2026-06-25T16:04:54.610294+00:00,2026-06-25,DraftKings official lineup CSV,https://www.draftkings.com/lineup/getavailableplayerscsv?contestTypeId=9&draftGroupId=149804,149804,9,Selected largest-prize regular Classic MLB draft group after excluding Turbo/Night/qualifier/satellite/showdown/snake/single-stat slates.,SP,Brandon Pfaadt (43369243),Brandon Pfaadt,43369243,P,6000,ARI@STL 06/25/2026 07:45PM ET,06/25/2026 07:45PM ET,ARI,STL,away,4.42,,,needs_review_new_player,identity_name_team_map,No reviewed normalized-name/team identity alias; do not auto-guess.
2026-06-25,2026-06-25T16:04:54.610294+00:00,2026-06-25,DraftKings official lineup CSV,https://www.draftkings.com/lineup/getavailableplayerscsv?contestTypeId=9&draftGroupId=149804,149804,9,Selected largest-prize regular Classic MLB draft group after excluding Turbo/Night/qualifier/satellite/showdown/snake/single-stat slates.,SP,Mitch Bratt (43369245),Mitch Bratt,43369245,P,6000,ARI@STL 06/25/2026 07:45PM ET,06/25/2026 07:45PM ET,ARI,STL,away,8.35,,,needs_review_new_player,identity_name_team_map,No reviewed normalized-name/team identity alias; do not auto-guess.
2026-06-25,2026-06-25T16:04:54.610294+00:00,2026-06-25,DraftKings official lineup CSV,https://www.draftkings.com/lineup/getavailableplayerscsv?contestTypeId=9&draftGroupId=149804,149804,9,Selected largest-prize regular Classic MLB draft group after excluding Turbo/Night/qualifier/satellite/showdown/snake/single-stat slates.,RP,Kohl Drake (43369246),Kohl Drake,43369246,P,6000,ARI@STL 06/25/2026 07:45PM ET,06/25/2026 07:45PM ET,ARI,STL,away,0,,,needs_review_new_player,identity_name_team_map,No reviewed normalized-name/team identity alias; do not auto-guess.
2026-06-25,2026-06-25T16:04:54.610294+00:00,2026-06-25,DraftKings official lineup CSV,https://www.draftkings.com/lineup/getavailableplayerscsv?contestTypeId=9&draftGroupId=149804,149804,9,Selected largest-prize regular Classic MLB draft group after excluding Turbo/Night/qualifier/satellite/showdown/snake/single-stat slates.,1B,Bryce Harper (43368866),Bryce Harper,43368866,1B,5900,PHI@WSH 06/25/2026 06:45PM ET,06/25/2026 06:45PM ET,PHI,WSH,away,8.65,547180,Bryce Harper,mapped,identity_name_team_map,Stable identity seed from old DK-ID map. Pilot join status: matched via normalized_name_team
2026-06-25,2026-06-25T16:04:54.610294+00:00,2026-06-25,DraftKings official lineup CSV,https://www.draftkings.com/lineup/getavailableplayerscsv?contestTypeId=9&draftGroupId=149804,149804,9,Selected largest-prize regular Classic MLB draft group after excluding Turbo/Night/qualifier/satellite/showdown/snake/single-stat slates.,SP,Emiliano Teodo (43369249),Emiliano Teodo,43369249,P,5800,TEX@TOR 06/25/2026 07:07PM ET,06/25/2026 07:07PM ET,TEX,TOR,away,0,693713,Emiliano Teodo,mapped,identity_name_team_map,Stable identity seed from old DK-ID map. Pilot join status: matched_people_search_name via mlb_people_search_normalized_name
2026-06-25,2026-06-25T16:04:54.610294+00:00,2026-06-25,DraftKings official lineup CSV,https://www.draftkings.com/lineup/getavailableplayerscsv?contestTypeId=9&draftGroupId=149804,149804,9,Selected largest-prize regular Classic MLB draft group after excluding Turbo/Night/qualifier/satellite/showdown/snake/single-stat slates.,SP,David Davalillo (43369250),David Davalillo,43369250,P,5800,TEX@TOR 06/25/2026 07:07PM ET,06/25/2026 07:07PM ET,TEX,TOR,away,0,699314,David Davalillo,mapped,identity_name_team_map,Stable identity seed from old DK-ID map. Pilot join status: matched_people_search_name via mlb_people_search_normalized_name
2026-06-25,2026-06-25T16:04:54.610294+00:00,2026-06-25,DraftKings official lineup CSV,https://www.draftkings.com/lineup/getavailableplayerscsv?contestTypeId=9&draftGroupId=149804,149804,9,Selected largest-prize regular Classic MLB draft group after excluding Turbo/Night/qualifier/satellite/showdown/snake/single-stat slates.,SP,Leandro Lopez (43369251),Leandro Lopez,43369251,P,5800,TEX@TOR 06/25/2026 07:07PM ET,06/25/2026 07:07PM ET,TEX,TOR,away,0,699214,Leandro Lopez,mapped,identity_name_team_map,Stable identity seed from old DK-ID map. Pilot join status: matched_people_search_name via mlb_people_search_normalized_name
2026-06-25,2026-06-25T16:04:54.610294+00:00,2026-06-25,DraftKings official lineup CSV,https://www.draftkings.com/lineup/getavailableplayerscsv?contestTypeId=9&draftGroupId=149804,149804,9,Selected largest-prize regular Classic MLB draft group after excluding Turbo/Night/qualifier/satellite/showdown/snake/single-stat slates.,SP,Jordan Montgomery (43369252),Jordan Montgomery,43369252,P,5800,TEX@TOR 06/25/2026 07:07PM ET,06/25/2026 07:07PM ET,TEX,TOR,away,0,656756,Jordan Montgomery,mapped,identity_name_team_map,Stable identity seed from old DK-ID map. Pilot join status: matched_people_search_name via mlb_people_search_normalized_name
2026-06-25,2026-06-25T16:04:54.610294+00:00,2026-06-25,DraftKings official lineup CSV,https://www.draftkings.com/lineup/getavailableplayerscsv?contestTypeId=9&draftGroupId=149804,149804,9,Selected largest-prize regular Classic MLB draft group after excluding Turbo/Night/qualifier/satellite/showdown/snake/single-stat slates.,RP,Cody Bradford (43369253),Cody Bradford,43369253,P,5800,TEX@TOR 06/25/2026 07:07PM ET,06/25/2026 07:07PM ET,TEX,TOR,away,0,674003,Cody Bradford,mapped,identity_name_team_map,Stable identity seed from old DK-ID map. Pilot join status: matched_people_search_name via mlb_people_search_normalized_name
2026-06-25,2026-06-25T16:04:54.610294+00:00,2026-06-25,DraftKings official lineup CSV,https://www.draftkings.com/lineup/getavailableplayerscsv?contestTypeId=9&draftGroupId=149804,149804,9,Selected largest-prize regular Classic MLB draft group after excluding Turbo/Night/qualifier/satellite/showdown/snake/single-stat slates.,SP,Winston Santos (43369254),Winston Santos,43369254,P,5800,TEX@TOR 06/25/2026 07:07PM ET,06/25/2026 07:07PM ET,TEX,TOR,away,0,692437,Winston Santos,mapped,identity_name_team_map,Stable identity seed from old DK-ID map. Pilot join status: matched_people_search_name via mlb_people_search_normalized_name
2026-06-25,2026-06-25T16:04:54.610294+00:00,2026-06-25,DraftKings official lineup CSV,https://www.draftkings.com/lineup/getavailableplayerscsv?contestTypeId=9&draftGroupId=149804,149804,9,Selected largest-prize regular Classic MLB draft group after excluding Turbo/Night/qualifier/satellite/showdown/snake/single-stat slates.,RP,Cal Quantrill (43369255),Cal Quantrill,43369255,P,5800,TEX@TOR 06/25/2026 07:07PM ET,06/25/2026 07:07PM ET,TEX,TOR,away,4.38,615698,Cal Quantrill,mapped,identity_name_team_map,Stable identity seed from old DK-ID map. Pilot join status: matched via normalized_name_team
2026-06-25,2026-06-25T16:04:54.610294+00:00,2026-06-25,DraftKings official lineup CSV,https://www.draftkings.com/lineup/getavailableplayerscsv?contestTypeId=9&draftGroupId=149804,149804,9,Selected largest-prize regular Classic MLB draft group after excluding Turbo/Night/qualifier/satellite/showdown/snake/single-stat slates.,SP,Jose Corniell (43369256),Jose Corniell,43369256,P,5800,TEX@TOR 06/25/2026 07:07PM ET,06/25/2026 07:07PM ET,TEX,TOR,away,-1.9,692030,Jose Corniell,mapped,identity_name_team_map,Stable identity seed from old DK-ID map. Pilot join status: matched_people_search_name via mlb_people_search_normalized_name
2026-06-25,2026-06-25T16:04:54.610294+00:00,2026-06-25,DraftKings official lineup CSV,https://www.draftkings.com/lineup/getavailableplayerscsv?contestTypeId=9&draftGroupId=149804,149804,9,Selected largest-prize regular Classic MLB draft group after excluding Turbo/Night/qualifier/satellite/showdown/snake/single-stat slates.,OF,Juan Soto (43368867),Juan Soto,43368867,OF,5800,CHC@NYM 06/25/2026 07:10PM ET,06/25/2026 07:10PM ET,NYM,CHC,home,9.61,665742,Juan Soto,mapped,identity_name_team_map,Stable identity seed from old DK-ID map. Pilot join status: matched via normalized_name_team
2026-06-25,2026-06-25T16:04:54.610294+00:00,2026-06-25,DraftKings official lineup CSV,https://www.draftkings.com/lineup/getavailableplayerscsv?contestTypeId=9&draftGroupId=149804,149804,9,Selected largest-prize regular Classic MLB draft group after excluding Turbo/Night/qualifier/satellite/showdown/snake/single-stat slates.,SS,CJ Abrams (43368868),CJ Abrams,43368868,SS,5700,PHI@WSH 06/25/2026 06:45PM ET,06/25/2026 06:45PM ET,WSH,PHI,home,9.82,682928,CJ Abrams,mapped,identity_name_team_map,Stable identity seed from old DK-ID map. Pilot join status: matched via normalized_name_team
2026-06-25,2026-06-25T16:04:54.610294+00:00,2026-06-25,DraftKings official lineup CSV,https://www.draftkings.com/lineup/getavailableplayerscsv?contestTypeId=9&draftGroupId=149804,149804,9,Selected largest-prize regular Classic MLB draft group after excluding Turbo/Night/qualifier/satellite/showdown/snake/single-stat slates.,SP,Miles Mikolas (43369257),Miles Mikolas,43369257,P,5600,PHI@WSH 06/25/2026 06:45PM ET,06/25/2026 06:45PM ET,WSH,PHI,home,7.33,571945,Miles Mikolas,mapped,identity_name_team_map,Stable identity seed from old DK-ID map. Pilot join status: matched via normalized_name_team
2026-06-25,2026-06-25T16:04:54.610294+00:00,2026-06-25,DraftKings official lineup CSV,https://www.draftkings.com/lineup/getavailableplayerscsv?contestTypeId=9&draftGroupId=149804,149804,9,Selected largest-prize regular Classic MLB draft group after excluding Turbo/Night/qualifier/satellite/showdown/snake/single-stat slates.,SP,Mitchell Parker (43369258),Mitchell Parker,43369258,P,5600,PHI@WSH 06/25/2026 06:45PM ET,06/25/2026 06:45PM ET,WSH,PHI,home,3.95,680730,Mitchell Parker,mapped,identity_name_team_map,Stable identity seed from old DK-ID map. Pilot join status: matched via normalized_name_team
2026-06-25,2026-06-25T16:04:54.610294+00:00,2026-06-25,DraftKings official lineup CSV,https://www.draftkings.com/lineup/getavailableplayerscsv?contestTypeId=9&draftGroupId=149804,149804,9,Selected largest-prize regular Classic MLB draft group after excluding Turbo/Night/qualifier/satellite/showdown/snake/single-stat slates.,RP,Zack Littell (43369259),Zack Littell,43369259,P,5600,PHI@WSH 06/25/2026 06:45PM ET,06/25/2026 06:45PM ET,WSH,PHI,home,8.23,641793,Zack Littell,mapped,identity_name_team_map,Stable identity seed from old DK-ID map. Pilot join status: matched via normalized_name_team
2026-06-25,2026-06-25T16:04:54.610294+00:00,2026-06-25,DraftKings official lineup CSV,https://www.draftkings.com/lineup/getavailableplayerscsv?contestTypeId=9&draftGroupId=149804,149804,9,Selected largest-prize regular Classic MLB draft group after excluding Turbo/Night/qualifier/satellite/showdown/snake/single-stat slates.,RP,Brad Lord (43369260),Brad Lord,43369260,P,5600,PHI@WSH 06/25/2026 06:45PM ET,06/25/2026 06:45PM ET,WSH,PHI,home,6.38,695418,Brad Lord,mapped,identity_name_team_map,Stable identity seed from old DK-ID map. Pilot join status: matched via normalized_name_team
2026-06-25,2026-06-25T16:04:54.610294+00:00,2026-06-25,DraftKings official lineup CSV,https://www.draftkings.com/lineup/getavailableplayerscsv?contestTypeId=9&draftGroupId=149804,149804,9,Selected largest-prize regular Classic MLB draft group after excluding Turbo/Night/qualifier/satellite/showdown/snake/single-stat slates.,SP,Trevor Williams (43369261),Trevor Williams,43369261,P,5600,PHI@WSH 06/25/2026 06:45PM ET,06/25/2026 06:45PM ET,WSH,PHI,home,0,592866,Trevor Williams,mapped,identity_name_team_map,Stable identity seed from old DK-ID map. Pilot join status: matched_people_search_name via mlb_people_search_normalized_name
2026-06-25,2026-06-25T16:04:54.610294+00:00,2026-06-25,DraftKings official lineup CSV,https://www.draftkings.com/lineup/getavailableplayerscsv?contestTypeId=9&draftGroupId=149804,149804,9,Selected largest-prize regular Classic MLB draft group after excluding Turbo/Night/qualifier/satellite/showdown/snake/single-stat slates.,RP,Carson Palmquist (43369262),Carson Palmquist,43369262,P,5600,PHI@WSH 06/25/2026 06:45PM ET,06/25/2026 06:45PM ET,WSH,PHI,home,9.7,687223,Carson Palmquist,mapped,identity_name_team_map,Stable identity seed from old DK-ID map. Pilot join status: matched_people_search_name via mlb_people_search_normalized_name
2026-06-25,2026-06-25T16:04:54.610294+00:00,2026-06-25,DraftKings official lineup CSV,https://www.draftkings.com/lineup/getavailableplayerscsv?contestTypeId=9&draftGroupId=149804,149804,9,Selected largest-prize regular Classic MLB draft group after excluding Turbo/Night/qualifier/satellite/showdown/snake/single-stat slates.,C,Dillon Dingler (43368869),Dillon Dingler,43368869,C,5600,HOU@DET 06/25/2026 06:40PM ET,06/25/2026 06:40PM ET,DET,HOU,home,8.70,693307,Dillon Dingler,mapped,identity_name_team_map,Proposed from review candidates; basis=exact normalized name + team; role-compatible; hr-distance-latest.json|statcast_batter_des_2026; confidence=high; sources=hr-distance-latest.json|statcast_batter_des_2026
2026-06-25,2026-06-25T16:04:54.610294+00:00,2026-06-25,DraftKings official lineup CSV,https://www.draftkings.com/lineup/getavailableplayerscsv?contestTypeId=9&draftGroupId=149804,149804,9,Selected largest-prize regular Classic MLB draft group after excluding Turbo/Night/qualifier/satellite/showdown/snake/single-stat slates.,SP,Adam Macko (43369268),Adam Macko,43369268,P,5500,TEX@TOR 06/25/2026 07:07PM ET,06/25/2026 07:07PM ET,TOR,TEX,home,3.88,671936,Adam Macko,mapped,identity_name_team_map,Stable identity seed from old DK-ID map. Pilot join status: matched via normalized_name_team
2026-06-25,2026-06-25T16:04:54.610294+00:00,2026-06-25,DraftKings official lineup CSV,https://www.draftkings.com/lineup/getavailableplayerscsv?contestTypeId=9&draftGroupId=149804,149804,9,Selected largest-prize regular Classic MLB draft group after excluding Turbo/Night/qualifier/satellite/showdown/snake/single-stat slates.,RP,Mason Fluharty (43369269),Mason Fluharty,43369269,P,5500,TEX@TOR 06/25/2026 07:07PM ET,06/25/2026 07:07PM ET,TOR,TEX,home,2.43,689254,Mason Fluharty,mapped,identity_name_team_map,Stable identity seed from old DK-ID map. Pilot join status: matched via normalized_name_team
2026-06-25,2026-06-25T16:04:54.610294+00:00,2026-06-25,DraftKings official lineup CSV,https://www.draftkings.com/lineup/getavailableplayerscsv?contestTypeId=9&draftGroupId=149804,149804,9,Selected largest-prize regular Classic MLB draft group after excluding Turbo/Night/qualifier/satellite/showdown/snake/single-stat slates.,RP,Simeon Woods Richardson (43369271),Simeon Woods Richardson,43369271,P,5500,TEX@TOR 06/25/2026 07:07PM ET,06/25/2026 07:07PM ET,TOR,TEX,home,3.26,680573,Simeon Woods Richardson,mapped,identity_name_team_map,Stable identity seed from old DK-ID map. Pilot join status: matched via normalized_name_team
2026-06-25,2026-06-25T16:04:54.610294+00:00,2026-06-25,DraftKings official lineup CSV,https://www.draftkings.com/lineup/getavailableplayerscsv?contestTypeId=9&draftGroupId=149804,149804,9,Selected largest-prize regular Classic MLB draft group after excluding Turbo/Night/qualifier/satellite/showdown/snake/single-stat slates.,RP,Bowden Francis (43369272),Bowden Francis,43369272,P,5500,TEX@TOR 06/25/2026 07:07PM ET,06/25/2026 07:07PM ET,TOR,TEX,home,0,670102,Bowden Francis,mapped,identity_name_team_map,Stable identity seed from old DK-ID map. Pilot join status: matched_people_search_name via mlb_people_search_normalized_name
2026-06-25,2026-06-25T16:04:54.610294+00:00,2026-06-25,DraftKings official lineup CSV,https://www.draftkings.com/lineup/getavailableplayerscsv?contestTypeId=9&draftGroupId=149804,149804,9,Selected largest-prize regular Classic MLB draft group after excluding Turbo/Night/qualifier/satellite/showdown/snake/single-stat slates.,RP,Ty Madden (43369263),Ty Madden,43369263,P,5500,HOU@DET 06/25/2026 06:40PM ET,06/25/2026 06:40PM ET,DET,HOU,home,9.11,680744,Ty Madden,mapped,identity_name_team_map,Proposed from review candidates; basis=exact normalized name + team; role-compatible; statcast_pitcher_2026; confidence=high; sources=statcast_pitcher_2026
2026-06-25,2026-06-25T16:04:54.610294+00:00,2026-06-25,DraftKings official lineup CSV,https://www.draftkings.com/lineup/getavailableplayerscsv?contestTypeId=9&draftGroupId=149804,149804,9,Selected largest-prize regular Classic MLB draft group after excluding Turbo/Night/qualifier/satellite/showdown/snake/single-stat slates.,RP,Sawyer Gipson-Long (43369264),Sawyer Gipson-Long,43369264,P,5500,HOU@DET 06/25/2026 06:40PM ET,06/25/2026 06:40PM ET,DET,HOU,home,0,,,needs_review_new_player,identity_name_team_map,No reviewed normalized-name/team identity alias; do not auto-guess.
2026-06-25,2026-06-25T16:04:54.610294+00:00,2026-06-25,DraftKings official lineup CSV,https://www.draftkings.com/lineup/getavailableplayerscsv?contestTypeId=9&draftGroupId=149804,149804,9,Selected largest-prize regular Classic MLB draft group after excluding Turbo/Night/qualifier/satellite/showdown/snake/single-stat slates.,OF,Aaron Judge (43369036),Aaron Judge,43369036,OF,5500,NYY@BOS 06/25/2026 07:10PM ET,06/25/2026 07:10PM ET,NYY,BOS,away,9.71,,,needs_review_new_player,identity_name_team_map,No reviewed normalized-name/team identity alias; do not auto-guess.
2026-06-25,2026-06-25T16:04:54.610294+00:00,2026-06-25,DraftKings official lineup CSV,https://www.draftkings.com/lineup/getavailableplayerscsv?contestTypeId=9&draftGroupId=149804,149804,9,Selected largest-prize regular Classic MLB draft group after excluding Turbo/Night/qualifier/satellite/showdown/snake/single-stat slates.,OF,Corbin Carroll (43368870),Corbin Carroll,43368870,OF,5500,ARI@STL 06/25/2026 07:45PM ET,06/25/2026 07:45PM ET,ARI,STL,away,9.29,,,needs_review_new_player,identity_name_team_map,No reviewed normalized-name/team identity alias; do not auto-guess.
2026-06-25,2026-06-25T16:04:54.610294+00:00,2026-06-25,DraftKings official lineup CSV,https://www.draftkings.com/lineup/getavailableplayerscsv?contestTypeId=9&draftGroupId=149804,149804,9,Selected largest-prize regular Classic MLB draft group after excluding Turbo/Night/qualifier/satellite/showdown/snake/single-stat slates.,SP,Tekoah Roby (43369273),Tekoah Roby,43369273,P,5500,ARI@STL 06/25/2026 07:45PM ET,06/25/2026 07:45PM ET,STL,ARI,home,0,694358,Tekoah Roby,mapped,identity_name_team_map,Stable identity seed from old DK-ID map. Pilot join status: matched_people_search_name via mlb_people_search_normalized_name
2026-06-25,2026-06-25T16:04:54.610294+00:00,2026-06-25,DraftKings official lineup CSV,https://www.draftkings.com/lineup/getavailableplayerscsv?contestTypeId=9&draftGroupId=149804,149804,9,Selected largest-prize regular Classic MLB draft group after excluding Turbo/Night/qualifier/satellite/showdown/snake/single-stat slates.,SP,Tink Hence (43369274),Tink Hence,43369274,P,5500,ARI@STL 06/25/2026 07:45PM ET,06/25/2026 07:45PM ET,STL,ARI,home,0,693311,Tink Hence,mapped,identity_name_team_map,Stable identity seed from old DK-ID map. Pilot join status: matched_people_search_name via mlb_people_search_normalized_name
2026-06-25,2026-06-25T16:04:54.610294+00:00,2026-06-25,DraftKings official lineup CSV,https://www.draftkings.com/lineup/getavailableplayerscsv?contestTypeId=9&draftGroupId=149804,149804,9,Selected largest-prize regular Classic MLB draft group after excluding Turbo/Night/qualifier/satellite/showdown/snake/single-stat slates.,RP,Justin Hagenman (43369265),Justin Hagenman,43369265,P,5500,CHC@NYM 06/25/2026 07:10PM ET,06/25/2026 07:10PM ET,NYM,CHC,home,0,663795,Justin Hagenman,mapped,identity_name_team_map,Stable identity seed from old DK-ID map. Pilot join status: matched_people_search_name via mlb_people_search_normalized_name
2026-06-25,2026-06-25T16:04:54.610294+00:00,2026-06-25,DraftKings official lineup CSV,https://www.draftkings.com/lineup/getavailableplayerscsv?contestTypeId=9&draftGroupId=149804,149804,9,Selected largest-prize regular Classic MLB draft group after excluding Turbo/Night/qualifier/satellite/showdown/snake/single-stat slates.,SP,David Peterson (43369266),David Peterson,43369266,P,5500,CHC@NYM 06/25/2026 07:10PM ET,06/25/2026 07:10PM ET,NYM,CHC,home,8.12,656849,David Peterson,mapped,identity_name_team_map,Stable identity seed from old DK-ID map. Pilot join status: matched via normalized_name_team
2026-06-25,2026-06-25T16:04:54.610294+00:00,2026-06-25,DraftKings official lineup CSV,https://www.draftkings.com/lineup/getavailableplayerscsv?contestTypeId=9&draftGroupId=149804,149804,9,Selected largest-prize regular Classic MLB draft group after excluding Turbo/Night/qualifier/satellite/showdown/snake/single-stat slates.,SP,Tobias Myers (43369267),Tobias Myers,43369267,P,5500,CHC@NYM 06/25/2026 07:10PM ET,06/25/2026 07:10PM ET,NYM,CHC,home,2.72,668964,Tobias Myers,mapped,identity_name_team_map,Stable identity seed from old DK-ID map. Pilot join status: matched via normalized_name_team
2026-06-25,2026-06-25T16:04:54.610294+00:00,2026-06-25,DraftKings official lineup CSV,https://www.draftkings.com/lineup/getavailableplayerscsv?contestTypeId=9&draftGroupId=149804,149804,9,Selected largest-prize regular Classic MLB draft group after excluding Turbo/Night/qualifier/satellite/showdown/snake/single-stat slates.,SP,Jonah Tong (43369270),Jonah Tong,43369270,P,5500,CHC@NYM 06/25/2026 07:10PM ET,06/25/2026 07:10PM ET,NYM,CHC,home,7.83,804636,Jonah Tong,mapped,identity_name_team_map,Stable identity seed from old DK-ID map. Pilot join status: matched via normalized_name_team
2026-06-25,2026-06-25T16:04:54.610294+00:00,2026-06-25,DraftKings official lineup CSV,https://www.draftkings.com/lineup/getavailableplayerscsv?contestTypeId=9&draftGroupId=149804,149804,9,Selected largest-prize regular Classic MLB draft group after excluding Turbo/Night/qualifier/satellite/showdown/snake/single-stat slates.,SS,Trea Turner (43368871),Trea Turner,43368871,SS,5400,PHI@WSH 06/25/2026 06:45PM ET,06/25/2026 06:45PM ET,PHI,WSH,away,7.17,607208,Trea Turner,mapped,identity_name_team_map,Stable identity seed from old DK-ID map. Pilot join status: matched via normalized_name_team
2026-06-25,2026-06-25T16:04:54.610294+00:00,2026-06-25,DraftKings official lineup CSV,https://www.draftkings.com/lineup/getavailableplayerscsv?contestTypeId=9&draftGroupId=149804,149804,9,Selected largest-prize regular Classic MLB draft group after excluding Turbo/Night/qualifier/satellite/showdown/snake/single-stat slates.,OF,Jordan Walker (43368872),Jordan Walker,43368872,OF,5300,ARI@STL 06/25/2026 07:45PM ET,06/25/2026 07:45PM ET,STL,ARI,home,9.48,691023,Jordan Walker,mapped,identity_name_team_map,Stable identity seed from old DK-ID map. Pilot join status: matched via normalized_name_team
2026-06-25,2026-06-25T16:04:54.610294+00:00,2026-06-25,DraftKings official lineup CSV,https://www.draftkings.com/lineup/getavailableplayerscsv?contestTypeId=9&draftGroupId=149804,149804,9,Selected largest-prize regular Classic MLB draft group after excluding Turbo/Night/qualifier/satellite/showdown/snake/single-stat slates.,3B,Curtis Mead (43368873),Curtis Mead,43368873,3B,5200,PHI@WSH 06/25/2026 06:45PM ET,06/25/2026 06:45PM ET,WSH,PHI,home,7.22,678554,Curtis Mead,mapped,identity_name_team_map,Stable identity seed from old DK-ID map. Pilot join status: matched via normalized_name_team
2026-06-25,2026-06-25T16:04:54.610294+00:00,2026-06-25,DraftKings official lineup CSV,https://www.draftkings.com/lineup/getavailableplayerscsv?contestTypeId=9&draftGroupId=149804,149804,9,Selected largest-prize regular Classic MLB draft group after excluding Turbo/Night/qualifier/satellite/showdown/snake/single-stat slates.,OF,Cody Bellinger (43368874),Cody Bellinger,43368874,OF,5100,NYY@BOS 06/25/2026 07:10PM ET,06/25/2026 07:10PM ET,NYY,BOS,away,8.83,,,needs_review_new_player,identity_name_team_map,No reviewed normalized-name/team identity alias; do not auto-guess.
2026-06-25,2026-06-25T16:04:54.610294+00:00,2026-06-25,DraftKings official lineup CSV,https://www.draftkings.com/lineup/getavailableplayerscsv?contestTypeId=9&draftGroupId=149804,149804,9,Selected largest-prize regular Classic MLB draft group after excluding Turbo/Night/qualifier/satellite/showdown/snake/single-stat slates.,SP,Josiah Gray (43369276),Josiah Gray,43369276,P,5000,PHI@WSH 06/25/2026 06:45PM ET,06/25/2026 06:45PM ET,WSH,PHI,home,0,680686,Josiah Gray,mapped,identity_name_team_map,Stable identity seed from old DK-ID map. Pilot join status: matched_people_search_name via mlb_people_search_normalized_name
2026-06-25,2026-06-25T16:04:54.610294+00:00,2026-06-25,DraftKings official lineup CSV,https://www.draftkings.com/lineup/getavailableplayerscsv?contestTypeId=9&draftGroupId=149804,149804,9,Selected largest-prize regular Classic MLB draft group after excluding Turbo/Night/qualifier/satellite/showdown/snake/single-stat slates.,SP,Luis Perales (43369277),Luis Perales,43369277,P,5000,PHI@WSH 06/25/2026 06:45PM ET,06/25/2026 06:45PM ET,WSH,PHI,home,0,691384,Luis Perales,mapped,identity_name_team_map,Stable identity seed from old DK-ID map. Pilot join status: matched_people_search_name via mlb_people_search_normalized_name
2026-06-25,2026-06-25T16:04:54.610294+00:00,2026-06-25,DraftKings official lineup CSV,https://www.draftkings.com/lineup/getavailableplayerscsv?contestTypeId=9&draftGroupId=149804,149804,9,Selected largest-prize regular Classic MLB draft group after excluding Turbo/Night/qualifier/satellite/showdown/snake/single-stat slates.,SP,DJ Herz (43369278),DJ Herz,43369278,P,5000,PHI@WSH 06/25/2026 06:45PM ET,06/25/2026 06:45PM ET,WSH,PHI,home,0,687792,DJ Herz,mapped,identity_name_team_map,Stable identity seed from old DK-ID map. Pilot join status: matched_people_search_name via mlb_people_search_normalized_name
2026-06-25,2026-06-25T16:04:54.610294+00:00,2026-06-25,DraftKings official lineup CSV,https://www.draftkings.com/lineup/getavailableplayerscsv?contestTypeId=9&draftGroupId=149804,149804,9,Selected largest-prize regular Classic MLB draft group after excluding Turbo/Night/qualifier/satellite/showdown/snake/single-stat slates.,SP,Brayan Bello (43369275),Brayan Bello,43369275,P,5000,NYY@BOS 06/25/2026 07:10PM ET,06/25/2026 07:10PM ET,BOS,NYY,home,7.12,,,needs_review_new_player,identity_name_team_map,No reviewed normalized-name/team identity alias; do not auto-guess.
2026-06-25,2026-06-25T16:04:54.610294+00:00,2026-06-25,DraftKings official lineup CSV,https://www.draftkings.com/lineup/getavailableplayerscsv?contestTypeId=9&draftGroupId=149804,149804,9,Selected largest-prize regular Classic MLB draft group after excluding Turbo/Night/qualifier/satellite/showdown/snake/single-stat slates.,RP,Eduardo Rivera (43369279),Eduardo Rivera,43369279,P,5000,NYY@BOS 06/25/2026 07:10PM ET,06/25/2026 07:10PM ET,BOS,NYY,home,12.9,,,needs_review_new_player,identity_name_team_map,No reviewed normalized-name/team identity alias; do not auto-guess.
2026-06-25,2026-06-25T16:04:54.610294+00:00,2026-06-25,DraftKings official lineup CSV,https://www.draftkings.com/lineup/getavailableplayerscsv?contestTypeId=9&draftGroupId=149804,149804,9,Selected largest-prize regular Classic MLB draft group after excluding Turbo/Night/qualifier/satellite/showdown/snake/single-stat slates.,2B,Ketel Marte (43368875),Ketel Marte,43368875,2B,5000,ARI@STL 06/25/2026 07:45PM ET,06/25/2026 07:45PM ET,ARI,STL,away,8.07,,,needs_review_new_player,identity_name_team_map,No reviewed normalized-name/team identity alias; do not auto-guess.
2026-06-25,2026-06-25T16:04:54.610294+00:00,2026-06-25,DraftKings official lineup CSV,https://www.draftkings.com/lineup/getavailableplayerscsv?contestTypeId=9&draftGroupId=149804,149804,9,Selected largest-prize regular Classic MLB draft group after excluding Turbo/Night/qualifier/satellite/showdown/snake/single-stat slates.,OF,Seiya Suzuki (43368876),Seiya Suzuki,43368876,OF,5000,CHC@NYM 06/25/2026 07:10PM ET,06/25/2026 07:10PM ET,CHC,NYM,away,7.43,673548,Seiya Suzuki,mapped,identity_name_team_map,Stable identity seed from old DK-ID map. Pilot join status: matched via normalized_name_team
2026-06-25,2026-06-25T16:04:54.610294+00:00,2026-06-25,DraftKings official lineup CSV,https://www.draftkings.com/lineup/getavailableplayerscsv?contestTypeId=9&draftGroupId=149804,149804,9,Selected largest-prize regular Classic MLB draft group after excluding Turbo/Night/qualifier/satellite/showdown/snake/single-stat slates.,OF,Luis Robert Jr. (43369037),Luis Robert Jr.,43369037,OF,5000,CHC@NYM 06/25/2026 07:10PM ET,06/25/2026 07:10PM ET,NYM,CHC,home,6.33,673357,Luis Robert Jr.,mapped,identity_name_team_map,Stable identity seed from old DK-ID map. Pilot join status: matched via normalized_name_team
2026-06-25,2026-06-25T16:04:54.610294+00:00,2026-06-25,DraftKings official lineup CSV,https://www.draftkings.com/lineup/getavailableplayerscsv?contestTypeId=9&draftGroupId=149804,149804,9,Selected largest-prize regular Classic MLB draft group after excluding Turbo/Night/qualifier/satellite/showdown/snake/single-stat slates.,1B,Willson Contreras (43368877),Willson Contreras,43368877,1B,4900,NYY@BOS 06/25/2026 07:10PM ET,06/25/2026 07:10PM ET,BOS,NYY,home,8.37,,,needs_review_new_player,identity_name_team_map,No reviewed normalized-name/team identity alias; do not auto-guess.
2026-06-25,2026-06-25T16:04:54.610294+00:00,2026-06-25,DraftKings official lineup CSV,https://www.draftkings.com/lineup/getavailableplayerscsv?contestTypeId=9&draftGroupId=149804,149804,9,Selected largest-prize regular Classic MLB draft group after excluding Turbo/Night/qualifier/satellite/showdown/snake/single-stat slates.,2B/SS,JJ Wetherholt (43368878),JJ Wetherholt,43368878,2B/SS,4900,ARI@STL 06/25/2026 07:45PM ET,06/25/2026 07:45PM ET,STL,ARI,home,8.46,802139,JJ Wetherholt,mapped,identity_name_team_map,Stable identity seed from old DK-ID map. Pilot join status: matched via normalized_name_team
2026-06-25,2026-06-25T16:04:54.610294+00:00,2026-06-25,DraftKings official lineup CSV,https://www.draftkings.com/lineup/getavailableplayerscsv?contestTypeId=9&draftGroupId=149804,149804,9,Selected largest-prize regular Classic MLB draft group after excluding Turbo/Night/qualifier/satellite/showdown/snake/single-stat slates.,1B,Vladimir Guerrero Jr. (43368882),Vladimir Guerrero Jr.,43368882,1B,4800,TEX@TOR 06/25/2026 07:07PM ET,06/25/2026 07:07PM ET,TOR,TEX,home,7.14,665489,Vladimir Guerrero Jr.,mapped,identity_name_team_map,Stable identity seed from old DK-ID map. Pilot join status: matched via normalized_name_team
2026-06-25,2026-06-25T16:04:54.610294+00:00,2026-06-25,DraftKings official lineup CSV,https://www.draftkings.com/lineup/getavailableplayerscsv?contestTypeId=9&draftGroupId=149804,149804,9,Selected largest-prize regular Classic MLB draft group after excluding Turbo/Night/qualifier/satellite/showdown/snake/single-stat slates.,3B/SS,Kevin McGonigle (43368880),Kevin McGonigle,43368880,3B/SS,4800,HOU@DET 06/25/2026 06:40PM ET,06/25/2026 06:40PM ET,DET,HOU,home,8.23,805808,Kevin Mcgonigle,mapped,identity_name_team_map,Proposed from review candidates; basis=exact normalized name + team; role-compatible; hr-distance-latest.json|statcast_batter_des_2026; confidence=high; sources=hr-distance-latest.json|statcast_batter_des_2026
2026-06-25,2026-06-25T16:04:54.610294+00:00,2026-06-25,DraftKings official lineup CSV,https://www.draftkings.com/lineup/getavailableplayerscsv?contestTypeId=9&draftGroupId=149804,149804,9,Selected largest-prize regular Classic MLB draft group after excluding Turbo/Night/qualifier/satellite/showdown/snake/single-stat slates.,OF,Ian Happ (43368883),Ian Happ,43368883,OF,4800,CHC@NYM 06/25/2026 07:10PM ET,06/25/2026 07:10PM ET,CHC,NYM,away,8.49,664023,Ian Happ,mapped,identity_name_team_map,Stable identity seed from old DK-ID map. Pilot join status: matched via normalized_name_team
2026-06-25,2026-06-25T16:04:54.610294+00:00,2026-06-25,DraftKings official lineup CSV,https://www.draftkings.com/lineup/getavailableplayerscsv?contestTypeId=9&draftGroupId=149804,149804,9,Selected largest-prize regular Classic MLB draft group after excluding Turbo/Night/qualifier/satellite/showdown/snake/single-stat slates.,OF,Brandon Marsh (43368886),Brandon Marsh,43368886,OF,4700,PHI@WSH 06/25/2026 06:45PM ET,06/25/2026 06:45PM ET,PHI,WSH,away,8.11,669016,Brandon Marsh,mapped,identity_name_team_map,Stable identity seed from old DK-ID map. Pilot join status: matched via normalized_name_team
2026-06-25,2026-06-25T16:04:54.610294+00:00,2026-06-25,DraftKings official lineup CSV,https://www.draftkings.com/lineup/getavailableplayerscsv?contestTypeId=9&draftGroupId=149804,149804,9,Selected largest-prize regular Classic MLB draft group after excluding Turbo/Night/qualifier/satellite/showdown/snake/single-stat slates.,OF,Jarren Duran (43368884),Jarren Duran,43368884,OF,4700,NYY@BOS 06/25/2026 07:10PM ET,06/25/2026 07:10PM ET,BOS,NYY,home,7.46,,,needs_review_new_player,identity_name_team_map,No reviewed normalized-name/team identity alias; do not auto-guess.
2026-06-25,2026-06-25T16:04:54.610294+00:00,2026-06-25,DraftKings official lineup CSV,https://www.draftkings.com/lineup/getavailableplayerscsv?contestTypeId=9&draftGroupId=149804,149804,9,Selected largest-prize regular Classic MLB draft group after excluding Turbo/Night/qualifier/satellite/showdown/snake/single-stat slates.,1B,Alec Burleson (43368885),Alec Burleson,43368885,1B,4700,ARI@STL 06/25/2026 07:45PM ET,06/25/2026 07:45PM ET,STL,ARI,home,8.69,676475,Alec Burleson,mapped,identity_name_team_map,Stable identity seed from old DK-ID map. Pilot join status: matched via normalized_name_team
2026-06-25,2026-06-25T16:04:54.610294+00:00,2026-06-25,DraftKings official lineup CSV,https://www.draftkings.com/lineup/getavailableplayerscsv?contestTypeId=9&draftGroupId=149804,149804,9,Selected largest-prize regular Classic MLB draft group after excluding Turbo/Night/qualifier/satellite/showdown/snake/single-stat slates.,2B,Jazz Chisholm Jr. (43368888),Jazz Chisholm Jr.,43368888,2B,4600,NYY@BOS 06/25/2026 07:10PM ET,06/25/2026 07:10PM ET,NYY,BOS,away,8.34,,,needs_review_new_player,identity_name_team_map,No reviewed normalized-name/team identity alias; do not auto-guess.
2026-06-25,2026-06-25T16:04:54.610294+00:00,2026-06-25,DraftKings official lineup CSV,https://www.draftkings.com/lineup/getavailableplayerscsv?contestTypeId=9&draftGroupId=149804,149804,9,Selected largest-prize regular Classic MLB draft group after excluding Turbo/Night/qualifier/satellite/showdown/snake/single-stat slates.,C,Ivan Herrera (43368887),Ivan Herrera,43368887,C,4600,ARI@STL 06/25/2026 07:45PM ET,06/25/2026 07:45PM ET,STL,ARI,home,8.46,671056,Iván Herrera,mapped,identity_name_team_map,Stable identity seed from old DK-ID map. Pilot join status: matched via normalized_name_team
2026-06-25,2026-06-25T16:04:54.610294+00:00,2026-06-25,DraftKings official lineup CSV,https://www.draftkings.com/lineup/getavailableplayerscsv?contestTypeId=9&draftGroupId=149804,149804,9,Selected largest-prize regular Classic MLB draft group after excluding Turbo/Night/qualifier/satellite/showdown/snake/single-stat slates.,SS,Jeremy Pena (43368890),Jeremy Pena,43368890,SS,4500,HOU@DET 06/25/2026 06:40PM ET,06/25/2026 06:40PM ET,HOU,DET,away,8.41,665161,Jeremy Peña,mapped,identity_name_team_map,Stable identity seed from old DK-ID map. Pilot join status: matched via normalized_name_team
2026-06-25,2026-06-25T16:04:54.610294+00:00,2026-06-25,DraftKings official lineup CSV,https://www.draftkings.com/lineup/getavailableplayerscsv?contestTypeId=9&draftGroupId=149804,149804,9,Selected largest-prize regular Classic MLB draft group after excluding Turbo/Night/qualifier/satellite/showdown/snake/single-stat slates.,1B,Michael Busch (43368889),Michael Busch,43368889,1B,4500,CHC@NYM 06/25/2026 07:10PM ET,06/25/2026 07:10PM ET,CHC,NYM,away,7.49,683737,Michael Busch,mapped,identity_name_team_map,Stable identity seed from old DK-ID map. Pilot join status: matched via normalized_name_team
2026-06-25,2026-06-25T16:04:54.610294+00:00,2026-06-25,DraftKings official lineup CSV,https://www.draftkings.com/lineup/getavailableplayerscsv?contestTypeId=9&draftGroupId=149804,149804,9,Selected largest-prize regular Classic MLB draft group after excluding Turbo/Night/qualifier/satellite/showdown/snake/single-stat slates.,SS,Francisco Lindor (43369038),Francisco Lindor,43369038,SS,4500,CHC@NYM 06/25/2026 07:10PM ET,06/25/2026 07:10PM ET,NYM,CHC,home,6.52,596019,Francisco Lindor,mapped,identity_name_team_map,Stable identity seed from old DK-ID map. Pilot join status: matched via normalized_name_team
2026-06-25,2026-06-25T16:04:54.610294+00:00,2026-06-25,DraftKings official lineup CSV,https://www.draftkings.com/lineup/getavailableplayerscsv?contestTypeId=9&draftGroupId=149804,149804,9,Selected largest-prize regular Classic MLB draft group after excluding Turbo/Night/qualifier/satellite/showdown/snake/single-stat slates.,OF,Wilyer Abreu (43368891),Wilyer Abreu,43368891,OF,4400,NYY@BOS 06/25/2026 07:10PM ET,06/25/2026 07:10PM ET,BOS,NYY,home,7.78,,,needs_review_new_player,identity_name_team_map,No reviewed normalized-name/team identity alias; do not auto-guess.
2026-06-25,2026-06-25T16:04:54.610294+00:00,2026-06-25,DraftKings official lineup CSV,https://www.draftkings.com/lineup/getavailableplayerscsv?contestTypeId=9&draftGroupId=149804,149804,9,Selected largest-prize regular Classic MLB draft group after excluding Turbo/Night/qualifier/satellite/showdown/snake/single-stat slates.,OF,Giancarlo Stanton (43369039),Giancarlo Stanton,43369039,OF,4400,NYY@BOS 06/25/2026 07:10PM ET,06/25/2026 07:10PM ET,NYY,BOS,away,6.79,,,needs_review_new_player,identity_name_team_map,No reviewed normalized-name/team identity alias; do not auto-guess.
2026-06-25,2026-06-25T16:04:54.610294+00:00,2026-06-25,DraftKings official lineup CSV,https://www.draftkings.com/lineup/getavailableplayerscsv?contestTypeId=9&draftGroupId=149804,149804,9,Selected largest-prize regular Classic MLB draft group after excluding Turbo/Night/qualifier/satellite/showdown/snake/single-stat slates.,OF,Roman Anthony (43369040),Roman Anthony,43369040,OF,4400,NYY@BOS 06/25/2026 07:10PM ET,06/25/2026 07:10PM ET,BOS,NYY,home,6.1,,,needs_review_new_player,identity_name_team_map,No reviewed normalized-name/team identity alias; do not auto-guess.
2026-06-25,2026-06-25T16:04:54.610294+00:00,2026-06-25,DraftKings official lineup CSV,https://www.draftkings.com/lineup/getavailableplayerscsv?contestTypeId=9&draftGroupId=149804,149804,9,Selected largest-prize regular Classic MLB draft group after excluding Turbo/Night/qualifier/satellite/showdown/snake/single-stat slates.,3B/SS,Bo Bichette (43368892),Bo Bichette,43368892,3B/SS,4400,CHC@NYM 06/25/2026 07:10PM ET,06/25/2026 07:10PM ET,NYM,CHC,home,7.1,666182,Bo Bichette,mapped,identity_name_team_map,Stable identity seed from old DK-ID map. Pilot join status: matched via normalized_name_team
2026-06-25,2026-06-25T16:04:54.610294+00:00,2026-06-25,DraftKings official lineup CSV,https://www.draftkings.com/lineup/getavailableplayerscsv?contestTypeId=9&draftGroupId=149804,149804,9,Selected largest-prize regular Classic MLB draft group after excluding Turbo/Night/qualifier/satellite/showdown/snake/single-stat slates.,SS,Corey Seager (43369042),Corey Seager,43369042,SS,4300,TEX@TOR 06/25/2026 07:07PM ET,06/25/2026 07:07PM ET,TEX,TOR,away,6.96,608369,Corey Seager,mapped,identity_name_team_map,Stable identity seed from old DK-ID map. Pilot join status: matched via normalized_name_team
2026-06-25,2026-06-25T16:04:54.610294+00:00,2026-06-25,DraftKings official lineup CSV,https://www.draftkings.com/lineup/getavailableplayerscsv?contestTypeId=9&draftGroupId=149804,149804,9,Selected largest-prize regular Classic MLB draft group after excluding Turbo/Night/qualifier/satellite/showdown/snake/single-stat slates.,OF,Riley Greene (43368894),Riley Greene,43368894,OF,4300,HOU@DET 06/25/2026 06:40PM ET,06/25/2026 06:40PM ET,DET,HOU,home,7.36,682985,Riley Greene,mapped,identity_name_team_map,Proposed from review candidates; basis=exact normalized name + team; role-compatible; hr-distance-latest.json|statcast_batter_des_2026; confidence=high; sources=hr-distance-latest.json|statcast_batter_des_2026
2026-06-25,2026-06-25T16:04:54.610294+00:00,2026-06-25,DraftKings official lineup CSV,https://www.draftkings.com/lineup/getavailableplayerscsv?contestTypeId=9&draftGroupId=149804,149804,9,Selected largest-prize regular Classic MLB draft group after excluding Turbo/Night/qualifier/satellite/showdown/snake/single-stat slates.,2B,Gleyber Torres (43369041),Gleyber Torres,43369041,2B,4300,HOU@DET 06/25/2026 06:40PM ET,06/25/2026 06:40PM ET,DET,HOU,home,7.49,650402,Gleyber Torres,mapped,identity_name_team_map,Proposed from review candidates; basis=exact normalized name + team; role-compatible; hr-distance-latest.json|statcast_batter_des_2026; confidence=high; sources=hr-distance-latest.json|statcast_batter_des_2026
2026-06-25,2026-06-25T16:04:54.610294+00:00,2026-06-25,DraftKings official lineup CSV,https://www.draftkings.com/lineup/getavailableplayerscsv?contestTypeId=9&draftGroupId=149804,149804,9,Selected largest-prize regular Classic MLB draft group after excluding Turbo/Night/qualifier/satellite/showdown/snake/single-stat slates.,1B,Paul Goldschmidt (43368896),Paul Goldschmidt,43368896,1B,4300,NYY@BOS 06/25/2026 07:10PM ET,06/25/2026 07:10PM ET,NYY,BOS,away,8.68,,,needs_review_new_player,identity_name_team_map,No reviewed normalized-name/team identity alias; do not auto-guess.
2026-06-25,2026-06-25T16:04:54.610294+00:00,2026-06-25,DraftKings official lineup CSV,https://www.draftkings.com/lineup/getavailableplayerscsv?contestTypeId=9&draftGroupId=149804,149804,9,Selected largest-prize regular Classic MLB draft group after excluding Turbo/Night/qualifier/satellite/showdown/snake/single-stat slates.,3B,Alex Bregman (43368895),Alex Bregman,43368895,3B,4300,CHC@NYM 06/25/2026 07:10PM ET,06/25/2026 07:10PM ET,CHC,NYM,away,6.58,608324,Alex Bregman,mapped,identity_name_team_map,Stable identity seed from old DK-ID map. Pilot join status: matched via normalized_name_team
2026-06-25,2026-06-25T16:04:54.610294+00:00,2026-06-25,DraftKings official lineup CSV,https://www.draftkings.com/lineup/getavailableplayerscsv?contestTypeId=9&draftGroupId=149804,149804,9,Selected largest-prize regular Classic MLB draft group after excluding Turbo/Night/qualifier/satellite/showdown/snake/single-stat slates.,2B,Bryson Stott (43368898),Bryson Stott,43368898,2B,4200,PHI@WSH 06/25/2026 06:45PM ET,06/25/2026 06:45PM ET,PHI,WSH,away,7.26,681082,Bryson Stott,mapped,identity_name_team_map,Stable identity seed from old DK-ID map. Pilot join status: matched via normalized_name_team
2026-06-25,2026-06-25T16:04:54.610294+00:00,2026-06-25,DraftKings official lineup CSV,https://www.draftkings.com/lineup/getavailableplayerscsv?contestTypeId=9&draftGroupId=149804,149804,9,Selected largest-prize regular Classic MLB draft group after excluding Turbo/Night/qualifier/satellite/showdown/snake/single-stat slates.,OF,Ceddanne Rafaela (43368897),Ceddanne Rafaela,43368897,OF,4200,NYY@BOS 06/25/2026 07:10PM ET,06/25/2026 07:10PM ET,BOS,NYY,home,7.45,,,needs_review_new_player,identity_name_team_map,No reviewed normalized-name/team identity alias; do not auto-guess.
2026-06-25,2026-06-25T16:04:54.610294+00:00,2026-06-25,DraftKings official lineup CSV,https://www.draftkings.com/lineup/getavailableplayerscsv?contestTypeId=9&draftGroupId=149804,149804,9,Selected largest-prize regular Classic MLB draft group after excluding Turbo/Night/qualifier/satellite/showdown/snake/single-stat slates.,OF,Daylen Lile (43368899),Daylen Lile,43368899,OF,4100,PHI@WSH 06/25/2026 06:45PM ET,06/25/2026 06:45PM ET,WSH,PHI,home,7.38,695734,Daylen Lile,mapped,identity_name_team_map,Stable identity seed from old DK-ID map. Pilot join status: matched via normalized_name_team
2026-06-25,2026-06-25T16:04:54.610294+00:00,2026-06-25,DraftKings official lineup CSV,https://www.draftkings.com/lineup/getavailableplayerscsv?contestTypeId=9&draftGroupId=149804,149804,9,Selected largest-prize regular Classic MLB draft group after excluding Turbo/Night/qualifier/satellite/showdown/snake/single-stat slates.,SS,Anthony Volpe (43368900),Anthony Volpe,43368900,SS,4100,NYY@BOS 06/25/2026 07:10PM ET,06/25/2026 07:10PM ET,NYY,BOS,away,7.36,,,needs_review_new_player,identity_name_team_map,No reviewed normalized-name/team identity alias; do not auto-guess.
2026-06-25,2026-06-25T16:04:54.610294+00:00,2026-06-25,DraftKings official lineup CSV,https://www.draftkings.com/lineup/getavailableplayerscsv?contestTypeId=9&draftGroupId=149804,149804,9,Selected largest-prize regular Classic MLB draft group after excluding Turbo/Night/qualifier/satellite/showdown/snake/single-stat slates.,OF,Trent Grisham (43369043),Trent Grisham,43369043,OF,4100,NYY@BOS 06/25/2026 07:10PM ET,06/25/2026 07:10PM ET,NYY,BOS,away,7.58,,,needs_review_new_player,identity_name_team_map,No reviewed normalized-name/team identity alias; do not auto-guess.
2026-06-25,2026-06-25T16:04:54.610294+00:00,2026-06-25,DraftKings official lineup CSV,https://www.draftkings.com/lineup/getavailableplayerscsv?contestTypeId=9&draftGroupId=149804,149804,9,Selected largest-prize regular Classic MLB draft group after excluding Turbo/Night/qualifier/satellite/showdown/snake/single-stat slates.,2B,Nico Hoerner (43368901),Nico Hoerner,43368901,2B,4100,CHC@NYM 06/25/2026 07:10PM ET,06/25/2026 07:10PM ET,CHC,NYM,away,7.31,663538,Nico Hoerner,mapped,identity_name_team_map,Stable identity seed from old DK-ID map. Pilot join status: matched via normalized_name_team
2026-06-25,2026-06-25T16:04:54.610294+00:00,2026-06-25,DraftKings official lineup CSV,https://www.draftkings.com/lineup/getavailableplayerscsv?contestTypeId=9&draftGroupId=149804,149804,9,Selected largest-prize regular Classic MLB draft group after excluding Turbo/Night/qualifier/satellite/showdown/snake/single-stat slates.,RP,Jhancarlos Lara (43369290),Jhancarlos Lara,43369290,P,4000,PHI@WSH 06/25/2026 06:45PM ET,06/25/2026 06:45PM ET,WSH,PHI,home,0,702910,Jhancarlos Lara,needs_review_team_change,identity_name_unique_mlbam,Name maps to one reviewed MLBAM identity but not this DK team; review as team-change/new alias before trusting automation.
2026-06-25,2026-06-25T16:04:54.610294+00:00,2026-06-25,DraftKings official lineup CSV,https://www.draftkings.com/lineup/getavailableplayerscsv?contestTypeId=9&draftGroupId=149804,149804,9,Selected largest-prize regular Classic MLB draft group after excluding Turbo/Night/qualifier/satellite/showdown/snake/single-stat slates.,RP,Tim Mayza (43369300),Tim Mayza,43369300,P,4000,PHI@WSH 06/25/2026 06:45PM ET,06/25/2026 06:45PM ET,PHI,WSH,away,3.66,641835,Tim Mayza,mapped,identity_name_team_map,Stable identity seed from old DK-ID map. Pilot join status: matched via normalized_name_team
2026-06-25,2026-06-25T16:04:54.610294+00:00,2026-06-25,DraftKings official lineup CSV,https://www.draftkings.com/lineup/getavailableplayerscsv?contestTypeId=9&draftGroupId=149804,149804,9,Selected largest-prize regular Classic MLB draft group after excluding Turbo/Night/qualifier/satellite/showdown/snake/single-stat slates.,SP,Ken Waldichuk (43369302),Ken Waldichuk,43369302,P,4000,PHI@WSH 06/25/2026 06:45PM ET,06/25/2026 06:45PM ET,WSH,PHI,home,2.8,686610,Ken Waldichuk,mapped,identity_name_team_map,Stable identity seed from old DK-ID map. Pilot join status: matched via normalized_name_team
2026-06-25,2026-06-25T16:04:54.610294+00:00,2026-06-25,DraftKings official lineup CSV,https://www.draftkings.com/lineup/getavailableplayerscsv?contestTypeId=9&draftGroupId=149804,149804,9,Selected largest-prize regular Classic MLB draft group after excluding Turbo/Night/qualifier/satellite/showdown/snake/single-stat slates.,RP,Max Lazar (43369303),Max Lazar,43369303,P,4000,PHI@WSH 06/25/2026 06:45PM ET,06/25/2026 06:45PM ET,PHI,WSH,away,3.73,676661,Max Lazar,mapped,identity_name_team_map,Stable identity seed from old DK-ID map. Pilot join status: matched_people_search_name via mlb_people_search_normalized_name
2026-06-25,2026-06-25T16:04:54.610294+00:00,2026-06-25,DraftKings official lineup CSV,https://www.draftkings.com/lineup/getavailableplayerscsv?contestTypeId=9&draftGroupId=149804,149804,9,Selected largest-prize regular Classic MLB draft group after excluding Turbo/Night/qualifier/satellite/showdown/snake/single-stat slates.,RP,Julian Fernandez (43369305),Julian Fernandez,43369305,P,4000,PHI@WSH 06/25/2026 06:45PM ET,06/25/2026 06:45PM ET,WSH,PHI,home,1.8,642759,Julian Fernández,mapped,identity_name_team_map,Stable identity seed from old DK-ID map. Pilot join status: matched via normalized_name_team
2026-06-25,2026-06-25T16:04:54.610294+00:00,2026-06-25,DraftKings official lineup CSV,https://www.draftkings.com/lineup/getavailableplayerscsv?contestTypeId=9&draftGroupId=149804,149804,9,Selected largest-prize regular Classic MLB draft group after excluding Turbo/Night/qualifier/satellite/showdown/snake/single-stat slates.,RP,Paxton Schultz (43369316),Paxton Schultz,43369316,P,4000,PHI@WSH 06/25/2026 06:45PM ET,06/25/2026 06:45PM ET,WSH,PHI,home,2.6,687606,Paxton Schultz,mapped,identity_name_team_map,Stable identity seed from old DK-ID map. Pilot join status: matched via normalized_name_team
2026-06-25,2026-06-25T16:04:54.610294+00:00,2026-06-25,DraftKings official lineup CSV,https://www.draftkings.com/lineup/getavailableplayerscsv?contestTypeId=9&draftGroupId=149804,149804,9,Selected largest-prize regular Classic MLB draft group after excluding Turbo/Night/qualifier/satellite/showdown/snake/single-stat slates.,RP,Grant Holman (43369318),Grant Holman,43369318,P,4000,PHI@WSH 06/25/2026 06:45PM ET,06/25/2026 06:45PM ET,PHI,WSH,away,0,680880,Grant Holman,mapped,identity_name_team_map,Stable identity seed from old DK-ID map. Pilot join status: matched_people_search_name via mlb_people_search_normalized_name
2026-06-25,2026-06-25T16:04:54.610294+00:00,2026-06-25,DraftKings official lineup CSV,https://www.draftkings.com/lineup/getavailableplayerscsv?contestTypeId=9&draftGroupId=149804,149804,9,Selected largest-prize regular Classic MLB draft group after excluding Turbo/Night/qualifier/satellite/showdown/snake/single-stat slates.,RP,Richard Lovelady (43369329),Richard Lovelady,43369329,P,4000,PHI@WSH 06/25/2026 06:45PM ET,06/25/2026 06:45PM ET,WSH,PHI,home,2.15,663992,Richard Lovelady,mapped,identity_name_team_map,Stable identity seed from old DK-ID map. Pilot join status: matched via normalized_name_team
2026-06-25,2026-06-25T16:04:54.610294+00:00,2026-06-25,DraftKings official lineup CSV,https://www.draftkings.com/lineup/getavailableplayerscsv?contestTypeId=9&draftGroupId=149804,149804,9,Selected largest-prize regular Classic MLB draft group after excluding Turbo/Night/qualifier/satellite/showdown/snake/single-stat slates.,RP,Nolan Hoffman (43369358),Nolan Hoffman,43369358,P,4000,PHI@WSH 06/25/2026 06:45PM ET,06/25/2026 06:45PM ET,PHI,WSH,away,1.7,676510,Nolan Hoffman,mapped,identity_name_team_map,Stable identity seed from old DK-ID map. Pilot join status: matched via normalized_name_team
2026-06-25,2026-06-25T16:04:54.610294+00:00,2026-06-25,DraftKings official lineup CSV,https://www.draftkings.com/lineup/getavailableplayerscsv?contestTypeId=9&draftGroupId=149804,149804,9,Selected largest-prize regular Classic MLB draft group after excluding Turbo/Night/qualifier/satellite/showdown/snake/single-stat slates.,RP,Gus Varland (43369361),Gus Varland,43369361,P,4000,PHI@WSH 06/25/2026 06:45PM ET,06/25/2026 06:45PM ET,WSH,PHI,home,2.02,681402,Gus Varland,mapped,identity_name_team_map,Stable identity seed from old DK-ID map. Pilot join status: matched via normalized_name_team
2026-06-25,2026-06-25T16:04:54.610294+00:00,2026-06-25,DraftKings official lineup CSV,https://www.draftkings.com/lineup/getavailableplayerscsv?contestTypeId=9&draftGroupId=149804,149804,9,Selected largest-prize regular Classic MLB draft group after excluding Turbo/Night/qualifier/satellite/showdown/snake/single-stat slates.,RP,Jhoan Duran (43369368),Jhoan Duran,43369368,P,4000,PHI@WSH 06/25/2026 06:45PM ET,06/25/2026 06:45PM ET,PHI,WSH,away,4.46,661395,Jhoan Duran,mapped,identity_name_team_map,Stable identity seed from old DK-ID map. Pilot join status: matched via normalized_name_team
2026-06-25,2026-06-25T16:04:54.610294+00:00,2026-06-25,DraftKings official lineup CSV,https://www.draftkings.com/lineup/getavailableplayerscsv?contestTypeId=9&draftGroupId=149804,149804,9,Selected largest-prize regular Classic MLB draft group after excluding Turbo/Night/qualifier/satellite/showdown/snake/single-stat slates.,RP,Tanner Banks (43369371),Tanner Banks,43369371,P,4000,PHI@WSH 06/25/2026 06:45PM ET,06/25/2026 06:45PM ET,PHI,WSH,away,2.17,621383,Tanner Banks,mapped,identity_name_team_map,Stable identity seed from old DK-ID map. Pilot join status: matched via normalized_name_team
2026-06-25,2026-06-25T16:04:54.610294+00:00,2026-06-25,DraftKings official lineup CSV,https://www.draftkings.com/lineup/getavailableplayerscsv?contestTypeId=9&draftGroupId=149804,149804,9,Selected largest-prize regular Classic MLB draft group after excluding Turbo/Night/qualifier/satellite/showdown/snake/single-stat slates.,RP,Riley Cornelio (43369384),Riley Cornelio,43369384,P,4000,PHI@WSH 06/25/2026 06:45PM ET,06/25/2026 06:45PM ET,WSH,PHI,home,1.72,683000,Riley Cornelio,mapped,identity_name_team_map,Stable identity seed from old DK-ID map. Pilot join status: matched via normalized_name_team
2026-06-25,2026-06-25T16:04:54.610294+00:00,2026-06-25,DraftKings official lineup CSV,https://www.draftkings.com/lineup/getavailableplayerscsv?contestTypeId=9&draftGroupId=149804,149804,9,Selected largest-prize regular Classic MLB draft group after excluding Turbo/Night/qualifier/satellite/showdown/snake/single-stat slates.,RP,Brad Keller (43369387),Brad Keller,43369387,P,4000,PHI@WSH 06/25/2026 06:45PM ET,06/25/2026 06:45PM ET,PHI,WSH,away,2.72,641745,Brad Keller,mapped,identity_name_team_map,Stable identity seed from old DK-ID map. Pilot join status: matched via normalized_name_team
2026-06-25,2026-06-25T16:04:54.610294+00:00,2026-06-25,DraftKings official lineup CSV,https://www.draftkings.com/lineup/getavailableplayerscsv?contestTypeId=9&draftGroupId=149804,149804,9,Selected largest-prize regular Classic MLB draft group after excluding Turbo/Night/qualifier/satellite/showdown/snake/single-stat slates.,RP,Kyle Backhus (43369394),Kyle Backhus,43369394,P,4000,PHI@WSH 06/25/2026 06:45PM ET,06/25/2026 06:45PM ET,PHI,WSH,away,2.13,679775,Kyle Backhus,mapped,identity_name_team_map,Stable identity seed from old DK-ID map. Pilot join status: matched via normalized_name_team
2026-06-25,2026-06-25T16:04:54.610294+00:00,2026-06-25,DraftKings official lineup CSV,https://www.draftkings.com/lineup/getavailableplayerscsv?contestTypeId=9&draftGroupId=149804,149804,9,Selected largest-prize regular Classic MLB draft group after excluding Turbo/Night/qualifier/satellite/showdown/snake/single-stat slates.,RP,Chase Shugart (43369397),Chase Shugart,43369397,P,4000,PHI@WSH 06/25/2026 06:45PM ET,06/25/2026 06:45PM ET,PHI,WSH,away,3.70,663767,Chase Shugart,mapped,identity_name_team_map,Stable identity seed from old DK-ID map. Pilot join status: matched via normalized_name_team
2026-06-25,2026-06-25T16:04:54.610294+00:00,2026-06-25,DraftKings official lineup CSV,https://www.draftkings.com/lineup/getavailableplayerscsv?contestTypeId=9&draftGroupId=149804,149804,9,Selected largest-prize regular Classic MLB draft group after excluding Turbo/Night/qualifier/satellite/showdown/snake/single-stat slates.,RP,Orlando Ribalta (43369404),Orlando Ribalta,43369404,P,4000,PHI@WSH 06/25/2026 06:45PM ET,06/25/2026 06:45PM ET,WSH,PHI,home,2.28,687377,Orlando Ribalta,mapped,identity_name_team_map,Stable identity seed from old DK-ID map. Pilot join status: matched via normalized_name_team
2026-06-25,2026-06-25T16:04:54.610294+00:00,2026-06-25,DraftKings official lineup CSV,https://www.draftkings.com/lineup/getavailableplayerscsv?contestTypeId=9&draftGroupId=149804,149804,9,Selected largest-prize regular Classic MLB draft group after excluding Turbo/Night/qualifier/satellite/showdown/snake/single-stat slates.,RP,Orion Kerkering (43369407),Orion Kerkering,43369407,P,4000,PHI@WSH 06/25/2026 06:45PM ET,06/25/2026 06:45PM ET,PHI,WSH,away,3.50,689147,Orion Kerkering,mapped,identity_name_team_map,Stable identity seed from old DK-ID map. Pilot join status: matched via normalized_name_team
2026-06-25,2026-06-25T16:04:54.610294+00:00,2026-06-25,DraftKings official lineup CSV,https://www.draftkings.com/lineup/getavailableplayerscsv?contestTypeId=9&draftGroupId=149804,149804,9,Selected largest-prize regular Classic MLB draft group after excluding Turbo/Night/qualifier/satellite/showdown/snake/single-stat slates.,RP,Clayton Beeter (43369410),Clayton Beeter,43369410,P,4000,PHI@WSH 06/25/2026 06:45PM ET,06/25/2026 06:45PM ET,WSH,PHI,home,3.28,690925,Clayton Beeter,mapped,identity_name_team_map,Stable identity seed from old DK-ID map. Pilot join status: matched via normalized_name_team
2026-06-25,2026-06-25T16:04:54.610294+00:00,2026-06-25,DraftKings official lineup CSV,https://www.draftkings.com/lineup/getavailableplayerscsv?contestTypeId=9&draftGroupId=149804,149804,9,Selected largest-prize regular Classic MLB draft group after excluding Turbo/Night/qualifier/satellite/showdown/snake/single-stat slates.,RP,Zak Kent (43369414),Zak Kent,43369414,P,4000,PHI@WSH 06/25/2026 06:45PM ET,06/25/2026 06:45PM ET,WSH,PHI,home,2.33,687849,Zak Kent,mapped,identity_name_team_map,Stable identity seed from old DK-ID map. Pilot join status: matched via normalized_name_team
2026-06-25,2026-06-25T16:04:54.610294+00:00,2026-06-25,DraftKings official lineup CSV,https://www.draftkings.com/lineup/getavailableplayerscsv?contestTypeId=9&draftGroupId=149804,149804,9,Selected largest-prize regular Classic MLB draft group after excluding Turbo/Night/qualifier/satellite/showdown/snake/single-stat slates.,RP,Cole Henry (43369419),Cole Henry,43369419,P,4000,PHI@WSH 06/25/2026 06:45PM ET,06/25/2026 06:45PM ET,WSH,PHI,home,2.32,669371,Cole Henry,mapped,identity_name_team_map,Stable identity seed from old DK-ID map. Pilot join status: matched via normalized_name_team
2026-06-25,2026-06-25T16:04:54.610294+00:00,2026-06-25,DraftKings official lineup CSV,https://www.draftkings.com/lineup/getavailableplayerscsv?contestTypeId=9&draftGroupId=149804,149804,9,Selected largest-prize regular Classic MLB draft group after excluding Turbo/Night/qualifier/satellite/showdown/snake/single-stat slates.,RP,PJ Poulin (43369426),PJ Poulin,43369426,P,4000,PHI@WSH 06/25/2026 06:45PM ET,06/25/2026 06:45PM ET,WSH,PHI,home,2.63,676571,PJ Poulin,mapped,identity_name_team_map,Stable identity seed from old DK-ID map. Pilot join status: matched via normalized_name_team
2026-06-25,2026-06-25T16:04:54.610294+00:00,2026-06-25,DraftKings official lineup CSV,https://www.draftkings.com/lineup/getavailableplayerscsv?contestTypeId=9&draftGroupId=149804,149804,9,Selected largest-prize regular Classic MLB draft group after excluding Turbo/Night/qualifier/satellite/showdown/snake/single-stat slates.,RP,Jose Alvarado (43369434),Jose Alvarado,43369434,P,4000,PHI@WSH 06/25/2026 06:45PM ET,06/25/2026 06:45PM ET,PHI,WSH,away,2.33,621237,José Alvarado,mapped,identity_name_team_map,Stable identity seed from old DK-ID map. Pilot join status: matched via normalized_name_team
2026-06-25,2026-06-25T16:04:54.610294+00:00,2026-06-25,DraftKings official lineup CSV,https://www.draftkings.com/lineup/getavailableplayerscsv?contestTypeId=9&draftGroupId=149804,149804,9,Selected largest-prize regular Classic MLB draft group after excluding Turbo/Night/qualifier/satellite/showdown/snake/single-stat slates.,RP,Andre Granillo (43369439),Andre Granillo,43369439,P,4000,PHI@WSH 06/25/2026 06:45PM ET,06/25/2026 06:45PM ET,WSH,PHI,home,-0.78,701552,Andre Granillo,mapped,identity_name_team_map,Stable identity seed from old DK-ID map. Pilot join status: matched via normalized_name_team
2026-06-25,2026-06-25T16:04:54.610294+00:00,2026-06-25,DraftKings official lineup CSV,https://www.draftkings.com/lineup/getavailableplayerscsv?contestTypeId=9&draftGroupId=149804,149804,9,Selected largest-prize regular Classic MLB draft group after excluding Turbo/Night/qualifier/satellite/showdown/snake/single-stat slates.,OF,George Springer (43368904),George Springer,43368904,OF,4000,TEX@TOR 06/25/2026 07:07PM ET,06/25/2026 07:07PM ET,TOR,TEX,home,7.10,543807,George Springer,mapped,identity_name_team_map,Stable identity seed from old DK-ID map. Pilot join status: matched via normalized_name_team
2026-06-25,2026-06-25T16:04:54.610294+00:00,2026-06-25,DraftKings official lineup CSV,https://www.draftkings.com/lineup/getavailableplayerscsv?contestTypeId=9&draftGroupId=149804,149804,9,Selected largest-prize regular Classic MLB draft group after excluding Turbo/Night/qualifier/satellite/showdown/snake/single-stat slates.,SP,Jake Bloss (43369282),Jake Bloss,43369282,P,4000,TEX@TOR 06/25/2026 07:07PM ET,06/25/2026 07:07PM ET,TOR,TEX,home,0,814005,Jake Bloss,mapped,identity_name_team_map,Stable identity seed from old DK-ID map. Pilot join status: matched_people_search_name via mlb_people_search_normalized_name
2026-06-25,2026-06-25T16:04:54.610294+00:00,2026-06-25,DraftKings official lineup CSV,https://www.draftkings.com/lineup/getavailableplayerscsv?contestTypeId=9&draftGroupId=149804,149804,9,Selected largest-prize regular Classic MLB draft group after excluding Turbo/Night/qualifier/satellite/showdown/snake/single-stat slates.,SP,Ricky Tiedemann (43369283),Ricky Tiedemann,43369283,P,4000,TEX@TOR 06/25/2026 07:07PM ET,06/25/2026 07:07PM ET,TOR,TEX,home,0,694357,Ricky Tiedemann,mapped,identity_name_team_map,Stable identity seed from old DK-ID map. Pilot join status: matched_people_search_name via mlb_people_search_normalized_name
2026-06-25,2026-06-25T16:04:54.610294+00:00,2026-06-25,DraftKings official lineup CSV,https://www.draftkings.com/lineup/getavailableplayerscsv?contestTypeId=9&draftGroupId=149804,149804,9,Selected largest-prize regular Classic MLB draft group after excluding Turbo/Night/qualifier/satellite/showdown/snake/single-stat slates.,RP,Chad Dallas (43369293),Chad Dallas,43369293,P,4000,TEX@TOR 06/25/2026 07:07PM ET,06/25/2026 07:07PM ET,TOR,TEX,home,11.85,689149,Chad Dallas,mapped,identity_name_team_map,Stable identity seed from old DK-ID map. Pilot join status: matched via normalized_name_team
2026-06-25,2026-06-25T16:04:54.610294+00:00,2026-06-25,DraftKings official lineup CSV,https://www.draftkings.com/lineup/getavailableplayerscsv?contestTypeId=9&draftGroupId=149804,149804,9,Selected largest-prize regular Classic MLB draft group after excluding Turbo/Night/qualifier/satellite/showdown/snake/single-stat slates.,RP,Braydon Fisher (43369312),Braydon Fisher,43369312,P,4000,TEX@TOR 06/25/2026 07:07PM ET,06/25/2026 07:07PM ET,TOR,TEX,home,3.25,680755,Braydon Fisher,mapped,identity_name_team_map,Stable identity seed from old DK-ID map. Pilot join status: matched via normalized_name_team
2026-06-25,2026-06-25T16:04:54.610294+00:00,2026-06-25,DraftKings official lineup CSV,https://www.draftkings.com/lineup/getavailableplayerscsv?contestTypeId=9&draftGroupId=149804,149804,9,Selected largest-prize regular Classic MLB draft group after excluding Turbo/Night/qualifier/satellite/showdown/snake/single-stat slates.,RP,Robert Garcia (43369320),Robert Garcia,43369320,P,4000,TEX@TOR 06/25/2026 07:07PM ET,06/25/2026 07:07PM ET,TEX,TOR,away,1.87,676395,Robert Garcia,mapped,identity_name_team_map,Stable identity seed from old DK-ID map. Pilot join status: matched via normalized_name_team
2026-06-25,2026-06-25T16:04:54.610294+00:00,2026-06-25,DraftKings official lineup CSV,https://www.draftkings.com/lineup/getavailableplayerscsv?contestTypeId=9&draftGroupId=149804,149804,9,Selected largest-prize regular Classic MLB draft group after excluding Turbo/Night/qualifier/satellite/showdown/snake/single-stat slates.,RP,Joe Ross (43369322),Joe Ross,43369322,P,4000,TEX@TOR 06/25/2026 07:07PM ET,06/25/2026 07:07PM ET,TEX,TOR,away,0.35,,,needs_review_new_player,identity_name_team_map,No reviewed normalized-name/team identity alias; do not auto-guess.
2026-06-25,2026-06-25T16:04:54.610294+00:00,2026-06-25,DraftKings official lineup CSV,https://www.draftkings.com/lineup/getavailableplayerscsv?contestTypeId=9&draftGroupId=149804,149804,9,Selected largest-prize regular Classic MLB draft group after excluding Turbo/Night/qualifier/satellite/showdown/snake/single-stat slates.,RP,Robby Ahlstrom (43369326),Robby Ahlstrom,43369326,P,4000,TEX@TOR 06/25/2026 07:07PM ET,06/25/2026 07:07PM ET,TEX,TOR,away,3.29,695239,Robby Ahlstrom,mapped,identity_name_team_map,Stable identity seed from old DK-ID map. Pilot join status: matched via normalized_name_team
2026-06-25,2026-06-25T16:04:54.610294+00:00,2026-06-25,DraftKings official lineup CSV,https://www.draftkings.com/lineup/getavailableplayerscsv?contestTypeId=9&draftGroupId=149804,149804,9,Selected largest-prize regular Classic MLB draft group after excluding Turbo/Night/qualifier/satellite/showdown/snake/single-stat slates.,RP,Carter Baumler (43369336),Carter Baumler,43369336,P,4000,TEX@TOR 06/25/2026 07:07PM ET,06/25/2026 07:07PM ET,TEX,TOR,away,3.54,691945,Carter Baumler,mapped,identity_name_team_map,Stable identity seed from old DK-ID map. Pilot join status: matched via normalized_name_team
2026-06-25,2026-06-25T16:04:54.610294+00:00,2026-06-25,DraftKings official lineup CSV,https://www.draftkings.com/lineup/getavailableplayerscsv?contestTypeId=9&draftGroupId=149804,149804,9,Selected largest-prize regular Classic MLB draft group after excluding Turbo/Night/qualifier/satellite/showdown/snake/single-stat slates.,RP,Chris Martin (43369337),Chris Martin,43369337,P,4000,TEX@TOR 06/25/2026 07:07PM ET,06/25/2026 07:07PM ET,TEX,TOR,away,0.89,455119,Chris Martin,mapped,identity_name_team_map,Stable identity seed from old DK-ID map. Pilot join status: matched via normalized_name_team
2026-06-25,2026-06-25T16:04:54.610294+00:00,2026-06-25,DraftKings official lineup CSV,https://www.draftkings.com/lineup/getavailableplayerscsv?contestTypeId=9&draftGroupId=149804,149804,9,Selected largest-prize regular Classic MLB draft group after excluding Turbo/Night/qualifier/satellite/showdown/snake/single-stat slates.,RP,Yimi Garcia (43369353),Yimi Garcia,43369353,P,4000,TEX@TOR 06/25/2026 07:07PM ET,06/25/2026 07:07PM ET,TOR,TEX,home,0,554340,Yimi García,mapped,identity_name_team_map,Stable identity seed from old DK-ID map. Pilot join status: matched_people_search_name via mlb_people_search_normalized_name
2026-06-25,2026-06-25T16:04:54.610294+00:00,2026-06-25,DraftKings official lineup CSV,https://www.draftkings.com/lineup/getavailableplayerscsv?contestTypeId=9&draftGroupId=149804,149804,9,Selected largest-prize regular Classic MLB draft group after excluding Turbo/Night/qualifier/satellite/showdown/snake/single-stat slates.,RP,Tyler Alexander (43369360),Tyler Alexander,43369360,P,4000,TEX@TOR 06/25/2026 07:07PM ET,06/25/2026 07:07PM ET,TEX,TOR,away,2.44,641302,Tyler Alexander,mapped,identity_name_team_map,Stable identity seed from old DK-ID map. Pilot join status: matched via normalized_name_team
2026-06-25,2026-06-25T16:04:54.610294+00:00,2026-06-25,DraftKings official lineup CSV,https://www.draftkings.com/lineup/getavailableplayerscsv?contestTypeId=9&draftGroupId=149804,149804,9,Selected largest-prize regular Classic MLB draft group after excluding Turbo/Night/qualifier/satellite/showdown/snake/single-stat slates.,RP,Chase Lee (43369363),Chase Lee,43369363,P,4000,TEX@TOR 06/25/2026 07:07PM ET,06/25/2026 07:07PM ET,TOR,TEX,home,-0.03,695445,Chase Lee,mapped,identity_name_team_map,Stable identity seed from old DK-ID map. Pilot join status: matched via normalized_name_team
2026-06-25,2026-06-25T16:04:54.610294+00:00,2026-06-25,DraftKings official lineup CSV,https://www.draftkings.com/lineup/getavailableplayerscsv?contestTypeId=9&draftGroupId=149804,149804,9,Selected largest-prize regular Classic MLB draft group after excluding Turbo/Night/qualifier/satellite/showdown/snake/single-stat slates.,RP,Jalen Beeks (43369366),Jalen Beeks,43369366,P,4000,TEX@TOR 06/25/2026 07:07PM ET,06/25/2026 07:07PM ET,TEX,TOR,away,2.24,656222,Jalen Beeks,mapped,identity_name_team_map,Stable identity seed from old DK-ID map. Pilot join status: matched via normalized_name_team
2026-06-25,2026-06-25T16:04:54.610294+00:00,2026-06-25,DraftKings official lineup CSV,https://www.draftkings.com/lineup/getavailableplayerscsv?contestTypeId=9&draftGroupId=149804,149804,9,Selected largest-prize regular Classic MLB draft group after excluding Turbo/Night/qualifier/satellite/showdown/snake/single-stat slates.,RP,Luis Curvelo (43369370),Luis Curvelo,43369370,P,4000,TEX@TOR 06/25/2026 07:07PM ET,06/25/2026 07:07PM ET,TEX,TOR,away,0.39,681168,Luis Curvelo,mapped,identity_name_team_map,Stable identity seed from old DK-ID map. Pilot join status: matched via normalized_name_team
2026-06-25,2026-06-25T16:04:54.610294+00:00,2026-06-25,DraftKings official lineup CSV,https://www.draftkings.com/lineup/getavailableplayerscsv?contestTypeId=9&draftGroupId=149804,149804,9,Selected largest-prize regular Classic MLB draft group after excluding Turbo/Night/qualifier/satellite/showdown/snake/single-stat slates.,RP,Jeff Hoffman (43369386),Jeff Hoffman,43369386,P,4000,TEX@TOR 06/25/2026 07:07PM ET,06/25/2026 07:07PM ET,TOR,TEX,home,3.72,656546,Jeff Hoffman,mapped,identity_name_team_map,Stable identity seed from old DK-ID map. Pilot join status: matched via normalized_name_team
2026-06-25,2026-06-25T16:04:54.610294+00:00,2026-06-25,DraftKings official lineup CSV,https://www.draftkings.com/lineup/getavailableplayerscsv?contestTypeId=9&draftGroupId=149804,149804,9,Selected largest-prize regular Classic MLB draft group after excluding Turbo/Night/qualifier/satellite/showdown/snake/single-stat slates.,RP,Tommy Nance (43369390),Tommy Nance,43369390,P,4000,TEX@TOR 06/25/2026 07:07PM ET,06/25/2026 07:07PM ET,TOR,TEX,home,2.90,667297,Tommy Nance,mapped,identity_name_team_map,Stable identity seed from old DK-ID map. Pilot join status: matched via normalized_name_team
2026-06-25,2026-06-25T16:04:54.610294+00:00,2026-06-25,DraftKings official lineup CSV,https://www.draftkings.com/lineup/getavailableplayerscsv?contestTypeId=9&draftGroupId=149804,149804,9,Selected largest-prize regular Classic MLB draft group after excluding Turbo/Night/qualifier/satellite/showdown/snake/single-stat slates.,RP,Gavin Collyer (43369392),Gavin Collyer,43369392,P,4000,TEX@TOR 06/25/2026 07:07PM ET,06/25/2026 07:07PM ET,TEX,TOR,away,2.27,686560,Gavin Collyer,mapped,identity_name_team_map,Stable identity seed from old DK-ID map. Pilot join status: matched via normalized_name_team
2026-06-25,2026-06-25T16:04:54.610294+00:00,2026-06-25,DraftKings official lineup CSV,https://www.draftkings.com/lineup/getavailableplayerscsv?contestTypeId=9&draftGroupId=149804,149804,9,Selected largest-prize regular Classic MLB draft group after excluding Turbo/Night/qualifier/satellite/showdown/snake/single-stat slates.,RP,Joe Mantiply (43369393),Joe Mantiply,43369393,P,4000,TEX@TOR 06/25/2026 07:07PM ET,06/25/2026 07:07PM ET,TOR,TEX,home,3.24,573009,Joe Mantiply,mapped,identity_name_team_map,Stable identity seed from old DK-ID map. Pilot join status: matched via normalized_name_team
2026-06-25,2026-06-25T16:04:54.610294+00:00,2026-06-25,DraftKings official lineup CSV,https://www.draftkings.com/lineup/getavailableplayerscsv?contestTypeId=9&draftGroupId=149804,149804,9,Selected largest-prize regular Classic MLB draft group after excluding Turbo/Night/qualifier/satellite/showdown/snake/single-stat slates.,RP,Peyton Gray (43369415),Peyton Gray,43369415,P,4000,TEX@TOR 06/25/2026 07:07PM ET,06/25/2026 07:07PM ET,TEX,TOR,away,4.26,682608,Peyton Gray,mapped,identity_name_team_map,Stable identity seed from old DK-ID map. Pilot join status: matched via normalized_name_team
2026-06-25,2026-06-25T16:04:54.610294+00:00,2026-06-25,DraftKings official lineup CSV,https://www.draftkings.com/lineup/getavailableplayerscsv?contestTypeId=9&draftGroupId=149804,149804,9,Selected largest-prize regular Classic MLB draft group after excluding Turbo/Night/qualifier/satellite/showdown/snake/single-stat slates.,RP,Lazaro Estrada (43369416),Lazaro Estrada,43369416,P,4000,TEX@TOR 06/25/2026 07:07PM ET,06/25/2026 07:07PM ET,TOR,TEX,home,6.62,681751,Lazaro Estrada,mapped,identity_name_team_map,Stable identity seed from old DK-ID map. Pilot join status: matched via normalized_name_team
2026-06-25,2026-06-25T16:04:54.610294+00:00,2026-06-25,DraftKings official lineup CSV,https://www.draftkings.com/lineup/getavailableplayerscsv?contestTypeId=9&draftGroupId=149804,149804,9,Selected largest-prize regular Classic MLB draft group after excluding Turbo/Night/qualifier/satellite/showdown/snake/single-stat slates.,RP,Louis Varland (43369422),Louis Varland,43369422,P,4000,TEX@TOR 06/25/2026 07:07PM ET,06/25/2026 07:07PM ET,TOR,TEX,home,5.00,686973,Louis Varland,mapped,identity_name_team_map,Stable identity seed from old DK-ID map. Pilot join status: matched via normalized_name_team
2026-06-25,2026-06-25T16:04:54.610294+00:00,2026-06-25,DraftKings official lineup CSV,https://www.draftkings.com/lineup/getavailableplayerscsv?contestTypeId=9&draftGroupId=149804,149804,9,Selected largest-prize regular Classic MLB draft group after excluding Turbo/Night/qualifier/satellite/showdown/snake/single-stat slates.,RP,Brendon Little (43369423),Brendon Little,43369423,P,4000,TEX@TOR 06/25/2026 07:07PM ET,06/25/2026 07:07PM ET,TOR,TEX,home,-2.38,663893,Brendon Little,mapped,identity_name_team_map,Stable identity seed from old DK-ID map. Pilot join status: matched via normalized_name_team
2026-06-25,2026-06-25T16:04:54.610294+00:00,2026-06-25,DraftKings official lineup CSV,https://www.draftkings.com/lineup/getavailableplayerscsv?contestTypeId=9&draftGroupId=149804,149804,9,Selected largest-prize regular Classic MLB draft group after excluding Turbo/Night/qualifier/satellite/showdown/snake/single-stat slates.,RP,Tyler Rogers (43369427),Tyler Rogers,43369427,P,4000,TEX@TOR 06/25/2026 07:07PM ET,06/25/2026 07:07PM ET,TOR,TEX,home,2.18,643511,Tyler Rogers,mapped,identity_name_team_map,Stable identity seed from old DK-ID map. Pilot join status: matched via normalized_name_team
2026-06-25,2026-06-25T16:04:54.610294+00:00,2026-06-25,DraftKings official lineup CSV,https://www.draftkings.com/lineup/getavailableplayerscsv?contestTypeId=9&draftGroupId=149804,149804,9,Selected largest-prize regular Classic MLB draft group after excluding Turbo/Night/qualifier/satellite/showdown/snake/single-stat slates.,RP,Cole Winn (43369431),Cole Winn,43369431,P,4000,TEX@TOR 06/25/2026 07:07PM ET,06/25/2026 07:07PM ET,TEX,TOR,away,2.06,668390,Cole Winn,mapped,identity_name_team_map,Stable identity seed from old DK-ID map. Pilot join status: matched via normalized_name_team
2026-06-25,2026-06-25T16:04:54.610294+00:00,2026-06-25,DraftKings official lineup CSV,https://www.draftkings.com/lineup/getavailableplayerscsv?contestTypeId=9&draftGroupId=149804,149804,9,Selected largest-prize regular Classic MLB draft group after excluding Turbo/Night/qualifier/satellite/showdown/snake/single-stat slates.,RP,Jakob Junis (43369443),Jakob Junis,43369443,P,4000,TEX@TOR 06/25/2026 07:07PM ET,06/25/2026 07:07PM ET,TEX,TOR,away,3.11,596001,Jakob Junis,mapped,identity_name_team_map,Stable identity seed from old DK-ID map. Pilot join status: matched via normalized_name_team
2026-06-25,2026-06-25T16:04:54.610294+00:00,2026-06-25,DraftKings official lineup CSV,https://www.draftkings.com/lineup/getavailableplayerscsv?contestTypeId=9&draftGroupId=149804,149804,9,Selected largest-prize regular Classic MLB draft group after excluding Turbo/Night/qualifier/satellite/showdown/snake/single-stat slates.,1B,Christian Walker (43368902),Christian Walker,43368902,1B,4000,HOU@DET 06/25/2026 06:40PM ET,06/25/2026 06:40PM ET,HOU,DET,away,7.79,572233,Christian Walker,mapped,identity_name_team_map,Stable identity seed from old DK-ID map. Pilot join status: matched via normalized_name_team
2026-06-25,2026-06-25T16:04:54.610294+00:00,2026-06-25,DraftKings official lineup CSV,https://www.draftkings.com/lineup/getavailableplayerscsv?contestTypeId=9&draftGroupId=149804,149804,9,Selected largest-prize regular Classic MLB draft group after excluding Turbo/Night/qualifier/satellite/showdown/snake/single-stat slates.,SP,Miguel Ullola (43369286),Miguel Ullola,43369286,P,4000,HOU@DET 06/25/2026 06:40PM ET,06/25/2026 06:40PM ET,HOU,DET,away,0,699044,Miguel Ullola,mapped,identity_name_team_map,Stable identity seed from old DK-ID map. Pilot join status: matched_people_search_name via mlb_people_search_normalized_name
2026-06-25,2026-06-25T16:04:54.610294+00:00,2026-06-25,DraftKings official lineup CSV,https://www.draftkings.com/lineup/getavailableplayerscsv?contestTypeId=9&draftGroupId=149804,149804,9,Selected largest-prize regular Classic MLB draft group after excluding Turbo/Night/qualifier/satellite/showdown/snake/single-stat slates.,SP,Jake Miller (43369287),Jake Miller,43369287,P,4000,HOU@DET 06/25/2026 06:40PM ET,06/25/2026 06:40PM ET,DET,HOU,home,0,,,needs_review_new_player,identity_name_team_map,No reviewed normalized-name/team identity alias; do not auto-guess.
2026-06-25,2026-06-25T16:04:54.610294+00:00,2026-06-25,DraftKings official lineup CSV,https://www.draftkings.com/lineup/getavailableplayerscsv?contestTypeId=9&draftGroupId=149804,149804,9,Selected largest-prize regular Classic MLB draft group after excluding Turbo/Night/qualifier/satellite/showdown/snake/single-stat slates.,RP,Jacob Waguespack (43369298),Jacob Waguespack,43369298,P,4000,HOU@DET 06/25/2026 06:40PM ET,06/25/2026 06:40PM ET,DET,HOU,home,4.12,,,needs_review_new_player,identity_name_team_map,No reviewed normalized-name/team identity alias; do not auto-guess.
2026-06-25,2026-06-25T16:04:54.610294+00:00,2026-06-25,DraftKings official lineup CSV,https://www.draftkings.com/lineup/getavailableplayerscsv?contestTypeId=9&draftGroupId=149804,149804,9,Selected largest-prize regular Classic MLB draft group after excluding Turbo/Night/qualifier/satellite/showdown/snake/single-stat slates.,RP,Ricky Vanasco (43369310),Ricky Vanasco,43369310,P,4000,HOU@DET 06/25/2026 06:40PM ET,06/25/2026 06:40PM ET,DET,HOU,home,-2.35,676568,Ricky Vanasco,mapped,identity_name_team_map,Proposed from review candidates; basis=exact normalized name + team; role-compatible; statcast_pitcher_2026; confidence=high; sources=statcast_pitcher_2026
2026-06-25,2026-06-25T16:04:54.610294+00:00,2026-06-25,DraftKings official lineup CSV,https://www.draftkings.com/lineup/getavailableplayerscsv?contestTypeId=9&draftGroupId=149804,149804,9,Selected largest-prize regular Classic MLB draft group after excluding Turbo/Night/qualifier/satellite/showdown/snake/single-stat slates.,RP,Nate Pearson (43369324),Nate Pearson,43369324,P,4000,HOU@DET 06/25/2026 06:40PM ET,06/25/2026 06:40PM ET,HOU,DET,away,3.40,663878,Nate Pearson,mapped,identity_name_team_map,Stable identity seed from old DK-ID map. Pilot join status: matched via normalized_name_team
2026-06-25,2026-06-25T16:04:54.610294+00:00,2026-06-25,DraftKings official lineup CSV,https://www.draftkings.com/lineup/getavailableplayerscsv?contestTypeId=9&draftGroupId=149804,149804,9,Selected largest-prize regular Classic MLB draft group after excluding Turbo/Night/qualifier/satellite/showdown/snake/single-stat slates.,RP,Beau Brieske (43369333),Beau Brieske,43369333,P,4000,HOU@DET 06/25/2026 06:40PM ET,06/25/2026 06:40PM ET,DET,HOU,home,-0.06,689225,Beau Brieske,mapped,identity_name_team_map,Proposed from review candidates; basis=exact normalized name + team; role-compatible; statcast_pitcher_2026; confidence=high; sources=statcast_pitcher_2026
2026-06-25,2026-06-25T16:04:54.610294+00:00,2026-06-25,DraftKings official lineup CSV,https://www.draftkings.com/lineup/getavailableplayerscsv?contestTypeId=9&draftGroupId=149804,149804,9,Selected largest-prize regular Classic MLB draft group after excluding Turbo/Night/qualifier/satellite/showdown/snake/single-stat slates.,RP,Logan VanWey (43369338),Logan VanWey,43369338,P,4000,HOU@DET 06/25/2026 06:40PM ET,06/25/2026 06:40PM ET,HOU,DET,away,4.5,701121,Logan VanWey,mapped,identity_name_team_map,Stable identity seed from old DK-ID map. Pilot join status: matched via normalized_name_team
2026-06-25,2026-06-25T16:04:54.610294+00:00,2026-06-25,DraftKings official lineup CSV,https://www.draftkings.com/lineup/getavailableplayerscsv?contestTypeId=9&draftGroupId=149804,149804,9,Selected largest-prize regular Classic MLB draft group after excluding Turbo/Night/qualifier/satellite/showdown/snake/single-stat slates.,RP,Bryan King (43369343),Bryan King,43369343,P,4000,HOU@DET 06/25/2026 06:40PM ET,06/25/2026 06:40PM ET,HOU,DET,away,2.82,687911,Bryan King,mapped,identity_name_team_map,Stable identity seed from old DK-ID map. Pilot join status: matched via normalized_name_team
2026-06-25,2026-06-25T16:04:54.610294+00:00,2026-06-25,DraftKings official lineup CSV,https://www.draftkings.com/lineup/getavailableplayerscsv?contestTypeId=9&draftGroupId=149804,149804,9,Selected largest-prize regular Classic MLB draft group after excluding Turbo/Night/qualifier/satellite/showdown/snake/single-stat slates.,RP,Josh Hader (43369347),Josh Hader,43369347,P,4000,HOU@DET 06/25/2026 06:40PM ET,06/25/2026 06:40PM ET,HOU,DET,away,5.41,623352,Josh Hader,mapped,identity_name_team_map,Stable identity seed from old DK-ID map. Pilot join status: matched via normalized_name_team
2026-06-25,2026-06-25T16:04:54.610294+00:00,2026-06-25,DraftKings official lineup CSV,https://www.draftkings.com/lineup/getavailableplayerscsv?contestTypeId=9&draftGroupId=149804,149804,9,Selected largest-prize regular Classic MLB draft group after excluding Turbo/Night/qualifier/satellite/showdown/snake/single-stat slates.,RP,Kenley Jansen (43369349),Kenley Jansen,43369349,P,4000,HOU@DET 06/25/2026 06:40PM ET,06/25/2026 06:40PM ET,DET,HOU,home,2.88,445276,Kenley Jansen,mapped,identity_name_team_map,Proposed from review candidates; basis=exact normalized name + team; role-compatible; statcast_pitcher_2026; confidence=high; sources=statcast_pitcher_2026
2026-06-25,2026-06-25T16:04:54.610294+00:00,2026-06-25,DraftKings official lineup CSV,https://www.draftkings.com/lineup/getavailableplayerscsv?contestTypeId=9&draftGroupId=149804,149804,9,Selected largest-prize regular Classic MLB draft group after excluding Turbo/Night/qualifier/satellite/showdown/snake/single-stat slates.,RP,Drew Sommers (43369354),Drew Sommers,43369354,P,4000,HOU@DET 06/25/2026 06:40PM ET,06/25/2026 06:40PM ET,DET,HOU,home,3.02,805427,Drew Sommers,mapped,identity_name_team_map,Proposed from review candidates; basis=exact normalized name + team; role-compatible; statcast_pitcher_2026; confidence=high; sources=statcast_pitcher_2026
2026-06-25,2026-06-25T16:04:54.610294+00:00,2026-06-25,DraftKings official lineup CSV,https://www.draftkings.com/lineup/getavailableplayerscsv?contestTypeId=9&draftGroupId=149804,149804,9,Selected largest-prize regular Classic MLB draft group after excluding Turbo/Night/qualifier/satellite/showdown/snake/single-stat slates.,RP,Enyel De Los Santos (43369365),Enyel De Los Santos,43369365,P,4000,HOU@DET 06/25/2026 06:40PM ET,06/25/2026 06:40PM ET,HOU,DET,away,2.45,660853,Enyel De Los Santos,mapped,identity_name_team_map,Stable identity seed from old DK-ID map. Pilot join status: matched via normalized_name_team
2026-06-25,2026-06-25T16:04:54.610294+00:00,2026-06-25,DraftKings official lineup CSV,https://www.draftkings.com/lineup/getavailableplayerscsv?contestTypeId=9&draftGroupId=149804,149804,9,Selected largest-prize regular Classic MLB draft group after excluding Turbo/Night/qualifier/satellite/showdown/snake/single-stat slates.,RP,Bennett Sousa (43369367),Bennett Sousa,43369367,P,4000,HOU@DET 06/25/2026 06:40PM ET,06/25/2026 06:40PM ET,HOU,DET,away,0.94,656986,Bennett Sousa,mapped,identity_name_team_map,Stable identity seed from old DK-ID map. Pilot join status: matched via normalized_name_team
2026-06-25,2026-06-25T16:04:54.610294+00:00,2026-06-25,DraftKings official lineup CSV,https://www.draftkings.com/lineup/getavailableplayerscsv?contestTypeId=9&draftGroupId=149804,149804,9,Selected largest-prize regular Classic MLB draft group after excluding Turbo/Night/qualifier/satellite/showdown/snake/single-stat slates.,RP,Kyle Finnegan (43369377),Kyle Finnegan,43369377,P,4000,HOU@DET 06/25/2026 06:40PM ET,06/25/2026 06:40PM ET,DET,HOU,home,2.69,640448,Kyle Finnegan,mapped,identity_name_team_map,Proposed from review candidates; basis=exact normalized name + team; role-compatible; statcast_pitcher_2026; confidence=high; sources=statcast_pitcher_2026
2026-06-25,2026-06-25T16:04:54.610294+00:00,2026-06-25,DraftKings official lineup CSV,https://www.draftkings.com/lineup/getavailableplayerscsv?contestTypeId=9&draftGroupId=149804,149804,9,Selected largest-prize regular Classic MLB draft group after excluding Turbo/Night/qualifier/satellite/showdown/snake/single-stat slates.,RP,Bailey Horn (43369381),Bailey Horn,43369381,P,4000,HOU@DET 06/25/2026 06:40PM ET,06/25/2026 06:40PM ET,DET,HOU,home,0,,,needs_review_new_player,identity_name_team_map,No reviewed normalized-name/team identity alias; do not auto-guess.
2026-06-25,2026-06-25T16:04:54.610294+00:00,2026-06-25,DraftKings official lineup CSV,https://www.draftkings.com/lineup/getavailableplayerscsv?contestTypeId=9&draftGroupId=149804,149804,9,Selected largest-prize regular Classic MLB draft group after excluding Turbo/Night/qualifier/satellite/showdown/snake/single-stat slates.,RP,Will Vest (43369382),Will Vest,43369382,P,4000,HOU@DET 06/25/2026 06:40PM ET,06/25/2026 06:40PM ET,DET,HOU,home,2.54,676684,Will Vest,mapped,identity_name_team_map,Proposed from review candidates; basis=exact normalized name + team; role-compatible; statcast_pitcher_2026; confidence=high; sources=statcast_pitcher_2026
2026-06-25,2026-06-25T16:04:54.610294+00:00,2026-06-25,DraftKings official lineup CSV,https://www.draftkings.com/lineup/getavailableplayerscsv?contestTypeId=9&draftGroupId=149804,149804,9,Selected largest-prize regular Classic MLB draft group after excluding Turbo/Night/qualifier/satellite/showdown/snake/single-stat slates.,RP,Enmanuel De Jesus (43369383),Enmanuel De Jesus,43369383,P,4000,HOU@DET 06/25/2026 06:40PM ET,06/25/2026 06:40PM ET,DET,HOU,home,3.87,646241,Enmanuel De Jesus,mapped,identity_name_team_map,Proposed from review candidates; basis=exact normalized name + team; role-compatible; statcast_pitcher_2026; confidence=high; sources=statcast_pitcher_2026
2026-06-25,2026-06-25T16:04:54.610294+00:00,2026-06-25,DraftKings official lineup CSV,https://www.draftkings.com/lineup/getavailableplayerscsv?contestTypeId=9&draftGroupId=149804,149804,9,Selected largest-prize regular Classic MLB draft group after excluding Turbo/Night/qualifier/satellite/showdown/snake/single-stat slates.,RP,Brenan Hanifee (43369388),Brenan Hanifee,43369388,P,4000,HOU@DET 06/25/2026 06:40PM ET,06/25/2026 06:40PM ET,DET,HOU,home,1.48,669724,Brenan Hanifee,mapped,identity_name_team_map,Proposed from review candidates; basis=exact normalized name + team; role-compatible; statcast_pitcher_2026; confidence=high; sources=statcast_pitcher_2026
2026-06-25,2026-06-25T16:04:54.610294+00:00,2026-06-25,DraftKings official lineup CSV,https://www.draftkings.com/lineup/getavailableplayerscsv?contestTypeId=9&draftGroupId=149804,149804,9,Selected largest-prize regular Classic MLB draft group after excluding Turbo/Night/qualifier/satellite/showdown/snake/single-stat slates.,RP,Alimber Santa (43369396),Alimber Santa,43369396,P,4000,HOU@DET 06/25/2026 06:40PM ET,06/25/2026 06:40PM ET,HOU,DET,away,4.56,695001,Alimber Santa,mapped,identity_name_team_map,Stable identity seed from old DK-ID map. Pilot join status: matched via normalized_name_team
2026-06-25,2026-06-25T16:04:54.610294+00:00,2026-06-25,DraftKings official lineup CSV,https://www.draftkings.com/lineup/getavailableplayerscsv?contestTypeId=9&draftGroupId=149804,149804,9,Selected largest-prize regular Classic MLB draft group after excluding Turbo/Night/qualifier/satellite/showdown/snake/single-stat slates.,RP,Burch Smith (43369403),Burch Smith,43369403,P,4000,HOU@DET 06/25/2026 06:40PM ET,06/25/2026 06:40PM ET,DET,HOU,home,3.94,572143,Burch Smith,mapped,identity_name_team_map,Proposed from review candidates; basis=exact normalized name + team; role-compatible; statcast_pitcher_2026; confidence=high; sources=statcast_pitcher_2026
2026-06-25,2026-06-25T16:04:54.610294+00:00,2026-06-25,DraftKings official lineup CSV,https://www.draftkings.com/lineup/getavailableplayerscsv?contestTypeId=9&draftGroupId=149804,149804,9,Selected largest-prize regular Classic MLB draft group after excluding Turbo/Night/qualifier/satellite/showdown/snake/single-stat slates.,RP,Tyler Holton (43369430),Tyler Holton,43369430,P,4000,HOU@DET 06/25/2026 06:40PM ET,06/25/2026 06:40PM ET,DET,HOU,home,2.7,663947,Tyler Holton,mapped,identity_name_team_map,Proposed from review candidates; basis=exact normalized name + team; role-compatible; statcast_pitcher_2026; confidence=high; sources=statcast_pitcher_2026
2026-06-25,2026-06-25T16:04:54.610294+00:00,2026-06-25,DraftKings official lineup CSV,https://www.draftkings.com/lineup/getavailableplayerscsv?contestTypeId=9&draftGroupId=149804,149804,9,Selected largest-prize regular Classic MLB draft group after excluding Turbo/Night/qualifier/satellite/showdown/snake/single-stat slates.,RP,Steven Okert (43369438),Steven Okert,43369438,P,4000,HOU@DET 06/25/2026 06:40PM ET,06/25/2026 06:40PM ET,HOU,DET,away,3.16,595345,Steven Okert,mapped,identity_name_team_map,Stable identity seed from old DK-ID map. Pilot join status: matched via normalized_name_team
2026-06-25,2026-06-25T16:04:54.610294+00:00,2026-06-25,DraftKings official lineup CSV,https://www.draftkings.com/lineup/getavailableplayerscsv?contestTypeId=9&draftGroupId=149804,149804,9,Selected largest-prize regular Classic MLB draft group after excluding Turbo/Night/qualifier/satellite/showdown/snake/single-stat slates.,RP,Brant Hurter (43369440),Brant Hurter,43369440,P,4000,HOU@DET 06/25/2026 06:40PM ET,06/25/2026 06:40PM ET,DET,HOU,home,3.63,676428,Brant Hurter,mapped,identity_name_team_map,Proposed from review candidates; basis=exact normalized name + team; role-compatible; statcast_pitcher_2026; confidence=high; sources=statcast_pitcher_2026
2026-06-25,2026-06-25T16:04:54.610294+00:00,2026-06-25,DraftKings official lineup CSV,https://www.draftkings.com/lineup/getavailableplayerscsv?contestTypeId=9&draftGroupId=149804,149804,9,Selected largest-prize regular Classic MLB draft group after excluding Turbo/Night/qualifier/satellite/showdown/snake/single-stat slates.,RP,Brendan Beck (43369288),Brendan Beck,43369288,P,4000,NYY@BOS 06/25/2026 07:10PM ET,06/25/2026 07:10PM ET,NYY,BOS,away,1.75,,,needs_review_new_player,identity_name_team_map,No reviewed normalized-name/team identity alias; do not auto-guess.
2026-06-25,2026-06-25T16:04:54.610294+00:00,2026-06-25,DraftKings official lineup CSV,https://www.draftkings.com/lineup/getavailableplayerscsv?contestTypeId=9&draftGroupId=149804,149804,9,Selected largest-prize regular Classic MLB draft group after excluding Turbo/Night/qualifier/satellite/showdown/snake/single-stat slates.,SP,Chase Hampton (43369289),Chase Hampton,43369289,P,4000,NYY@BOS 06/25/2026 07:10PM ET,06/25/2026 07:10PM ET,NYY,BOS,away,0,,,needs_review_new_player,identity_name_team_map,No reviewed normalized-name/team identity alias; do not auto-guess.
2026-06-25,2026-06-25T16:04:54.610294+00:00,2026-06-25,DraftKings official lineup CSV,https://www.draftkings.com/lineup/getavailableplayerscsv?contestTypeId=9&draftGroupId=149804,149804,9,Selected largest-prize regular Classic MLB draft group after excluding Turbo/Night/qualifier/satellite/showdown/snake/single-stat slates.,RP,Tyler Samaniego (43369299),Tyler Samaniego,43369299,P,4000,NYY@BOS 06/25/2026 07:10PM ET,06/25/2026 07:10PM ET,BOS,NYY,home,2.43,,,needs_review_new_player,identity_name_team_map,No reviewed normalized-name/team identity alias; do not auto-guess.
2026-06-25,2026-06-25T16:04:54.610294+00:00,2026-06-25,DraftKings official lineup CSV,https://www.draftkings.com/lineup/getavailableplayerscsv?contestTypeId=9&draftGroupId=149804,149804,9,Selected largest-prize regular Classic MLB draft group after excluding Turbo/Night/qualifier/satellite/showdown/snake/single-stat slates.,RP,Yovanny Cruz (43369301),Yovanny Cruz,43369301,P,4000,NYY@BOS 06/25/2026 07:10PM ET,06/25/2026 07:10PM ET,NYY,BOS,away,5.02,,,needs_review_new_player,identity_name_team_map,No reviewed normalized-name/team identity alias; do not auto-guess.
2026-06-25,2026-06-25T16:04:54.610294+00:00,2026-06-25,DraftKings official lineup CSV,https://www.draftkings.com/lineup/getavailableplayerscsv?contestTypeId=9&draftGroupId=149804,149804,9,Selected largest-prize regular Classic MLB draft group after excluding Turbo/Night/qualifier/satellite/showdown/snake/single-stat slates.,RP,Aroldis Chapman (43369306),Aroldis Chapman,43369306,P,4000,NYY@BOS 06/25/2026 07:10PM ET,06/25/2026 07:10PM ET,BOS,NYY,home,3.53,,,needs_review_new_player,identity_name_team_map,No reviewed normalized-name/team identity alias; do not auto-guess.
2026-06-25,2026-06-25T16:04:54.610294+00:00,2026-06-25,DraftKings official lineup CSV,https://www.draftkings.com/lineup/getavailableplayerscsv?contestTypeId=9&draftGroupId=149804,149804,9,Selected largest-prize regular Classic MLB draft group after excluding Turbo/Night/qualifier/satellite/showdown/snake/single-stat slates.,RP,Ryan Watson (43369308),Ryan Watson,43369308,P,4000,NYY@BOS 06/25/2026 07:10PM ET,06/25/2026 07:10PM ET,BOS,NYY,home,3.19,,,needs_review_new_player,identity_name_team_map,No reviewed normalized-name/team identity alias; do not auto-guess.
2026-06-25,2026-06-25T16:04:54.610294+00:00,2026-06-25,DraftKings official lineup CSV,https://www.draftkings.com/lineup/getavailableplayerscsv?contestTypeId=9&draftGroupId=149804,149804,9,Selected largest-prize regular Classic MLB draft group after excluding Turbo/Night/qualifier/satellite/showdown/snake/single-stat slates.,RP,Alec Gamboa (43369309),Alec Gamboa,43369309,P,4000,NYY@BOS 06/25/2026 07:10PM ET,06/25/2026 07:10PM ET,BOS,NYY,home,4.88,,,needs_review_new_player,identity_name_team_map,No reviewed normalized-name/team identity alias; do not auto-guess.
2026-06-25,2026-06-25T16:04:54.610294+00:00,2026-06-25,DraftKings official lineup CSV,https://www.draftkings.com/lineup/getavailableplayerscsv?contestTypeId=9&draftGroupId=149804,149804,9,Selected largest-prize regular Classic MLB draft group after excluding Turbo/Night/qualifier/satellite/showdown/snake/single-stat slates.,RP,Jovani Moran (43369317),Jovani Moran,43369317,P,4000,NYY@BOS 06/25/2026 07:10PM ET,06/25/2026 07:10PM ET,BOS,NYY,home,5.27,,,needs_review_new_player,identity_name_team_map,No reviewed normalized-name/team identity alias; do not auto-guess.
2026-06-25,2026-06-25T16:04:54.610294+00:00,2026-06-25,DraftKings official lineup CSV,https://www.draftkings.com/lineup/getavailableplayerscsv?contestTypeId=9&draftGroupId=149804,149804,9,Selected largest-prize regular Classic MLB draft group after excluding Turbo/Night/qualifier/satellite/showdown/snake/single-stat slates.,RP,Tyron Guerrero (43369319),Tyron Guerrero,43369319,P,4000,NYY@BOS 06/25/2026 07:10PM ET,06/25/2026 07:10PM ET,BOS,NYY,home,3.40,,,needs_review_new_player,identity_name_team_map,No reviewed normalized-name/team identity alias; do not auto-guess.
2026-06-25,2026-06-25T16:04:54.610294+00:00,2026-06-25,DraftKings official lineup CSV,https://www.draftkings.com/lineup/getavailableplayerscsv?contestTypeId=9&draftGroupId=149804,149804,9,Selected largest-prize regular Classic MLB draft group after excluding Turbo/Night/qualifier/satellite/showdown/snake/single-stat slates.,RP,Joe La Sorsa (43369328),Joe La Sorsa,43369328,P,4000,NYY@BOS 06/25/2026 07:10PM ET,06/25/2026 07:10PM ET,BOS,NYY,home,0.15,,,needs_review_new_player,identity_name_team_map,No reviewed normalized-name/team identity alias; do not auto-guess.
2026-06-25,2026-06-25T16:04:54.610294+00:00,2026-06-25,DraftKings official lineup CSV,https://www.draftkings.com/lineup/getavailableplayerscsv?contestTypeId=9&draftGroupId=149804,149804,9,Selected largest-prize regular Classic MLB draft group after excluding Turbo/Night/qualifier/satellite/showdown/snake/single-stat slates.,RP,Brent Headrick (43369334),Brent Headrick,43369334,P,4000,NYY@BOS 06/25/2026 07:10PM ET,06/25/2026 07:10PM ET,NYY,BOS,away,3.52,,,needs_review_new_player,identity_name_team_map,No reviewed normalized-name/team identity alias; do not auto-guess.
2026-06-25,2026-06-25T16:04:54.610294+00:00,2026-06-25,DraftKings official lineup CSV,https://www.draftkings.com/lineup/getavailableplayerscsv?contestTypeId=9&draftGroupId=149804,149804,9,Selected largest-prize regular Classic MLB draft group after excluding Turbo/Night/qualifier/satellite/showdown/snake/single-stat slates.,RP,Fernando Cruz (43369342),Fernando Cruz,43369342,P,4000,NYY@BOS 06/25/2026 07:10PM ET,06/25/2026 07:10PM ET,NYY,BOS,away,3.78,,,needs_review_new_player,identity_name_team_map,No reviewed normalized-name/team identity alias; do not auto-guess.
2026-06-25,2026-06-25T16:04:54.610294+00:00,2026-06-25,DraftKings official lineup CSV,https://www.draftkings.com/lineup/getavailableplayerscsv?contestTypeId=9&draftGroupId=149804,149804,9,Selected largest-prize regular Classic MLB draft group after excluding Turbo/Night/qualifier/satellite/showdown/snake/single-stat slates.,RP,Camilo Doval (43369345),Camilo Doval,43369345,P,4000,NYY@BOS 06/25/2026 07:10PM ET,06/25/2026 07:10PM ET,NYY,BOS,away,2.33,,,needs_review_new_player,identity_name_team_map,No reviewed normalized-name/team identity alias; do not auto-guess.
2026-06-25,2026-06-25T16:04:54.610294+00:00,2026-06-25,DraftKings official lineup CSV,https://www.draftkings.com/lineup/getavailableplayerscsv?contestTypeId=9&draftGroupId=149804,149804,9,Selected largest-prize regular Classic MLB draft group after excluding Turbo/Night/qualifier/satellite/showdown/snake/single-stat slates.,RP,Angel Chivilli (43369350),Angel Chivilli,43369350,P,4000,NYY@BOS 06/25/2026 07:10PM ET,06/25/2026 07:10PM ET,NYY,BOS,away,2.82,,,needs_review_new_player,identity_name_team_map,No reviewed normalized-name/team identity alias; do not auto-guess.
2026-06-25,2026-06-25T16:04:54.610294+00:00,2026-06-25,DraftKings official lineup CSV,https://www.draftkings.com/lineup/getavailableplayerscsv?contestTypeId=9&draftGroupId=149804,149804,9,Selected largest-prize regular Classic MLB draft group after excluding Turbo/Night/qualifier/satellite/showdown/snake/single-stat slates.,RP,Kervin Castro (43369352),Kervin Castro,43369352,P,4000,NYY@BOS 06/25/2026 07:10PM ET,06/25/2026 07:10PM ET,NYY,BOS,away,5.3,,,needs_review_new_player,identity_name_team_map,No reviewed normalized-name/team identity alias; do not auto-guess.
2026-06-25,2026-06-25T16:04:54.610294+00:00,2026-06-25,DraftKings official lineup CSV,https://www.draftkings.com/lineup/getavailableplayerscsv?contestTypeId=9&draftGroupId=149804,149804,9,Selected largest-prize regular Classic MLB draft group after excluding Turbo/Night/qualifier/satellite/showdown/snake/single-stat slates.,RP,Jake Bird (43369355),Jake Bird,43369355,P,4000,NYY@BOS 06/25/2026 07:10PM ET,06/25/2026 07:10PM ET,NYY,BOS,away,2.24,,,needs_review_new_player,identity_name_team_map,No reviewed normalized-name/team identity alias; do not auto-guess.
2026-06-25,2026-06-25T16:04:54.610294+00:00,2026-06-25,DraftKings official lineup CSV,https://www.draftkings.com/lineup/getavailableplayerscsv?contestTypeId=9&draftGroupId=149804,149804,9,Selected largest-prize regular Classic MLB draft group after excluding Turbo/Night/qualifier/satellite/showdown/snake/single-stat slates.,RP,Jack Anderson (43369359),Jack Anderson,43369359,P,4000,NYY@BOS 06/25/2026 07:10PM ET,06/25/2026 07:10PM ET,BOS,NYY,home,6,,,needs_review_new_player,identity_name_team_map,No reviewed normalized-name/team identity alias; do not auto-guess.
2026-06-25,2026-06-25T16:04:54.610294+00:00,2026-06-25,DraftKings official lineup CSV,https://www.draftkings.com/lineup/getavailableplayerscsv?contestTypeId=9&draftGroupId=149804,149804,9,Selected largest-prize regular Classic MLB draft group after excluding Turbo/Night/qualifier/satellite/showdown/snake/single-stat slates.,RP,David Bednar (43369362),David Bednar,43369362,P,4000,NYY@BOS 06/25/2026 07:10PM ET,06/25/2026 07:10PM ET,NYY,BOS,away,3.45,,,needs_review_new_player,identity_name_team_map,No reviewed normalized-name/team identity alias; do not auto-guess.
2026-06-25,2026-06-25T16:04:54.610294+00:00,2026-06-25,DraftKings official lineup CSV,https://www.draftkings.com/lineup/getavailableplayerscsv?contestTypeId=9&draftGroupId=149804,149804,9,Selected largest-prize regular Classic MLB draft group after excluding Turbo/Night/qualifier/satellite/showdown/snake/single-stat slates.,RP,Tim Hill (43369364),Tim Hill,43369364,P,4000,NYY@BOS 06/25/2026 07:10PM ET,06/25/2026 07:10PM ET,NYY,BOS,away,1.58,,,needs_review_new_player,identity_name_team_map,No reviewed normalized-name/team identity alias; do not auto-guess.
2026-06-25,2026-06-25T16:04:54.610294+00:00,2026-06-25,DraftKings official lineup CSV,https://www.draftkings.com/lineup/getavailableplayerscsv?contestTypeId=9&draftGroupId=149804,149804,9,Selected largest-prize regular Classic MLB draft group after excluding Turbo/Night/qualifier/satellite/showdown/snake/single-stat slates.,RP,Garrett Whitlock (43369369),Garrett Whitlock,43369369,P,4000,NYY@BOS 06/25/2026 07:10PM ET,06/25/2026 07:10PM ET,BOS,NYY,home,3.87,,,needs_review_new_player,identity_name_team_map,No reviewed normalized-name/team identity alias; do not auto-guess.
2026-06-25,2026-06-25T16:04:54.610294+00:00,2026-06-25,DraftKings official lineup CSV,https://www.draftkings.com/lineup/getavailableplayerscsv?contestTypeId=9&draftGroupId=149804,149804,9,Selected largest-prize regular Classic MLB draft group after excluding Turbo/Night/qualifier/satellite/showdown/snake/single-stat slates.,RP,Greg Weissert (43369400),Greg Weissert,43369400,P,4000,NYY@BOS 06/25/2026 07:10PM ET,06/25/2026 07:10PM ET,BOS,NYY,home,2.50,,,needs_review_new_player,identity_name_team_map,No reviewed normalized-name/team identity alias; do not auto-guess.
2026-06-25,2026-06-25T16:04:54.610294+00:00,2026-06-25,DraftKings official lineup CSV,https://www.draftkings.com/lineup/getavailableplayerscsv?contestTypeId=9&draftGroupId=149804,149804,9,Selected largest-prize regular Classic MLB draft group after excluding Turbo/Night/qualifier/satellite/showdown/snake/single-stat slates.,RP,Yerry de los Santos (43369401),Yerry de los Santos,43369401,P,4000,NYY@BOS 06/25/2026 07:10PM ET,06/25/2026 07:10PM ET,NYY,BOS,away,8.9,,,needs_review_new_player,identity_name_team_map,No reviewed normalized-name/team identity alias; do not auto-guess.
2026-06-25,2026-06-25T16:04:54.610294+00:00,2026-06-25,DraftKings official lineup CSV,https://www.draftkings.com/lineup/getavailableplayerscsv?contestTypeId=9&draftGroupId=149804,149804,9,Selected largest-prize regular Classic MLB draft group after excluding Turbo/Night/qualifier/satellite/showdown/snake/single-stat slates.,RP,Justin Slaten (43369408),Justin Slaten,43369408,P,4000,NYY@BOS 06/25/2026 07:10PM ET,06/25/2026 07:10PM ET,BOS,NYY,home,1.93,,,needs_review_new_player,identity_name_team_map,No reviewed normalized-name/team identity alias; do not auto-guess.
2026-06-25,2026-06-25T16:04:54.610294+00:00,2026-06-25,DraftKings official lineup CSV,https://www.draftkings.com/lineup/getavailableplayerscsv?contestTypeId=9&draftGroupId=149804,149804,9,Selected largest-prize regular Classic MLB draft group after excluding Turbo/Night/qualifier/satellite/showdown/snake/single-stat slates.,RP,Tommy Kahnle (43369417),Tommy Kahnle,43369417,P,4000,NYY@BOS 06/25/2026 07:10PM ET,06/25/2026 07:10PM ET,BOS,NYY,home,2.09,,,needs_review_new_player,identity_name_team_map,No reviewed normalized-name/team identity alias; do not auto-guess.
2026-06-25,2026-06-25T16:04:54.610294+00:00,2026-06-25,DraftKings official lineup CSV,https://www.draftkings.com/lineup/getavailableplayerscsv?contestTypeId=9&draftGroupId=149804,149804,9,Selected largest-prize regular Classic MLB draft group after excluding Turbo/Night/qualifier/satellite/showdown/snake/single-stat slates.,RP,Zack Kelly (43369435),Zack Kelly,43369435,P,4000,NYY@BOS 06/25/2026 07:10PM ET,06/25/2026 07:10PM ET,BOS,NYY,home,2.21,,,needs_review_new_player,identity_name_team_map,No reviewed normalized-name/team identity alias; do not auto-guess.
2026-06-25,2026-06-25T16:04:54.610294+00:00,2026-06-25,DraftKings official lineup CSV,https://www.draftkings.com/lineup/getavailableplayerscsv?contestTypeId=9&draftGroupId=149804,149804,9,Selected largest-prize regular Classic MLB draft group after excluding Turbo/Night/qualifier/satellite/showdown/snake/single-stat slates.,RP,Tyler Uberstine (43369437),Tyler Uberstine,43369437,P,4000,NYY@BOS 06/25/2026 07:10PM ET,06/25/2026 07:10PM ET,BOS,NYY,home,5.6,,,needs_review_new_player,identity_name_team_map,No reviewed normalized-name/team identity alias; do not auto-guess.
2026-06-25,2026-06-25T16:04:54.610294+00:00,2026-06-25,DraftKings official lineup CSV,https://www.draftkings.com/lineup/getavailableplayerscsv?contestTypeId=9&draftGroupId=149804,149804,9,Selected largest-prize regular Classic MLB draft group after excluding Turbo/Night/qualifier/satellite/showdown/snake/single-stat slates.,RP,Danny Coulombe (43369441),Danny Coulombe,43369441,P,4000,NYY@BOS 06/25/2026 07:10PM ET,06/25/2026 07:10PM ET,BOS,NYY,home,1.14,,,needs_review_new_player,identity_name_team_map,No reviewed normalized-name/team identity alias; do not auto-guess.
2026-06-25,2026-06-25T16:04:54.610294+00:00,2026-06-25,DraftKings official lineup CSV,https://www.draftkings.com/lineup/getavailableplayerscsv?contestTypeId=9&draftGroupId=149804,149804,9,Selected largest-prize regular Classic MLB draft group after excluding Turbo/Night/qualifier/satellite/showdown/snake/single-stat slates.,OF,Lars Nootbaar (43368903),Lars Nootbaar,43368903,OF,4000,ARI@STL 06/25/2026 07:45PM ET,06/25/2026 07:45PM ET,STL,ARI,home,8,663457,Lars Nootbaar,mapped,identity_name_team_map,Stable identity seed from old DK-ID map. Pilot join status: matched via normalized_name_team
2026-06-25,2026-06-25T16:04:54.610294+00:00,2026-06-25,DraftKings official lineup CSV,https://www.draftkings.com/lineup/getavailableplayerscsv?contestTypeId=9&draftGroupId=149804,149804,9,Selected largest-prize regular Classic MLB draft group after excluding Turbo/Night/qualifier/satellite/showdown/snake/single-stat slates.,RP,Gordon Graceffo (43369280),Gordon Graceffo,43369280,P,4000,ARI@STL 06/25/2026 07:45PM ET,06/25/2026 07:45PM ET,STL,ARI,home,2.61,700669,Gordon Graceffo,mapped,identity_name_team_map,Stable identity seed from old DK-ID map. Pilot join status: matched via normalized_name_team
2026-06-25,2026-06-25T16:04:54.610294+00:00,2026-06-25,DraftKings official lineup CSV,https://www.draftkings.com/lineup/getavailableplayerscsv?contestTypeId=9&draftGroupId=149804,149804,9,Selected largest-prize regular Classic MLB draft group after excluding Turbo/Night/qualifier/satellite/showdown/snake/single-stat slates.,RP,Blake Walston (43369284),Blake Walston,43369284,P,4000,ARI@STL 06/25/2026 07:45PM ET,06/25/2026 07:45PM ET,ARI,STL,away,0,,,needs_review_new_player,identity_name_team_map,No reviewed normalized-name/team identity alias; do not auto-guess.
2026-06-25,2026-06-25T16:04:54.610294+00:00,2026-06-25,DraftKings official lineup CSV,https://www.draftkings.com/lineup/getavailableplayerscsv?contestTypeId=9&draftGroupId=149804,149804,9,Selected largest-prize regular Classic MLB draft group after excluding Turbo/Night/qualifier/satellite/showdown/snake/single-stat slates.,RP,Cooper Hjerpe (43369285),Cooper Hjerpe,43369285,P,4000,ARI@STL 06/25/2026 07:45PM ET,06/25/2026 07:45PM ET,STL,ARI,home,0,687309,Cooper Hjerpe,mapped,identity_name_team_map,Stable identity seed from old DK-ID map. Pilot join status: matched_people_search_name via mlb_people_search_normalized_name
2026-06-25,2026-06-25T16:04:54.610294+00:00,2026-06-25,DraftKings official lineup CSV,https://www.draftkings.com/lineup/getavailableplayerscsv?contestTypeId=9&draftGroupId=149804,149804,9,Selected largest-prize regular Classic MLB draft group after excluding Turbo/Night/qualifier/satellite/showdown/snake/single-stat slates.,SP,Dylan Ray (43369291),Dylan Ray,43369291,P,4000,ARI@STL 06/25/2026 07:45PM ET,06/25/2026 07:45PM ET,ARI,STL,away,0,,,needs_review_new_player,identity_name_team_map,No reviewed normalized-name/team identity alias; do not auto-guess.
2026-06-25,2026-06-25T16:04:54.610294+00:00,2026-06-25,DraftKings official lineup CSV,https://www.draftkings.com/lineup/getavailableplayerscsv?contestTypeId=9&draftGroupId=149804,149804,9,Selected largest-prize regular Classic MLB draft group after excluding Turbo/Night/qualifier/satellite/showdown/snake/single-stat slates.,SP,Jose Cabrera (43369294),Jose Cabrera,43369294,P,4000,ARI@STL 06/25/2026 07:45PM ET,06/25/2026 07:45PM ET,ARI,STL,away,14.85,,,needs_review_new_player,identity_name_team_map,No reviewed normalized-name/team identity alias; do not auto-guess.
2026-06-25,2026-06-25T16:04:54.610294+00:00,2026-06-25,DraftKings official lineup CSV,https://www.draftkings.com/lineup/getavailableplayerscsv?contestTypeId=9&draftGroupId=149804,149804,9,Selected largest-prize regular Classic MLB draft group after excluding Turbo/Night/qualifier/satellite/showdown/snake/single-stat slates.,RP,JoJo Romero (43369297),JoJo Romero,43369297,P,4000,ARI@STL 06/25/2026 07:45PM ET,06/25/2026 07:45PM ET,STL,ARI,home,2.48,668941,JoJo Romero,mapped,identity_name_team_map,Stable identity seed from old DK-ID map. Pilot join status: matched via normalized_name_team
2026-06-25,2026-06-25T16:04:54.610294+00:00,2026-06-25,DraftKings official lineup CSV,https://www.draftkings.com/lineup/getavailableplayerscsv?contestTypeId=9&draftGroupId=149804,149804,9,Selected largest-prize regular Classic MLB draft group after excluding Turbo/Night/qualifier/satellite/showdown/snake/single-stat slates.,RP,Kade Strowd (43369304),Kade Strowd,43369304,P,4000,ARI@STL 06/25/2026 07:45PM ET,06/25/2026 07:45PM ET,ARI,STL,away,-0.15,,,needs_review_new_player,identity_name_team_map,No reviewed normalized-name/team identity alias; do not auto-guess.
2026-06-25,2026-06-25T16:04:54.610294+00:00,2026-06-25,DraftKings official lineup CSV,https://www.draftkings.com/lineup/getavailableplayerscsv?contestTypeId=9&draftGroupId=149804,149804,9,Selected largest-prize regular Classic MLB draft group after excluding Turbo/Night/qualifier/satellite/showdown/snake/single-stat slates.,RP,Taylor Clarke (43369311),Taylor Clarke,43369311,P,4000,ARI@STL 06/25/2026 07:45PM ET,06/25/2026 07:45PM ET,ARI,STL,away,2.57,,,needs_review_new_player,identity_name_team_map,No reviewed normalized-name/team identity alias; do not auto-guess.
2026-06-25,2026-06-25T16:04:54.610294+00:00,2026-06-25,DraftKings official lineup CSV,https://www.draftkings.com/lineup/getavailableplayerscsv?contestTypeId=9&draftGroupId=149804,149804,9,Selected largest-prize regular Classic MLB draft group after excluding Turbo/Night/qualifier/satellite/showdown/snake/single-stat slates.,RP,Juan Burgos (43369314),Juan Burgos,43369314,P,4000,ARI@STL 06/25/2026 07:45PM ET,06/25/2026 07:45PM ET,ARI,STL,away,0,,,needs_review_new_player,identity_name_team_map,No reviewed normalized-name/team identity alias; do not auto-guess.
2026-06-25,2026-06-25T16:04:54.610294+00:00,2026-06-25,DraftKings official lineup CSV,https://www.draftkings.com/lineup/getavailableplayerscsv?contestTypeId=9&draftGroupId=149804,149804,9,Selected largest-prize regular Classic MLB draft group after excluding Turbo/Night/qualifier/satellite/showdown/snake/single-stat slates.,RP,George Soriano (43369315),George Soriano,43369315,P,4000,ARI@STL 06/25/2026 07:45PM ET,06/25/2026 07:45PM ET,STL,ARI,home,2.78,666277,George Soriano,mapped,identity_name_team_map,Stable identity seed from old DK-ID map. Pilot join status: matched via normalized_name_team
2026-06-25,2026-06-25T16:04:54.610294+00:00,2026-06-25,DraftKings official lineup CSV,https://www.draftkings.com/lineup/getavailableplayerscsv?contestTypeId=9&draftGroupId=149804,149804,9,Selected largest-prize regular Classic MLB draft group after excluding Turbo/Night/qualifier/satellite/showdown/snake/single-stat slates.,RP,Ryne Stanek (43369321),Ryne Stanek,43369321,P,4000,ARI@STL 06/25/2026 07:45PM ET,06/25/2026 07:45PM ET,STL,ARI,home,2.56,592773,Ryne Stanek,mapped,identity_name_team_map,Stable identity seed from old DK-ID map. Pilot join status: matched via normalized_name_team
2026-06-25,2026-06-25T16:04:54.610294+00:00,2026-06-25,DraftKings official lineup CSV,https://www.draftkings.com/lineup/getavailableplayerscsv?contestTypeId=9&draftGroupId=149804,149804,9,Selected largest-prize regular Classic MLB draft group after excluding Turbo/Night/qualifier/satellite/showdown/snake/single-stat slates.,RP,Justin Bruihl (43369323),Justin Bruihl,43369323,P,4000,ARI@STL 06/25/2026 07:45PM ET,06/25/2026 07:45PM ET,STL,ARI,home,1.8,677865,Justin Bruihl,mapped,identity_name_team_map,Stable identity seed from old DK-ID map. Pilot join status: matched via normalized_name_team
2026-06-25,2026-06-25T16:04:54.610294+00:00,2026-06-25,DraftKings official lineup CSV,https://www.draftkings.com/lineup/getavailableplayerscsv?contestTypeId=9&draftGroupId=149804,149804,9,Selected largest-prize regular Classic MLB draft group after excluding Turbo/Night/qualifier/satellite/showdown/snake/single-stat slates.,RP,Justin Martinez (43369330),Justin Martinez,43369330,P,4000,ARI@STL 06/25/2026 07:45PM ET,06/25/2026 07:45PM ET,ARI,STL,away,0,,,needs_review_new_player,identity_name_team_map,No reviewed normalized-name/team identity alias; do not auto-guess.
2026-06-25,2026-06-25T16:04:54.610294+00:00,2026-06-25,DraftKings official lineup CSV,https://www.draftkings.com/lineup/getavailableplayerscsv?contestTypeId=9&draftGroupId=149804,149804,9,Selected largest-prize regular Classic MLB draft group after excluding Turbo/Night/qualifier/satellite/showdown/snake/single-stat slates.,RP,Ryan Thompson (43369339),Ryan Thompson,43369339,P,4000,ARI@STL 06/25/2026 07:45PM ET,06/25/2026 07:45PM ET,ARI,STL,away,2.40,,,needs_review_new_player,identity_name_team_map,No reviewed normalized-name/team identity alias; do not auto-guess.
2026-06-25,2026-06-25T16:04:54.610294+00:00,2026-06-25,DraftKings official lineup CSV,https://www.draftkings.com/lineup/getavailableplayerscsv?contestTypeId=9&draftGroupId=149804,149804,9,Selected largest-prize regular Classic MLB draft group after excluding Turbo/Night/qualifier/satellite/showdown/snake/single-stat slates.,RP,Drey Jameson (43369340),Drey Jameson,43369340,P,4000,ARI@STL 06/25/2026 07:45PM ET,06/25/2026 07:45PM ET,ARI,STL,away,2.68,,,needs_review_new_player,identity_name_team_map,No reviewed normalized-name/team identity alias; do not auto-guess.
2026-06-25,2026-06-25T16:04:54.610294+00:00,2026-06-25,DraftKings official lineup CSV,https://www.draftkings.com/lineup/getavailableplayerscsv?contestTypeId=9&draftGroupId=149804,149804,9,Selected largest-prize regular Classic MLB draft group after excluding Turbo/Night/qualifier/satellite/showdown/snake/single-stat slates.,RP,John Curtiss (43369341),John Curtiss,43369341,P,4000,ARI@STL 06/25/2026 07:45PM ET,06/25/2026 07:45PM ET,ARI,STL,away,0,,,needs_review_new_player,identity_name_team_map,No reviewed normalized-name/team identity alias; do not auto-guess.
2026-06-25,2026-06-25T16:04:54.610294+00:00,2026-06-25,DraftKings official lineup CSV,https://www.draftkings.com/lineup/getavailableplayerscsv?contestTypeId=9&draftGroupId=149804,149804,9,Selected largest-prize regular Classic MLB draft group after excluding Turbo/Night/qualifier/satellite/showdown/snake/single-stat slates.,RP,Andrew Saalfrank (43369346),Andrew Saalfrank,43369346,P,4000,ARI@STL 06/25/2026 07:45PM ET,06/25/2026 07:45PM ET,ARI,STL,away,0,,,needs_review_new_player,identity_name_team_map,No reviewed normalized-name/team identity alias; do not auto-guess.
2026-06-25,2026-06-25T16:04:54.610294+00:00,2026-06-25,DraftKings official lineup CSV,https://www.draftkings.com/lineup/getavailableplayerscsv?contestTypeId=9&draftGroupId=149804,149804,9,Selected largest-prize regular Classic MLB draft group after excluding Turbo/Night/qualifier/satellite/showdown/snake/single-stat slates.,RP,Andrew Hoffmann (43369351),Andrew Hoffmann,43369351,P,4000,ARI@STL 06/25/2026 07:45PM ET,06/25/2026 07:45PM ET,ARI,STL,away,2.08,,,needs_review_new_player,identity_name_team_map,No reviewed normalized-name/team identity alias; do not auto-guess.
2026-06-25,2026-06-25T16:04:54.610294+00:00,2026-06-25,DraftKings official lineup CSV,https://www.draftkings.com/lineup/getavailableplayerscsv?contestTypeId=9&draftGroupId=149804,149804,9,Selected largest-prize regular Classic MLB draft group after excluding Turbo/Night/qualifier/satellite/showdown/snake/single-stat slates.,RP,A.J. Puk (43369372),A.J. Puk,43369372,P,4000,ARI@STL 06/25/2026 07:45PM ET,06/25/2026 07:45PM ET,ARI,STL,away,0,,,needs_review_new_player,identity_name_team_map,No reviewed normalized-name/team identity alias; do not auto-guess.
2026-06-25,2026-06-25T16:04:54.610294+00:00,2026-06-25,DraftKings official lineup CSV,https://www.draftkings.com/lineup/getavailableplayerscsv?contestTypeId=9&draftGroupId=149804,149804,9,Selected largest-prize regular Classic MLB draft group after excluding Turbo/Night/qualifier/satellite/showdown/snake/single-stat slates.,RP,Kevin Ginkel (43369373),Kevin Ginkel,43369373,P,4000,ARI@STL 06/25/2026 07:45PM ET,06/25/2026 07:45PM ET,ARI,STL,away,3.26,,,needs_review_new_player,identity_name_team_map,No reviewed normalized-name/team identity alias; do not auto-guess.
2026-06-25,2026-06-25T16:04:54.610294+00:00,2026-06-25,DraftKings official lineup CSV,https://www.draftkings.com/lineup/getavailableplayerscsv?contestTypeId=9&draftGroupId=149804,149804,9,Selected largest-prize regular Classic MLB draft group after excluding Turbo/Night/qualifier/satellite/showdown/snake/single-stat slates.,RP,Jonathan Loaisiga (43369378),Jonathan Loaisiga,43369378,P,4000,ARI@STL 06/25/2026 07:45PM ET,06/25/2026 07:45PM ET,ARI,STL,away,2.23,,,needs_review_new_player,identity_name_team_map,No reviewed normalized-name/team identity alias; do not auto-guess.
2026-06-25,2026-06-25T16:04:54.610294+00:00,2026-06-25,DraftKings official lineup CSV,https://www.draftkings.com/lineup/getavailableplayerscsv?contestTypeId=9&draftGroupId=149804,149804,9,Selected largest-prize regular Classic MLB draft group after excluding Turbo/Night/qualifier/satellite/showdown/snake/single-stat slates.,RP,Juan Morillo (43369379),Juan Morillo,43369379,P,4000,ARI@STL 06/25/2026 07:45PM ET,06/25/2026 07:45PM ET,ARI,STL,away,3.31,,,needs_review_new_player,identity_name_team_map,No reviewed normalized-name/team identity alias; do not auto-guess.
2026-06-25,2026-06-25T16:04:54.610294+00:00,2026-06-25,DraftKings official lineup CSV,https://www.draftkings.com/lineup/getavailableplayerscsv?contestTypeId=9&draftGroupId=149804,149804,9,Selected largest-prize regular Classic MLB draft group after excluding Turbo/Night/qualifier/satellite/showdown/snake/single-stat slates.,RP,Ryan Fernandez (43369380),Ryan Fernandez,43369380,P,4000,ARI@STL 06/25/2026 07:45PM ET,06/25/2026 07:45PM ET,STL,ARI,home,6.85,681676,Ryan Fernandez,mapped,identity_name_team_map,Stable identity seed from old DK-ID map. Pilot join status: matched via normalized_name_team
2026-06-25,2026-06-25T16:04:54.610294+00:00,2026-06-25,DraftKings official lineup CSV,https://www.draftkings.com/lineup/getavailableplayerscsv?contestTypeId=9&draftGroupId=149804,149804,9,Selected largest-prize regular Classic MLB draft group after excluding Turbo/Night/qualifier/satellite/showdown/snake/single-stat slates.,RP,Max Rajcic (43369389),Max Rajcic,43369389,P,4000,ARI@STL 06/25/2026 07:45PM ET,06/25/2026 07:45PM ET,STL,ARI,home,4.08,,,needs_review_new_player,identity_name_team_map,No reviewed normalized-name/team identity alias; do not auto-guess.
2026-06-25,2026-06-25T16:04:54.610294+00:00,2026-06-25,DraftKings official lineup CSV,https://www.draftkings.com/lineup/getavailableplayerscsv?contestTypeId=9&draftGroupId=149804,149804,9,Selected largest-prize regular Classic MLB draft group after excluding Turbo/Night/qualifier/satellite/showdown/snake/single-stat slates.,RP,Brandyn Garcia (43369391),Brandyn Garcia,43369391,P,4000,ARI@STL 06/25/2026 07:45PM ET,06/25/2026 07:45PM ET,ARI,STL,away,2.75,,,needs_review_new_player,identity_name_team_map,No reviewed normalized-name/team identity alias; do not auto-guess.
2026-06-25,2026-06-25T16:04:54.610294+00:00,2026-06-25,DraftKings official lineup CSV,https://www.draftkings.com/lineup/getavailableplayerscsv?contestTypeId=9&draftGroupId=149804,149804,9,Selected largest-prize regular Classic MLB draft group after excluding Turbo/Night/qualifier/satellite/showdown/snake/single-stat slates.,RP,Philip Abner (43369399),Philip Abner,43369399,P,4000,ARI@STL 06/25/2026 07:45PM ET,06/25/2026 07:45PM ET,ARI,STL,away,0.55,,,needs_review_new_player,identity_name_team_map,No reviewed normalized-name/team identity alias; do not auto-guess.
2026-06-25,2026-06-25T16:04:54.610294+00:00,2026-06-25,DraftKings official lineup CSV,https://www.draftkings.com/lineup/getavailableplayerscsv?contestTypeId=9&draftGroupId=149804,149804,9,Selected largest-prize regular Classic MLB draft group after excluding Turbo/Night/qualifier/satellite/showdown/snake/single-stat slates.,RP,Paul Sewald (43369412),Paul Sewald,43369412,P,4000,ARI@STL 06/25/2026 07:45PM ET,06/25/2026 07:45PM ET,ARI,STL,away,3.05,,,needs_review_new_player,identity_name_team_map,No reviewed normalized-name/team identity alias; do not auto-guess.
2026-06-25,2026-06-25T16:04:54.610294+00:00,2026-06-25,DraftKings official lineup CSV,https://www.draftkings.com/lineup/getavailableplayerscsv?contestTypeId=9&draftGroupId=149804,149804,9,Selected largest-prize regular Classic MLB draft group after excluding Turbo/Night/qualifier/satellite/showdown/snake/single-stat slates.,RP,Matt Svanson (43369420),Matt Svanson,43369420,P,4000,ARI@STL 06/25/2026 07:45PM ET,06/25/2026 07:45PM ET,STL,ARI,home,2.02,694335,Matt Svanson,mapped,identity_name_team_map,Stable identity seed from old DK-ID map. Pilot join status: matched via normalized_name_team
2026-06-25,2026-06-25T16:04:54.610294+00:00,2026-06-25,DraftKings official lineup CSV,https://www.draftkings.com/lineup/getavailableplayerscsv?contestTypeId=9&draftGroupId=149804,149804,9,Selected largest-prize regular Classic MLB draft group after excluding Turbo/Night/qualifier/satellite/showdown/snake/single-stat slates.,SP,Cristian Mena (43369421),Cristian Mena,43369421,P,4000,ARI@STL 06/25/2026 07:45PM ET,06/25/2026 07:45PM ET,ARI,STL,away,0,,,needs_review_new_player,identity_name_team_map,No reviewed normalized-name/team identity alias; do not auto-guess.
2026-06-25,2026-06-25T16:04:54.610294+00:00,2026-06-25,DraftKings official lineup CSV,https://www.draftkings.com/lineup/getavailableplayerscsv?contestTypeId=9&draftGroupId=149804,149804,9,Selected largest-prize regular Classic MLB draft group after excluding Turbo/Night/qualifier/satellite/showdown/snake/single-stat slates.,SP,Riley O'Brien (43369424),Riley O'Brien,43369424,P,4000,ARI@STL 06/25/2026 07:45PM ET,06/25/2026 07:45PM ET,STL,ARI,home,2.89,676617,Riley O'Brien,mapped,identity_name_team_map,Stable identity seed from old DK-ID map. Pilot join status: matched via normalized_name_team
2026-06-25,2026-06-25T16:04:54.610294+00:00,2026-06-25,DraftKings official lineup CSV,https://www.draftkings.com/lineup/getavailableplayerscsv?contestTypeId=9&draftGroupId=149804,149804,9,Selected largest-prize regular Classic MLB draft group after excluding Turbo/Night/qualifier/satellite/showdown/snake/single-stat slates.,RP,Antoine Kelly (43369281),Antoine Kelly,43369281,P,4000,CHC@NYM 06/25/2026 07:10PM ET,06/25/2026 07:10PM ET,CHC,NYM,away,0,,,needs_review_new_player,identity_name_team_map,No reviewed normalized-name/team identity alias; do not auto-guess.
2026-06-25,2026-06-25T16:04:54.610294+00:00,2026-06-25,DraftKings official lineup CSV,https://www.draftkings.com/lineup/getavailableplayerscsv?contestTypeId=9&draftGroupId=149804,149804,9,Selected largest-prize regular Classic MLB draft group after excluding Turbo/Night/qualifier/satellite/showdown/snake/single-stat slates.,RP,Dylan Ross (43369292),Dylan Ross,43369292,P,4000,CHC@NYM 06/25/2026 07:10PM ET,06/25/2026 07:10PM ET,NYM,CHC,home,0,697811,Dylan Ross,mapped,identity_name_team_map,Stable identity seed from old DK-ID map. Pilot join status: matched_people_search_name via mlb_people_search_normalized_name
2026-06-25,2026-06-25T16:04:54.610294+00:00,2026-06-25,DraftKings official lineup CSV,https://www.draftkings.com/lineup/getavailableplayerscsv?contestTypeId=9&draftGroupId=149804,149804,9,Selected largest-prize regular Classic MLB draft group after excluding Turbo/Night/qualifier/satellite/showdown/snake/single-stat slates.,RP,Anderson Severino (43369295),Anderson Severino,43369295,P,4000,CHC@NYM 06/25/2026 07:10PM ET,06/25/2026 07:10PM ET,NYM,CHC,home,0,644429,Anderson Severino,mapped,identity_name_team_map,Stable identity seed from old DK-ID map. Pilot join status: matched_people_search_name via mlb_people_search_normalized_name
2026-06-25,2026-06-25T16:04:54.610294+00:00,2026-06-25,DraftKings official lineup CSV,https://www.draftkings.com/lineup/getavailableplayerscsv?contestTypeId=9&draftGroupId=149804,149804,9,Selected largest-prize regular Classic MLB draft group after excluding Turbo/Night/qualifier/satellite/showdown/snake/single-stat slates.,RP,Luke Weaver (43369296),Luke Weaver,43369296,P,4000,CHC@NYM 06/25/2026 07:10PM ET,06/25/2026 07:10PM ET,NYM,CHC,home,3.75,596133,Luke Weaver,mapped,identity_name_team_map,Stable identity seed from old DK-ID map. Pilot join status: matched via normalized_name_team
2026-06-25,2026-06-25T16:04:54.610294+00:00,2026-06-25,DraftKings official lineup CSV,https://www.draftkings.com/lineup/getavailableplayerscsv?contestTypeId=9&draftGroupId=149804,149804,9,Selected largest-prize regular Classic MLB draft group after excluding Turbo/Night/qualifier/satellite/showdown/snake/single-stat slates.,RP,Hoby Milner (43369307),Hoby Milner,43369307,P,4000,CHC@NYM 06/25/2026 07:10PM ET,06/25/2026 07:10PM ET,CHC,NYM,away,1.85,571948,Hoby Milner,mapped,identity_name_team_map,Stable identity seed from old DK-ID map. Pilot join status: matched via normalized_name_team
2026-06-25,2026-06-25T16:04:54.610294+00:00,2026-06-25,DraftKings official lineup CSV,https://www.draftkings.com/lineup/getavailableplayerscsv?contestTypeId=9&draftGroupId=149804,149804,9,Selected largest-prize regular Classic MLB draft group after excluding Turbo/Night/qualifier/satellite/showdown/snake/single-stat slates.,RP,Reed Garrett (43369313),Reed Garrett,43369313,P,4000,CHC@NYM 06/25/2026 07:10PM ET,06/25/2026 07:10PM ET,NYM,CHC,home,0,657585,Reed Garrett,mapped,identity_name_team_map,Stable identity seed from old DK-ID map. Pilot join status: matched_people_search_name via mlb_people_search_normalized_name
2026-06-25,2026-06-25T16:04:54.610294+00:00,2026-06-25,DraftKings official lineup CSV,https://www.draftkings.com/lineup/getavailableplayerscsv?contestTypeId=9&draftGroupId=149804,149804,9,Selected largest-prize regular Classic MLB draft group after excluding Turbo/Night/qualifier/satellite/showdown/snake/single-stat slates.,RP,Alex Carrillo (43369325),Alex Carrillo,43369325,P,4000,CHC@NYM 06/25/2026 07:10PM ET,06/25/2026 07:10PM ET,NYM,CHC,home,0,692024,Alex Carrillo,mapped,identity_name_team_map,Stable identity seed from old DK-ID map. Pilot join status: matched_people_search_name via mlb_people_search_normalized_name
2026-06-25,2026-06-25T16:04:54.610294+00:00,2026-06-25,DraftKings official lineup CSV,https://www.draftkings.com/lineup/getavailableplayerscsv?contestTypeId=9&draftGroupId=149804,149804,9,Selected largest-prize regular Classic MLB draft group after excluding Turbo/Night/qualifier/satellite/showdown/snake/single-stat slates.,RP,Ethan Roberts (43369327),Ethan Roberts,43369327,P,4000,CHC@NYM 06/25/2026 07:10PM ET,06/25/2026 07:10PM ET,CHC,NYM,away,2.60,681799,Ethan Roberts,mapped,identity_name_team_map,Stable identity seed from old DK-ID map. Pilot join status: matched via normalized_name_team
2026-06-25,2026-06-25T16:04:54.610294+00:00,2026-06-25,DraftKings official lineup CSV,https://www.draftkings.com/lineup/getavailableplayerscsv?contestTypeId=9&draftGroupId=149804,149804,9,Selected largest-prize regular Classic MLB draft group after excluding Turbo/Night/qualifier/satellite/showdown/snake/single-stat slates.,RP,Hunter Harvey (43369331),Hunter Harvey,43369331,P,4000,CHC@NYM 06/25/2026 07:10PM ET,06/25/2026 07:10PM ET,CHC,NYM,away,1.85,640451,Hunter Harvey,mapped,identity_name_team_map,Stable identity seed from old DK-ID map. Pilot join status: matched via normalized_name_team
2026-06-25,2026-06-25T16:04:54.610294+00:00,2026-06-25,DraftKings official lineup CSV,https://www.draftkings.com/lineup/getavailableplayerscsv?contestTypeId=9&draftGroupId=149804,149804,9,Selected largest-prize regular Classic MLB draft group after excluding Turbo/Night/qualifier/satellite/showdown/snake/single-stat slates.,RP,Trent Thornton (43369332),Trent Thornton,43369332,P,4000,CHC@NYM 06/25/2026 07:10PM ET,06/25/2026 07:10PM ET,CHC,NYM,away,2.93,663423,Trent Thornton,mapped,identity_name_team_map,Stable identity seed from old DK-ID map. Pilot join status: matched via normalized_name_team
2026-06-25,2026-06-25T16:04:54.610294+00:00,2026-06-25,DraftKings official lineup CSV,https://www.draftkings.com/lineup/getavailableplayerscsv?contestTypeId=9&draftGroupId=149804,149804,9,Selected largest-prize regular Classic MLB draft group after excluding Turbo/Night/qualifier/satellite/showdown/snake/single-stat slates.,RP,Dedniel Nunez (43369335),Dedniel Nunez,43369335,P,4000,CHC@NYM 06/25/2026 07:10PM ET,06/25/2026 07:10PM ET,NYM,CHC,home,0,673380,Dedniel Núñez,mapped,identity_name_team_map,Stable identity seed from old DK-ID map. Pilot join status: matched_people_search_name via mlb_people_search_normalized_name
2026-06-25,2026-06-25T16:04:54.610294+00:00,2026-06-25,DraftKings official lineup CSV,https://www.draftkings.com/lineup/getavailableplayerscsv?contestTypeId=9&draftGroupId=149804,149804,9,Selected largest-prize regular Classic MLB draft group after excluding Turbo/Night/qualifier/satellite/showdown/snake/single-stat slates.,RP,Cionel Perez (43369344),Cionel Perez,43369344,P,4000,CHC@NYM 06/25/2026 07:10PM ET,06/25/2026 07:10PM ET,NYM,CHC,home,2.5,672335,Cionel Pérez,mapped,identity_name_team_map,Stable identity seed from old DK-ID map. Pilot join status: matched via normalized_name_team
2026-06-25,2026-06-25T16:04:54.610294+00:00,2026-06-25,DraftKings official lineup CSV,https://www.draftkings.com/lineup/getavailableplayerscsv?contestTypeId=9&draftGroupId=149804,149804,9,Selected largest-prize regular Classic MLB draft group after excluding Turbo/Night/qualifier/satellite/showdown/snake/single-stat slates.,RP,Jacob Webb (43369348),Jacob Webb,43369348,P,4000,CHC@NYM 06/25/2026 07:10PM ET,06/25/2026 07:10PM ET,CHC,NYM,away,3.04,657097,Jacob Webb,mapped,identity_name_team_map,Stable identity seed from old DK-ID map. Pilot join status: matched via normalized_name_team
2026-06-25,2026-06-25T16:04:54.610294+00:00,2026-06-25,DraftKings official lineup CSV,https://www.draftkings.com/lineup/getavailableplayerscsv?contestTypeId=9&draftGroupId=149804,149804,9,Selected largest-prize regular Classic MLB draft group after excluding Turbo/Night/qualifier/satellite/showdown/snake/single-stat slates.,RP,Phil Maton (43369356),Phil Maton,43369356,P,4000,CHC@NYM 06/25/2026 07:10PM ET,06/25/2026 07:10PM ET,CHC,NYM,away,1.78,664208,Phil Maton,mapped,identity_name_team_map,Stable identity seed from old DK-ID map. Pilot join status: matched via normalized_name_team
2026-06-25,2026-06-25T16:04:54.610294+00:00,2026-06-25,DraftKings official lineup CSV,https://www.draftkings.com/lineup/getavailableplayerscsv?contestTypeId=9&draftGroupId=149804,149804,9,Selected largest-prize regular Classic MLB draft group after excluding Turbo/Night/qualifier/satellite/showdown/snake/single-stat slates.,RP,Caleb Thielbar (43369357),Caleb Thielbar,43369357,P,4000,CHC@NYM 06/25/2026 07:10PM ET,06/25/2026 07:10PM ET,CHC,NYM,away,2.79,573204,Caleb Thielbar,mapped,identity_name_team_map,Stable identity seed from old DK-ID map. Pilot join status: matched via normalized_name_team
2026-06-25,2026-06-25T16:04:54.610294+00:00,2026-06-25,DraftKings official lineup CSV,https://www.draftkings.com/lineup/getavailableplayerscsv?contestTypeId=9&draftGroupId=149804,149804,9,Selected largest-prize regular Classic MLB draft group after excluding Turbo/Night/qualifier/satellite/showdown/snake/single-stat slates.,RP,Eduarniel Nunez (43369374),Eduarniel Nunez,43369374,P,4000,CHC@NYM 06/25/2026 07:10PM ET,06/25/2026 07:10PM ET,CHC,NYM,away,0,674384,Eduarniel Núñez,mapped,identity_name_team_map,Resolved via MLB Stats API minor-league player lists; DK team CHC.
2026-06-25,2026-06-25T16:04:54.610294+00:00,2026-06-25,DraftKings official lineup CSV,https://www.draftkings.com/lineup/getavailableplayerscsv?contestTypeId=9&draftGroupId=149804,149804,9,Selected largest-prize regular Classic MLB draft group after excluding Turbo/Night/qualifier/satellite/showdown/snake/single-stat slates.,RP,Luke Little (43369375),Luke Little,43369375,P,4000,CHC@NYM 06/25/2026 07:10PM ET,06/25/2026 07:10PM ET,CHC,NYM,away,1.05,681432,Luke Little,mapped,identity_name_team_map,Stable identity seed from old DK-ID map. Pilot join status: matched via normalized_name_team
2026-06-25,2026-06-25T16:04:54.610294+00:00,2026-06-25,DraftKings official lineup CSV,https://www.draftkings.com/lineup/getavailableplayerscsv?contestTypeId=9&draftGroupId=149804,149804,9,Selected largest-prize regular Classic MLB draft group after excluding Turbo/Night/qualifier/satellite/showdown/snake/single-stat slates.,RP,Daniel Duarte (43369376),Daniel Duarte,43369376,P,4000,CHC@NYM 06/25/2026 07:10PM ET,06/25/2026 07:10PM ET,NYM,CHC,home,5.35,650960,Daniel Duarte,mapped,identity_name_team_map,Stable identity seed from old DK-ID map. Pilot join status: matched via normalized_name_team
2026-06-25,2026-06-25T16:04:54.610294+00:00,2026-06-25,DraftKings official lineup CSV,https://www.draftkings.com/lineup/getavailableplayerscsv?contestTypeId=9&draftGroupId=149804,149804,9,Selected largest-prize regular Classic MLB draft group after excluding Turbo/Night/qualifier/satellite/showdown/snake/single-stat slates.,RP,Austin Warren (43369385),Austin Warren,43369385,P,4000,CHC@NYM 06/25/2026 07:10PM ET,06/25/2026 07:10PM ET,NYM,CHC,home,4.31,681810,Austin Warren,mapped,identity_name_team_map,Stable identity seed from old DK-ID map. Pilot join status: matched via normalized_name_team
2026-06-25,2026-06-25T16:04:54.610294+00:00,2026-06-25,DraftKings official lineup CSV,https://www.draftkings.com/lineup/getavailableplayerscsv?contestTypeId=9&draftGroupId=149804,149804,9,Selected largest-prize regular Classic MLB draft group after excluding Turbo/Night/qualifier/satellite/showdown/snake/single-stat slates.,RP,Brooks Raley (43369395),Brooks Raley,43369395,P,4000,CHC@NYM 06/25/2026 07:10PM ET,06/25/2026 07:10PM ET,NYM,CHC,home,2.96,548384,Brooks Raley,mapped,identity_name_team_map,Stable identity seed from old DK-ID map. Pilot join status: matched via normalized_name_team
2026-06-25,2026-06-25T16:04:54.610294+00:00,2026-06-25,DraftKings official lineup CSV,https://www.draftkings.com/lineup/getavailableplayerscsv?contestTypeId=9&draftGroupId=149804,149804,9,Selected largest-prize regular Classic MLB draft group after excluding Turbo/Night/qualifier/satellite/showdown/snake/single-stat slates.,RP,Tyler Ferguson (43369398),Tyler Ferguson,43369398,P,4000,CHC@NYM 06/25/2026 07:10PM ET,06/25/2026 07:10PM ET,CHC,NYM,away,2.77,621053,Tyler Ferguson,mapped,identity_name_team_map,"Stable identity seed from old DK-ID map. Pilot team mismatch: DK CHC, active MLB list ATH; selected same-name MLBAM."
2026-06-25,2026-06-25T16:04:54.610294+00:00,2026-06-25,DraftKings official lineup CSV,https://www.draftkings.com/lineup/getavailableplayerscsv?contestTypeId=9&draftGroupId=149804,149804,9,Selected largest-prize regular Classic MLB draft group after excluding Turbo/Night/qualifier/satellite/showdown/snake/single-stat slates.,RP,Riley Martin (43369402),Riley Martin,43369402,P,4000,CHC@NYM 06/25/2026 07:10PM ET,06/25/2026 07:10PM ET,CHC,NYM,away,3.82,702303,Riley Martin,mapped,identity_name_team_map,Stable identity seed from old DK-ID map. Pilot join status: matched via normalized_name_team
2026-06-25,2026-06-25T16:04:54.610294+00:00,2026-06-25,DraftKings official lineup CSV,https://www.draftkings.com/lineup/getavailableplayerscsv?contestTypeId=9&draftGroupId=149804,149804,9,Selected largest-prize regular Classic MLB draft group after excluding Turbo/Night/qualifier/satellite/showdown/snake/single-stat slates.,RP,A.J. Minter (43369405),A.J. Minter,43369405,P,4000,CHC@NYM 06/25/2026 07:10PM ET,06/25/2026 07:10PM ET,NYM,CHC,home,3.26,621345,A.J. Minter,mapped,identity_name_team_map,Stable identity seed from old DK-ID map. Pilot join status: matched via normalized_name_team
2026-06-25,2026-06-25T16:04:54.610294+00:00,2026-06-25,DraftKings official lineup CSV,https://www.draftkings.com/lineup/getavailableplayerscsv?contestTypeId=9&draftGroupId=149804,149804,9,Selected largest-prize regular Classic MLB draft group after excluding Turbo/Night/qualifier/satellite/showdown/snake/single-stat slates.,RP,Jayden Murray (43369406),Jayden Murray,43369406,P,4000,CHC@NYM 06/25/2026 07:10PM ET,06/25/2026 07:10PM ET,CHC,NYM,away,0.76,681151,Jayden Murray,needs_review_team_change,identity_name_unique_mlbam,Name maps to one reviewed MLBAM identity but not this DK team; review as team-change/new alias before trusting automation.
2026-06-25,2026-06-25T16:04:54.610294+00:00,2026-06-25,DraftKings official lineup CSV,https://www.draftkings.com/lineup/getavailableplayerscsv?contestTypeId=9&draftGroupId=149804,149804,9,Selected largest-prize regular Classic MLB draft group after excluding Turbo/Night/qualifier/satellite/showdown/snake/single-stat slates.,RP,Joey Gerber (43369409),Joey Gerber,43369409,P,4000,CHC@NYM 06/25/2026 07:10PM ET,06/25/2026 07:10PM ET,NYM,CHC,home,5.88,680702,Joey Gerber,mapped,identity_name_team_map,Stable identity seed from old DK-ID map. Pilot join status: matched via normalized_name_team
2026-06-25,2026-06-25T16:04:54.610294+00:00,2026-06-25,DraftKings official lineup CSV,https://www.draftkings.com/lineup/getavailableplayerscsv?contestTypeId=9&draftGroupId=149804,149804,9,Selected largest-prize regular Classic MLB draft group after excluding Turbo/Night/qualifier/satellite/showdown/snake/single-stat slates.,RP,Huascar Brazoban (43369411),Huascar Brazoban,43369411,P,4000,CHC@NYM 06/25/2026 07:10PM ET,06/25/2026 07:10PM ET,NYM,CHC,home,4.27,623211,Huascar Brazobán,mapped,identity_name_team_map,Stable identity seed from old DK-ID map. Pilot join status: matched via normalized_name_team
2026-06-25,2026-06-25T16:04:54.610294+00:00,2026-06-25,DraftKings official lineup CSV,https://www.draftkings.com/lineup/getavailableplayerscsv?contestTypeId=9&draftGroupId=149804,149804,9,Selected largest-prize regular Classic MLB draft group after excluding Turbo/Night/qualifier/satellite/showdown/snake/single-stat slates.,RP,Shelby Miller (43369413),Shelby Miller,43369413,P,4000,CHC@NYM 06/25/2026 07:10PM ET,06/25/2026 07:10PM ET,CHC,NYM,away,0,571946,Shelby Miller,mapped,identity_name_team_map,Stable identity seed from old DK-ID map. Pilot join status: matched_people_search_name via mlb_people_search_normalized_name
2026-06-25,2026-06-25T16:04:54.610294+00:00,2026-06-25,DraftKings official lineup CSV,https://www.draftkings.com/lineup/getavailableplayerscsv?contestTypeId=9&draftGroupId=149804,149804,9,Selected largest-prize regular Classic MLB draft group after excluding Turbo/Night/qualifier/satellite/showdown/snake/single-stat slates.,RP,Ryan Rolison (43369418),Ryan Rolison,43369418,P,4000,CHC@NYM 06/25/2026 07:10PM ET,06/25/2026 07:10PM ET,CHC,NYM,away,4.52,669020,Ryan Rolison,mapped,identity_name_team_map,Stable identity seed from old DK-ID map. Pilot join status: matched via normalized_name_team
2026-06-25,2026-06-25T16:04:54.610294+00:00,2026-06-25,DraftKings official lineup CSV,https://www.draftkings.com/lineup/getavailableplayerscsv?contestTypeId=9&draftGroupId=149804,149804,9,Selected largest-prize regular Classic MLB draft group after excluding Turbo/Night/qualifier/satellite/showdown/snake/single-stat slates.,RP,Daniel Palencia (43369425),Daniel Palencia,43369425,P,4000,CHC@NYM 06/25/2026 07:10PM ET,06/25/2026 07:10PM ET,CHC,NYM,away,3.14,694037,Daniel Palencia,mapped,identity_name_team_map,Stable identity seed from old DK-ID map. Pilot join status: matched via normalized_name_team
2026-06-25,2026-06-25T16:04:54.610294+00:00,2026-06-25,DraftKings official lineup CSV,https://www.draftkings.com/lineup/getavailableplayerscsv?contestTypeId=9&draftGroupId=149804,149804,9,Selected largest-prize regular Classic MLB draft group after excluding Turbo/Night/qualifier/satellite/showdown/snake/single-stat slates.,RP,Jonathan Pintaro (43369428),Jonathan Pintaro,43369428,P,4000,CHC@NYM 06/25/2026 07:10PM ET,06/25/2026 07:10PM ET,NYM,CHC,home,6.23,702752,Jonathan Pintaro,mapped,identity_name_team_map,Stable identity seed from old DK-ID map. Pilot join status: matched via normalized_name_team
2026-06-25,2026-06-25T16:04:54.610294+00:00,2026-06-25,DraftKings official lineup CSV,https://www.draftkings.com/lineup/getavailableplayerscsv?contestTypeId=9&draftGroupId=149804,149804,9,Selected largest-prize regular Classic MLB draft group after excluding Turbo/Night/qualifier/satellite/showdown/snake/single-stat slates.,RP,Porter Hodge (43369429),Porter Hodge,43369429,P,4000,CHC@NYM 06/25/2026 07:10PM ET,06/25/2026 07:10PM ET,CHC,NYM,away,0,687863,Porter Hodge,mapped,identity_name_team_map,Stable identity seed from old DK-ID map. Pilot join status: matched_people_search_name via mlb_people_search_normalized_name
2026-06-25,2026-06-25T16:04:54.610294+00:00,2026-06-25,DraftKings official lineup CSV,https://www.draftkings.com/lineup/getavailableplayerscsv?contestTypeId=9&draftGroupId=149804,149804,9,Selected largest-prize regular Classic MLB draft group after excluding Turbo/Night/qualifier/satellite/showdown/snake/single-stat slates.,RP,Christian Roa (43369432),Christian Roa,43369432,P,4000,CHC@NYM 06/25/2026 07:10PM ET,06/25/2026 07:10PM ET,CHC,NYM,away,1.36,685005,Christian Roa,mapped,identity_name_team_map,"Stable identity seed from old DK-ID map. Pilot team mismatch: DK CHC, active MLB list HOU; selected same-name MLBAM."
2026-06-25,2026-06-25T16:04:54.610294+00:00,2026-06-25,DraftKings official lineup CSV,https://www.draftkings.com/lineup/getavailableplayerscsv?contestTypeId=9&draftGroupId=149804,149804,9,Selected largest-prize regular Classic MLB draft group after excluding Turbo/Night/qualifier/satellite/showdown/snake/single-stat slates.,RP,Gavin Hollowell (43369433),Gavin Hollowell,43369433,P,4000,CHC@NYM 06/25/2026 07:10PM ET,06/25/2026 07:10PM ET,CHC,NYM,away,0.94,668970,Gavin Hollowell,mapped,identity_name_team_map,Stable identity seed from old DK-ID map. Pilot join status: matched via normalized_name_team
2026-06-25,2026-06-25T16:04:54.610294+00:00,2026-06-25,DraftKings official lineup CSV,https://www.draftkings.com/lineup/getavailableplayerscsv?contestTypeId=9&draftGroupId=149804,149804,9,Selected largest-prize regular Classic MLB draft group after excluding Turbo/Night/qualifier/satellite/showdown/snake/single-stat slates.,RP,Yosver Zulueta (43369436),Yosver Zulueta,43369436,P,4000,CHC@NYM 06/25/2026 07:10PM ET,06/25/2026 07:10PM ET,CHC,NYM,away,0,,,needs_review_new_player,identity_name_team_map,No reviewed normalized-name/team identity alias; do not auto-guess.
2026-06-25,2026-06-25T16:04:54.610294+00:00,2026-06-25,DraftKings official lineup CSV,https://www.draftkings.com/lineup/getavailableplayerscsv?contestTypeId=9&draftGroupId=149804,149804,9,Selected largest-prize regular Classic MLB draft group after excluding Turbo/Night/qualifier/satellite/showdown/snake/single-stat slates.,RP,Devin Williams (43369442),Devin Williams,43369442,P,4000,CHC@NYM 06/25/2026 07:10PM ET,06/25/2026 07:10PM ET,NYM,CHC,home,3.46,642207,Devin Williams,mapped,identity_name_team_map,Stable identity seed from old DK-ID map. Pilot join status: matched via normalized_name_team
2026-06-25,2026-06-25T16:04:54.610294+00:00,2026-06-25,DraftKings official lineup CSV,https://www.draftkings.com/lineup/getavailableplayerscsv?contestTypeId=9&draftGroupId=149804,149804,9,Selected largest-prize regular Classic MLB draft group after excluding Turbo/Night/qualifier/satellite/showdown/snake/single-stat slates.,3B,Josh Jung (43368906),Josh Jung,43368906,3B,3900,TEX@TOR 06/25/2026 07:07PM ET,06/25/2026 07:07PM ET,TEX,TOR,away,7.24,673962,Josh Jung,mapped,identity_name_team_map,Stable identity seed from old DK-ID map. Pilot join status: matched via normalized_name_team
2026-06-25,2026-06-25T16:04:54.610294+00:00,2026-06-25,DraftKings official lineup CSV,https://www.draftkings.com/lineup/getavailableplayerscsv?contestTypeId=9&draftGroupId=149804,149804,9,Selected largest-prize regular Classic MLB draft group after excluding Turbo/Night/qualifier/satellite/showdown/snake/single-stat slates.,SS,Geraldo Perdomo (43368905),Geraldo Perdomo,43368905,SS,3900,ARI@STL 06/25/2026 07:45PM ET,06/25/2026 07:45PM ET,ARI,STL,away,6.86,,,needs_review_new_player,identity_name_team_map,No reviewed normalized-name/team identity alias; do not auto-guess.
2026-06-25,2026-06-25T16:04:54.610294+00:00,2026-06-25,DraftKings official lineup CSV,https://www.draftkings.com/lineup/getavailableplayerscsv?contestTypeId=9&draftGroupId=149804,149804,9,Selected largest-prize regular Classic MLB draft group after excluding Turbo/Night/qualifier/satellite/showdown/snake/single-stat slates.,C,Gabriel Moreno (43368907),Gabriel Moreno,43368907,C,3900,ARI@STL 06/25/2026 07:45PM ET,06/25/2026 07:45PM ET,ARI,STL,away,7.40,,,needs_review_new_player,identity_name_team_map,No reviewed normalized-name/team identity alias; do not auto-guess.
2026-06-25,2026-06-25T16:04:54.610294+00:00,2026-06-25,DraftKings official lineup CSV,https://www.draftkings.com/lineup/getavailableplayerscsv?contestTypeId=9&draftGroupId=149804,149804,9,Selected largest-prize regular Classic MLB draft group after excluding Turbo/Night/qualifier/satellite/showdown/snake/single-stat slates.,OF,Carson Benge (43368908),Carson Benge,43368908,OF,3900,CHC@NYM 06/25/2026 07:10PM ET,06/25/2026 07:10PM ET,NYM,CHC,home,7.34,701807,Carson Benge,mapped,identity_name_team_map,Stable identity seed from old DK-ID map. Pilot join status: matched via normalized_name_team
2026-06-25,2026-06-25T16:04:54.610294+00:00,2026-06-25,DraftKings official lineup CSV,https://www.draftkings.com/lineup/getavailableplayerscsv?contestTypeId=9&draftGroupId=149804,149804,9,Selected largest-prize regular Classic MLB draft group after excluding Turbo/Night/qualifier/satellite/showdown/snake/single-stat slates.,C,Brandon Valenzuela (43368910),Brandon Valenzuela,43368910,C,3800,TEX@TOR 06/25/2026 07:07PM ET,06/25/2026 07:07PM ET,TOR,TEX,home,5.64,678218,Brandon Valenzuela,mapped,identity_name_team_map,Stable identity seed from old DK-ID map. Pilot join status: matched via normalized_name_team
2026-06-25,2026-06-25T16:04:54.610294+00:00,2026-06-25,DraftKings official lineup CSV,https://www.draftkings.com/lineup/getavailableplayerscsv?contestTypeId=9&draftGroupId=149804,149804,9,Selected largest-prize regular Classic MLB draft group after excluding Turbo/Night/qualifier/satellite/showdown/snake/single-stat slates.,OF,Kerry Carpenter (43368909),Kerry Carpenter,43368909,OF,3800,HOU@DET 06/25/2026 06:40PM ET,06/25/2026 06:40PM ET,DET,HOU,home,5.70,681481,Kerry Carpenter,mapped,identity_name_team_map,Proposed from review candidates; basis=exact normalized name + team; role-compatible; statcast_batter_des_2026; confidence=high; sources=statcast_batter_des_2026
2026-06-25,2026-06-25T16:04:54.610294+00:00,2026-06-25,DraftKings official lineup CSV,https://www.draftkings.com/lineup/getavailableplayerscsv?contestTypeId=9&draftGroupId=149804,149804,9,Selected largest-prize regular Classic MLB draft group after excluding Turbo/Night/qualifier/satellite/showdown/snake/single-stat slates.,3B,Amed Rosario (43368911),Amed Rosario,43368911,3B,3800,NYY@BOS 06/25/2026 07:10PM ET,06/25/2026 07:10PM ET,NYY,BOS,away,5.86,,,needs_review_new_player,identity_name_team_map,No reviewed normalized-name/team identity alias; do not auto-guess.
2026-06-25,2026-06-25T16:04:54.610294+00:00,2026-06-25,DraftKings official lineup CSV,https://www.draftkings.com/lineup/getavailableplayerscsv?contestTypeId=9&draftGroupId=149804,149804,9,Selected largest-prize regular Classic MLB draft group after excluding Turbo/Night/qualifier/satellite/showdown/snake/single-stat slates.,C,J.T. Realmuto (43368913),J.T. Realmuto,43368913,C,3700,PHI@WSH 06/25/2026 06:45PM ET,06/25/2026 06:45PM ET,PHI,WSH,away,5.54,592663,J.T. Realmuto,mapped,identity_name_team_map,Stable identity seed from old DK-ID map. Pilot join status: matched via normalized_name_team
2026-06-25,2026-06-25T16:04:54.610294+00:00,2026-06-25,DraftKings official lineup CSV,https://www.draftkings.com/lineup/getavailableplayerscsv?contestTypeId=9&draftGroupId=149804,149804,9,Selected largest-prize regular Classic MLB draft group after excluding Turbo/Night/qualifier/satellite/showdown/snake/single-stat slates.,3B,Isaac Paredes (43368912),Isaac Paredes,43368912,3B,3700,HOU@DET 06/25/2026 06:40PM ET,06/25/2026 06:40PM ET,HOU,DET,away,7.03,670623,Isaac Paredes,mapped,identity_name_team_map,Stable identity seed from old DK-ID map. Pilot join status: matched via normalized_name_team
2026-06-25,2026-06-25T16:04:54.610294+00:00,2026-06-25,DraftKings official lineup CSV,https://www.draftkings.com/lineup/getavailableplayerscsv?contestTypeId=9&draftGroupId=149804,149804,9,Selected largest-prize regular Classic MLB draft group after excluding Turbo/Night/qualifier/satellite/showdown/snake/single-stat slates.,OF,Michael Conforto (43368914),Michael Conforto,43368914,OF,3700,CHC@NYM 06/25/2026 07:10PM ET,06/25/2026 07:10PM ET,CHC,NYM,away,4.24,624424,Michael Conforto,mapped,identity_name_team_map,Stable identity seed from old DK-ID map. Pilot join status: matched via normalized_name_team
2026-06-25,2026-06-25T16:04:54.610294+00:00,2026-06-25,DraftKings official lineup CSV,https://www.draftkings.com/lineup/getavailableplayerscsv?contestTypeId=9&draftGroupId=149804,149804,9,Selected largest-prize regular Classic MLB draft group after excluding Turbo/Night/qualifier/satellite/showdown/snake/single-stat slates.,1B,Luis Garcia Jr. (43368915),Luis Garcia Jr.,43368915,1B,3600,PHI@WSH 06/25/2026 06:45PM ET,06/25/2026 06:45PM ET,WSH,PHI,home,6.97,671277,Luis García Jr.,mapped,identity_name_team_map,Stable identity seed from old DK-ID map. Pilot join status: matched via normalized_name_team
2026-06-25,2026-06-25T16:04:54.610294+00:00,2026-06-25,DraftKings official lineup CSV,https://www.draftkings.com/lineup/getavailableplayerscsv?contestTypeId=9&draftGroupId=149804,149804,9,Selected largest-prize regular Classic MLB draft group after excluding Turbo/Night/qualifier/satellite/showdown/snake/single-stat slates.,OF,Wyatt Langford (43368917),Wyatt Langford,43368917,OF,3600,TEX@TOR 06/25/2026 07:07PM ET,06/25/2026 07:07PM ET,TEX,TOR,away,8.40,694671,Wyatt Langford,mapped,identity_name_team_map,Stable identity seed from old DK-ID map. Pilot join status: matched via normalized_name_team
2026-06-25,2026-06-25T16:04:54.610294+00:00,2026-06-25,DraftKings official lineup CSV,https://www.draftkings.com/lineup/getavailableplayerscsv?contestTypeId=9&draftGroupId=149804,149804,9,Selected largest-prize regular Classic MLB draft group after excluding Turbo/Night/qualifier/satellite/showdown/snake/single-stat slates.,2B,Jose Altuve (43368918),Jose Altuve,43368918,2B,3600,HOU@DET 06/25/2026 06:40PM ET,06/25/2026 06:40PM ET,HOU,DET,away,6.97,514888,Jose Altuve,mapped,identity_name_team_map,Stable identity seed from old DK-ID map. Pilot join status: matched via normalized_name_team
2026-06-25,2026-06-25T16:04:54.610294+00:00,2026-06-25,DraftKings official lineup CSV,https://www.draftkings.com/lineup/getavailableplayerscsv?contestTypeId=9&draftGroupId=149804,149804,9,Selected largest-prize regular Classic MLB draft group after excluding Turbo/Night/qualifier/satellite/showdown/snake/single-stat slates.,SS,Dansby Swanson (43368916),Dansby Swanson,43368916,SS,3600,CHC@NYM 06/25/2026 07:10PM ET,06/25/2026 07:10PM ET,CHC,NYM,away,7.5,621020,Dansby Swanson,mapped,identity_name_team_map,Stable identity seed from old DK-ID map. Pilot join status: matched via normalized_name_team
2026-06-25,2026-06-25T16:04:54.610294+00:00,2026-06-25,DraftKings official lineup CSV,https://www.draftkings.com/lineup/getavailableplayerscsv?contestTypeId=9&draftGroupId=149804,149804,9,Selected largest-prize regular Classic MLB draft group after excluding Turbo/Night/qualifier/satellite/showdown/snake/single-stat slates.,2B/3B,Jorge Polanco (43369044),Jorge Polanco,43369044,2B/3B,3600,CHC@NYM 06/25/2026 07:10PM ET,06/25/2026 07:10PM ET,NYM,CHC,home,4.5,593871,Jorge Polanco,mapped,identity_name_team_map,Stable identity seed from old DK-ID map. Pilot join status: matched via normalized_name_team
2026-06-25,2026-06-25T16:04:54.610294+00:00,2026-06-25,DraftKings official lineup CSV,https://www.draftkings.com/lineup/getavailableplayerscsv?contestTypeId=9&draftGroupId=149804,149804,9,Selected largest-prize regular Classic MLB draft group after excluding Turbo/Night/qualifier/satellite/showdown/snake/single-stat slates.,C,Keibert Ruiz (43368920),Keibert Ruiz,43368920,C,3500,PHI@WSH 06/25/2026 06:45PM ET,06/25/2026 06:45PM ET,WSH,PHI,home,6.59,660688,Keibert Ruiz,mapped,identity_name_team_map,Stable identity seed from old DK-ID map. Pilot join status: matched via normalized_name_team
2026-06-25,2026-06-25T16:04:54.610294+00:00,2026-06-25,DraftKings official lineup CSV,https://www.draftkings.com/lineup/getavailableplayerscsv?contestTypeId=9&draftGroupId=149804,149804,9,Selected largest-prize regular Classic MLB draft group after excluding Turbo/Night/qualifier/satellite/showdown/snake/single-stat slates.,3B,Kazuma Okamoto (43368923),Kazuma Okamoto,43368923,3B,3500,TEX@TOR 06/25/2026 07:07PM ET,06/25/2026 07:07PM ET,TOR,TEX,home,7.59,672960,Kazuma Okamoto,mapped,identity_name_team_map,Stable identity seed from old DK-ID map. Pilot join status: matched via normalized_name_team
2026-06-25,2026-06-25T16:04:54.610294+00:00,2026-06-25,DraftKings official lineup CSV,https://www.draftkings.com/lineup/getavailableplayerscsv?contestTypeId=9&draftGroupId=149804,149804,9,Selected largest-prize regular Classic MLB draft group after excluding Turbo/Night/qualifier/satellite/showdown/snake/single-stat slates.,OF,Jasson Dominguez (43368919),Jasson Dominguez,43368919,OF,3500,NYY@BOS 06/25/2026 07:10PM ET,06/25/2026 07:10PM ET,NYY,BOS,away,7.10,,,needs_review_new_player,identity_name_team_map,No reviewed normalized-name/team identity alias; do not auto-guess.
2026-06-25,2026-06-25T16:04:54.610294+00:00,2026-06-25,DraftKings official lineup CSV,https://www.draftkings.com/lineup/getavailableplayerscsv?contestTypeId=9&draftGroupId=149804,149804,9,Selected largest-prize regular Classic MLB draft group after excluding Turbo/Night/qualifier/satellite/showdown/snake/single-stat slates.,OF/SS,Jose Caballero (43368924),Jose Caballero,43368924,SS/OF,3500,NYY@BOS 06/25/2026 07:10PM ET,06/25/2026 07:10PM ET,NYY,BOS,away,7.06,,,needs_review_new_player,identity_name_team_map,No reviewed normalized-name/team identity alias; do not auto-guess.
2026-06-25,2026-06-25T16:04:54.610294+00:00,2026-06-25,DraftKings official lineup CSV,https://www.draftkings.com/lineup/getavailableplayerscsv?contestTypeId=9&draftGroupId=149804,149804,9,Selected largest-prize regular Classic MLB draft group after excluding Turbo/Night/qualifier/satellite/showdown/snake/single-stat slates.,SS,Trevor Story (43369046),Trevor Story,43369046,SS,3500,NYY@BOS 06/25/2026 07:10PM ET,06/25/2026 07:10PM ET,BOS,NYY,home,5.98,,,needs_review_new_player,identity_name_team_map,No reviewed normalized-name/team identity alias; do not auto-guess.
2026-06-25,2026-06-25T16:04:54.610294+00:00,2026-06-25,DraftKings official lineup CSV,https://www.draftkings.com/lineup/getavailableplayerscsv?contestTypeId=9&draftGroupId=149804,149804,9,Selected largest-prize regular Classic MLB draft group after excluding Turbo/Night/qualifier/satellite/showdown/snake/single-stat slates.,OF,Nelson Velazquez (43368922),Nelson Velazquez,43368922,OF,3500,ARI@STL 06/25/2026 07:45PM ET,06/25/2026 07:45PM ET,STL,ARI,home,5.33,676369,Nelson Velázquez,mapped,identity_name_team_map,Stable identity seed from old DK-ID map. Pilot join status: matched via normalized_name_team
2026-06-25,2026-06-25T16:04:54.610294+00:00,2026-06-25,DraftKings official lineup CSV,https://www.draftkings.com/lineup/getavailableplayerscsv?contestTypeId=9&draftGroupId=149804,149804,9,Selected largest-prize regular Classic MLB draft group after excluding Turbo/Night/qualifier/satellite/showdown/snake/single-stat slates.,OF,A.J. Ewing (43368921),A.J. Ewing,43368921,OF,3500,CHC@NYM 06/25/2026 07:10PM ET,06/25/2026 07:10PM ET,NYM,CHC,home,6.85,805999,A.J. Ewing,mapped,identity_name_team_map,Stable identity seed from old DK-ID map. Pilot join status: matched via normalized_name_team
2026-06-25,2026-06-25T16:04:54.610294+00:00,2026-06-25,DraftKings official lineup CSV,https://www.draftkings.com/lineup/getavailableplayerscsv?contestTypeId=9&draftGroupId=149804,149804,9,Selected largest-prize regular Classic MLB draft group after excluding Turbo/Night/qualifier/satellite/showdown/snake/single-stat slates.,3B,Alec Bohm (43368926),Alec Bohm,43368926,3B,3400,PHI@WSH 06/25/2026 06:45PM ET,06/25/2026 06:45PM ET,PHI,WSH,away,5.93,664761,Alec Bohm,mapped,identity_name_team_map,Stable identity seed from old DK-ID map. Pilot join status: matched via normalized_name_team
2026-06-25,2026-06-25T16:04:54.610294+00:00,2026-06-25,DraftKings official lineup CSV,https://www.draftkings.com/lineup/getavailableplayerscsv?contestTypeId=9&draftGroupId=149804,149804,9,Selected largest-prize regular Classic MLB draft group after excluding Turbo/Night/qualifier/satellite/showdown/snake/single-stat slates.,OF,Dylan Crews (43368929),Dylan Crews,43368929,OF,3400,PHI@WSH 06/25/2026 06:45PM ET,06/25/2026 06:45PM ET,WSH,PHI,home,6.71,686611,Dylan Crews,mapped,identity_name_team_map,Stable identity seed from old DK-ID map. Pilot join status: matched via normalized_name_team
2026-06-25,2026-06-25T16:04:54.610294+00:00,2026-06-25,DraftKings official lineup CSV,https://www.draftkings.com/lineup/getavailableplayerscsv?contestTypeId=9&draftGroupId=149804,149804,9,Selected largest-prize regular Classic MLB draft group after excluding Turbo/Night/qualifier/satellite/showdown/snake/single-stat slates.,SS,Masyn Winn (43368927),Masyn Winn,43368927,SS,3400,ARI@STL 06/25/2026 07:45PM ET,06/25/2026 07:45PM ET,STL,ARI,home,6.61,691026,Masyn Winn,mapped,identity_name_team_map,Stable identity seed from old DK-ID map. Pilot join status: matched via normalized_name_team
2026-06-25,2026-06-25T16:04:54.610294+00:00,2026-06-25,DraftKings official lineup CSV,https://www.draftkings.com/lineup/getavailableplayerscsv?contestTypeId=9&draftGroupId=149804,149804,9,Selected largest-prize regular Classic MLB draft group after excluding Turbo/Night/qualifier/satellite/showdown/snake/single-stat slates.,2B,Marcus Semien (43368928),Marcus Semien,43368928,2B,3400,CHC@NYM 06/25/2026 07:10PM ET,06/25/2026 07:10PM ET,NYM,CHC,home,5.82,543760,Marcus Semien,mapped,identity_name_team_map,Stable identity seed from old DK-ID map. Pilot join status: matched via normalized_name_team
2026-06-25,2026-06-25T16:04:54.610294+00:00,2026-06-25,DraftKings official lineup CSV,https://www.draftkings.com/lineup/getavailableplayerscsv?contestTypeId=9&draftGroupId=149804,149804,9,Selected largest-prize regular Classic MLB draft group after excluding Turbo/Night/qualifier/satellite/showdown/snake/single-stat slates.,3B,Brady House (43369049),Brady House,43369049,3B,3300,PHI@WSH 06/25/2026 06:45PM ET,06/25/2026 06:45PM ET,WSH,PHI,home,6.84,691781,Brady House,mapped,identity_name_team_map,Stable identity seed from old DK-ID map. Pilot join status: matched via normalized_name_team
2026-06-25,2026-06-25T16:04:54.610294+00:00,2026-06-25,DraftKings official lineup CSV,https://www.draftkings.com/lineup/getavailableplayerscsv?contestTypeId=9&draftGroupId=149804,149804,9,Selected largest-prize regular Classic MLB draft group after excluding Turbo/Night/qualifier/satellite/showdown/snake/single-stat slates.,OF,Brandon Nimmo (43368932),Brandon Nimmo,43368932,OF,3300,TEX@TOR 06/25/2026 07:07PM ET,06/25/2026 07:07PM ET,TEX,TOR,away,7.04,607043,Brandon Nimmo,mapped,identity_name_team_map,Stable identity seed from old DK-ID map. Pilot join status: matched via normalized_name_team
2026-06-25,2026-06-25T16:04:54.610294+00:00,2026-06-25,DraftKings official lineup CSV,https://www.draftkings.com/lineup/getavailableplayerscsv?contestTypeId=9&draftGroupId=149804,149804,9,Selected largest-prize regular Classic MLB draft group after excluding Turbo/Night/qualifier/satellite/showdown/snake/single-stat slates.,C,Alejandro Kirk (43368933),Alejandro Kirk,43368933,C,3300,TEX@TOR 06/25/2026 07:07PM ET,06/25/2026 07:07PM ET,TOR,TEX,home,4.92,672386,Alejandro Kirk,mapped,identity_name_team_map,Stable identity seed from old DK-ID map. Pilot join status: matched via normalized_name_team
2026-06-25,2026-06-25T16:04:54.610294+00:00,2026-06-25,DraftKings official lineup CSV,https://www.draftkings.com/lineup/getavailableplayerscsv?contestTypeId=9&draftGroupId=149804,149804,9,Selected largest-prize regular Classic MLB draft group after excluding Turbo/Night/qualifier/satellite/showdown/snake/single-stat slates.,3B/OF,Addison Barger (43369047),Addison Barger,43369047,3B/OF,3300,TEX@TOR 06/25/2026 07:07PM ET,06/25/2026 07:07PM ET,TOR,TEX,home,2.56,680718,Addison Barger,mapped,identity_name_team_map,Stable identity seed from old DK-ID map. Pilot join status: matched via normalized_name_team
2026-06-25,2026-06-25T16:04:54.610294+00:00,2026-06-25,DraftKings official lineup CSV,https://www.draftkings.com/lineup/getavailableplayerscsv?contestTypeId=9&draftGroupId=149804,149804,9,Selected largest-prize regular Classic MLB draft group after excluding Turbo/Night/qualifier/satellite/showdown/snake/single-stat slates.,1B,Spencer Torkelson (43368930),Spencer Torkelson,43368930,1B,3300,HOU@DET 06/25/2026 06:40PM ET,06/25/2026 06:40PM ET,DET,HOU,home,6.15,679529,Spencer Torkelson,mapped,identity_name_team_map,Proposed from review candidates; basis=exact normalized name + team; role-compatible; hr-distance-latest.json|statcast_batter_des_2026; confidence=high; sources=hr-distance-latest.json|statcast_batter_des_2026
2026-06-25,2026-06-25T16:04:54.610294+00:00,2026-06-25,DraftKings official lineup CSV,https://www.draftkings.com/lineup/getavailableplayerscsv?contestTypeId=9&draftGroupId=149804,149804,9,Selected largest-prize regular Classic MLB draft group after excluding Turbo/Night/qualifier/satellite/showdown/snake/single-stat slates.,3B,Nolan Arenado (43368931),Nolan Arenado,43368931,3B,3300,ARI@STL 06/25/2026 07:45PM ET,06/25/2026 07:45PM ET,ARI,STL,away,6.32,,,needs_review_new_player,identity_name_team_map,No reviewed normalized-name/team identity alias; do not auto-guess.
2026-06-25,2026-06-25T16:04:54.610294+00:00,2026-06-25,DraftKings official lineup CSV,https://www.draftkings.com/lineup/getavailableplayerscsv?contestTypeId=9&draftGroupId=149804,149804,9,Selected largest-prize regular Classic MLB draft group after excluding Turbo/Night/qualifier/satellite/showdown/snake/single-stat slates.,2B/OF,Bryan Torres (43368934),Bryan Torres,43368934,2B/OF,3300,ARI@STL 06/25/2026 07:45PM ET,06/25/2026 07:45PM ET,STL,ARI,home,4.61,663494,Bryan Torres,mapped,identity_name_team_map,Stable identity seed from old DK-ID map. Pilot join status: matched via normalized_name_team
2026-06-25,2026-06-25T16:04:54.610294+00:00,2026-06-25,DraftKings official lineup CSV,https://www.draftkings.com/lineup/getavailableplayerscsv?contestTypeId=9&draftGroupId=149804,149804,9,Selected largest-prize regular Classic MLB draft group after excluding Turbo/Night/qualifier/satellite/showdown/snake/single-stat slates.,2B,Nasim Nunez (43368938),Nasim Nunez,43368938,2B,3200,PHI@WSH 06/25/2026 06:45PM ET,06/25/2026 06:45PM ET,WSH,PHI,home,6.8,683083,Nasim Nuñez,mapped,identity_name_team_map,Stable identity seed from old DK-ID map. Pilot join status: matched via normalized_name_team
2026-06-25,2026-06-25T16:04:54.610294+00:00,2026-06-25,DraftKings official lineup CSV,https://www.draftkings.com/lineup/getavailableplayerscsv?contestTypeId=9&draftGroupId=149804,149804,9,Selected largest-prize regular Classic MLB draft group after excluding Turbo/Night/qualifier/satellite/showdown/snake/single-stat slates.,OF,Justin Crawford (43368941),Justin Crawford,43368941,OF,3200,PHI@WSH 06/25/2026 06:45PM ET,06/25/2026 06:45PM ET,PHI,WSH,away,4.86,702222,Justin Crawford,mapped,identity_name_team_map,Stable identity seed from old DK-ID map. Pilot join status: matched via normalized_name_team
2026-06-25,2026-06-25T16:04:54.610294+00:00,2026-06-25,DraftKings official lineup CSV,https://www.draftkings.com/lineup/getavailableplayerscsv?contestTypeId=9&draftGroupId=149804,149804,9,Selected largest-prize regular Classic MLB draft group after excluding Turbo/Night/qualifier/satellite/showdown/snake/single-stat slates.,OF,Joey Wiemer (43369050),Joey Wiemer,43369050,OF,3200,PHI@WSH 06/25/2026 06:45PM ET,06/25/2026 06:45PM ET,WSH,PHI,home,5.72,686894,Joey Wiemer,mapped,identity_name_team_map,Stable identity seed from old DK-ID map. Pilot join status: matched via normalized_name_team
2026-06-25,2026-06-25T16:04:54.610294+00:00,2026-06-25,DraftKings official lineup CSV,https://www.draftkings.com/lineup/getavailableplayerscsv?contestTypeId=9&draftGroupId=149804,149804,9,Selected largest-prize regular Classic MLB draft group after excluding Turbo/Night/qualifier/satellite/showdown/snake/single-stat slates.,OF/SS,Ezequiel Duran (43368939),Ezequiel Duran,43368939,SS/OF,3200,TEX@TOR 06/25/2026 07:07PM ET,06/25/2026 07:07PM ET,TEX,TOR,away,6.79,677649,Ezequiel Duran,mapped,identity_name_team_map,Stable identity seed from old DK-ID map. Pilot join status: matched via normalized_name_team
2026-06-25,2026-06-25T16:04:54.610294+00:00,2026-06-25,DraftKings official lineup CSV,https://www.draftkings.com/lineup/getavailableplayerscsv?contestTypeId=9&draftGroupId=149804,149804,9,Selected largest-prize regular Classic MLB draft group after excluding Turbo/Night/qualifier/satellite/showdown/snake/single-stat slates.,1B,Jake Burger (43368942),Jake Burger,43368942,1B,3200,TEX@TOR 06/25/2026 07:07PM ET,06/25/2026 07:07PM ET,TEX,TOR,away,7.16,669394,Jake Burger,mapped,identity_name_team_map,Stable identity seed from old DK-ID map. Pilot join status: matched via normalized_name_team
2026-06-25,2026-06-25T16:04:54.610294+00:00,2026-06-25,DraftKings official lineup CSV,https://www.draftkings.com/lineup/getavailableplayerscsv?contestTypeId=9&draftGroupId=149804,149804,9,Selected largest-prize regular Classic MLB draft group after excluding Turbo/Night/qualifier/satellite/showdown/snake/single-stat slates.,OF,Daulton Varsho (43368944),Daulton Varsho,43368944,OF,3200,TEX@TOR 06/25/2026 07:07PM ET,06/25/2026 07:07PM ET,TOR,TEX,home,6.84,662139,Daulton Varsho,mapped,identity_name_team_map,Stable identity seed from old DK-ID map. Pilot join status: matched via normalized_name_team
2026-06-25,2026-06-25T16:04:54.610294+00:00,2026-06-25,DraftKings official lineup CSV,https://www.draftkings.com/lineup/getavailableplayerscsv?contestTypeId=9&draftGroupId=149804,149804,9,Selected largest-prize regular Classic MLB draft group after excluding Turbo/Night/qualifier/satellite/showdown/snake/single-stat slates.,1B,Blaine Crim (43369053),Blaine Crim,43369053,1B,3200,TEX@TOR 06/25/2026 07:07PM ET,06/25/2026 07:07PM ET,TEX,TOR,away,0,688760,Blaine Crim,mapped,identity_name_team_map,Stable identity seed from old DK-ID map. Pilot join status: matched_people_search_name via mlb_people_search_normalized_name
2026-06-25,2026-06-25T16:04:54.610294+00:00,2026-06-25,DraftKings official lineup CSV,https://www.draftkings.com/lineup/getavailableplayerscsv?contestTypeId=9&draftGroupId=149804,149804,9,Selected largest-prize regular Classic MLB draft group after excluding Turbo/Night/qualifier/satellite/showdown/snake/single-stat slates.,3B/SS,Shay Whitcomb (43369051),Shay Whitcomb,43369051,3B/SS,3200,HOU@DET 06/25/2026 06:40PM ET,06/25/2026 06:40PM ET,HOU,DET,away,2.29,694376,Shay Whitcomb,mapped,identity_name_team_map,Stable identity seed from old DK-ID map. Pilot join status: matched via normalized_name_team
2026-06-25,2026-06-25T16:04:54.610294+00:00,2026-06-25,DraftKings official lineup CSV,https://www.draftkings.com/lineup/getavailableplayerscsv?contestTypeId=9&draftGroupId=149804,149804,9,Selected largest-prize regular Classic MLB draft group after excluding Turbo/Night/qualifier/satellite/showdown/snake/single-stat slates.,2B/OF,Max Schuemann (43368936),Max Schuemann,43368936,2B/OF,3200,NYY@BOS 06/25/2026 07:10PM ET,06/25/2026 07:10PM ET,NYY,BOS,away,3.64,,,needs_review_new_player,identity_name_team_map,No reviewed normalized-name/team identity alias; do not auto-guess.
2026-06-25,2026-06-25T16:04:54.610294+00:00,2026-06-25,DraftKings official lineup CSV,https://www.draftkings.com/lineup/getavailableplayerscsv?contestTypeId=9&draftGroupId=149804,149804,9,Selected largest-prize regular Classic MLB draft group after excluding Turbo/Night/qualifier/satellite/showdown/snake/single-stat slates.,C,Francisco Alvarez (43368943),Francisco Alvarez,43368943,C,3200,CHC@NYM 06/25/2026 07:10PM ET,06/25/2026 07:10PM ET,NYM,CHC,home,5.88,682626,Francisco Alvarez,mapped,identity_name_team_map,Stable identity seed from old DK-ID map. Pilot join status: matched via normalized_name_team
2026-06-25,2026-06-25T16:04:54.610294+00:00,2026-06-25,DraftKings official lineup CSV,https://www.draftkings.com/lineup/getavailableplayerscsv?contestTypeId=9&draftGroupId=149804,149804,9,Selected largest-prize regular Classic MLB draft group after excluding Turbo/Night/qualifier/satellite/showdown/snake/single-stat slates.,OF,Jacob Young (43368950),Jacob Young,43368950,OF,3100,PHI@WSH 06/25/2026 06:45PM ET,06/25/2026 06:45PM ET,WSH,PHI,home,5.64,696285,Jacob Young,mapped,identity_name_team_map,Stable identity seed from old DK-ID map. Pilot join status: matched via normalized_name_team
2026-06-25,2026-06-25T16:04:54.610294+00:00,2026-06-25,DraftKings official lineup CSV,https://www.draftkings.com/lineup/getavailableplayerscsv?contestTypeId=9&draftGroupId=149804,149804,9,Selected largest-prize regular Classic MLB draft group after excluding Turbo/Night/qualifier/satellite/showdown/snake/single-stat slates.,2B/SS,Ernie Clement (43368946),Ernie Clement,43368946,2B/SS,3100,TEX@TOR 06/25/2026 07:07PM ET,06/25/2026 07:07PM ET,TOR,TEX,home,6.60,676391,Ernie Clement,mapped,identity_name_team_map,Stable identity seed from old DK-ID map. Pilot join status: matched via normalized_name_team
2026-06-25,2026-06-25T16:04:54.610294+00:00,2026-06-25,DraftKings official lineup CSV,https://www.draftkings.com/lineup/getavailableplayerscsv?contestTypeId=9&draftGroupId=149804,149804,9,Selected largest-prize regular Classic MLB draft group after excluding Turbo/Night/qualifier/satellite/showdown/snake/single-stat slates.,OF,Matt Vierling (43368949),Matt Vierling,43368949,OF,3100,HOU@DET 06/25/2026 06:40PM ET,06/25/2026 06:40PM ET,DET,HOU,home,4.69,663837,Matt Vierling,mapped,identity_name_team_map,Proposed from review candidates; basis=exact normalized name + team; role-compatible; hr-distance-latest.json|statcast_batter_des_2026; confidence=high; sources=hr-distance-latest.json|statcast_batter_des_2026
2026-06-25,2026-06-25T16:04:54.610294+00:00,2026-06-25,DraftKings official lineup CSV,https://www.draftkings.com/lineup/getavailableplayerscsv?contestTypeId=9&draftGroupId=149804,149804,9,Selected largest-prize regular Classic MLB draft group after excluding Turbo/Night/qualifier/satellite/showdown/snake/single-stat slates.,C,Mickey Gasper (43368945),Mickey Gasper,43368945,C,3100,NYY@BOS 06/25/2026 07:10PM ET,06/25/2026 07:10PM ET,BOS,NYY,home,4.46,,,needs_review_new_player,identity_name_team_map,No reviewed normalized-name/team identity alias; do not auto-guess.
2026-06-25,2026-06-25T16:04:54.610294+00:00,2026-06-25,DraftKings official lineup CSV,https://www.draftkings.com/lineup/getavailableplayerscsv?contestTypeId=9&draftGroupId=149804,149804,9,Selected largest-prize regular Classic MLB draft group after excluding Turbo/Night/qualifier/satellite/showdown/snake/single-stat slates.,3B,Blaze Jordan (43368948),Blaze Jordan,43368948,3B,3100,ARI@STL 06/25/2026 07:45PM ET,06/25/2026 07:45PM ET,STL,ARI,home,7.67,,,needs_review_new_player,identity_name_team_map,No reviewed normalized-name/team identity alias; do not auto-guess.
2026-06-25,2026-06-25T16:04:54.610294+00:00,2026-06-25,DraftKings official lineup CSV,https://www.draftkings.com/lineup/getavailableplayerscsv?contestTypeId=9&draftGroupId=149804,149804,9,Selected largest-prize regular Classic MLB draft group after excluding Turbo/Night/qualifier/satellite/showdown/snake/single-stat slates.,3B,Ramon Urias (43369054),Ramon Urias,43369054,3B,3100,ARI@STL 06/25/2026 07:45PM ET,06/25/2026 07:45PM ET,STL,ARI,home,3.8,602104,Ramón Urías,mapped,identity_name_team_map,Stable identity seed from old DK-ID map. Pilot join status: matched via normalized_name_team
2026-06-25,2026-06-25T16:04:54.610294+00:00,2026-06-25,DraftKings official lineup CSV,https://www.draftkings.com/lineup/getavailableplayerscsv?contestTypeId=9&draftGroupId=149804,149804,9,Selected largest-prize regular Classic MLB draft group after excluding Turbo/Night/qualifier/satellite/showdown/snake/single-stat slates.,OF,Edmundo Sosa (43368955),Edmundo Sosa,43368955,OF,3000,PHI@WSH 06/25/2026 06:45PM ET,06/25/2026 06:45PM ET,PHI,WSH,away,5.35,624641,Edmundo Sosa,mapped,identity_name_team_map,Stable identity seed from old DK-ID map. Pilot join status: matched via normalized_name_team
2026-06-25,2026-06-25T16:04:54.610294+00:00,2026-06-25,DraftKings official lineup CSV,https://www.draftkings.com/lineup/getavailableplayerscsv?contestTypeId=9&draftGroupId=149804,149804,9,Selected largest-prize regular Classic MLB draft group after excluding Turbo/Night/qualifier/satellite/showdown/snake/single-stat slates.,1B,Joc Pederson (43368956),Joc Pederson,43368956,1B,3000,TEX@TOR 06/25/2026 07:07PM ET,06/25/2026 07:07PM ET,TEX,TOR,away,5.79,592626,Joc Pederson,mapped,identity_name_team_map,Stable identity seed from old DK-ID map. Pilot join status: matched via normalized_name_team
2026-06-25,2026-06-25T16:04:54.610294+00:00,2026-06-25,DraftKings official lineup CSV,https://www.draftkings.com/lineup/getavailableplayerscsv?contestTypeId=9&draftGroupId=149804,149804,9,Selected largest-prize regular Classic MLB draft group after excluding Turbo/Night/qualifier/satellite/showdown/snake/single-stat slates.,OF,Evan Carter (43369060),Evan Carter,43369060,OF,3000,TEX@TOR 06/25/2026 07:07PM ET,06/25/2026 07:07PM ET,TEX,TOR,away,5.67,694497,Evan Carter,mapped,identity_name_team_map,Stable identity seed from old DK-ID map. Pilot join status: matched via normalized_name_team
2026-06-25,2026-06-25T16:04:54.610294+00:00,2026-06-25,DraftKings official lineup CSV,https://www.draftkings.com/lineup/getavailableplayerscsv?contestTypeId=9&draftGroupId=149804,149804,9,Selected largest-prize regular Classic MLB draft group after excluding Turbo/Night/qualifier/satellite/showdown/snake/single-stat slates.,C,Yainer Diaz (43368952),Yainer Diaz,43368952,C,3000,HOU@DET 06/25/2026 06:40PM ET,06/25/2026 06:40PM ET,HOU,DET,away,5.81,673237,Yainer Diaz,mapped,identity_name_team_map,Stable identity seed from old DK-ID map. Pilot join status: matched via normalized_name_team
2026-06-25,2026-06-25T16:04:54.610294+00:00,2026-06-25,DraftKings official lineup CSV,https://www.draftkings.com/lineup/getavailableplayerscsv?contestTypeId=9&draftGroupId=149804,149804,9,Selected largest-prize regular Classic MLB draft group after excluding Turbo/Night/qualifier/satellite/showdown/snake/single-stat slates.,OF,Wenceel Perez (43369055),Wenceel Perez,43369055,OF,3000,HOU@DET 06/25/2026 06:40PM ET,06/25/2026 06:40PM ET,DET,HOU,home,5.09,672761,Wenceel Pérez,mapped,identity_name_team_map,Proposed from review candidates; basis=exact normalized name + team; role-compatible; hr-distance-latest.json|statcast_batter_des_2026; confidence=high; sources=hr-distance-latest.json|statcast_batter_des_2026
2026-06-25,2026-06-25T16:04:54.610294+00:00,2026-06-25,DraftKings official lineup CSV,https://www.draftkings.com/lineup/getavailableplayerscsv?contestTypeId=9&draftGroupId=149804,149804,9,Selected largest-prize regular Classic MLB draft group after excluding Turbo/Night/qualifier/satellite/showdown/snake/single-stat slates.,OF,Masataka Yoshida (43368951),Masataka Yoshida,43368951,OF,3000,NYY@BOS 06/25/2026 07:10PM ET,06/25/2026 07:10PM ET,BOS,NYY,home,4.46,,,needs_review_new_player,identity_name_team_map,No reviewed normalized-name/team identity alias; do not auto-guess.
2026-06-25,2026-06-25T16:04:54.610294+00:00,2026-06-25,DraftKings official lineup CSV,https://www.draftkings.com/lineup/getavailableplayerscsv?contestTypeId=9&draftGroupId=149804,149804,9,Selected largest-prize regular Classic MLB draft group after excluding Turbo/Night/qualifier/satellite/showdown/snake/single-stat slates.,1B/2B,Romy Gonzalez (43369056),Romy Gonzalez,43369056,1B/2B,3000,NYY@BOS 06/25/2026 07:10PM ET,06/25/2026 07:10PM ET,BOS,NYY,home,0,,,needs_review_new_player,identity_name_team_map,No reviewed normalized-name/team identity alias; do not auto-guess.
2026-06-25,2026-06-25T16:04:54.610294+00:00,2026-06-25,DraftKings official lineup CSV,https://www.draftkings.com/lineup/getavailableplayerscsv?contestTypeId=9&draftGroupId=149804,149804,9,Selected largest-prize regular Classic MLB draft group after excluding Turbo/Night/qualifier/satellite/showdown/snake/single-stat slates.,OF,Nathan Church (43368957),Nathan Church,43368957,OF,3000,ARI@STL 06/25/2026 07:45PM ET,06/25/2026 07:45PM ET,STL,ARI,home,5.77,701675,Nathan Church,mapped,identity_name_team_map,Stable identity seed from old DK-ID map. Pilot join status: matched via normalized_name_team
2026-06-25,2026-06-25T16:04:54.610294+00:00,2026-06-25,DraftKings official lineup CSV,https://www.draftkings.com/lineup/getavailableplayerscsv?contestTypeId=9&draftGroupId=149804,149804,9,Selected largest-prize regular Classic MLB draft group after excluding Turbo/Night/qualifier/satellite/showdown/snake/single-stat slates.,OF,Jordan Lawlar (43369059),Jordan Lawlar,43369059,OF,3000,ARI@STL 06/25/2026 07:45PM ET,06/25/2026 07:45PM ET,ARI,STL,away,8.25,,,needs_review_new_player,identity_name_team_map,No reviewed normalized-name/team identity alias; do not auto-guess.
2026-06-25,2026-06-25T16:04:54.610294+00:00,2026-06-25,DraftKings official lineup CSV,https://www.draftkings.com/lineup/getavailableplayerscsv?contestTypeId=9&draftGroupId=149804,149804,9,Selected largest-prize regular Classic MLB draft group after excluding Turbo/Night/qualifier/satellite/showdown/snake/single-stat slates.,2B/OF,Matt Shaw (43368953),Matt Shaw,43368953,2B/OF,3000,CHC@NYM 06/25/2026 07:10PM ET,06/25/2026 07:10PM ET,CHC,NYM,away,5.02,807713,Matt Shaw,mapped,identity_name_team_map,Stable identity seed from old DK-ID map. Pilot join status: matched via normalized_name_team
2026-06-25,2026-06-25T16:04:54.610294+00:00,2026-06-25,DraftKings official lineup CSV,https://www.draftkings.com/lineup/getavailableplayerscsv?contestTypeId=9&draftGroupId=149804,149804,9,Selected largest-prize regular Classic MLB draft group after excluding Turbo/Night/qualifier/satellite/showdown/snake/single-stat slates.,C,Moises Ballesteros (43369058),Moises Ballesteros,43369058,C,3000,CHC@NYM 06/25/2026 07:10PM ET,06/25/2026 07:10PM ET,CHC,NYM,away,4.73,694208,Moisés Ballesteros,mapped,identity_name_team_map,Stable identity seed from old DK-ID map. Pilot join status: matched via normalized_name_team
2026-06-25,2026-06-25T16:04:54.610294+00:00,2026-06-25,DraftKings official lineup CSV,https://www.draftkings.com/lineup/getavailableplayerscsv?contestTypeId=9&draftGroupId=149804,149804,9,Selected largest-prize regular Classic MLB draft group after excluding Turbo/Night/qualifier/satellite/showdown/snake/single-stat slates.,OF,Jake Meyers (43368961),Jake Meyers,43368961,OF,2900,HOU@DET 06/25/2026 06:40PM ET,06/25/2026 06:40PM ET,HOU,DET,away,3.98,676694,Jake Meyers,mapped,identity_name_team_map,Stable identity seed from old DK-ID map. Pilot join status: matched via normalized_name_team
2026-06-25,2026-06-25T16:04:54.610294+00:00,2026-06-25,DraftKings official lineup CSV,https://www.draftkings.com/lineup/getavailableplayerscsv?contestTypeId=9&draftGroupId=149804,149804,9,Selected largest-prize regular Classic MLB draft group after excluding Turbo/Night/qualifier/satellite/showdown/snake/single-stat slates.,3B,Colt Keith (43368962),Colt Keith,43368962,3B,2900,HOU@DET 06/25/2026 06:40PM ET,06/25/2026 06:40PM ET,DET,HOU,home,4.92,690993,Colt Keith,mapped,identity_name_team_map,Proposed from review candidates; basis=exact normalized name + team; role-compatible; hr-distance-latest.json|statcast_batter_des_2026; confidence=high; sources=hr-distance-latest.json|statcast_batter_des_2026
2026-06-25,2026-06-25T16:04:54.610294+00:00,2026-06-25,DraftKings official lineup CSV,https://www.draftkings.com/lineup/getavailableplayerscsv?contestTypeId=9&draftGroupId=149804,149804,9,Selected largest-prize regular Classic MLB draft group after excluding Turbo/Night/qualifier/satellite/showdown/snake/single-stat slates.,1B/2B,Ildemaro Vargas (43368958),Ildemaro Vargas,43368958,1B/2B,2900,ARI@STL 06/25/2026 07:45PM ET,06/25/2026 07:45PM ET,ARI,STL,away,6.73,,,needs_review_new_player,identity_name_team_map,No reviewed normalized-name/team identity alias; do not auto-guess.
2026-06-25,2026-06-25T16:04:54.610294+00:00,2026-06-25,DraftKings official lineup CSV,https://www.draftkings.com/lineup/getavailableplayerscsv?contestTypeId=9&draftGroupId=149804,149804,9,Selected largest-prize regular Classic MLB draft group after excluding Turbo/Night/qualifier/satellite/showdown/snake/single-stat slates.,OF,Lourdes Gurriel Jr. (43368960),Lourdes Gurriel Jr.,43368960,OF,2900,ARI@STL 06/25/2026 07:45PM ET,06/25/2026 07:45PM ET,ARI,STL,away,5.34,,,needs_review_new_player,identity_name_team_map,No reviewed normalized-name/team identity alias; do not auto-guess.
2026-06-25,2026-06-25T16:04:54.610294+00:00,2026-06-25,DraftKings official lineup CSV,https://www.draftkings.com/lineup/getavailableplayerscsv?contestTypeId=9&draftGroupId=149804,149804,9,Selected largest-prize regular Classic MLB draft group after excluding Turbo/Night/qualifier/satellite/showdown/snake/single-stat slates.,3B,Nolan Gorman (43369061),Nolan Gorman,43369061,3B,2900,ARI@STL 06/25/2026 07:45PM ET,06/25/2026 07:45PM ET,STL,ARI,home,5.06,669357,Nolan Gorman,mapped,identity_name_team_map,Stable identity seed from old DK-ID map. Pilot join status: matched via normalized_name_team
2026-06-25,2026-06-25T16:04:54.610294+00:00,2026-06-25,DraftKings official lineup CSV,https://www.draftkings.com/lineup/getavailableplayerscsv?contestTypeId=9&draftGroupId=149804,149804,9,Selected largest-prize regular Classic MLB draft group after excluding Turbo/Night/qualifier/satellite/showdown/snake/single-stat slates.,C,Carson Kelly (43368963),Carson Kelly,43368963,C,2900,CHC@NYM 06/25/2026 07:10PM ET,06/25/2026 07:10PM ET,CHC,NYM,away,6.34,608348,Carson Kelly,mapped,identity_name_team_map,Stable identity seed from old DK-ID map. Pilot join status: matched via normalized_name_team
2026-06-25,2026-06-25T16:04:54.610294+00:00,2026-06-25,DraftKings official lineup CSV,https://www.draftkings.com/lineup/getavailableplayerscsv?contestTypeId=9&draftGroupId=149804,149804,9,Selected largest-prize regular Classic MLB draft group after excluding Turbo/Night/qualifier/satellite/showdown/snake/single-stat slates.,2B,Justin Foscue (43368966),Justin Foscue,43368966,2B,2800,TEX@TOR 06/25/2026 07:07PM ET,06/25/2026 07:07PM ET,TEX,TOR,away,4.34,679822,Justin Foscue,mapped,identity_name_team_map,Stable identity seed from old DK-ID map. Pilot join status: matched via normalized_name_team
2026-06-25,2026-06-25T16:04:54.610294+00:00,2026-06-25,DraftKings official lineup CSV,https://www.draftkings.com/lineup/getavailableplayerscsv?contestTypeId=9&draftGroupId=149804,149804,9,Selected largest-prize regular Classic MLB draft group after excluding Turbo/Night/qualifier/satellite/showdown/snake/single-stat slates.,C,Willie MacIver (43369066),Willie MacIver,43369066,C,2800,TEX@TOR 06/25/2026 07:07PM ET,06/25/2026 07:07PM ET,TOR,TEX,home,0,680862,Willie MacIver,mapped,identity_name_team_map,Stable identity seed from old DK-ID map. Pilot join status: matched_people_search_name via mlb_people_search_normalized_name
2026-06-25,2026-06-25T16:04:54.610294+00:00,2026-06-25,DraftKings official lineup CSV,https://www.draftkings.com/lineup/getavailableplayerscsv?contestTypeId=9&draftGroupId=149804,149804,9,Selected largest-prize regular Classic MLB draft group after excluding Turbo/Night/qualifier/satellite/showdown/snake/single-stat slates.,OF,Taylor Trammell (43368969),Taylor Trammell,43368969,OF,2800,HOU@DET 06/25/2026 06:40PM ET,06/25/2026 06:40PM ET,HOU,DET,away,4.61,666211,Taylor Trammell,mapped,identity_name_team_map,Stable identity seed from old DK-ID map. Pilot join status: matched via normalized_name_team
2026-06-25,2026-06-25T16:04:54.610294+00:00,2026-06-25,DraftKings official lineup CSV,https://www.draftkings.com/lineup/getavailableplayerscsv?contestTypeId=9&draftGroupId=149804,149804,9,Selected largest-prize regular Classic MLB draft group after excluding Turbo/Night/qualifier/satellite/showdown/snake/single-stat slates.,2B/3B,Braden Shewmake (43369064),Braden Shewmake,43369064,2B/3B,2800,HOU@DET 06/25/2026 06:40PM ET,06/25/2026 06:40PM ET,HOU,DET,away,4.18,669699,Braden Shewmake,mapped,identity_name_team_map,Stable identity seed from old DK-ID map. Pilot join status: matched via normalized_name_team
2026-06-25,2026-06-25T16:04:54.610294+00:00,2026-06-25,DraftKings official lineup CSV,https://www.draftkings.com/lineup/getavailableplayerscsv?contestTypeId=9&draftGroupId=149804,149804,9,Selected largest-prize regular Classic MLB draft group after excluding Turbo/Night/qualifier/satellite/showdown/snake/single-stat slates.,SS,Marcelo Mayer (43368964),Marcelo Mayer,43368964,SS,2800,NYY@BOS 06/25/2026 07:10PM ET,06/25/2026 07:10PM ET,BOS,NYY,home,4.51,,,needs_review_new_player,identity_name_team_map,No reviewed normalized-name/team identity alias; do not auto-guess.
2026-06-25,2026-06-25T16:04:54.610294+00:00,2026-06-25,DraftKings official lineup CSV,https://www.draftkings.com/lineup/getavailableplayerscsv?contestTypeId=9&draftGroupId=149804,149804,9,Selected largest-prize regular Classic MLB draft group after excluding Turbo/Night/qualifier/satellite/showdown/snake/single-stat slates.,C,Adrian Del Castillo (43368965),Adrian Del Castillo,43368965,C,2800,ARI@STL 06/25/2026 07:45PM ET,06/25/2026 07:45PM ET,ARI,STL,away,4.51,,,needs_review_new_player,identity_name_team_map,No reviewed normalized-name/team identity alias; do not auto-guess.
2026-06-25,2026-06-25T16:04:54.610294+00:00,2026-06-25,DraftKings official lineup CSV,https://www.draftkings.com/lineup/getavailableplayerscsv?contestTypeId=9&draftGroupId=149804,149804,9,Selected largest-prize regular Classic MLB draft group after excluding Turbo/Night/qualifier/satellite/showdown/snake/single-stat slates.,C,Pedro Pages (43368968),Pedro Pages,43368968,C,2800,ARI@STL 06/25/2026 07:45PM ET,06/25/2026 07:45PM ET,STL,ARI,home,4.46,686780,Pedro Pagés,mapped,identity_name_team_map,Stable identity seed from old DK-ID map. Pilot join status: matched via normalized_name_team
2026-06-25,2026-06-25T16:04:54.610294+00:00,2026-06-25,DraftKings official lineup CSV,https://www.draftkings.com/lineup/getavailableplayerscsv?contestTypeId=9&draftGroupId=149804,149804,9,Selected largest-prize regular Classic MLB draft group after excluding Turbo/Night/qualifier/satellite/showdown/snake/single-stat slates.,1B/3B,Jose Fernandez (43369062),Jose Fernandez,43369062,1B/3B,2800,ARI@STL 06/25/2026 07:45PM ET,06/25/2026 07:45PM ET,ARI,STL,away,5.24,,,needs_review_new_player,identity_name_team_map,No reviewed normalized-name/team identity alias; do not auto-guess.
2026-06-25,2026-06-25T16:04:54.610294+00:00,2026-06-25,DraftKings official lineup CSV,https://www.draftkings.com/lineup/getavailableplayerscsv?contestTypeId=9&draftGroupId=149804,149804,9,Selected largest-prize regular Classic MLB draft group after excluding Turbo/Night/qualifier/satellite/showdown/snake/single-stat slates.,1B,Jared Young (43368967),Jared Young,43368967,1B,2800,CHC@NYM 06/25/2026 07:10PM ET,06/25/2026 07:10PM ET,NYM,CHC,home,5,676724,Jared Young,mapped,identity_name_team_map,Stable identity seed from old DK-ID map. Pilot join status: matched via normalized_name_team
2026-06-25,2026-06-25T16:04:54.610294+00:00,2026-06-25,DraftKings official lineup CSV,https://www.draftkings.com/lineup/getavailableplayerscsv?contestTypeId=9&draftGroupId=149804,149804,9,Selected largest-prize regular Classic MLB draft group after excluding Turbo/Night/qualifier/satellite/showdown/snake/single-stat slates.,3B,Brett Baty (43368970),Brett Baty,43368970,3B,2800,CHC@NYM 06/25/2026 07:10PM ET,06/25/2026 07:10PM ET,NYM,CHC,home,4.79,683146,Brett Baty,mapped,identity_name_team_map,Stable identity seed from old DK-ID map. Pilot join status: matched via normalized_name_team
2026-06-25,2026-06-25T16:04:54.610294+00:00,2026-06-25,DraftKings official lineup CSV,https://www.draftkings.com/lineup/getavailableplayerscsv?contestTypeId=9&draftGroupId=149804,149804,9,Selected largest-prize regular Classic MLB draft group after excluding Turbo/Night/qualifier/satellite/showdown/snake/single-stat slates.,OF,Gabriel Rincones Jr. (43368974),Gabriel Rincones Jr.,43368974,OF,2700,PHI@WSH 06/25/2026 06:45PM ET,06/25/2026 06:45PM ET,PHI,WSH,away,4,687282,Gabriel Rincones Jr.,mapped,identity_name_team_map,Stable identity seed from old DK-ID map. Pilot join status: matched_people_search_name via mlb_people_search_normalized_name
2026-06-25,2026-06-25T16:04:54.610294+00:00,2026-06-25,DraftKings official lineup CSV,https://www.draftkings.com/lineup/getavailableplayerscsv?contestTypeId=9&draftGroupId=149804,149804,9,Selected largest-prize regular Classic MLB draft group after excluding Turbo/Night/qualifier/satellite/showdown/snake/single-stat slates.,SS,Andres Gimenez (43368971),Andres Gimenez,43368971,SS,2700,TEX@TOR 06/25/2026 07:07PM ET,06/25/2026 07:07PM ET,TOR,TEX,home,5.84,665926,Andrés Giménez,mapped,identity_name_team_map,Stable identity seed from old DK-ID map. Pilot join status: matched via normalized_name_team
2026-06-25,2026-06-25T16:04:54.610294+00:00,2026-06-25,DraftKings official lineup CSV,https://www.draftkings.com/lineup/getavailableplayerscsv?contestTypeId=9&draftGroupId=149804,149804,9,Selected largest-prize regular Classic MLB draft group after excluding Turbo/Night/qualifier/satellite/showdown/snake/single-stat slates.,C,Kyle Higashioka (43368977),Kyle Higashioka,43368977,C,2700,TEX@TOR 06/25/2026 07:07PM ET,06/25/2026 07:07PM ET,TEX,TOR,away,4.91,543309,Kyle Higashioka,mapped,identity_name_team_map,Stable identity seed from old DK-ID map. Pilot join status: matched via normalized_name_team
2026-06-25,2026-06-25T16:04:54.610294+00:00,2026-06-25,DraftKings official lineup CSV,https://www.draftkings.com/lineup/getavailableplayerscsv?contestTypeId=9&draftGroupId=149804,149804,9,Selected largest-prize regular Classic MLB draft group after excluding Turbo/Night/qualifier/satellite/showdown/snake/single-stat slates.,OF,Jesus Sanchez (43368978),Jesus Sanchez,43368978,OF,2700,TEX@TOR 06/25/2026 07:07PM ET,06/25/2026 07:07PM ET,TOR,TEX,home,5.51,660821,Jesús Sánchez,mapped,identity_name_team_map,Stable identity seed from old DK-ID map. Pilot join status: matched via normalized_name_team
2026-06-25,2026-06-25T16:04:54.610294+00:00,2026-06-25,DraftKings official lineup CSV,https://www.draftkings.com/lineup/getavailableplayerscsv?contestTypeId=9&draftGroupId=149804,149804,9,Selected largest-prize regular Classic MLB draft group after excluding Turbo/Night/qualifier/satellite/showdown/snake/single-stat slates.,OF,Andrew McCutchen (43369070),Andrew McCutchen,43369070,OF,2700,TEX@TOR 06/25/2026 07:07PM ET,06/25/2026 07:07PM ET,TEX,TOR,away,2.62,457705,Andrew McCutchen,mapped,identity_name_team_map,Stable identity seed from old DK-ID map. Pilot join status: matched via normalized_name_team
2026-06-25,2026-06-25T16:04:54.610294+00:00,2026-06-25,DraftKings official lineup CSV,https://www.draftkings.com/lineup/getavailableplayerscsv?contestTypeId=9&draftGroupId=149804,149804,9,Selected largest-prize regular Classic MLB draft group after excluding Turbo/Night/qualifier/satellite/showdown/snake/single-stat slates.,OF,Joey Loperfido (43368979),Joey Loperfido,43368979,OF,2700,HOU@DET 06/25/2026 06:40PM ET,06/25/2026 06:40PM ET,HOU,DET,away,5,694388,Joey Loperfido,mapped,identity_name_team_map,Stable identity seed from old DK-ID map. Pilot join status: matched via normalized_name_team
2026-06-25,2026-06-25T16:04:54.610294+00:00,2026-06-25,DraftKings official lineup CSV,https://www.draftkings.com/lineup/getavailableplayerscsv?contestTypeId=9&draftGroupId=149804,149804,9,Selected largest-prize regular Classic MLB draft group after excluding Turbo/Night/qualifier/satellite/showdown/snake/single-stat slates.,2B/3B,Gage Workman (43369067),Gage Workman,43369067,2B/3B,2700,HOU@DET 06/25/2026 06:40PM ET,06/25/2026 06:40PM ET,DET,HOU,home,3.38,669398,Gage Workman,mapped,identity_name_team_map,Proposed from review candidates; basis=exact normalized name + team; role-compatible; statcast_batter_des_2026; confidence=high; sources=statcast_batter_des_2026
2026-06-25,2026-06-25T16:04:54.610294+00:00,2026-06-25,DraftKings official lineup CSV,https://www.draftkings.com/lineup/getavailableplayerscsv?contestTypeId=9&draftGroupId=149804,149804,9,Selected largest-prize regular Classic MLB draft group after excluding Turbo/Night/qualifier/satellite/showdown/snake/single-stat slates.,OF,Spencer Jones (43368972),Spencer Jones,43368972,OF,2700,NYY@BOS 06/25/2026 07:10PM ET,06/25/2026 07:10PM ET,NYY,BOS,away,4.33,,,needs_review_new_player,identity_name_team_map,No reviewed normalized-name/team identity alias; do not auto-guess.
2026-06-25,2026-06-25T16:04:54.610294+00:00,2026-06-25,DraftKings official lineup CSV,https://www.draftkings.com/lineup/getavailableplayerscsv?contestTypeId=9&draftGroupId=149804,149804,9,Selected largest-prize regular Classic MLB draft group after excluding Turbo/Night/qualifier/satellite/showdown/snake/single-stat slates.,3B,Caleb Durbin (43368973),Caleb Durbin,43368973,3B,2700,NYY@BOS 06/25/2026 07:10PM ET,06/25/2026 07:10PM ET,BOS,NYY,home,5.68,,,needs_review_new_player,identity_name_team_map,No reviewed normalized-name/team identity alias; do not auto-guess.
2026-06-25,2026-06-25T16:04:54.610294+00:00,2026-06-25,DraftKings official lineup CSV,https://www.draftkings.com/lineup/getavailableplayerscsv?contestTypeId=9&draftGroupId=149804,149804,9,Selected largest-prize regular Classic MLB draft group after excluding Turbo/Night/qualifier/satellite/showdown/snake/single-stat slates.,OF,Tommy Troy (43368975),Tommy Troy,43368975,OF,2700,ARI@STL 06/25/2026 07:45PM ET,06/25/2026 07:45PM ET,ARI,STL,away,5.93,,,needs_review_new_player,identity_name_team_map,No reviewed normalized-name/team identity alias; do not auto-guess.
2026-06-25,2026-06-25T16:04:54.610294+00:00,2026-06-25,DraftKings official lineup CSV,https://www.draftkings.com/lineup/getavailableplayerscsv?contestTypeId=9&draftGroupId=149804,149804,9,Selected largest-prize regular Classic MLB draft group after excluding Turbo/Night/qualifier/satellite/showdown/snake/single-stat slates.,OF,Ryan Waldschmidt (43369069),Ryan Waldschmidt,43369069,OF,2700,ARI@STL 06/25/2026 07:45PM ET,06/25/2026 07:45PM ET,ARI,STL,away,5.79,,,needs_review_new_player,identity_name_team_map,No reviewed normalized-name/team identity alias; do not auto-guess.
2026-06-25,2026-06-25T16:04:54.610294+00:00,2026-06-25,DraftKings official lineup CSV,https://www.draftkings.com/lineup/getavailableplayerscsv?contestTypeId=9&draftGroupId=149804,149804,9,Selected largest-prize regular Classic MLB draft group after excluding Turbo/Night/qualifier/satellite/showdown/snake/single-stat slates.,C,Miguel Amaya (43368976),Miguel Amaya,43368976,C,2700,CHC@NYM 06/25/2026 07:10PM ET,06/25/2026 07:10PM ET,CHC,NYM,away,4.61,665804,Miguel Amaya,mapped,identity_name_team_map,Stable identity seed from old DK-ID map. Pilot join status: matched via normalized_name_team
2026-06-25,2026-06-25T16:04:54.610294+00:00,2026-06-25,DraftKings official lineup CSV,https://www.draftkings.com/lineup/getavailableplayerscsv?contestTypeId=9&draftGroupId=149804,149804,9,Selected largest-prize regular Classic MLB draft group after excluding Turbo/Night/qualifier/satellite/showdown/snake/single-stat slates.,2B,Jose Tena (43368982),Jose Tena,43368982,2B,2600,PHI@WSH 06/25/2026 06:45PM ET,06/25/2026 06:45PM ET,WSH,PHI,home,4.22,677588,José Tena,mapped,identity_name_team_map,Stable identity seed from old DK-ID map. Pilot join status: matched via normalized_name_team
2026-06-25,2026-06-25T16:04:54.610294+00:00,2026-06-25,DraftKings official lineup CSV,https://www.draftkings.com/lineup/getavailableplayerscsv?contestTypeId=9&draftGroupId=149804,149804,9,Selected largest-prize regular Classic MLB draft group after excluding Turbo/Night/qualifier/satellite/showdown/snake/single-stat slates.,C,Elias Diaz (43368983),Elias Diaz,43368983,C,2600,TEX@TOR 06/25/2026 07:07PM ET,06/25/2026 07:07PM ET,TEX,TOR,away,4.35,553869,Elias Díaz,mapped,identity_name_team_map,Stable identity seed from old DK-ID map. Pilot join status: matched via normalized_name_team
2026-06-25,2026-06-25T16:04:54.610294+00:00,2026-06-25,DraftKings official lineup CSV,https://www.draftkings.com/lineup/getavailableplayerscsv?contestTypeId=9&draftGroupId=149804,149804,9,Selected largest-prize regular Classic MLB draft group after excluding Turbo/Night/qualifier/satellite/showdown/snake/single-stat slates.,C,Connor Wong (43368980),Connor Wong,43368980,C,2600,NYY@BOS 06/25/2026 07:10PM ET,06/25/2026 07:10PM ET,BOS,NYY,home,5.36,,,needs_review_new_player,identity_name_team_map,No reviewed normalized-name/team identity alias; do not auto-guess.
2026-06-25,2026-06-25T16:04:54.610294+00:00,2026-06-25,DraftKings official lineup CSV,https://www.draftkings.com/lineup/getavailableplayerscsv?contestTypeId=9&draftGroupId=149804,149804,9,Selected largest-prize regular Classic MLB draft group after excluding Turbo/Night/qualifier/satellite/showdown/snake/single-stat slates.,1B,Mark Vientos (43368981),Mark Vientos,43368981,1B,2600,CHC@NYM 06/25/2026 07:10PM ET,06/25/2026 07:10PM ET,NYM,CHC,home,5.61,668901,Mark Vientos,mapped,identity_name_team_map,Stable identity seed from old DK-ID map. Pilot join status: matched via normalized_name_team
2026-06-25,2026-06-25T16:04:54.610294+00:00,2026-06-25,DraftKings official lineup CSV,https://www.draftkings.com/lineup/getavailableplayerscsv?contestTypeId=9&draftGroupId=149804,149804,9,Selected largest-prize regular Classic MLB draft group after excluding Turbo/Night/qualifier/satellite/showdown/snake/single-stat slates.,2B/3B,Pedro Ramirez (43368984),Pedro Ramirez,43368984,2B/3B,2600,CHC@NYM 06/25/2026 07:10PM ET,06/25/2026 07:10PM ET,CHC,NYM,away,4.95,699393,Pedro Ramírez,mapped,identity_name_team_map,Stable identity seed from old DK-ID map. Pilot join status: matched via normalized_name_team
2026-06-25,2026-06-25T16:04:54.610294+00:00,2026-06-25,DraftKings official lineup CSV,https://www.draftkings.com/lineup/getavailableplayerscsv?contestTypeId=9&draftGroupId=149804,149804,9,Selected largest-prize regular Classic MLB draft group after excluding Turbo/Night/qualifier/satellite/showdown/snake/single-stat slates.,OF,Austin Slater (43369071),Austin Slater,43369071,OF,2600,CHC@NYM 06/25/2026 07:10PM ET,06/25/2026 07:10PM ET,NYM,CHC,home,3.75,,,needs_review_new_player,identity_name_team_map,No reviewed normalized-name/team identity alias; do not auto-guess.
2026-06-25,2026-06-25T16:04:54.610294+00:00,2026-06-25,DraftKings official lineup CSV,https://www.draftkings.com/lineup/getavailableplayerscsv?contestTypeId=9&draftGroupId=149804,149804,9,Selected largest-prize regular Classic MLB draft group after excluding Turbo/Night/qualifier/satellite/showdown/snake/single-stat slates.,C,Drew Millas (43368990),Drew Millas,43368990,C,2500,PHI@WSH 06/25/2026 06:45PM ET,06/25/2026 06:45PM ET,WSH,PHI,home,3.59,686452,Drew Millas,mapped,identity_name_team_map,Stable identity seed from old DK-ID map. Pilot join status: matched via normalized_name_team
2026-06-25,2026-06-25T16:04:54.610294+00:00,2026-06-25,DraftKings official lineup CSV,https://www.draftkings.com/lineup/getavailableplayerscsv?contestTypeId=9&draftGroupId=149804,149804,9,Selected largest-prize regular Classic MLB draft group after excluding Turbo/Night/qualifier/satellite/showdown/snake/single-stat slates.,OF,Derek Hill (43368991),Derek Hill,43368991,OF,2500,PHI@WSH 06/25/2026 06:45PM ET,06/25/2026 06:45PM ET,PHI,WSH,away,3.53,656537,Derek Hill,needs_review_team_change,identity_name_unique_mlbam,Name maps to one reviewed MLBAM identity but not this DK team; review as team-change/new alias before trusting automation.
2026-06-25,2026-06-25T16:04:54.610294+00:00,2026-06-25,DraftKings official lineup CSV,https://www.draftkings.com/lineup/getavailableplayerscsv?contestTypeId=9&draftGroupId=149804,149804,9,Selected largest-prize regular Classic MLB draft group after excluding Turbo/Night/qualifier/satellite/showdown/snake/single-stat slates.,OF,Robert Hassell III (43369074),Robert Hassell III,43369074,OF,2500,PHI@WSH 06/25/2026 06:45PM ET,06/25/2026 06:45PM ET,WSH,PHI,home,0,690987,Robert Hassell III,mapped,identity_name_team_map,Stable identity seed from old DK-ID map. Pilot join status: matched_people_search_name via mlb_people_search_normalized_name
2026-06-25,2026-06-25T16:04:54.610294+00:00,2026-06-25,DraftKings official lineup CSV,https://www.draftkings.com/lineup/getavailableplayerscsv?contestTypeId=9&draftGroupId=149804,149804,9,Selected largest-prize regular Classic MLB draft group after excluding Turbo/Night/qualifier/satellite/showdown/snake/single-stat slates.,2B/SS,Nicky Lopez (43368996),Nicky Lopez,43368996,2B/SS,2500,TEX@TOR 06/25/2026 07:07PM ET,06/25/2026 07:07PM ET,TEX,TOR,away,4.30,670032,Nicky Lopez,mapped,identity_name_team_map,Stable identity seed from old DK-ID map. Pilot join status: matched via normalized_name_team
2026-06-25,2026-06-25T16:04:54.610294+00:00,2026-06-25,DraftKings official lineup CSV,https://www.draftkings.com/lineup/getavailableplayerscsv?contestTypeId=9&draftGroupId=149804,149804,9,Selected largest-prize regular Classic MLB draft group after excluding Turbo/Night/qualifier/satellite/showdown/snake/single-stat slates.,OF,Nathan Lukes (43368998),Nathan Lukes,43368998,OF,2500,TEX@TOR 06/25/2026 07:07PM ET,06/25/2026 07:07PM ET,TOR,TEX,home,5.39,664770,Nathan Lukes,mapped,identity_name_team_map,Stable identity seed from old DK-ID map. Pilot join status: matched via normalized_name_team
2026-06-25,2026-06-25T16:04:54.610294+00:00,2026-06-25,DraftKings official lineup CSV,https://www.draftkings.com/lineup/getavailableplayerscsv?contestTypeId=9&draftGroupId=149804,149804,9,Selected largest-prize regular Classic MLB draft group after excluding Turbo/Night/qualifier/satellite/showdown/snake/single-stat slates.,1B/2B,Charles McAdoo (43369075),Charles McAdoo,43369075,1B/2B,2500,TEX@TOR 06/25/2026 07:07PM ET,06/25/2026 07:07PM ET,TOR,TEX,home,3.62,807727,Charles McAdoo,mapped,identity_name_team_map,Stable identity seed from old DK-ID map. Pilot join status: matched via normalized_name_team
2026-06-25,2026-06-25T16:04:54.610294+00:00,2026-06-25,DraftKings official lineup CSV,https://www.draftkings.com/lineup/getavailableplayerscsv?contestTypeId=9&draftGroupId=149804,149804,9,Selected largest-prize regular Classic MLB draft group after excluding Turbo/Night/qualifier/satellite/showdown/snake/single-stat slates.,2B,Hao-Yu Lee (43368987),Hao-Yu Lee,43368987,2B,2500,HOU@DET 06/25/2026 06:40PM ET,06/25/2026 06:40PM ET,DET,HOU,home,3.90,701678,Hao-Yu Lee,mapped,identity_name_team_map,Proposed from review candidates; basis=exact normalized name + team; role-compatible; statcast_batter_des_2026; confidence=high; sources=statcast_batter_des_2026
2026-06-25,2026-06-25T16:04:54.610294+00:00,2026-06-25,DraftKings official lineup CSV,https://www.draftkings.com/lineup/getavailableplayerscsv?contestTypeId=9&draftGroupId=149804,149804,9,Selected largest-prize regular Classic MLB draft group after excluding Turbo/Night/qualifier/satellite/showdown/snake/single-stat slates.,OF,Cam Smith (43368989),Cam Smith,43368989,OF,2500,HOU@DET 06/25/2026 06:40PM ET,06/25/2026 06:40PM ET,HOU,DET,away,6.11,701358,Cam Smith,mapped,identity_name_team_map,Stable identity seed from old DK-ID map. Pilot join status: matched via normalized_name_team
2026-06-25,2026-06-25T16:04:54.610294+00:00,2026-06-25,DraftKings official lineup CSV,https://www.draftkings.com/lineup/getavailableplayerscsv?contestTypeId=9&draftGroupId=149804,149804,9,Selected largest-prize regular Classic MLB draft group after excluding Turbo/Night/qualifier/satellite/showdown/snake/single-stat slates.,OF,Parker Meadows (43369072),Parker Meadows,43369072,OF,2500,HOU@DET 06/25/2026 06:40PM ET,06/25/2026 06:40PM ET,DET,HOU,home,5.42,678009,Parker Meadows,mapped,identity_name_team_map,Proposed from review candidates; basis=exact normalized name + team; role-compatible; statcast_batter_des_2026; confidence=high; sources=statcast_batter_des_2026
2026-06-25,2026-06-25T16:04:54.610294+00:00,2026-06-25,DraftKings official lineup CSV,https://www.draftkings.com/lineup/getavailableplayerscsv?contestTypeId=9&draftGroupId=149804,149804,9,Selected largest-prize regular Classic MLB draft group after excluding Turbo/Night/qualifier/satellite/showdown/snake/single-stat slates.,C,Austin Wells (43368986),Austin Wells,43368986,C,2500,NYY@BOS 06/25/2026 07:10PM ET,06/25/2026 07:10PM ET,NYY,BOS,away,3.94,,,needs_review_new_player,identity_name_team_map,No reviewed normalized-name/team identity alias; do not auto-guess.
2026-06-25,2026-06-25T16:04:54.610294+00:00,2026-06-25,DraftKings official lineup CSV,https://www.draftkings.com/lineup/getavailableplayerscsv?contestTypeId=9&draftGroupId=149804,149804,9,Selected largest-prize regular Classic MLB draft group after excluding Turbo/Night/qualifier/satellite/showdown/snake/single-stat slates.,OF,Nate Eaton (43368988),Nate Eaton,43368988,OF,2500,NYY@BOS 06/25/2026 07:10PM ET,06/25/2026 07:10PM ET,BOS,NYY,home,7.57,,,needs_review_new_player,identity_name_team_map,No reviewed normalized-name/team identity alias; do not auto-guess.
2026-06-25,2026-06-25T16:04:54.610294+00:00,2026-06-25,DraftKings official lineup CSV,https://www.draftkings.com/lineup/getavailableplayerscsv?contestTypeId=9&draftGroupId=149804,149804,9,Selected largest-prize regular Classic MLB draft group after excluding Turbo/Night/qualifier/satellite/showdown/snake/single-stat slates.,2B/SS,Isiah Kiner-Falefa (43369077),Isiah Kiner-Falefa,43369077,2B/SS,2500,NYY@BOS 06/25/2026 07:10PM ET,06/25/2026 07:10PM ET,BOS,NYY,home,5.19,,,needs_review_new_player,identity_name_team_map,No reviewed normalized-name/team identity alias; do not auto-guess.
2026-06-25,2026-06-25T16:04:54.610294+00:00,2026-06-25,DraftKings official lineup CSV,https://www.draftkings.com/lineup/getavailableplayerscsv?contestTypeId=9&draftGroupId=149804,149804,9,Selected largest-prize regular Classic MLB draft group after excluding Turbo/Night/qualifier/satellite/showdown/snake/single-stat slates.,3B/OF,Jose Fermin (43368992),Jose Fermin,43368992,3B/OF,2500,ARI@STL 06/25/2026 07:45PM ET,06/25/2026 07:45PM ET,STL,ARI,home,4.73,665877,José Fermín,mapped,identity_name_team_map,Stable identity seed from old DK-ID map. Pilot join status: matched via normalized_name_team
2026-06-25,2026-06-25T16:04:54.610294+00:00,2026-06-25,DraftKings official lineup CSV,https://www.draftkings.com/lineup/getavailableplayerscsv?contestTypeId=9&draftGroupId=149804,149804,9,Selected largest-prize regular Classic MLB draft group after excluding Turbo/Night/qualifier/satellite/showdown/snake/single-stat slates.,OF,Max Kepler (43369073),Max Kepler,43369073,OF,2500,ARI@STL 06/25/2026 07:45PM ET,06/25/2026 07:45PM ET,ARI,STL,away,0,,,needs_review_new_player,identity_name_team_map,No reviewed normalized-name/team identity alias; do not auto-guess.
2026-06-25,2026-06-25T16:04:54.610294+00:00,2026-06-25,DraftKings official lineup CSV,https://www.draftkings.com/lineup/getavailableplayerscsv?contestTypeId=9&draftGroupId=149804,149804,9,Selected largest-prize regular Classic MLB draft group after excluding Turbo/Night/qualifier/satellite/showdown/snake/single-stat slates.,1B/OF,Eric Wagaman (43368994),Eric Wagaman,43368994,1B/OF,2500,CHC@NYM 06/25/2026 07:10PM ET,06/25/2026 07:10PM ET,NYM,CHC,home,2.54,676572,Eric Wagaman,mapped,identity_name_team_map,Stable identity seed from old DK-ID map. Pilot join status: matched via normalized_name_team
2026-06-25,2026-06-25T16:04:54.610294+00:00,2026-06-25,DraftKings official lineup CSV,https://www.draftkings.com/lineup/getavailableplayerscsv?contestTypeId=9&draftGroupId=149804,149804,9,Selected largest-prize regular Classic MLB draft group after excluding Turbo/Night/qualifier/satellite/showdown/snake/single-stat slates.,OF,Johan Rojas (43369081),Johan Rojas,43369081,OF,2400,PHI@WSH 06/25/2026 06:45PM ET,06/25/2026 06:45PM ET,PHI,WSH,away,0,679032,Johan Rojas,mapped,identity_name_team_map,Stable identity seed from old DK-ID map. Pilot join status: matched_people_search_name via mlb_people_search_normalized_name
2026-06-25,2026-06-25T16:04:54.610294+00:00,2026-06-25,DraftKings official lineup CSV,https://www.draftkings.com/lineup/getavailableplayerscsv?contestTypeId=9&draftGroupId=149804,149804,9,Selected largest-prize regular Classic MLB draft group after excluding Turbo/Night/qualifier/satellite/showdown/snake/single-stat slates.,OF,Alejandro Osuna (43369005),Alejandro Osuna,43369005,OF,2400,TEX@TOR 06/25/2026 07:07PM ET,06/25/2026 07:07PM ET,TEX,TOR,away,4.63,696030,Alejandro Osuna,mapped,identity_name_team_map,Stable identity seed from old DK-ID map. Pilot join status: matched via normalized_name_team
2026-06-25,2026-06-25T16:04:54.610294+00:00,2026-06-25,DraftKings official lineup CSV,https://www.draftkings.com/lineup/getavailableplayerscsv?contestTypeId=9&draftGroupId=149804,149804,9,Selected largest-prize regular Classic MLB draft group after excluding Turbo/Night/qualifier/satellite/showdown/snake/single-stat slates.,2B/OF,Brice Matthews (43369002),Brice Matthews,43369002,2B/OF,2400,HOU@DET 06/25/2026 06:40PM ET,06/25/2026 06:40PM ET,HOU,DET,away,4.03,694728,Brice Matthews,mapped,identity_name_team_map,Stable identity seed from old DK-ID map. Pilot join status: matched via normalized_name_team
2026-06-25,2026-06-25T16:04:54.610294+00:00,2026-06-25,DraftKings official lineup CSV,https://www.draftkings.com/lineup/getavailableplayerscsv?contestTypeId=9&draftGroupId=149804,149804,9,Selected largest-prize regular Classic MLB draft group after excluding Turbo/Night/qualifier/satellite/showdown/snake/single-stat slates.,OF/SS,Zach McKinstry (43369006),Zach McKinstry,43369006,SS/OF,2400,HOU@DET 06/25/2026 06:40PM ET,06/25/2026 06:40PM ET,DET,HOU,home,3.82,656716,Zach McKinstry,mapped,identity_name_team_map,Proposed from review candidates; basis=exact normalized name + team; role-compatible; statcast_batter_des_2026; confidence=high; sources=statcast_batter_des_2026
2026-06-25,2026-06-25T16:04:54.610294+00:00,2026-06-25,DraftKings official lineup CSV,https://www.draftkings.com/lineup/getavailableplayerscsv?contestTypeId=9&draftGroupId=149804,149804,9,Selected largest-prize regular Classic MLB draft group after excluding Turbo/Night/qualifier/satellite/showdown/snake/single-stat slates.,OF/SS,Javier Baez (43369079),Javier Baez,43369079,SS/OF,2400,HOU@DET 06/25/2026 06:40PM ET,06/25/2026 06:40PM ET,DET,HOU,home,5.29,595879,Javier Báez,mapped,identity_name_team_map,Proposed from review candidates; basis=exact normalized name + team; role-compatible; statcast_batter_des_2026; confidence=high; sources=statcast_batter_des_2026
2026-06-25,2026-06-25T16:04:54.610294+00:00,2026-06-25,DraftKings official lineup CSV,https://www.draftkings.com/lineup/getavailableplayerscsv?contestTypeId=9&draftGroupId=149804,149804,9,Selected largest-prize regular Classic MLB draft group after excluding Turbo/Night/qualifier/satellite/showdown/snake/single-stat slates.,OF,Zach Cole (43369083),Zach Cole,43369083,OF,2400,HOU@DET 06/25/2026 06:40PM ET,06/25/2026 06:40PM ET,HOU,DET,away,3.95,805904,Zach Cole,mapped,identity_name_team_map,Stable identity seed from old DK-ID map. Pilot join status: matched via normalized_name_team
2026-06-25,2026-06-25T16:04:54.610294+00:00,2026-06-25,DraftKings official lineup CSV,https://www.draftkings.com/lineup/getavailableplayerscsv?contestTypeId=9&draftGroupId=149804,149804,9,Selected largest-prize regular Classic MLB draft group after excluding Turbo/Night/qualifier/satellite/showdown/snake/single-stat slates.,3B,Ryan McMahon (43368999),Ryan McMahon,43368999,3B,2400,NYY@BOS 06/25/2026 07:10PM ET,06/25/2026 07:10PM ET,NYY,BOS,away,4.49,,,needs_review_new_player,identity_name_team_map,No reviewed normalized-name/team identity alias; do not auto-guess.
2026-06-25,2026-06-25T16:04:54.610294+00:00,2026-06-25,DraftKings official lineup CSV,https://www.draftkings.com/lineup/getavailableplayerscsv?contestTypeId=9&draftGroupId=149804,149804,9,Selected largest-prize regular Classic MLB draft group after excluding Turbo/Night/qualifier/satellite/showdown/snake/single-stat slates.,2B,Andruw Monasterio (43369000),Andruw Monasterio,43369000,2B,2400,NYY@BOS 06/25/2026 07:10PM ET,06/25/2026 07:10PM ET,BOS,NYY,home,4.26,,,needs_review_new_player,identity_name_team_map,No reviewed normalized-name/team identity alias; do not auto-guess.
2026-06-25,2026-06-25T16:04:54.610294+00:00,2026-06-25,DraftKings official lineup CSV,https://www.draftkings.com/lineup/getavailableplayerscsv?contestTypeId=9&draftGroupId=149804,149804,9,Selected largest-prize regular Classic MLB draft group after excluding Turbo/Night/qualifier/satellite/showdown/snake/single-stat slates.,C,Jimmy Crooks (43369004),Jimmy Crooks,43369004,C,2400,ARI@STL 06/25/2026 07:45PM ET,06/25/2026 07:45PM ET,STL,ARI,home,3.82,699625,Jimmy Crooks,mapped,identity_name_team_map,Stable identity seed from old DK-ID map. Pilot join status: matched via normalized_name_team
2026-06-25,2026-06-25T16:04:54.610294+00:00,2026-06-25,DraftKings official lineup CSV,https://www.draftkings.com/lineup/getavailableplayerscsv?contestTypeId=9&draftGroupId=149804,149804,9,Selected largest-prize regular Classic MLB draft group after excluding Turbo/Night/qualifier/satellite/showdown/snake/single-stat slates.,OF,Victor Scott II (43369084),Victor Scott II,43369084,OF,2400,ARI@STL 06/25/2026 07:45PM ET,06/25/2026 07:45PM ET,STL,ARI,home,4.08,687363,Victor Scott II,mapped,identity_name_team_map,Stable identity seed from old DK-ID map. Pilot join status: matched via normalized_name_team
2026-06-25,2026-06-25T16:04:54.610294+00:00,2026-06-25,DraftKings official lineup CSV,https://www.draftkings.com/lineup/getavailableplayerscsv?contestTypeId=9&draftGroupId=149804,149804,9,Selected largest-prize regular Classic MLB draft group after excluding Turbo/Night/qualifier/satellite/showdown/snake/single-stat slates.,OF,MJ Melendez (43369001),MJ Melendez,43369001,OF,2400,CHC@NYM 06/25/2026 07:10PM ET,06/25/2026 07:10PM ET,NYM,CHC,home,3.69,669004,MJ Melendez,mapped,identity_name_team_map,Stable identity seed from old DK-ID map. Pilot join status: matched via normalized_name_team
2026-06-25,2026-06-25T16:04:54.610294+00:00,2026-06-25,DraftKings official lineup CSV,https://www.draftkings.com/lineup/getavailableplayerscsv?contestTypeId=9&draftGroupId=149804,149804,9,Selected largest-prize regular Classic MLB draft group after excluding Turbo/Night/qualifier/satellite/showdown/snake/single-stat slates.,C,Luis Torrens (43369008),Luis Torrens,43369008,C,2400,CHC@NYM 06/25/2026 07:10PM ET,06/25/2026 07:10PM ET,NYM,CHC,home,3.86,620443,Luis Torrens,mapped,identity_name_team_map,Stable identity seed from old DK-ID map. Pilot join status: matched via normalized_name_team
2026-06-25,2026-06-25T16:04:54.610294+00:00,2026-06-25,DraftKings official lineup CSV,https://www.draftkings.com/lineup/getavailableplayerscsv?contestTypeId=9&draftGroupId=149804,149804,9,Selected largest-prize regular Classic MLB draft group after excluding Turbo/Night/qualifier/satellite/showdown/snake/single-stat slates.,OF,Tyrone Taylor (43369082),Tyrone Taylor,43369082,OF,2400,CHC@NYM 06/25/2026 07:10PM ET,06/25/2026 07:10PM ET,NYM,CHC,home,3.09,621438,Tyrone Taylor,mapped,identity_name_team_map,Stable identity seed from old DK-ID map. Pilot join status: matched via normalized_name_team
2026-06-25,2026-06-25T16:04:54.610294+00:00,2026-06-25,DraftKings official lineup CSV,https://www.draftkings.com/lineup/getavailableplayerscsv?contestTypeId=9&draftGroupId=149804,149804,9,Selected largest-prize regular Classic MLB draft group after excluding Turbo/Night/qualifier/satellite/showdown/snake/single-stat slates.,OF,Jarred Kelenic (43369012),Jarred Kelenic,43369012,OF,2300,TEX@TOR 06/25/2026 07:07PM ET,06/25/2026 07:07PM ET,TEX,TOR,away,3.48,,,needs_review_new_player,identity_name_team_map,No reviewed normalized-name/team identity alias; do not auto-guess.
2026-06-25,2026-06-25T16:04:54.610294+00:00,2026-06-25,DraftKings official lineup CSV,https://www.draftkings.com/lineup/getavailableplayerscsv?contestTypeId=9&draftGroupId=149804,149804,9,Selected largest-prize regular Classic MLB draft group after excluding Turbo/Night/qualifier/satellite/showdown/snake/single-stat slates.,OF,Myles Straw (43369014),Myles Straw,43369014,OF,2300,TEX@TOR 06/25/2026 07:07PM ET,06/25/2026 07:07PM ET,TOR,TEX,home,3.11,664702,Myles Straw,mapped,identity_name_team_map,Stable identity seed from old DK-ID map. Pilot join status: matched via normalized_name_team
2026-06-25,2026-06-25T16:04:54.610294+00:00,2026-06-25,DraftKings official lineup CSV,https://www.draftkings.com/lineup/getavailableplayerscsv?contestTypeId=9&draftGroupId=149804,149804,9,Selected largest-prize regular Classic MLB draft group after excluding Turbo/Night/qualifier/satellite/showdown/snake/single-stat slates.,OF,James Outman (43369009),James Outman,43369009,OF,2300,HOU@DET 06/25/2026 06:40PM ET,06/25/2026 06:40PM ET,DET,HOU,home,2.28,,,needs_review_new_player,identity_name_team_map,No reviewed normalized-name/team identity alias; do not auto-guess.
2026-06-25,2026-06-25T16:04:54.610294+00:00,2026-06-25,DraftKings official lineup CSV,https://www.draftkings.com/lineup/getavailableplayerscsv?contestTypeId=9&draftGroupId=149804,149804,9,Selected largest-prize regular Classic MLB draft group after excluding Turbo/Night/qualifier/satellite/showdown/snake/single-stat slates.,C,Christian Vazquez (43369016),Christian Vazquez,43369016,C,2300,HOU@DET 06/25/2026 06:40PM ET,06/25/2026 06:40PM ET,HOU,DET,away,4.43,543877,Christian Vázquez,mapped,identity_name_team_map,Stable identity seed from old DK-ID map. Pilot join status: matched via normalized_name_team
2026-06-25,2026-06-25T16:04:54.610294+00:00,2026-06-25,DraftKings official lineup CSV,https://www.draftkings.com/lineup/getavailableplayerscsv?contestTypeId=9&draftGroupId=149804,149804,9,Selected largest-prize regular Classic MLB draft group after excluding Turbo/Night/qualifier/satellite/showdown/snake/single-stat slates.,2B/3B,Anthony Seigler (43369010),Anthony Seigler,43369010,2B/3B,2300,NYY@BOS 06/25/2026 07:10PM ET,06/25/2026 07:10PM ET,BOS,NYY,home,4.86,,,needs_review_new_player,identity_name_team_map,No reviewed normalized-name/team identity alias; do not auto-guess.
2026-06-25,2026-06-25T16:04:54.610294+00:00,2026-06-25,DraftKings official lineup CSV,https://www.draftkings.com/lineup/getavailableplayerscsv?contestTypeId=9&draftGroupId=149804,149804,9,Selected largest-prize regular Classic MLB draft group after excluding Turbo/Night/qualifier/satellite/showdown/snake/single-stat slates.,C,J.C. Escarra (43369015),J.C. Escarra,43369015,C,2300,NYY@BOS 06/25/2026 07:10PM ET,06/25/2026 07:10PM ET,NYY,BOS,away,3.28,,,needs_review_new_player,identity_name_team_map,No reviewed normalized-name/team identity alias; do not auto-guess.
2026-06-25,2026-06-25T16:04:54.610294+00:00,2026-06-25,DraftKings official lineup CSV,https://www.draftkings.com/lineup/getavailableplayerscsv?contestTypeId=9&draftGroupId=149804,149804,9,Selected largest-prize regular Classic MLB draft group after excluding Turbo/Night/qualifier/satellite/showdown/snake/single-stat slates.,C,Ali Sanchez (43369085),Ali Sanchez,43369085,C,2300,NYY@BOS 06/25/2026 07:10PM ET,06/25/2026 07:10PM ET,NYY,BOS,away,3.6,,,needs_review_new_player,identity_name_team_map,No reviewed normalized-name/team identity alias; do not auto-guess.
2026-06-25,2026-06-25T16:04:54.610294+00:00,2026-06-25,DraftKings official lineup CSV,https://www.draftkings.com/lineup/getavailableplayerscsv?contestTypeId=9&draftGroupId=149804,149804,9,Selected largest-prize regular Classic MLB draft group after excluding Turbo/Night/qualifier/satellite/showdown/snake/single-stat slates.,2B/3B,Nick Sogard (43369086),Nick Sogard,43369086,2B/3B,2300,NYY@BOS 06/25/2026 07:10PM ET,06/25/2026 07:10PM ET,BOS,NYY,home,4.67,,,needs_review_new_player,identity_name_team_map,No reviewed normalized-name/team identity alias; do not auto-guess.
2026-06-25,2026-06-25T16:04:54.610294+00:00,2026-06-25,DraftKings official lineup CSV,https://www.draftkings.com/lineup/getavailableplayerscsv?contestTypeId=9&draftGroupId=149804,149804,9,Selected largest-prize regular Classic MLB draft group after excluding Turbo/Night/qualifier/satellite/showdown/snake/single-stat slates.,OF,Tim Tawa (43369013),Tim Tawa,43369013,OF,2300,ARI@STL 06/25/2026 07:45PM ET,06/25/2026 07:45PM ET,ARI,STL,away,2.79,,,needs_review_new_player,identity_name_team_map,No reviewed normalized-name/team identity alias; do not auto-guess.
2026-06-25,2026-06-25T16:04:54.610294+00:00,2026-06-25,DraftKings official lineup CSV,https://www.draftkings.com/lineup/getavailableplayerscsv?contestTypeId=9&draftGroupId=149804,149804,9,Selected largest-prize regular Classic MLB draft group after excluding Turbo/Night/qualifier/satellite/showdown/snake/single-stat slates.,C,Yohel Pozo (43369088),Yohel Pozo,43369088,C,2300,ARI@STL 06/25/2026 07:45PM ET,06/25/2026 07:45PM ET,STL,ARI,home,2,650968,Yohel Pozo,mapped,identity_name_team_map,Stable identity seed from old DK-ID map. Pilot join status: matched via normalized_name_team
2026-06-25,2026-06-25T16:04:54.610294+00:00,2026-06-25,DraftKings official lineup CSV,https://www.draftkings.com/lineup/getavailableplayerscsv?contestTypeId=9&draftGroupId=149804,149804,9,Selected largest-prize regular Classic MLB draft group after excluding Turbo/Night/qualifier/satellite/showdown/snake/single-stat slates.,2B/3B,Jorbit Vivas (43369017),Jorbit Vivas,43369017,2B/3B,2200,PHI@WSH 06/25/2026 06:45PM ET,06/25/2026 06:45PM ET,WSH,PHI,home,4.31,678391,Jorbit Vivas,mapped,identity_name_team_map,Stable identity seed from old DK-ID map. Pilot join status: matched via normalized_name_team
2026-06-25,2026-06-25T16:04:54.610294+00:00,2026-06-25,DraftKings official lineup CSV,https://www.draftkings.com/lineup/getavailableplayerscsv?contestTypeId=9&draftGroupId=149804,149804,9,Selected largest-prize regular Classic MLB draft group after excluding Turbo/Night/qualifier/satellite/showdown/snake/single-stat slates.,C,Garrett Stubbs (43369019),Garrett Stubbs,43369019,C,2200,PHI@WSH 06/25/2026 06:45PM ET,06/25/2026 06:45PM ET,PHI,WSH,away,2,596117,Garrett Stubbs,mapped,identity_name_team_map,Stable identity seed from old DK-ID map. Pilot join status: matched via normalized_name_team
2026-06-25,2026-06-25T16:04:54.610294+00:00,2026-06-25,DraftKings official lineup CSV,https://www.draftkings.com/lineup/getavailableplayerscsv?contestTypeId=9&draftGroupId=149804,149804,9,Selected largest-prize regular Classic MLB draft group after excluding Turbo/Night/qualifier/satellite/showdown/snake/single-stat slates.,2B/OF,Davis Schneider (43369023),Davis Schneider,43369023,2B/OF,2200,TEX@TOR 06/25/2026 07:07PM ET,06/25/2026 07:07PM ET,TOR,TEX,home,3.64,676914,Davis Schneider,mapped,identity_name_team_map,Stable identity seed from old DK-ID map. Pilot join status: matched via normalized_name_team
2026-06-25,2026-06-25T16:04:54.610294+00:00,2026-06-25,DraftKings official lineup CSV,https://www.draftkings.com/lineup/getavailableplayerscsv?contestTypeId=9&draftGroupId=149804,149804,9,Selected largest-prize regular Classic MLB draft group after excluding Turbo/Night/qualifier/satellite/showdown/snake/single-stat slates.,OF,Jahmai Jones (43369020),Jahmai Jones,43369020,OF,2200,HOU@DET 06/25/2026 06:40PM ET,06/25/2026 06:40PM ET,DET,HOU,home,1.94,663330,Jahmai Jones,mapped,identity_name_team_map,Proposed from review candidates; basis=exact normalized name + team; role-compatible; statcast_batter_des_2026; confidence=high; sources=statcast_batter_des_2026
2026-06-25,2026-06-25T16:04:54.610294+00:00,2026-06-25,DraftKings official lineup CSV,https://www.draftkings.com/lineup/getavailableplayerscsv?contestTypeId=9&draftGroupId=149804,149804,9,Selected largest-prize regular Classic MLB draft group after excluding Turbo/Night/qualifier/satellite/showdown/snake/single-stat slates.,C,Carlos Narvaez (43369022),Carlos Narvaez,43369022,C,2200,NYY@BOS 06/25/2026 07:10PM ET,06/25/2026 07:10PM ET,BOS,NYY,home,3.84,,,needs_review_new_player,identity_name_team_map,No reviewed normalized-name/team identity alias; do not auto-guess.
2026-06-25,2026-06-25T16:04:54.610294+00:00,2026-06-25,DraftKings official lineup CSV,https://www.draftkings.com/lineup/getavailableplayerscsv?contestTypeId=9&draftGroupId=149804,149804,9,Selected largest-prize regular Classic MLB draft group after excluding Turbo/Night/qualifier/satellite/showdown/snake/single-stat slates.,OF,Jorge Barrosa (43369021),Jorge Barrosa,43369021,OF,2200,ARI@STL 06/25/2026 07:45PM ET,06/25/2026 07:45PM ET,ARI,STL,away,2.93,,,needs_review_new_player,identity_name_team_map,No reviewed normalized-name/team identity alias; do not auto-guess.
2026-06-25,2026-06-25T16:04:54.610294+00:00,2026-06-25,DraftKings official lineup CSV,https://www.draftkings.com/lineup/getavailableplayerscsv?contestTypeId=9&draftGroupId=149804,149804,9,Selected largest-prize regular Classic MLB draft group after excluding Turbo/Night/qualifier/satellite/showdown/snake/single-stat slates.,1B,Pavin Smith (43369025),Pavin Smith,43369025,1B,2200,ARI@STL 06/25/2026 07:45PM ET,06/25/2026 07:45PM ET,ARI,STL,away,3.53,,,needs_review_new_player,identity_name_team_map,No reviewed normalized-name/team identity alias; do not auto-guess.
2026-06-25,2026-06-25T16:04:54.610294+00:00,2026-06-25,DraftKings official lineup CSV,https://www.draftkings.com/lineup/getavailableplayerscsv?contestTypeId=9&draftGroupId=149804,149804,9,Selected largest-prize regular Classic MLB draft group after excluding Turbo/Night/qualifier/satellite/showdown/snake/single-stat slates.,3B/SS,Ronny Mauricio (43369089),Ronny Mauricio,43369089,3B/SS,2200,CHC@NYM 06/25/2026 07:10PM ET,06/25/2026 07:10PM ET,NYM,CHC,home,3.8,677595,Ronny Mauricio,mapped,identity_name_team_map,Stable identity seed from old DK-ID map. Pilot join status: matched via normalized_name_team
2026-06-25,2026-06-25T16:04:54.610294+00:00,2026-06-25,DraftKings official lineup CSV,https://www.draftkings.com/lineup/getavailableplayerscsv?contestTypeId=9&draftGroupId=149804,149804,9,Selected largest-prize regular Classic MLB draft group after excluding Turbo/Night/qualifier/satellite/showdown/snake/single-stat slates.,OF,Nick Morabito (43369091),Nick Morabito,43369091,OF,2200,CHC@NYM 06/25/2026 07:10PM ET,06/25/2026 07:10PM ET,NYM,CHC,home,0.4,703492,Nick Morabito,mapped,identity_name_team_map,Stable identity seed from old DK-ID map. Pilot join status: matched via normalized_name_team
2026-06-25,2026-06-25T16:04:54.610294+00:00,2026-06-25,DraftKings official lineup CSV,https://www.draftkings.com/lineup/getavailableplayerscsv?contestTypeId=9&draftGroupId=149804,149804,9,Selected largest-prize regular Classic MLB draft group after excluding Turbo/Night/qualifier/satellite/showdown/snake/single-stat slates.,1B,Andres Chaparro (43369029),Andres Chaparro,43369029,1B,2100,PHI@WSH 06/25/2026 06:45PM ET,06/25/2026 06:45PM ET,WSH,PHI,home,3.19,665953,Andrés Chaparro,mapped,identity_name_team_map,Stable identity seed from old DK-ID map. Pilot join status: matched via normalized_name_team
2026-06-25,2026-06-25T16:04:54.610294+00:00,2026-06-25,DraftKings official lineup CSV,https://www.draftkings.com/lineup/getavailableplayerscsv?contestTypeId=9&draftGroupId=149804,149804,9,Selected largest-prize regular Classic MLB draft group after excluding Turbo/Night/qualifier/satellite/showdown/snake/single-stat slates.,2B,Luis Urias (43369027),Luis Urias,43369027,2B,2100,TEX@TOR 06/25/2026 07:07PM ET,06/25/2026 07:07PM ET,TOR,TEX,home,12,,,needs_review_new_player,identity_name_team_map,No reviewed normalized-name/team identity alias; do not auto-guess.
2026-06-25,2026-06-25T16:04:54.610294+00:00,2026-06-25,DraftKings official lineup CSV,https://www.draftkings.com/lineup/getavailableplayerscsv?contestTypeId=9&draftGroupId=149804,149804,9,Selected largest-prize regular Classic MLB draft group after excluding Turbo/Night/qualifier/satellite/showdown/snake/single-stat slates.,3B,Raynel Delgado (43369026),Raynel Delgado,43369026,3B,2100,HOU@DET 06/25/2026 06:40PM ET,06/25/2026 06:40PM ET,HOU,DET,away,2.67,,,needs_review_new_player,identity_name_team_map,No reviewed normalized-name/team identity alias; do not auto-guess.
2026-06-25,2026-06-25T16:04:54.610294+00:00,2026-06-25,DraftKings official lineup CSV,https://www.draftkings.com/lineup/getavailableplayerscsv?contestTypeId=9&draftGroupId=149804,149804,9,Selected largest-prize regular Classic MLB draft group after excluding Turbo/Night/qualifier/satellite/showdown/snake/single-stat slates.,C,Jake Rogers (43369028),Jake Rogers,43369028,C,2100,HOU@DET 06/25/2026 06:40PM ET,06/25/2026 06:40PM ET,DET,HOU,home,3.5,668670,Jake Rogers,mapped,identity_name_team_map,Proposed from review candidates; basis=exact normalized name + team; role-compatible; statcast_batter_des_2026; confidence=high; sources=statcast_batter_des_2026
2026-06-25,2026-06-25T16:04:54.610294+00:00,2026-06-25,DraftKings official lineup CSV,https://www.draftkings.com/lineup/getavailableplayerscsv?contestTypeId=9&draftGroupId=149804,149804,9,Selected largest-prize regular Classic MLB draft group after excluding Turbo/Night/qualifier/satellite/showdown/snake/single-stat slates.,C,Hayden Senger (43369092),Hayden Senger,43369092,C,2100,CHC@NYM 06/25/2026 07:10PM ET,06/25/2026 07:10PM ET,NYM,CHC,home,3,663584,Hayden Senger,mapped,identity_name_team_map,Stable identity seed from old DK-ID map. Pilot join status: matched via normalized_name_team
2026-06-25,2026-06-25T16:04:54.610294+00:00,2026-06-25,DraftKings official lineup CSV,https://www.draftkings.com/lineup/getavailableplayerscsv?contestTypeId=9&draftGroupId=149804,149804,9,Selected largest-prize regular Classic MLB draft group after excluding Turbo/Night/qualifier/satellite/showdown/snake/single-stat slates.,C,Rafael Marchan (43369030),Rafael Marchan,43369030,C,2000,PHI@WSH 06/25/2026 06:45PM ET,06/25/2026 06:45PM ET,PHI,WSH,away,2.46,665561,Rafael Marchán,mapped,identity_name_team_map,Stable identity seed from old DK-ID map. Pilot join status: matched via normalized_name_team
2026-06-25,2026-06-25T16:04:54.610294+00:00,2026-06-25,DraftKings official lineup CSV,https://www.draftkings.com/lineup/getavailableplayerscsv?contestTypeId=9&draftGroupId=149804,149804,9,Selected largest-prize regular Classic MLB draft group after excluding Turbo/Night/qualifier/satellite/showdown/snake/single-stat slates.,OF,Adolis Garcia (43369097),Adolis Garcia,43369097,OF,2000,PHI@WSH 06/25/2026 06:45PM ET,06/25/2026 06:45PM ET,PHI,WSH,away,5.24,666969,Adolis García,mapped,identity_name_team_map,Stable identity seed from old DK-ID map. Pilot join status: matched via normalized_name_team
2026-06-25,2026-06-25T16:04:54.610294+00:00,2026-06-25,DraftKings official lineup CSV,https://www.draftkings.com/lineup/getavailableplayerscsv?contestTypeId=9&draftGroupId=149804,149804,9,Selected largest-prize regular Classic MLB draft group after excluding Turbo/Night/qualifier/satellite/showdown/snake/single-stat slates.,OF,Steward Berroa (43369107),Steward Berroa,43369107,OF,2000,PHI@WSH 06/25/2026 06:45PM ET,06/25/2026 06:45PM ET,PHI,WSH,away,0.83,672642,Steward Berroa,mapped,identity_name_team_map,Stable identity seed from old DK-ID map. Pilot join status: matched via normalized_name_team
2026-06-25,2026-06-25T16:04:54.610294+00:00,2026-06-25,DraftKings official lineup CSV,https://www.draftkings.com/lineup/getavailableplayerscsv?contestTypeId=9&draftGroupId=149804,149804,9,Selected largest-prize regular Classic MLB draft group after excluding Turbo/Night/qualifier/satellite/showdown/snake/single-stat slates.,1B/OF,Felix Reyes (43369112),Felix Reyes,43369112,1B/OF,2000,PHI@WSH 06/25/2026 06:45PM ET,06/25/2026 06:45PM ET,PHI,WSH,away,2.92,694025,Felix Reyes,mapped,identity_name_team_map,Stable identity seed from old DK-ID map. Pilot join status: matched via normalized_name_team
2026-06-25,2026-06-25T16:04:54.610294+00:00,2026-06-25,DraftKings official lineup CSV,https://www.draftkings.com/lineup/getavailableplayerscsv?contestTypeId=9&draftGroupId=149804,149804,9,Selected largest-prize regular Classic MLB draft group after excluding Turbo/Night/qualifier/satellite/showdown/snake/single-stat slates.,3B/SS,Sergio Alcantara (43369120),Sergio Alcantara,43369120,3B/SS,2000,PHI@WSH 06/25/2026 06:45PM ET,06/25/2026 06:45PM ET,PHI,WSH,away,0,642727,Sergio Alcántara,mapped,identity_name_team_map,Stable identity seed from old DK-ID map. Pilot join status: matched_people_search_name via mlb_people_search_normalized_name
2026-06-25,2026-06-25T16:04:54.610294+00:00,2026-06-25,DraftKings official lineup CSV,https://www.draftkings.com/lineup/getavailableplayerscsv?contestTypeId=9&draftGroupId=149804,149804,9,Selected largest-prize regular Classic MLB draft group after excluding Turbo/Night/qualifier/satellite/showdown/snake/single-stat slates.,1B/OF,Abimelec Ortiz (43369122),Abimelec Ortiz,43369122,1B/OF,2000,PHI@WSH 06/25/2026 06:45PM ET,06/25/2026 06:45PM ET,WSH,PHI,home,0,694673,Abimelec Ortiz,mapped,identity_name_team_map,Stable identity seed from old DK-ID map. Pilot join status: matched_people_search_name via mlb_people_search_normalized_name
2026-06-25,2026-06-25T16:04:54.610294+00:00,2026-06-25,DraftKings official lineup CSV,https://www.draftkings.com/lineup/getavailableplayerscsv?contestTypeId=9&draftGroupId=149804,149804,9,Selected largest-prize regular Classic MLB draft group after excluding Turbo/Night/qualifier/satellite/showdown/snake/single-stat slates.,OF,Christian Franklin (43369127),Christian Franklin,43369127,OF,2000,PHI@WSH 06/25/2026 06:45PM ET,06/25/2026 06:45PM ET,WSH,PHI,home,0,681047,Christian Franklin,mapped,identity_name_team_map,Stable identity seed from old DK-ID map. Pilot join status: matched_people_search_name via mlb_people_search_normalized_name
2026-06-25,2026-06-25T16:04:54.610294+00:00,2026-06-25,DraftKings official lineup CSV,https://www.draftkings.com/lineup/getavailableplayerscsv?contestTypeId=9&draftGroupId=149804,149804,9,Selected largest-prize regular Classic MLB draft group after excluding Turbo/Night/qualifier/satellite/showdown/snake/single-stat slates.,SS,Christian Cairo (43369133),Christian Cairo,43369133,SS,2000,PHI@WSH 06/25/2026 06:45PM ET,06/25/2026 06:45PM ET,PHI,WSH,away,0,686551,Christian Cairo,mapped,identity_name_team_map,Stable identity seed from old DK-ID map. Pilot join status: matched_people_search_name via mlb_people_search_normalized_name
2026-06-25,2026-06-25T16:04:54.610294+00:00,2026-06-25,DraftKings official lineup CSV,https://www.draftkings.com/lineup/getavailableplayerscsv?contestTypeId=9&draftGroupId=149804,149804,9,Selected largest-prize regular Classic MLB draft group after excluding Turbo/Night/qualifier/satellite/showdown/snake/single-stat slates.,C,Harry Ford (43369138),Harry Ford,43369138,C,2000,PHI@WSH 06/25/2026 06:45PM ET,06/25/2026 06:45PM ET,WSH,PHI,home,0,695670,Harry Ford,mapped,identity_name_team_map,Stable identity seed from old DK-ID map. Pilot join status: matched_people_search_name via mlb_people_search_normalized_name
2026-06-25,2026-06-25T16:04:54.610294+00:00,2026-06-25,DraftKings official lineup CSV,https://www.draftkings.com/lineup/getavailableplayerscsv?contestTypeId=9&draftGroupId=149804,149804,9,Selected largest-prize regular Classic MLB draft group after excluding Turbo/Night/qualifier/satellite/showdown/snake/single-stat slates.,1B/OF,Otto Kemp (43369140),Otto Kemp,43369140,1B/OF,2000,PHI@WSH 06/25/2026 06:45PM ET,06/25/2026 06:45PM ET,PHI,WSH,away,0.77,805249,Otto Kemp,mapped,identity_name_team_map,Stable identity seed from old DK-ID map. Pilot join status: matched via normalized_name_team
2026-06-25,2026-06-25T16:04:54.610294+00:00,2026-06-25,DraftKings official lineup CSV,https://www.draftkings.com/lineup/getavailableplayerscsv?contestTypeId=9&draftGroupId=149804,149804,9,Selected largest-prize regular Classic MLB draft group after excluding Turbo/Night/qualifier/satellite/showdown/snake/single-stat slates.,2B,Cody Freeman (43369033),Cody Freeman,43369033,2B,2000,TEX@TOR 06/25/2026 07:07PM ET,06/25/2026 07:07PM ET,TEX,TOR,away,2.29,683227,Cody Freeman,mapped,identity_name_team_map,Stable identity seed from old DK-ID map. Pilot join status: matched via normalized_name_team
2026-06-25,2026-06-25T16:04:54.610294+00:00,2026-06-25,DraftKings official lineup CSV,https://www.draftkings.com/lineup/getavailableplayerscsv?contestTypeId=9&draftGroupId=149804,149804,9,Selected largest-prize regular Classic MLB draft group after excluding Turbo/Night/qualifier/satellite/showdown/snake/single-stat slates.,OF,Anthony Santander (43369100),Anthony Santander,43369100,OF,2000,TEX@TOR 06/25/2026 07:07PM ET,06/25/2026 07:07PM ET,TOR,TEX,home,0,623993,Anthony Santander,mapped,identity_name_team_map,Stable identity seed from old DK-ID map. Pilot join status: matched_people_search_name via mlb_people_search_normalized_name
2026-06-25,2026-06-25T16:04:54.610294+00:00,2026-06-25,DraftKings official lineup CSV,https://www.draftkings.com/lineup/getavailableplayerscsv?contestTypeId=9&draftGroupId=149804,149804,9,Selected largest-prize regular Classic MLB draft group after excluding Turbo/Night/qualifier/satellite/showdown/snake/single-stat slates.,OF,Jonatan Clase (43369108),Jonatan Clase,43369108,OF,2000,TEX@TOR 06/25/2026 07:07PM ET,06/25/2026 07:07PM ET,TOR,TEX,home,0,682729,Jonatan Clase,mapped,identity_name_team_map,Stable identity seed from old DK-ID map. Pilot join status: matched_people_search_name via mlb_people_search_normalized_name
2026-06-25,2026-06-25T16:04:54.610294+00:00,2026-06-25,DraftKings official lineup CSV,https://www.draftkings.com/lineup/getavailableplayerscsv?contestTypeId=9&draftGroupId=149804,149804,9,Selected largest-prize regular Classic MLB draft group after excluding Turbo/Night/qualifier/satellite/showdown/snake/single-stat slates.,OF,Yohendrick Pinango (43369109),Yohendrick Pinango,43369109,OF,2000,TEX@TOR 06/25/2026 07:07PM ET,06/25/2026 07:07PM ET,TOR,TEX,home,5.21,682818,Yohendrick Piñango,mapped,identity_name_team_map,Stable identity seed from old DK-ID map. Pilot join status: matched via normalized_name_team
2026-06-25,2026-06-25T16:04:54.610294+00:00,2026-06-25,DraftKings official lineup CSV,https://www.draftkings.com/lineup/getavailableplayerscsv?contestTypeId=9&draftGroupId=149804,149804,9,Selected largest-prize regular Classic MLB draft group after excluding Turbo/Night/qualifier/satellite/showdown/snake/single-stat slates.,1B/2B,Lenyn Sosa (43369114),Lenyn Sosa,43369114,1B/2B,2000,TEX@TOR 06/25/2026 07:07PM ET,06/25/2026 07:07PM ET,TOR,TEX,home,3.28,672820,Lenyn Sosa,mapped,identity_name_team_map,Stable identity seed from old DK-ID map. Pilot join status: matched via normalized_name_team
2026-06-25,2026-06-25T16:04:54.610294+00:00,2026-06-25,DraftKings official lineup CSV,https://www.draftkings.com/lineup/getavailableplayerscsv?contestTypeId=9&draftGroupId=149804,149804,9,Selected largest-prize regular Classic MLB draft group after excluding Turbo/Night/qualifier/satellite/showdown/snake/single-stat slates.,1B/3B,Juan Yepez (43369129),Juan Yepez,43369129,1B/3B,2000,TEX@TOR 06/25/2026 07:07PM ET,06/25/2026 07:07PM ET,TOR,TEX,home,0,660766,Juan Yepez,mapped,identity_name_team_map,Stable identity seed from old DK-ID map. Pilot join status: matched_people_search_name via mlb_people_search_normalized_name
2026-06-25,2026-06-25T16:04:54.610294+00:00,2026-06-25,DraftKings official lineup CSV,https://www.draftkings.com/lineup/getavailableplayerscsv?contestTypeId=9&draftGroupId=149804,149804,9,Selected largest-prize regular Classic MLB draft group after excluding Turbo/Night/qualifier/satellite/showdown/snake/single-stat slates.,OF,Dairon Blanco (43369134),Dairon Blanco,43369134,OF,2000,TEX@TOR 06/25/2026 07:07PM ET,06/25/2026 07:07PM ET,TEX,TOR,away,0,680118,Dairon Blanco,mapped,identity_name_team_map,Stable identity seed from old DK-ID map. Pilot join status: matched_people_search_name via mlb_people_search_normalized_name
2026-06-25,2026-06-25T16:04:54.610294+00:00,2026-06-25,DraftKings official lineup CSV,https://www.draftkings.com/lineup/getavailableplayerscsv?contestTypeId=9&draftGroupId=149804,149804,9,Selected largest-prize regular Classic MLB draft group after excluding Turbo/Night/qualifier/satellite/showdown/snake/single-stat slates.,C,Danny Jansen (43369135),Danny Jansen,43369135,C,2000,TEX@TOR 06/25/2026 07:07PM ET,06/25/2026 07:07PM ET,TEX,TOR,away,4.58,643376,Danny Jansen,mapped,identity_name_team_map,Stable identity seed from old DK-ID map. Pilot join status: matched via normalized_name_team
2026-06-25,2026-06-25T16:04:54.610294+00:00,2026-06-25,DraftKings official lineup CSV,https://www.draftkings.com/lineup/getavailableplayerscsv?contestTypeId=9&draftGroupId=149804,149804,9,Selected largest-prize regular Classic MLB draft group after excluding Turbo/Night/qualifier/satellite/showdown/snake/single-stat slates.,2B,Josh Smith (43369136),Josh Smith,43369136,2B,2000,TEX@TOR 06/25/2026 07:07PM ET,06/25/2026 07:07PM ET,TEX,TOR,away,4,669701,Josh Smith,mapped,identity_name_team_map,Stable identity seed from old DK-ID map. Pilot join status: matched via normalized_name_team
2026-06-25,2026-06-25T16:04:54.610294+00:00,2026-06-25,DraftKings official lineup CSV,https://www.draftkings.com/lineup/getavailableplayerscsv?contestTypeId=9&draftGroupId=149804,149804,9,Selected largest-prize regular Classic MLB draft group after excluding Turbo/Night/qualifier/satellite/showdown/snake/single-stat slates.,OF,Michael Helman (43369137),Michael Helman,43369137,OF,2000,TEX@TOR 06/25/2026 07:07PM ET,06/25/2026 07:07PM ET,TEX,TOR,away,2.53,680737,Michael Helman,mapped,identity_name_team_map,Stable identity seed from old DK-ID map. Pilot join status: matched via normalized_name_team
2026-06-25,2026-06-25T16:04:54.610294+00:00,2026-06-25,DraftKings official lineup CSV,https://www.draftkings.com/lineup/getavailableplayerscsv?contestTypeId=9&draftGroupId=149804,149804,9,Selected largest-prize regular Classic MLB draft group after excluding Turbo/Night/qualifier/satellite/showdown/snake/single-stat slates.,OF,Ben Malgeri (43369032),Ben Malgeri,43369032,OF,2000,HOU@DET 06/25/2026 06:40PM ET,06/25/2026 06:40PM ET,DET,HOU,home,5,,,needs_review_new_player,identity_name_team_map,No reviewed normalized-name/team identity alias; do not auto-guess.
2026-06-25,2026-06-25T16:04:54.610294+00:00,2026-06-25,DraftKings official lineup CSV,https://www.draftkings.com/lineup/getavailableplayerscsv?contestTypeId=9&draftGroupId=149804,149804,9,Selected largest-prize regular Classic MLB draft group after excluding Turbo/Night/qualifier/satellite/showdown/snake/single-stat slates.,SS,Trey Sweeney (43369095),Trey Sweeney,43369095,SS,2000,HOU@DET 06/25/2026 06:40PM ET,06/25/2026 06:40PM ET,DET,HOU,home,0,,,needs_review_new_player,identity_name_team_map,No reviewed normalized-name/team identity alias; do not auto-guess.
2026-06-25,2026-06-25T16:04:54.610294+00:00,2026-06-25,DraftKings official lineup CSV,https://www.draftkings.com/lineup/getavailableplayerscsv?contestTypeId=9&draftGroupId=149804,149804,9,Selected largest-prize regular Classic MLB draft group after excluding Turbo/Night/qualifier/satellite/showdown/snake/single-stat slates.,SS,Carlos Correa (43369096),Carlos Correa,43369096,SS,2000,HOU@DET 06/25/2026 06:40PM ET,06/25/2026 06:40PM ET,HOU,DET,away,8,621043,Carlos Correa,mapped,identity_name_team_map,Stable identity seed from old DK-ID map. Pilot join status: matched via normalized_name_team
2026-06-25,2026-06-25T16:04:54.610294+00:00,2026-06-25,DraftKings official lineup CSV,https://www.draftkings.com/lineup/getavailableplayerscsv?contestTypeId=9&draftGroupId=149804,149804,9,Selected largest-prize regular Classic MLB draft group after excluding Turbo/Night/qualifier/satellite/showdown/snake/single-stat slates.,2B/3B,Nick Allen (43369104),Nick Allen,43369104,2B/3B,2000,HOU@DET 06/25/2026 06:40PM ET,06/25/2026 06:40PM ET,HOU,DET,away,2.95,669397,Nick Allen,mapped,identity_name_team_map,Stable identity seed from old DK-ID map. Pilot join status: matched via normalized_name_team
2026-06-25,2026-06-25T16:04:54.610294+00:00,2026-06-25,DraftKings official lineup CSV,https://www.draftkings.com/lineup/getavailableplayerscsv?contestTypeId=9&draftGroupId=149804,149804,9,Selected largest-prize regular Classic MLB draft group after excluding Turbo/Night/qualifier/satellite/showdown/snake/single-stat slates.,OF,LaMonte Wade Jr. (43369106),LaMonte Wade Jr.,43369106,OF,2000,HOU@DET 06/25/2026 06:40PM ET,06/25/2026 06:40PM ET,HOU,DET,away,9.25,664774,LaMonte Wade Jr.,mapped,identity_name_team_map,Stable identity seed from old DK-ID map. Pilot join status: matched via normalized_name_team
2026-06-25,2026-06-25T16:04:54.610294+00:00,2026-06-25,DraftKings official lineup CSV,https://www.draftkings.com/lineup/getavailableplayerscsv?contestTypeId=9&draftGroupId=149804,149804,9,Selected largest-prize regular Classic MLB draft group after excluding Turbo/Night/qualifier/satellite/showdown/snake/single-stat slates.,C,Collin Price (43369110),Collin Price,43369110,C,2000,HOU@DET 06/25/2026 06:40PM ET,06/25/2026 06:40PM ET,HOU,DET,away,1.71,805672,Collin Price,mapped,identity_name_team_map,Stable identity seed from old DK-ID map. Pilot join status: matched via normalized_name_team
2026-06-25,2026-06-25T16:04:54.610294+00:00,2026-06-25,DraftKings official lineup CSV,https://www.draftkings.com/lineup/getavailableplayerscsv?contestTypeId=9&draftGroupId=149804,149804,9,Selected largest-prize regular Classic MLB draft group after excluding Turbo/Night/qualifier/satellite/showdown/snake/single-stat slates.,OF,Zach Dezenzo (43369111),Zach Dezenzo,43369111,OF,2000,HOU@DET 06/25/2026 06:40PM ET,06/25/2026 06:40PM ET,HOU,DET,away,3.05,701305,Zach Dezenzo,mapped,identity_name_team_map,Stable identity seed from old DK-ID map. Pilot join status: matched via normalized_name_team
2026-06-25,2026-06-25T16:04:54.610294+00:00,2026-06-25,DraftKings official lineup CSV,https://www.draftkings.com/lineup/getavailableplayerscsv?contestTypeId=9&draftGroupId=149804,149804,9,Selected largest-prize regular Classic MLB draft group after excluding Turbo/Night/qualifier/satellite/showdown/snake/single-stat slates.,C,Thayron Liranzo (43369131),Thayron Liranzo,43369131,C,2000,HOU@DET 06/25/2026 06:40PM ET,06/25/2026 06:40PM ET,DET,HOU,home,0,,,needs_review_new_player,identity_name_team_map,No reviewed normalized-name/team identity alias; do not auto-guess.
2026-06-25,2026-06-25T16:04:54.610294+00:00,2026-06-25,DraftKings official lineup CSV,https://www.draftkings.com/lineup/getavailableplayerscsv?contestTypeId=9&draftGroupId=149804,149804,9,Selected largest-prize regular Classic MLB draft group after excluding Turbo/Night/qualifier/satellite/showdown/snake/single-stat slates.,C,Eduardo Valencia (43369132),Eduardo Valencia,43369132,C,2000,HOU@DET 06/25/2026 06:40PM ET,06/25/2026 06:40PM ET,DET,HOU,home,0,680664,Eduardo Valencia,mapped,identity_name_team_map,Proposed from review candidates; basis=exact normalized name + team; role-compatible; statcast_batter_des_2026; confidence=high; sources=statcast_batter_des_2026
2026-06-25,2026-06-25T16:04:54.610294+00:00,2026-06-25,DraftKings official lineup CSV,https://www.draftkings.com/lineup/getavailableplayerscsv?contestTypeId=9&draftGroupId=149804,149804,9,Selected largest-prize regular Classic MLB draft group after excluding Turbo/Night/qualifier/satellite/showdown/snake/single-stat slates.,OF,Trei Cruz (43369144),Trei Cruz,43369144,OF,2000,HOU@DET 06/25/2026 06:40PM ET,06/25/2026 06:40PM ET,DET,HOU,home,0,669360,Trei Cruz,mapped,identity_name_team_map,Proposed from review candidates; basis=exact normalized name + team; role-compatible; statcast_batter_des_2026; confidence=high; sources=statcast_batter_des_2026
2026-06-25,2026-06-25T16:04:54.610294+00:00,2026-06-25,DraftKings official lineup CSV,https://www.draftkings.com/lineup/getavailableplayerscsv?contestTypeId=9&draftGroupId=149804,149804,9,Selected largest-prize regular Classic MLB draft group after excluding Turbo/Night/qualifier/satellite/showdown/snake/single-stat slates.,3B,Jace Jung (43369145),Jace Jung,43369145,3B,2000,HOU@DET 06/25/2026 06:40PM ET,06/25/2026 06:40PM ET,DET,HOU,home,3,690291,Jace Jung,mapped,identity_name_team_map,Proposed from review candidates; basis=exact normalized name + team; role-compatible; statcast_batter_des_2026; confidence=high; sources=statcast_batter_des_2026
2026-06-25,2026-06-25T16:04:54.610294+00:00,2026-06-25,DraftKings official lineup CSV,https://www.draftkings.com/lineup/getavailableplayerscsv?contestTypeId=9&draftGroupId=149804,149804,9,Selected largest-prize regular Classic MLB draft group after excluding Turbo/Night/qualifier/satellite/showdown/snake/single-stat slates.,OF,Daniel Johnson (43369146),Daniel Johnson,43369146,OF,2000,HOU@DET 06/25/2026 06:40PM ET,06/25/2026 06:40PM ET,HOU,DET,away,1.75,669288,Daniel Johnson,mapped,identity_name_team_map,Stable identity seed from old DK-ID map. Pilot join status: matched via normalized_name_team
2026-06-25,2026-06-25T16:04:54.610294+00:00,2026-06-25,DraftKings official lineup CSV,https://www.draftkings.com/lineup/getavailableplayerscsv?contestTypeId=9&draftGroupId=149804,149804,9,Selected largest-prize regular Classic MLB draft group after excluding Turbo/Night/qualifier/satellite/showdown/snake/single-stat slates.,OF,Seth Brown (43369093),Seth Brown,43369093,OF,2000,NYY@BOS 06/25/2026 07:10PM ET,06/25/2026 07:10PM ET,NYY,BOS,away,0,,,needs_review_new_player,identity_name_team_map,No reviewed normalized-name/team identity alias; do not auto-guess.
2026-06-25,2026-06-25T16:04:54.610294+00:00,2026-06-25,DraftKings official lineup CSV,https://www.draftkings.com/lineup/getavailableplayerscsv?contestTypeId=9&draftGroupId=149804,149804,9,Selected largest-prize regular Classic MLB draft group after excluding Turbo/Night/qualifier/satellite/showdown/snake/single-stat slates.,3B,Oswaldo Cabrera (43369094),Oswaldo Cabrera,43369094,3B,2000,NYY@BOS 06/25/2026 07:10PM ET,06/25/2026 07:10PM ET,NYY,BOS,away,0,,,needs_review_new_player,identity_name_team_map,No reviewed normalized-name/team identity alias; do not auto-guess.
2026-06-25,2026-06-25T16:04:54.610294+00:00,2026-06-25,DraftKings official lineup CSV,https://www.draftkings.com/lineup/getavailableplayerscsv?contestTypeId=9&draftGroupId=149804,149804,9,Selected largest-prize regular Classic MLB draft group after excluding Turbo/Night/qualifier/satellite/showdown/snake/single-stat slates.,1B,Triston Casas (43369098),Triston Casas,43369098,1B,2000,NYY@BOS 06/25/2026 07:10PM ET,06/25/2026 07:10PM ET,BOS,NYY,home,0,,,needs_review_new_player,identity_name_team_map,No reviewed normalized-name/team identity alias; do not auto-guess.
2026-06-25,2026-06-25T16:04:54.610294+00:00,2026-06-25,DraftKings official lineup CSV,https://www.draftkings.com/lineup/getavailableplayerscsv?contestTypeId=9&draftGroupId=149804,149804,9,Selected largest-prize regular Classic MLB draft group after excluding Turbo/Night/qualifier/satellite/showdown/snake/single-stat slates.,2B,Kristian Campbell (43369099),Kristian Campbell,43369099,2B,2000,NYY@BOS 06/25/2026 07:10PM ET,06/25/2026 07:10PM ET,BOS,NYY,home,0,,,needs_review_new_player,identity_name_team_map,No reviewed normalized-name/team identity alias; do not auto-guess.
2026-06-25,2026-06-25T16:04:54.610294+00:00,2026-06-25,DraftKings official lineup CSV,https://www.draftkings.com/lineup/getavailableplayerscsv?contestTypeId=9&draftGroupId=149804,149804,9,Selected largest-prize regular Classic MLB draft group after excluding Turbo/Night/qualifier/satellite/showdown/snake/single-stat slates.,2B/SS,Tsung-Che Cheng (43369142),Tsung-Che Cheng,43369142,2B/SS,2000,NYY@BOS 06/25/2026 07:10PM ET,06/25/2026 07:10PM ET,BOS,NYY,home,0,,,needs_review_new_player,identity_name_team_map,No reviewed normalized-name/team identity alias; do not auto-guess.
2026-06-25,2026-06-25T16:04:54.610294+00:00,2026-06-25,DraftKings official lineup CSV,https://www.draftkings.com/lineup/getavailableplayerscsv?contestTypeId=9&draftGroupId=149804,149804,9,Selected largest-prize regular Classic MLB draft group after excluding Turbo/Night/qualifier/satellite/showdown/snake/single-stat slates.,1B,LuJames Groover (43369031),LuJames Groover,43369031,1B,2000,ARI@STL 06/25/2026 07:45PM ET,06/25/2026 07:45PM ET,ARI,STL,away,4.85,,,needs_review_new_player,identity_name_team_map,No reviewed normalized-name/team identity alias; do not auto-guess.
2026-06-25,2026-06-25T16:04:54.610294+00:00,2026-06-25,DraftKings official lineup CSV,https://www.draftkings.com/lineup/getavailableplayerscsv?contestTypeId=9&draftGroupId=149804,149804,9,Selected largest-prize regular Classic MLB draft group after excluding Turbo/Night/qualifier/satellite/showdown/snake/single-stat slates.,1B,Carlos Santana (43369101),Carlos Santana,43369101,1B,2000,ARI@STL 06/25/2026 07:45PM ET,06/25/2026 07:45PM ET,ARI,STL,away,1.75,,,needs_review_new_player,identity_name_team_map,No reviewed normalized-name/team identity alias; do not auto-guess.
2026-06-25,2026-06-25T16:04:54.610294+00:00,2026-06-25,DraftKings official lineup CSV,https://www.draftkings.com/lineup/getavailableplayerscsv?contestTypeId=9&draftGroupId=149804,149804,9,Selected largest-prize regular Classic MLB draft group after excluding Turbo/Night/qualifier/satellite/showdown/snake/single-stat slates.,1B,Tyler Locklear (43369102),Tyler Locklear,43369102,1B,2000,ARI@STL 06/25/2026 07:45PM ET,06/25/2026 07:45PM ET,ARI,STL,away,0,,,needs_review_new_player,identity_name_team_map,No reviewed normalized-name/team identity alias; do not auto-guess.
2026-06-25,2026-06-25T16:04:54.610294+00:00,2026-06-25,DraftKings official lineup CSV,https://www.draftkings.com/lineup/getavailableplayerscsv?contestTypeId=9&draftGroupId=149804,149804,9,Selected largest-prize regular Classic MLB draft group after excluding Turbo/Night/qualifier/satellite/showdown/snake/single-stat slates.,C,James McCann (43369103),James McCann,43369103,C,2000,ARI@STL 06/25/2026 07:45PM ET,06/25/2026 07:45PM ET,ARI,STL,away,2.82,,,needs_review_new_player,identity_name_team_map,No reviewed normalized-name/team identity alias; do not auto-guess.
2026-06-25,2026-06-25T16:04:54.610294+00:00,2026-06-25,DraftKings official lineup CSV,https://www.draftkings.com/lineup/getavailableplayerscsv?contestTypeId=9&draftGroupId=149804,149804,9,Selected largest-prize regular Classic MLB draft group after excluding Turbo/Night/qualifier/satellite/showdown/snake/single-stat slates.,3B,Cesar Prieto (43369116),Cesar Prieto,43369116,3B,2000,ARI@STL 06/25/2026 07:45PM ET,06/25/2026 07:45PM ET,STL,ARI,home,0,693409,César Prieto,mapped,identity_name_team_map,Stable identity seed from old DK-ID map. Pilot join status: matched via normalized_name_team
2026-06-25,2026-06-25T16:04:54.610294+00:00,2026-06-25,DraftKings official lineup CSV,https://www.draftkings.com/lineup/getavailableplayerscsv?contestTypeId=9&draftGroupId=149804,149804,9,Selected largest-prize regular Classic MLB draft group after excluding Turbo/Night/qualifier/satellite/showdown/snake/single-stat slates.,2B/OF,Thomas Saggese (43369117),Thomas Saggese,43369117,2B/OF,2000,ARI@STL 06/25/2026 07:45PM ET,06/25/2026 07:45PM ET,STL,ARI,home,3.16,695336,Thomas Saggese,mapped,identity_name_team_map,Stable identity seed from old DK-ID map. Pilot join status: matched via normalized_name_team
2026-06-25,2026-06-25T16:04:54.610294+00:00,2026-06-25,DraftKings official lineup CSV,https://www.draftkings.com/lineup/getavailableplayerscsv?contestTypeId=9&draftGroupId=149804,149804,9,Selected largest-prize regular Classic MLB draft group after excluding Turbo/Night/qualifier/satellite/showdown/snake/single-stat slates.,OF,Joshua Baez (43369126),Joshua Baez,43369126,OF,2000,ARI@STL 06/25/2026 07:45PM ET,06/25/2026 07:45PM ET,STL,ARI,home,0,695491,Joshua Báez,mapped,identity_name_team_map,Stable identity seed from old DK-ID map. Pilot join status: matched_people_search_name via mlb_people_search_normalized_name
2026-06-25,2026-06-25T16:04:54.610294+00:00,2026-06-25,DraftKings official lineup CSV,https://www.draftkings.com/lineup/getavailableplayerscsv?contestTypeId=9&draftGroupId=149804,149804,9,Selected largest-prize regular Classic MLB draft group after excluding Turbo/Night/qualifier/satellite/showdown/snake/single-stat slates.,C,Leo Bernal (43369128),Leo Bernal,43369128,C,2000,ARI@STL 06/25/2026 07:45PM ET,06/25/2026 07:45PM ET,STL,ARI,home,0,699024,Leo Bernal,mapped,identity_name_team_map,Stable identity seed from old DK-ID map. Pilot join status: matched_people_search_name via mlb_people_search_normalized_name
2026-06-25,2026-06-25T16:04:54.610294+00:00,2026-06-25,DraftKings official lineup CSV,https://www.draftkings.com/lineup/getavailableplayerscsv?contestTypeId=9&draftGroupId=149804,149804,9,Selected largest-prize regular Classic MLB draft group after excluding Turbo/Night/qualifier/satellite/showdown/snake/single-stat slates.,SS,Zack Short (43369034),Zack Short,43369034,SS,2000,CHC@NYM 06/25/2026 07:10PM ET,06/25/2026 07:10PM ET,NYM,CHC,home,2.04,670097,Zack Short,needs_review_team_change,identity_name_unique_mlbam,Name maps to one reviewed MLBAM identity but not this DK team; review as team-change/new alias before trusting automation.
2026-06-25,2026-06-25T16:04:54.610294+00:00,2026-06-25,DraftKings official lineup CSV,https://www.draftkings.com/lineup/getavailableplayerscsv?contestTypeId=9&draftGroupId=149804,149804,9,Selected largest-prize regular Classic MLB draft group after excluding Turbo/Night/qualifier/satellite/showdown/snake/single-stat slates.,OF,Justin Dean (43369035),Justin Dean,43369035,OF,2000,CHC@NYM 06/25/2026 07:10PM ET,06/25/2026 07:10PM ET,CHC,NYM,away,9.5,681909,Justin Dean,mapped,identity_name_team_map,Stable identity seed from old DK-ID map. Pilot join status: matched_people_search_name via mlb_people_search_normalized_name
2026-06-25,2026-06-25T16:04:54.610294+00:00,2026-06-25,DraftKings official lineup CSV,https://www.draftkings.com/lineup/getavailableplayerscsv?contestTypeId=9&draftGroupId=149804,149804,9,Selected largest-prize regular Classic MLB draft group after excluding Turbo/Night/qualifier/satellite/showdown/snake/single-stat slates.,2B,James Triantos (43369119),James Triantos,43369119,2B,2000,CHC@NYM 06/25/2026 07:10PM ET,06/25/2026 07:10PM ET,CHC,NYM,away,0,701649,James Triantos,mapped,identity_name_team_map,Stable identity seed from old DK-ID map. Pilot join status: matched_people_search_name via mlb_people_search_normalized_name
2026-06-25,2026-06-25T16:04:54.610294+00:00,2026-06-25,DraftKings official lineup CSV,https://www.draftkings.com/lineup/getavailableplayerscsv?contestTypeId=9&draftGroupId=149804,149804,9,Selected largest-prize regular Classic MLB draft group after excluding Turbo/Night/qualifier/satellite/showdown/snake/single-stat slates.,1B/OF,Tyler Austin (43369124),Tyler Austin,43369124,1B/OF,2000,CHC@NYM 06/25/2026 07:10PM ET,06/25/2026 07:10PM ET,CHC,NYM,away,0,592122,Tyler Austin,mapped,identity_name_team_map,Stable identity seed from old DK-ID map. Pilot join status: matched_people_search_name via mlb_people_search_normalized_name
2026-06-25,2026-06-25T16:04:54.610294+00:00,2026-06-25,DraftKings official lineup CSV,https://www.draftkings.com/lineup/getavailableplayerscsv?contestTypeId=9&draftGroupId=149804,149804,9,Selected largest-prize regular Classic MLB draft group after excluding Turbo/Night/qualifier/satellite/showdown/snake/single-stat slates.,OF,Kevin Alcantara (43369139),Kevin Alcantara,43369139,OF,2000,CHC@NYM 06/25/2026 07:10PM ET,06/25/2026 07:10PM ET,CHC,NYM,away,0.58,682634,Kevin Alcántara,mapped,identity_name_team_map,Stable identity seed from old DK-ID map. Pilot join status: matched via normalized_name_team
