captureDate,capturedAtUtc,slateDate,source,sourceUrl,draftGroupId,contestTypeId,selectionReason,position,namePlusId,dkName,dkPlayerId,rosterPosition,salary,gameInfo,gameDateTimeEt,teamAbbrev,opponent,homeAway,avgPointsPerGame,mlbamId,mlbName,joinStatus,joinMethod,joinNote
2026-09-30,2026-09-30T18:31:55.898422+00:00,2026-09-30,DraftKings official lineup CSV,https://www.draftkings.com/lineup/getavailableplayerscsv?contestTypeId=9&draftGroupId=154199,154199,9,Selected largest-prize regular Classic MLB draft group after excluding Turbo/Night/qualifier/satellite/showdown/snake/single-stat slates.,SP,Cam Schlittler (44334176),Cam Schlittler,44334176,P,9800,BOS@NYY 09/30/2026 08:00PM ET,09/30/2026 08:00PM ET,NYY,BOS,home,23.9,,,needs_review_new_player,identity_name_team_map,No reviewed normalized-name/team identity alias; do not auto-guess.
2026-09-30,2026-09-30T18:31:55.898422+00:00,2026-09-30,DraftKings official lineup CSV,https://www.draftkings.com/lineup/getavailableplayerscsv?contestTypeId=9&draftGroupId=154199,154199,9,Selected largest-prize regular Classic MLB draft group after excluding Turbo/Night/qualifier/satellite/showdown/snake/single-stat slates.,SP,Payton Tolle (44334189),Payton Tolle,44334189,P,8800,BOS@NYY 09/30/2026 08:00PM ET,09/30/2026 08:00PM ET,BOS,NYY,away,19.2,,,needs_review_new_player,identity_name_team_map,No reviewed normalized-name/team identity alias; do not auto-guess.
2026-09-30,2026-09-30T18:31:55.898422+00:00,2026-09-30,DraftKings official lineup CSV,https://www.draftkings.com/lineup/getavailableplayerscsv?contestTypeId=9&draftGroupId=154199,154199,9,Selected largest-prize regular Classic MLB draft group after excluding Turbo/Night/qualifier/satellite/showdown/snake/single-stat slates.,SP,Hunter Brown (44334120),Hunter Brown,44334120,P,8700,CWS@HOU 09/30/2026 05:00PM ET,09/30/2026 05:00PM ET,HOU,CWS,home,17.7,686613,Hunter Brown,mapped,identity_name_team_map,Stable identity seed from old DK-ID map. Pilot join status: matched via normalized_name_team
2026-09-30,2026-09-30T18:31:55.898422+00:00,2026-09-30,DraftKings official lineup CSV,https://www.draftkings.com/lineup/getavailableplayerscsv?contestTypeId=9&draftGroupId=154199,154199,9,Selected largest-prize regular Classic MLB draft group after excluding Turbo/Night/qualifier/satellite/showdown/snake/single-stat slates.,SP,Sonny Gray (44334004),Sonny Gray,44334004,P,8500,BOS@NYY 09/30/2026 08:00PM ET,09/30/2026 08:00PM ET,BOS,NYY,away,18.2,,,needs_review_new_player,identity_name_team_map,No reviewed normalized-name/team identity alias; do not auto-guess.
2026-09-30,2026-09-30T18:31:55.898422+00:00,2026-09-30,DraftKings official lineup CSV,https://www.draftkings.com/lineup/getavailableplayerscsv?contestTypeId=9&draftGroupId=154199,154199,9,Selected largest-prize regular Classic MLB draft group after excluding Turbo/Night/qualifier/satellite/showdown/snake/single-stat slates.,SP,Garrett Crochet (44334091),Garrett Crochet,44334091,P,8500,BOS@NYY 09/30/2026 08:00PM ET,09/30/2026 08:00PM ET,BOS,NYY,away,13.8,,,needs_review_new_player,identity_name_team_map,No reviewed normalized-name/team identity alias; do not auto-guess.
2026-09-30,2026-09-30T18:31:55.898422+00:00,2026-09-30,DraftKings official lineup CSV,https://www.draftkings.com/lineup/getavailableplayerscsv?contestTypeId=9&draftGroupId=154199,154199,9,Selected largest-prize regular Classic MLB draft group after excluding Turbo/Night/qualifier/satellite/showdown/snake/single-stat slates.,SP,Gerrit Cole (44334002),Gerrit Cole,44334002,P,8300,BOS@NYY 09/30/2026 08:00PM ET,09/30/2026 08:00PM ET,NYY,BOS,home,18.2,,,needs_review_new_player,identity_name_team_map,No reviewed normalized-name/team identity alias; do not auto-guess.
2026-09-30,2026-09-30T18:31:55.898422+00:00,2026-09-30,DraftKings official lineup CSV,https://www.draftkings.com/lineup/getavailableplayerscsv?contestTypeId=9&draftGroupId=154199,154199,9,Selected largest-prize regular Classic MLB draft group after excluding Turbo/Night/qualifier/satellite/showdown/snake/single-stat slates.,SP,Max Fried (44334021),Max Fried,44334021,P,8300,BOS@NYY 09/30/2026 08:00PM ET,09/30/2026 08:00PM ET,NYY,BOS,home,17.2,,,needs_review_new_player,identity_name_team_map,No reviewed normalized-name/team identity alias; do not auto-guess.
2026-09-30,2026-09-30T18:31:55.898422+00:00,2026-09-30,DraftKings official lineup CSV,https://www.draftkings.com/lineup/getavailableplayerscsv?contestTypeId=9&draftGroupId=154199,154199,9,Selected largest-prize regular Classic MLB draft group after excluding Turbo/Night/qualifier/satellite/showdown/snake/single-stat slates.,SP,Carlos Rodon (44334016),Carlos Rodon,44334016,P,7800,BOS@NYY 09/30/2026 08:00PM ET,09/30/2026 08:00PM ET,NYY,BOS,home,18.4,,,needs_review_new_player,identity_name_team_map,No reviewed normalized-name/team identity alias; do not auto-guess.
2026-09-30,2026-09-30T18:31:55.898422+00:00,2026-09-30,DraftKings official lineup CSV,https://www.draftkings.com/lineup/getavailableplayerscsv?contestTypeId=9&draftGroupId=154199,154199,9,Selected largest-prize regular Classic MLB draft group after excluding Turbo/Night/qualifier/satellite/showdown/snake/single-stat slates.,RP,Ranger Suarez (44334024),Ranger Suarez,44334024,P,7300,BOS@NYY 09/30/2026 08:00PM ET,09/30/2026 08:00PM ET,BOS,NYY,away,15.4,,,needs_review_new_player,identity_name_team_map,No reviewed normalized-name/team identity alias; do not auto-guess.
2026-09-30,2026-09-30T18:31:55.898422+00:00,2026-09-30,DraftKings official lineup CSV,https://www.draftkings.com/lineup/getavailableplayerscsv?contestTypeId=9&draftGroupId=154199,154199,9,Selected largest-prize regular Classic MLB draft group after excluding Turbo/Night/qualifier/satellite/showdown/snake/single-stat slates.,SP,Clarke Schmidt (44334081),Clarke Schmidt,44334081,P,7300,BOS@NYY 09/30/2026 08:00PM ET,09/30/2026 08:00PM ET,NYY,BOS,home,4.3,,,needs_review_new_player,identity_name_team_map,No reviewed normalized-name/team identity alias; do not auto-guess.
2026-09-30,2026-09-30T18:31:55.898422+00:00,2026-09-30,DraftKings official lineup CSV,https://www.draftkings.com/lineup/getavailableplayerscsv?contestTypeId=9&draftGroupId=154199,154199,9,Selected largest-prize regular Classic MLB draft group after excluding Turbo/Night/qualifier/satellite/showdown/snake/single-stat slates.,RP,Ryan Weathers (44334103),Ryan Weathers,44334103,P,7300,BOS@NYY 09/30/2026 08:00PM ET,09/30/2026 08:00PM ET,NYY,BOS,home,16.1,,,needs_review_new_player,identity_name_team_map,No reviewed normalized-name/team identity alias; do not auto-guess.
2026-09-30,2026-09-30T18:31:55.898422+00:00,2026-09-30,DraftKings official lineup CSV,https://www.draftkings.com/lineup/getavailableplayerscsv?contestTypeId=9&draftGroupId=154199,154199,9,Selected largest-prize regular Classic MLB draft group after excluding Turbo/Night/qualifier/satellite/showdown/snake/single-stat slates.,SP,Jake Bennett (44334133),Jake Bennett,44334133,P,7300,BOS@NYY 09/30/2026 08:00PM ET,09/30/2026 08:00PM ET,BOS,NYY,away,15.2,,,needs_review_new_player,identity_name_team_map,No reviewed normalized-name/team identity alias; do not auto-guess.
2026-09-30,2026-09-30T18:31:55.898422+00:00,2026-09-30,DraftKings official lineup CSV,https://www.draftkings.com/lineup/getavailableplayerscsv?contestTypeId=9&draftGroupId=154199,154199,9,Selected largest-prize regular Classic MLB draft group after excluding Turbo/Night/qualifier/satellite/showdown/snake/single-stat slates.,SP,Peter Lambert (44334048),Peter Lambert,44334048,P,7200,CWS@HOU 09/30/2026 05:00PM ET,09/30/2026 05:00PM ET,HOU,CWS,home,15,663567,Peter Lambert,mapped,identity_name_team_map,Stable identity seed from old DK-ID map. Pilot join status: matched via normalized_name_team
2026-09-30,2026-09-30T18:31:55.898422+00:00,2026-09-30,DraftKings official lineup CSV,https://www.draftkings.com/lineup/getavailableplayerscsv?contestTypeId=9&draftGroupId=154199,154199,9,Selected largest-prize regular Classic MLB draft group after excluding Turbo/Night/qualifier/satellite/showdown/snake/single-stat slates.,RP,Hayden Wesneski (44334069),Hayden Wesneski,44334069,P,7200,CWS@HOU 09/30/2026 05:00PM ET,09/30/2026 05:00PM ET,HOU,CWS,home,15.2,669713,Hayden Wesneski,mapped,identity_name_team_map,Stable identity seed from old DK-ID map. Pilot join status: matched_people_search_name via mlb_people_search_normalized_name
2026-09-30,2026-09-30T18:31:55.898422+00:00,2026-09-30,DraftKings official lineup CSV,https://www.draftkings.com/lineup/getavailableplayerscsv?contestTypeId=9&draftGroupId=154199,154199,9,Selected largest-prize regular Classic MLB draft group after excluding Turbo/Night/qualifier/satellite/showdown/snake/single-stat slates.,SP,Davis Martin (44334061),Davis Martin,44334061,P,7000,CWS@HOU 09/30/2026 05:00PM ET,09/30/2026 05:00PM ET,CWS,HOU,away,12.4,663436,Davis Martin,mapped,identity_name_team_map,Stable identity seed from old DK-ID map. Pilot join status: matched via normalized_name_team
2026-09-30,2026-09-30T18:31:55.898422+00:00,2026-09-30,DraftKings official lineup CSV,https://www.draftkings.com/lineup/getavailableplayerscsv?contestTypeId=9&draftGroupId=154199,154199,9,Selected largest-prize regular Classic MLB draft group after excluding Turbo/Night/qualifier/satellite/showdown/snake/single-stat slates.,SP,Sean Burke (44334147),Sean Burke,44334147,P,7000,CWS@HOU 09/30/2026 05:00PM ET,09/30/2026 05:00PM ET,CWS,HOU,away,17,680732,Sean Burke,mapped,identity_name_team_map,Stable identity seed from old DK-ID map. Pilot join status: matched via normalized_name_team
2026-09-30,2026-09-30T18:31:55.898422+00:00,2026-09-30,DraftKings official lineup CSV,https://www.draftkings.com/lineup/getavailableplayerscsv?contestTypeId=9&draftGroupId=154199,154199,9,Selected largest-prize regular Classic MLB draft group after excluding Turbo/Night/qualifier/satellite/showdown/snake/single-stat slates.,RP,David Sandlin (44334172),David Sandlin,44334172,P,7000,CWS@HOU 09/30/2026 05:00PM ET,09/30/2026 05:00PM ET,CWS,HOU,away,11.7,689818,David Sandlin,mapped,identity_name_team_map,Stable identity seed from old DK-ID map. Pilot join status: matched via normalized_name_team
2026-09-30,2026-09-30T18:31:55.898422+00:00,2026-09-30,DraftKings official lineup CSV,https://www.draftkings.com/lineup/getavailableplayerscsv?contestTypeId=9&draftGroupId=154199,154199,9,Selected largest-prize regular Classic MLB draft group after excluding Turbo/Night/qualifier/satellite/showdown/snake/single-stat slates.,SP,Brandon Walter (44334130),Brandon Walter,44334130,P,6700,CWS@HOU 09/30/2026 05:00PM ET,09/30/2026 05:00PM ET,HOU,CWS,home,0,687888,Brandon Walter,mapped,identity_name_team_map,Stable identity seed from old DK-ID map. Pilot join status: matched_people_search_name via mlb_people_search_normalized_name
2026-09-30,2026-09-30T18:31:55.898422+00:00,2026-09-30,DraftKings official lineup CSV,https://www.draftkings.com/lineup/getavailableplayerscsv?contestTypeId=9&draftGroupId=154199,154199,9,Selected largest-prize regular Classic MLB draft group after excluding Turbo/Night/qualifier/satellite/showdown/snake/single-stat slates.,SP,Will Warren (44334154),Will Warren,44334154,P,6300,BOS@NYY 09/30/2026 08:00PM ET,09/30/2026 08:00PM ET,NYY,BOS,home,13.9,,,needs_review_new_player,identity_name_team_map,No reviewed normalized-name/team identity alias; do not auto-guess.
2026-09-30,2026-09-30T18:31:55.898422+00:00,2026-09-30,DraftKings official lineup CSV,https://www.draftkings.com/lineup/getavailableplayerscsv?contestTypeId=9&draftGroupId=154199,154199,9,Selected largest-prize regular Classic MLB draft group after excluding Turbo/Night/qualifier/satellite/showdown/snake/single-stat slates.,SP,Cristian Javier (44334050),Cristian Javier,44334050,P,6200,CWS@HOU 09/30/2026 05:00PM ET,09/30/2026 05:00PM ET,HOU,CWS,home,8.2,664299,Cristian Javier,mapped,identity_name_team_map,Stable identity seed from old DK-ID map. Pilot join status: matched via normalized_name_team
2026-09-30,2026-09-30T18:31:55.898422+00:00,2026-09-30,DraftKings official lineup CSV,https://www.draftkings.com/lineup/getavailableplayerscsv?contestTypeId=9&draftGroupId=154199,154199,9,Selected largest-prize regular Classic MLB draft group after excluding Turbo/Night/qualifier/satellite/showdown/snake/single-stat slates.,SP,Ronel Blanco (44334070),Ronel Blanco,44334070,P,6200,CWS@HOU 09/30/2026 05:00PM ET,09/30/2026 05:00PM ET,HOU,CWS,home,6.9,669854,Ronel Blanco,mapped,identity_name_team_map,Stable identity seed from old DK-ID map. Pilot join status: matched_people_search_name via mlb_people_search_normalized_name
2026-09-30,2026-09-30T18:31:55.898422+00:00,2026-09-30,DraftKings official lineup CSV,https://www.draftkings.com/lineup/getavailableplayerscsv?contestTypeId=9&draftGroupId=154199,154199,9,Selected largest-prize regular Classic MLB draft group after excluding Turbo/Night/qualifier/satellite/showdown/snake/single-stat slates.,SP,Tatsuya Imai (44334077),Tatsuya Imai,44334077,P,6200,CWS@HOU 09/30/2026 05:00PM ET,09/30/2026 05:00PM ET,HOU,CWS,home,10.4,837227,Tatsuya Imai,mapped,identity_name_team_map,Stable identity seed from old DK-ID map. Pilot join status: matched via normalized_name_team
2026-09-30,2026-09-30T18:31:55.898422+00:00,2026-09-30,DraftKings official lineup CSV,https://www.draftkings.com/lineup/getavailableplayerscsv?contestTypeId=9&draftGroupId=154199,154199,9,Selected largest-prize regular Classic MLB draft group after excluding Turbo/Night/qualifier/satellite/showdown/snake/single-stat slates.,SP,Mike Burrows (44334109),Mike Burrows,44334109,P,6200,CWS@HOU 09/30/2026 05:00PM ET,09/30/2026 05:00PM ET,HOU,CWS,home,9,681347,Mike Burrows,mapped,identity_name_team_map,Stable identity seed from old DK-ID map. Pilot join status: matched via normalized_name_team
2026-09-30,2026-09-30T18:31:55.898422+00:00,2026-09-30,DraftKings official lineup CSV,https://www.draftkings.com/lineup/getavailableplayerscsv?contestTypeId=9&draftGroupId=154199,154199,9,Selected largest-prize regular Classic MLB draft group after excluding Turbo/Night/qualifier/satellite/showdown/snake/single-stat slates.,RP,Kai-Wei Teng (44334117),Kai-Wei Teng,44334117,P,6200,CWS@HOU 09/30/2026 05:00PM ET,09/30/2026 05:00PM ET,HOU,CWS,home,6.2,678906,Kai-Wei Teng,mapped,identity_name_team_map,Stable identity seed from old DK-ID map. Pilot join status: matched via normalized_name_team
2026-09-30,2026-09-30T18:31:55.898422+00:00,2026-09-30,DraftKings official lineup CSV,https://www.draftkings.com/lineup/getavailableplayerscsv?contestTypeId=9&draftGroupId=154199,154199,9,Selected largest-prize regular Classic MLB draft group after excluding Turbo/Night/qualifier/satellite/showdown/snake/single-stat slates.,SP,Erick Fedde (44334017),Erick Fedde,44334017,P,6000,CWS@HOU 09/30/2026 05:00PM ET,09/30/2026 05:00PM ET,CWS,HOU,away,9.4,607200,Erick Fedde,mapped,identity_name_team_map,Stable identity seed from old DK-ID map. Pilot join status: matched via normalized_name_team
2026-09-30,2026-09-30T18:31:55.898422+00:00,2026-09-30,DraftKings official lineup CSV,https://www.draftkings.com/lineup/getavailableplayerscsv?contestTypeId=9&draftGroupId=154199,154199,9,Selected largest-prize regular Classic MLB draft group after excluding Turbo/Night/qualifier/satellite/showdown/snake/single-stat slates.,SP,Luis Castillo (44334018),Luis Castillo,44334018,P,6000,CWS@HOU 09/30/2026 05:00PM ET,09/30/2026 05:00PM ET,CWS,HOU,away,8.4,,,needs_review_new_player,identity_name_team_map,No reviewed normalized-name/team identity alias; do not auto-guess.
2026-09-30,2026-09-30T18:31:55.898422+00:00,2026-09-30,DraftKings official lineup CSV,https://www.draftkings.com/lineup/getavailableplayerscsv?contestTypeId=9&draftGroupId=154199,154199,9,Selected largest-prize regular Classic MLB draft group after excluding Turbo/Night/qualifier/satellite/showdown/snake/single-stat slates.,RP,Anthony Kay (44334031),Anthony Kay,44334031,P,6000,CWS@HOU 09/30/2026 05:00PM ET,09/30/2026 05:00PM ET,CWS,HOU,away,10.6,641743,Anthony Kay,mapped,identity_name_team_map,Stable identity seed from old DK-ID map. Pilot join status: matched via normalized_name_team
2026-09-30,2026-09-30T18:31:55.898422+00:00,2026-09-30,DraftKings official lineup CSV,https://www.draftkings.com/lineup/getavailableplayerscsv?contestTypeId=9&draftGroupId=154199,154199,9,Selected largest-prize regular Classic MLB draft group after excluding Turbo/Night/qualifier/satellite/showdown/snake/single-stat slates.,SP,Patrick Sandoval (44334054),Patrick Sandoval,44334054,P,6000,BOS@NYY 09/30/2026 08:00PM ET,09/30/2026 08:00PM ET,BOS,NYY,away,10.4,,,needs_review_new_player,identity_name_team_map,No reviewed normalized-name/team identity alias; do not auto-guess.
2026-09-30,2026-09-30T18:31:55.898422+00:00,2026-09-30,DraftKings official lineup CSV,https://www.draftkings.com/lineup/getavailableplayerscsv?contestTypeId=9&draftGroupId=154199,154199,9,Selected largest-prize regular Classic MLB draft group after excluding Turbo/Night/qualifier/satellite/showdown/snake/single-stat slates.,OF,Yordan Alvarez (44334075),Yordan Alvarez,44334075,OF,6000,CWS@HOU 09/30/2026 05:00PM ET,09/30/2026 05:00PM ET,HOU,CWS,home,9.9,670541,Yordan Alvarez,mapped,identity_name_team_map,Stable identity seed from old DK-ID map. Pilot join status: matched via normalized_name_team
2026-09-30,2026-09-30T18:31:55.898422+00:00,2026-09-30,DraftKings official lineup CSV,https://www.draftkings.com/lineup/getavailableplayerscsv?contestTypeId=9&draftGroupId=154199,154199,9,Selected largest-prize regular Classic MLB draft group after excluding Turbo/Night/qualifier/satellite/showdown/snake/single-stat slates.,SP,Kutter Crawford (44334090),Kutter Crawford,44334090,P,6000,BOS@NYY 09/30/2026 08:00PM ET,09/30/2026 08:00PM ET,BOS,NYY,away,0,,,needs_review_new_player,identity_name_team_map,No reviewed normalized-name/team identity alias; do not auto-guess.
2026-09-30,2026-09-30T18:31:55.898422+00:00,2026-09-30,DraftKings official lineup CSV,https://www.draftkings.com/lineup/getavailableplayerscsv?contestTypeId=9&draftGroupId=154199,154199,9,Selected largest-prize regular Classic MLB draft group after excluding Turbo/Night/qualifier/satellite/showdown/snake/single-stat slates.,SP,Brayan Bello (44334100),Brayan Bello,44334100,P,6000,BOS@NYY 09/30/2026 08:00PM ET,09/30/2026 08:00PM ET,BOS,NYY,away,9.4,,,needs_review_new_player,identity_name_team_map,No reviewed normalized-name/team identity alias; do not auto-guess.
2026-09-30,2026-09-30T18:31:55.898422+00:00,2026-09-30,DraftKings official lineup CSV,https://www.draftkings.com/lineup/getavailableplayerscsv?contestTypeId=9&draftGroupId=154199,154199,9,Selected largest-prize regular Classic MLB draft group after excluding Turbo/Night/qualifier/satellite/showdown/snake/single-stat slates.,SP,Jonathan Cannon (44334148),Jonathan Cannon,44334148,P,6000,CWS@HOU 09/30/2026 05:00PM ET,09/30/2026 05:00PM ET,CWS,HOU,away,1.7,686563,Jonathan Cannon,mapped,identity_name_team_map,Stable identity seed from old DK-ID map. Pilot join status: matched via normalized_name_team
2026-09-30,2026-09-30T18:31:55.898422+00:00,2026-09-30,DraftKings official lineup CSV,https://www.draftkings.com/lineup/getavailableplayerscsv?contestTypeId=9&draftGroupId=154199,154199,9,Selected largest-prize regular Classic MLB draft group after excluding Turbo/Night/qualifier/satellite/showdown/snake/single-stat slates.,RP,Shane Smith (44334162),Shane Smith,44334162,P,6000,CWS@HOU 09/30/2026 05:00PM ET,09/30/2026 05:00PM ET,CWS,HOU,away,2.5,681343,Shane Smith,mapped,identity_name_team_map,Stable identity seed from old DK-ID map. Pilot join status: matched via normalized_name_team
2026-09-30,2026-09-30T18:31:55.898422+00:00,2026-09-30,DraftKings official lineup CSV,https://www.draftkings.com/lineup/getavailableplayerscsv?contestTypeId=9&draftGroupId=154199,154199,9,Selected largest-prize regular Classic MLB draft group after excluding Turbo/Night/qualifier/satellite/showdown/snake/single-stat slates.,OF,Aaron Judge (44334011),Aaron Judge,44334011,OF,5800,BOS@NYY 09/30/2026 08:00PM ET,09/30/2026 08:00PM ET,NYY,BOS,home,9.2,,,needs_review_new_player,identity_name_team_map,No reviewed normalized-name/team identity alias; do not auto-guess.
2026-09-30,2026-09-30T18:31:55.898422+00:00,2026-09-30,DraftKings official lineup CSV,https://www.draftkings.com/lineup/getavailableplayerscsv?contestTypeId=9&draftGroupId=154199,154199,9,Selected largest-prize regular Classic MLB draft group after excluding Turbo/Night/qualifier/satellite/showdown/snake/single-stat slates.,SP,Luis Gil (44334058),Luis Gil,44334058,P,5800,BOS@NYY 09/30/2026 08:00PM ET,09/30/2026 08:00PM ET,NYY,BOS,home,5.1,,,needs_review_new_player,identity_name_team_map,No reviewed normalized-name/team identity alias; do not auto-guess.
2026-09-30,2026-09-30T18:31:55.898422+00:00,2026-09-30,DraftKings official lineup CSV,https://www.draftkings.com/lineup/getavailableplayerscsv?contestTypeId=9&draftGroupId=154199,154199,9,Selected largest-prize regular Classic MLB draft group after excluding Turbo/Night/qualifier/satellite/showdown/snake/single-stat slates.,SP,Elmer Rodriguez (44334152),Elmer Rodriguez,44334152,P,5800,BOS@NYY 09/30/2026 08:00PM ET,09/30/2026 08:00PM ET,NYY,BOS,home,7,,,needs_review_new_player,identity_name_team_map,No reviewed normalized-name/team identity alias; do not auto-guess.
2026-09-30,2026-09-30T18:31:55.898422+00:00,2026-09-30,DraftKings official lineup CSV,https://www.draftkings.com/lineup/getavailableplayerscsv?contestTypeId=9&draftGroupId=154199,154199,9,Selected largest-prize regular Classic MLB draft group after excluding Turbo/Night/qualifier/satellite/showdown/snake/single-stat slates.,RP,Alimber Santa (44334164),Alimber Santa,44334164,P,5700,CWS@HOU 09/30/2026 05:00PM ET,09/30/2026 05:00PM ET,HOU,CWS,home,4,695001,Alimber Santa,mapped,identity_name_team_map,Stable identity seed from old DK-ID map. Pilot join status: matched via normalized_name_team
2026-09-30,2026-09-30T18:31:55.898422+00:00,2026-09-30,DraftKings official lineup CSV,https://www.draftkings.com/lineup/getavailableplayerscsv?contestTypeId=9&draftGroupId=154199,154199,9,Selected largest-prize regular Classic MLB draft group after excluding Turbo/Night/qualifier/satellite/showdown/snake/single-stat slates.,SP,Miguel Ullola (44334165),Miguel Ullola,44334165,P,5700,CWS@HOU 09/30/2026 05:00PM ET,09/30/2026 05:00PM ET,HOU,CWS,home,6.1,699044,Miguel Ullola,mapped,identity_name_team_map,Stable identity seed from old DK-ID map. Pilot join status: matched_people_search_name via mlb_people_search_normalized_name
2026-09-30,2026-09-30T18:31:55.898422+00:00,2026-09-30,DraftKings official lineup CSV,https://www.draftkings.com/lineup/getavailableplayerscsv?contestTypeId=9&draftGroupId=154199,154199,9,Selected largest-prize regular Classic MLB draft group after excluding Turbo/Night/qualifier/satellite/showdown/snake/single-stat slates.,RP,AJ Blubaugh (44334177),AJ Blubaugh,44334177,P,5700,CWS@HOU 09/30/2026 05:00PM ET,09/30/2026 05:00PM ET,HOU,CWS,home,4.2,805123,AJ Blubaugh,mapped,identity_name_team_map,Stable identity seed from old DK-ID map. Pilot join status: matched via normalized_name_team
2026-09-30,2026-09-30T18:31:55.898422+00:00,2026-09-30,DraftKings official lineup CSV,https://www.draftkings.com/lineup/getavailableplayerscsv?contestTypeId=9&draftGroupId=154199,154199,9,Selected largest-prize regular Classic MLB draft group after excluding Turbo/Night/qualifier/satellite/showdown/snake/single-stat slates.,SP,Ethan Pecko (44334186),Ethan Pecko,44334186,P,5700,CWS@HOU 09/30/2026 05:00PM ET,09/30/2026 05:00PM ET,HOU,CWS,home,9.6,,,needs_review_new_player,identity_name_team_map,No reviewed normalized-name/team identity alias; do not auto-guess.
2026-09-30,2026-09-30T18:31:55.898422+00:00,2026-09-30,DraftKings official lineup CSV,https://www.draftkings.com/lineup/getavailableplayerscsv?contestTypeId=9&draftGroupId=154199,154199,9,Selected largest-prize regular Classic MLB draft group after excluding Turbo/Night/qualifier/satellite/showdown/snake/single-stat slates.,3B,Miguel Vargas (44334116),Miguel Vargas,44334116,3B,5600,CWS@HOU 09/30/2026 05:00PM ET,09/30/2026 05:00PM ET,CWS,HOU,away,9.2,678246,Miguel Vargas,mapped,identity_name_team_map,Stable identity seed from old DK-ID map. Pilot join status: matched via normalized_name_team
2026-09-30,2026-09-30T18:31:55.898422+00:00,2026-09-30,DraftKings official lineup CSV,https://www.draftkings.com/lineup/getavailableplayerscsv?contestTypeId=9&draftGroupId=154199,154199,9,Selected largest-prize regular Classic MLB draft group after excluding Turbo/Night/qualifier/satellite/showdown/snake/single-stat slates.,SP,Johan Oviedo (44334074),Johan Oviedo,44334074,P,5500,BOS@NYY 09/30/2026 08:00PM ET,09/30/2026 08:00PM ET,BOS,NYY,away,1.5,,,needs_review_new_player,identity_name_team_map,No reviewed normalized-name/team identity alias; do not auto-guess.
2026-09-30,2026-09-30T18:31:55.898422+00:00,2026-09-30,DraftKings official lineup CSV,https://www.draftkings.com/lineup/getavailableplayerscsv?contestTypeId=9&draftGroupId=154199,154199,9,Selected largest-prize regular Classic MLB draft group after excluding Turbo/Night/qualifier/satellite/showdown/snake/single-stat slates.,RP,Eduardo Rivera (44334155),Eduardo Rivera,44334155,P,5500,BOS@NYY 09/30/2026 08:00PM ET,09/30/2026 08:00PM ET,BOS,NYY,away,5,,,needs_review_new_player,identity_name_team_map,No reviewed normalized-name/team identity alias; do not auto-guess.
2026-09-30,2026-09-30T18:31:55.898422+00:00,2026-09-30,DraftKings official lineup CSV,https://www.draftkings.com/lineup/getavailableplayerscsv?contestTypeId=9&draftGroupId=154199,154199,9,Selected largest-prize regular Classic MLB draft group after excluding Turbo/Night/qualifier/satellite/showdown/snake/single-stat slates.,RP,Jedixson Paez (44334166),Jedixson Paez,44334166,P,5500,BOS@NYY 09/30/2026 08:00PM ET,09/30/2026 08:00PM ET,BOS,NYY,away,1,,,needs_review_new_player,identity_name_team_map,No reviewed normalized-name/team identity alias; do not auto-guess.
2026-09-30,2026-09-30T18:31:55.898422+00:00,2026-09-30,DraftKings official lineup CSV,https://www.draftkings.com/lineup/getavailableplayerscsv?contestTypeId=9&draftGroupId=154199,154199,9,Selected largest-prize regular Classic MLB draft group after excluding Turbo/Night/qualifier/satellite/showdown/snake/single-stat slates.,1B,Munetaka Murakami (44334096),Munetaka Murakami,44334096,1B,5400,CWS@HOU 09/30/2026 05:00PM ET,09/30/2026 05:00PM ET,CWS,HOU,away,8.5,808959,Munetaka Murakami,mapped,identity_name_team_map,Stable identity seed from old DK-ID map. Pilot join status: matched via normalized_name_team
2026-09-30,2026-09-30T18:31:55.898422+00:00,2026-09-30,DraftKings official lineup CSV,https://www.draftkings.com/lineup/getavailableplayerscsv?contestTypeId=9&draftGroupId=154199,154199,9,Selected largest-prize regular Classic MLB draft group after excluding Turbo/Night/qualifier/satellite/showdown/snake/single-stat slates.,1B/C,Ben Rice (44334156),Ben Rice,44334156,C/1B,5100,BOS@NYY 09/30/2026 08:00PM ET,09/30/2026 08:00PM ET,NYY,BOS,home,9.4,,,needs_review_new_player,identity_name_team_map,No reviewed normalized-name/team identity alias; do not auto-guess.
2026-09-30,2026-09-30T18:31:55.898422+00:00,2026-09-30,DraftKings official lineup CSV,https://www.draftkings.com/lineup/getavailableplayerscsv?contestTypeId=9&draftGroupId=154199,154199,9,Selected largest-prize regular Classic MLB draft group after excluding Turbo/Night/qualifier/satellite/showdown/snake/single-stat slates.,SP,Noah Schultz (44334168),Noah Schultz,44334168,P,5000,CWS@HOU 09/30/2026 05:00PM ET,09/30/2026 05:00PM ET,CWS,HOU,away,8.4,702273,Noah Schultz,mapped,identity_name_team_map,Stable identity seed from old DK-ID map. Pilot join status: matched via normalized_name_team
2026-09-30,2026-09-30T18:31:55.898422+00:00,2026-09-30,DraftKings official lineup CSV,https://www.draftkings.com/lineup/getavailableplayerscsv?contestTypeId=9&draftGroupId=154199,154199,9,Selected largest-prize regular Classic MLB draft group after excluding Turbo/Night/qualifier/satellite/showdown/snake/single-stat slates.,OF,Wilyer Abreu (44334093),Wilyer Abreu,44334093,OF,4800,BOS@NYY 09/30/2026 08:00PM ET,09/30/2026 08:00PM ET,BOS,NYY,away,7.7,,,needs_review_new_player,identity_name_team_map,No reviewed normalized-name/team identity alias; do not auto-guess.
2026-09-30,2026-09-30T18:31:55.898422+00:00,2026-09-30,DraftKings official lineup CSV,https://www.draftkings.com/lineup/getavailableplayerscsv?contestTypeId=9&draftGroupId=154199,154199,9,Selected largest-prize regular Classic MLB draft group after excluding Turbo/Night/qualifier/satellite/showdown/snake/single-stat slates.,SS,Jeremy Pena (44334056),Jeremy Pena,44334056,SS,4700,CWS@HOU 09/30/2026 05:00PM ET,09/30/2026 05:00PM ET,HOU,CWS,home,8.7,665161,Jeremy Peña,mapped,identity_name_team_map,Stable identity seed from old DK-ID map. Pilot join status: matched via normalized_name_team
2026-09-30,2026-09-30T18:31:55.898422+00:00,2026-09-30,DraftKings official lineup CSV,https://www.draftkings.com/lineup/getavailableplayerscsv?contestTypeId=9&draftGroupId=154199,154199,9,Selected largest-prize regular Classic MLB draft group after excluding Turbo/Night/qualifier/satellite/showdown/snake/single-stat slates.,1B,Willson Contreras (44334009),Willson Contreras,44334009,1B,4600,BOS@NYY 09/30/2026 08:00PM ET,09/30/2026 08:00PM ET,BOS,NYY,away,8.4,,,needs_review_new_player,identity_name_team_map,No reviewed normalized-name/team identity alias; do not auto-guess.
2026-09-30,2026-09-30T18:31:55.898422+00:00,2026-09-30,DraftKings official lineup CSV,https://www.draftkings.com/lineup/getavailableplayerscsv?contestTypeId=9&draftGroupId=154199,154199,9,Selected largest-prize regular Classic MLB draft group after excluding Turbo/Night/qualifier/satellite/showdown/snake/single-stat slates.,1B,Luis Garcia Jr. (44334076),Luis Garcia Jr.,44334076,1B,4600,BOS@NYY 09/30/2026 08:00PM ET,09/30/2026 08:00PM ET,NYY,BOS,home,7.5,671277,Luis García Jr.,needs_review_team_change,identity_name_unique_mlbam,Name maps to one reviewed MLBAM identity but not this DK team; review as team-change/new alias before trusting automation.
2026-09-30,2026-09-30T18:31:55.898422+00:00,2026-09-30,DraftKings official lineup CSV,https://www.draftkings.com/lineup/getavailableplayerscsv?contestTypeId=9&draftGroupId=154199,154199,9,Selected largest-prize regular Classic MLB draft group after excluding Turbo/Night/qualifier/satellite/showdown/snake/single-stat slates.,3B,Isaac Paredes (44334072),Isaac Paredes,44334072,3B,4400,CWS@HOU 09/30/2026 05:00PM ET,09/30/2026 05:00PM ET,HOU,CWS,home,7.6,670623,Isaac Paredes,mapped,identity_name_team_map,Stable identity seed from old DK-ID map. Pilot join status: matched via normalized_name_team
2026-09-30,2026-09-30T18:31:55.898422+00:00,2026-09-30,DraftKings official lineup CSV,https://www.draftkings.com/lineup/getavailableplayerscsv?contestTypeId=9&draftGroupId=154199,154199,9,Selected largest-prize regular Classic MLB draft group after excluding Turbo/Night/qualifier/satellite/showdown/snake/single-stat slates.,2B,Jazz Chisholm Jr. (44334071),Jazz Chisholm Jr.,44334071,2B,4300,BOS@NYY 09/30/2026 08:00PM ET,09/30/2026 08:00PM ET,NYY,BOS,home,7.9,,,needs_review_new_player,identity_name_team_map,No reviewed normalized-name/team identity alias; do not auto-guess.
2026-09-30,2026-09-30T18:31:55.898422+00:00,2026-09-30,DraftKings official lineup CSV,https://www.draftkings.com/lineup/getavailableplayerscsv?contestTypeId=9&draftGroupId=154199,154199,9,Selected largest-prize regular Classic MLB draft group after excluding Turbo/Night/qualifier/satellite/showdown/snake/single-stat slates.,2B,Jose Altuve (44334005),Jose Altuve,44334005,2B,4100,CWS@HOU 09/30/2026 05:00PM ET,09/30/2026 05:00PM ET,HOU,CWS,home,6.7,514888,Jose Altuve,mapped,identity_name_team_map,Stable identity seed from old DK-ID map. Pilot join status: matched via normalized_name_team
2026-09-30,2026-09-30T18:31:55.898422+00:00,2026-09-30,DraftKings official lineup CSV,https://www.draftkings.com/lineup/getavailableplayerscsv?contestTypeId=9&draftGroupId=154199,154199,9,Selected largest-prize regular Classic MLB draft group after excluding Turbo/Night/qualifier/satellite/showdown/snake/single-stat slates.,OF,Cody Bellinger (44334029),Cody Bellinger,44334029,OF,4100,BOS@NYY 09/30/2026 08:00PM ET,09/30/2026 08:00PM ET,NYY,BOS,home,7.9,,,needs_review_new_player,identity_name_team_map,No reviewed normalized-name/team identity alias; do not auto-guess.
2026-09-30,2026-09-30T18:31:55.898422+00:00,2026-09-30,DraftKings official lineup CSV,https://www.draftkings.com/lineup/getavailableplayerscsv?contestTypeId=9&draftGroupId=154199,154199,9,Selected largest-prize regular Classic MLB draft group after excluding Turbo/Night/qualifier/satellite/showdown/snake/single-stat slates.,RP,Fernando Cruz (44334000),Fernando Cruz,44334000,P,4000,BOS@NYY 09/30/2026 08:00PM ET,09/30/2026 08:00PM ET,NYY,BOS,home,3.1,,,needs_review_new_player,identity_name_team_map,No reviewed normalized-name/team identity alias; do not auto-guess.
2026-09-30,2026-09-30T18:31:55.898422+00:00,2026-09-30,DraftKings official lineup CSV,https://www.draftkings.com/lineup/getavailableplayerscsv?contestTypeId=9&draftGroupId=154199,154199,9,Selected largest-prize regular Classic MLB draft group after excluding Turbo/Night/qualifier/satellite/showdown/snake/single-stat slates.,RP,Aroldis Chapman (44334010),Aroldis Chapman,44334010,P,4000,BOS@NYY 09/30/2026 08:00PM ET,09/30/2026 08:00PM ET,BOS,NYY,away,4,,,needs_review_new_player,identity_name_team_map,No reviewed normalized-name/team identity alias; do not auto-guess.
2026-09-30,2026-09-30T18:31:55.898422+00:00,2026-09-30,DraftKings official lineup CSV,https://www.draftkings.com/lineup/getavailableplayerscsv?contestTypeId=9&draftGroupId=154199,154199,9,Selected largest-prize regular Classic MLB draft group after excluding Turbo/Night/qualifier/satellite/showdown/snake/single-stat slates.,RP,Steven Okert (44334012),Steven Okert,44334012,P,4000,CWS@HOU 09/30/2026 05:00PM ET,09/30/2026 05:00PM ET,HOU,CWS,home,3.6,595345,Steven Okert,mapped,identity_name_team_map,Stable identity seed from old DK-ID map. Pilot join status: matched via normalized_name_team
2026-09-30,2026-09-30T18:31:55.898422+00:00,2026-09-30,DraftKings official lineup CSV,https://www.draftkings.com/lineup/getavailableplayerscsv?contestTypeId=9&draftGroupId=154199,154199,9,Selected largest-prize regular Classic MLB draft group after excluding Turbo/Night/qualifier/satellite/showdown/snake/single-stat slates.,RP,Tyron Guerrero (44334013),Tyron Guerrero,44334013,P,4000,BOS@NYY 09/30/2026 08:00PM ET,09/30/2026 08:00PM ET,BOS,NYY,away,3,,,needs_review_new_player,identity_name_team_map,No reviewed normalized-name/team identity alias; do not auto-guess.
2026-09-30,2026-09-30T18:31:55.898422+00:00,2026-09-30,DraftKings official lineup CSV,https://www.draftkings.com/lineup/getavailableplayerscsv?contestTypeId=9&draftGroupId=154199,154199,9,Selected largest-prize regular Classic MLB draft group after excluding Turbo/Night/qualifier/satellite/showdown/snake/single-stat slates.,RP,Michael Fulmer (44334014),Michael Fulmer,44334014,P,4000,BOS@NYY 09/30/2026 08:00PM ET,09/30/2026 08:00PM ET,NYY,BOS,home,3,,,needs_review_new_player,identity_name_team_map,No reviewed normalized-name/team identity alias; do not auto-guess.
2026-09-30,2026-09-30T18:31:55.898422+00:00,2026-09-30,DraftKings official lineup CSV,https://www.draftkings.com/lineup/getavailableplayerscsv?contestTypeId=9&draftGroupId=154199,154199,9,Selected largest-prize regular Classic MLB draft group after excluding Turbo/Night/qualifier/satellite/showdown/snake/single-stat slates.,RP,Huascar Brazoban (44334019),Huascar Brazoban,44334019,P,4000,CWS@HOU 09/30/2026 05:00PM ET,09/30/2026 05:00PM ET,CWS,HOU,away,3.3,623211,Huascar Brazobán,needs_review_team_change,identity_name_unique_mlbam,Name maps to one reviewed MLBAM identity but not this DK team; review as team-change/new alias before trusting automation.
2026-09-30,2026-09-30T18:31:55.898422+00:00,2026-09-30,DraftKings official lineup CSV,https://www.draftkings.com/lineup/getavailableplayerscsv?contestTypeId=9&draftGroupId=154199,154199,9,Selected largest-prize regular Classic MLB draft group after excluding Turbo/Night/qualifier/satellite/showdown/snake/single-stat slates.,RP,Paul Blackburn (44334022),Paul Blackburn,44334022,P,4000,BOS@NYY 09/30/2026 08:00PM ET,09/30/2026 08:00PM ET,NYY,BOS,home,4.3,,,needs_review_new_player,identity_name_team_map,No reviewed normalized-name/team identity alias; do not auto-guess.
2026-09-30,2026-09-30T18:31:55.898422+00:00,2026-09-30,DraftKings official lineup CSV,https://www.draftkings.com/lineup/getavailableplayerscsv?contestTypeId=9&draftGroupId=154199,154199,9,Selected largest-prize regular Classic MLB draft group after excluding Turbo/Night/qualifier/satellite/showdown/snake/single-stat slates.,RP,Josh Hader (44334023),Josh Hader,44334023,P,4000,CWS@HOU 09/30/2026 05:00PM ET,09/30/2026 05:00PM ET,HOU,CWS,home,4.3,623352,Josh Hader,mapped,identity_name_team_map,Stable identity seed from old DK-ID map. Pilot join status: matched via normalized_name_team
2026-09-30,2026-09-30T18:31:55.898422+00:00,2026-09-30,DraftKings official lineup CSV,https://www.draftkings.com/lineup/getavailableplayerscsv?contestTypeId=9&draftGroupId=154199,154199,9,Selected largest-prize regular Classic MLB draft group after excluding Turbo/Night/qualifier/satellite/showdown/snake/single-stat slates.,RP,Sean Newcomb (44334025),Sean Newcomb,44334025,P,4000,CWS@HOU 09/30/2026 05:00PM ET,09/30/2026 05:00PM ET,CWS,HOU,away,4,656794,Sean Newcomb,mapped,identity_name_team_map,Stable identity seed from old DK-ID map. Pilot join status: matched via normalized_name_team
2026-09-30,2026-09-30T18:31:55.898422+00:00,2026-09-30,DraftKings official lineup CSV,https://www.draftkings.com/lineup/getavailableplayerscsv?contestTypeId=9&draftGroupId=154199,154199,9,Selected largest-prize regular Classic MLB draft group after excluding Turbo/Night/qualifier/satellite/showdown/snake/single-stat slates.,RP,Ryan Yarbrough (44334033),Ryan Yarbrough,44334033,P,4000,BOS@NYY 09/30/2026 08:00PM ET,09/30/2026 08:00PM ET,NYY,BOS,home,3.6,,,needs_review_new_player,identity_name_team_map,No reviewed normalized-name/team identity alias; do not auto-guess.
2026-09-30,2026-09-30T18:31:55.898422+00:00,2026-09-30,DraftKings official lineup CSV,https://www.draftkings.com/lineup/getavailableplayerscsv?contestTypeId=9&draftGroupId=154199,154199,9,Selected largest-prize regular Classic MLB draft group after excluding Turbo/Night/qualifier/satellite/showdown/snake/single-stat slates.,RP,Bryan Abreu (44334037),Bryan Abreu,44334037,P,4000,CWS@HOU 09/30/2026 05:00PM ET,09/30/2026 05:00PM ET,HOU,CWS,home,3.3,650556,Bryan Abreu,mapped,identity_name_team_map,Stable identity seed from old DK-ID map. Pilot join status: matched via normalized_name_team
2026-09-30,2026-09-30T18:31:55.898422+00:00,2026-09-30,DraftKings official lineup CSV,https://www.draftkings.com/lineup/getavailableplayerscsv?contestTypeId=9&draftGroupId=154199,154199,9,Selected largest-prize regular Classic MLB draft group after excluding Turbo/Night/qualifier/satellite/showdown/snake/single-stat slates.,SP,Tanner Houck (44334038),Tanner Houck,44334038,P,4000,BOS@NYY 09/30/2026 08:00PM ET,09/30/2026 08:00PM ET,BOS,NYY,away,0.4,,,needs_review_new_player,identity_name_team_map,No reviewed normalized-name/team identity alias; do not auto-guess.
2026-09-30,2026-09-30T18:31:55.898422+00:00,2026-09-30,DraftKings official lineup CSV,https://www.draftkings.com/lineup/getavailableplayerscsv?contestTypeId=9&draftGroupId=154199,154199,9,Selected largest-prize regular Classic MLB draft group after excluding Turbo/Night/qualifier/satellite/showdown/snake/single-stat slates.,RP,Tim Hill (44334039),Tim Hill,44334039,P,4000,BOS@NYY 09/30/2026 08:00PM ET,09/30/2026 08:00PM ET,NYY,BOS,home,1.5,,,needs_review_new_player,identity_name_team_map,No reviewed normalized-name/team identity alias; do not auto-guess.
2026-09-30,2026-09-30T18:31:55.898422+00:00,2026-09-30,DraftKings official lineup CSV,https://www.draftkings.com/lineup/getavailableplayerscsv?contestTypeId=9&draftGroupId=154199,154199,9,Selected largest-prize regular Classic MLB draft group after excluding Turbo/Night/qualifier/satellite/showdown/snake/single-stat slates.,RP,Yerry de los Santos (44334044),Yerry de los Santos,44334044,P,4000,BOS@NYY 09/30/2026 08:00PM ET,09/30/2026 08:00PM ET,NYY,BOS,home,3.8,,,needs_review_new_player,identity_name_team_map,No reviewed normalized-name/team identity alias; do not auto-guess.
2026-09-30,2026-09-30T18:31:55.898422+00:00,2026-09-30,DraftKings official lineup CSV,https://www.draftkings.com/lineup/getavailableplayerscsv?contestTypeId=9&draftGroupId=154199,154199,9,Selected largest-prize regular Classic MLB draft group after excluding Turbo/Night/qualifier/satellite/showdown/snake/single-stat slates.,RP,Bryan Hudson (44334051),Bryan Hudson,44334051,P,4000,CWS@HOU 09/30/2026 05:00PM ET,09/30/2026 05:00PM ET,CWS,HOU,away,2.6,663542,Bryan Hudson,mapped,identity_name_team_map,Stable identity seed from old DK-ID map. Pilot join status: matched via normalized_name_team
2026-09-30,2026-09-30T18:31:55.898422+00:00,2026-09-30,DraftKings official lineup CSV,https://www.draftkings.com/lineup/getavailableplayerscsv?contestTypeId=9&draftGroupId=154199,154199,9,Selected largest-prize regular Classic MLB draft group after excluding Turbo/Night/qualifier/satellite/showdown/snake/single-stat slates.,RP,Jordan Hicks (44334052),Jordan Hicks,44334052,P,4000,CWS@HOU 09/30/2026 05:00PM ET,09/30/2026 05:00PM ET,CWS,HOU,away,3.1,663855,Jordan Hicks,mapped,identity_name_team_map,Stable identity seed from old DK-ID map. Pilot join status: matched via normalized_name_team
2026-09-30,2026-09-30T18:31:55.898422+00:00,2026-09-30,DraftKings official lineup CSV,https://www.draftkings.com/lineup/getavailableplayerscsv?contestTypeId=9&draftGroupId=154199,154199,9,Selected largest-prize regular Classic MLB draft group after excluding Turbo/Night/qualifier/satellite/showdown/snake/single-stat slates.,RP,Jovani Moran (44334053),Jovani Moran,44334053,P,4000,BOS@NYY 09/30/2026 08:00PM ET,09/30/2026 08:00PM ET,BOS,NYY,away,4.2,,,needs_review_new_player,identity_name_team_map,No reviewed normalized-name/team identity alias; do not auto-guess.
2026-09-30,2026-09-30T18:31:55.898422+00:00,2026-09-30,DraftKings official lineup CSV,https://www.draftkings.com/lineup/getavailableplayerscsv?contestTypeId=9&draftGroupId=154199,154199,9,Selected largest-prize regular Classic MLB draft group after excluding Turbo/Night/qualifier/satellite/showdown/snake/single-stat slates.,RP,Enyel De Los Santos (44334057),Enyel De Los Santos,44334057,P,4000,CWS@HOU 09/30/2026 05:00PM ET,09/30/2026 05:00PM ET,HOU,CWS,home,2.6,660853,Enyel De Los Santos,mapped,identity_name_team_map,Stable identity seed from old DK-ID map. Pilot join status: matched via normalized_name_team
2026-09-30,2026-09-30T18:31:55.898422+00:00,2026-09-30,DraftKings official lineup CSV,https://www.draftkings.com/lineup/getavailableplayerscsv?contestTypeId=9&draftGroupId=154199,154199,9,Selected largest-prize regular Classic MLB draft group after excluding Turbo/Night/qualifier/satellite/showdown/snake/single-stat slates.,RP,Bennett Sousa (44334060),Bennett Sousa,44334060,P,4000,CWS@HOU 09/30/2026 05:00PM ET,09/30/2026 05:00PM ET,HOU,CWS,home,1.8,656986,Bennett Sousa,mapped,identity_name_team_map,Stable identity seed from old DK-ID map. Pilot join status: matched via normalized_name_team
2026-09-30,2026-09-30T18:31:55.898422+00:00,2026-09-30,DraftKings official lineup CSV,https://www.draftkings.com/lineup/getavailableplayerscsv?contestTypeId=9&draftGroupId=154199,154199,9,Selected largest-prize regular Classic MLB draft group after excluding Turbo/Night/qualifier/satellite/showdown/snake/single-stat slates.,RP,David Bednar (44334062),David Bednar,44334062,P,4000,BOS@NYY 09/30/2026 08:00PM ET,09/30/2026 08:00PM ET,NYY,BOS,home,4,,,needs_review_new_player,identity_name_team_map,No reviewed normalized-name/team identity alias; do not auto-guess.
2026-09-30,2026-09-30T18:31:55.898422+00:00,2026-09-30,DraftKings official lineup CSV,https://www.draftkings.com/lineup/getavailableplayerscsv?contestTypeId=9&draftGroupId=154199,154199,9,Selected largest-prize regular Classic MLB draft group after excluding Turbo/Night/qualifier/satellite/showdown/snake/single-stat slates.,RP,Kervin Castro (44334063),Kervin Castro,44334063,P,4000,BOS@NYY 09/30/2026 08:00PM ET,09/30/2026 08:00PM ET,NYY,BOS,home,5.1,,,needs_review_new_player,identity_name_team_map,No reviewed normalized-name/team identity alias; do not auto-guess.
2026-09-30,2026-09-30T18:31:55.898422+00:00,2026-09-30,DraftKings official lineup CSV,https://www.draftkings.com/lineup/getavailableplayerscsv?contestTypeId=9&draftGroupId=154199,154199,9,Selected largest-prize regular Classic MLB draft group after excluding Turbo/Night/qualifier/satellite/showdown/snake/single-stat slates.,RP,John Schreiber (44334065),John Schreiber,44334065,P,4000,BOS@NYY 09/30/2026 08:00PM ET,09/30/2026 08:00PM ET,NYY,BOS,home,2.1,670167,John Schreiber,needs_review_team_change,identity_name_unique_mlbam,Name maps to one reviewed MLBAM identity but not this DK team; review as team-change/new alias before trusting automation.
2026-09-30,2026-09-30T18:31:55.898422+00:00,2026-09-30,DraftKings official lineup CSV,https://www.draftkings.com/lineup/getavailableplayerscsv?contestTypeId=9&draftGroupId=154199,154199,9,Selected largest-prize regular Classic MLB draft group after excluding Turbo/Night/qualifier/satellite/showdown/snake/single-stat slates.,RP,Raymond Burgos (44334066),Raymond Burgos,44334066,P,4000,BOS@NYY 09/30/2026 08:00PM ET,09/30/2026 08:00PM ET,BOS,NYY,away,5.5,,,needs_review_new_player,identity_name_team_map,No reviewed normalized-name/team identity alias; do not auto-guess.
2026-09-30,2026-09-30T18:31:55.898422+00:00,2026-09-30,DraftKings official lineup CSV,https://www.draftkings.com/lineup/getavailableplayerscsv?contestTypeId=9&draftGroupId=154199,154199,9,Selected largest-prize regular Classic MLB draft group after excluding Turbo/Night/qualifier/satellite/showdown/snake/single-stat slates.,RP,Greg Weissert (44334067),Greg Weissert,44334067,P,4000,BOS@NYY 09/30/2026 08:00PM ET,09/30/2026 08:00PM ET,BOS,NYY,away,2.9,,,needs_review_new_player,identity_name_team_map,No reviewed normalized-name/team identity alias; do not auto-guess.
2026-09-30,2026-09-30T18:31:55.898422+00:00,2026-09-30,DraftKings official lineup CSV,https://www.draftkings.com/lineup/getavailableplayerscsv?contestTypeId=9&draftGroupId=154199,154199,9,Selected largest-prize regular Classic MLB draft group after excluding Turbo/Night/qualifier/satellite/showdown/snake/single-stat slates.,RP,Trevor Richards (44334073),Trevor Richards,44334073,P,4000,CWS@HOU 09/30/2026 05:00PM ET,09/30/2026 05:00PM ET,CWS,HOU,away,3.8,670950,Trevor Richards,mapped,identity_name_team_map,Stable identity seed from old DK-ID map. Pilot join status: matched via normalized_name_team
2026-09-30,2026-09-30T18:31:55.898422+00:00,2026-09-30,DraftKings official lineup CSV,https://www.draftkings.com/lineup/getavailableplayerscsv?contestTypeId=9&draftGroupId=154199,154199,9,Selected largest-prize regular Classic MLB draft group after excluding Turbo/Night/qualifier/satellite/showdown/snake/single-stat slates.,RP,Garrett Whitlock (44334079),Garrett Whitlock,44334079,P,4000,BOS@NYY 09/30/2026 08:00PM ET,09/30/2026 08:00PM ET,BOS,NYY,away,4,,,needs_review_new_player,identity_name_team_map,No reviewed normalized-name/team identity alias; do not auto-guess.
2026-09-30,2026-09-30T18:31:55.898422+00:00,2026-09-30,DraftKings official lineup CSV,https://www.draftkings.com/lineup/getavailableplayerscsv?contestTypeId=9&draftGroupId=154199,154199,9,Selected largest-prize regular Classic MLB draft group after excluding Turbo/Night/qualifier/satellite/showdown/snake/single-stat slates.,RP,Zack Kelly (44334092),Zack Kelly,44334092,P,4000,BOS@NYY 09/30/2026 08:00PM ET,09/30/2026 08:00PM ET,BOS,NYY,away,2.2,,,needs_review_new_player,identity_name_team_map,No reviewed normalized-name/team identity alias; do not auto-guess.
2026-09-30,2026-09-30T18:31:55.898422+00:00,2026-09-30,DraftKings official lineup CSV,https://www.draftkings.com/lineup/getavailableplayerscsv?contestTypeId=9&draftGroupId=154199,154199,9,Selected largest-prize regular Classic MLB draft group after excluding Turbo/Night/qualifier/satellite/showdown/snake/single-stat slates.,RP,Prelander Berroa (44334094),Prelander Berroa,44334094,P,4000,CWS@HOU 09/30/2026 05:00PM ET,09/30/2026 05:00PM ET,CWS,HOU,away,0,672860,Prelander Berroa,mapped,identity_name_team_map,Stable identity seed from old DK-ID map. Pilot join status: matched_people_search_name via mlb_people_search_normalized_name
2026-09-30,2026-09-30T18:31:55.898422+00:00,2026-09-30,DraftKings official lineup CSV,https://www.draftkings.com/lineup/getavailableplayerscsv?contestTypeId=9&draftGroupId=154199,154199,9,Selected largest-prize regular Classic MLB draft group after excluding Turbo/Night/qualifier/satellite/showdown/snake/single-stat slates.,RP,Chris Murphy (44334097),Chris Murphy,44334097,P,4000,CWS@HOU 09/30/2026 05:00PM ET,09/30/2026 05:00PM ET,CWS,HOU,away,2.7,669684,Chris Murphy,mapped,identity_name_team_map,Stable identity seed from old DK-ID map. Pilot join status: matched via normalized_name_team
2026-09-30,2026-09-30T18:31:55.898422+00:00,2026-09-30,DraftKings official lineup CSV,https://www.draftkings.com/lineup/getavailableplayerscsv?contestTypeId=9&draftGroupId=154199,154199,9,Selected largest-prize regular Classic MLB draft group after excluding Turbo/Night/qualifier/satellite/showdown/snake/single-stat slates.,RP,Joe La Sorsa (44334099),Joe La Sorsa,44334099,P,4000,BOS@NYY 09/30/2026 08:00PM ET,09/30/2026 08:00PM ET,BOS,NYY,away,0.2,,,needs_review_new_player,identity_name_team_map,No reviewed normalized-name/team identity alias; do not auto-guess.
2026-09-30,2026-09-30T18:31:55.898422+00:00,2026-09-30,DraftKings official lineup CSV,https://www.draftkings.com/lineup/getavailableplayerscsv?contestTypeId=9&draftGroupId=154199,154199,9,Selected largest-prize regular Classic MLB draft group after excluding Turbo/Night/qualifier/satellite/showdown/snake/single-stat slates.,RP,Josh Hendrickson (44334113),Josh Hendrickson,44334113,P,4000,CWS@HOU 09/30/2026 05:00PM ET,09/30/2026 05:00PM ET,HOU,CWS,home,2.5,,,needs_review_new_player,identity_name_team_map,No reviewed normalized-name/team identity alias; do not auto-guess.
2026-09-30,2026-09-30T18:31:55.898422+00:00,2026-09-30,DraftKings official lineup CSV,https://www.draftkings.com/lineup/getavailableplayerscsv?contestTypeId=9&draftGroupId=154199,154199,9,Selected largest-prize regular Classic MLB draft group after excluding Turbo/Night/qualifier/satellite/showdown/snake/single-stat slates.,SP,Ky Bush (44334115),Ky Bush,44334115,P,4000,CWS@HOU 09/30/2026 05:00PM ET,09/30/2026 05:00PM ET,CWS,HOU,away,0,681066,Ky Bush,mapped,identity_name_team_map,Stable identity seed from old DK-ID map. Pilot join status: matched_people_search_name via mlb_people_search_normalized_name
2026-09-30,2026-09-30T18:31:55.898422+00:00,2026-09-30,DraftKings official lineup CSV,https://www.draftkings.com/lineup/getavailableplayerscsv?contestTypeId=9&draftGroupId=154199,154199,9,Selected largest-prize regular Classic MLB draft group after excluding Turbo/Night/qualifier/satellite/showdown/snake/single-stat slates.,RP,Erik Miller (44334121),Erik Miller,44334121,P,4000,BOS@NYY 09/30/2026 08:00PM ET,09/30/2026 08:00PM ET,BOS,NYY,away,3.4,669062,Erik Miller,needs_review_team_change,identity_name_unique_mlbam,Name maps to one reviewed MLBAM identity but not this DK team; review as team-change/new alias before trusting automation.
2026-09-30,2026-09-30T18:31:55.898422+00:00,2026-09-30,DraftKings official lineup CSV,https://www.draftkings.com/lineup/getavailableplayerscsv?contestTypeId=9&draftGroupId=154199,154199,9,Selected largest-prize regular Classic MLB draft group after excluding Turbo/Night/qualifier/satellite/showdown/snake/single-stat slates.,RP,Justin Slaten (44334123),Justin Slaten,44334123,P,4000,BOS@NYY 09/30/2026 08:00PM ET,09/30/2026 08:00PM ET,BOS,NYY,away,2.7,,,needs_review_new_player,identity_name_team_map,No reviewed normalized-name/team identity alias; do not auto-guess.
2026-09-30,2026-09-30T18:31:55.898422+00:00,2026-09-30,DraftKings official lineup CSV,https://www.draftkings.com/lineup/getavailableplayerscsv?contestTypeId=9&draftGroupId=154199,154199,9,Selected largest-prize regular Classic MLB draft group after excluding Turbo/Night/qualifier/satellite/showdown/snake/single-stat slates.,RP,Brent Headrick (44334125),Brent Headrick,44334125,P,4000,BOS@NYY 09/30/2026 08:00PM ET,09/30/2026 08:00PM ET,NYY,BOS,home,3.8,,,needs_review_new_player,identity_name_team_map,No reviewed normalized-name/team identity alias; do not auto-guess.
2026-09-30,2026-09-30T18:31:55.898422+00:00,2026-09-30,DraftKings official lineup CSV,https://www.draftkings.com/lineup/getavailableplayerscsv?contestTypeId=9&draftGroupId=154199,154199,9,Selected largest-prize regular Classic MLB draft group after excluding Turbo/Night/qualifier/satellite/showdown/snake/single-stat slates.,RP,Alec Gamboa (44334126),Alec Gamboa,44334126,P,4000,BOS@NYY 09/30/2026 08:00PM ET,09/30/2026 08:00PM ET,BOS,NYY,away,3.7,,,needs_review_new_player,identity_name_team_map,No reviewed normalized-name/team identity alias; do not auto-guess.
2026-09-30,2026-09-30T18:31:55.898422+00:00,2026-09-30,DraftKings official lineup CSV,https://www.draftkings.com/lineup/getavailableplayerscsv?contestTypeId=9&draftGroupId=154199,154199,9,Selected largest-prize regular Classic MLB draft group after excluding Turbo/Night/qualifier/satellite/showdown/snake/single-stat slates.,RP,Bradley Hanner (44334129),Bradley Hanner,44334129,P,4000,BOS@NYY 09/30/2026 08:00PM ET,09/30/2026 08:00PM ET,NYY,BOS,home,2.7,,,needs_review_new_player,identity_name_team_map,No reviewed normalized-name/team identity alias; do not auto-guess.
2026-09-30,2026-09-30T18:31:55.898422+00:00,2026-09-30,DraftKings official lineup CSV,https://www.draftkings.com/lineup/getavailableplayerscsv?contestTypeId=9&draftGroupId=154199,154199,9,Selected largest-prize regular Classic MLB draft group after excluding Turbo/Night/qualifier/satellite/showdown/snake/single-stat slates.,RP,Bryan King (44334131),Bryan King,44334131,P,4000,CWS@HOU 09/30/2026 05:00PM ET,09/30/2026 05:00PM ET,HOU,CWS,home,1.9,687911,Bryan King,mapped,identity_name_team_map,Stable identity seed from old DK-ID map. Pilot join status: matched via normalized_name_team
2026-09-30,2026-09-30T18:31:55.898422+00:00,2026-09-30,DraftKings official lineup CSV,https://www.draftkings.com/lineup/getavailableplayerscsv?contestTypeId=9&draftGroupId=154199,154199,9,Selected largest-prize regular Classic MLB draft group after excluding Turbo/Night/qualifier/satellite/showdown/snake/single-stat slates.,RP,Mike Vasil (44334136),Mike Vasil,44334136,P,4000,CWS@HOU 09/30/2026 05:00PM ET,09/30/2026 05:00PM ET,CWS,HOU,away,0,678024,Mike Vasil,mapped,identity_name_team_map,Stable identity seed from old DK-ID map. Pilot join status: matched_people_search_name via mlb_people_search_normalized_name
2026-09-30,2026-09-30T18:31:55.898422+00:00,2026-09-30,DraftKings official lineup CSV,https://www.draftkings.com/lineup/getavailableplayerscsv?contestTypeId=9&draftGroupId=154199,154199,9,Selected largest-prize regular Classic MLB draft group after excluding Turbo/Night/qualifier/satellite/showdown/snake/single-stat slates.,RP,Alexander Cornielle (44334142),Alexander Cornielle,44334142,P,4000,BOS@NYY 09/30/2026 08:00PM ET,09/30/2026 08:00PM ET,NYY,BOS,home,-0.2,,,needs_review_new_player,identity_name_team_map,No reviewed normalized-name/team identity alias; do not auto-guess.
2026-09-30,2026-09-30T18:31:55.898422+00:00,2026-09-30,DraftKings official lineup CSV,https://www.draftkings.com/lineup/getavailableplayerscsv?contestTypeId=9&draftGroupId=154199,154199,9,Selected largest-prize regular Classic MLB draft group after excluding Turbo/Night/qualifier/satellite/showdown/snake/single-stat slates.,RP,Hagen Smith (44334146),Hagen Smith,44334146,P,4000,CWS@HOU 09/30/2026 05:00PM ET,09/30/2026 05:00PM ET,CWS,HOU,away,7.4,,,needs_review_new_player,identity_name_team_map,No reviewed normalized-name/team identity alias; do not auto-guess.
2026-09-30,2026-09-30T18:31:55.898422+00:00,2026-09-30,DraftKings official lineup CSV,https://www.draftkings.com/lineup/getavailableplayerscsv?contestTypeId=9&draftGroupId=154199,154199,9,Selected largest-prize regular Classic MLB draft group after excluding Turbo/Night/qualifier/satellite/showdown/snake/single-stat slates.,RP,Brendan Beck (44334149),Brendan Beck,44334149,P,4000,BOS@NYY 09/30/2026 08:00PM ET,09/30/2026 08:00PM ET,NYY,BOS,home,3.5,,,needs_review_new_player,identity_name_team_map,No reviewed normalized-name/team identity alias; do not auto-guess.
2026-09-30,2026-09-30T18:31:55.898422+00:00,2026-09-30,DraftKings official lineup CSV,https://www.draftkings.com/lineup/getavailableplayerscsv?contestTypeId=9&draftGroupId=154199,154199,9,Selected largest-prize regular Classic MLB draft group after excluding Turbo/Night/qualifier/satellite/showdown/snake/single-stat slates.,RP,Tanner McDougal (44334150),Tanner McDougal,44334150,P,4000,CWS@HOU 09/30/2026 05:00PM ET,09/30/2026 05:00PM ET,CWS,HOU,away,-3.7,701780,Tanner McDougal,mapped,identity_name_team_map,Stable identity seed from old DK-ID map. Pilot join status: matched_people_search_name via mlb_people_search_normalized_name
2026-09-30,2026-09-30T18:31:55.898422+00:00,2026-09-30,DraftKings official lineup CSV,https://www.draftkings.com/lineup/getavailableplayerscsv?contestTypeId=9&draftGroupId=154199,154199,9,Selected largest-prize regular Classic MLB draft group after excluding Turbo/Night/qualifier/satellite/showdown/snake/single-stat slates.,RP,Wyatt Olds (44334151),Wyatt Olds,44334151,P,4000,BOS@NYY 09/30/2026 08:00PM ET,09/30/2026 08:00PM ET,BOS,NYY,away,4.1,,,needs_review_new_player,identity_name_team_map,No reviewed normalized-name/team identity alias; do not auto-guess.
2026-09-30,2026-09-30T18:31:55.898422+00:00,2026-09-30,DraftKings official lineup CSV,https://www.draftkings.com/lineup/getavailableplayerscsv?contestTypeId=9&draftGroupId=154199,154199,9,Selected largest-prize regular Classic MLB draft group after excluding Turbo/Night/qualifier/satellite/showdown/snake/single-stat slates.,RP,Tyler Samaniego (44334158),Tyler Samaniego,44334158,P,4000,BOS@NYY 09/30/2026 08:00PM ET,09/30/2026 08:00PM ET,BOS,NYY,away,2.4,,,needs_review_new_player,identity_name_team_map,No reviewed normalized-name/team identity alias; do not auto-guess.
2026-09-30,2026-09-30T18:31:55.898422+00:00,2026-09-30,DraftKings official lineup CSV,https://www.draftkings.com/lineup/getavailableplayerscsv?contestTypeId=9&draftGroupId=154199,154199,9,Selected largest-prize regular Classic MLB draft group after excluding Turbo/Night/qualifier/satellite/showdown/snake/single-stat slates.,RP,Jordan Leasure (44334160),Jordan Leasure,44334160,P,4000,CWS@HOU 09/30/2026 05:00PM ET,09/30/2026 05:00PM ET,CWS,HOU,away,2.6,673929,Jordan Leasure,mapped,identity_name_team_map,Stable identity seed from old DK-ID map. Pilot join status: matched via normalized_name_team
2026-09-30,2026-09-30T18:31:55.898422+00:00,2026-09-30,DraftKings official lineup CSV,https://www.draftkings.com/lineup/getavailableplayerscsv?contestTypeId=9&draftGroupId=154199,154199,9,Selected largest-prize regular Classic MLB draft group after excluding Turbo/Night/qualifier/satellite/showdown/snake/single-stat slates.,RP,Angel Chivilli (44334167),Angel Chivilli,44334167,P,4000,BOS@NYY 09/30/2026 08:00PM ET,09/30/2026 08:00PM ET,NYY,BOS,home,3.1,,,needs_review_new_player,identity_name_team_map,No reviewed normalized-name/team identity alias; do not auto-guess.
2026-09-30,2026-09-30T18:31:55.898422+00:00,2026-09-30,DraftKings official lineup CSV,https://www.draftkings.com/lineup/getavailableplayerscsv?contestTypeId=9&draftGroupId=154199,154199,9,Selected largest-prize regular Classic MLB draft group after excluding Turbo/Night/qualifier/satellite/showdown/snake/single-stat slates.,SP,Drew Thorpe (44334170),Drew Thorpe,44334170,P,4000,CWS@HOU 09/30/2026 05:00PM ET,09/30/2026 05:00PM ET,CWS,HOU,away,0,689672,Drew Thorpe,mapped,identity_name_team_map,Stable identity seed from old DK-ID map. Pilot join status: matched_people_search_name via mlb_people_search_normalized_name
2026-09-30,2026-09-30T18:31:55.898422+00:00,2026-09-30,DraftKings official lineup CSV,https://www.draftkings.com/lineup/getavailableplayerscsv?contestTypeId=9&draftGroupId=154199,154199,9,Selected largest-prize regular Classic MLB draft group after excluding Turbo/Night/qualifier/satellite/showdown/snake/single-stat slates.,RP,Tyler Schweitzer (44334173),Tyler Schweitzer,44334173,P,4000,CWS@HOU 09/30/2026 05:00PM ET,09/30/2026 05:00PM ET,CWS,HOU,away,3.8,805326,Tyler Schweitzer,mapped,identity_name_team_map,Stable identity seed from old DK-ID map. Pilot join status: matched via normalized_name_team
2026-09-30,2026-09-30T18:31:55.898422+00:00,2026-09-30,DraftKings official lineup CSV,https://www.draftkings.com/lineup/getavailableplayerscsv?contestTypeId=9&draftGroupId=154199,154199,9,Selected largest-prize regular Classic MLB draft group after excluding Turbo/Night/qualifier/satellite/showdown/snake/single-stat slates.,RP,Logan VanWey (44334180),Logan VanWey,44334180,P,4000,CWS@HOU 09/30/2026 05:00PM ET,09/30/2026 05:00PM ET,HOU,CWS,home,3.6,701121,Logan VanWey,mapped,identity_name_team_map,Stable identity seed from old DK-ID map. Pilot join status: matched via normalized_name_team
2026-09-30,2026-09-30T18:31:55.898422+00:00,2026-09-30,DraftKings official lineup CSV,https://www.draftkings.com/lineup/getavailableplayerscsv?contestTypeId=9&draftGroupId=154199,154199,9,Selected largest-prize regular Classic MLB draft group after excluding Turbo/Night/qualifier/satellite/showdown/snake/single-stat slates.,RP,Grant Taylor (44334184),Grant Taylor,44334184,P,4000,CWS@HOU 09/30/2026 05:00PM ET,09/30/2026 05:00PM ET,CWS,HOU,away,5.7,691799,Grant Taylor,mapped,identity_name_team_map,Stable identity seed from old DK-ID map. Pilot join status: matched via normalized_name_team
2026-09-30,2026-09-30T18:31:55.898422+00:00,2026-09-30,DraftKings official lineup CSV,https://www.draftkings.com/lineup/getavailableplayerscsv?contestTypeId=9&draftGroupId=154199,154199,9,Selected largest-prize regular Classic MLB draft group after excluding Turbo/Night/qualifier/satellite/showdown/snake/single-stat slates.,RP,Tyler Davis (44334188),Tyler Davis,44334188,P,4000,CWS@HOU 09/30/2026 05:00PM ET,09/30/2026 05:00PM ET,CWS,HOU,away,2.8,699823,Tyler Davis,mapped,identity_name_team_map,Stable identity seed from old DK-ID map. Pilot join status: matched via normalized_name_team
2026-09-30,2026-09-30T18:31:55.898422+00:00,2026-09-30,DraftKings official lineup CSV,https://www.draftkings.com/lineup/getavailableplayerscsv?contestTypeId=9&draftGroupId=154199,154199,9,Selected largest-prize regular Classic MLB draft group after excluding Turbo/Night/qualifier/satellite/showdown/snake/single-stat slates.,2B/OF,Sam Antonacci (44334190),Sam Antonacci,44334190,2B/OF,4000,CWS@HOU 09/30/2026 05:00PM ET,09/30/2026 05:00PM ET,CWS,HOU,away,7.4,803011,Sam Antonacci,mapped,identity_name_team_map,Stable identity seed from old DK-ID map. Pilot join status: matched via normalized_name_team
2026-09-30,2026-09-30T18:31:55.898422+00:00,2026-09-30,DraftKings official lineup CSV,https://www.draftkings.com/lineup/getavailableplayerscsv?contestTypeId=9&draftGroupId=154199,154199,9,Selected largest-prize regular Classic MLB draft group after excluding Turbo/Night/qualifier/satellite/showdown/snake/single-stat slates.,OF,Giancarlo Stanton (44334001),Giancarlo Stanton,44334001,OF,3900,BOS@NYY 09/30/2026 08:00PM ET,09/30/2026 08:00PM ET,NYY,BOS,home,6.8,,,needs_review_new_player,identity_name_team_map,No reviewed normalized-name/team identity alias; do not auto-guess.
2026-09-30,2026-09-30T18:31:55.898422+00:00,2026-09-30,DraftKings official lineup CSV,https://www.draftkings.com/lineup/getavailableplayerscsv?contestTypeId=9&draftGroupId=154199,154199,9,Selected largest-prize regular Classic MLB draft group after excluding Turbo/Night/qualifier/satellite/showdown/snake/single-stat slates.,OF,Roman Anthony (44334169),Roman Anthony,44334169,OF,3900,BOS@NYY 09/30/2026 08:00PM ET,09/30/2026 08:00PM ET,BOS,NYY,away,6.7,,,needs_review_new_player,identity_name_team_map,No reviewed normalized-name/team identity alias; do not auto-guess.
2026-09-30,2026-09-30T18:31:55.898422+00:00,2026-09-30,DraftKings official lineup CSV,https://www.draftkings.com/lineup/getavailableplayerscsv?contestTypeId=9&draftGroupId=154199,154199,9,Selected largest-prize regular Classic MLB draft group after excluding Turbo/Night/qualifier/satellite/showdown/snake/single-stat slates.,1B,Christian Walker (44334008),Christian Walker,44334008,1B,3800,CWS@HOU 09/30/2026 05:00PM ET,09/30/2026 05:00PM ET,HOU,CWS,home,6.9,572233,Christian Walker,mapped,identity_name_team_map,Stable identity seed from old DK-ID map. Pilot join status: matched via normalized_name_team
2026-09-30,2026-09-30T18:31:55.898422+00:00,2026-09-30,DraftKings official lineup CSV,https://www.draftkings.com/lineup/getavailableplayerscsv?contestTypeId=9&draftGroupId=154199,154199,9,Selected largest-prize regular Classic MLB draft group after excluding Turbo/Night/qualifier/satellite/showdown/snake/single-stat slates.,C,Adley Rutschman (44334068),Adley Rutschman,44334068,C,3800,BOS@NYY 09/30/2026 08:00PM ET,09/30/2026 08:00PM ET,BOS,NYY,away,7.1,,,needs_review_new_player,identity_name_team_map,No reviewed normalized-name/team identity alias; do not auto-guess.
2026-09-30,2026-09-30T18:31:55.898422+00:00,2026-09-30,DraftKings official lineup CSV,https://www.draftkings.com/lineup/getavailableplayerscsv?contestTypeId=9&draftGroupId=154199,154199,9,Selected largest-prize regular Classic MLB draft group after excluding Turbo/Night/qualifier/satellite/showdown/snake/single-stat slates.,2B,Chase Meidroth (44334174),Chase Meidroth,44334174,2B,3800,CWS@HOU 09/30/2026 05:00PM ET,09/30/2026 05:00PM ET,CWS,HOU,away,7.1,805367,Chase Meidroth,mapped,identity_name_team_map,Stable identity seed from old DK-ID map. Pilot join status: matched via normalized_name_team
2026-09-30,2026-09-30T18:31:55.898422+00:00,2026-09-30,DraftKings official lineup CSV,https://www.draftkings.com/lineup/getavailableplayerscsv?contestTypeId=9&draftGroupId=154199,154199,9,Selected largest-prize regular Classic MLB draft group after excluding Turbo/Night/qualifier/satellite/showdown/snake/single-stat slates.,OF,Trent Grisham (44334047),Trent Grisham,44334047,OF,3700,BOS@NYY 09/30/2026 08:00PM ET,09/30/2026 08:00PM ET,NYY,BOS,home,7,,,needs_review_new_player,identity_name_team_map,No reviewed normalized-name/team identity alias; do not auto-guess.
2026-09-30,2026-09-30T18:31:55.898422+00:00,2026-09-30,DraftKings official lineup CSV,https://www.draftkings.com/lineup/getavailableplayerscsv?contestTypeId=9&draftGroupId=154199,154199,9,Selected largest-prize regular Classic MLB draft group after excluding Turbo/Night/qualifier/satellite/showdown/snake/single-stat slates.,OF,Ceddanne Rafaela (44334101),Ceddanne Rafaela,44334101,OF,3700,BOS@NYY 09/30/2026 08:00PM ET,09/30/2026 08:00PM ET,BOS,NYY,away,7.7,,,needs_review_new_player,identity_name_team_map,No reviewed normalized-name/team identity alias; do not auto-guess.
2026-09-30,2026-09-30T18:31:55.898422+00:00,2026-09-30,DraftKings official lineup CSV,https://www.draftkings.com/lineup/getavailableplayerscsv?contestTypeId=9&draftGroupId=154199,154199,9,Selected largest-prize regular Classic MLB draft group after excluding Turbo/Night/qualifier/satellite/showdown/snake/single-stat slates.,1B,Paul Goldschmidt (44334007),Paul Goldschmidt,44334007,1B,3600,BOS@NYY 09/30/2026 08:00PM ET,09/30/2026 08:00PM ET,NYY,BOS,home,6.5,,,needs_review_new_player,identity_name_team_map,No reviewed normalized-name/team identity alias; do not auto-guess.
2026-09-30,2026-09-30T18:31:55.898422+00:00,2026-09-30,DraftKings official lineup CSV,https://www.draftkings.com/lineup/getavailableplayerscsv?contestTypeId=9&draftGroupId=154199,154199,9,Selected largest-prize regular Classic MLB draft group after excluding Turbo/Night/qualifier/satellite/showdown/snake/single-stat slates.,C,Yainer Diaz (44334080),Yainer Diaz,44334080,C,3500,CWS@HOU 09/30/2026 05:00PM ET,09/30/2026 05:00PM ET,HOU,CWS,home,6.3,673237,Yainer Diaz,mapped,identity_name_team_map,Stable identity seed from old DK-ID map. Pilot join status: matched via normalized_name_team
2026-09-30,2026-09-30T18:31:55.898422+00:00,2026-09-30,DraftKings official lineup CSV,https://www.draftkings.com/lineup/getavailableplayerscsv?contestTypeId=9&draftGroupId=154199,154199,9,Selected largest-prize regular Classic MLB draft group after excluding Turbo/Night/qualifier/satellite/showdown/snake/single-stat slates.,3B/SS,Colson Montgomery (44334143),Colson Montgomery,44334143,3B/SS,3500,CWS@HOU 09/30/2026 05:00PM ET,09/30/2026 05:00PM ET,CWS,HOU,away,7,695657,Colson Montgomery,mapped,identity_name_team_map,Stable identity seed from old DK-ID map. Pilot join status: matched via normalized_name_team
2026-09-30,2026-09-30T18:31:55.898422+00:00,2026-09-30,DraftKings official lineup CSV,https://www.draftkings.com/lineup/getavailableplayerscsv?contestTypeId=9&draftGroupId=154199,154199,9,Selected largest-prize regular Classic MLB draft group after excluding Turbo/Night/qualifier/satellite/showdown/snake/single-stat slates.,OF,Randal Grichuk (44334006),Randal Grichuk,44334006,OF,3400,CWS@HOU 09/30/2026 05:00PM ET,09/30/2026 05:00PM ET,CWS,HOU,away,5.1,545341,Randal Grichuk,mapped,identity_name_team_map,Stable identity seed from old DK-ID map. Pilot join status: matched via normalized_name_team
2026-09-30,2026-09-30T18:31:55.898422+00:00,2026-09-30,DraftKings official lineup CSV,https://www.draftkings.com/lineup/getavailableplayerscsv?contestTypeId=9&draftGroupId=154199,154199,9,Selected largest-prize regular Classic MLB draft group after excluding Turbo/Night/qualifier/satellite/showdown/snake/single-stat slates.,OF,Jarren Duran (44334108),Jarren Duran,44334108,OF,3300,BOS@NYY 09/30/2026 08:00PM ET,09/30/2026 08:00PM ET,BOS,NYY,away,6.6,,,needs_review_new_player,identity_name_team_map,No reviewed normalized-name/team identity alias; do not auto-guess.
2026-09-30,2026-09-30T18:31:55.898422+00:00,2026-09-30,DraftKings official lineup CSV,https://www.draftkings.com/lineup/getavailableplayerscsv?contestTypeId=9&draftGroupId=154199,154199,9,Selected largest-prize regular Classic MLB draft group after excluding Turbo/Night/qualifier/satellite/showdown/snake/single-stat slates.,OF,Spencer Jones (44334132),Spencer Jones,44334132,OF,3300,BOS@NYY 09/30/2026 08:00PM ET,09/30/2026 08:00PM ET,NYY,BOS,home,6.5,,,needs_review_new_player,identity_name_team_map,No reviewed normalized-name/team identity alias; do not auto-guess.
2026-09-30,2026-09-30T18:31:55.898422+00:00,2026-09-30,DraftKings official lineup CSV,https://www.draftkings.com/lineup/getavailableplayerscsv?contestTypeId=9&draftGroupId=154199,154199,9,Selected largest-prize regular Classic MLB draft group after excluding Turbo/Night/qualifier/satellite/showdown/snake/single-stat slates.,C,Kyle Teel (44334181),Kyle Teel,44334181,C,3300,CWS@HOU 09/30/2026 05:00PM ET,09/30/2026 05:00PM ET,CWS,HOU,away,6.5,691019,Kyle Teel,mapped,identity_name_team_map,Stable identity seed from old DK-ID map. Pilot join status: matched_people_search_name via mlb_people_search_normalized_name
2026-09-30,2026-09-30T18:31:55.898422+00:00,2026-09-30,DraftKings official lineup CSV,https://www.draftkings.com/lineup/getavailableplayerscsv?contestTypeId=9&draftGroupId=154199,154199,9,Selected largest-prize regular Classic MLB draft group after excluding Turbo/Night/qualifier/satellite/showdown/snake/single-stat slates.,OF,Daulton Varsho (44334083),Daulton Varsho,44334083,OF,3200,CWS@HOU 09/30/2026 05:00PM ET,09/30/2026 05:00PM ET,HOU,CWS,home,5.7,662139,Daulton Varsho,needs_review_team_change,identity_name_unique_mlbam,Name maps to one reviewed MLBAM identity but not this DK team; review as team-change/new alias before trusting automation.
2026-09-30,2026-09-30T18:31:55.898422+00:00,2026-09-30,DraftKings official lineup CSV,https://www.draftkings.com/lineup/getavailableplayerscsv?contestTypeId=9&draftGroupId=154199,154199,9,Selected largest-prize regular Classic MLB draft group after excluding Turbo/Night/qualifier/satellite/showdown/snake/single-stat slates.,OF,Tristan Peters (44334153),Tristan Peters,44334153,OF,3200,CWS@HOU 09/30/2026 05:00PM ET,09/30/2026 05:00PM ET,CWS,HOU,away,5.7,671976,Tristan Peters,mapped,identity_name_team_map,Stable identity seed from old DK-ID map. Pilot join status: matched via normalized_name_team
2026-09-30,2026-09-30T18:31:55.898422+00:00,2026-09-30,DraftKings official lineup CSV,https://www.draftkings.com/lineup/getavailableplayerscsv?contestTypeId=9&draftGroupId=154199,154199,9,Selected largest-prize regular Classic MLB draft group after excluding Turbo/Night/qualifier/satellite/showdown/snake/single-stat slates.,SS,Carlos Correa (44334020),Carlos Correa,44334020,SS,3100,CWS@HOU 09/30/2026 05:00PM ET,09/30/2026 05:00PM ET,HOU,CWS,home,8,621043,Carlos Correa,mapped,identity_name_team_map,Stable identity seed from old DK-ID map. Pilot join status: matched via normalized_name_team
2026-09-30,2026-09-30T18:31:55.898422+00:00,2026-09-30,DraftKings official lineup CSV,https://www.draftkings.com/lineup/getavailableplayerscsv?contestTypeId=9&draftGroupId=154199,154199,9,Selected largest-prize regular Classic MLB draft group after excluding Turbo/Night/qualifier/satellite/showdown/snake/single-stat slates.,OF,Andrew Benintendi (44334035),Andrew Benintendi,44334035,OF,3100,CWS@HOU 09/30/2026 05:00PM ET,09/30/2026 05:00PM ET,CWS,HOU,away,5.8,643217,Andrew Benintendi,mapped,identity_name_team_map,Stable identity seed from old DK-ID map. Pilot join status: matched via normalized_name_team
2026-09-30,2026-09-30T18:31:55.898422+00:00,2026-09-30,DraftKings official lineup CSV,https://www.draftkings.com/lineup/getavailableplayerscsv?contestTypeId=9&draftGroupId=154199,154199,9,Selected largest-prize regular Classic MLB draft group after excluding Turbo/Night/qualifier/satellite/showdown/snake/single-stat slates.,1B,Mickey Gasper (44334078),Mickey Gasper,44334078,1B,3100,BOS@NYY 09/30/2026 08:00PM ET,09/30/2026 08:00PM ET,BOS,NYY,away,6,,,needs_review_new_player,identity_name_team_map,No reviewed normalized-name/team identity alias; do not auto-guess.
2026-09-30,2026-09-30T18:31:55.898422+00:00,2026-09-30,DraftKings official lineup CSV,https://www.draftkings.com/lineup/getavailableplayerscsv?contestTypeId=9&draftGroupId=154199,154199,9,Selected largest-prize regular Classic MLB draft group after excluding Turbo/Night/qualifier/satellite/showdown/snake/single-stat slates.,1B/2B,Nick Sogard (44334127),Nick Sogard,44334127,1B/2B,3100,BOS@NYY 09/30/2026 08:00PM ET,09/30/2026 08:00PM ET,BOS,NYY,away,6.2,,,needs_review_new_player,identity_name_team_map,No reviewed normalized-name/team identity alias; do not auto-guess.
2026-09-30,2026-09-30T18:31:55.898422+00:00,2026-09-30,DraftKings official lineup CSV,https://www.draftkings.com/lineup/getavailableplayerscsv?contestTypeId=9&draftGroupId=154199,154199,9,Selected largest-prize regular Classic MLB draft group after excluding Turbo/Night/qualifier/satellite/showdown/snake/single-stat slates.,OF,Jasson Dominguez (44334138),Jasson Dominguez,44334138,OF,3100,BOS@NYY 09/30/2026 08:00PM ET,09/30/2026 08:00PM ET,NYY,BOS,home,6,,,needs_review_new_player,identity_name_team_map,No reviewed normalized-name/team identity alias; do not auto-guess.
2026-09-30,2026-09-30T18:31:55.898422+00:00,2026-09-30,DraftKings official lineup CSV,https://www.draftkings.com/lineup/getavailableplayerscsv?contestTypeId=9&draftGroupId=154199,154199,9,Selected largest-prize regular Classic MLB draft group after excluding Turbo/Night/qualifier/satellite/showdown/snake/single-stat slates.,OF,Cam Smith (44334171),Cam Smith,44334171,OF,3100,CWS@HOU 09/30/2026 05:00PM ET,09/30/2026 05:00PM ET,HOU,CWS,home,6,701358,Cam Smith,mapped,identity_name_team_map,Stable identity seed from old DK-ID map. Pilot join status: matched via normalized_name_team
2026-09-30,2026-09-30T18:31:55.898422+00:00,2026-09-30,DraftKings official lineup CSV,https://www.draftkings.com/lineup/getavailableplayerscsv?contestTypeId=9&draftGroupId=154199,154199,9,Selected largest-prize regular Classic MLB draft group after excluding Turbo/Night/qualifier/satellite/showdown/snake/single-stat slates.,SS,Trevor Story (44334015),Trevor Story,44334015,SS,3000,BOS@NYY 09/30/2026 08:00PM ET,09/30/2026 08:00PM ET,BOS,NYY,away,6.2,,,needs_review_new_player,identity_name_team_map,No reviewed normalized-name/team identity alias; do not auto-guess.
2026-09-30,2026-09-30T18:31:55.898422+00:00,2026-09-30,DraftKings official lineup CSV,https://www.draftkings.com/lineup/getavailableplayerscsv?contestTypeId=9&draftGroupId=154199,154199,9,Selected largest-prize regular Classic MLB draft group after excluding Turbo/Night/qualifier/satellite/showdown/snake/single-stat slates.,3B/OF,Jose Caballero (44334087),Jose Caballero,44334087,3B/OF,3000,BOS@NYY 09/30/2026 08:00PM ET,09/30/2026 08:00PM ET,NYY,BOS,home,6.2,,,needs_review_new_player,identity_name_team_map,No reviewed normalized-name/team identity alias; do not auto-guess.
2026-09-30,2026-09-30T18:31:55.898422+00:00,2026-09-30,DraftKings official lineup CSV,https://www.draftkings.com/lineup/getavailableplayerscsv?contestTypeId=9&draftGroupId=154199,154199,9,Selected largest-prize regular Classic MLB draft group after excluding Turbo/Night/qualifier/satellite/showdown/snake/single-stat slates.,2B/3B,Curtis Mead (44334118),Curtis Mead,44334118,2B/3B,3000,BOS@NYY 09/30/2026 08:00PM ET,09/30/2026 08:00PM ET,BOS,NYY,away,7.8,678554,Curtis Mead,needs_review_team_change,identity_name_unique_mlbam,Name maps to one reviewed MLBAM identity but not this DK team; review as team-change/new alias before trusting automation.
2026-09-30,2026-09-30T18:31:55.898422+00:00,2026-09-30,DraftKings official lineup CSV,https://www.draftkings.com/lineup/getavailableplayerscsv?contestTypeId=9&draftGroupId=154199,154199,9,Selected largest-prize regular Classic MLB draft group after excluding Turbo/Night/qualifier/satellite/showdown/snake/single-stat slates.,2B,Anthony Volpe (44334122),Anthony Volpe,44334122,2B,3000,BOS@NYY 09/30/2026 08:00PM ET,09/30/2026 08:00PM ET,NYY,BOS,home,5.9,,,needs_review_new_player,identity_name_team_map,No reviewed normalized-name/team identity alias; do not auto-guess.
2026-09-30,2026-09-30T18:31:55.898422+00:00,2026-09-30,DraftKings official lineup CSV,https://www.draftkings.com/lineup/getavailableplayerscsv?contestTypeId=9&draftGroupId=154199,154199,9,Selected largest-prize regular Classic MLB draft group after excluding Turbo/Night/qualifier/satellite/showdown/snake/single-stat slates.,OF,Brenton Doyle (44334124),Brenton Doyle,44334124,OF,3000,CWS@HOU 09/30/2026 05:00PM ET,09/30/2026 05:00PM ET,CWS,HOU,away,4.6,686668,Brenton Doyle,needs_review_team_change,identity_name_unique_mlbam,Name maps to one reviewed MLBAM identity but not this DK team; review as team-change/new alias before trusting automation.
2026-09-30,2026-09-30T18:31:55.898422+00:00,2026-09-30,DraftKings official lineup CSV,https://www.draftkings.com/lineup/getavailableplayerscsv?contestTypeId=9&draftGroupId=154199,154199,9,Selected largest-prize regular Classic MLB draft group after excluding Turbo/Night/qualifier/satellite/showdown/snake/single-stat slates.,1B/2B,Romy Gonzalez (44334110),Romy Gonzalez,44334110,1B/2B,2900,BOS@NYY 09/30/2026 08:00PM ET,09/30/2026 08:00PM ET,BOS,NYY,away,5.3,,,needs_review_new_player,identity_name_team_map,No reviewed normalized-name/team identity alias; do not auto-guess.
2026-09-30,2026-09-30T18:31:55.898422+00:00,2026-09-30,DraftKings official lineup CSV,https://www.draftkings.com/lineup/getavailableplayerscsv?contestTypeId=9&draftGroupId=154199,154199,9,Selected largest-prize regular Classic MLB draft group after excluding Turbo/Night/qualifier/satellite/showdown/snake/single-stat slates.,OF,Braden Montgomery (44334145),Braden Montgomery,44334145,OF,2900,CWS@HOU 09/30/2026 05:00PM ET,09/30/2026 05:00PM ET,CWS,HOU,away,6.1,695731,Braden Montgomery,mapped,identity_name_team_map,Resolved via MLB Stats API all-players list and Pipeline prospect board context; DK team CWS.
2026-09-30,2026-09-30T18:31:55.898422+00:00,2026-09-30,DraftKings official lineup CSV,https://www.draftkings.com/lineup/getavailableplayerscsv?contestTypeId=9&draftGroupId=154199,154199,9,Selected largest-prize regular Classic MLB draft group after excluding Turbo/Night/qualifier/satellite/showdown/snake/single-stat slates.,3B,Caleb Durbin (44334159),Caleb Durbin,44334159,3B,2900,BOS@NYY 09/30/2026 08:00PM ET,09/30/2026 08:00PM ET,BOS,NYY,away,6.7,,,needs_review_new_player,identity_name_team_map,No reviewed normalized-name/team identity alias; do not auto-guess.
2026-09-30,2026-09-30T18:31:55.898422+00:00,2026-09-30,DraftKings official lineup CSV,https://www.draftkings.com/lineup/getavailableplayerscsv?contestTypeId=9&draftGroupId=154199,154199,9,Selected largest-prize regular Classic MLB draft group after excluding Turbo/Night/qualifier/satellite/showdown/snake/single-stat slates.,OF,Lucas Spence (44334192),Lucas Spence,44334192,OF,2900,CWS@HOU 09/30/2026 05:00PM ET,09/30/2026 05:00PM ET,HOU,CWS,home,6.8,,,needs_review_new_player,identity_name_team_map,No reviewed normalized-name/team identity alias; do not auto-guess.
2026-09-30,2026-09-30T18:31:55.898422+00:00,2026-09-30,DraftKings official lineup CSV,https://www.draftkings.com/lineup/getavailableplayerscsv?contestTypeId=9&draftGroupId=154199,154199,9,Selected largest-prize regular Classic MLB draft group after excluding Turbo/Night/qualifier/satellite/showdown/snake/single-stat slates.,1B/OF,LaMonte Wade Jr. (44334042),LaMonte Wade Jr.,44334042,1B/OF,2800,CWS@HOU 09/30/2026 05:00PM ET,09/30/2026 05:00PM ET,HOU,CWS,home,4.1,664774,LaMonte Wade Jr.,mapped,identity_name_team_map,Stable identity seed from old DK-ID map. Pilot join status: matched via normalized_name_team
2026-09-30,2026-09-30T18:31:55.898422+00:00,2026-09-30,DraftKings official lineup CSV,https://www.draftkings.com/lineup/getavailableplayerscsv?contestTypeId=9&draftGroupId=154199,154199,9,Selected largest-prize regular Classic MLB draft group after excluding Turbo/Night/qualifier/satellite/showdown/snake/single-stat slates.,OF,Masataka Yoshida (44334059),Masataka Yoshida,44334059,OF,2800,BOS@NYY 09/30/2026 08:00PM ET,09/30/2026 08:00PM ET,BOS,NYY,away,5.6,,,needs_review_new_player,identity_name_team_map,No reviewed normalized-name/team identity alias; do not auto-guess.
2026-09-30,2026-09-30T18:31:55.898422+00:00,2026-09-30,DraftKings official lineup CSV,https://www.draftkings.com/lineup/getavailableplayerscsv?contestTypeId=9&draftGroupId=154199,154199,9,Selected largest-prize regular Classic MLB draft group after excluding Turbo/Night/qualifier/satellite/showdown/snake/single-stat slates.,OF,Heliot Ramos (44334082),Heliot Ramos,44334082,OF,2800,BOS@NYY 09/30/2026 08:00PM ET,09/30/2026 08:00PM ET,NYY,BOS,home,6.4,671218,Heliot Ramos,needs_review_team_change,identity_name_unique_mlbam,Name maps to one reviewed MLBAM identity but not this DK team; review as team-change/new alias before trusting automation.
2026-09-30,2026-09-30T18:31:55.898422+00:00,2026-09-30,DraftKings official lineup CSV,https://www.draftkings.com/lineup/getavailableplayerscsv?contestTypeId=9&draftGroupId=154199,154199,9,Selected largest-prize regular Classic MLB draft group after excluding Turbo/Night/qualifier/satellite/showdown/snake/single-stat slates.,2B/SS,Andruw Monasterio (44334040),Andruw Monasterio,44334040,2B/SS,2700,BOS@NYY 09/30/2026 08:00PM ET,09/30/2026 08:00PM ET,BOS,NYY,away,5.1,,,needs_review_new_player,identity_name_team_map,No reviewed normalized-name/team identity alias; do not auto-guess.
2026-09-30,2026-09-30T18:31:55.898422+00:00,2026-09-30,DraftKings official lineup CSV,https://www.draftkings.com/lineup/getavailableplayerscsv?contestTypeId=9&draftGroupId=154199,154199,9,Selected largest-prize regular Classic MLB draft group after excluding Turbo/Night/qualifier/satellite/showdown/snake/single-stat slates.,C,Joey Bart (44334055),Joey Bart,44334055,C,2700,CWS@HOU 09/30/2026 05:00PM ET,09/30/2026 05:00PM ET,CWS,HOU,away,4.3,,,needs_review_new_player,identity_name_team_map,No reviewed normalized-name/team identity alias; do not auto-guess.
2026-09-30,2026-09-30T18:31:55.898422+00:00,2026-09-30,DraftKings official lineup CSV,https://www.draftkings.com/lineup/getavailableplayerscsv?contestTypeId=9&draftGroupId=154199,154199,9,Selected largest-prize regular Classic MLB draft group after excluding Turbo/Night/qualifier/satellite/showdown/snake/single-stat slates.,OF,Taylor Trammell (44334064),Taylor Trammell,44334064,OF,2700,CWS@HOU 09/30/2026 05:00PM ET,09/30/2026 05:00PM ET,HOU,CWS,home,4.2,666211,Taylor Trammell,mapped,identity_name_team_map,Stable identity seed from old DK-ID map. Pilot join status: matched via normalized_name_team
2026-09-30,2026-09-30T18:31:55.898422+00:00,2026-09-30,DraftKings official lineup CSV,https://www.draftkings.com/lineup/getavailableplayerscsv?contestTypeId=9&draftGroupId=154199,154199,9,Selected largest-prize regular Classic MLB draft group after excluding Turbo/Night/qualifier/satellite/showdown/snake/single-stat slates.,SS,George Lombard Jr. (44334182),George Lombard Jr.,44334182,SS,2700,BOS@NYY 09/30/2026 08:00PM ET,09/30/2026 08:00PM ET,NYY,BOS,home,7.1,,,needs_review_new_player,identity_name_team_map,No reviewed normalized-name/team identity alias; do not auto-guess.
2026-09-30,2026-09-30T18:31:55.898422+00:00,2026-09-30,DraftKings official lineup CSV,https://www.draftkings.com/lineup/getavailableplayerscsv?contestTypeId=9&draftGroupId=154199,154199,9,Selected largest-prize regular Classic MLB draft group after excluding Turbo/Night/qualifier/satellite/showdown/snake/single-stat slates.,C,Christian Vazquez (44334003),Christian Vazquez,44334003,C,2600,CWS@HOU 09/30/2026 05:00PM ET,09/30/2026 05:00PM ET,HOU,CWS,home,4,543877,Christian Vázquez,mapped,identity_name_team_map,Stable identity seed from old DK-ID map. Pilot join status: matched via normalized_name_team
2026-09-30,2026-09-30T18:31:55.898422+00:00,2026-09-30,DraftKings official lineup CSV,https://www.draftkings.com/lineup/getavailableplayerscsv?contestTypeId=9&draftGroupId=154199,154199,9,Selected largest-prize regular Classic MLB draft group after excluding Turbo/Night/qualifier/satellite/showdown/snake/single-stat slates.,OF,Tommy Pham (44333999),Tommy Pham,44333999,OF,2500,CWS@HOU 09/30/2026 05:00PM ET,09/30/2026 05:00PM ET,CWS,HOU,away,2.5,,,needs_review_new_player,identity_name_team_map,No reviewed normalized-name/team identity alias; do not auto-guess.
2026-09-30,2026-09-30T18:31:55.898422+00:00,2026-09-30,DraftKings official lineup CSV,https://www.draftkings.com/lineup/getavailableplayerscsv?contestTypeId=9&draftGroupId=154199,154199,9,Selected largest-prize regular Classic MLB draft group after excluding Turbo/Night/qualifier/satellite/showdown/snake/single-stat slates.,OF,Nelson Velazquez (44334086),Nelson Velazquez,44334086,OF,2500,CWS@HOU 09/30/2026 05:00PM ET,09/30/2026 05:00PM ET,HOU,CWS,home,3.8,676369,Nelson Velázquez,needs_review_team_change,identity_name_unique_mlbam,Name maps to one reviewed MLBAM identity but not this DK team; review as team-change/new alias before trusting automation.
2026-09-30,2026-09-30T18:31:55.898422+00:00,2026-09-30,DraftKings official lineup CSV,https://www.draftkings.com/lineup/getavailableplayerscsv?contestTypeId=9&draftGroupId=154199,154199,9,Selected largest-prize regular Classic MLB draft group after excluding Turbo/Night/qualifier/satellite/showdown/snake/single-stat slates.,2B,Anthony Seigler (44334105),Anthony Seigler,44334105,2B,2500,BOS@NYY 09/30/2026 08:00PM ET,09/30/2026 08:00PM ET,BOS,NYY,away,5.7,,,needs_review_new_player,identity_name_team_map,No reviewed normalized-name/team identity alias; do not auto-guess.
2026-09-30,2026-09-30T18:31:55.898422+00:00,2026-09-30,DraftKings official lineup CSV,https://www.draftkings.com/lineup/getavailableplayerscsv?contestTypeId=9&draftGroupId=154199,154199,9,Selected largest-prize regular Classic MLB draft group after excluding Turbo/Night/qualifier/satellite/showdown/snake/single-stat slates.,OF,Max Schuemann (44334112),Max Schuemann,44334112,OF,2500,BOS@NYY 09/30/2026 08:00PM ET,09/30/2026 08:00PM ET,NYY,BOS,home,3.8,,,needs_review_new_player,identity_name_team_map,No reviewed normalized-name/team identity alias; do not auto-guess.
2026-09-30,2026-09-30T18:31:55.898422+00:00,2026-09-30,DraftKings official lineup CSV,https://www.draftkings.com/lineup/getavailableplayerscsv?contestTypeId=9&draftGroupId=154199,154199,9,Selected largest-prize regular Classic MLB draft group after excluding Turbo/Night/qualifier/satellite/showdown/snake/single-stat slates.,OF,Brice Matthews (44334183),Brice Matthews,44334183,OF,2500,CWS@HOU 09/30/2026 05:00PM ET,09/30/2026 05:00PM ET,HOU,CWS,home,4,694728,Brice Matthews,mapped,identity_name_team_map,Stable identity seed from old DK-ID map. Pilot join status: matched via normalized_name_team
2026-09-30,2026-09-30T18:31:55.898422+00:00,2026-09-30,DraftKings official lineup CSV,https://www.draftkings.com/lineup/getavailableplayerscsv?contestTypeId=9&draftGroupId=154199,154199,9,Selected largest-prize regular Classic MLB draft group after excluding Turbo/Night/qualifier/satellite/showdown/snake/single-stat slates.,2B/3B,Amed Rosario (44334026),Amed Rosario,44334026,2B/3B,2400,BOS@NYY 09/30/2026 08:00PM ET,09/30/2026 08:00PM ET,NYY,BOS,home,4.8,,,needs_review_new_player,identity_name_team_map,No reviewed normalized-name/team identity alias; do not auto-guess.
2026-09-30,2026-09-30T18:31:55.898422+00:00,2026-09-30,DraftKings official lineup CSV,https://www.draftkings.com/lineup/getavailableplayerscsv?contestTypeId=9&draftGroupId=154199,154199,9,Selected largest-prize regular Classic MLB draft group after excluding Turbo/Night/qualifier/satellite/showdown/snake/single-stat slates.,2B/SS,Nick Allen (44334084),Nick Allen,44334084,2B/SS,2400,CWS@HOU 09/30/2026 05:00PM ET,09/30/2026 05:00PM ET,HOU,CWS,home,2.9,669397,Nick Allen,mapped,identity_name_team_map,Stable identity seed from old DK-ID map. Pilot join status: matched via normalized_name_team
2026-09-30,2026-09-30T18:31:55.898422+00:00,2026-09-30,DraftKings official lineup CSV,https://www.draftkings.com/lineup/getavailableplayerscsv?contestTypeId=9&draftGroupId=154199,154199,9,Selected largest-prize regular Classic MLB draft group after excluding Turbo/Night/qualifier/satellite/showdown/snake/single-stat slates.,3B,Ryan McMahon (44334028),Ryan McMahon,44334028,3B,2300,BOS@NYY 09/30/2026 08:00PM ET,09/30/2026 08:00PM ET,NYY,BOS,home,4.3,,,needs_review_new_player,identity_name_team_map,No reviewed normalized-name/team identity alias; do not auto-guess.
2026-09-30,2026-09-30T18:31:55.898422+00:00,2026-09-30,DraftKings official lineup CSV,https://www.draftkings.com/lineup/getavailableplayerscsv?contestTypeId=9&draftGroupId=154199,154199,9,Selected largest-prize regular Classic MLB draft group after excluding Turbo/Night/qualifier/satellite/showdown/snake/single-stat slates.,OF,Jahmai Jones (44334049),Jahmai Jones,44334049,OF,2300,BOS@NYY 09/30/2026 08:00PM ET,09/30/2026 08:00PM ET,BOS,NYY,away,3.1,663330,Jahmai Jones,needs_review_team_change,identity_name_unique_mlbam,Name maps to one reviewed MLBAM identity but not this DK team; review as team-change/new alias before trusting automation.
2026-09-30,2026-09-30T18:31:55.898422+00:00,2026-09-30,DraftKings official lineup CSV,https://www.draftkings.com/lineup/getavailableplayerscsv?contestTypeId=9&draftGroupId=154199,154199,9,Selected largest-prize regular Classic MLB draft group after excluding Turbo/Night/qualifier/satellite/showdown/snake/single-stat slates.,2B/3B,Raynel Delgado (44334106),Raynel Delgado,44334106,2B/3B,2300,CWS@HOU 09/30/2026 05:00PM ET,09/30/2026 05:00PM ET,HOU,CWS,home,2.9,,,needs_review_new_player,identity_name_team_map,No reviewed normalized-name/team identity alias; do not auto-guess.
2026-09-30,2026-09-30T18:31:55.898422+00:00,2026-09-30,DraftKings official lineup CSV,https://www.draftkings.com/lineup/getavailableplayerscsv?contestTypeId=9&draftGroupId=154199,154199,9,Selected largest-prize regular Classic MLB draft group after excluding Turbo/Night/qualifier/satellite/showdown/snake/single-stat slates.,SS,Luisangel Acuna (44334137),Luisangel Acuna,44334137,SS,2300,CWS@HOU 09/30/2026 05:00PM ET,09/30/2026 05:00PM ET,CWS,HOU,away,3.3,682668,Luisangel Acuña,mapped,identity_name_team_map,Stable identity seed from old DK-ID map. Pilot join status: matched via normalized_name_team
2026-09-30,2026-09-30T18:31:55.898422+00:00,2026-09-30,DraftKings official lineup CSV,https://www.draftkings.com/lineup/getavailableplayerscsv?contestTypeId=9&draftGroupId=154199,154199,9,Selected largest-prize regular Classic MLB draft group after excluding Turbo/Night/qualifier/satellite/showdown/snake/single-stat slates.,2B,Isiah Kiner-Falefa (44334030),Isiah Kiner-Falefa,44334030,2B,2200,BOS@NYY 09/30/2026 08:00PM ET,09/30/2026 08:00PM ET,BOS,NYY,away,4.5,,,needs_review_new_player,identity_name_team_map,No reviewed normalized-name/team identity alias; do not auto-guess.
2026-09-30,2026-09-30T18:31:55.898422+00:00,2026-09-30,DraftKings official lineup CSV,https://www.draftkings.com/lineup/getavailableplayerscsv?contestTypeId=9&draftGroupId=154199,154199,9,Selected largest-prize regular Classic MLB draft group after excluding Turbo/Night/qualifier/satellite/showdown/snake/single-stat slates.,OF,Jorge Barrosa (44334095),Jorge Barrosa,44334095,OF,2200,CWS@HOU 09/30/2026 05:00PM ET,09/30/2026 05:00PM ET,HOU,CWS,home,2.5,,,needs_review_new_player,identity_name_team_map,No reviewed normalized-name/team identity alias; do not auto-guess.
2026-09-30,2026-09-30T18:31:55.898422+00:00,2026-09-30,DraftKings official lineup CSV,https://www.draftkings.com/lineup/getavailableplayerscsv?contestTypeId=9&draftGroupId=154199,154199,9,Selected largest-prize regular Classic MLB draft group after excluding Turbo/Night/qualifier/satellite/showdown/snake/single-stat slates.,C,Austin Wells (44334114),Austin Wells,44334114,C,2200,BOS@NYY 09/30/2026 08:00PM ET,09/30/2026 08:00PM ET,NYY,BOS,home,4.7,,,needs_review_new_player,identity_name_team_map,No reviewed normalized-name/team identity alias; do not auto-guess.
2026-09-30,2026-09-30T18:31:55.898422+00:00,2026-09-30,DraftKings official lineup CSV,https://www.draftkings.com/lineup/getavailableplayerscsv?contestTypeId=9&draftGroupId=154199,154199,9,Selected largest-prize regular Classic MLB draft group after excluding Turbo/Night/qualifier/satellite/showdown/snake/single-stat slates.,C,Connor Wong (44334045),Connor Wong,44334045,C,2100,BOS@NYY 09/30/2026 08:00PM ET,09/30/2026 08:00PM ET,BOS,NYY,away,4.6,,,needs_review_new_player,identity_name_team_map,No reviewed normalized-name/team identity alias; do not auto-guess.
2026-09-30,2026-09-30T18:31:55.898422+00:00,2026-09-30,DraftKings official lineup CSV,https://www.draftkings.com/lineup/getavailableplayerscsv?contestTypeId=9&draftGroupId=154199,154199,9,Selected largest-prize regular Classic MLB draft group after excluding Turbo/Night/qualifier/satellite/showdown/snake/single-stat slates.,C,Drew Romo (44334139),Drew Romo,44334139,C,2100,CWS@HOU 09/30/2026 05:00PM ET,09/30/2026 05:00PM ET,CWS,HOU,away,4.2,691011,Drew Romo,mapped,identity_name_team_map,Stable identity seed from old DK-ID map. Pilot join status: matched via normalized_name_team
2026-09-30,2026-09-30T18:31:55.898422+00:00,2026-09-30,DraftKings official lineup CSV,https://www.draftkings.com/lineup/getavailableplayerscsv?contestTypeId=9&draftGroupId=154199,154199,9,Selected largest-prize regular Classic MLB draft group after excluding Turbo/Night/qualifier/satellite/showdown/snake/single-stat slates.,OF,Eli White (44334032),Eli White,44334032,OF,2000,BOS@NYY 09/30/2026 08:00PM ET,09/30/2026 08:00PM ET,BOS,NYY,away,3.9,642201,Eli White,needs_review_team_change,identity_name_unique_mlbam,Name maps to one reviewed MLBAM identity but not this DK team; review as team-change/new alias before trusting automation.
2026-09-30,2026-09-30T18:31:55.898422+00:00,2026-09-30,DraftKings official lineup CSV,https://www.draftkings.com/lineup/getavailableplayerscsv?contestTypeId=9&draftGroupId=154199,154199,9,Selected largest-prize regular Classic MLB draft group after excluding Turbo/Night/qualifier/satellite/showdown/snake/single-stat slates.,C,J.C. Escarra (44334034),J.C. Escarra,44334034,C,2000,BOS@NYY 09/30/2026 08:00PM ET,09/30/2026 08:00PM ET,NYY,BOS,home,3.3,,,needs_review_new_player,identity_name_team_map,No reviewed normalized-name/team identity alias; do not auto-guess.
2026-09-30,2026-09-30T18:31:55.898422+00:00,2026-09-30,DraftKings official lineup CSV,https://www.draftkings.com/lineup/getavailableplayerscsv?contestTypeId=9&draftGroupId=154199,154199,9,Selected largest-prize regular Classic MLB draft group after excluding Turbo/Night/qualifier/satellite/showdown/snake/single-stat slates.,C,Ali Sanchez (44334036),Ali Sanchez,44334036,C,2000,BOS@NYY 09/30/2026 08:00PM ET,09/30/2026 08:00PM ET,NYY,BOS,home,2.2,,,needs_review_new_player,identity_name_team_map,No reviewed normalized-name/team identity alias; do not auto-guess.
2026-09-30,2026-09-30T18:31:55.898422+00:00,2026-09-30,DraftKings official lineup CSV,https://www.draftkings.com/lineup/getavailableplayerscsv?contestTypeId=9&draftGroupId=154199,154199,9,Selected largest-prize regular Classic MLB draft group after excluding Turbo/Night/qualifier/satellite/showdown/snake/single-stat slates.,C,Jake Rogers (44334046),Jake Rogers,44334046,C,2000,CWS@HOU 09/30/2026 05:00PM ET,09/30/2026 05:00PM ET,CWS,HOU,away,3.8,668670,Jake Rogers,needs_review_team_change,identity_name_unique_mlbam,Name maps to one reviewed MLBAM identity but not this DK team; review as team-change/new alias before trusting automation.
2026-09-30,2026-09-30T18:31:55.898422+00:00,2026-09-30,DraftKings official lineup CSV,https://www.draftkings.com/lineup/getavailableplayerscsv?contestTypeId=9&draftGroupId=154199,154199,9,Selected largest-prize regular Classic MLB draft group after excluding Turbo/Night/qualifier/satellite/showdown/snake/single-stat slates.,OF,Jake Meyers (44334089),Jake Meyers,44334089,OF,2000,CWS@HOU 09/30/2026 05:00PM ET,09/30/2026 05:00PM ET,HOU,CWS,home,3.5,676694,Jake Meyers,mapped,identity_name_team_map,Stable identity seed from old DK-ID map. Pilot join status: matched via normalized_name_team
2026-09-30,2026-09-30T18:31:55.898422+00:00,2026-09-30,DraftKings official lineup CSV,https://www.draftkings.com/lineup/getavailableplayerscsv?contestTypeId=9&draftGroupId=154199,154199,9,Selected largest-prize regular Classic MLB draft group after excluding Turbo/Night/qualifier/satellite/showdown/snake/single-stat slates.,OF,Nate Eaton (44334098),Nate Eaton,44334098,OF,2000,BOS@NYY 09/30/2026 08:00PM ET,09/30/2026 08:00PM ET,BOS,NYY,away,3.5,,,needs_review_new_player,identity_name_team_map,No reviewed normalized-name/team identity alias; do not auto-guess.
2026-09-30,2026-09-30T18:31:55.898422+00:00,2026-09-30,DraftKings official lineup CSV,https://www.draftkings.com/lineup/getavailableplayerscsv?contestTypeId=9&draftGroupId=154199,154199,9,Selected largest-prize regular Classic MLB draft group after excluding Turbo/Night/qualifier/satellite/showdown/snake/single-stat slates.,OF,Junior Perez (44334102),Junior Perez,44334102,OF,2000,CWS@HOU 09/30/2026 05:00PM ET,09/30/2026 05:00PM ET,CWS,HOU,away,2.9,678577,Junior Perez,mapped,identity_name_team_map,Stable identity seed from old DK-ID map. Pilot join status: matched_people_search_name via mlb_people_search_normalized_name
2026-09-30,2026-09-30T18:31:55.898422+00:00,2026-09-30,DraftKings official lineup CSV,https://www.draftkings.com/lineup/getavailableplayerscsv?contestTypeId=9&draftGroupId=154199,154199,9,Selected largest-prize regular Classic MLB draft group after excluding Turbo/Night/qualifier/satellite/showdown/snake/single-stat slates.,1B,Triston Casas (44334104),Triston Casas,44334104,1B,2000,BOS@NYY 09/30/2026 08:00PM ET,09/30/2026 08:00PM ET,BOS,NYY,away,0,,,needs_review_new_player,identity_name_team_map,No reviewed normalized-name/team identity alias; do not auto-guess.
2026-09-30,2026-09-30T18:31:55.898422+00:00,2026-09-30,DraftKings official lineup CSV,https://www.draftkings.com/lineup/getavailableplayerscsv?contestTypeId=9&draftGroupId=154199,154199,9,Selected largest-prize regular Classic MLB draft group after excluding Turbo/Night/qualifier/satellite/showdown/snake/single-stat slates.,3B/OF,Tanner Murray (44334134),Tanner Murray,44334134,3B/OF,2000,CWS@HOU 09/30/2026 05:00PM ET,09/30/2026 05:00PM ET,CWS,HOU,away,3.2,695020,Tanner Murray,mapped,identity_name_team_map,Stable identity seed from old DK-ID map. Pilot join status: matched via normalized_name_team
2026-09-30,2026-09-30T18:31:55.898422+00:00,2026-09-30,DraftKings official lineup CSV,https://www.draftkings.com/lineup/getavailableplayerscsv?contestTypeId=9&draftGroupId=154199,154199,9,Selected largest-prize regular Classic MLB draft group after excluding Turbo/Night/qualifier/satellite/showdown/snake/single-stat slates.,C,Edgar Quero (44334140),Edgar Quero,44334140,C,2000,CWS@HOU 09/30/2026 05:00PM ET,09/30/2026 05:00PM ET,CWS,HOU,away,3.7,700337,Edgar Quero,mapped,identity_name_team_map,Stable identity seed from old DK-ID map. Pilot join status: matched via normalized_name_team
2026-09-30,2026-09-30T18:31:55.898422+00:00,2026-09-30,DraftKings official lineup CSV,https://www.draftkings.com/lineup/getavailableplayerscsv?contestTypeId=9&draftGroupId=154199,154199,9,Selected largest-prize regular Classic MLB draft group after excluding Turbo/Night/qualifier/satellite/showdown/snake/single-stat slates.,SS,Tsung-Che Cheng (44334141),Tsung-Che Cheng,44334141,SS,2000,BOS@NYY 09/30/2026 08:00PM ET,09/30/2026 08:00PM ET,BOS,NYY,away,4.6,,,needs_review_new_player,identity_name_team_map,No reviewed normalized-name/team identity alias; do not auto-guess.
2026-09-30,2026-09-30T18:31:55.898422+00:00,2026-09-30,DraftKings official lineup CSV,https://www.draftkings.com/lineup/getavailableplayerscsv?contestTypeId=9&draftGroupId=154199,154199,9,Selected largest-prize regular Classic MLB draft group after excluding Turbo/Night/qualifier/satellite/showdown/snake/single-stat slates.,OF,Brooks Baldwin (44334161),Brooks Baldwin,44334161,OF,2000,CWS@HOU 09/30/2026 05:00PM ET,09/30/2026 05:00PM ET,CWS,HOU,away,0,681460,Brooks Baldwin,mapped,identity_name_team_map,Stable identity seed from old DK-ID map. Pilot join status: matched_people_search_name via mlb_people_search_normalized_name
2026-09-30,2026-09-30T18:31:55.898422+00:00,2026-09-30,DraftKings official lineup CSV,https://www.draftkings.com/lineup/getavailableplayerscsv?contestTypeId=9&draftGroupId=154199,154199,9,Selected largest-prize regular Classic MLB draft group after excluding Turbo/Night/qualifier/satellite/showdown/snake/single-stat slates.,OF,Joey Loperfido (44334163),Joey Loperfido,44334163,OF,2000,CWS@HOU 09/30/2026 05:00PM ET,09/30/2026 05:00PM ET,HOU,CWS,home,4.3,694388,Joey Loperfido,mapped,identity_name_team_map,Stable identity seed from old DK-ID map. Pilot join status: matched via normalized_name_team
2026-09-30,2026-09-30T18:31:55.898422+00:00,2026-09-30,DraftKings official lineup CSV,https://www.draftkings.com/lineup/getavailableplayerscsv?contestTypeId=9&draftGroupId=154199,154199,9,Selected largest-prize regular Classic MLB draft group after excluding Turbo/Night/qualifier/satellite/showdown/snake/single-stat slates.,C,Collin Price (44334175),Collin Price,44334175,C,2000,CWS@HOU 09/30/2026 05:00PM ET,09/30/2026 05:00PM ET,HOU,CWS,home,1.7,805672,Collin Price,mapped,identity_name_team_map,Stable identity seed from old DK-ID map. Pilot join status: matched via normalized_name_team
2026-09-30,2026-09-30T18:31:55.898422+00:00,2026-09-30,DraftKings official lineup CSV,https://www.draftkings.com/lineup/getavailableplayerscsv?contestTypeId=9&draftGroupId=154199,154199,9,Selected largest-prize regular Classic MLB draft group after excluding Turbo/Night/qualifier/satellite/showdown/snake/single-stat slates.,OF,Zach Cole (44334178),Zach Cole,44334178,OF,2000,CWS@HOU 09/30/2026 05:00PM ET,09/30/2026 05:00PM ET,HOU,CWS,home,3.9,805904,Zach Cole,mapped,identity_name_team_map,Stable identity seed from old DK-ID map. Pilot join status: matched via normalized_name_team
2026-09-30,2026-09-30T18:31:55.898422+00:00,2026-09-30,DraftKings official lineup CSV,https://www.draftkings.com/lineup/getavailableplayerscsv?contestTypeId=9&draftGroupId=154199,154199,9,Selected largest-prize regular Classic MLB draft group after excluding Turbo/Night/qualifier/satellite/showdown/snake/single-stat slates.,OF,Zach Dezenzo (44334179),Zach Dezenzo,44334179,OF,2000,CWS@HOU 09/30/2026 05:00PM ET,09/30/2026 05:00PM ET,HOU,CWS,home,3.1,701305,Zach Dezenzo,mapped,identity_name_team_map,Stable identity seed from old DK-ID map. Pilot join status: matched via normalized_name_team
2026-09-30,2026-09-30T18:31:55.898422+00:00,2026-09-30,DraftKings official lineup CSV,https://www.draftkings.com/lineup/getavailableplayerscsv?contestTypeId=9&draftGroupId=154199,154199,9,Selected largest-prize regular Classic MLB draft group after excluding Turbo/Night/qualifier/satellite/showdown/snake/single-stat slates.,2B,Kristian Campbell (44334185),Kristian Campbell,44334185,2B,2000,BOS@NYY 09/30/2026 08:00PM ET,09/30/2026 08:00PM ET,BOS,NYY,away,0,,,needs_review_new_player,identity_name_team_map,No reviewed normalized-name/team identity alias; do not auto-guess.
2026-09-30,2026-09-30T18:31:55.898422+00:00,2026-09-30,DraftKings official lineup CSV,https://www.draftkings.com/lineup/getavailableplayerscsv?contestTypeId=9&draftGroupId=154199,154199,9,Selected largest-prize regular Classic MLB draft group after excluding Turbo/Night/qualifier/satellite/showdown/snake/single-stat slates.,OF,Rikuu Nishida (44334187),Rikuu Nishida,44334187,OF,2000,CWS@HOU 09/30/2026 05:00PM ET,09/30/2026 05:00PM ET,CWS,HOU,away,2.6,807747,Rikuu Nishida,mapped,identity_name_team_map,Stable identity seed from old DK-ID map. Pilot join status: matched via normalized_name_team
