captureDate,capturedAtUtc,slateDate,source,sourceUrl,draftGroupId,contestTypeId,selectionReason,position,namePlusId,dkName,dkPlayerId,rosterPosition,salary,gameInfo,gameDateTimeEt,teamAbbrev,opponent,homeAway,avgPointsPerGame,mlbamId,mlbName,joinStatus,joinMethod,joinNote
2026-07-08,2026-07-08T15:51:55.513256+00:00,2026-07-08,DraftKings official lineup CSV,https://www.draftkings.com/lineup/getavailableplayerscsv?contestTypeId=9&draftGroupId=150412,150412,9,Selected largest-prize regular Classic MLB draft group after excluding Turbo/Night/qualifier/satellite/showdown/snake/single-stat slates.,SP,Jacob Misiorowski (43505179),Jacob Misiorowski,43505179,P,12500,MIL@STL 07/08/2026 07:45PM ET,07/08/2026 07:45PM ET,MIL,STL,away,29.64,694819,Jacob Misiorowski,mapped,identity_name_team_map,Stable identity seed from old DK-ID map. Pilot join status: matched via normalized_name_team
2026-07-08,2026-07-08T15:51:55.513256+00:00,2026-07-08,DraftKings official lineup CSV,https://www.draftkings.com/lineup/getavailableplayerscsv?contestTypeId=9&draftGroupId=150412,150412,9,Selected largest-prize regular Classic MLB draft group after excluding Turbo/Night/qualifier/satellite/showdown/snake/single-stat slates.,SP,Tyler Glasnow (43505180),Tyler Glasnow,43505180,P,11000,COL@LAD 07/08/2026 10:10PM ET,07/08/2026 10:10PM ET,LAD,COL,home,22.21,,,needs_review_new_player,identity_name_team_map,No reviewed normalized-name/team identity alias; do not auto-guess.
2026-07-08,2026-07-08T15:51:55.513256+00:00,2026-07-08,DraftKings official lineup CSV,https://www.draftkings.com/lineup/getavailableplayerscsv?contestTypeId=9&draftGroupId=150412,150412,9,Selected largest-prize regular Classic MLB draft group after excluding Turbo/Night/qualifier/satellite/showdown/snake/single-stat slates.,SP,Yoshinobu Yamamoto (43505181),Yoshinobu Yamamoto,43505181,P,11000,COL@LAD 07/08/2026 10:10PM ET,07/08/2026 10:10PM ET,LAD,COL,home,22.28,,,needs_review_new_player,identity_name_team_map,No reviewed normalized-name/team identity alias; do not auto-guess.
2026-07-08,2026-07-08T15:51:55.513256+00:00,2026-07-08,DraftKings official lineup CSV,https://www.draftkings.com/lineup/getavailableplayerscsv?contestTypeId=9&draftGroupId=150412,150412,9,Selected largest-prize regular Classic MLB draft group after excluding Turbo/Night/qualifier/satellite/showdown/snake/single-stat slates.,SP,Chase Burns (43504787),Chase Burns,43504787,P,10500,PHI@CIN 07/08/2026 07:10PM ET,07/08/2026 07:10PM ET,CIN,PHI,home,22.16,695505,Chase Burns,mapped,identity_name_team_map,Stable identity seed from old DK-ID map. Pilot join status: matched via normalized_name_team
2026-07-08,2026-07-08T15:51:55.513256+00:00,2026-07-08,DraftKings official lineup CSV,https://www.draftkings.com/lineup/getavailableplayerscsv?contestTypeId=9&draftGroupId=150412,150412,9,Selected largest-prize regular Classic MLB draft group after excluding Turbo/Night/qualifier/satellite/showdown/snake/single-stat slates.,SP,Cristopher Sanchez (43505182),Cristopher Sanchez,43505182,P,10500,PHI@CIN 07/08/2026 07:10PM ET,07/08/2026 07:10PM ET,PHI,CIN,away,22.87,650911,Cristopher Sánchez,mapped,identity_name_team_map,Stable identity seed from old DK-ID map. Pilot join status: matched via normalized_name_team
2026-07-08,2026-07-08T15:51:55.513256+00:00,2026-07-08,DraftKings official lineup CSV,https://www.draftkings.com/lineup/getavailableplayerscsv?contestTypeId=9&draftGroupId=150412,150412,9,Selected largest-prize regular Classic MLB draft group after excluding Turbo/Night/qualifier/satellite/showdown/snake/single-stat slates.,SP,Zack Wheeler (43505183),Zack Wheeler,43505183,P,10500,PHI@CIN 07/08/2026 07:10PM ET,07/08/2026 07:10PM ET,PHI,CIN,away,23.94,554430,Zack Wheeler,mapped,identity_name_team_map,Stable identity seed from old DK-ID map. Pilot join status: matched via normalized_name_team
2026-07-08,2026-07-08T15:51:55.513256+00:00,2026-07-08,DraftKings official lineup CSV,https://www.draftkings.com/lineup/getavailableplayerscsv?contestTypeId=9&draftGroupId=150412,150412,9,Selected largest-prize regular Classic MLB draft group after excluding Turbo/Night/qualifier/satellite/showdown/snake/single-stat slates.,SP,Garrett Crochet (43505184),Garrett Crochet,43505184,P,10200,BOS@CWS 07/08/2026 07:40PM ET,07/08/2026 07:40PM ET,BOS,CWS,away,13.78,,,needs_review_new_player,identity_name_team_map,No reviewed normalized-name/team identity alias; do not auto-guess.
2026-07-08,2026-07-08T15:51:55.513256+00:00,2026-07-08,DraftKings official lineup CSV,https://www.draftkings.com/lineup/getavailableplayerscsv?contestTypeId=9&draftGroupId=150412,150412,9,Selected largest-prize regular Classic MLB draft group after excluding Turbo/Night/qualifier/satellite/showdown/snake/single-stat slates.,SP,Joe Ryan (43505185),Joe Ryan,43505185,P,9900,CLE@MIN 07/08/2026 07:40PM ET,07/08/2026 07:40PM ET,MIN,CLE,home,18.76,657746,Joe Ryan,mapped,identity_name_team_map,Proposed from review candidates; basis=exact normalized name + team; role-compatible; hot-dog-stand-latest.json|statcast_pitcher_2026; confidence=high; sources=hot-dog-stand-latest.json|statcast_pitcher_2026
2026-07-08,2026-07-08T15:51:55.513256+00:00,2026-07-08,DraftKings official lineup CSV,https://www.draftkings.com/lineup/getavailableplayerscsv?contestTypeId=9&draftGroupId=150412,150412,9,Selected largest-prize regular Classic MLB draft group after excluding Turbo/Night/qualifier/satellite/showdown/snake/single-stat slates.,SP,Kyle Harrison (43504788),Kyle Harrison,43504788,P,9500,MIL@STL 07/08/2026 07:45PM ET,07/08/2026 07:45PM ET,MIL,STL,away,19.08,690986,Kyle Harrison,mapped,identity_name_team_map,Stable identity seed from old DK-ID map. Pilot join status: matched via normalized_name_team
2026-07-08,2026-07-08T15:51:55.513256+00:00,2026-07-08,DraftKings official lineup CSV,https://www.draftkings.com/lineup/getavailableplayerscsv?contestTypeId=9&draftGroupId=150412,150412,9,Selected largest-prize regular Classic MLB draft group after excluding Turbo/Night/qualifier/satellite/showdown/snake/single-stat slates.,SP,Logan Henderson (43505186),Logan Henderson,43505186,P,9500,MIL@STL 07/08/2026 07:45PM ET,07/08/2026 07:45PM ET,MIL,STL,away,18.27,701656,Logan Henderson,mapped,identity_name_team_map,Stable identity seed from old DK-ID map. Pilot join status: matched via normalized_name_team
2026-07-08,2026-07-08T15:51:55.513256+00:00,2026-07-08,DraftKings official lineup CSV,https://www.draftkings.com/lineup/getavailableplayerscsv?contestTypeId=9&draftGroupId=150412,150412,9,Selected largest-prize regular Classic MLB draft group after excluding Turbo/Night/qualifier/satellite/showdown/snake/single-stat slates.,SP,Nathan Eovaldi (43505187),Nathan Eovaldi,43505187,P,9300,LAA@TEX 07/08/2026 08:05PM ET,07/08/2026 08:05PM ET,TEX,LAA,home,18.92,543135,Nathan Eovaldi,mapped,identity_name_team_map,Stable identity seed from old DK-ID map. Pilot join status: matched via normalized_name_team
2026-07-08,2026-07-08T15:51:55.513256+00:00,2026-07-08,DraftKings official lineup CSV,https://www.draftkings.com/lineup/getavailableplayerscsv?contestTypeId=9&draftGroupId=150412,150412,9,Selected largest-prize regular Classic MLB draft group after excluding Turbo/Night/qualifier/satellite/showdown/snake/single-stat slates.,SP,Jacob deGrom (43505188),Jacob deGrom,43505188,P,9300,LAA@TEX 07/08/2026 08:05PM ET,07/08/2026 08:05PM ET,TEX,LAA,home,19.96,594798,Jacob deGrom,mapped,identity_name_team_map,Stable identity seed from old DK-ID map. Pilot join status: matched via normalized_name_team
2026-07-08,2026-07-08T15:51:55.513256+00:00,2026-07-08,DraftKings official lineup CSV,https://www.draftkings.com/lineup/getavailableplayerscsv?contestTypeId=9&draftGroupId=150412,150412,9,Selected largest-prize regular Classic MLB draft group after excluding Turbo/Night/qualifier/satellite/showdown/snake/single-stat slates.,SP,Nolan McLean (43505189),Nolan McLean,43505189,P,9200,KC@NYM 07/08/2026 07:10PM ET,07/08/2026 07:10PM ET,NYM,KC,home,18.28,690997,Nolan McLean,mapped,identity_name_team_map,Stable identity seed from old DK-ID map. Pilot join status: matched via normalized_name_team
2026-07-08,2026-07-08T15:51:55.513256+00:00,2026-07-08,DraftKings official lineup CSV,https://www.draftkings.com/lineup/getavailableplayerscsv?contestTypeId=9&draftGroupId=150412,150412,9,Selected largest-prize regular Classic MLB draft group after excluding Turbo/Night/qualifier/satellite/showdown/snake/single-stat slates.,SP,Blake Snell (43505190),Blake Snell,43505190,P,9000,COL@LAD 07/08/2026 10:10PM ET,07/08/2026 10:10PM ET,LAD,COL,home,3.95,,,needs_review_new_player,identity_name_team_map,No reviewed normalized-name/team identity alias; do not auto-guess.
2026-07-08,2026-07-08T15:51:55.513256+00:00,2026-07-08,DraftKings official lineup CSV,https://www.draftkings.com/lineup/getavailableplayerscsv?contestTypeId=9&draftGroupId=150412,150412,9,Selected largest-prize regular Classic MLB draft group after excluding Turbo/Night/qualifier/satellite/showdown/snake/single-stat slates.,SP,Justin Wrobleski (43505191),Justin Wrobleski,43505191,P,9000,COL@LAD 07/08/2026 10:10PM ET,07/08/2026 10:10PM ET,LAD,COL,home,18.05,,,needs_review_new_player,identity_name_team_map,No reviewed normalized-name/team identity alias; do not auto-guess.
2026-07-08,2026-07-08T15:51:55.513256+00:00,2026-07-08,DraftKings official lineup CSV,https://www.draftkings.com/lineup/getavailableplayerscsv?contestTypeId=9&draftGroupId=150412,150412,9,Selected largest-prize regular Classic MLB draft group after excluding Turbo/Night/qualifier/satellite/showdown/snake/single-stat slates.,SP,Corbin Burnes (43505192),Corbin Burnes,43505192,P,9000,ARI@SD 07/08/2026 10:10PM ET,07/08/2026 10:10PM ET,ARI,SD,away,0,,,needs_review_new_player,identity_name_team_map,No reviewed normalized-name/team identity alias; do not auto-guess.
2026-07-08,2026-07-08T15:51:55.513256+00:00,2026-07-08,DraftKings official lineup CSV,https://www.draftkings.com/lineup/getavailableplayerscsv?contestTypeId=9&draftGroupId=150412,150412,9,Selected largest-prize regular Classic MLB draft group after excluding Turbo/Night/qualifier/satellite/showdown/snake/single-stat slates.,SP,Taj Bradley (43505194),Taj Bradley,43505194,P,8900,CLE@MIN 07/08/2026 07:40PM ET,07/08/2026 07:40PM ET,MIN,CLE,home,18.93,671737,Taj Bradley,mapped,identity_name_team_map,Proposed from review candidates; basis=exact normalized name + team; role-compatible; hot-dog-stand-latest.json|statcast_pitcher_2026; confidence=high; sources=hot-dog-stand-latest.json|statcast_pitcher_2026
2026-07-08,2026-07-08T15:51:55.513256+00:00,2026-07-08,DraftKings official lineup CSV,https://www.draftkings.com/lineup/getavailableplayerscsv?contestTypeId=9&draftGroupId=150412,150412,9,Selected largest-prize regular Classic MLB draft group after excluding Turbo/Night/qualifier/satellite/showdown/snake/single-stat slates.,SP,Pablo Lopez (43505195),Pablo Lopez,43505195,P,8900,CLE@MIN 07/08/2026 07:40PM ET,07/08/2026 07:40PM ET,MIN,CLE,home,0,,,needs_review_new_player,identity_name_team_map,No reviewed normalized-name/team identity alias; do not auto-guess.
2026-07-08,2026-07-08T15:51:55.513256+00:00,2026-07-08,DraftKings official lineup CSV,https://www.draftkings.com/lineup/getavailableplayerscsv?contestTypeId=9&draftGroupId=150412,150412,9,Selected largest-prize regular Classic MLB draft group after excluding Turbo/Night/qualifier/satellite/showdown/snake/single-stat slates.,SP,Mick Abel (43505196),Mick Abel,43505196,P,8900,CLE@MIN 07/08/2026 07:40PM ET,07/08/2026 07:40PM ET,MIN,CLE,home,14.19,690953,Mick Abel,mapped,identity_name_team_map,Proposed from review candidates; basis=exact normalized name + team; role-compatible; statcast_pitcher_2026; confidence=high; sources=statcast_pitcher_2026
2026-07-08,2026-07-08T15:51:55.513256+00:00,2026-07-08,DraftKings official lineup CSV,https://www.draftkings.com/lineup/getavailableplayerscsv?contestTypeId=9&draftGroupId=150412,150412,9,Selected largest-prize regular Classic MLB draft group after excluding Turbo/Night/qualifier/satellite/showdown/snake/single-stat slates.,SP,Nick Pivetta (43505193),Nick Pivetta,43505193,P,8900,ARI@SD 07/08/2026 10:10PM ET,07/08/2026 10:10PM ET,SD,ARI,home,15.3,601713,Nick Pivetta,mapped,identity_name_team_map,Stable identity seed from old DK-ID map. Pilot join status: matched via normalized_name_team
2026-07-08,2026-07-08T15:51:55.513256+00:00,2026-07-08,DraftKings official lineup CSV,https://www.draftkings.com/lineup/getavailableplayerscsv?contestTypeId=9&draftGroupId=150412,150412,9,Selected largest-prize regular Classic MLB draft group after excluding Turbo/Night/qualifier/satellite/showdown/snake/single-stat slates.,SP,Ranger Suarez (43505197),Ranger Suarez,43505197,P,8700,BOS@CWS 07/08/2026 07:40PM ET,07/08/2026 07:40PM ET,BOS,CWS,away,16.86,,,needs_review_new_player,identity_name_team_map,No reviewed normalized-name/team identity alias; do not auto-guess.
2026-07-08,2026-07-08T15:51:55.513256+00:00,2026-07-08,DraftKings official lineup CSV,https://www.draftkings.com/lineup/getavailableplayerscsv?contestTypeId=9&draftGroupId=150412,150412,9,Selected largest-prize regular Classic MLB draft group after excluding Turbo/Night/qualifier/satellite/showdown/snake/single-stat slates.,SP,Sonny Gray (43505198),Sonny Gray,43505198,P,8700,BOS@CWS 07/08/2026 07:40PM ET,07/08/2026 07:40PM ET,BOS,CWS,away,18.28,,,needs_review_new_player,identity_name_team_map,No reviewed normalized-name/team identity alias; do not auto-guess.
2026-07-08,2026-07-08T15:51:55.513256+00:00,2026-07-08,DraftKings official lineup CSV,https://www.draftkings.com/lineup/getavailableplayerscsv?contestTypeId=9&draftGroupId=150412,150412,9,Selected largest-prize regular Classic MLB draft group after excluding Turbo/Night/qualifier/satellite/showdown/snake/single-stat slates.,SP,Payton Tolle (43505199),Payton Tolle,43505199,P,8700,BOS@CWS 07/08/2026 07:40PM ET,07/08/2026 07:40PM ET,BOS,CWS,away,17.67,,,needs_review_new_player,identity_name_team_map,No reviewed normalized-name/team identity alias; do not auto-guess.
2026-07-08,2026-07-08T15:51:55.513256+00:00,2026-07-08,DraftKings official lineup CSV,https://www.draftkings.com/lineup/getavailableplayerscsv?contestTypeId=9&draftGroupId=150412,150412,9,Selected largest-prize regular Classic MLB draft group after excluding Turbo/Night/qualifier/satellite/showdown/snake/single-stat slates.,SP,Connelly Early (43505202),Connelly Early,43505202,P,8700,BOS@CWS 07/08/2026 07:40PM ET,07/08/2026 07:40PM ET,BOS,CWS,away,16.23,,,needs_review_new_player,identity_name_team_map,No reviewed normalized-name/team identity alias; do not auto-guess.
2026-07-08,2026-07-08T15:51:55.513256+00:00,2026-07-08,DraftKings official lineup CSV,https://www.draftkings.com/lineup/getavailableplayerscsv?contestTypeId=9&draftGroupId=150412,150412,9,Selected largest-prize regular Classic MLB draft group after excluding Turbo/Night/qualifier/satellite/showdown/snake/single-stat slates.,SP,Parker Messick (43505200),Parker Messick,43505200,P,8700,CLE@MIN 07/08/2026 07:40PM ET,07/08/2026 07:40PM ET,CLE,MIN,away,19.38,,,needs_review_new_player,identity_name_team_map,No reviewed normalized-name/team identity alias; do not auto-guess.
2026-07-08,2026-07-08T15:51:55.513256+00:00,2026-07-08,DraftKings official lineup CSV,https://www.draftkings.com/lineup/getavailableplayerscsv?contestTypeId=9&draftGroupId=150412,150412,9,Selected largest-prize regular Classic MLB draft group after excluding Turbo/Night/qualifier/satellite/showdown/snake/single-stat slates.,SP,Gavin Williams (43505201),Gavin Williams,43505201,P,8700,CLE@MIN 07/08/2026 07:40PM ET,07/08/2026 07:40PM ET,CLE,MIN,away,19.61,,,needs_review_new_player,identity_name_team_map,No reviewed normalized-name/team identity alias; do not auto-guess.
2026-07-08,2026-07-08T15:51:55.513256+00:00,2026-07-08,DraftKings official lineup CSV,https://www.draftkings.com/lineup/getavailableplayerscsv?contestTypeId=9&draftGroupId=150412,150412,9,Selected largest-prize regular Classic MLB draft group after excluding Turbo/Night/qualifier/satellite/showdown/snake/single-stat slates.,SP,Jesus Luzardo (43505203),Jesus Luzardo,43505203,P,8500,PHI@CIN 07/08/2026 07:10PM ET,07/08/2026 07:10PM ET,PHI,CIN,away,18.91,666200,Jesús Luzardo,mapped,identity_name_team_map,Stable identity seed from old DK-ID map. Pilot join status: matched via normalized_name_team
2026-07-08,2026-07-08T15:51:55.513256+00:00,2026-07-08,DraftKings official lineup CSV,https://www.draftkings.com/lineup/getavailableplayerscsv?contestTypeId=9&draftGroupId=150412,150412,9,Selected largest-prize regular Classic MLB draft group after excluding Turbo/Night/qualifier/satellite/showdown/snake/single-stat slates.,SP,Hunter Greene (43505204),Hunter Greene,43505204,P,8500,PHI@CIN 07/08/2026 07:10PM ET,07/08/2026 07:10PM ET,CIN,PHI,home,-1.1,668881,Hunter Greene,mapped,identity_name_team_map,Stable identity seed from old DK-ID map. Pilot join status: matched_people_search_name via mlb_people_search_normalized_name
2026-07-08,2026-07-08T15:51:55.513256+00:00,2026-07-08,DraftKings official lineup CSV,https://www.draftkings.com/lineup/getavailableplayerscsv?contestTypeId=9&draftGroupId=150412,150412,9,Selected largest-prize regular Classic MLB draft group after excluding Turbo/Night/qualifier/satellite/showdown/snake/single-stat slates.,SP,Davis Martin (43504789),Davis Martin,43504789,P,8500,BOS@CWS 07/08/2026 07:40PM ET,07/08/2026 07:40PM ET,CWS,BOS,home,17.16,663436,Davis Martin,mapped,identity_name_team_map,Stable identity seed from old DK-ID map. Pilot join status: matched via normalized_name_team
2026-07-08,2026-07-08T15:51:55.513256+00:00,2026-07-08,DraftKings official lineup CSV,https://www.draftkings.com/lineup/getavailableplayerscsv?contestTypeId=9&draftGroupId=150412,150412,9,Selected largest-prize regular Classic MLB draft group after excluding Turbo/Night/qualifier/satellite/showdown/snake/single-stat slates.,SP,Brandon Woodruff (43505205),Brandon Woodruff,43505205,P,8500,MIL@STL 07/08/2026 07:45PM ET,07/08/2026 07:45PM ET,MIL,STL,away,16.73,605540,Brandon Woodruff,mapped,identity_name_team_map,Stable identity seed from old DK-ID map. Pilot join status: matched via normalized_name_team
2026-07-08,2026-07-08T15:51:55.513256+00:00,2026-07-08,DraftKings official lineup CSV,https://www.draftkings.com/lineup/getavailableplayerscsv?contestTypeId=9&draftGroupId=150412,150412,9,Selected largest-prize regular Classic MLB draft group after excluding Turbo/Night/qualifier/satellite/showdown/snake/single-stat slates.,SP,MacKenzie Gore (43504790),MacKenzie Gore,43504790,P,8300,LAA@TEX 07/08/2026 08:05PM ET,07/08/2026 08:05PM ET,TEX,LAA,home,15.42,669022,MacKenzie Gore,mapped,identity_name_team_map,Stable identity seed from old DK-ID map. Pilot join status: matched via normalized_name_team
2026-07-08,2026-07-08T15:51:55.513256+00:00,2026-07-08,DraftKings official lineup CSV,https://www.draftkings.com/lineup/getavailableplayerscsv?contestTypeId=9&draftGroupId=150412,150412,9,Selected largest-prize regular Classic MLB draft group after excluding Turbo/Night/qualifier/satellite/showdown/snake/single-stat slates.,SP,Cole Ragans (43505206),Cole Ragans,43505206,P,8300,KC@NYM 07/08/2026 07:10PM ET,07/08/2026 07:10PM ET,KC,NYM,away,13.19,666142,Cole Ragans,mapped,identity_name_team_map,Stable identity seed from old DK-ID map. Pilot join status: matched via normalized_name_team
2026-07-08,2026-07-08T15:51:55.513256+00:00,2026-07-08,DraftKings official lineup CSV,https://www.draftkings.com/lineup/getavailableplayerscsv?contestTypeId=9&draftGroupId=150412,150412,9,Selected largest-prize regular Classic MLB draft group after excluding Turbo/Night/qualifier/satellite/showdown/snake/single-stat slates.,SP,Kris Bubic (43505207),Kris Bubic,43505207,P,8300,KC@NYM 07/08/2026 07:10PM ET,07/08/2026 07:10PM ET,KC,NYM,away,15.94,663460,Kris Bubic,mapped,identity_name_team_map,Stable identity seed from old DK-ID map. Pilot join status: matched via normalized_name_team
2026-07-08,2026-07-08T15:51:55.513256+00:00,2026-07-08,DraftKings official lineup CSV,https://www.draftkings.com/lineup/getavailableplayerscsv?contestTypeId=9&draftGroupId=150412,150412,9,Selected largest-prize regular Classic MLB draft group after excluding Turbo/Night/qualifier/satellite/showdown/snake/single-stat slates.,SP,Tylor Megill (43505208),Tylor Megill,43505208,P,8200,KC@NYM 07/08/2026 07:10PM ET,07/08/2026 07:10PM ET,NYM,KC,home,0,656731,Tylor Megill,mapped,identity_name_team_map,Stable identity seed from old DK-ID map. Pilot join status: matched_people_search_name via mlb_people_search_normalized_name
2026-07-08,2026-07-08T15:51:55.513256+00:00,2026-07-08,DraftKings official lineup CSV,https://www.draftkings.com/lineup/getavailableplayerscsv?contestTypeId=9&draftGroupId=150412,150412,9,Selected largest-prize regular Classic MLB draft group after excluding Turbo/Night/qualifier/satellite/showdown/snake/single-stat slates.,RP,Clay Holmes (43505209),Clay Holmes,43505209,P,8200,KC@NYM 07/08/2026 07:10PM ET,07/08/2026 07:10PM ET,NYM,KC,home,17.9,605280,Clay Holmes,mapped,identity_name_team_map,Stable identity seed from old DK-ID map. Pilot join status: matched via normalized_name_team
2026-07-08,2026-07-08T15:51:55.513256+00:00,2026-07-08,DraftKings official lineup CSV,https://www.draftkings.com/lineup/getavailableplayerscsv?contestTypeId=9&draftGroupId=150412,150412,9,Selected largest-prize regular Classic MLB draft group after excluding Turbo/Night/qualifier/satellite/showdown/snake/single-stat slates.,SP,Walbert Urena (43504791),Walbert Urena,43504791,P,8100,LAA@TEX 07/08/2026 08:05PM ET,07/08/2026 08:05PM ET,LAA,TEX,away,14.2,700712,Walbert Ureña,mapped,identity_name_team_map,Stable identity seed from old DK-ID map. Pilot join status: matched via normalized_name_team
2026-07-08,2026-07-08T15:51:55.513256+00:00,2026-07-08,DraftKings official lineup CSV,https://www.draftkings.com/lineup/getavailableplayerscsv?contestTypeId=9&draftGroupId=150412,150412,9,Selected largest-prize regular Classic MLB draft group after excluding Turbo/Night/qualifier/satellite/showdown/snake/single-stat slates.,SP,Jose Soriano (43505210),Jose Soriano,43505210,P,8100,LAA@TEX 07/08/2026 08:05PM ET,07/08/2026 08:05PM ET,LAA,TEX,away,17.60,667755,José Soriano,mapped,identity_name_team_map,Stable identity seed from old DK-ID map. Pilot join status: matched via normalized_name_team
2026-07-08,2026-07-08T15:51:55.513256+00:00,2026-07-08,DraftKings official lineup CSV,https://www.draftkings.com/lineup/getavailableplayerscsv?contestTypeId=9&draftGroupId=150412,150412,9,Selected largest-prize regular Classic MLB draft group after excluding Turbo/Night/qualifier/satellite/showdown/snake/single-stat slates.,SP,Reid Detmers (43505211),Reid Detmers,43505211,P,8100,LAA@TEX 07/08/2026 08:05PM ET,07/08/2026 08:05PM ET,LAA,TEX,away,17.27,672282,Reid Detmers,mapped,identity_name_team_map,Stable identity seed from old DK-ID map. Pilot join status: matched via normalized_name_team
2026-07-08,2026-07-08T15:51:55.513256+00:00,2026-07-08,DraftKings official lineup CSV,https://www.draftkings.com/lineup/getavailableplayerscsv?contestTypeId=9&draftGroupId=150412,150412,9,Selected largest-prize regular Classic MLB draft group after excluding Turbo/Night/qualifier/satellite/showdown/snake/single-stat slates.,SP,Emmet Sheehan (43505212),Emmet Sheehan,43505212,P,8000,COL@LAD 07/08/2026 10:10PM ET,07/08/2026 10:10PM ET,LAD,COL,home,13.47,,,needs_review_new_player,identity_name_team_map,No reviewed normalized-name/team identity alias; do not auto-guess.
2026-07-08,2026-07-08T15:51:55.513256+00:00,2026-07-08,DraftKings official lineup CSV,https://www.draftkings.com/lineup/getavailableplayerscsv?contestTypeId=9&draftGroupId=150412,150412,9,Selected largest-prize regular Classic MLB draft group after excluding Turbo/Night/qualifier/satellite/showdown/snake/single-stat slates.,SP,Michael Soroka (43505213),Michael Soroka,43505213,P,8000,ARI@SD 07/08/2026 10:10PM ET,07/08/2026 10:10PM ET,ARI,SD,away,17.47,,,needs_review_new_player,identity_name_team_map,No reviewed normalized-name/team identity alias; do not auto-guess.
2026-07-08,2026-07-08T15:51:55.513256+00:00,2026-07-08,DraftKings official lineup CSV,https://www.draftkings.com/lineup/getavailableplayerscsv?contestTypeId=9&draftGroupId=150412,150412,9,Selected largest-prize regular Classic MLB draft group after excluding Turbo/Night/qualifier/satellite/showdown/snake/single-stat slates.,SP,Eduardo Rodriguez (43505214),Eduardo Rodriguez,43505214,P,8000,ARI@SD 07/08/2026 10:10PM ET,07/08/2026 10:10PM ET,ARI,SD,away,16.11,,,needs_review_new_player,identity_name_team_map,No reviewed normalized-name/team identity alias; do not auto-guess.
2026-07-08,2026-07-08T15:51:55.513256+00:00,2026-07-08,DraftKings official lineup CSV,https://www.draftkings.com/lineup/getavailableplayerscsv?contestTypeId=9&draftGroupId=150412,150412,9,Selected largest-prize regular Classic MLB draft group after excluding Turbo/Night/qualifier/satellite/showdown/snake/single-stat slates.,SP,Zebby Matthews (43505217),Zebby Matthews,43505217,P,7900,CLE@MIN 07/08/2026 07:40PM ET,07/08/2026 07:40PM ET,MIN,CLE,home,15.14,805673,Zebby Matthews,mapped,identity_name_team_map,Proposed from review candidates; basis=exact normalized name + team; role-compatible; hot-dog-stand-latest.json|statcast_pitcher_2026; confidence=high; sources=hot-dog-stand-latest.json|statcast_pitcher_2026
2026-07-08,2026-07-08T15:51:55.513256+00:00,2026-07-08,DraftKings official lineup CSV,https://www.draftkings.com/lineup/getavailableplayerscsv?contestTypeId=9&draftGroupId=150412,150412,9,Selected largest-prize regular Classic MLB draft group after excluding Turbo/Night/qualifier/satellite/showdown/snake/single-stat slates.,SP,Michael King (43504792),Michael King,43504792,P,7900,ARI@SD 07/08/2026 10:10PM ET,07/08/2026 10:10PM ET,SD,ARI,home,15.00,650633,Michael King,mapped,identity_name_team_map,Stable identity seed from old DK-ID map. Pilot join status: matched via normalized_name_team
2026-07-08,2026-07-08T15:51:55.513256+00:00,2026-07-08,DraftKings official lineup CSV,https://www.draftkings.com/lineup/getavailableplayerscsv?contestTypeId=9&draftGroupId=150412,150412,9,Selected largest-prize regular Classic MLB draft group after excluding Turbo/Night/qualifier/satellite/showdown/snake/single-stat slates.,SP,Joe Musgrove (43505215),Joe Musgrove,43505215,P,7900,ARI@SD 07/08/2026 10:10PM ET,07/08/2026 10:10PM ET,SD,ARI,home,0,605397,Joe Musgrove,mapped,identity_name_team_map,Stable identity seed from old DK-ID map. Pilot join status: matched_people_search_name via mlb_people_search_normalized_name
2026-07-08,2026-07-08T15:51:55.513256+00:00,2026-07-08,DraftKings official lineup CSV,https://www.draftkings.com/lineup/getavailableplayerscsv?contestTypeId=9&draftGroupId=150412,150412,9,Selected largest-prize regular Classic MLB draft group after excluding Turbo/Night/qualifier/satellite/showdown/snake/single-stat slates.,SP,Walker Buehler (43505216),Walker Buehler,43505216,P,7900,ARI@SD 07/08/2026 10:10PM ET,07/08/2026 10:10PM ET,SD,ARI,home,11.26,621111,Walker Buehler,mapped,identity_name_team_map,Stable identity seed from old DK-ID map. Pilot join status: matched via normalized_name_team
2026-07-08,2026-07-08T15:51:55.513256+00:00,2026-07-08,DraftKings official lineup CSV,https://www.draftkings.com/lineup/getavailableplayerscsv?contestTypeId=9&draftGroupId=150412,150412,9,Selected largest-prize regular Classic MLB draft group after excluding Turbo/Night/qualifier/satellite/showdown/snake/single-stat slates.,SP,Jake Bennett (43504793),Jake Bennett,43504793,P,7700,BOS@CWS 07/08/2026 07:40PM ET,07/08/2026 07:40PM ET,BOS,CWS,away,16.13,,,needs_review_new_player,identity_name_team_map,No reviewed normalized-name/team identity alias; do not auto-guess.
2026-07-08,2026-07-08T15:51:55.513256+00:00,2026-07-08,DraftKings official lineup CSV,https://www.draftkings.com/lineup/getavailableplayerscsv?contestTypeId=9&draftGroupId=150412,150412,9,Selected largest-prize regular Classic MLB draft group after excluding Turbo/Night/qualifier/satellite/showdown/snake/single-stat slates.,RP,Joey Cantillo (43505218),Joey Cantillo,43505218,P,7700,CLE@MIN 07/08/2026 07:40PM ET,07/08/2026 07:40PM ET,CLE,MIN,away,14.47,,,needs_review_new_player,identity_name_team_map,No reviewed normalized-name/team identity alias; do not auto-guess.
2026-07-08,2026-07-08T15:51:55.513256+00:00,2026-07-08,DraftKings official lineup CSV,https://www.draftkings.com/lineup/getavailableplayerscsv?contestTypeId=9&draftGroupId=150412,150412,9,Selected largest-prize regular Classic MLB draft group after excluding Turbo/Night/qualifier/satellite/showdown/snake/single-stat slates.,SP,Tanner Bibee (43505219),Tanner Bibee,43505219,P,7700,CLE@MIN 07/08/2026 07:40PM ET,07/08/2026 07:40PM ET,CLE,MIN,away,12.92,,,needs_review_new_player,identity_name_team_map,No reviewed normalized-name/team identity alias; do not auto-guess.
2026-07-08,2026-07-08T15:51:55.513256+00:00,2026-07-08,DraftKings official lineup CSV,https://www.draftkings.com/lineup/getavailableplayerscsv?contestTypeId=9&draftGroupId=150412,150412,9,Selected largest-prize regular Classic MLB draft group after excluding Turbo/Night/qualifier/satellite/showdown/snake/single-stat slates.,SP,Nick Lodolo (43505220),Nick Lodolo,43505220,P,7500,PHI@CIN 07/08/2026 07:10PM ET,07/08/2026 07:10PM ET,CIN,PHI,home,10.78,666157,Nick Lodolo,mapped,identity_name_team_map,Stable identity seed from old DK-ID map. Pilot join status: matched via normalized_name_team
2026-07-08,2026-07-08T15:51:55.513256+00:00,2026-07-08,DraftKings official lineup CSV,https://www.draftkings.com/lineup/getavailableplayerscsv?contestTypeId=9&draftGroupId=150412,150412,9,Selected largest-prize regular Classic MLB draft group after excluding Turbo/Night/qualifier/satellite/showdown/snake/single-stat slates.,SP,Rhett Lowder (43505221),Rhett Lowder,43505221,P,7500,PHI@CIN 07/08/2026 07:10PM ET,07/08/2026 07:10PM ET,CIN,PHI,home,9.62,695076,Rhett Lowder,mapped,identity_name_team_map,Stable identity seed from old DK-ID map. Pilot join status: matched via normalized_name_team
2026-07-08,2026-07-08T15:51:55.513256+00:00,2026-07-08,DraftKings official lineup CSV,https://www.draftkings.com/lineup/getavailableplayerscsv?contestTypeId=9&draftGroupId=150412,150412,9,Selected largest-prize regular Classic MLB draft group after excluding Turbo/Night/qualifier/satellite/showdown/snake/single-stat slates.,SP,Aaron Nola (43505222),Aaron Nola,43505222,P,7500,PHI@CIN 07/08/2026 07:10PM ET,07/08/2026 07:10PM ET,PHI,CIN,away,11.44,605400,Aaron Nola,mapped,identity_name_team_map,Stable identity seed from old DK-ID map. Pilot join status: matched via normalized_name_team
2026-07-08,2026-07-08T15:51:55.513256+00:00,2026-07-08,DraftKings official lineup CSV,https://www.draftkings.com/lineup/getavailableplayerscsv?contestTypeId=9&draftGroupId=150412,150412,9,Selected largest-prize regular Classic MLB draft group after excluding Turbo/Night/qualifier/satellite/showdown/snake/single-stat slates.,SP,Andrew Abbott (43505223),Andrew Abbott,43505223,P,7500,PHI@CIN 07/08/2026 07:10PM ET,07/08/2026 07:10PM ET,CIN,PHI,home,12.56,671096,Andrew Abbott,mapped,identity_name_team_map,Stable identity seed from old DK-ID map. Pilot join status: matched via normalized_name_team
2026-07-08,2026-07-08T15:51:55.513256+00:00,2026-07-08,DraftKings official lineup CSV,https://www.draftkings.com/lineup/getavailableplayerscsv?contestTypeId=9&draftGroupId=150412,150412,9,Selected largest-prize regular Classic MLB draft group after excluding Turbo/Night/qualifier/satellite/showdown/snake/single-stat slates.,SP,Sean Burke (43505228),Sean Burke,43505228,P,7500,BOS@CWS 07/08/2026 07:40PM ET,07/08/2026 07:40PM ET,CWS,BOS,home,16.69,680732,Sean Burke,mapped,identity_name_team_map,Stable identity seed from old DK-ID map. Pilot join status: matched via normalized_name_team
2026-07-08,2026-07-08T15:51:55.513256+00:00,2026-07-08,DraftKings official lineup CSV,https://www.draftkings.com/lineup/getavailableplayerscsv?contestTypeId=9&draftGroupId=150412,150412,9,Selected largest-prize regular Classic MLB draft group after excluding Turbo/Night/qualifier/satellite/showdown/snake/single-stat slates.,RP,David Sandlin (43505229),David Sandlin,43505229,P,7500,BOS@CWS 07/08/2026 07:40PM ET,07/08/2026 07:40PM ET,CWS,BOS,home,12.62,689818,David Sandlin,mapped,identity_name_team_map,Stable identity seed from old DK-ID map. Pilot join status: matched via normalized_name_team
2026-07-08,2026-07-08T15:51:55.513256+00:00,2026-07-08,DraftKings official lineup CSV,https://www.draftkings.com/lineup/getavailableplayerscsv?contestTypeId=9&draftGroupId=150412,150412,9,Selected largest-prize regular Classic MLB draft group after excluding Turbo/Night/qualifier/satellite/showdown/snake/single-stat slates.,SP,Robert Gasser (43505224),Robert Gasser,43505224,P,7500,MIL@STL 07/08/2026 07:45PM ET,07/08/2026 07:45PM ET,MIL,STL,away,14.06,688107,Robert Gasser,mapped,identity_name_team_map,Stable identity seed from old DK-ID map. Pilot join status: matched via normalized_name_team
2026-07-08,2026-07-08T15:51:55.513256+00:00,2026-07-08,DraftKings official lineup CSV,https://www.draftkings.com/lineup/getavailableplayerscsv?contestTypeId=9&draftGroupId=150412,150412,9,Selected largest-prize regular Classic MLB draft group after excluding Turbo/Night/qualifier/satellite/showdown/snake/single-stat slates.,SP,Brandon Sproat (43505225),Brandon Sproat,43505225,P,7500,MIL@STL 07/08/2026 07:45PM ET,07/08/2026 07:45PM ET,MIL,STL,away,11.73,687075,Brandon Sproat,mapped,identity_name_team_map,Stable identity seed from old DK-ID map. Pilot join status: matched via normalized_name_team
2026-07-08,2026-07-08T15:51:55.513256+00:00,2026-07-08,DraftKings official lineup CSV,https://www.draftkings.com/lineup/getavailableplayerscsv?contestTypeId=9&draftGroupId=150412,150412,9,Selected largest-prize regular Classic MLB draft group after excluding Turbo/Night/qualifier/satellite/showdown/snake/single-stat slates.,RP,Shane Drohan (43505226),Shane Drohan,43505226,P,7500,MIL@STL 07/08/2026 07:45PM ET,07/08/2026 07:45PM ET,MIL,STL,away,10.62,675660,Shane Drohan,mapped,identity_name_team_map,Stable identity seed from old DK-ID map. Pilot join status: matched via normalized_name_team
2026-07-08,2026-07-08T15:51:55.513256+00:00,2026-07-08,DraftKings official lineup CSV,https://www.draftkings.com/lineup/getavailableplayerscsv?contestTypeId=9&draftGroupId=150412,150412,9,Selected largest-prize regular Classic MLB draft group after excluding Turbo/Night/qualifier/satellite/showdown/snake/single-stat slates.,SP,Chad Patrick (43505227),Chad Patrick,43505227,P,7500,MIL@STL 07/08/2026 07:45PM ET,07/08/2026 07:45PM ET,MIL,STL,away,7.11,694477,Chad Patrick,mapped,identity_name_team_map,Stable identity seed from old DK-ID map. Pilot join status: matched via normalized_name_team
2026-07-08,2026-07-08T15:51:55.513256+00:00,2026-07-08,DraftKings official lineup CSV,https://www.draftkings.com/lineup/getavailableplayerscsv?contestTypeId=9&draftGroupId=150412,150412,9,Selected largest-prize regular Classic MLB draft group after excluding Turbo/Night/qualifier/satellite/showdown/snake/single-stat slates.,SP,Andre Pallante (43504794),Andre Pallante,43504794,P,7400,MIL@STL 07/08/2026 07:45PM ET,07/08/2026 07:45PM ET,STL,MIL,home,14.23,669467,Andre Pallante,mapped,identity_name_team_map,Stable identity seed from old DK-ID map. Pilot join status: matched via normalized_name_team
2026-07-08,2026-07-08T15:51:55.513256+00:00,2026-07-08,DraftKings official lineup CSV,https://www.draftkings.com/lineup/getavailableplayerscsv?contestTypeId=9&draftGroupId=150412,150412,9,Selected largest-prize regular Classic MLB draft group after excluding Turbo/Night/qualifier/satellite/showdown/snake/single-stat slates.,SP,Dustin May (43505230),Dustin May,43505230,P,7400,MIL@STL 07/08/2026 07:45PM ET,07/08/2026 07:45PM ET,STL,MIL,home,13.86,669160,Dustin May,mapped,identity_name_team_map,Stable identity seed from old DK-ID map. Pilot join status: matched via normalized_name_team
2026-07-08,2026-07-08T15:51:55.513256+00:00,2026-07-08,DraftKings official lineup CSV,https://www.draftkings.com/lineup/getavailableplayerscsv?contestTypeId=9&draftGroupId=150412,150412,9,Selected largest-prize regular Classic MLB draft group after excluding Turbo/Night/qualifier/satellite/showdown/snake/single-stat slates.,SP,Michael McGreevy (43505231),Michael McGreevy,43505231,P,7400,MIL@STL 07/08/2026 07:45PM ET,07/08/2026 07:45PM ET,STL,MIL,home,12.76,700241,Michael McGreevy,mapped,identity_name_team_map,Stable identity seed from old DK-ID map. Pilot join status: matched via normalized_name_team
2026-07-08,2026-07-08T15:51:55.513256+00:00,2026-07-08,DraftKings official lineup CSV,https://www.draftkings.com/lineup/getavailableplayerscsv?contestTypeId=9&draftGroupId=150412,150412,9,Selected largest-prize regular Classic MLB draft group after excluding Turbo/Night/qualifier/satellite/showdown/snake/single-stat slates.,RP,Jacob Latz (43505235),Jacob Latz,43505235,P,7300,LAA@TEX 07/08/2026 08:05PM ET,07/08/2026 08:05PM ET,TEX,LAA,home,4.76,656641,Jacob Latz,mapped,identity_name_team_map,Stable identity seed from old DK-ID map. Pilot join status: matched via normalized_name_team
2026-07-08,2026-07-08T15:51:55.513256+00:00,2026-07-08,DraftKings official lineup CSV,https://www.draftkings.com/lineup/getavailableplayerscsv?contestTypeId=9&draftGroupId=150412,150412,9,Selected largest-prize regular Classic MLB draft group after excluding Turbo/Night/qualifier/satellite/showdown/snake/single-stat slates.,SP,Jack Leiter (43505236),Jack Leiter,43505236,P,7300,LAA@TEX 07/08/2026 08:05PM ET,07/08/2026 08:05PM ET,TEX,LAA,home,12.71,683004,Jack Leiter,mapped,identity_name_team_map,Stable identity seed from old DK-ID map. Pilot join status: matched via normalized_name_team
2026-07-08,2026-07-08T15:51:55.513256+00:00,2026-07-08,DraftKings official lineup CSV,https://www.draftkings.com/lineup/getavailableplayerscsv?contestTypeId=9&draftGroupId=150412,150412,9,Selected largest-prize regular Classic MLB draft group after excluding Turbo/Night/qualifier/satellite/showdown/snake/single-stat slates.,SP,Michael Wacha (43505232),Michael Wacha,43505232,P,7300,KC@NYM 07/08/2026 07:10PM ET,07/08/2026 07:10PM ET,KC,NYM,away,16.1,608379,Michael Wacha,mapped,identity_name_team_map,Stable identity seed from old DK-ID map. Pilot join status: matched via normalized_name_team
2026-07-08,2026-07-08T15:51:55.513256+00:00,2026-07-08,DraftKings official lineup CSV,https://www.draftkings.com/lineup/getavailableplayerscsv?contestTypeId=9&draftGroupId=150412,150412,9,Selected largest-prize regular Classic MLB draft group after excluding Turbo/Night/qualifier/satellite/showdown/snake/single-stat slates.,SP,Noah Cameron (43505233),Noah Cameron,43505233,P,7300,KC@NYM 07/08/2026 07:10PM ET,07/08/2026 07:10PM ET,KC,NYM,away,12.41,702070,Noah Cameron,mapped,identity_name_team_map,Stable identity seed from old DK-ID map. Pilot join status: matched via normalized_name_team
2026-07-08,2026-07-08T15:51:55.513256+00:00,2026-07-08,DraftKings official lineup CSV,https://www.draftkings.com/lineup/getavailableplayerscsv?contestTypeId=9&draftGroupId=150412,150412,9,Selected largest-prize regular Classic MLB draft group after excluding Turbo/Night/qualifier/satellite/showdown/snake/single-stat slates.,RP,Seth Lugo (43505234),Seth Lugo,43505234,P,7300,KC@NYM 07/08/2026 07:10PM ET,07/08/2026 07:10PM ET,KC,NYM,away,11.61,607625,Seth Lugo,mapped,identity_name_team_map,Stable identity seed from old DK-ID map. Pilot join status: matched via normalized_name_team
2026-07-08,2026-07-08T15:51:55.513256+00:00,2026-07-08,DraftKings official lineup CSV,https://www.draftkings.com/lineup/getavailableplayerscsv?contestTypeId=9&draftGroupId=150412,150412,9,Selected largest-prize regular Classic MLB draft group after excluding Turbo/Night/qualifier/satellite/showdown/snake/single-stat slates.,SP,Christian Scott (43504795),Christian Scott,43504795,P,7200,KC@NYM 07/08/2026 07:10PM ET,07/08/2026 07:10PM ET,NYM,KC,home,14.33,681035,Christian Scott,mapped,identity_name_team_map,Stable identity seed from old DK-ID map. Pilot join status: matched via normalized_name_team
2026-07-08,2026-07-08T15:51:55.513256+00:00,2026-07-08,DraftKings official lineup CSV,https://www.draftkings.com/lineup/getavailableplayerscsv?contestTypeId=9&draftGroupId=150412,150412,9,Selected largest-prize regular Classic MLB draft group after excluding Turbo/Night/qualifier/satellite/showdown/snake/single-stat slates.,SP,Freddy Peralta (43505237),Freddy Peralta,43505237,P,7200,KC@NYM 07/08/2026 07:10PM ET,07/08/2026 07:10PM ET,NYM,KC,home,13.34,642547,Freddy Peralta,mapped,identity_name_team_map,Stable identity seed from old DK-ID map. Pilot join status: matched via normalized_name_team
2026-07-08,2026-07-08T15:51:55.513256+00:00,2026-07-08,DraftKings official lineup CSV,https://www.draftkings.com/lineup/getavailableplayerscsv?contestTypeId=9&draftGroupId=150412,150412,9,Selected largest-prize regular Classic MLB draft group after excluding Turbo/Night/qualifier/satellite/showdown/snake/single-stat slates.,SP,Grayson Rodriguez (43505238),Grayson Rodriguez,43505238,P,7100,LAA@TEX 07/08/2026 08:05PM ET,07/08/2026 08:05PM ET,LAA,TEX,away,6.49,680570,Grayson Rodriguez,mapped,identity_name_team_map,Stable identity seed from old DK-ID map. Pilot join status: matched via normalized_name_team
2026-07-08,2026-07-08T15:51:55.513256+00:00,2026-07-08,DraftKings official lineup CSV,https://www.draftkings.com/lineup/getavailableplayerscsv?contestTypeId=9&draftGroupId=150412,150412,9,Selected largest-prize regular Classic MLB draft group after excluding Turbo/Night/qualifier/satellite/showdown/snake/single-stat slates.,SP,Yusei Kikuchi (43505239),Yusei Kikuchi,43505239,P,7100,LAA@TEX 07/08/2026 08:05PM ET,07/08/2026 08:05PM ET,LAA,TEX,away,9.39,579328,Yusei Kikuchi,mapped,identity_name_team_map,Stable identity seed from old DK-ID map. Pilot join status: matched via normalized_name_team
2026-07-08,2026-07-08T15:51:55.513256+00:00,2026-07-08,DraftKings official lineup CSV,https://www.draftkings.com/lineup/getavailableplayerscsv?contestTypeId=9&draftGroupId=150412,150412,9,Selected largest-prize regular Classic MLB draft group after excluding Turbo/Night/qualifier/satellite/showdown/snake/single-stat slates.,SP,Roki Sasaki (43504796),Roki Sasaki,43504796,P,7000,COL@LAD 07/08/2026 10:10PM ET,07/08/2026 10:10PM ET,LAD,COL,home,11.65,,,needs_review_new_player,identity_name_team_map,No reviewed normalized-name/team identity alias; do not auto-guess.
2026-07-08,2026-07-08T15:51:55.513256+00:00,2026-07-08,DraftKings official lineup CSV,https://www.draftkings.com/lineup/getavailableplayerscsv?contestTypeId=9&draftGroupId=150412,150412,9,Selected largest-prize regular Classic MLB draft group after excluding Turbo/Night/qualifier/satellite/showdown/snake/single-stat slates.,RP,Eric Lauer (43505241),Eric Lauer,43505241,P,7000,COL@LAD 07/08/2026 10:10PM ET,07/08/2026 10:10PM ET,LAD,COL,home,9.37,,,needs_review_new_player,identity_name_team_map,No reviewed normalized-name/team identity alias; do not auto-guess.
2026-07-08,2026-07-08T15:51:55.513256+00:00,2026-07-08,DraftKings official lineup CSV,https://www.draftkings.com/lineup/getavailableplayerscsv?contestTypeId=9&draftGroupId=150412,150412,9,Selected largest-prize regular Classic MLB draft group after excluding Turbo/Night/qualifier/satellite/showdown/snake/single-stat slates.,SP,Ryne Nelson (43505240),Ryne Nelson,43505240,P,7000,ARI@SD 07/08/2026 10:10PM ET,07/08/2026 10:10PM ET,ARI,SD,away,11.11,,,needs_review_new_player,identity_name_team_map,No reviewed normalized-name/team identity alias; do not auto-guess.
2026-07-08,2026-07-08T15:51:55.513256+00:00,2026-07-08,DraftKings official lineup CSV,https://www.draftkings.com/lineup/getavailableplayerscsv?contestTypeId=9&draftGroupId=150412,150412,9,Selected largest-prize regular Classic MLB draft group after excluding Turbo/Night/qualifier/satellite/showdown/snake/single-stat slates.,SP,Connor Prielipp (43504797),Connor Prielipp,43504797,P,6900,CLE@MIN 07/08/2026 07:40PM ET,07/08/2026 07:40PM ET,MIN,CLE,home,12.90,687570,Connor Prielipp,mapped,identity_name_team_map,Proposed from review candidates; basis=exact normalized name + team; role-compatible; statcast_pitcher_2026; confidence=high; sources=statcast_pitcher_2026
2026-07-08,2026-07-08T15:51:55.513256+00:00,2026-07-08,DraftKings official lineup CSV,https://www.draftkings.com/lineup/getavailableplayerscsv?contestTypeId=9&draftGroupId=150412,150412,9,Selected largest-prize regular Classic MLB draft group after excluding Turbo/Night/qualifier/satellite/showdown/snake/single-stat slates.,SP,Bailey Ober (43505242),Bailey Ober,43505242,P,6900,CLE@MIN 07/08/2026 07:40PM ET,07/08/2026 07:40PM ET,MIN,CLE,home,12.77,641927,Bailey Ober,mapped,identity_name_team_map,Proposed from review candidates; basis=exact normalized name + team; role-compatible; hot-dog-stand-latest.json|statcast_pitcher_2026; confidence=high; sources=hot-dog-stand-latest.json|statcast_pitcher_2026
2026-07-08,2026-07-08T15:51:55.513256+00:00,2026-07-08,DraftKings official lineup CSV,https://www.draftkings.com/lineup/getavailableplayerscsv?contestTypeId=9&draftGroupId=150412,150412,9,Selected largest-prize regular Classic MLB draft group after excluding Turbo/Night/qualifier/satellite/showdown/snake/single-stat slates.,RP,Matt Bowman (43505248),Matt Bowman,43505248,P,6900,CLE@MIN 07/08/2026 07:40PM ET,07/08/2026 07:40PM ET,MIN,CLE,home,0,,,needs_review_new_player,identity_name_team_map,No reviewed normalized-name/team identity alias; do not auto-guess.
2026-07-08,2026-07-08T15:51:55.513256+00:00,2026-07-08,DraftKings official lineup CSV,https://www.draftkings.com/lineup/getavailableplayerscsv?contestTypeId=9&draftGroupId=150412,150412,9,Selected largest-prize regular Classic MLB draft group after excluding Turbo/Night/qualifier/satellite/showdown/snake/single-stat slates.,RP,Kendry Rojas (43505249),Kendry Rojas,43505249,P,6900,CLE@MIN 07/08/2026 07:40PM ET,07/08/2026 07:40PM ET,MIN,CLE,home,9.19,696070,Kendry Rojas,mapped,identity_name_team_map,Proposed from review candidates; basis=exact normalized name + team; role-compatible; statcast_pitcher_2026; confidence=high; sources=statcast_pitcher_2026
2026-07-08,2026-07-08T15:51:55.513256+00:00,2026-07-08,DraftKings official lineup CSV,https://www.draftkings.com/lineup/getavailableplayerscsv?contestTypeId=9&draftGroupId=150412,150412,9,Selected largest-prize regular Classic MLB draft group after excluding Turbo/Night/qualifier/satellite/showdown/snake/single-stat slates.,SP,Hunter Dobbins (43505243),Hunter Dobbins,43505243,P,6900,MIL@STL 07/08/2026 07:45PM ET,07/08/2026 07:45PM ET,STL,MIL,home,12.33,690928,Hunter Dobbins,mapped,identity_name_team_map,Stable identity seed from old DK-ID map. Pilot join status: matched via normalized_name_team
2026-07-08,2026-07-08T15:51:55.513256+00:00,2026-07-08,DraftKings official lineup CSV,https://www.draftkings.com/lineup/getavailableplayerscsv?contestTypeId=9&draftGroupId=150412,150412,9,Selected largest-prize regular Classic MLB draft group after excluding Turbo/Night/qualifier/satellite/showdown/snake/single-stat slates.,RP,Matthew Liberatore (43505245),Matthew Liberatore,43505245,P,6900,MIL@STL 07/08/2026 07:45PM ET,07/08/2026 07:45PM ET,STL,MIL,home,10.58,669461,Matthew Liberatore,mapped,identity_name_team_map,Stable identity seed from old DK-ID map. Pilot join status: matched via normalized_name_team
2026-07-08,2026-07-08T15:51:55.513256+00:00,2026-07-08,DraftKings official lineup CSV,https://www.draftkings.com/lineup/getavailableplayerscsv?contestTypeId=9&draftGroupId=150412,150412,9,Selected largest-prize regular Classic MLB draft group after excluding Turbo/Night/qualifier/satellite/showdown/snake/single-stat slates.,RP,Kyle Leahy (43505246),Kyle Leahy,43505246,P,6900,MIL@STL 07/08/2026 07:45PM ET,07/08/2026 07:45PM ET,STL,MIL,home,12.72,681517,Kyle Leahy,mapped,identity_name_team_map,Stable identity seed from old DK-ID map. Pilot join status: matched via normalized_name_team
2026-07-08,2026-07-08T15:51:55.513256+00:00,2026-07-08,DraftKings official lineup CSV,https://www.draftkings.com/lineup/getavailableplayerscsv?contestTypeId=9&draftGroupId=150412,150412,9,Selected largest-prize regular Classic MLB draft group after excluding Turbo/Night/qualifier/satellite/showdown/snake/single-stat slates.,SP,Randy Vasquez (43505244),Randy Vasquez,43505244,P,6900,ARI@SD 07/08/2026 10:10PM ET,07/08/2026 10:10PM ET,SD,ARI,home,9.86,681190,Randy Vásquez,mapped,identity_name_team_map,Stable identity seed from old DK-ID map. Pilot join status: matched via normalized_name_team
2026-07-08,2026-07-08T15:51:55.513256+00:00,2026-07-08,DraftKings official lineup CSV,https://www.draftkings.com/lineup/getavailableplayerscsv?contestTypeId=9&draftGroupId=150412,150412,9,Selected largest-prize regular Classic MLB draft group after excluding Turbo/Night/qualifier/satellite/showdown/snake/single-stat slates.,SP,JP Sears (43505247),JP Sears,43505247,P,6900,ARI@SD 07/08/2026 10:10PM ET,07/08/2026 10:10PM ET,SD,ARI,home,13.97,676664,JP Sears,mapped,identity_name_team_map,Stable identity seed from old DK-ID map. Pilot join status: matched_people_search_name via mlb_people_search_normalized_name
2026-07-08,2026-07-08T15:51:55.513256+00:00,2026-07-08,DraftKings official lineup CSV,https://www.draftkings.com/lineup/getavailableplayerscsv?contestTypeId=9&draftGroupId=150412,150412,9,Selected largest-prize regular Classic MLB draft group after excluding Turbo/Night/qualifier/satellite/showdown/snake/single-stat slates.,SP,Tanner Houck (43505250),Tanner Houck,43505250,P,6700,BOS@CWS 07/08/2026 07:40PM ET,07/08/2026 07:40PM ET,BOS,CWS,away,0,,,needs_review_new_player,identity_name_team_map,No reviewed normalized-name/team identity alias; do not auto-guess.
2026-07-08,2026-07-08T15:51:55.513256+00:00,2026-07-08,DraftKings official lineup CSV,https://www.draftkings.com/lineup/getavailableplayerscsv?contestTypeId=9&draftGroupId=150412,150412,9,Selected largest-prize regular Classic MLB draft group after excluding Turbo/Night/qualifier/satellite/showdown/snake/single-stat slates.,SP,Patrick Sandoval (43505251),Patrick Sandoval,43505251,P,6700,BOS@CWS 07/08/2026 07:40PM ET,07/08/2026 07:40PM ET,BOS,CWS,away,0,,,needs_review_new_player,identity_name_team_map,No reviewed normalized-name/team identity alias; do not auto-guess.
2026-07-08,2026-07-08T15:51:55.513256+00:00,2026-07-08,DraftKings official lineup CSV,https://www.draftkings.com/lineup/getavailableplayerscsv?contestTypeId=9&draftGroupId=150412,150412,9,Selected largest-prize regular Classic MLB draft group after excluding Turbo/Night/qualifier/satellite/showdown/snake/single-stat slates.,SP,Kutter Crawford (43505252),Kutter Crawford,43505252,P,6700,BOS@CWS 07/08/2026 07:40PM ET,07/08/2026 07:40PM ET,BOS,CWS,away,0,,,needs_review_new_player,identity_name_team_map,No reviewed normalized-name/team identity alias; do not auto-guess.
2026-07-08,2026-07-08T15:51:55.513256+00:00,2026-07-08,DraftKings official lineup CSV,https://www.draftkings.com/lineup/getavailableplayerscsv?contestTypeId=9&draftGroupId=150412,150412,9,Selected largest-prize regular Classic MLB draft group after excluding Turbo/Night/qualifier/satellite/showdown/snake/single-stat slates.,SP,Slade Cecconi (43504798),Slade Cecconi,43504798,P,6700,CLE@MIN 07/08/2026 07:40PM ET,07/08/2026 07:40PM ET,CLE,MIN,away,11.16,,,needs_review_new_player,identity_name_team_map,No reviewed normalized-name/team identity alias; do not auto-guess.
2026-07-08,2026-07-08T15:51:55.513256+00:00,2026-07-08,DraftKings official lineup CSV,https://www.draftkings.com/lineup/getavailableplayerscsv?contestTypeId=9&draftGroupId=150412,150412,9,Selected largest-prize regular Classic MLB draft group after excluding Turbo/Night/qualifier/satellite/showdown/snake/single-stat slates.,SP,Logan Allen (43505253),Logan Allen,43505253,P,6700,CLE@MIN 07/08/2026 07:40PM ET,07/08/2026 07:40PM ET,CLE,MIN,away,19.4,,,needs_review_new_player,identity_name_team_map,No reviewed normalized-name/team identity alias; do not auto-guess.
2026-07-08,2026-07-08T15:51:55.513256+00:00,2026-07-08,DraftKings official lineup CSV,https://www.draftkings.com/lineup/getavailableplayerscsv?contestTypeId=9&draftGroupId=150412,150412,9,Selected largest-prize regular Classic MLB draft group after excluding Turbo/Night/qualifier/satellite/showdown/snake/single-stat slates.,1B/OF,Shohei Ohtani (43504803),Shohei Ohtani,43504803,1B/OF,6700,COL@LAD 07/08/2026 10:10PM ET,07/08/2026 10:10PM ET,LAD,COL,home,9.75,,,needs_review_new_player,identity_name_team_map,No reviewed normalized-name/team identity alias; do not auto-guess.
2026-07-08,2026-07-08T15:51:55.513256+00:00,2026-07-08,DraftKings official lineup CSV,https://www.draftkings.com/lineup/getavailableplayerscsv?contestTypeId=9&draftGroupId=150412,150412,9,Selected largest-prize regular Classic MLB draft group after excluding Turbo/Night/qualifier/satellite/showdown/snake/single-stat slates.,SP,Alan Rangel (43504799),Alan Rangel,43504799,P,6500,PHI@CIN 07/08/2026 07:10PM ET,07/08/2026 07:10PM ET,PHI,CIN,away,11.2,660604,Alan Rangel,mapped,identity_name_team_map,Stable identity seed from old DK-ID map. Pilot join status: matched via normalized_name_team
2026-07-08,2026-07-08T15:51:55.513256+00:00,2026-07-08,DraftKings official lineup CSV,https://www.draftkings.com/lineup/getavailableplayerscsv?contestTypeId=9&draftGroupId=150412,150412,9,Selected largest-prize regular Classic MLB draft group after excluding Turbo/Night/qualifier/satellite/showdown/snake/single-stat slates.,SP,Brandon Williamson (43505257),Brandon Williamson,43505257,P,6500,PHI@CIN 07/08/2026 07:10PM ET,07/08/2026 07:10PM ET,CIN,PHI,home,6.93,682227,Brandon Williamson,mapped,identity_name_team_map,Stable identity seed from old DK-ID map. Pilot join status: matched via normalized_name_team
2026-07-08,2026-07-08T15:51:55.513256+00:00,2026-07-08,DraftKings official lineup CSV,https://www.draftkings.com/lineup/getavailableplayerscsv?contestTypeId=9&draftGroupId=150412,150412,9,Selected largest-prize regular Classic MLB draft group after excluding Turbo/Night/qualifier/satellite/showdown/snake/single-stat slates.,RP,Jose Franco (43505258),Jose Franco,43505258,P,6500,PHI@CIN 07/08/2026 07:10PM ET,07/08/2026 07:10PM ET,CIN,PHI,home,2.7,683742,Jose Franco,mapped,identity_name_team_map,Stable identity seed from old DK-ID map. Pilot join status: matched via normalized_name_team
2026-07-08,2026-07-08T15:51:55.513256+00:00,2026-07-08,DraftKings official lineup CSV,https://www.draftkings.com/lineup/getavailableplayerscsv?contestTypeId=9&draftGroupId=150412,150412,9,Selected largest-prize regular Classic MLB draft group after excluding Turbo/Night/qualifier/satellite/showdown/snake/single-stat slates.,SP,Connor Phillips (43505259),Connor Phillips,43505259,P,6500,PHI@CIN 07/08/2026 07:10PM ET,07/08/2026 07:10PM ET,CIN,PHI,home,2.28,683175,Connor Phillips,mapped,identity_name_team_map,Stable identity seed from old DK-ID map. Pilot join status: matched via normalized_name_team
2026-07-08,2026-07-08T15:51:55.513256+00:00,2026-07-08,DraftKings official lineup CSV,https://www.draftkings.com/lineup/getavailableplayerscsv?contestTypeId=9&draftGroupId=150412,150412,9,Selected largest-prize regular Classic MLB draft group after excluding Turbo/Night/qualifier/satellite/showdown/snake/single-stat slates.,SP,Chase Petty (43505260),Chase Petty,43505260,P,6500,PHI@CIN 07/08/2026 07:10PM ET,07/08/2026 07:10PM ET,CIN,PHI,home,3.22,695534,Chase Petty,mapped,identity_name_team_map,Stable identity seed from old DK-ID map. Pilot join status: matched via normalized_name_team
2026-07-08,2026-07-08T15:51:55.513256+00:00,2026-07-08,DraftKings official lineup CSV,https://www.draftkings.com/lineup/getavailableplayerscsv?contestTypeId=9&draftGroupId=150412,150412,9,Selected largest-prize regular Classic MLB draft group after excluding Turbo/Night/qualifier/satellite/showdown/snake/single-stat slates.,SP,Brady Singer (43505261),Brady Singer,43505261,P,6500,PHI@CIN 07/08/2026 07:10PM ET,07/08/2026 07:10PM ET,CIN,PHI,home,9.85,663903,Brady Singer,mapped,identity_name_team_map,Stable identity seed from old DK-ID map. Pilot join status: matched via normalized_name_team
2026-07-08,2026-07-08T15:51:55.513256+00:00,2026-07-08,DraftKings official lineup CSV,https://www.draftkings.com/lineup/getavailableplayerscsv?contestTypeId=9&draftGroupId=150412,150412,9,Selected largest-prize regular Classic MLB draft group after excluding Turbo/Night/qualifier/satellite/showdown/snake/single-stat slates.,SP,Tony Santillan (43505262),Tony Santillan,43505262,P,6500,PHI@CIN 07/08/2026 07:10PM ET,07/08/2026 07:10PM ET,CIN,PHI,home,2.00,663574,Tony Santillan,mapped,identity_name_team_map,Stable identity seed from old DK-ID map. Pilot join status: matched via normalized_name_team
2026-07-08,2026-07-08T15:51:55.513256+00:00,2026-07-08,DraftKings official lineup CSV,https://www.draftkings.com/lineup/getavailableplayerscsv?contestTypeId=9&draftGroupId=150412,150412,9,Selected largest-prize regular Classic MLB draft group after excluding Turbo/Night/qualifier/satellite/showdown/snake/single-stat slates.,RP,Seth Johnson (43505263),Seth Johnson,43505263,P,6500,PHI@CIN 07/08/2026 07:10PM ET,07/08/2026 07:10PM ET,PHI,CIN,away,2.5,686751,Seth Johnson,mapped,identity_name_team_map,Stable identity seed from old DK-ID map. Pilot join status: matched via normalized_name_team
2026-07-08,2026-07-08T15:51:55.513256+00:00,2026-07-08,DraftKings official lineup CSV,https://www.draftkings.com/lineup/getavailableplayerscsv?contestTypeId=9&draftGroupId=150412,150412,9,Selected largest-prize regular Classic MLB draft group after excluding Turbo/Night/qualifier/satellite/showdown/snake/single-stat slates.,SP,Andrew Painter (43505266),Andrew Painter,43505266,P,6500,PHI@CIN 07/08/2026 07:10PM ET,07/08/2026 07:10PM ET,PHI,CIN,away,6.30,691725,Andrew Painter,mapped,identity_name_team_map,Stable identity seed from old DK-ID map. Pilot join status: matched via normalized_name_team
2026-07-08,2026-07-08T15:51:55.513256+00:00,2026-07-08,DraftKings official lineup CSV,https://www.draftkings.com/lineup/getavailableplayerscsv?contestTypeId=9&draftGroupId=150412,150412,9,Selected largest-prize regular Classic MLB draft group after excluding Turbo/Night/qualifier/satellite/showdown/snake/single-stat slates.,RP,Anthony Kay (43505254),Anthony Kay,43505254,P,6500,BOS@CWS 07/08/2026 07:40PM ET,07/08/2026 07:40PM ET,CWS,BOS,home,10.32,641743,Anthony Kay,mapped,identity_name_team_map,Stable identity seed from old DK-ID map. Pilot join status: matched via normalized_name_team
2026-07-08,2026-07-08T15:51:55.513256+00:00,2026-07-08,DraftKings official lineup CSV,https://www.draftkings.com/lineup/getavailableplayerscsv?contestTypeId=9&draftGroupId=150412,150412,9,Selected largest-prize regular Classic MLB draft group after excluding Turbo/Night/qualifier/satellite/showdown/snake/single-stat slates.,RP,Shane Smith (43505255),Shane Smith,43505255,P,6500,BOS@CWS 07/08/2026 07:40PM ET,07/08/2026 07:40PM ET,CWS,BOS,home,2.52,681343,Shane Smith,mapped,identity_name_team_map,Stable identity seed from old DK-ID map. Pilot join status: matched via normalized_name_team
2026-07-08,2026-07-08T15:51:55.513256+00:00,2026-07-08,DraftKings official lineup CSV,https://www.draftkings.com/lineup/getavailableplayerscsv?contestTypeId=9&draftGroupId=150412,150412,9,Selected largest-prize regular Classic MLB draft group after excluding Turbo/Night/qualifier/satellite/showdown/snake/single-stat slates.,SP,Noah Schultz (43505256),Noah Schultz,43505256,P,6500,BOS@CWS 07/08/2026 07:40PM ET,07/08/2026 07:40PM ET,CWS,BOS,home,9.42,702273,Noah Schultz,mapped,identity_name_team_map,Stable identity seed from old DK-ID map. Pilot join status: matched via normalized_name_team
2026-07-08,2026-07-08T15:51:55.513256+00:00,2026-07-08,DraftKings official lineup CSV,https://www.draftkings.com/lineup/getavailableplayerscsv?contestTypeId=9&draftGroupId=150412,150412,9,Selected largest-prize regular Classic MLB draft group after excluding Turbo/Night/qualifier/satellite/showdown/snake/single-stat slates.,SP,Jonathan Cannon (43505265),Jonathan Cannon,43505265,P,6500,BOS@CWS 07/08/2026 07:40PM ET,07/08/2026 07:40PM ET,CWS,BOS,home,-3.8,686563,Jonathan Cannon,mapped,identity_name_team_map,Stable identity seed from old DK-ID map. Pilot join status: matched via normalized_name_team
2026-07-08,2026-07-08T15:51:55.513256+00:00,2026-07-08,DraftKings official lineup CSV,https://www.draftkings.com/lineup/getavailableplayerscsv?contestTypeId=9&draftGroupId=150412,150412,9,Selected largest-prize regular Classic MLB draft group after excluding Turbo/Night/qualifier/satellite/showdown/snake/single-stat slates.,SP,Quinn Priester (43505264),Quinn Priester,43505264,P,6500,MIL@STL 07/08/2026 07:45PM ET,07/08/2026 07:45PM ET,MIL,STL,away,0,682990,Quinn Priester,mapped,identity_name_team_map,Stable identity seed from old DK-ID map. Pilot join status: matched_people_search_name via mlb_people_search_normalized_name
2026-07-08,2026-07-08T15:51:55.513256+00:00,2026-07-08,DraftKings official lineup CSV,https://www.draftkings.com/lineup/getavailableplayerscsv?contestTypeId=9&draftGroupId=150412,150412,9,Selected largest-prize regular Classic MLB draft group after excluding Turbo/Night/qualifier/satellite/showdown/snake/single-stat slates.,OF,Byron Buxton (43504805),Byron Buxton,43504805,OF,6400,CLE@MIN 07/08/2026 07:40PM ET,07/08/2026 07:40PM ET,MIN,CLE,home,10.05,621439,Byron Buxton,mapped,identity_name_team_map,Proposed from review candidates; basis=exact normalized name + team; role-compatible; hr-distance-latest.json|statcast_batter_des_2026; confidence=high; sources=hr-distance-latest.json|statcast_batter_des_2026
2026-07-08,2026-07-08T15:51:55.513256+00:00,2026-07-08,DraftKings official lineup CSV,https://www.draftkings.com/lineup/getavailableplayerscsv?contestTypeId=9&draftGroupId=150412,150412,9,Selected largest-prize regular Classic MLB draft group after excluding Turbo/Night/qualifier/satellite/showdown/snake/single-stat slates.,SP,Kumar Rocker (43505268),Kumar Rocker,43505268,P,6300,LAA@TEX 07/08/2026 08:05PM ET,07/08/2026 08:05PM ET,TEX,LAA,home,11.93,677958,Kumar Rocker,mapped,identity_name_team_map,Stable identity seed from old DK-ID map. Pilot join status: matched via normalized_name_team
2026-07-08,2026-07-08T15:51:55.513256+00:00,2026-07-08,DraftKings official lineup CSV,https://www.draftkings.com/lineup/getavailableplayerscsv?contestTypeId=9&draftGroupId=150412,150412,9,Selected largest-prize regular Classic MLB draft group after excluding Turbo/Night/qualifier/satellite/showdown/snake/single-stat slates.,RP,Cody Bradford (43505269),Cody Bradford,43505269,P,6300,LAA@TEX 07/08/2026 08:05PM ET,07/08/2026 08:05PM ET,TEX,LAA,home,0,674003,Cody Bradford,mapped,identity_name_team_map,Stable identity seed from old DK-ID map. Pilot join status: matched_people_search_name via mlb_people_search_normalized_name
2026-07-08,2026-07-08T15:51:55.513256+00:00,2026-07-08,DraftKings official lineup CSV,https://www.draftkings.com/lineup/getavailableplayerscsv?contestTypeId=9&draftGroupId=150412,150412,9,Selected largest-prize regular Classic MLB draft group after excluding Turbo/Night/qualifier/satellite/showdown/snake/single-stat slates.,SP,Leandro Lopez (43505270),Leandro Lopez,43505270,P,6300,LAA@TEX 07/08/2026 08:05PM ET,07/08/2026 08:05PM ET,TEX,LAA,home,0,699214,Leandro Lopez,mapped,identity_name_team_map,Stable identity seed from old DK-ID map. Pilot join status: matched_people_search_name via mlb_people_search_normalized_name
2026-07-08,2026-07-08T15:51:55.513256+00:00,2026-07-08,DraftKings official lineup CSV,https://www.draftkings.com/lineup/getavailableplayerscsv?contestTypeId=9&draftGroupId=150412,150412,9,Selected largest-prize regular Classic MLB draft group after excluding Turbo/Night/qualifier/satellite/showdown/snake/single-stat slates.,SP,Emiliano Teodo (43505271),Emiliano Teodo,43505271,P,6300,LAA@TEX 07/08/2026 08:05PM ET,07/08/2026 08:05PM ET,TEX,LAA,home,0,693713,Emiliano Teodo,mapped,identity_name_team_map,Stable identity seed from old DK-ID map. Pilot join status: matched_people_search_name via mlb_people_search_normalized_name
2026-07-08,2026-07-08T15:51:55.513256+00:00,2026-07-08,DraftKings official lineup CSV,https://www.draftkings.com/lineup/getavailableplayerscsv?contestTypeId=9&draftGroupId=150412,150412,9,Selected largest-prize regular Classic MLB draft group after excluding Turbo/Night/qualifier/satellite/showdown/snake/single-stat slates.,SP,Jordan Montgomery (43505272),Jordan Montgomery,43505272,P,6300,LAA@TEX 07/08/2026 08:05PM ET,07/08/2026 08:05PM ET,TEX,LAA,home,0,656756,Jordan Montgomery,mapped,identity_name_team_map,Stable identity seed from old DK-ID map. Pilot join status: matched_people_search_name via mlb_people_search_normalized_name
2026-07-08,2026-07-08T15:51:55.513256+00:00,2026-07-08,DraftKings official lineup CSV,https://www.draftkings.com/lineup/getavailableplayerscsv?contestTypeId=9&draftGroupId=150412,150412,9,Selected largest-prize regular Classic MLB draft group after excluding Turbo/Night/qualifier/satellite/showdown/snake/single-stat slates.,SP,David Davalillo (43505273),David Davalillo,43505273,P,6300,LAA@TEX 07/08/2026 08:05PM ET,07/08/2026 08:05PM ET,TEX,LAA,home,0,699314,David Davalillo,mapped,identity_name_team_map,Stable identity seed from old DK-ID map. Pilot join status: matched_people_search_name via mlb_people_search_normalized_name
2026-07-08,2026-07-08T15:51:55.513256+00:00,2026-07-08,DraftKings official lineup CSV,https://www.draftkings.com/lineup/getavailableplayerscsv?contestTypeId=9&draftGroupId=150412,150412,9,Selected largest-prize regular Classic MLB draft group after excluding Turbo/Night/qualifier/satellite/showdown/snake/single-stat slates.,RP,Winston Santos (43505274),Winston Santos,43505274,P,6300,LAA@TEX 07/08/2026 08:05PM ET,07/08/2026 08:05PM ET,TEX,LAA,home,0.7,692437,Winston Santos,mapped,identity_name_team_map,Stable identity seed from old DK-ID map. Pilot join status: matched_people_search_name via mlb_people_search_normalized_name
2026-07-08,2026-07-08T15:51:55.513256+00:00,2026-07-08,DraftKings official lineup CSV,https://www.draftkings.com/lineup/getavailableplayerscsv?contestTypeId=9&draftGroupId=150412,150412,9,Selected largest-prize regular Classic MLB draft group after excluding Turbo/Night/qualifier/satellite/showdown/snake/single-stat slates.,SP,Jose Corniell (43505275),Jose Corniell,43505275,P,6300,LAA@TEX 07/08/2026 08:05PM ET,07/08/2026 08:05PM ET,TEX,LAA,home,-1.9,692030,Jose Corniell,mapped,identity_name_team_map,Stable identity seed from old DK-ID map. Pilot join status: matched_people_search_name via mlb_people_search_normalized_name
2026-07-08,2026-07-08T15:51:55.513256+00:00,2026-07-08,DraftKings official lineup CSV,https://www.draftkings.com/lineup/getavailableplayerscsv?contestTypeId=9&draftGroupId=150412,150412,9,Selected largest-prize regular Classic MLB draft group after excluding Turbo/Night/qualifier/satellite/showdown/snake/single-stat slates.,RP,Cal Quantrill (43505276),Cal Quantrill,43505276,P,6300,LAA@TEX 07/08/2026 08:05PM ET,07/08/2026 08:05PM ET,TEX,LAA,home,5.31,615698,Cal Quantrill,mapped,identity_name_team_map,Stable identity seed from old DK-ID map. Pilot join status: matched via normalized_name_team
2026-07-08,2026-07-08T15:51:55.513256+00:00,2026-07-08,DraftKings official lineup CSV,https://www.draftkings.com/lineup/getavailableplayerscsv?contestTypeId=9&draftGroupId=150412,150412,9,Selected largest-prize regular Classic MLB draft group after excluding Turbo/Night/qualifier/satellite/showdown/snake/single-stat slates.,SP,Stephen Kolek (43504800),Stephen Kolek,43504800,P,6300,KC@NYM 07/08/2026 07:10PM ET,07/08/2026 07:10PM ET,KC,NYM,away,11.51,663568,Stephen Kolek,mapped,identity_name_team_map,Stable identity seed from old DK-ID map. Pilot join status: matched via normalized_name_team
2026-07-08,2026-07-08T15:51:55.513256+00:00,2026-07-08,DraftKings official lineup CSV,https://www.draftkings.com/lineup/getavailableplayerscsv?contestTypeId=9&draftGroupId=150412,150412,9,Selected largest-prize regular Classic MLB draft group after excluding Turbo/Night/qualifier/satellite/showdown/snake/single-stat slates.,SS,Bobby Witt Jr. (43504806),Bobby Witt Jr.,43504806,SS,6300,KC@NYM 07/08/2026 07:10PM ET,07/08/2026 07:10PM ET,KC,NYM,away,9.62,677951,Bobby Witt Jr.,mapped,identity_name_team_map,Stable identity seed from old DK-ID map. Pilot join status: matched via normalized_name_team
2026-07-08,2026-07-08T15:51:55.513256+00:00,2026-07-08,DraftKings official lineup CSV,https://www.draftkings.com/lineup/getavailableplayerscsv?contestTypeId=9&draftGroupId=150412,150412,9,Selected largest-prize regular Classic MLB draft group after excluding Turbo/Night/qualifier/satellite/showdown/snake/single-stat slates.,RP,Ryan Bergert (43505267),Ryan Bergert,43505267,P,6300,KC@NYM 07/08/2026 07:10PM ET,07/08/2026 07:10PM ET,KC,NYM,away,0,686701,Ryan Bergert,mapped,identity_name_team_map,Stable identity seed from old DK-ID map. Pilot join status: matched_people_search_name via mlb_people_search_normalized_name
2026-07-08,2026-07-08T15:51:55.513256+00:00,2026-07-08,DraftKings official lineup CSV,https://www.draftkings.com/lineup/getavailableplayerscsv?contestTypeId=9&draftGroupId=150412,150412,9,Selected largest-prize regular Classic MLB draft group after excluding Turbo/Night/qualifier/satellite/showdown/snake/single-stat slates.,1B,Freddie Freeman (43504807),Freddie Freeman,43504807,1B,6200,COL@LAD 07/08/2026 10:10PM ET,07/08/2026 10:10PM ET,LAD,COL,home,8.54,,,needs_review_new_player,identity_name_team_map,No reviewed normalized-name/team identity alias; do not auto-guess.
2026-07-08,2026-07-08T15:51:55.513256+00:00,2026-07-08,DraftKings official lineup CSV,https://www.draftkings.com/lineup/getavailableplayerscsv?contestTypeId=9&draftGroupId=150412,150412,9,Selected largest-prize regular Classic MLB draft group after excluding Turbo/Night/qualifier/satellite/showdown/snake/single-stat slates.,RP,Justin Hagenman (43505277),Justin Hagenman,43505277,P,6200,KC@NYM 07/08/2026 07:10PM ET,07/08/2026 07:10PM ET,NYM,KC,home,0,663795,Justin Hagenman,mapped,identity_name_team_map,Stable identity seed from old DK-ID map. Pilot join status: matched_people_search_name via mlb_people_search_normalized_name
2026-07-08,2026-07-08T15:51:55.513256+00:00,2026-07-08,DraftKings official lineup CSV,https://www.draftkings.com/lineup/getavailableplayerscsv?contestTypeId=9&draftGroupId=150412,150412,9,Selected largest-prize regular Classic MLB draft group after excluding Turbo/Night/qualifier/satellite/showdown/snake/single-stat slates.,SP,Sean Manaea (43505278),Sean Manaea,43505278,P,6200,KC@NYM 07/08/2026 07:10PM ET,07/08/2026 07:10PM ET,NYM,KC,home,8.13,640455,Sean Manaea,mapped,identity_name_team_map,Stable identity seed from old DK-ID map. Pilot join status: matched via normalized_name_team
2026-07-08,2026-07-08T15:51:55.513256+00:00,2026-07-08,DraftKings official lineup CSV,https://www.draftkings.com/lineup/getavailableplayerscsv?contestTypeId=9&draftGroupId=150412,150412,9,Selected largest-prize regular Classic MLB draft group after excluding Turbo/Night/qualifier/satellite/showdown/snake/single-stat slates.,SP,Zach Thornton (43505279),Zach Thornton,43505279,P,6200,KC@NYM 07/08/2026 07:10PM ET,07/08/2026 07:10PM ET,NYM,KC,home,13.02,804267,Zach Thornton,mapped,identity_name_team_map,Stable identity seed from old DK-ID map. Pilot join status: matched via normalized_name_team
2026-07-08,2026-07-08T15:51:55.513256+00:00,2026-07-08,DraftKings official lineup CSV,https://www.draftkings.com/lineup/getavailableplayerscsv?contestTypeId=9&draftGroupId=150412,150412,9,Selected largest-prize regular Classic MLB draft group after excluding Turbo/Night/qualifier/satellite/showdown/snake/single-stat slates.,SP,Jonah Tong (43505280),Jonah Tong,43505280,P,6200,KC@NYM 07/08/2026 07:10PM ET,07/08/2026 07:10PM ET,NYM,KC,home,7.83,804636,Jonah Tong,mapped,identity_name_team_map,Stable identity seed from old DK-ID map. Pilot join status: matched via normalized_name_team
2026-07-08,2026-07-08T15:51:55.513256+00:00,2026-07-08,DraftKings official lineup CSV,https://www.draftkings.com/lineup/getavailableplayerscsv?contestTypeId=9&draftGroupId=150412,150412,9,Selected largest-prize regular Classic MLB draft group after excluding Turbo/Night/qualifier/satellite/showdown/snake/single-stat slates.,SP,Kodai Senga (43505281),Kodai Senga,43505281,P,6200,KC@NYM 07/08/2026 07:10PM ET,07/08/2026 07:10PM ET,NYM,KC,home,5.96,673540,Kodai Senga,mapped,identity_name_team_map,Stable identity seed from old DK-ID map. Pilot join status: matched via normalized_name_team
2026-07-08,2026-07-08T15:51:55.513256+00:00,2026-07-08,DraftKings official lineup CSV,https://www.draftkings.com/lineup/getavailableplayerscsv?contestTypeId=9&draftGroupId=150412,150412,9,Selected largest-prize regular Classic MLB draft group after excluding Turbo/Night/qualifier/satellite/showdown/snake/single-stat slates.,SP,Tobias Myers (43505282),Tobias Myers,43505282,P,6200,KC@NYM 07/08/2026 07:10PM ET,07/08/2026 07:10PM ET,NYM,KC,home,2.74,668964,Tobias Myers,mapped,identity_name_team_map,Stable identity seed from old DK-ID map. Pilot join status: matched via normalized_name_team
2026-07-08,2026-07-08T15:51:55.513256+00:00,2026-07-08,DraftKings official lineup CSV,https://www.draftkings.com/lineup/getavailableplayerscsv?contestTypeId=9&draftGroupId=150412,150412,9,Selected largest-prize regular Classic MLB draft group after excluding Turbo/Night/qualifier/satellite/showdown/snake/single-stat slates.,OF,Kyle Schwarber (43504808),Kyle Schwarber,43504808,OF,6100,PHI@CIN 07/08/2026 07:10PM ET,07/08/2026 07:10PM ET,PHI,CIN,away,9.66,656941,Kyle Schwarber,mapped,identity_name_team_map,Stable identity seed from old DK-ID map. Pilot join status: matched via normalized_name_team
2026-07-08,2026-07-08T15:51:55.513256+00:00,2026-07-08,DraftKings official lineup CSV,https://www.draftkings.com/lineup/getavailableplayerscsv?contestTypeId=9&draftGroupId=150412,150412,9,Selected largest-prize regular Classic MLB draft group after excluding Turbo/Night/qualifier/satellite/showdown/snake/single-stat slates.,SP,River Ryan (43505283),River Ryan,43505283,P,6000,COL@LAD 07/08/2026 10:10PM ET,07/08/2026 10:10PM ET,LAD,COL,home,0,,,needs_review_new_player,identity_name_team_map,No reviewed normalized-name/team identity alias; do not auto-guess.
2026-07-08,2026-07-08T15:51:55.513256+00:00,2026-07-08,DraftKings official lineup CSV,https://www.draftkings.com/lineup/getavailableplayerscsv?contestTypeId=9&draftGroupId=150412,150412,9,Selected largest-prize regular Classic MLB draft group after excluding Turbo/Night/qualifier/satellite/showdown/snake/single-stat slates.,SP,Gavin Stone (43505284),Gavin Stone,43505284,P,6000,COL@LAD 07/08/2026 10:10PM ET,07/08/2026 10:10PM ET,LAD,COL,home,0,,,needs_review_new_player,identity_name_team_map,No reviewed normalized-name/team identity alias; do not auto-guess.
2026-07-08,2026-07-08T15:51:55.513256+00:00,2026-07-08,DraftKings official lineup CSV,https://www.draftkings.com/lineup/getavailableplayerscsv?contestTypeId=9&draftGroupId=150412,150412,9,Selected largest-prize regular Classic MLB draft group after excluding Turbo/Night/qualifier/satellite/showdown/snake/single-stat slates.,SP,Bobby Miller (43505285),Bobby Miller,43505285,P,6000,COL@LAD 07/08/2026 10:10PM ET,07/08/2026 10:10PM ET,LAD,COL,home,0,,,needs_review_new_player,identity_name_team_map,No reviewed normalized-name/team identity alias; do not auto-guess.
2026-07-08,2026-07-08T15:51:55.513256+00:00,2026-07-08,DraftKings official lineup CSV,https://www.draftkings.com/lineup/getavailableplayerscsv?contestTypeId=9&draftGroupId=150412,150412,9,Selected largest-prize regular Classic MLB draft group after excluding Turbo/Night/qualifier/satellite/showdown/snake/single-stat slates.,SP,Landon Knack (43505286),Landon Knack,43505286,P,6000,COL@LAD 07/08/2026 10:10PM ET,07/08/2026 10:10PM ET,LAD,COL,home,0,,,needs_review_new_player,identity_name_team_map,No reviewed normalized-name/team identity alias; do not auto-guess.
2026-07-08,2026-07-08T15:51:55.513256+00:00,2026-07-08,DraftKings official lineup CSV,https://www.draftkings.com/lineup/getavailableplayerscsv?contestTypeId=9&draftGroupId=150412,150412,9,Selected largest-prize regular Classic MLB draft group after excluding Turbo/Night/qualifier/satellite/showdown/snake/single-stat slates.,RP,Chayce McDermott (43505287),Chayce McDermott,43505287,P,6000,COL@LAD 07/08/2026 10:10PM ET,07/08/2026 10:10PM ET,LAD,COL,home,0.72,,,needs_review_new_player,identity_name_team_map,No reviewed normalized-name/team identity alias; do not auto-guess.
2026-07-08,2026-07-08T15:51:55.513256+00:00,2026-07-08,DraftKings official lineup CSV,https://www.draftkings.com/lineup/getavailableplayerscsv?contestTypeId=9&draftGroupId=150412,150412,9,Selected largest-prize regular Classic MLB draft group after excluding Turbo/Night/qualifier/satellite/showdown/snake/single-stat slates.,SP,Jose Cabrera (43504801),Jose Cabrera,43504801,P,6000,ARI@SD 07/08/2026 10:10PM ET,07/08/2026 10:10PM ET,ARI,SD,away,7.6,,,needs_review_new_player,identity_name_team_map,No reviewed normalized-name/team identity alias; do not auto-guess.
2026-07-08,2026-07-08T15:51:55.513256+00:00,2026-07-08,DraftKings official lineup CSV,https://www.draftkings.com/lineup/getavailableplayerscsv?contestTypeId=9&draftGroupId=150412,150412,9,Selected largest-prize regular Classic MLB draft group after excluding Turbo/Night/qualifier/satellite/showdown/snake/single-stat slates.,SP,Dylan Ray (43505288),Dylan Ray,43505288,P,6000,ARI@SD 07/08/2026 10:10PM ET,07/08/2026 10:10PM ET,ARI,SD,away,0,,,needs_review_new_player,identity_name_team_map,No reviewed normalized-name/team identity alias; do not auto-guess.
2026-07-08,2026-07-08T15:51:55.513256+00:00,2026-07-08,DraftKings official lineup CSV,https://www.draftkings.com/lineup/getavailableplayerscsv?contestTypeId=9&draftGroupId=150412,150412,9,Selected largest-prize regular Classic MLB draft group after excluding Turbo/Night/qualifier/satellite/showdown/snake/single-stat slates.,RP,Kohl Drake (43505289),Kohl Drake,43505289,P,6000,ARI@SD 07/08/2026 10:10PM ET,07/08/2026 10:10PM ET,ARI,SD,away,0,,,needs_review_new_player,identity_name_team_map,No reviewed normalized-name/team identity alias; do not auto-guess.
2026-07-08,2026-07-08T15:51:55.513256+00:00,2026-07-08,DraftKings official lineup CSV,https://www.draftkings.com/lineup/getavailableplayerscsv?contestTypeId=9&draftGroupId=150412,150412,9,Selected largest-prize regular Classic MLB draft group after excluding Turbo/Night/qualifier/satellite/showdown/snake/single-stat slates.,RP,Thomas Hatch (43505290),Thomas Hatch,43505290,P,6000,ARI@SD 07/08/2026 10:10PM ET,07/08/2026 10:10PM ET,ARI,SD,away,0,,,needs_review_new_player,identity_name_team_map,No reviewed normalized-name/team identity alias; do not auto-guess.
2026-07-08,2026-07-08T15:51:55.513256+00:00,2026-07-08,DraftKings official lineup CSV,https://www.draftkings.com/lineup/getavailableplayerscsv?contestTypeId=9&draftGroupId=150412,150412,9,Selected largest-prize regular Classic MLB draft group after excluding Turbo/Night/qualifier/satellite/showdown/snake/single-stat slates.,SP,Cristian Mena (43505291),Cristian Mena,43505291,P,6000,ARI@SD 07/08/2026 10:10PM ET,07/08/2026 10:10PM ET,ARI,SD,away,0,,,needs_review_new_player,identity_name_team_map,No reviewed normalized-name/team identity alias; do not auto-guess.
2026-07-08,2026-07-08T15:51:55.513256+00:00,2026-07-08,DraftKings official lineup CSV,https://www.draftkings.com/lineup/getavailableplayerscsv?contestTypeId=9&draftGroupId=150412,150412,9,Selected largest-prize regular Classic MLB draft group after excluding Turbo/Night/qualifier/satellite/showdown/snake/single-stat slates.,SP,Zac Gallen (43505292),Zac Gallen,43505292,P,6000,ARI@SD 07/08/2026 10:10PM ET,07/08/2026 10:10PM ET,ARI,SD,away,6.44,,,needs_review_new_player,identity_name_team_map,No reviewed normalized-name/team identity alias; do not auto-guess.
2026-07-08,2026-07-08T15:51:55.513256+00:00,2026-07-08,DraftKings official lineup CSV,https://www.draftkings.com/lineup/getavailableplayerscsv?contestTypeId=9&draftGroupId=150412,150412,9,Selected largest-prize regular Classic MLB draft group after excluding Turbo/Night/qualifier/satellite/showdown/snake/single-stat slates.,SP,Mitch Bratt (43505293),Mitch Bratt,43505293,P,6000,ARI@SD 07/08/2026 10:10PM ET,07/08/2026 10:10PM ET,ARI,SD,away,8.35,,,needs_review_new_player,identity_name_team_map,No reviewed normalized-name/team identity alias; do not auto-guess.
2026-07-08,2026-07-08T15:51:55.513256+00:00,2026-07-08,DraftKings official lineup CSV,https://www.draftkings.com/lineup/getavailableplayerscsv?contestTypeId=9&draftGroupId=150412,150412,9,Selected largest-prize regular Classic MLB draft group after excluding Turbo/Night/qualifier/satellite/showdown/snake/single-stat slates.,SP,Merrill Kelly (43505294),Merrill Kelly,43505294,P,6000,ARI@SD 07/08/2026 10:10PM ET,07/08/2026 10:10PM ET,ARI,SD,away,9.02,,,needs_review_new_player,identity_name_team_map,No reviewed normalized-name/team identity alias; do not auto-guess.
2026-07-08,2026-07-08T15:51:55.513256+00:00,2026-07-08,DraftKings official lineup CSV,https://www.draftkings.com/lineup/getavailableplayerscsv?contestTypeId=9&draftGroupId=150412,150412,9,Selected largest-prize regular Classic MLB draft group after excluding Turbo/Night/qualifier/satellite/showdown/snake/single-stat slates.,SP,Brandon Pfaadt (43505295),Brandon Pfaadt,43505295,P,6000,ARI@SD 07/08/2026 10:10PM ET,07/08/2026 10:10PM ET,ARI,SD,away,6.53,,,needs_review_new_player,identity_name_team_map,No reviewed normalized-name/team identity alias; do not auto-guess.
2026-07-08,2026-07-08T15:51:55.513256+00:00,2026-07-08,DraftKings official lineup CSV,https://www.draftkings.com/lineup/getavailableplayerscsv?contestTypeId=9&draftGroupId=150412,150412,9,Selected largest-prize regular Classic MLB draft group after excluding Turbo/Night/qualifier/satellite/showdown/snake/single-stat slates.,OF,Juan Soto (43504809),Juan Soto,43504809,OF,6000,KC@NYM 07/08/2026 07:10PM ET,07/08/2026 07:10PM ET,NYM,KC,home,9.82,665742,Juan Soto,mapped,identity_name_team_map,Stable identity seed from old DK-ID map. Pilot join status: matched via normalized_name_team
2026-07-08,2026-07-08T15:51:55.513256+00:00,2026-07-08,DraftKings official lineup CSV,https://www.draftkings.com/lineup/getavailableplayerscsv?contestTypeId=9&draftGroupId=150412,150412,9,Selected largest-prize regular Classic MLB draft group after excluding Turbo/Night/qualifier/satellite/showdown/snake/single-stat slates.,RP,Yoendrys Gomez (43505302),Yoendrys Gomez,43505302,P,5900,CLE@MIN 07/08/2026 07:40PM ET,07/08/2026 07:40PM ET,MIN,CLE,home,2.72,672782,Yoendrys Gómez,mapped,identity_name_team_map,Proposed from review candidates; basis=exact normalized name + team; role-compatible; hot-dog-stand-latest.json; confidence=high; sources=hot-dog-stand-latest.json
2026-07-08,2026-07-08T15:51:55.513256+00:00,2026-07-08,DraftKings official lineup CSV,https://www.draftkings.com/lineup/getavailableplayerscsv?contestTypeId=9&draftGroupId=150412,150412,9,Selected largest-prize regular Classic MLB draft group after excluding Turbo/Night/qualifier/satellite/showdown/snake/single-stat slates.,RP,Marco Raya (43505303),Marco Raya,43505303,P,5900,CLE@MIN 07/08/2026 07:40PM ET,07/08/2026 07:40PM ET,MIN,CLE,home,4.23,,,needs_review_new_player,identity_name_team_map,No reviewed normalized-name/team identity alias; do not auto-guess.
2026-07-08,2026-07-08T15:51:55.513256+00:00,2026-07-08,DraftKings official lineup CSV,https://www.draftkings.com/lineup/getavailableplayerscsv?contestTypeId=9&draftGroupId=150412,150412,9,Selected largest-prize regular Classic MLB draft group after excluding Turbo/Night/qualifier/satellite/showdown/snake/single-stat slates.,SP,David Festa (43505304),David Festa,43505304,P,5900,CLE@MIN 07/08/2026 07:40PM ET,07/08/2026 07:40PM ET,MIN,CLE,home,0,,,needs_review_new_player,identity_name_team_map,No reviewed normalized-name/team identity alias; do not auto-guess.
2026-07-08,2026-07-08T15:51:55.513256+00:00,2026-07-08,DraftKings official lineup CSV,https://www.draftkings.com/lineup/getavailableplayerscsv?contestTypeId=9&draftGroupId=150412,150412,9,Selected largest-prize regular Classic MLB draft group after excluding Turbo/Night/qualifier/satellite/showdown/snake/single-stat slates.,RP,Mike Paredes (43505305),Mike Paredes,43505305,P,5900,CLE@MIN 07/08/2026 07:40PM ET,07/08/2026 07:40PM ET,MIN,CLE,home,6,702474,Mike Paredes,mapped,identity_name_team_map,Proposed from review candidates; basis=exact normalized name + team; role-compatible; statcast_pitcher_2026; confidence=high; sources=statcast_pitcher_2026
2026-07-08,2026-07-08T15:51:55.513256+00:00,2026-07-08,DraftKings official lineup CSV,https://www.draftkings.com/lineup/getavailableplayerscsv?contestTypeId=9&draftGroupId=150412,150412,9,Selected largest-prize regular Classic MLB draft group after excluding Turbo/Night/qualifier/satellite/showdown/snake/single-stat slates.,RP,Jhony Brito (43505296),Jhony Brito,43505296,P,5900,ARI@SD 07/08/2026 10:10PM ET,07/08/2026 10:10PM ET,SD,ARI,home,5.75,666745,Jhony Brito,mapped,identity_name_team_map,Stable identity seed from old DK-ID map. Pilot join status: matched_people_search_name via mlb_people_search_normalized_name
2026-07-08,2026-07-08T15:51:55.513256+00:00,2026-07-08,DraftKings official lineup CSV,https://www.draftkings.com/lineup/getavailableplayerscsv?contestTypeId=9&draftGroupId=150412,150412,9,Selected largest-prize regular Classic MLB draft group after excluding Turbo/Night/qualifier/satellite/showdown/snake/single-stat slates.,SP,German Marquez (43505297),German Marquez,43505297,P,5900,ARI@SD 07/08/2026 10:10PM ET,07/08/2026 10:10PM ET,SD,ARI,home,9.22,608566,Germán Márquez,mapped,identity_name_team_map,Stable identity seed from old DK-ID map. Pilot join status: matched via normalized_name_team
2026-07-08,2026-07-08T15:51:55.513256+00:00,2026-07-08,DraftKings official lineup CSV,https://www.draftkings.com/lineup/getavailableplayerscsv?contestTypeId=9&draftGroupId=150412,150412,9,Selected largest-prize regular Classic MLB draft group after excluding Turbo/Night/qualifier/satellite/showdown/snake/single-stat slates.,SP,Kyle Hart (43505298),Kyle Hart,43505298,P,5900,ARI@SD 07/08/2026 10:10PM ET,07/08/2026 10:10PM ET,SD,ARI,home,3.24,606996,Kyle Hart,mapped,identity_name_team_map,Stable identity seed from old DK-ID map. Pilot join status: matched via normalized_name_team
2026-07-08,2026-07-08T15:51:55.513256+00:00,2026-07-08,DraftKings official lineup CSV,https://www.draftkings.com/lineup/getavailableplayerscsv?contestTypeId=9&draftGroupId=150412,150412,9,Selected largest-prize regular Classic MLB draft group after excluding Turbo/Night/qualifier/satellite/showdown/snake/single-stat slates.,SP,Matt Waldron (43505299),Matt Waldron,43505299,P,5900,ARI@SD 07/08/2026 10:10PM ET,07/08/2026 10:10PM ET,SD,ARI,home,5.22,663362,Matt Waldron,mapped,identity_name_team_map,Stable identity seed from old DK-ID map. Pilot join status: matched via normalized_name_team
2026-07-08,2026-07-08T15:51:55.513256+00:00,2026-07-08,DraftKings official lineup CSV,https://www.draftkings.com/lineup/getavailableplayerscsv?contestTypeId=9&draftGroupId=150412,150412,9,Selected largest-prize regular Classic MLB draft group after excluding Turbo/Night/qualifier/satellite/showdown/snake/single-stat slates.,SP,Griffin Canning (43505300),Griffin Canning,43505300,P,5900,ARI@SD 07/08/2026 10:10PM ET,07/08/2026 10:10PM ET,SD,ARI,home,7.70,656288,Griffin Canning,mapped,identity_name_team_map,Stable identity seed from old DK-ID map. Pilot join status: matched via normalized_name_team
2026-07-08,2026-07-08T15:51:55.513256+00:00,2026-07-08,DraftKings official lineup CSV,https://www.draftkings.com/lineup/getavailableplayerscsv?contestTypeId=9&draftGroupId=150412,150412,9,Selected largest-prize regular Classic MLB draft group after excluding Turbo/Night/qualifier/satellite/showdown/snake/single-stat slates.,SP,Lucas Giolito (43505301),Lucas Giolito,43505301,P,5900,ARI@SD 07/08/2026 10:10PM ET,07/08/2026 10:10PM ET,SD,ARI,home,6.16,608337,Lucas Giolito,mapped,identity_name_team_map,Stable identity seed from old DK-ID map. Pilot join status: matched via normalized_name_team
2026-07-08,2026-07-08T15:51:55.513256+00:00,2026-07-08,DraftKings official lineup CSV,https://www.draftkings.com/lineup/getavailableplayerscsv?contestTypeId=9&draftGroupId=150412,150412,9,Selected largest-prize regular Classic MLB draft group after excluding Turbo/Night/qualifier/satellite/showdown/snake/single-stat slates.,SS,Elly De La Cruz (43504810),Elly De La Cruz,43504810,SS,5800,PHI@CIN 07/08/2026 07:10PM ET,07/08/2026 07:10PM ET,CIN,PHI,home,9.24,682829,Elly De La Cruz,mapped,identity_name_team_map,Stable identity seed from old DK-ID map. Pilot join status: matched via normalized_name_team
2026-07-08,2026-07-08T15:51:55.513256+00:00,2026-07-08,DraftKings official lineup CSV,https://www.draftkings.com/lineup/getavailableplayerscsv?contestTypeId=9&draftGroupId=150412,150412,9,Selected largest-prize regular Classic MLB draft group after excluding Turbo/Night/qualifier/satellite/showdown/snake/single-stat slates.,SP,Brayan Bello (43505306),Brayan Bello,43505306,P,5700,BOS@CWS 07/08/2026 07:40PM ET,07/08/2026 07:40PM ET,BOS,CWS,away,7.12,,,needs_review_new_player,identity_name_team_map,No reviewed normalized-name/team identity alias; do not auto-guess.
2026-07-08,2026-07-08T15:51:55.513256+00:00,2026-07-08,DraftKings official lineup CSV,https://www.draftkings.com/lineup/getavailableplayerscsv?contestTypeId=9&draftGroupId=150412,150412,9,Selected largest-prize regular Classic MLB draft group after excluding Turbo/Night/qualifier/satellite/showdown/snake/single-stat slates.,RP,Eduardo Rivera (43505307),Eduardo Rivera,43505307,P,5700,BOS@CWS 07/08/2026 07:40PM ET,07/08/2026 07:40PM ET,BOS,CWS,away,12.9,,,needs_review_new_player,identity_name_team_map,No reviewed normalized-name/team identity alias; do not auto-guess.
2026-07-08,2026-07-08T15:51:55.513256+00:00,2026-07-08,DraftKings official lineup CSV,https://www.draftkings.com/lineup/getavailableplayerscsv?contestTypeId=9&draftGroupId=150412,150412,9,Selected largest-prize regular Classic MLB draft group after excluding Turbo/Night/qualifier/satellite/showdown/snake/single-stat slates.,SP,Johan Oviedo (43505308),Johan Oviedo,43505308,P,5700,BOS@CWS 07/08/2026 07:40PM ET,07/08/2026 07:40PM ET,BOS,CWS,away,1.45,,,needs_review_new_player,identity_name_team_map,No reviewed normalized-name/team identity alias; do not auto-guess.
2026-07-08,2026-07-08T15:51:55.513256+00:00,2026-07-08,DraftKings official lineup CSV,https://www.draftkings.com/lineup/getavailableplayerscsv?contestTypeId=9&draftGroupId=150412,150412,9,Selected largest-prize regular Classic MLB draft group after excluding Turbo/Night/qualifier/satellite/showdown/snake/single-stat slates.,RP,Daniel Espino (43505309),Daniel Espino,43505309,P,5700,CLE@MIN 07/08/2026 07:40PM ET,07/08/2026 07:40PM ET,CLE,MIN,away,3.69,,,needs_review_new_player,identity_name_team_map,No reviewed normalized-name/team identity alias; do not auto-guess.
2026-07-08,2026-07-08T15:51:55.513256+00:00,2026-07-08,DraftKings official lineup CSV,https://www.draftkings.com/lineup/getavailableplayerscsv?contestTypeId=9&draftGroupId=150412,150412,9,Selected largest-prize regular Classic MLB draft group after excluding Turbo/Night/qualifier/satellite/showdown/snake/single-stat slates.,SP,Joey Lucchesi (43505310),Joey Lucchesi,43505310,P,5600,LAA@TEX 07/08/2026 08:05PM ET,07/08/2026 08:05PM ET,LAA,TEX,away,-0.58,,,needs_review_new_player,identity_name_team_map,No reviewed normalized-name/team identity alias; do not auto-guess.
2026-07-08,2026-07-08T15:51:55.513256+00:00,2026-07-08,DraftKings official lineup CSV,https://www.draftkings.com/lineup/getavailableplayerscsv?contestTypeId=9&draftGroupId=150412,150412,9,Selected largest-prize regular Classic MLB draft group after excluding Turbo/Night/qualifier/satellite/showdown/snake/single-stat slates.,RP,Mitch Farris (43505311),Mitch Farris,43505311,P,5600,LAA@TEX 07/08/2026 08:05PM ET,07/08/2026 08:05PM ET,LAA,TEX,away,5.47,815083,Mitch Farris,mapped,identity_name_team_map,Stable identity seed from old DK-ID map. Pilot join status: matched via normalized_name_team
2026-07-08,2026-07-08T15:51:55.513256+00:00,2026-07-08,DraftKings official lineup CSV,https://www.draftkings.com/lineup/getavailableplayerscsv?contestTypeId=9&draftGroupId=150412,150412,9,Selected largest-prize regular Classic MLB draft group after excluding Turbo/Night/qualifier/satellite/showdown/snake/single-stat slates.,RP,Ryan Johnson (43505312),Ryan Johnson,43505312,P,5600,LAA@TEX 07/08/2026 08:05PM ET,07/08/2026 08:05PM ET,LAA,TEX,away,5.59,696270,Ryan Johnson,mapped,identity_name_team_map,Stable identity seed from old DK-ID map. Pilot join status: matched via normalized_name_team
2026-07-08,2026-07-08T15:51:55.513256+00:00,2026-07-08,DraftKings official lineup CSV,https://www.draftkings.com/lineup/getavailableplayerscsv?contestTypeId=9&draftGroupId=150412,150412,9,Selected largest-prize regular Classic MLB draft group after excluding Turbo/Night/qualifier/satellite/showdown/snake/single-stat slates.,SP,Caden Dana (43505313),Caden Dana,43505313,P,5600,LAA@TEX 07/08/2026 08:05PM ET,07/08/2026 08:05PM ET,LAA,TEX,away,0,702674,Caden Dana,mapped,identity_name_team_map,Stable identity seed from old DK-ID map. Pilot join status: matched_people_search_name via mlb_people_search_normalized_name
2026-07-08,2026-07-08T15:51:55.513256+00:00,2026-07-08,DraftKings official lineup CSV,https://www.draftkings.com/lineup/getavailableplayerscsv?contestTypeId=9&draftGroupId=150412,150412,9,Selected largest-prize regular Classic MLB draft group after excluding Turbo/Night/qualifier/satellite/showdown/snake/single-stat slates.,RP,Sam Aldegheri (43505314),Sam Aldegheri,43505314,P,5600,LAA@TEX 07/08/2026 08:05PM ET,07/08/2026 08:05PM ET,LAA,TEX,away,7.15,691951,Sam Aldegheri,mapped,identity_name_team_map,Stable identity seed from old DK-ID map. Pilot join status: matched via normalized_name_team
2026-07-08,2026-07-08T15:51:55.513256+00:00,2026-07-08,DraftKings official lineup CSV,https://www.draftkings.com/lineup/getavailableplayerscsv?contestTypeId=9&draftGroupId=150412,150412,9,Selected largest-prize regular Classic MLB draft group after excluding Turbo/Night/qualifier/satellite/showdown/snake/single-stat slates.,SP,George Klassen (43505315),George Klassen,43505315,P,5600,LAA@TEX 07/08/2026 08:05PM ET,07/08/2026 08:05PM ET,LAA,TEX,away,0.15,691946,George Klassen,mapped,identity_name_team_map,Stable identity seed from old DK-ID map. Pilot join status: matched via normalized_name_team
2026-07-08,2026-07-08T15:51:55.513256+00:00,2026-07-08,DraftKings official lineup CSV,https://www.draftkings.com/lineup/getavailableplayerscsv?contestTypeId=9&draftGroupId=150412,150412,9,Selected largest-prize regular Classic MLB draft group after excluding Turbo/Night/qualifier/satellite/showdown/snake/single-stat slates.,SP,Jack Kochanowicz (43505316),Jack Kochanowicz,43505316,P,5600,LAA@TEX 07/08/2026 08:05PM ET,07/08/2026 08:05PM ET,LAA,TEX,away,7.26,686799,Jack Kochanowicz,mapped,identity_name_team_map,Stable identity seed from old DK-ID map. Pilot join status: matched via normalized_name_team
2026-07-08,2026-07-08T15:51:55.513256+00:00,2026-07-08,DraftKings official lineup CSV,https://www.draftkings.com/lineup/getavailableplayerscsv?contestTypeId=9&draftGroupId=150412,150412,9,Selected largest-prize regular Classic MLB draft group after excluding Turbo/Night/qualifier/satellite/showdown/snake/single-stat slates.,SP,Chase Silseth (43505317),Chase Silseth,43505317,P,5600,LAA@TEX 07/08/2026 08:05PM ET,07/08/2026 08:05PM ET,LAA,TEX,away,2.92,681217,Chase Silseth,mapped,identity_name_team_map,Stable identity seed from old DK-ID map. Pilot join status: matched via normalized_name_team
2026-07-08,2026-07-08T15:51:55.513256+00:00,2026-07-08,DraftKings official lineup CSV,https://www.draftkings.com/lineup/getavailableplayerscsv?contestTypeId=9&draftGroupId=150412,150412,9,Selected largest-prize regular Classic MLB draft group after excluding Turbo/Night/qualifier/satellite/showdown/snake/single-stat slates.,1B,Bryce Harper (43504811),Bryce Harper,43504811,1B,5600,PHI@CIN 07/08/2026 07:10PM ET,07/08/2026 07:10PM ET,PHI,CIN,away,8.75,547180,Bryce Harper,mapped,identity_name_team_map,Stable identity seed from old DK-ID map. Pilot join status: matched via normalized_name_team
2026-07-08,2026-07-08T15:51:55.513256+00:00,2026-07-08,DraftKings official lineup CSV,https://www.draftkings.com/lineup/getavailableplayerscsv?contestTypeId=9&draftGroupId=150412,150412,9,Selected largest-prize regular Classic MLB draft group after excluding Turbo/Night/qualifier/satellite/showdown/snake/single-stat slates.,OF,Mike Trout (43505041),Mike Trout,43505041,OF,5500,LAA@TEX 07/08/2026 08:05PM ET,07/08/2026 08:05PM ET,LAA,TEX,away,9.24,545361,Mike Trout,mapped,identity_name_team_map,Stable identity seed from old DK-ID map. Pilot join status: matched via normalized_name_team
2026-07-08,2026-07-08T15:51:55.513256+00:00,2026-07-08,DraftKings official lineup CSV,https://www.draftkings.com/lineup/getavailableplayerscsv?contestTypeId=9&draftGroupId=150412,150412,9,Selected largest-prize regular Classic MLB draft group after excluding Turbo/Night/qualifier/satellite/showdown/snake/single-stat slates.,1B,Willson Contreras (43504812),Willson Contreras,43504812,1B,5500,BOS@CWS 07/08/2026 07:40PM ET,07/08/2026 07:40PM ET,BOS,CWS,away,8.90,,,needs_review_new_player,identity_name_team_map,No reviewed normalized-name/team identity alias; do not auto-guess.
2026-07-08,2026-07-08T15:51:55.513256+00:00,2026-07-08,DraftKings official lineup CSV,https://www.draftkings.com/lineup/getavailableplayerscsv?contestTypeId=9&draftGroupId=150412,150412,9,Selected largest-prize regular Classic MLB draft group after excluding Turbo/Night/qualifier/satellite/showdown/snake/single-stat slates.,SP,Erick Fedde (43505318),Erick Fedde,43505318,P,5500,BOS@CWS 07/08/2026 07:40PM ET,07/08/2026 07:40PM ET,CWS,BOS,home,9.09,607200,Erick Fedde,mapped,identity_name_team_map,Stable identity seed from old DK-ID map. Pilot join status: matched via normalized_name_team
2026-07-08,2026-07-08T15:51:55.513256+00:00,2026-07-08,DraftKings official lineup CSV,https://www.draftkings.com/lineup/getavailableplayerscsv?contestTypeId=9&draftGroupId=150412,150412,9,Selected largest-prize regular Classic MLB draft group after excluding Turbo/Night/qualifier/satellite/showdown/snake/single-stat slates.,RP,Trevor Richards (43505319),Trevor Richards,43505319,P,5500,BOS@CWS 07/08/2026 07:40PM ET,07/08/2026 07:40PM ET,CWS,BOS,home,3.96,670950,Trevor Richards,mapped,identity_name_team_map,Stable identity seed from old DK-ID map. Pilot join status: matched via normalized_name_team
2026-07-08,2026-07-08T15:51:55.513256+00:00,2026-07-08,DraftKings official lineup CSV,https://www.draftkings.com/lineup/getavailableplayerscsv?contestTypeId=9&draftGroupId=150412,150412,9,Selected largest-prize regular Classic MLB draft group after excluding Turbo/Night/qualifier/satellite/showdown/snake/single-stat slates.,RP,Grant Taylor (43505320),Grant Taylor,43505320,P,5500,BOS@CWS 07/08/2026 07:40PM ET,07/08/2026 07:40PM ET,CWS,BOS,home,5.53,691799,Grant Taylor,mapped,identity_name_team_map,Stable identity seed from old DK-ID map. Pilot join status: matched via normalized_name_team
2026-07-08,2026-07-08T15:51:55.513256+00:00,2026-07-08,DraftKings official lineup CSV,https://www.draftkings.com/lineup/getavailableplayerscsv?contestTypeId=9&draftGroupId=150412,150412,9,Selected largest-prize regular Classic MLB draft group after excluding Turbo/Night/qualifier/satellite/showdown/snake/single-stat slates.,RP,Mike Vasil (43505321),Mike Vasil,43505321,P,5500,BOS@CWS 07/08/2026 07:40PM ET,07/08/2026 07:40PM ET,CWS,BOS,home,0,678024,Mike Vasil,mapped,identity_name_team_map,Stable identity seed from old DK-ID map. Pilot join status: matched_people_search_name via mlb_people_search_normalized_name
2026-07-08,2026-07-08T15:51:55.513256+00:00,2026-07-08,DraftKings official lineup CSV,https://www.draftkings.com/lineup/getavailableplayerscsv?contestTypeId=9&draftGroupId=150412,150412,9,Selected largest-prize regular Classic MLB draft group after excluding Turbo/Night/qualifier/satellite/showdown/snake/single-stat slates.,RP,Joe Rock (43505322),Joe Rock,43505322,P,5500,BOS@CWS 07/08/2026 07:40PM ET,07/08/2026 07:40PM ET,CWS,BOS,home,6.21,697812,Joe Rock,mapped,identity_name_team_map,Stable identity seed from old DK-ID map. Pilot join status: matched_people_search_name via mlb_people_search_normalized_name
2026-07-08,2026-07-08T15:51:55.513256+00:00,2026-07-08,DraftKings official lineup CSV,https://www.draftkings.com/lineup/getavailableplayerscsv?contestTypeId=9&draftGroupId=150412,150412,9,Selected largest-prize regular Classic MLB draft group after excluding Turbo/Night/qualifier/satellite/showdown/snake/single-stat slates.,RP,Osvaldo Bido (43505323),Osvaldo Bido,43505323,P,5500,BOS@CWS 07/08/2026 07:40PM ET,07/08/2026 07:40PM ET,CWS,BOS,home,2.6,674370,Osvaldo Bido,mapped,identity_name_team_map,Stable identity seed from old DK-ID map. Pilot join status: matched via normalized_name_team
2026-07-08,2026-07-08T15:51:55.513256+00:00,2026-07-08,DraftKings official lineup CSV,https://www.draftkings.com/lineup/getavailableplayerscsv?contestTypeId=9&draftGroupId=150412,150412,9,Selected largest-prize regular Classic MLB draft group after excluding Turbo/Night/qualifier/satellite/showdown/snake/single-stat slates.,SP,Ryan Feltner (43504802),Ryan Feltner,43504802,P,5500,COL@LAD 07/08/2026 10:10PM ET,07/08/2026 10:10PM ET,COL,LAD,away,11.08,663372,Ryan Feltner,mapped,identity_name_team_map,Stable identity seed from old DK-ID map. Pilot join status: matched via normalized_name_team
2026-07-08,2026-07-08T15:51:55.513256+00:00,2026-07-08,DraftKings official lineup CSV,https://www.draftkings.com/lineup/getavailableplayerscsv?contestTypeId=9&draftGroupId=150412,150412,9,Selected largest-prize regular Classic MLB draft group after excluding Turbo/Night/qualifier/satellite/showdown/snake/single-stat slates.,RP,Zach Agnos (43505324),Zach Agnos,43505324,P,5500,COL@LAD 07/08/2026 10:10PM ET,07/08/2026 10:10PM ET,COL,LAD,away,2.67,688642,Zach Agnos,mapped,identity_name_team_map,Stable identity seed from old DK-ID map. Pilot join status: matched via normalized_name_team
2026-07-08,2026-07-08T15:51:55.513256+00:00,2026-07-08,DraftKings official lineup CSV,https://www.draftkings.com/lineup/getavailableplayerscsv?contestTypeId=9&draftGroupId=150412,150412,9,Selected largest-prize regular Classic MLB draft group after excluding Turbo/Night/qualifier/satellite/showdown/snake/single-stat slates.,SP,Tomoyuki Sugano (43505325),Tomoyuki Sugano,43505325,P,5500,COL@LAD 07/08/2026 10:10PM ET,07/08/2026 10:10PM ET,COL,LAD,away,9.71,608372,Tomoyuki Sugano,mapped,identity_name_team_map,Stable identity seed from old DK-ID map. Pilot join status: matched via normalized_name_team
2026-07-08,2026-07-08T15:51:55.513256+00:00,2026-07-08,DraftKings official lineup CSV,https://www.draftkings.com/lineup/getavailableplayerscsv?contestTypeId=9&draftGroupId=150412,150412,9,Selected largest-prize regular Classic MLB draft group after excluding Turbo/Night/qualifier/satellite/showdown/snake/single-stat slates.,SP,Chase Dollander (43505328),Chase Dollander,43505328,P,5500,COL@LAD 07/08/2026 10:10PM ET,07/08/2026 10:10PM ET,COL,LAD,away,13.1,801403,Chase Dollander,mapped,identity_name_team_map,Stable identity seed from old DK-ID map. Pilot join status: matched via normalized_name_team
2026-07-08,2026-07-08T15:51:55.513256+00:00,2026-07-08,DraftKings official lineup CSV,https://www.draftkings.com/lineup/getavailableplayerscsv?contestTypeId=9&draftGroupId=150412,150412,9,Selected largest-prize regular Classic MLB draft group after excluding Turbo/Night/qualifier/satellite/showdown/snake/single-stat slates.,SP,Antonio Senzatela (43505329),Antonio Senzatela,43505329,P,5500,COL@LAD 07/08/2026 10:10PM ET,07/08/2026 10:10PM ET,COL,LAD,away,5.5,622608,Antonio Senzatela,mapped,identity_name_team_map,Stable identity seed from old DK-ID map. Pilot join status: matched via normalized_name_team
2026-07-08,2026-07-08T15:51:55.513256+00:00,2026-07-08,DraftKings official lineup CSV,https://www.draftkings.com/lineup/getavailableplayerscsv?contestTypeId=9&draftGroupId=150412,150412,9,Selected largest-prize regular Classic MLB draft group after excluding Turbo/Night/qualifier/satellite/showdown/snake/single-stat slates.,SP,Pierson Ohl (43505330),Pierson Ohl,43505330,P,5500,COL@LAD 07/08/2026 10:10PM ET,07/08/2026 10:10PM ET,COL,LAD,away,0,701487,Pierson Ohl,mapped,identity_name_team_map,Stable identity seed from old DK-ID map. Pilot join status: matched_people_search_name via mlb_people_search_normalized_name
2026-07-08,2026-07-08T15:51:55.513256+00:00,2026-07-08,DraftKings official lineup CSV,https://www.draftkings.com/lineup/getavailableplayerscsv?contestTypeId=9&draftGroupId=150412,150412,9,Selected largest-prize regular Classic MLB draft group after excluding Turbo/Night/qualifier/satellite/showdown/snake/single-stat slates.,SP,Sean Sullivan (43505331),Sean Sullivan,43505331,P,5500,COL@LAD 07/08/2026 10:10PM ET,07/08/2026 10:10PM ET,COL,LAD,away,1.89,,,needs_review_new_player,identity_name_team_map,No reviewed normalized-name/team identity alias; do not auto-guess.
2026-07-08,2026-07-08T15:51:55.513256+00:00,2026-07-08,DraftKings official lineup CSV,https://www.draftkings.com/lineup/getavailableplayerscsv?contestTypeId=9&draftGroupId=150412,150412,9,Selected largest-prize regular Classic MLB draft group after excluding Turbo/Night/qualifier/satellite/showdown/snake/single-stat slates.,SP,Kyle Freeland (43505332),Kyle Freeland,43505332,P,5500,COL@LAD 07/08/2026 10:10PM ET,07/08/2026 10:10PM ET,COL,LAD,away,6.72,607536,Kyle Freeland,mapped,identity_name_team_map,Stable identity seed from old DK-ID map. Pilot join status: matched via normalized_name_team
2026-07-08,2026-07-08T15:51:55.513256+00:00,2026-07-08,DraftKings official lineup CSV,https://www.draftkings.com/lineup/getavailableplayerscsv?contestTypeId=9&draftGroupId=150412,150412,9,Selected largest-prize regular Classic MLB draft group after excluding Turbo/Night/qualifier/satellite/showdown/snake/single-stat slates.,SP,Michael Lorenzen (43505333),Michael Lorenzen,43505333,P,5500,COL@LAD 07/08/2026 10:10PM ET,07/08/2026 10:10PM ET,COL,LAD,away,6.28,547179,Michael Lorenzen,mapped,identity_name_team_map,Stable identity seed from old DK-ID map. Pilot join status: matched via normalized_name_team
2026-07-08,2026-07-08T15:51:55.513256+00:00,2026-07-08,DraftKings official lineup CSV,https://www.draftkings.com/lineup/getavailableplayerscsv?contestTypeId=9&draftGroupId=150412,150412,9,Selected largest-prize regular Classic MLB draft group after excluding Turbo/Night/qualifier/satellite/showdown/snake/single-stat slates.,RP,Tanner Gordon (43505334),Tanner Gordon,43505334,P,5500,COL@LAD 07/08/2026 10:10PM ET,07/08/2026 10:10PM ET,COL,LAD,away,7.24,685299,Tanner Gordon,mapped,identity_name_team_map,Stable identity seed from old DK-ID map. Pilot join status: matched via normalized_name_team
2026-07-08,2026-07-08T15:51:55.513256+00:00,2026-07-08,DraftKings official lineup CSV,https://www.draftkings.com/lineup/getavailableplayerscsv?contestTypeId=9&draftGroupId=150412,150412,9,Selected largest-prize regular Classic MLB draft group after excluding Turbo/Night/qualifier/satellite/showdown/snake/single-stat slates.,RP,Jose Quintana (43505335),Jose Quintana,43505335,P,5500,COL@LAD 07/08/2026 10:10PM ET,07/08/2026 10:10PM ET,COL,LAD,away,6.05,500779,Jose Quintana,mapped,identity_name_team_map,Stable identity seed from old DK-ID map. Pilot join status: matched via normalized_name_team
2026-07-08,2026-07-08T15:51:55.513256+00:00,2026-07-08,DraftKings official lineup CSV,https://www.draftkings.com/lineup/getavailableplayerscsv?contestTypeId=9&draftGroupId=150412,150412,9,Selected largest-prize regular Classic MLB draft group after excluding Turbo/Night/qualifier/satellite/showdown/snake/single-stat slates.,SP,Coleman Crow (43505326),Coleman Crow,43505326,P,5500,MIL@STL 07/08/2026 07:45PM ET,07/08/2026 07:45PM ET,MIL,STL,away,4.64,689441,Coleman Crow,mapped,identity_name_team_map,Stable identity seed from old DK-ID map. Pilot join status: matched via normalized_name_team
2026-07-08,2026-07-08T15:51:55.513256+00:00,2026-07-08,DraftKings official lineup CSV,https://www.draftkings.com/lineup/getavailableplayerscsv?contestTypeId=9&draftGroupId=150412,150412,9,Selected largest-prize regular Classic MLB draft group after excluding Turbo/Night/qualifier/satellite/showdown/snake/single-stat slates.,RP,DL Hall (43505327),DL Hall,43505327,P,5500,MIL@STL 07/08/2026 07:45PM ET,07/08/2026 07:45PM ET,MIL,STL,away,4.02,669084,DL Hall,mapped,identity_name_team_map,Stable identity seed from old DK-ID map. Pilot join status: matched via normalized_name_team
2026-07-08,2026-07-08T15:51:55.513256+00:00,2026-07-08,DraftKings official lineup CSV,https://www.draftkings.com/lineup/getavailableplayerscsv?contestTypeId=9&draftGroupId=150412,150412,9,Selected largest-prize regular Classic MLB draft group after excluding Turbo/Night/qualifier/satellite/showdown/snake/single-stat slates.,C,Hunter Goodman (43504813),Hunter Goodman,43504813,C,5400,COL@LAD 07/08/2026 10:10PM ET,07/08/2026 10:10PM ET,COL,LAD,away,9.05,696100,Hunter Goodman,mapped,identity_name_team_map,Stable identity seed from old DK-ID map. Pilot join status: matched via normalized_name_team
2026-07-08,2026-07-08T15:51:55.513256+00:00,2026-07-08,DraftKings official lineup CSV,https://www.draftkings.com/lineup/getavailableplayerscsv?contestTypeId=9&draftGroupId=150412,150412,9,Selected largest-prize regular Classic MLB draft group after excluding Turbo/Night/qualifier/satellite/showdown/snake/single-stat slates.,OF,Andy Pages (43504814),Andy Pages,43504814,OF,5400,COL@LAD 07/08/2026 10:10PM ET,07/08/2026 10:10PM ET,LAD,COL,home,8.60,,,needs_review_new_player,identity_name_team_map,No reviewed normalized-name/team identity alias; do not auto-guess.
2026-07-08,2026-07-08T15:51:55.513256+00:00,2026-07-08,DraftKings official lineup CSV,https://www.draftkings.com/lineup/getavailableplayerscsv?contestTypeId=9&draftGroupId=150412,150412,9,Selected largest-prize regular Classic MLB draft group after excluding Turbo/Night/qualifier/satellite/showdown/snake/single-stat slates.,SP,Tekoah Roby (43505336),Tekoah Roby,43505336,P,5400,MIL@STL 07/08/2026 07:45PM ET,07/08/2026 07:45PM ET,STL,MIL,home,0,694358,Tekoah Roby,mapped,identity_name_team_map,Stable identity seed from old DK-ID map. Pilot join status: matched_people_search_name via mlb_people_search_normalized_name
2026-07-08,2026-07-08T15:51:55.513256+00:00,2026-07-08,DraftKings official lineup CSV,https://www.draftkings.com/lineup/getavailableplayerscsv?contestTypeId=9&draftGroupId=150412,150412,9,Selected largest-prize regular Classic MLB draft group after excluding Turbo/Night/qualifier/satellite/showdown/snake/single-stat slates.,SP,Tink Hence (43505337),Tink Hence,43505337,P,5400,MIL@STL 07/08/2026 07:45PM ET,07/08/2026 07:45PM ET,STL,MIL,home,0,693311,Tink Hence,mapped,identity_name_team_map,Stable identity seed from old DK-ID map. Pilot join status: matched_people_search_name via mlb_people_search_normalized_name
2026-07-08,2026-07-08T15:51:55.513256+00:00,2026-07-08,DraftKings official lineup CSV,https://www.draftkings.com/lineup/getavailableplayerscsv?contestTypeId=9&draftGroupId=150412,150412,9,Selected largest-prize regular Classic MLB draft group after excluding Turbo/Night/qualifier/satellite/showdown/snake/single-stat slates.,SP,Brycen Mautz (43505338),Brycen Mautz,43505338,P,5400,MIL@STL 07/08/2026 07:45PM ET,07/08/2026 07:45PM ET,STL,MIL,home,3.15,802408,Brycen Mautz,mapped,identity_name_team_map,Stable identity seed from old DK-ID map. Pilot join status: matched via normalized_name_team
2026-07-08,2026-07-08T15:51:55.513256+00:00,2026-07-08,DraftKings official lineup CSV,https://www.draftkings.com/lineup/getavailableplayerscsv?contestTypeId=9&draftGroupId=150412,150412,9,Selected largest-prize regular Classic MLB draft group after excluding Turbo/Night/qualifier/satellite/showdown/snake/single-stat slates.,SP,Richard Fitts (43505339),Richard Fitts,43505339,P,5400,MIL@STL 07/08/2026 07:45PM ET,07/08/2026 07:45PM ET,STL,MIL,home,0,690916,Richard Fitts,mapped,identity_name_team_map,Stable identity seed from old DK-ID map. Pilot join status: matched_people_search_name via mlb_people_search_normalized_name
2026-07-08,2026-07-08T15:51:55.513256+00:00,2026-07-08,DraftKings official lineup CSV,https://www.draftkings.com/lineup/getavailableplayerscsv?contestTypeId=9&draftGroupId=150412,150412,9,Selected largest-prize regular Classic MLB draft group after excluding Turbo/Night/qualifier/satellite/showdown/snake/single-stat slates.,3B,Jose Ramirez (43505042),Jose Ramirez,43505042,3B,5300,CLE@MIN 07/08/2026 07:40PM ET,07/08/2026 07:40PM ET,CLE,MIN,away,9.06,,,needs_review_new_player,identity_name_team_map,No reviewed normalized-name/team identity alias; do not auto-guess.
2026-07-08,2026-07-08T15:51:55.513256+00:00,2026-07-08,DraftKings official lineup CSV,https://www.draftkings.com/lineup/getavailableplayerscsv?contestTypeId=9&draftGroupId=150412,150412,9,Selected largest-prize regular Classic MLB draft group after excluding Turbo/Night/qualifier/satellite/showdown/snake/single-stat slates.,OF,Jackson Chourio (43504815),Jackson Chourio,43504815,OF,5300,MIL@STL 07/08/2026 07:45PM ET,07/08/2026 07:45PM ET,MIL,STL,away,9.65,694192,Jackson Chourio,mapped,identity_name_team_map,Stable identity seed from old DK-ID map. Pilot join status: matched via normalized_name_team
2026-07-08,2026-07-08T15:51:55.513256+00:00,2026-07-08,DraftKings official lineup CSV,https://www.draftkings.com/lineup/getavailableplayerscsv?contestTypeId=9&draftGroupId=150412,150412,9,Selected largest-prize regular Classic MLB draft group after excluding Turbo/Night/qualifier/satellite/showdown/snake/single-stat slates.,RP,Daniel Lynch IV (43505340),Daniel Lynch IV,43505340,P,5300,KC@NYM 07/08/2026 07:10PM ET,07/08/2026 07:10PM ET,KC,NYM,away,2.98,663738,Daniel Lynch IV,mapped,identity_name_team_map,Stable identity seed from old DK-ID map. Pilot join status: matched via normalized_name_team
2026-07-08,2026-07-08T15:51:55.513256+00:00,2026-07-08,DraftKings official lineup CSV,https://www.draftkings.com/lineup/getavailableplayerscsv?contestTypeId=9&draftGroupId=150412,150412,9,Selected largest-prize regular Classic MLB draft group after excluding Turbo/Night/qualifier/satellite/showdown/snake/single-stat slates.,RP,Mitch Spence (43505341),Mitch Spence,43505341,P,5300,KC@NYM 07/08/2026 07:10PM ET,07/08/2026 07:10PM ET,KC,NYM,away,-9.27,687765,Mitch Spence,mapped,identity_name_team_map,Stable identity seed from old DK-ID map. Pilot join status: matched via normalized_name_team
2026-07-08,2026-07-08T15:51:55.513256+00:00,2026-07-08,DraftKings official lineup CSV,https://www.draftkings.com/lineup/getavailableplayerscsv?contestTypeId=9&draftGroupId=150412,150412,9,Selected largest-prize regular Classic MLB draft group after excluding Turbo/Night/qualifier/satellite/showdown/snake/single-stat slates.,RP,Luinder Avila (43505342),Luinder Avila,43505342,P,5300,KC@NYM 07/08/2026 07:10PM ET,07/08/2026 07:10PM ET,KC,NYM,away,6.97,679883,Luinder Avila,mapped,identity_name_team_map,Stable identity seed from old DK-ID map. Pilot join status: matched via normalized_name_team
2026-07-08,2026-07-08T15:51:55.513256+00:00,2026-07-08,DraftKings official lineup CSV,https://www.draftkings.com/lineup/getavailableplayerscsv?contestTypeId=9&draftGroupId=150412,150412,9,Selected largest-prize regular Classic MLB draft group after excluding Turbo/Night/qualifier/satellite/showdown/snake/single-stat slates.,RP,Mason Black (43505343),Mason Black,43505343,P,5300,KC@NYM 07/08/2026 07:10PM ET,07/08/2026 07:10PM ET,KC,NYM,away,3.10,696131,Mason Black,mapped,identity_name_team_map,Stable identity seed from old DK-ID map. Pilot join status: matched via normalized_name_team
2026-07-08,2026-07-08T15:51:55.513256+00:00,2026-07-08,DraftKings official lineup CSV,https://www.draftkings.com/lineup/getavailableplayerscsv?contestTypeId=9&draftGroupId=150412,150412,9,Selected largest-prize regular Classic MLB draft group after excluding Turbo/Night/qualifier/satellite/showdown/snake/single-stat slates.,3B,Max Muncy (43504816),Max Muncy,43504816,3B,5200,COL@LAD 07/08/2026 10:10PM ET,07/08/2026 10:10PM ET,LAD,COL,home,7.56,691777,Max Muncy,needs_review_team_change,identity_name_unique_mlbam,Name maps to one reviewed MLBAM identity but not this DK team; review as team-change/new alias before trusting automation.
2026-07-08,2026-07-08T15:51:55.513256+00:00,2026-07-08,DraftKings official lineup CSV,https://www.draftkings.com/lineup/getavailableplayerscsv?contestTypeId=9&draftGroupId=150412,150412,9,Selected largest-prize regular Classic MLB draft group after excluding Turbo/Night/qualifier/satellite/showdown/snake/single-stat slates.,2B,Brice Turang (43504817),Brice Turang,43504817,2B,5200,MIL@STL 07/08/2026 07:45PM ET,07/08/2026 07:45PM ET,MIL,STL,away,9.45,668930,Brice Turang,mapped,identity_name_team_map,Stable identity seed from old DK-ID map. Pilot join status: matched via normalized_name_team
2026-07-08,2026-07-08T15:51:55.513256+00:00,2026-07-08,DraftKings official lineup CSV,https://www.draftkings.com/lineup/getavailableplayerscsv?contestTypeId=9&draftGroupId=150412,150412,9,Selected largest-prize regular Classic MLB draft group after excluding Turbo/Night/qualifier/satellite/showdown/snake/single-stat slates.,SS,Trea Turner (43504818),Trea Turner,43504818,SS,5100,PHI@CIN 07/08/2026 07:10PM ET,07/08/2026 07:10PM ET,PHI,CIN,away,7.64,607208,Trea Turner,mapped,identity_name_team_map,Stable identity seed from old DK-ID map. Pilot join status: matched via normalized_name_team
2026-07-08,2026-07-08T15:51:55.513256+00:00,2026-07-08,DraftKings official lineup CSV,https://www.draftkings.com/lineup/getavailableplayerscsv?contestTypeId=9&draftGroupId=150412,150412,9,Selected largest-prize regular Classic MLB draft group after excluding Turbo/Night/qualifier/satellite/showdown/snake/single-stat slates.,3B,Miguel Vargas (43504819),Miguel Vargas,43504819,3B,5100,BOS@CWS 07/08/2026 07:40PM ET,07/08/2026 07:40PM ET,CWS,BOS,home,9.29,678246,Miguel Vargas,mapped,identity_name_team_map,Stable identity seed from old DK-ID map. Pilot join status: matched via normalized_name_team
2026-07-08,2026-07-08T15:51:55.513256+00:00,2026-07-08,DraftKings official lineup CSV,https://www.draftkings.com/lineup/getavailableplayerscsv?contestTypeId=9&draftGroupId=150412,150412,9,Selected largest-prize regular Classic MLB draft group after excluding Turbo/Night/qualifier/satellite/showdown/snake/single-stat slates.,RP,Moises Chace (43505344),Moises Chace,43505344,P,5000,PHI@CIN 07/08/2026 07:10PM ET,07/08/2026 07:10PM ET,PHI,CIN,away,0,691330,Moisés Chace,mapped,identity_name_team_map,Stable identity seed from old DK-ID map. Pilot join status: matched_people_search_name via mlb_people_search_normalized_name
2026-07-08,2026-07-08T15:51:55.513256+00:00,2026-07-08,DraftKings official lineup CSV,https://www.draftkings.com/lineup/getavailableplayerscsv?contestTypeId=9&draftGroupId=150412,150412,9,Selected largest-prize regular Classic MLB draft group after excluding Turbo/Night/qualifier/satellite/showdown/snake/single-stat slates.,SP,Lenny Torres (43505345),Lenny Torres,43505345,P,5000,PHI@CIN 07/08/2026 07:10PM ET,07/08/2026 07:10PM ET,PHI,CIN,away,0,678013,Lenny Torres Jr.,mapped,identity_name_team_map,Stable identity seed from old DK-ID map. Pilot join status: matched_people_search_name via mlb_people_search_normalized_name
2026-07-08,2026-07-08T15:51:55.513256+00:00,2026-07-08,DraftKings official lineup CSV,https://www.draftkings.com/lineup/getavailableplayerscsv?contestTypeId=9&draftGroupId=150412,150412,9,Selected largest-prize regular Classic MLB draft group after excluding Turbo/Night/qualifier/satellite/showdown/snake/single-stat slates.,SP,Alex McFarlane (43505346),Alex McFarlane,43505346,P,5000,PHI@CIN 07/08/2026 07:10PM ET,07/08/2026 07:10PM ET,PHI,CIN,away,0,686934,Alex McFarlane,mapped,identity_name_team_map,Stable identity seed from old DK-ID map. Pilot join status: matched_people_search_name via mlb_people_search_normalized_name
2026-07-08,2026-07-08T15:51:55.513256+00:00,2026-07-08,DraftKings official lineup CSV,https://www.draftkings.com/lineup/getavailableplayerscsv?contestTypeId=9&draftGroupId=150412,150412,9,Selected largest-prize regular Classic MLB draft group after excluding Turbo/Night/qualifier/satellite/showdown/snake/single-stat slates.,SS,Mookie Betts (43504820),Mookie Betts,43504820,SS,5000,COL@LAD 07/08/2026 10:10PM ET,07/08/2026 10:10PM ET,LAD,COL,home,7.59,,,needs_review_new_player,identity_name_team_map,No reviewed normalized-name/team identity alias; do not auto-guess.
2026-07-08,2026-07-08T15:51:55.513256+00:00,2026-07-08,DraftKings official lineup CSV,https://www.draftkings.com/lineup/getavailableplayerscsv?contestTypeId=9&draftGroupId=150412,150412,9,Selected largest-prize regular Classic MLB draft group after excluding Turbo/Night/qualifier/satellite/showdown/snake/single-stat slates.,OF,Jordan Walker (43504821),Jordan Walker,43504821,OF,5000,MIL@STL 07/08/2026 07:45PM ET,07/08/2026 07:45PM ET,STL,MIL,home,9.69,691023,Jordan Walker,mapped,identity_name_team_map,Stable identity seed from old DK-ID map. Pilot join status: matched via normalized_name_team
2026-07-08,2026-07-08T15:51:55.513256+00:00,2026-07-08,DraftKings official lineup CSV,https://www.draftkings.com/lineup/getavailableplayerscsv?contestTypeId=9&draftGroupId=150412,150412,9,Selected largest-prize regular Classic MLB draft group after excluding Turbo/Night/qualifier/satellite/showdown/snake/single-stat slates.,OF,Luis Robert Jr. (43505043),Luis Robert Jr.,43505043,OF,5000,KC@NYM 07/08/2026 07:10PM ET,07/08/2026 07:10PM ET,NYM,KC,home,6.33,673357,Luis Robert Jr.,mapped,identity_name_team_map,Stable identity seed from old DK-ID map. Pilot join status: matched via normalized_name_team
2026-07-08,2026-07-08T15:51:55.513256+00:00,2026-07-08,DraftKings official lineup CSV,https://www.draftkings.com/lineup/getavailableplayerscsv?contestTypeId=9&draftGroupId=150412,150412,9,Selected largest-prize regular Classic MLB draft group after excluding Turbo/Night/qualifier/satellite/showdown/snake/single-stat slates.,OF,Mickey Moniak (43504822),Mickey Moniak,43504822,OF,4900,COL@LAD 07/08/2026 10:10PM ET,07/08/2026 10:10PM ET,COL,LAD,away,8.21,666160,Mickey Moniak,mapped,identity_name_team_map,Stable identity seed from old DK-ID map. Pilot join status: matched via normalized_name_team
2026-07-08,2026-07-08T15:51:55.513256+00:00,2026-07-08,DraftKings official lineup CSV,https://www.draftkings.com/lineup/getavailableplayerscsv?contestTypeId=9&draftGroupId=150412,150412,9,Selected largest-prize regular Classic MLB draft group after excluding Turbo/Night/qualifier/satellite/showdown/snake/single-stat slates.,OF,Fernando Tatis Jr. (43504823),Fernando Tatis Jr.,43504823,OF,4900,ARI@SD 07/08/2026 10:10PM ET,07/08/2026 10:10PM ET,SD,ARI,home,7.8,665487,Fernando Tatis Jr.,mapped,identity_name_team_map,Stable identity seed from old DK-ID map. Pilot join status: matched via normalized_name_team
2026-07-08,2026-07-08T15:51:55.513256+00:00,2026-07-08,DraftKings official lineup CSV,https://www.draftkings.com/lineup/getavailableplayerscsv?contestTypeId=9&draftGroupId=150412,150412,9,Selected largest-prize regular Classic MLB draft group after excluding Turbo/Night/qualifier/satellite/showdown/snake/single-stat slates.,2B,Ketel Marte (43504824),Ketel Marte,43504824,2B,4900,ARI@SD 07/08/2026 10:10PM ET,07/08/2026 10:10PM ET,ARI,SD,away,8.52,,,needs_review_new_player,identity_name_team_map,No reviewed normalized-name/team identity alias; do not auto-guess.
2026-07-08,2026-07-08T15:51:55.513256+00:00,2026-07-08,DraftKings official lineup CSV,https://www.draftkings.com/lineup/getavailableplayerscsv?contestTypeId=9&draftGroupId=150412,150412,9,Selected largest-prize regular Classic MLB draft group after excluding Turbo/Night/qualifier/satellite/showdown/snake/single-stat slates.,1B/3B,Sal Stewart (43504825),Sal Stewart,43504825,1B/3B,4800,PHI@CIN 07/08/2026 07:10PM ET,07/08/2026 07:10PM ET,CIN,PHI,home,8.7,701398,Sal Stewart,mapped,identity_name_team_map,Stable identity seed from old DK-ID map. Pilot join status: matched via normalized_name_team
2026-07-08,2026-07-08T15:51:55.513256+00:00,2026-07-08,DraftKings official lineup CSV,https://www.draftkings.com/lineup/getavailableplayerscsv?contestTypeId=9&draftGroupId=150412,150412,9,Selected largest-prize regular Classic MLB draft group after excluding Turbo/Night/qualifier/satellite/showdown/snake/single-stat slates.,1B,Munetaka Murakami (43505044),Munetaka Murakami,43505044,1B,4800,BOS@CWS 07/08/2026 07:40PM ET,07/08/2026 07:40PM ET,CWS,BOS,home,9.74,808959,Munetaka Murakami,mapped,identity_name_team_map,Stable identity seed from old DK-ID map. Pilot join status: matched via normalized_name_team
2026-07-08,2026-07-08T15:51:55.513256+00:00,2026-07-08,DraftKings official lineup CSV,https://www.draftkings.com/lineup/getavailableplayerscsv?contestTypeId=9&draftGroupId=150412,150412,9,Selected largest-prize regular Classic MLB draft group after excluding Turbo/Night/qualifier/satellite/showdown/snake/single-stat slates.,OF,Corbin Carroll (43504828),Corbin Carroll,43504828,OF,4800,ARI@SD 07/08/2026 10:10PM ET,07/08/2026 10:10PM ET,ARI,SD,away,8.73,,,needs_review_new_player,identity_name_team_map,No reviewed normalized-name/team identity alias; do not auto-guess.
2026-07-08,2026-07-08T15:51:55.513256+00:00,2026-07-08,DraftKings official lineup CSV,https://www.draftkings.com/lineup/getavailableplayerscsv?contestTypeId=9&draftGroupId=150412,150412,9,Selected largest-prize regular Classic MLB draft group after excluding Turbo/Night/qualifier/satellite/showdown/snake/single-stat slates.,C,Carter Jensen (43504827),Carter Jensen,43504827,C,4800,KC@NYM 07/08/2026 07:10PM ET,07/08/2026 07:10PM ET,KC,NYM,away,6.95,695600,Carter Jensen,mapped,identity_name_team_map,Stable identity seed from old DK-ID map. Pilot join status: matched via normalized_name_team
2026-07-08,2026-07-08T15:51:55.513256+00:00,2026-07-08,DraftKings official lineup CSV,https://www.draftkings.com/lineup/getavailableplayerscsv?contestTypeId=9&draftGroupId=150412,150412,9,Selected largest-prize regular Classic MLB draft group after excluding Turbo/Night/qualifier/satellite/showdown/snake/single-stat slates.,SS,Corey Seager (43505046),Corey Seager,43505046,SS,4700,LAA@TEX 07/08/2026 08:05PM ET,07/08/2026 08:05PM ET,TEX,LAA,home,6.96,608369,Corey Seager,mapped,identity_name_team_map,Stable identity seed from old DK-ID map. Pilot join status: matched via normalized_name_team
2026-07-08,2026-07-08T15:51:55.513256+00:00,2026-07-08,DraftKings official lineup CSV,https://www.draftkings.com/lineup/getavailableplayerscsv?contestTypeId=9&draftGroupId=150412,150412,9,Selected largest-prize regular Classic MLB draft group after excluding Turbo/Night/qualifier/satellite/showdown/snake/single-stat slates.,2B,Kody Clemens (43504831),Kody Clemens,43504831,2B,4700,CLE@MIN 07/08/2026 07:40PM ET,07/08/2026 07:40PM ET,MIN,CLE,home,7.86,665019,Kody Clemens,mapped,identity_name_team_map,Proposed from review candidates; basis=exact normalized name + team; role-compatible; hr-distance-latest.json|statcast_batter_des_2026; confidence=high; sources=hr-distance-latest.json|statcast_batter_des_2026
2026-07-08,2026-07-08T15:51:55.513256+00:00,2026-07-08,DraftKings official lineup CSV,https://www.draftkings.com/lineup/getavailableplayerscsv?contestTypeId=9&draftGroupId=150412,150412,9,Selected largest-prize regular Classic MLB draft group after excluding Turbo/Night/qualifier/satellite/showdown/snake/single-stat slates.,C,Ryan Jeffers (43505045),Ryan Jeffers,43505045,C,4700,CLE@MIN 07/08/2026 07:40PM ET,07/08/2026 07:40PM ET,MIN,CLE,home,8.92,680777,Ryan Jeffers,mapped,identity_name_team_map,Proposed from review candidates; basis=exact normalized name + team; role-compatible; statcast_batter_des_2026; confidence=high; sources=statcast_batter_des_2026
2026-07-08,2026-07-08T15:51:55.513256+00:00,2026-07-08,DraftKings official lineup CSV,https://www.draftkings.com/lineup/getavailableplayerscsv?contestTypeId=9&draftGroupId=150412,150412,9,Selected largest-prize regular Classic MLB draft group after excluding Turbo/Night/qualifier/satellite/showdown/snake/single-stat slates.,OF,Kyle Tucker (43504829),Kyle Tucker,43504829,OF,4700,COL@LAD 07/08/2026 10:10PM ET,07/08/2026 10:10PM ET,LAD,COL,home,7.51,,,needs_review_new_player,identity_name_team_map,No reviewed normalized-name/team identity alias; do not auto-guess.
2026-07-08,2026-07-08T15:51:55.513256+00:00,2026-07-08,DraftKings official lineup CSV,https://www.draftkings.com/lineup/getavailableplayerscsv?contestTypeId=9&draftGroupId=150412,150412,9,Selected largest-prize regular Classic MLB draft group after excluding Turbo/Night/qualifier/satellite/showdown/snake/single-stat slates.,OF,Christian Yelich (43504830),Christian Yelich,43504830,OF,4700,MIL@STL 07/08/2026 07:45PM ET,07/08/2026 07:45PM ET,MIL,STL,away,8.03,592885,Christian Yelich,mapped,identity_name_team_map,Stable identity seed from old DK-ID map. Pilot join status: matched via normalized_name_team
2026-07-08,2026-07-08T15:51:55.513256+00:00,2026-07-08,DraftKings official lineup CSV,https://www.draftkings.com/lineup/getavailableplayerscsv?contestTypeId=9&draftGroupId=150412,150412,9,Selected largest-prize regular Classic MLB draft group after excluding Turbo/Night/qualifier/satellite/showdown/snake/single-stat slates.,SS,Zach Neto (43504834),Zach Neto,43504834,SS,4600,LAA@TEX 07/08/2026 08:05PM ET,07/08/2026 08:05PM ET,LAA,TEX,away,8.81,687263,Zach Neto,mapped,identity_name_team_map,Stable identity seed from old DK-ID map. Pilot join status: matched via normalized_name_team
2026-07-08,2026-07-08T15:51:55.513256+00:00,2026-07-08,DraftKings official lineup CSV,https://www.draftkings.com/lineup/getavailableplayerscsv?contestTypeId=9&draftGroupId=150412,150412,9,Selected largest-prize regular Classic MLB draft group after excluding Turbo/Night/qualifier/satellite/showdown/snake/single-stat slates.,OF,Brandon Marsh (43504835),Brandon Marsh,43504835,OF,4600,PHI@CIN 07/08/2026 07:10PM ET,07/08/2026 07:10PM ET,PHI,CIN,away,8.13,669016,Brandon Marsh,mapped,identity_name_team_map,Stable identity seed from old DK-ID map. Pilot join status: matched via normalized_name_team
2026-07-08,2026-07-08T15:51:55.513256+00:00,2026-07-08,DraftKings official lineup CSV,https://www.draftkings.com/lineup/getavailableplayerscsv?contestTypeId=9&draftGroupId=150412,150412,9,Selected largest-prize regular Classic MLB draft group after excluding Turbo/Night/qualifier/satellite/showdown/snake/single-stat slates.,1B/OF,Jake Bauers (43504832),Jake Bauers,43504832,1B/OF,4600,MIL@STL 07/08/2026 07:45PM ET,07/08/2026 07:45PM ET,MIL,STL,away,8.5,641343,Jake Bauers,mapped,identity_name_team_map,Stable identity seed from old DK-ID map. Pilot join status: matched via normalized_name_team
2026-07-08,2026-07-08T15:51:55.513256+00:00,2026-07-08,DraftKings official lineup CSV,https://www.draftkings.com/lineup/getavailableplayerscsv?contestTypeId=9&draftGroupId=150412,150412,9,Selected largest-prize regular Classic MLB draft group after excluding Turbo/Night/qualifier/satellite/showdown/snake/single-stat slates.,OF,Wilyer Abreu (43504839),Wilyer Abreu,43504839,OF,4500,BOS@CWS 07/08/2026 07:40PM ET,07/08/2026 07:40PM ET,BOS,CWS,away,7.54,,,needs_review_new_player,identity_name_team_map,No reviewed normalized-name/team identity alias; do not auto-guess.
2026-07-08,2026-07-08T15:51:55.513256+00:00,2026-07-08,DraftKings official lineup CSV,https://www.draftkings.com/lineup/getavailableplayerscsv?contestTypeId=9&draftGroupId=150412,150412,9,Selected largest-prize regular Classic MLB draft group after excluding Turbo/Night/qualifier/satellite/showdown/snake/single-stat slates.,SS,Colson Montgomery (43504840),Colson Montgomery,43504840,SS,4500,BOS@CWS 07/08/2026 07:40PM ET,07/08/2026 07:40PM ET,CWS,BOS,home,7.90,695657,Colson Montgomery,mapped,identity_name_team_map,Stable identity seed from old DK-ID map. Pilot join status: matched via normalized_name_team
2026-07-08,2026-07-08T15:51:55.513256+00:00,2026-07-08,DraftKings official lineup CSV,https://www.draftkings.com/lineup/getavailableplayerscsv?contestTypeId=9&draftGroupId=150412,150412,9,Selected largest-prize regular Classic MLB draft group after excluding Turbo/Night/qualifier/satellite/showdown/snake/single-stat slates.,2B,JJ Wetherholt (43504838),JJ Wetherholt,43504838,2B,4500,MIL@STL 07/08/2026 07:45PM ET,07/08/2026 07:45PM ET,STL,MIL,home,8.22,802139,JJ Wetherholt,mapped,identity_name_team_map,Stable identity seed from old DK-ID map. Pilot join status: matched via normalized_name_team
2026-07-08,2026-07-08T15:51:55.513256+00:00,2026-07-08,DraftKings official lineup CSV,https://www.draftkings.com/lineup/getavailableplayerscsv?contestTypeId=9&draftGroupId=150412,150412,9,Selected largest-prize regular Classic MLB draft group after excluding Turbo/Night/qualifier/satellite/showdown/snake/single-stat slates.,1B/OF,Jac Caglianone (43504836),Jac Caglianone,43504836,1B/OF,4500,KC@NYM 07/08/2026 07:10PM ET,07/08/2026 07:10PM ET,KC,NYM,away,6.89,695506,Jac Caglianone,mapped,identity_name_team_map,Stable identity seed from old DK-ID map. Pilot join status: matched via normalized_name_team
2026-07-08,2026-07-08T15:51:55.513256+00:00,2026-07-08,DraftKings official lineup CSV,https://www.draftkings.com/lineup/getavailableplayerscsv?contestTypeId=9&draftGroupId=150412,150412,9,Selected largest-prize regular Classic MLB draft group after excluding Turbo/Night/qualifier/satellite/showdown/snake/single-stat slates.,3B,Bo Bichette (43504841),Bo Bichette,43504841,3B,4500,KC@NYM 07/08/2026 07:10PM ET,07/08/2026 07:10PM ET,NYM,KC,home,7,666182,Bo Bichette,mapped,identity_name_team_map,Stable identity seed from old DK-ID map. Pilot join status: matched via normalized_name_team
2026-07-08,2026-07-08T15:51:55.513256+00:00,2026-07-08,DraftKings official lineup CSV,https://www.draftkings.com/lineup/getavailableplayerscsv?contestTypeId=9&draftGroupId=150412,150412,9,Selected largest-prize regular Classic MLB draft group after excluding Turbo/Night/qualifier/satellite/showdown/snake/single-stat slates.,OF,Roman Anthony (43505047),Roman Anthony,43505047,OF,4400,BOS@CWS 07/08/2026 07:40PM ET,07/08/2026 07:40PM ET,BOS,CWS,away,6.1,,,needs_review_new_player,identity_name_team_map,No reviewed normalized-name/team identity alias; do not auto-guess.
2026-07-08,2026-07-08T15:51:55.513256+00:00,2026-07-08,DraftKings official lineup CSV,https://www.draftkings.com/lineup/getavailableplayerscsv?contestTypeId=9&draftGroupId=150412,150412,9,Selected largest-prize regular Classic MLB draft group after excluding Turbo/Night/qualifier/satellite/showdown/snake/single-stat slates.,OF,Teoscar Hernandez (43504842),Teoscar Hernandez,43504842,OF,4400,COL@LAD 07/08/2026 10:10PM ET,07/08/2026 10:10PM ET,LAD,COL,home,7.42,,,needs_review_new_player,identity_name_team_map,No reviewed normalized-name/team identity alias; do not auto-guess.
2026-07-08,2026-07-08T15:51:55.513256+00:00,2026-07-08,DraftKings official lineup CSV,https://www.draftkings.com/lineup/getavailableplayerscsv?contestTypeId=9&draftGroupId=150412,150412,9,Selected largest-prize regular Classic MLB draft group after excluding Turbo/Night/qualifier/satellite/showdown/snake/single-stat slates.,C,William Contreras (43504843),William Contreras,43504843,C,4400,MIL@STL 07/08/2026 07:45PM ET,07/08/2026 07:45PM ET,MIL,STL,away,7.59,661388,William Contreras,mapped,identity_name_team_map,Stable identity seed from old DK-ID map. Pilot join status: matched via normalized_name_team
2026-07-08,2026-07-08T15:51:55.513256+00:00,2026-07-08,DraftKings official lineup CSV,https://www.draftkings.com/lineup/getavailableplayerscsv?contestTypeId=9&draftGroupId=150412,150412,9,Selected largest-prize regular Classic MLB draft group after excluding Turbo/Night/qualifier/satellite/showdown/snake/single-stat slates.,3B,Manny Machado (43504844),Manny Machado,43504844,3B,4400,ARI@SD 07/08/2026 10:10PM ET,07/08/2026 10:10PM ET,SD,ARI,home,7.07,592518,Manny Machado,mapped,identity_name_team_map,Stable identity seed from old DK-ID map. Pilot join status: matched via normalized_name_team
2026-07-08,2026-07-08T15:51:55.513256+00:00,2026-07-08,DraftKings official lineup CSV,https://www.draftkings.com/lineup/getavailableplayerscsv?contestTypeId=9&draftGroupId=150412,150412,9,Selected largest-prize regular Classic MLB draft group after excluding Turbo/Night/qualifier/satellite/showdown/snake/single-stat slates.,1B/OF,Spencer Steer (43504845),Spencer Steer,43504845,1B/OF,4300,PHI@CIN 07/08/2026 07:10PM ET,07/08/2026 07:10PM ET,CIN,PHI,home,6.91,668715,Spencer Steer,mapped,identity_name_team_map,Stable identity seed from old DK-ID map. Pilot join status: matched via normalized_name_team
2026-07-08,2026-07-08T15:51:55.513256+00:00,2026-07-08,DraftKings official lineup CSV,https://www.draftkings.com/lineup/getavailableplayerscsv?contestTypeId=9&draftGroupId=150412,150412,9,Selected largest-prize regular Classic MLB draft group after excluding Turbo/Night/qualifier/satellite/showdown/snake/single-stat slates.,OF,Ceddanne Rafaela (43504848),Ceddanne Rafaela,43504848,OF,4300,BOS@CWS 07/08/2026 07:40PM ET,07/08/2026 07:40PM ET,BOS,CWS,away,7.58,,,needs_review_new_player,identity_name_team_map,No reviewed normalized-name/team identity alias; do not auto-guess.
2026-07-08,2026-07-08T15:51:55.513256+00:00,2026-07-08,DraftKings official lineup CSV,https://www.draftkings.com/lineup/getavailableplayerscsv?contestTypeId=9&draftGroupId=150412,150412,9,Selected largest-prize regular Classic MLB draft group after excluding Turbo/Night/qualifier/satellite/showdown/snake/single-stat slates.,OF,Sam Antonacci (43504849),Sam Antonacci,43504849,OF,4300,BOS@CWS 07/08/2026 07:40PM ET,07/08/2026 07:40PM ET,CWS,BOS,home,7.90,803011,Sam Antonacci,mapped,identity_name_team_map,Stable identity seed from old DK-ID map. Pilot join status: matched via normalized_name_team
2026-07-08,2026-07-08T15:51:55.513256+00:00,2026-07-08,DraftKings official lineup CSV,https://www.draftkings.com/lineup/getavailableplayerscsv?contestTypeId=9&draftGroupId=150412,150412,9,Selected largest-prize regular Classic MLB draft group after excluding Turbo/Night/qualifier/satellite/showdown/snake/single-stat slates.,2B,Travis Bazzana (43504847),Travis Bazzana,43504847,2B,4300,CLE@MIN 07/08/2026 07:40PM ET,07/08/2026 07:40PM ET,CLE,MIN,away,7.95,,,needs_review_new_player,identity_name_team_map,No reviewed normalized-name/team identity alias; do not auto-guess.
2026-07-08,2026-07-08T15:51:55.513256+00:00,2026-07-08,DraftKings official lineup CSV,https://www.draftkings.com/lineup/getavailableplayerscsv?contestTypeId=9&draftGroupId=150412,150412,9,Selected largest-prize regular Classic MLB draft group after excluding Turbo/Night/qualifier/satellite/showdown/snake/single-stat slates.,SS,Francisco Lindor (43504850),Francisco Lindor,43504850,SS,4300,KC@NYM 07/08/2026 07:10PM ET,07/08/2026 07:10PM ET,NYM,KC,home,6.8,596019,Francisco Lindor,mapped,identity_name_team_map,Stable identity seed from old DK-ID map. Pilot join status: matched via normalized_name_team
2026-07-08,2026-07-08T15:51:55.513256+00:00,2026-07-08,DraftKings official lineup CSV,https://www.draftkings.com/lineup/getavailableplayerscsv?contestTypeId=9&draftGroupId=150412,150412,9,Selected largest-prize regular Classic MLB draft group after excluding Turbo/Night/qualifier/satellite/showdown/snake/single-stat slates.,OF,Jarren Duran (43504853),Jarren Duran,43504853,OF,4200,BOS@CWS 07/08/2026 07:40PM ET,07/08/2026 07:40PM ET,BOS,CWS,away,7.44,,,needs_review_new_player,identity_name_team_map,No reviewed normalized-name/team identity alias; do not auto-guess.
2026-07-08,2026-07-08T15:51:55.513256+00:00,2026-07-08,DraftKings official lineup CSV,https://www.draftkings.com/lineup/getavailableplayerscsv?contestTypeId=9&draftGroupId=150412,150412,9,Selected largest-prize regular Classic MLB draft group after excluding Turbo/Night/qualifier/satellite/showdown/snake/single-stat slates.,OF,Trevor Larnach (43504856),Trevor Larnach,43504856,OF,4200,CLE@MIN 07/08/2026 07:40PM ET,07/08/2026 07:40PM ET,MIN,CLE,home,6.76,663616,Trevor Larnach,mapped,identity_name_team_map,Proposed from review candidates; basis=exact normalized name + team; role-compatible; hr-distance-latest.json|statcast_batter_des_2026; confidence=high; sources=hr-distance-latest.json|statcast_batter_des_2026
2026-07-08,2026-07-08T15:51:55.513256+00:00,2026-07-08,DraftKings official lineup CSV,https://www.draftkings.com/lineup/getavailableplayerscsv?contestTypeId=9&draftGroupId=150412,150412,9,Selected largest-prize regular Classic MLB draft group after excluding Turbo/Night/qualifier/satellite/showdown/snake/single-stat slates.,OF,Troy Johnston (43504851),Troy Johnston,43504851,OF,4200,COL@LAD 07/08/2026 10:10PM ET,07/08/2026 10:10PM ET,COL,LAD,away,6.53,687859,Troy Johnston,mapped,identity_name_team_map,Stable identity seed from old DK-ID map. Pilot join status: matched via normalized_name_team
2026-07-08,2026-07-08T15:51:55.513256+00:00,2026-07-08,DraftKings official lineup CSV,https://www.draftkings.com/lineup/getavailableplayerscsv?contestTypeId=9&draftGroupId=150412,150412,9,Selected largest-prize regular Classic MLB draft group after excluding Turbo/Night/qualifier/satellite/showdown/snake/single-stat slates.,2B/OF,Tommy Edman (43504854),Tommy Edman,43504854,2B/OF,4200,COL@LAD 07/08/2026 10:10PM ET,07/08/2026 10:10PM ET,LAD,COL,home,7.22,,,needs_review_new_player,identity_name_team_map,No reviewed normalized-name/team identity alias; do not auto-guess.
2026-07-08,2026-07-08T15:51:55.513256+00:00,2026-07-08,DraftKings official lineup CSV,https://www.draftkings.com/lineup/getavailableplayerscsv?contestTypeId=9&draftGroupId=150412,150412,9,Selected largest-prize regular Classic MLB draft group after excluding Turbo/Night/qualifier/satellite/showdown/snake/single-stat slates.,OF,Jackson Merrill (43504852),Jackson Merrill,43504852,OF,4200,ARI@SD 07/08/2026 10:10PM ET,07/08/2026 10:10PM ET,SD,ARI,home,7.07,701538,Jackson Merrill,mapped,identity_name_team_map,Stable identity seed from old DK-ID map. Pilot join status: matched via normalized_name_team
2026-07-08,2026-07-08T15:51:55.513256+00:00,2026-07-08,DraftKings official lineup CSV,https://www.draftkings.com/lineup/getavailableplayerscsv?contestTypeId=9&draftGroupId=150412,150412,9,Selected largest-prize regular Classic MLB draft group after excluding Turbo/Night/qualifier/satellite/showdown/snake/single-stat slates.,3B/SS,Maikel Garcia (43505048),Maikel Garcia,43505048,3B/SS,4200,KC@NYM 07/08/2026 07:10PM ET,07/08/2026 07:10PM ET,KC,NYM,away,6.84,672580,Maikel Garcia,mapped,identity_name_team_map,Stable identity seed from old DK-ID map. Pilot join status: matched via normalized_name_team
2026-07-08,2026-07-08T15:51:55.513256+00:00,2026-07-08,DraftKings official lineup CSV,https://www.draftkings.com/lineup/getavailableplayerscsv?contestTypeId=9&draftGroupId=150412,150412,9,Selected largest-prize regular Classic MLB draft group after excluding Turbo/Night/qualifier/satellite/showdown/snake/single-stat slates.,3B,Josh Jung (43504857),Josh Jung,43504857,3B,4100,LAA@TEX 07/08/2026 08:05PM ET,07/08/2026 08:05PM ET,TEX,LAA,home,7.45,673962,Josh Jung,mapped,identity_name_team_map,Stable identity seed from old DK-ID map. Pilot join status: matched via normalized_name_team
2026-07-08,2026-07-08T15:51:55.513256+00:00,2026-07-08,DraftKings official lineup CSV,https://www.draftkings.com/lineup/getavailableplayerscsv?contestTypeId=9&draftGroupId=150412,150412,9,Selected largest-prize regular Classic MLB draft group after excluding Turbo/Night/qualifier/satellite/showdown/snake/single-stat slates.,2B,Bryson Stott (43504860),Bryson Stott,43504860,2B,4100,PHI@CIN 07/08/2026 07:10PM ET,07/08/2026 07:10PM ET,PHI,CIN,away,7.07,681082,Bryson Stott,mapped,identity_name_team_map,Stable identity seed from old DK-ID map. Pilot join status: matched via normalized_name_team
2026-07-08,2026-07-08T15:51:55.513256+00:00,2026-07-08,DraftKings official lineup CSV,https://www.draftkings.com/lineup/getavailableplayerscsv?contestTypeId=9&draftGroupId=150412,150412,9,Selected largest-prize regular Classic MLB draft group after excluding Turbo/Night/qualifier/satellite/showdown/snake/single-stat slates.,OF,Jake McCarthy (43504858),Jake McCarthy,43504858,OF,4100,COL@LAD 07/08/2026 10:10PM ET,07/08/2026 10:10PM ET,COL,LAD,away,8.26,664983,Jake McCarthy,mapped,identity_name_team_map,Stable identity seed from old DK-ID map. Pilot join status: matched via normalized_name_team
2026-07-08,2026-07-08T15:51:55.513256+00:00,2026-07-08,DraftKings official lineup CSV,https://www.draftkings.com/lineup/getavailableplayerscsv?contestTypeId=9&draftGroupId=150412,150412,9,Selected largest-prize regular Classic MLB draft group after excluding Turbo/Night/qualifier/satellite/showdown/snake/single-stat slates.,1B,Alec Burleson (43504859),Alec Burleson,43504859,1B,4100,MIL@STL 07/08/2026 07:45PM ET,07/08/2026 07:45PM ET,STL,MIL,home,8.16,676475,Alec Burleson,mapped,identity_name_team_map,Stable identity seed from old DK-ID map. Pilot join status: matched via normalized_name_team
2026-07-08,2026-07-08T15:51:55.513256+00:00,2026-07-08,DraftKings official lineup CSV,https://www.draftkings.com/lineup/getavailableplayerscsv?contestTypeId=9&draftGroupId=150412,150412,9,Selected largest-prize regular Classic MLB draft group after excluding Turbo/Night/qualifier/satellite/showdown/snake/single-stat slates.,RP,Justin Topa (43505578),Justin Topa,43505578,P,4000,KC@NYM 07/08/2026 07:10PM ET,07/08/2026 07:10PM ET,KC,NYM,away,0.41,,,needs_review_new_player,identity_name_team_map,No reviewed normalized-name/team identity alias; do not auto-guess.
2026-07-08,2026-07-08T15:51:55.513256+00:00,2026-07-08,DraftKings official lineup CSV,https://www.draftkings.com/lineup/getavailableplayerscsv?contestTypeId=9&draftGroupId=150412,150412,9,Selected largest-prize regular Classic MLB draft group after excluding Turbo/Night/qualifier/satellite/showdown/snake/single-stat slates.,1B,Jake Burger (43504866),Jake Burger,43504866,1B,4000,LAA@TEX 07/08/2026 08:05PM ET,07/08/2026 08:05PM ET,TEX,LAA,home,7.22,669394,Jake Burger,mapped,identity_name_team_map,Stable identity seed from old DK-ID map. Pilot join status: matched via normalized_name_team
2026-07-08,2026-07-08T15:51:55.513256+00:00,2026-07-08,DraftKings official lineup CSV,https://www.draftkings.com/lineup/getavailableplayerscsv?contestTypeId=9&draftGroupId=150412,150412,9,Selected largest-prize regular Classic MLB draft group after excluding Turbo/Night/qualifier/satellite/showdown/snake/single-stat slates.,OF,Wyatt Langford (43505051),Wyatt Langford,43505051,OF,4000,LAA@TEX 07/08/2026 08:05PM ET,07/08/2026 08:05PM ET,TEX,LAA,home,8.88,694671,Wyatt Langford,mapped,identity_name_team_map,Stable identity seed from old DK-ID map. Pilot join status: matched via normalized_name_team
2026-07-08,2026-07-08T15:51:55.513256+00:00,2026-07-08,DraftKings official lineup CSV,https://www.draftkings.com/lineup/getavailableplayerscsv?contestTypeId=9&draftGroupId=150412,150412,9,Selected largest-prize regular Classic MLB draft group after excluding Turbo/Night/qualifier/satellite/showdown/snake/single-stat slates.,RP,Tayler Saucedo (43505380),Tayler Saucedo,43505380,P,4000,LAA@TEX 07/08/2026 08:05PM ET,07/08/2026 08:05PM ET,LAA,TEX,away,1.98,642048,Tayler Saucedo,mapped,identity_name_team_map,Stable identity seed from old DK-ID map. Pilot join status: matched via normalized_name_team
2026-07-08,2026-07-08T15:51:55.513256+00:00,2026-07-08,DraftKings official lineup CSV,https://www.draftkings.com/lineup/getavailableplayerscsv?contestTypeId=9&draftGroupId=150412,150412,9,Selected largest-prize regular Classic MLB draft group after excluding Turbo/Night/qualifier/satellite/showdown/snake/single-stat slates.,RP,Luis Curvelo (43505394),Luis Curvelo,43505394,P,4000,LAA@TEX 07/08/2026 08:05PM ET,07/08/2026 08:05PM ET,TEX,LAA,home,0.39,681168,Luis Curvelo,mapped,identity_name_team_map,Stable identity seed from old DK-ID map. Pilot join status: matched via normalized_name_team
2026-07-08,2026-07-08T15:51:55.513256+00:00,2026-07-08,DraftKings official lineup CSV,https://www.draftkings.com/lineup/getavailableplayerscsv?contestTypeId=9&draftGroupId=150412,150412,9,Selected largest-prize regular Classic MLB draft group after excluding Turbo/Night/qualifier/satellite/showdown/snake/single-stat slates.,RP,Ryan Zeferjahn (43505397),Ryan Zeferjahn,43505397,P,4000,LAA@TEX 07/08/2026 08:05PM ET,07/08/2026 08:05PM ET,LAA,TEX,away,4.23,666171,Ryan Zeferjahn,mapped,identity_name_team_map,Stable identity seed from old DK-ID map. Pilot join status: matched via normalized_name_team
2026-07-08,2026-07-08T15:51:55.513256+00:00,2026-07-08,DraftKings official lineup CSV,https://www.draftkings.com/lineup/getavailableplayerscsv?contestTypeId=9&draftGroupId=150412,150412,9,Selected largest-prize regular Classic MLB draft group after excluding Turbo/Night/qualifier/satellite/showdown/snake/single-stat slates.,RP,Jose Fermin (43505411),Jose Fermin,43505411,P,4000,LAA@TEX 07/08/2026 08:05PM ET,07/08/2026 08:05PM ET,LAA,TEX,away,3.40,820862,José Fermin,mapped,identity_name_team_map,Stable identity seed from old DK-ID map. Pilot join status: matched via normalized_name_team
2026-07-08,2026-07-08T15:51:55.513256+00:00,2026-07-08,DraftKings official lineup CSV,https://www.draftkings.com/lineup/getavailableplayerscsv?contestTypeId=9&draftGroupId=150412,150412,9,Selected largest-prize regular Classic MLB draft group after excluding Turbo/Night/qualifier/satellite/showdown/snake/single-stat slates.,RP,Chris Martin (43505419),Chris Martin,43505419,P,4000,LAA@TEX 07/08/2026 08:05PM ET,07/08/2026 08:05PM ET,TEX,LAA,home,0.95,455119,Chris Martin,mapped,identity_name_team_map,Stable identity seed from old DK-ID map. Pilot join status: matched via normalized_name_team
2026-07-08,2026-07-08T15:51:55.513256+00:00,2026-07-08,DraftKings official lineup CSV,https://www.draftkings.com/lineup/getavailableplayerscsv?contestTypeId=9&draftGroupId=150412,150412,9,Selected largest-prize regular Classic MLB draft group after excluding Turbo/Night/qualifier/satellite/showdown/snake/single-stat slates.,RP,Jalen Beeks (43505421),Jalen Beeks,43505421,P,4000,LAA@TEX 07/08/2026 08:05PM ET,07/08/2026 08:05PM ET,TEX,LAA,home,2.24,656222,Jalen Beeks,mapped,identity_name_team_map,Stable identity seed from old DK-ID map. Pilot join status: matched via normalized_name_team
2026-07-08,2026-07-08T15:51:55.513256+00:00,2026-07-08,DraftKings official lineup CSV,https://www.draftkings.com/lineup/getavailableplayerscsv?contestTypeId=9&draftGroupId=150412,150412,9,Selected largest-prize regular Classic MLB draft group after excluding Turbo/Night/qualifier/satellite/showdown/snake/single-stat slates.,RP,Samy Natera Jr. (43505428),Samy Natera Jr.,43505428,P,4000,LAA@TEX 07/08/2026 08:05PM ET,07/08/2026 08:05PM ET,LAA,TEX,away,3.71,696519,Samy Natera Jr.,mapped,identity_name_team_map,Stable identity seed from old DK-ID map. Pilot join status: matched via normalized_name_team
2026-07-08,2026-07-08T15:51:55.513256+00:00,2026-07-08,DraftKings official lineup CSV,https://www.draftkings.com/lineup/getavailableplayerscsv?contestTypeId=9&draftGroupId=150412,150412,9,Selected largest-prize regular Classic MLB draft group after excluding Turbo/Night/qualifier/satellite/showdown/snake/single-stat slates.,RP,Tyler Alexander (43505436),Tyler Alexander,43505436,P,4000,LAA@TEX 07/08/2026 08:05PM ET,07/08/2026 08:05PM ET,TEX,LAA,home,2.74,641302,Tyler Alexander,mapped,identity_name_team_map,Stable identity seed from old DK-ID map. Pilot join status: matched via normalized_name_team
2026-07-08,2026-07-08T15:51:55.513256+00:00,2026-07-08,DraftKings official lineup CSV,https://www.draftkings.com/lineup/getavailableplayerscsv?contestTypeId=9&draftGroupId=150412,150412,9,Selected largest-prize regular Classic MLB draft group after excluding Turbo/Night/qualifier/satellite/showdown/snake/single-stat slates.,RP,Jakob Junis (43505442),Jakob Junis,43505442,P,4000,LAA@TEX 07/08/2026 08:05PM ET,07/08/2026 08:05PM ET,TEX,LAA,home,2.97,596001,Jakob Junis,mapped,identity_name_team_map,Stable identity seed from old DK-ID map. Pilot join status: matched via normalized_name_team
2026-07-08,2026-07-08T15:51:55.513256+00:00,2026-07-08,DraftKings official lineup CSV,https://www.draftkings.com/lineup/getavailableplayerscsv?contestTypeId=9&draftGroupId=150412,150412,9,Selected largest-prize regular Classic MLB draft group after excluding Turbo/Night/qualifier/satellite/showdown/snake/single-stat slates.,RP,Ben Peoples (43505444),Ben Peoples,43505444,P,4000,LAA@TEX 07/08/2026 08:05PM ET,07/08/2026 08:05PM ET,TEX,LAA,home,5.3,,,needs_review_new_player,identity_name_team_map,No reviewed normalized-name/team identity alias; do not auto-guess.
2026-07-08,2026-07-08T15:51:55.513256+00:00,2026-07-08,DraftKings official lineup CSV,https://www.draftkings.com/lineup/getavailableplayerscsv?contestTypeId=9&draftGroupId=150412,150412,9,Selected largest-prize regular Classic MLB draft group after excluding Turbo/Night/qualifier/satellite/showdown/snake/single-stat slates.,RP,Robert Garcia (43505454),Robert Garcia,43505454,P,4000,LAA@TEX 07/08/2026 08:05PM ET,07/08/2026 08:05PM ET,TEX,LAA,home,1.87,676395,Robert Garcia,mapped,identity_name_team_map,Stable identity seed from old DK-ID map. Pilot join status: matched via normalized_name_team
2026-07-08,2026-07-08T15:51:55.513256+00:00,2026-07-08,DraftKings official lineup CSV,https://www.draftkings.com/lineup/getavailableplayerscsv?contestTypeId=9&draftGroupId=150412,150412,9,Selected largest-prize regular Classic MLB draft group after excluding Turbo/Night/qualifier/satellite/showdown/snake/single-stat slates.,RP,Kirby Yates (43505458),Kirby Yates,43505458,P,4000,LAA@TEX 07/08/2026 08:05PM ET,07/08/2026 08:05PM ET,LAA,TEX,away,3.47,489446,Kirby Yates,mapped,identity_name_team_map,Stable identity seed from old DK-ID map. Pilot join status: matched via normalized_name_team
2026-07-08,2026-07-08T15:51:55.513256+00:00,2026-07-08,DraftKings official lineup CSV,https://www.draftkings.com/lineup/getavailableplayerscsv?contestTypeId=9&draftGroupId=150412,150412,9,Selected largest-prize regular Classic MLB draft group after excluding Turbo/Night/qualifier/satellite/showdown/snake/single-stat slates.,RP,Brent Suter (43505461),Brent Suter,43505461,P,4000,LAA@TEX 07/08/2026 08:05PM ET,07/08/2026 08:05PM ET,LAA,TEX,away,3.45,608718,Brent Suter,mapped,identity_name_team_map,Stable identity seed from old DK-ID map. Pilot join status: matched via normalized_name_team
2026-07-08,2026-07-08T15:51:55.513256+00:00,2026-07-08,DraftKings official lineup CSV,https://www.draftkings.com/lineup/getavailableplayerscsv?contestTypeId=9&draftGroupId=150412,150412,9,Selected largest-prize regular Classic MLB draft group after excluding Turbo/Night/qualifier/satellite/showdown/snake/single-stat slates.,RP,Peyton Gray (43505470),Peyton Gray,43505470,P,4000,LAA@TEX 07/08/2026 08:05PM ET,07/08/2026 08:05PM ET,TEX,LAA,home,4.74,682608,Peyton Gray,mapped,identity_name_team_map,Stable identity seed from old DK-ID map. Pilot join status: matched via normalized_name_team
2026-07-08,2026-07-08T15:51:55.513256+00:00,2026-07-08,DraftKings official lineup CSV,https://www.draftkings.com/lineup/getavailableplayerscsv?contestTypeId=9&draftGroupId=150412,150412,9,Selected largest-prize regular Classic MLB draft group after excluding Turbo/Night/qualifier/satellite/showdown/snake/single-stat slates.,RP,Hunter Strickland (43505471),Hunter Strickland,43505471,P,4000,LAA@TEX 07/08/2026 08:05PM ET,07/08/2026 08:05PM ET,LAA,TEX,away,0,519326,Hunter Strickland,mapped,identity_name_team_map,Stable identity seed from old DK-ID map. Pilot join status: matched_people_search_name via mlb_people_search_normalized_name
2026-07-08,2026-07-08T15:51:55.513256+00:00,2026-07-08,DraftKings official lineup CSV,https://www.draftkings.com/lineup/getavailableplayerscsv?contestTypeId=9&draftGroupId=150412,150412,9,Selected largest-prize regular Classic MLB draft group after excluding Turbo/Night/qualifier/satellite/showdown/snake/single-stat slates.,RP,Gavin Collyer (43505472),Gavin Collyer,43505472,P,4000,LAA@TEX 07/08/2026 08:05PM ET,07/08/2026 08:05PM ET,TEX,LAA,home,2.68,686560,Gavin Collyer,mapped,identity_name_team_map,Stable identity seed from old DK-ID map. Pilot join status: matched via normalized_name_team
2026-07-08,2026-07-08T15:51:55.513256+00:00,2026-07-08,DraftKings official lineup CSV,https://www.draftkings.com/lineup/getavailableplayerscsv?contestTypeId=9&draftGroupId=150412,150412,9,Selected largest-prize regular Classic MLB draft group after excluding Turbo/Night/qualifier/satellite/showdown/snake/single-stat slates.,RP,Robert Stephenson (43505479),Robert Stephenson,43505479,P,4000,LAA@TEX 07/08/2026 08:05PM ET,07/08/2026 08:05PM ET,LAA,TEX,away,0,596112,Robert Stephenson,mapped,identity_name_team_map,Stable identity seed from old DK-ID map. Pilot join status: matched_people_search_name via mlb_people_search_normalized_name
2026-07-08,2026-07-08T15:51:55.513256+00:00,2026-07-08,DraftKings official lineup CSV,https://www.draftkings.com/lineup/getavailableplayerscsv?contestTypeId=9&draftGroupId=150412,150412,9,Selected largest-prize regular Classic MLB draft group after excluding Turbo/Night/qualifier/satellite/showdown/snake/single-stat slates.,RP,Cole Winn (43505489),Cole Winn,43505489,P,4000,LAA@TEX 07/08/2026 08:05PM ET,07/08/2026 08:05PM ET,TEX,LAA,home,2.28,668390,Cole Winn,mapped,identity_name_team_map,Stable identity seed from old DK-ID map. Pilot join status: matched via normalized_name_team
2026-07-08,2026-07-08T15:51:55.513256+00:00,2026-07-08,DraftKings official lineup CSV,https://www.draftkings.com/lineup/getavailableplayerscsv?contestTypeId=9&draftGroupId=150412,150412,9,Selected largest-prize regular Classic MLB draft group after excluding Turbo/Night/qualifier/satellite/showdown/snake/single-stat slates.,RP,Angel Perdomo (43505497),Angel Perdomo,43505497,P,4000,LAA@TEX 07/08/2026 08:05PM ET,07/08/2026 08:05PM ET,LAA,TEX,away,0,622780,Angel Perdomo,mapped,identity_name_team_map,Stable identity seed from old DK-ID map. Pilot join status: matched_people_search_name via mlb_people_search_normalized_name
2026-07-08,2026-07-08T15:51:55.513256+00:00,2026-07-08,DraftKings official lineup CSV,https://www.draftkings.com/lineup/getavailableplayerscsv?contestTypeId=9&draftGroupId=150412,150412,9,Selected largest-prize regular Classic MLB draft group after excluding Turbo/Night/qualifier/satellite/showdown/snake/single-stat slates.,RP,Sam Bachman (43505503),Sam Bachman,43505503,P,4000,LAA@TEX 07/08/2026 08:05PM ET,07/08/2026 08:05PM ET,LAA,TEX,away,3.03,696147,Sam Bachman,mapped,identity_name_team_map,Stable identity seed from old DK-ID map. Pilot join status: matched via normalized_name_team
2026-07-08,2026-07-08T15:51:55.513256+00:00,2026-07-08,DraftKings official lineup CSV,https://www.draftkings.com/lineup/getavailableplayerscsv?contestTypeId=9&draftGroupId=150412,150412,9,Selected largest-prize regular Classic MLB draft group after excluding Turbo/Night/qualifier/satellite/showdown/snake/single-stat slates.,RP,Carter Baumler (43505532),Carter Baumler,43505532,P,4000,LAA@TEX 07/08/2026 08:05PM ET,07/08/2026 08:05PM ET,TEX,LAA,home,3.54,691945,Carter Baumler,mapped,identity_name_team_map,Stable identity seed from old DK-ID map. Pilot join status: matched via normalized_name_team
2026-07-08,2026-07-08T15:51:55.513256+00:00,2026-07-08,DraftKings official lineup CSV,https://www.draftkings.com/lineup/getavailableplayerscsv?contestTypeId=9&draftGroupId=150412,150412,9,Selected largest-prize regular Classic MLB draft group after excluding Turbo/Night/qualifier/satellite/showdown/snake/single-stat slates.,RP,Robby Ahlstrom (43505543),Robby Ahlstrom,43505543,P,4000,LAA@TEX 07/08/2026 08:05PM ET,07/08/2026 08:05PM ET,TEX,LAA,home,1.63,695239,Robby Ahlstrom,mapped,identity_name_team_map,Stable identity seed from old DK-ID map. Pilot join status: matched via normalized_name_team
2026-07-08,2026-07-08T15:51:55.513256+00:00,2026-07-08,DraftKings official lineup CSV,https://www.draftkings.com/lineup/getavailableplayerscsv?contestTypeId=9&draftGroupId=150412,150412,9,Selected largest-prize regular Classic MLB draft group after excluding Turbo/Night/qualifier/satellite/showdown/snake/single-stat slates.,RP,Brett Kerry (43505559),Brett Kerry,43505559,P,4000,LAA@TEX 07/08/2026 08:05PM ET,07/08/2026 08:05PM ET,LAA,TEX,away,6.6,,,needs_review_new_player,identity_name_team_map,No reviewed normalized-name/team identity alias; do not auto-guess.
2026-07-08,2026-07-08T15:51:55.513256+00:00,2026-07-08,DraftKings official lineup CSV,https://www.draftkings.com/lineup/getavailableplayerscsv?contestTypeId=9&draftGroupId=150412,150412,9,Selected largest-prize regular Classic MLB draft group after excluding Turbo/Night/qualifier/satellite/showdown/snake/single-stat slates.,RP,Ben Joyce (43505561),Ben Joyce,43505561,P,4000,LAA@TEX 07/08/2026 08:05PM ET,07/08/2026 08:05PM ET,LAA,TEX,away,0,690829,Ben Joyce,mapped,identity_name_team_map,Stable identity seed from old DK-ID map. Pilot join status: matched_people_search_name via mlb_people_search_normalized_name
2026-07-08,2026-07-08T15:51:55.513256+00:00,2026-07-08,DraftKings official lineup CSV,https://www.draftkings.com/lineup/getavailableplayerscsv?contestTypeId=9&draftGroupId=150412,150412,9,Selected largest-prize regular Classic MLB draft group after excluding Turbo/Night/qualifier/satellite/showdown/snake/single-stat slates.,OF,JJ Bleday (43504861),JJ Bleday,43504861,OF,4000,PHI@CIN 07/08/2026 07:10PM ET,07/08/2026 07:10PM ET,CIN,PHI,home,8.05,668709,JJ Bleday,mapped,identity_name_team_map,Stable identity seed from old DK-ID map. Pilot join status: matched via normalized_name_team
2026-07-08,2026-07-08T15:51:55.513256+00:00,2026-07-08,DraftKings official lineup CSV,https://www.draftkings.com/lineup/getavailableplayerscsv?contestTypeId=9&draftGroupId=150412,150412,9,Selected largest-prize regular Classic MLB draft group after excluding Turbo/Night/qualifier/satellite/showdown/snake/single-stat slates.,SP,Julian Aguiar (43505363),Julian Aguiar,43505363,P,4000,PHI@CIN 07/08/2026 07:10PM ET,07/08/2026 07:10PM ET,CIN,PHI,home,0,687924,Julian Aguiar,mapped,identity_name_team_map,Stable identity seed from old DK-ID map. Pilot join status: matched_people_search_name via mlb_people_search_normalized_name
2026-07-08,2026-07-08T15:51:55.513256+00:00,2026-07-08,DraftKings official lineup CSV,https://www.draftkings.com/lineup/getavailableplayerscsv?contestTypeId=9&draftGroupId=150412,150412,9,Selected largest-prize regular Classic MLB draft group after excluding Turbo/Night/qualifier/satellite/showdown/snake/single-stat slates.,RP,Yunior Marte (43505376),Yunior Marte,43505376,P,4000,PHI@CIN 07/08/2026 07:10PM ET,07/08/2026 07:10PM ET,CIN,PHI,home,-8.25,,,needs_review_new_player,identity_name_team_map,No reviewed normalized-name/team identity alias; do not auto-guess.
2026-07-08,2026-07-08T15:51:55.513256+00:00,2026-07-08,DraftKings official lineup CSV,https://www.draftkings.com/lineup/getavailableplayerscsv?contestTypeId=9&draftGroupId=150412,150412,9,Selected largest-prize regular Classic MLB draft group after excluding Turbo/Night/qualifier/satellite/showdown/snake/single-stat slates.,RP,Caleb Ferguson (43505387),Caleb Ferguson,43505387,P,4000,PHI@CIN 07/08/2026 07:10PM ET,07/08/2026 07:10PM ET,CIN,PHI,home,3.08,657571,Caleb Ferguson,mapped,identity_name_team_map,Stable identity seed from old DK-ID map. Pilot join status: matched via normalized_name_team
2026-07-08,2026-07-08T15:51:55.513256+00:00,2026-07-08,DraftKings official lineup CSV,https://www.draftkings.com/lineup/getavailableplayerscsv?contestTypeId=9&draftGroupId=150412,150412,9,Selected largest-prize regular Classic MLB draft group after excluding Turbo/Night/qualifier/satellite/showdown/snake/single-stat slates.,RP,Lou Trivino (43505391),Lou Trivino,43505391,P,4000,PHI@CIN 07/08/2026 07:10PM ET,07/08/2026 07:10PM ET,PHI,CIN,away,-0.66,,,needs_review_new_player,identity_name_team_map,No reviewed normalized-name/team identity alias; do not auto-guess.
2026-07-08,2026-07-08T15:51:55.513256+00:00,2026-07-08,DraftKings official lineup CSV,https://www.draftkings.com/lineup/getavailableplayerscsv?contestTypeId=9&draftGroupId=150412,150412,9,Selected largest-prize regular Classic MLB draft group after excluding Turbo/Night/qualifier/satellite/showdown/snake/single-stat slates.,RP,Jose Alvarado (43505395),Jose Alvarado,43505395,P,4000,PHI@CIN 07/08/2026 07:10PM ET,07/08/2026 07:10PM ET,PHI,CIN,away,2.46,621237,José Alvarado,mapped,identity_name_team_map,Stable identity seed from old DK-ID map. Pilot join status: matched via normalized_name_team
2026-07-08,2026-07-08T15:51:55.513256+00:00,2026-07-08,DraftKings official lineup CSV,https://www.draftkings.com/lineup/getavailableplayerscsv?contestTypeId=9&draftGroupId=150412,150412,9,Selected largest-prize regular Classic MLB draft group after excluding Turbo/Night/qualifier/satellite/showdown/snake/single-stat slates.,RP,Jonathan Bowlan (43505400),Jonathan Bowlan,43505400,P,4000,PHI@CIN 07/08/2026 07:10PM ET,07/08/2026 07:10PM ET,PHI,CIN,away,3.42,680742,Jonathan Bowlan,mapped,identity_name_team_map,Stable identity seed from old DK-ID map. Pilot join status: matched via normalized_name_team
2026-07-08,2026-07-08T15:51:55.513256+00:00,2026-07-08,DraftKings official lineup CSV,https://www.draftkings.com/lineup/getavailableplayerscsv?contestTypeId=9&draftGroupId=150412,150412,9,Selected largest-prize regular Classic MLB draft group after excluding Turbo/Night/qualifier/satellite/showdown/snake/single-stat slates.,RP,Jhoan Duran (43505412),Jhoan Duran,43505412,P,4000,PHI@CIN 07/08/2026 07:10PM ET,07/08/2026 07:10PM ET,PHI,CIN,away,4.42,661395,Jhoan Duran,mapped,identity_name_team_map,Stable identity seed from old DK-ID map. Pilot join status: matched via normalized_name_team
2026-07-08,2026-07-08T15:51:55.513256+00:00,2026-07-08,DraftKings official lineup CSV,https://www.draftkings.com/lineup/getavailableplayerscsv?contestTypeId=9&draftGroupId=150412,150412,9,Selected largest-prize regular Classic MLB draft group after excluding Turbo/Night/qualifier/satellite/showdown/snake/single-stat slates.,RP,Emilio Pagan (43505413),Emilio Pagan,43505413,P,4000,PHI@CIN 07/08/2026 07:10PM ET,07/08/2026 07:10PM ET,CIN,PHI,home,1.85,641941,Emilio Pagán,mapped,identity_name_team_map,Stable identity seed from old DK-ID map. Pilot join status: matched via normalized_name_team
2026-07-08,2026-07-08T15:51:55.513256+00:00,2026-07-08,DraftKings official lineup CSV,https://www.draftkings.com/lineup/getavailableplayerscsv?contestTypeId=9&draftGroupId=150412,150412,9,Selected largest-prize regular Classic MLB draft group after excluding Turbo/Night/qualifier/satellite/showdown/snake/single-stat slates.,RP,Pierce Johnson (43505414),Pierce Johnson,43505414,P,4000,PHI@CIN 07/08/2026 07:10PM ET,07/08/2026 07:10PM ET,CIN,PHI,home,2.49,572955,Pierce Johnson,mapped,identity_name_team_map,Stable identity seed from old DK-ID map. Pilot join status: matched via normalized_name_team
2026-07-08,2026-07-08T15:51:55.513256+00:00,2026-07-08,DraftKings official lineup CSV,https://www.draftkings.com/lineup/getavailableplayerscsv?contestTypeId=9&draftGroupId=150412,150412,9,Selected largest-prize regular Classic MLB draft group after excluding Turbo/Night/qualifier/satellite/showdown/snake/single-stat slates.,RP,Chase Shugart (43505415),Chase Shugart,43505415,P,4000,PHI@CIN 07/08/2026 07:10PM ET,07/08/2026 07:10PM ET,PHI,CIN,away,3.23,663767,Chase Shugart,mapped,identity_name_team_map,Stable identity seed from old DK-ID map. Pilot join status: matched via normalized_name_team
2026-07-08,2026-07-08T15:51:55.513256+00:00,2026-07-08,DraftKings official lineup CSV,https://www.draftkings.com/lineup/getavailableplayerscsv?contestTypeId=9&draftGroupId=150412,150412,9,Selected largest-prize regular Classic MLB draft group after excluding Turbo/Night/qualifier/satellite/showdown/snake/single-stat slates.,RP,Brad Keller (43505429),Brad Keller,43505429,P,4000,PHI@CIN 07/08/2026 07:10PM ET,07/08/2026 07:10PM ET,PHI,CIN,away,2.72,641745,Brad Keller,mapped,identity_name_team_map,Stable identity seed from old DK-ID map. Pilot join status: matched via normalized_name_team
2026-07-08,2026-07-08T15:51:55.513256+00:00,2026-07-08,DraftKings official lineup CSV,https://www.draftkings.com/lineup/getavailableplayerscsv?contestTypeId=9&draftGroupId=150412,150412,9,Selected largest-prize regular Classic MLB draft group after excluding Turbo/Night/qualifier/satellite/showdown/snake/single-stat slates.,RP,Zach McCambley (43505433),Zach McCambley,43505433,P,4000,PHI@CIN 07/08/2026 07:10PM ET,07/08/2026 07:10PM ET,CIN,PHI,home,1.14,685112,Zach McCambley,mapped,identity_name_team_map,Stable identity seed from old DK-ID map. Pilot join status: matched via normalized_name_team
2026-07-08,2026-07-08T15:51:55.513256+00:00,2026-07-08,DraftKings official lineup CSV,https://www.draftkings.com/lineup/getavailableplayerscsv?contestTypeId=9&draftGroupId=150412,150412,9,Selected largest-prize regular Classic MLB draft group after excluding Turbo/Night/qualifier/satellite/showdown/snake/single-stat slates.,RP,Kyle Backhus (43505440),Kyle Backhus,43505440,P,4000,PHI@CIN 07/08/2026 07:10PM ET,07/08/2026 07:10PM ET,PHI,CIN,away,1.94,679775,Kyle Backhus,mapped,identity_name_team_map,Stable identity seed from old DK-ID map. Pilot join status: matched via normalized_name_team
2026-07-08,2026-07-08T15:51:55.513256+00:00,2026-07-08,DraftKings official lineup CSV,https://www.draftkings.com/lineup/getavailableplayerscsv?contestTypeId=9&draftGroupId=150412,150412,9,Selected largest-prize regular Classic MLB draft group after excluding Turbo/Night/qualifier/satellite/showdown/snake/single-stat slates.,RP,Grant Holman (43505480),Grant Holman,43505480,P,4000,PHI@CIN 07/08/2026 07:10PM ET,07/08/2026 07:10PM ET,PHI,CIN,away,0,680880,Grant Holman,mapped,identity_name_team_map,Stable identity seed from old DK-ID map. Pilot join status: matched_people_search_name via mlb_people_search_normalized_name
2026-07-08,2026-07-08T15:51:55.513256+00:00,2026-07-08,DraftKings official lineup CSV,https://www.draftkings.com/lineup/getavailableplayerscsv?contestTypeId=9&draftGroupId=150412,150412,9,Selected largest-prize regular Classic MLB draft group after excluding Turbo/Night/qualifier/satellite/showdown/snake/single-stat slates.,RP,Nolan Hoffman (43505485),Nolan Hoffman,43505485,P,4000,PHI@CIN 07/08/2026 07:10PM ET,07/08/2026 07:10PM ET,PHI,CIN,away,1.7,676510,Nolan Hoffman,mapped,identity_name_team_map,Stable identity seed from old DK-ID map. Pilot join status: matched via normalized_name_team
2026-07-08,2026-07-08T15:51:55.513256+00:00,2026-07-08,DraftKings official lineup CSV,https://www.draftkings.com/lineup/getavailableplayerscsv?contestTypeId=9&draftGroupId=150412,150412,9,Selected largest-prize regular Classic MLB draft group after excluding Turbo/Night/qualifier/satellite/showdown/snake/single-stat slates.,RP,Andrew Chafin (43505494),Andrew Chafin,43505494,P,4000,PHI@CIN 07/08/2026 07:10PM ET,07/08/2026 07:10PM ET,CIN,PHI,home,0,605177,Andrew Chafin,mapped,identity_name_team_map,Stable identity seed from old DK-ID map. Pilot join status: matched_people_search_name via mlb_people_search_normalized_name
2026-07-08,2026-07-08T15:51:55.513256+00:00,2026-07-08,DraftKings official lineup CSV,https://www.draftkings.com/lineup/getavailableplayerscsv?contestTypeId=9&draftGroupId=150412,150412,9,Selected largest-prize regular Classic MLB draft group after excluding Turbo/Night/qualifier/satellite/showdown/snake/single-stat slates.,RP,Julian Garcia (43505496),Julian Garcia,43505496,P,4000,PHI@CIN 07/08/2026 07:10PM ET,07/08/2026 07:10PM ET,CIN,PHI,home,5.03,,,needs_review_new_player,identity_name_team_map,No reviewed normalized-name/team identity alias; do not auto-guess.
2026-07-08,2026-07-08T15:51:55.513256+00:00,2026-07-08,DraftKings official lineup CSV,https://www.draftkings.com/lineup/getavailableplayerscsv?contestTypeId=9&draftGroupId=150412,150412,9,Selected largest-prize regular Classic MLB draft group after excluding Turbo/Night/qualifier/satellite/showdown/snake/single-stat slates.,RP,Luis Mey (43505508),Luis Mey,43505508,P,4000,PHI@CIN 07/08/2026 07:10PM ET,07/08/2026 07:10PM ET,CIN,PHI,home,3.07,682825,Luis Mey,mapped,identity_name_team_map,Stable identity seed from old DK-ID map. Pilot join status: matched via normalized_name_team
2026-07-08,2026-07-08T15:51:55.513256+00:00,2026-07-08,DraftKings official lineup CSV,https://www.draftkings.com/lineup/getavailableplayerscsv?contestTypeId=9&draftGroupId=150412,150412,9,Selected largest-prize regular Classic MLB draft group after excluding Turbo/Night/qualifier/satellite/showdown/snake/single-stat slates.,RP,Max Lazar (43505509),Max Lazar,43505509,P,4000,PHI@CIN 07/08/2026 07:10PM ET,07/08/2026 07:10PM ET,PHI,CIN,away,3.73,676661,Max Lazar,mapped,identity_name_team_map,Stable identity seed from old DK-ID map. Pilot join status: matched_people_search_name via mlb_people_search_normalized_name
2026-07-08,2026-07-08T15:51:55.513256+00:00,2026-07-08,DraftKings official lineup CSV,https://www.draftkings.com/lineup/getavailableplayerscsv?contestTypeId=9&draftGroupId=150412,150412,9,Selected largest-prize regular Classic MLB draft group after excluding Turbo/Night/qualifier/satellite/showdown/snake/single-stat slates.,RP,Tanner Banks (43505513),Tanner Banks,43505513,P,4000,PHI@CIN 07/08/2026 07:10PM ET,07/08/2026 07:10PM ET,PHI,CIN,away,2.15,621383,Tanner Banks,mapped,identity_name_team_map,Stable identity seed from old DK-ID map. Pilot join status: matched via normalized_name_team
2026-07-08,2026-07-08T15:51:55.513256+00:00,2026-07-08,DraftKings official lineup CSV,https://www.draftkings.com/lineup/getavailableplayerscsv?contestTypeId=9&draftGroupId=150412,150412,9,Selected largest-prize regular Classic MLB draft group after excluding Turbo/Night/qualifier/satellite/showdown/snake/single-stat slates.,RP,Tejay Antone (43505526),Tejay Antone,43505526,P,4000,PHI@CIN 07/08/2026 07:10PM ET,07/08/2026 07:10PM ET,CIN,PHI,home,3.11,622088,Tejay Antone,mapped,identity_name_team_map,Stable identity seed from old DK-ID map. Pilot join status: matched via normalized_name_team
2026-07-08,2026-07-08T15:51:55.513256+00:00,2026-07-08,DraftKings official lineup CSV,https://www.draftkings.com/lineup/getavailableplayerscsv?contestTypeId=9&draftGroupId=150412,150412,9,Selected largest-prize regular Classic MLB draft group after excluding Turbo/Night/qualifier/satellite/showdown/snake/single-stat slates.,RP,Graham Ashcraft (43505528),Graham Ashcraft,43505528,P,4000,PHI@CIN 07/08/2026 07:10PM ET,07/08/2026 07:10PM ET,CIN,PHI,home,3.42,668933,Graham Ashcraft,mapped,identity_name_team_map,Stable identity seed from old DK-ID map. Pilot join status: matched via normalized_name_team
2026-07-08,2026-07-08T15:51:55.513256+00:00,2026-07-08,DraftKings official lineup CSV,https://www.draftkings.com/lineup/getavailableplayerscsv?contestTypeId=9&draftGroupId=150412,150412,9,Selected largest-prize regular Classic MLB draft group after excluding Turbo/Night/qualifier/satellite/showdown/snake/single-stat slates.,RP,Brock Burke (43505530),Brock Burke,43505530,P,4000,PHI@CIN 07/08/2026 07:10PM ET,07/08/2026 07:10PM ET,CIN,PHI,home,2.65,656271,Brock Burke,mapped,identity_name_team_map,Stable identity seed from old DK-ID map. Pilot join status: matched via normalized_name_team
2026-07-08,2026-07-08T15:51:55.513256+00:00,2026-07-08,DraftKings official lineup CSV,https://www.draftkings.com/lineup/getavailableplayerscsv?contestTypeId=9&draftGroupId=150412,150412,9,Selected largest-prize regular Classic MLB draft group after excluding Turbo/Night/qualifier/satellite/showdown/snake/single-stat slates.,RP,Tim Mayza (43505534),Tim Mayza,43505534,P,4000,PHI@CIN 07/08/2026 07:10PM ET,07/08/2026 07:10PM ET,PHI,CIN,away,3.67,641835,Tim Mayza,mapped,identity_name_team_map,Stable identity seed from old DK-ID map. Pilot join status: matched via normalized_name_team
2026-07-08,2026-07-08T15:51:55.513256+00:00,2026-07-08,DraftKings official lineup CSV,https://www.draftkings.com/lineup/getavailableplayerscsv?contestTypeId=9&draftGroupId=150412,150412,9,Selected largest-prize regular Classic MLB draft group after excluding Turbo/Night/qualifier/satellite/showdown/snake/single-stat slates.,RP,Zach Maxwell (43505540),Zach Maxwell,43505540,P,4000,PHI@CIN 07/08/2026 07:10PM ET,07/08/2026 07:10PM ET,CIN,PHI,home,0.41,687209,Zach Maxwell,mapped,identity_name_team_map,Stable identity seed from old DK-ID map. Pilot join status: matched via normalized_name_team
2026-07-08,2026-07-08T15:51:55.513256+00:00,2026-07-08,DraftKings official lineup CSV,https://www.draftkings.com/lineup/getavailableplayerscsv?contestTypeId=9&draftGroupId=150412,150412,9,Selected largest-prize regular Classic MLB draft group after excluding Turbo/Night/qualifier/satellite/showdown/snake/single-stat slates.,RP,Orion Kerkering (43505547),Orion Kerkering,43505547,P,4000,PHI@CIN 07/08/2026 07:10PM ET,07/08/2026 07:10PM ET,PHI,CIN,away,3.74,689147,Orion Kerkering,mapped,identity_name_team_map,Stable identity seed from old DK-ID map. Pilot join status: matched via normalized_name_team
2026-07-08,2026-07-08T15:51:55.513256+00:00,2026-07-08,DraftKings official lineup CSV,https://www.draftkings.com/lineup/getavailableplayerscsv?contestTypeId=9&draftGroupId=150412,150412,9,Selected largest-prize regular Classic MLB draft group after excluding Turbo/Night/qualifier/satellite/showdown/snake/single-stat slates.,RP,Sam Moll (43505560),Sam Moll,43505560,P,4000,PHI@CIN 07/08/2026 07:10PM ET,07/08/2026 07:10PM ET,CIN,PHI,home,2.48,594580,Sam Moll,mapped,identity_name_team_map,Stable identity seed from old DK-ID map. Pilot join status: matched via normalized_name_team
2026-07-08,2026-07-08T15:51:55.513256+00:00,2026-07-08,DraftKings official lineup CSV,https://www.draftkings.com/lineup/getavailableplayerscsv?contestTypeId=9&draftGroupId=150412,150412,9,Selected largest-prize regular Classic MLB draft group after excluding Turbo/Night/qualifier/satellite/showdown/snake/single-stat slates.,SP,Tanner McDougal (43505347),Tanner McDougal,43505347,P,4000,BOS@CWS 07/08/2026 07:40PM ET,07/08/2026 07:40PM ET,CWS,BOS,home,0,701780,Tanner McDougal,mapped,identity_name_team_map,Stable identity seed from old DK-ID map. Pilot join status: matched_people_search_name via mlb_people_search_normalized_name
2026-07-08,2026-07-08T15:51:55.513256+00:00,2026-07-08,DraftKings official lineup CSV,https://www.draftkings.com/lineup/getavailableplayerscsv?contestTypeId=9&draftGroupId=150412,150412,9,Selected largest-prize regular Classic MLB draft group after excluding Turbo/Night/qualifier/satellite/showdown/snake/single-stat slates.,RP,Prelander Berroa (43505364),Prelander Berroa,43505364,P,4000,BOS@CWS 07/08/2026 07:40PM ET,07/08/2026 07:40PM ET,CWS,BOS,home,0,672860,Prelander Berroa,mapped,identity_name_team_map,Stable identity seed from old DK-ID map. Pilot join status: matched_people_search_name via mlb_people_search_normalized_name
2026-07-08,2026-07-08T15:51:55.513256+00:00,2026-07-08,DraftKings official lineup CSV,https://www.draftkings.com/lineup/getavailableplayerscsv?contestTypeId=9&draftGroupId=150412,150412,9,Selected largest-prize regular Classic MLB draft group after excluding Turbo/Night/qualifier/satellite/showdown/snake/single-stat slates.,SP,Ky Bush (43505375),Ky Bush,43505375,P,4000,BOS@CWS 07/08/2026 07:40PM ET,07/08/2026 07:40PM ET,CWS,BOS,home,0,681066,Ky Bush,mapped,identity_name_team_map,Stable identity seed from old DK-ID map. Pilot join status: matched_people_search_name via mlb_people_search_normalized_name
2026-07-08,2026-07-08T15:51:55.513256+00:00,2026-07-08,DraftKings official lineup CSV,https://www.draftkings.com/lineup/getavailableplayerscsv?contestTypeId=9&draftGroupId=150412,150412,9,Selected largest-prize regular Classic MLB draft group after excluding Turbo/Night/qualifier/satellite/showdown/snake/single-stat slates.,SP,Drew Thorpe (43505377),Drew Thorpe,43505377,P,4000,BOS@CWS 07/08/2026 07:40PM ET,07/08/2026 07:40PM ET,CWS,BOS,home,0,689672,Drew Thorpe,mapped,identity_name_team_map,Stable identity seed from old DK-ID map. Pilot join status: matched_people_search_name via mlb_people_search_normalized_name
2026-07-08,2026-07-08T15:51:55.513256+00:00,2026-07-08,DraftKings official lineup CSV,https://www.draftkings.com/lineup/getavailableplayerscsv?contestTypeId=9&draftGroupId=150412,150412,9,Selected largest-prize regular Classic MLB draft group after excluding Turbo/Night/qualifier/satellite/showdown/snake/single-stat slates.,RP,Brandon Eisert (43505385),Brandon Eisert,43505385,P,4000,BOS@CWS 07/08/2026 07:40PM ET,07/08/2026 07:40PM ET,CWS,BOS,home,3.08,685126,Brandon Eisert,mapped,identity_name_team_map,Stable identity seed from old DK-ID map. Pilot join status: matched via normalized_name_team
2026-07-08,2026-07-08T15:51:55.513256+00:00,2026-07-08,DraftKings official lineup CSV,https://www.draftkings.com/lineup/getavailableplayerscsv?contestTypeId=9&draftGroupId=150412,150412,9,Selected largest-prize regular Classic MLB draft group after excluding Turbo/Night/qualifier/satellite/showdown/snake/single-stat slates.,RP,Tyron Guerrero (43505393),Tyron Guerrero,43505393,P,4000,BOS@CWS 07/08/2026 07:40PM ET,07/08/2026 07:40PM ET,BOS,CWS,away,3.57,,,needs_review_new_player,identity_name_team_map,No reviewed normalized-name/team identity alias; do not auto-guess.
2026-07-08,2026-07-08T15:51:55.513256+00:00,2026-07-08,DraftKings official lineup CSV,https://www.draftkings.com/lineup/getavailableplayerscsv?contestTypeId=9&draftGroupId=150412,150412,9,Selected largest-prize regular Classic MLB draft group after excluding Turbo/Night/qualifier/satellite/showdown/snake/single-stat slates.,RP,Duncan Davitt (43505407),Duncan Davitt,43505407,P,4000,BOS@CWS 07/08/2026 07:40PM ET,07/08/2026 07:40PM ET,CWS,BOS,home,1.65,701474,Duncan Davitt,mapped,identity_name_team_map,Stable identity seed from old DK-ID map. Pilot join status: matched via normalized_name_team
2026-07-08,2026-07-08T15:51:55.513256+00:00,2026-07-08,DraftKings official lineup CSV,https://www.draftkings.com/lineup/getavailableplayerscsv?contestTypeId=9&draftGroupId=150412,150412,9,Selected largest-prize regular Classic MLB draft group after excluding Turbo/Night/qualifier/satellite/showdown/snake/single-stat slates.,RP,Danny Coulombe (43505422),Danny Coulombe,43505422,P,4000,BOS@CWS 07/08/2026 07:40PM ET,07/08/2026 07:40PM ET,BOS,CWS,away,0.87,,,needs_review_new_player,identity_name_team_map,No reviewed normalized-name/team identity alias; do not auto-guess.
2026-07-08,2026-07-08T15:51:55.513256+00:00,2026-07-08,DraftKings official lineup CSV,https://www.draftkings.com/lineup/getavailableplayerscsv?contestTypeId=9&draftGroupId=150412,150412,9,Selected largest-prize regular Classic MLB draft group after excluding Turbo/Night/qualifier/satellite/showdown/snake/single-stat slates.,RP,Bryan Hudson (43505425),Bryan Hudson,43505425,P,4000,BOS@CWS 07/08/2026 07:40PM ET,07/08/2026 07:40PM ET,CWS,BOS,home,3.02,663542,Bryan Hudson,mapped,identity_name_team_map,Stable identity seed from old DK-ID map. Pilot join status: matched via normalized_name_team
2026-07-08,2026-07-08T15:51:55.513256+00:00,2026-07-08,DraftKings official lineup CSV,https://www.draftkings.com/lineup/getavailableplayerscsv?contestTypeId=9&draftGroupId=150412,150412,9,Selected largest-prize regular Classic MLB draft group after excluding Turbo/Night/qualifier/satellite/showdown/snake/single-stat slates.,RP,Jordan Leasure (43505427),Jordan Leasure,43505427,P,4000,BOS@CWS 07/08/2026 07:40PM ET,07/08/2026 07:40PM ET,CWS,BOS,home,2.57,673929,Jordan Leasure,mapped,identity_name_team_map,Stable identity seed from old DK-ID map. Pilot join status: matched via normalized_name_team
2026-07-08,2026-07-08T15:51:55.513256+00:00,2026-07-08,DraftKings official lineup CSV,https://www.draftkings.com/lineup/getavailableplayerscsv?contestTypeId=9&draftGroupId=150412,150412,9,Selected largest-prize regular Classic MLB draft group after excluding Turbo/Night/qualifier/satellite/showdown/snake/single-stat slates.,RP,Sean Newcomb (43505432),Sean Newcomb,43505432,P,4000,BOS@CWS 07/08/2026 07:40PM ET,07/08/2026 07:40PM ET,CWS,BOS,home,4.52,656794,Sean Newcomb,mapped,identity_name_team_map,Stable identity seed from old DK-ID map. Pilot join status: matched via normalized_name_team
2026-07-08,2026-07-08T15:51:55.513256+00:00,2026-07-08,DraftKings official lineup CSV,https://www.draftkings.com/lineup/getavailableplayerscsv?contestTypeId=9&draftGroupId=150412,150412,9,Selected largest-prize regular Classic MLB draft group after excluding Turbo/Night/qualifier/satellite/showdown/snake/single-stat slates.,RP,Tyler Schweitzer (43505443),Tyler Schweitzer,43505443,P,4000,BOS@CWS 07/08/2026 07:40PM ET,07/08/2026 07:40PM ET,CWS,BOS,home,2.16,805326,Tyler Schweitzer,mapped,identity_name_team_map,Stable identity seed from old DK-ID map. Pilot join status: matched via normalized_name_team
2026-07-08,2026-07-08T15:51:55.513256+00:00,2026-07-08,DraftKings official lineup CSV,https://www.draftkings.com/lineup/getavailableplayerscsv?contestTypeId=9&draftGroupId=150412,150412,9,Selected largest-prize regular Classic MLB draft group after excluding Turbo/Night/qualifier/satellite/showdown/snake/single-stat slates.,RP,Tyler Gilbert (43505446),Tyler Gilbert,43505446,P,4000,BOS@CWS 07/08/2026 07:40PM ET,07/08/2026 07:40PM ET,CWS,BOS,home,-1.59,656457,Tyler Gilbert,mapped,identity_name_team_map,Stable identity seed from old DK-ID map. Pilot join status: matched via normalized_name_team
2026-07-08,2026-07-08T15:51:55.513256+00:00,2026-07-08,DraftKings official lineup CSV,https://www.draftkings.com/lineup/getavailableplayerscsv?contestTypeId=9&draftGroupId=150412,150412,9,Selected largest-prize regular Classic MLB draft group after excluding Turbo/Night/qualifier/satellite/showdown/snake/single-stat slates.,RP,Alec Gamboa (43505465),Alec Gamboa,43505465,P,4000,BOS@CWS 07/08/2026 07:40PM ET,07/08/2026 07:40PM ET,BOS,CWS,away,2.76,,,needs_review_new_player,identity_name_team_map,No reviewed normalized-name/team identity alias; do not auto-guess.
2026-07-08,2026-07-08T15:51:55.513256+00:00,2026-07-08,DraftKings official lineup CSV,https://www.draftkings.com/lineup/getavailableplayerscsv?contestTypeId=9&draftGroupId=150412,150412,9,Selected largest-prize regular Classic MLB draft group after excluding Turbo/Night/qualifier/satellite/showdown/snake/single-stat slates.,RP,Tyler Uberstine (43505467),Tyler Uberstine,43505467,P,4000,BOS@CWS 07/08/2026 07:40PM ET,07/08/2026 07:40PM ET,BOS,CWS,away,5.6,,,needs_review_new_player,identity_name_team_map,No reviewed normalized-name/team identity alias; do not auto-guess.
2026-07-08,2026-07-08T15:51:55.513256+00:00,2026-07-08,DraftKings official lineup CSV,https://www.draftkings.com/lineup/getavailableplayerscsv?contestTypeId=9&draftGroupId=150412,150412,9,Selected largest-prize regular Classic MLB draft group after excluding Turbo/Night/qualifier/satellite/showdown/snake/single-stat slates.,RP,Tyler Davis (43505468),Tyler Davis,43505468,P,4000,BOS@CWS 07/08/2026 07:40PM ET,07/08/2026 07:40PM ET,CWS,BOS,home,2.69,699823,Tyler Davis,mapped,identity_name_team_map,Stable identity seed from old DK-ID map. Pilot join status: matched via normalized_name_team
2026-07-08,2026-07-08T15:51:55.513256+00:00,2026-07-08,DraftKings official lineup CSV,https://www.draftkings.com/lineup/getavailableplayerscsv?contestTypeId=9&draftGroupId=150412,150412,9,Selected largest-prize regular Classic MLB draft group after excluding Turbo/Night/qualifier/satellite/showdown/snake/single-stat slates.,RP,Jovani Moran (43505469),Jovani Moran,43505469,P,4000,BOS@CWS 07/08/2026 07:40PM ET,07/08/2026 07:40PM ET,BOS,CWS,away,5.37,,,needs_review_new_player,identity_name_team_map,No reviewed normalized-name/team identity alias; do not auto-guess.
2026-07-08,2026-07-08T15:51:55.513256+00:00,2026-07-08,DraftKings official lineup CSV,https://www.draftkings.com/lineup/getavailableplayerscsv?contestTypeId=9&draftGroupId=150412,150412,9,Selected largest-prize regular Classic MLB draft group after excluding Turbo/Night/qualifier/satellite/showdown/snake/single-stat slates.,RP,Zack Kelly (43505475),Zack Kelly,43505475,P,4000,BOS@CWS 07/08/2026 07:40PM ET,07/08/2026 07:40PM ET,BOS,CWS,away,2.21,,,needs_review_new_player,identity_name_team_map,No reviewed normalized-name/team identity alias; do not auto-guess.
2026-07-08,2026-07-08T15:51:55.513256+00:00,2026-07-08,DraftKings official lineup CSV,https://www.draftkings.com/lineup/getavailableplayerscsv?contestTypeId=9&draftGroupId=150412,150412,9,Selected largest-prize regular Classic MLB draft group after excluding Turbo/Night/qualifier/satellite/showdown/snake/single-stat slates.,RP,Chris Murphy (43505483),Chris Murphy,43505483,P,4000,BOS@CWS 07/08/2026 07:40PM ET,07/08/2026 07:40PM ET,CWS,BOS,home,2.61,669684,Chris Murphy,mapped,identity_name_team_map,Stable identity seed from old DK-ID map. Pilot join status: matched via normalized_name_team
2026-07-08,2026-07-08T15:51:55.513256+00:00,2026-07-08,DraftKings official lineup CSV,https://www.draftkings.com/lineup/getavailableplayerscsv?contestTypeId=9&draftGroupId=150412,150412,9,Selected largest-prize regular Classic MLB draft group after excluding Turbo/Night/qualifier/satellite/showdown/snake/single-stat slates.,RP,Garrett Whitlock (43505495),Garrett Whitlock,43505495,P,4000,BOS@CWS 07/08/2026 07:40PM ET,07/08/2026 07:40PM ET,BOS,CWS,away,3.81,,,needs_review_new_player,identity_name_team_map,No reviewed normalized-name/team identity alias; do not auto-guess.
2026-07-08,2026-07-08T15:51:55.513256+00:00,2026-07-08,DraftKings official lineup CSV,https://www.draftkings.com/lineup/getavailableplayerscsv?contestTypeId=9&draftGroupId=150412,150412,9,Selected largest-prize regular Classic MLB draft group after excluding Turbo/Night/qualifier/satellite/showdown/snake/single-stat slates.,RP,Jordan Hicks (43505515),Jordan Hicks,43505515,P,4000,BOS@CWS 07/08/2026 07:40PM ET,07/08/2026 07:40PM ET,CWS,BOS,home,2.10,663855,Jordan Hicks,mapped,identity_name_team_map,Stable identity seed from old DK-ID map. Pilot join status: matched via normalized_name_team
2026-07-08,2026-07-08T15:51:55.513256+00:00,2026-07-08,DraftKings official lineup CSV,https://www.draftkings.com/lineup/getavailableplayerscsv?contestTypeId=9&draftGroupId=150412,150412,9,Selected largest-prize regular Classic MLB draft group after excluding Turbo/Night/qualifier/satellite/showdown/snake/single-stat slates.,RP,Ryan Watson (43505517),Ryan Watson,43505517,P,4000,BOS@CWS 07/08/2026 07:40PM ET,07/08/2026 07:40PM ET,BOS,CWS,away,3.18,,,needs_review_new_player,identity_name_team_map,No reviewed normalized-name/team identity alias; do not auto-guess.
2026-07-08,2026-07-08T15:51:55.513256+00:00,2026-07-08,DraftKings official lineup CSV,https://www.draftkings.com/lineup/getavailableplayerscsv?contestTypeId=9&draftGroupId=150412,150412,9,Selected largest-prize regular Classic MLB draft group after excluding Turbo/Night/qualifier/satellite/showdown/snake/single-stat slates.,RP,Greg Weissert (43505519),Greg Weissert,43505519,P,4000,BOS@CWS 07/08/2026 07:40PM ET,07/08/2026 07:40PM ET,BOS,CWS,away,2.54,,,needs_review_new_player,identity_name_team_map,No reviewed normalized-name/team identity alias; do not auto-guess.
2026-07-08,2026-07-08T15:51:55.513256+00:00,2026-07-08,DraftKings official lineup CSV,https://www.draftkings.com/lineup/getavailableplayerscsv?contestTypeId=9&draftGroupId=150412,150412,9,Selected largest-prize regular Classic MLB draft group after excluding Turbo/Night/qualifier/satellite/showdown/snake/single-stat slates.,RP,Tyler Samaniego (43505520),Tyler Samaniego,43505520,P,4000,BOS@CWS 07/08/2026 07:40PM ET,07/08/2026 07:40PM ET,BOS,CWS,away,2.43,,,needs_review_new_player,identity_name_team_map,No reviewed normalized-name/team identity alias; do not auto-guess.
2026-07-08,2026-07-08T15:51:55.513256+00:00,2026-07-08,DraftKings official lineup CSV,https://www.draftkings.com/lineup/getavailableplayerscsv?contestTypeId=9&draftGroupId=150412,150412,9,Selected largest-prize regular Classic MLB draft group after excluding Turbo/Night/qualifier/satellite/showdown/snake/single-stat slates.,RP,Joe La Sorsa (43505531),Joe La Sorsa,43505531,P,4000,BOS@CWS 07/08/2026 07:40PM ET,07/08/2026 07:40PM ET,BOS,CWS,away,0.15,,,needs_review_new_player,identity_name_team_map,No reviewed normalized-name/team identity alias; do not auto-guess.
2026-07-08,2026-07-08T15:51:55.513256+00:00,2026-07-08,DraftKings official lineup CSV,https://www.draftkings.com/lineup/getavailableplayerscsv?contestTypeId=9&draftGroupId=150412,150412,9,Selected largest-prize regular Classic MLB draft group after excluding Turbo/Night/qualifier/satellite/showdown/snake/single-stat slates.,RP,Justin Slaten (43505549),Justin Slaten,43505549,P,4000,BOS@CWS 07/08/2026 07:40PM ET,07/08/2026 07:40PM ET,BOS,CWS,away,2.45,,,needs_review_new_player,identity_name_team_map,No reviewed normalized-name/team identity alias; do not auto-guess.
2026-07-08,2026-07-08T15:51:55.513256+00:00,2026-07-08,DraftKings official lineup CSV,https://www.draftkings.com/lineup/getavailableplayerscsv?contestTypeId=9&draftGroupId=150412,150412,9,Selected largest-prize regular Classic MLB draft group after excluding Turbo/Night/qualifier/satellite/showdown/snake/single-stat slates.,RP,Seranthony Dominguez (43505550),Seranthony Dominguez,43505550,P,4000,BOS@CWS 07/08/2026 07:40PM ET,07/08/2026 07:40PM ET,CWS,BOS,home,2.88,622554,Seranthony Domínguez,mapped,identity_name_team_map,Stable identity seed from old DK-ID map. Pilot join status: matched via normalized_name_team
2026-07-08,2026-07-08T15:51:55.513256+00:00,2026-07-08,DraftKings official lineup CSV,https://www.draftkings.com/lineup/getavailableplayerscsv?contestTypeId=9&draftGroupId=150412,150412,9,Selected largest-prize regular Classic MLB draft group after excluding Turbo/Night/qualifier/satellite/showdown/snake/single-stat slates.,RP,Wikelman Gonzalez (43505569),Wikelman Gonzalez,43505569,P,4000,BOS@CWS 07/08/2026 07:40PM ET,07/08/2026 07:40PM ET,CWS,BOS,home,0,682790,Wikelman González,mapped,identity_name_team_map,Stable identity seed from old DK-ID map. Pilot join status: matched_people_search_name via mlb_people_search_normalized_name
2026-07-08,2026-07-08T15:51:55.513256+00:00,2026-07-08,DraftKings official lineup CSV,https://www.draftkings.com/lineup/getavailableplayerscsv?contestTypeId=9&draftGroupId=150412,150412,9,Selected largest-prize regular Classic MLB draft group after excluding Turbo/Night/qualifier/satellite/showdown/snake/single-stat slates.,RP,Aroldis Chapman (43505572),Aroldis Chapman,43505572,P,4000,BOS@CWS 07/08/2026 07:40PM ET,07/08/2026 07:40PM ET,BOS,CWS,away,3.39,,,needs_review_new_player,identity_name_team_map,No reviewed normalized-name/team identity alias; do not auto-guess.
2026-07-08,2026-07-08T15:51:55.513256+00:00,2026-07-08,DraftKings official lineup CSV,https://www.draftkings.com/lineup/getavailableplayerscsv?contestTypeId=9&draftGroupId=150412,150412,9,Selected largest-prize regular Classic MLB draft group after excluding Turbo/Night/qualifier/satellite/showdown/snake/single-stat slates.,SP,Austin Peterson (43505356),Austin Peterson,43505356,P,4000,CLE@MIN 07/08/2026 07:40PM ET,07/08/2026 07:40PM ET,CLE,MIN,away,0,,,needs_review_new_player,identity_name_team_map,No reviewed normalized-name/team identity alias; do not auto-guess.
2026-07-08,2026-07-08T15:51:55.513256+00:00,2026-07-08,DraftKings official lineup CSV,https://www.draftkings.com/lineup/getavailableplayerscsv?contestTypeId=9&draftGroupId=150412,150412,9,Selected largest-prize regular Classic MLB draft group after excluding Turbo/Night/qualifier/satellite/showdown/snake/single-stat slates.,RP,Woo Suk Go (43505358),Woo Suk Go,43505358,P,4000,CLE@MIN 07/08/2026 07:40PM ET,07/08/2026 07:40PM ET,MIN,CLE,home,0,,,needs_review_new_player,identity_name_team_map,No reviewed normalized-name/team identity alias; do not auto-guess.
2026-07-08,2026-07-08T15:51:55.513256+00:00,2026-07-08,DraftKings official lineup CSV,https://www.draftkings.com/lineup/getavailableplayerscsv?contestTypeId=9&draftGroupId=150412,150412,9,Selected largest-prize regular Classic MLB draft group after excluding Turbo/Night/qualifier/satellite/showdown/snake/single-stat slates.,RP,Drew Smith (43505365),Drew Smith,43505365,P,4000,CLE@MIN 07/08/2026 07:40PM ET,07/08/2026 07:40PM ET,MIN,CLE,home,0,,,needs_review_new_player,identity_name_team_map,No reviewed normalized-name/team identity alias; do not auto-guess.
2026-07-08,2026-07-08T15:51:55.513256+00:00,2026-07-08,DraftKings official lineup CSV,https://www.draftkings.com/lineup/getavailableplayerscsv?contestTypeId=9&draftGroupId=150412,150412,9,Selected largest-prize regular Classic MLB draft group after excluding Turbo/Night/qualifier/satellite/showdown/snake/single-stat slates.,RP,Pedro Avila (43505368),Pedro Avila,43505368,P,4000,CLE@MIN 07/08/2026 07:40PM ET,07/08/2026 07:40PM ET,CLE,MIN,away,0,,,needs_review_new_player,identity_name_team_map,No reviewed normalized-name/team identity alias; do not auto-guess.
2026-07-08,2026-07-08T15:51:55.513256+00:00,2026-07-08,DraftKings official lineup CSV,https://www.draftkings.com/lineup/getavailableplayerscsv?contestTypeId=9&draftGroupId=150412,150412,9,Selected largest-prize regular Classic MLB draft group after excluding Turbo/Night/qualifier/satellite/showdown/snake/single-stat slates.,RP,Yorman Gomez (43505374),Yorman Gomez,43505374,P,4000,CLE@MIN 07/08/2026 07:40PM ET,07/08/2026 07:40PM ET,CLE,MIN,away,0,,,needs_review_new_player,identity_name_team_map,No reviewed normalized-name/team identity alias; do not auto-guess.
2026-07-08,2026-07-08T15:51:55.513256+00:00,2026-07-08,DraftKings official lineup CSV,https://www.draftkings.com/lineup/getavailableplayerscsv?contestTypeId=9&draftGroupId=150412,150412,9,Selected largest-prize regular Classic MLB draft group after excluding Turbo/Night/qualifier/satellite/showdown/snake/single-stat slates.,RP,Erik Sabrowski (43505382),Erik Sabrowski,43505382,P,4000,CLE@MIN 07/08/2026 07:40PM ET,07/08/2026 07:40PM ET,CLE,MIN,away,3.93,,,needs_review_new_player,identity_name_team_map,No reviewed normalized-name/team identity alias; do not auto-guess.
2026-07-08,2026-07-08T15:51:55.513256+00:00,2026-07-08,DraftKings official lineup CSV,https://www.draftkings.com/lineup/getavailableplayerscsv?contestTypeId=9&draftGroupId=150412,150412,9,Selected largest-prize regular Classic MLB draft group after excluding Turbo/Night/qualifier/satellite/showdown/snake/single-stat slates.,RP,Andrew Walters (43505386),Andrew Walters,43505386,P,4000,CLE@MIN 07/08/2026 07:40PM ET,07/08/2026 07:40PM ET,CLE,MIN,away,0,,,needs_review_new_player,identity_name_team_map,No reviewed normalized-name/team identity alias; do not auto-guess.
2026-07-08,2026-07-08T15:51:55.513256+00:00,2026-07-08,DraftKings official lineup CSV,https://www.draftkings.com/lineup/getavailableplayerscsv?contestTypeId=9&draftGroupId=150412,150412,9,Selected largest-prize regular Classic MLB draft group after excluding Turbo/Night/qualifier/satellite/showdown/snake/single-stat slates.,RP,Hunter Gaddis (43505398),Hunter Gaddis,43505398,P,4000,CLE@MIN 07/08/2026 07:40PM ET,07/08/2026 07:40PM ET,CLE,MIN,away,2.31,,,needs_review_new_player,identity_name_team_map,No reviewed normalized-name/team identity alias; do not auto-guess.
2026-07-08,2026-07-08T15:51:55.513256+00:00,2026-07-08,DraftKings official lineup CSV,https://www.draftkings.com/lineup/getavailableplayerscsv?contestTypeId=9&draftGroupId=150412,150412,9,Selected largest-prize regular Classic MLB draft group after excluding Turbo/Night/qualifier/satellite/showdown/snake/single-stat slates.,RP,Taylor Rogers (43505399),Taylor Rogers,43505399,P,4000,CLE@MIN 07/08/2026 07:40PM ET,07/08/2026 07:40PM ET,MIN,CLE,home,1.83,573124,Taylor Rogers,mapped,identity_name_team_map,Proposed from review candidates; basis=exact normalized name + team; role-compatible; statcast_pitcher_2026; confidence=high; sources=statcast_pitcher_2026
2026-07-08,2026-07-08T15:51:55.513256+00:00,2026-07-08,DraftKings official lineup CSV,https://www.draftkings.com/lineup/getavailableplayerscsv?contestTypeId=9&draftGroupId=150412,150412,9,Selected largest-prize regular Classic MLB draft group after excluding Turbo/Night/qualifier/satellite/showdown/snake/single-stat slates.,RP,Eric Orze (43505409),Eric Orze,43505409,P,4000,CLE@MIN 07/08/2026 07:40PM ET,07/08/2026 07:40PM ET,MIN,CLE,home,2.41,679358,Eric Orze,mapped,identity_name_team_map,Proposed from review candidates; basis=exact normalized name + team; role-compatible; statcast_pitcher_2026; confidence=high; sources=statcast_pitcher_2026
2026-07-08,2026-07-08T15:51:55.513256+00:00,2026-07-08,DraftKings official lineup CSV,https://www.draftkings.com/lineup/getavailableplayerscsv?contestTypeId=9&draftGroupId=150412,150412,9,Selected largest-prize regular Classic MLB draft group after excluding Turbo/Night/qualifier/satellite/showdown/snake/single-stat slates.,RP,Matt Festa (43505426),Matt Festa,43505426,P,4000,CLE@MIN 07/08/2026 07:40PM ET,07/08/2026 07:40PM ET,CLE,MIN,away,2.67,,,needs_review_new_player,identity_name_team_map,No reviewed normalized-name/team identity alias; do not auto-guess.
2026-07-08,2026-07-08T15:51:55.513256+00:00,2026-07-08,DraftKings official lineup CSV,https://www.draftkings.com/lineup/getavailableplayerscsv?contestTypeId=9&draftGroupId=150412,150412,9,Selected largest-prize regular Classic MLB draft group after excluding Turbo/Night/qualifier/satellite/showdown/snake/single-stat slates.,RP,Colin Holderman (43505450),Colin Holderman,43505450,P,4000,CLE@MIN 07/08/2026 07:40PM ET,07/08/2026 07:40PM ET,CLE,MIN,away,4.11,,,needs_review_new_player,identity_name_team_map,No reviewed normalized-name/team identity alias; do not auto-guess.
2026-07-08,2026-07-08T15:51:55.513256+00:00,2026-07-08,DraftKings official lineup CSV,https://www.draftkings.com/lineup/getavailableplayerscsv?contestTypeId=9&draftGroupId=150412,150412,9,Selected largest-prize regular Classic MLB draft group after excluding Turbo/Night/qualifier/satellite/showdown/snake/single-stat slates.,RP,Travis Adams (43505459),Travis Adams,43505459,P,4000,CLE@MIN 07/08/2026 07:40PM ET,07/08/2026 07:40PM ET,MIN,CLE,home,3.68,701519,Travis Adams,mapped,identity_name_team_map,Proposed from review candidates; basis=exact normalized name + team; role-compatible; statcast_pitcher_2026; confidence=high; sources=statcast_pitcher_2026
2026-07-08,2026-07-08T15:51:55.513256+00:00,2026-07-08,DraftKings official lineup CSV,https://www.draftkings.com/lineup/getavailableplayerscsv?contestTypeId=9&draftGroupId=150412,150412,9,Selected largest-prize regular Classic MLB draft group after excluding Turbo/Night/qualifier/satellite/showdown/snake/single-stat slates.,RP,Kody Funderburk (43505462),Kody Funderburk,43505462,P,4000,CLE@MIN 07/08/2026 07:40PM ET,07/08/2026 07:40PM ET,MIN,CLE,home,1.55,681892,Kody Funderburk,mapped,identity_name_team_map,Proposed from review candidates; basis=exact normalized name + team; role-compatible; statcast_pitcher_2026; confidence=high; sources=statcast_pitcher_2026
2026-07-08,2026-07-08T15:51:55.513256+00:00,2026-07-08,DraftKings official lineup CSV,https://www.draftkings.com/lineup/getavailableplayerscsv?contestTypeId=9&draftGroupId=150412,150412,9,Selected largest-prize regular Classic MLB draft group after excluding Turbo/Night/qualifier/satellite/showdown/snake/single-stat slates.,RP,John Klein (43505473),John Klein,43505473,P,4000,CLE@MIN 07/08/2026 07:40PM ET,07/08/2026 07:40PM ET,MIN,CLE,home,1.85,804619,John Klein,mapped,identity_name_team_map,Proposed from review candidates; basis=exact normalized name + team; role-compatible; statcast_pitcher_2026; confidence=high; sources=statcast_pitcher_2026
2026-07-08,2026-07-08T15:51:55.513256+00:00,2026-07-08,DraftKings official lineup CSV,https://www.draftkings.com/lineup/getavailableplayerscsv?contestTypeId=9&draftGroupId=150412,150412,9,Selected largest-prize regular Classic MLB draft group after excluding Turbo/Night/qualifier/satellite/showdown/snake/single-stat slates.,RP,Cade Smith (43505477),Cade Smith,43505477,P,4000,CLE@MIN 07/08/2026 07:40PM ET,07/08/2026 07:40PM ET,CLE,MIN,away,4.17,,,needs_review_new_player,identity_name_team_map,No reviewed normalized-name/team identity alias; do not auto-guess.
2026-07-08,2026-07-08T15:51:55.513256+00:00,2026-07-08,DraftKings official lineup CSV,https://www.draftkings.com/lineup/getavailableplayerscsv?contestTypeId=9&draftGroupId=150412,150412,9,Selected largest-prize regular Classic MLB draft group after excluding Turbo/Night/qualifier/satellite/showdown/snake/single-stat slates.,RP,Tim Herrin (43505491),Tim Herrin,43505491,P,4000,CLE@MIN 07/08/2026 07:40PM ET,07/08/2026 07:40PM ET,CLE,MIN,away,1.99,,,needs_review_new_player,identity_name_team_map,No reviewed normalized-name/team identity alias; do not auto-guess.
2026-07-08,2026-07-08T15:51:55.513256+00:00,2026-07-08,DraftKings official lineup CSV,https://www.draftkings.com/lineup/getavailableplayerscsv?contestTypeId=9&draftGroupId=150412,150412,9,Selected largest-prize regular Classic MLB draft group after excluding Turbo/Night/qualifier/satellite/showdown/snake/single-stat slates.,RP,Taylor Rashi (43505521),Taylor Rashi,43505521,P,4000,CLE@MIN 07/08/2026 07:40PM ET,07/08/2026 07:40PM ET,MIN,CLE,home,3.28,,,needs_review_new_player,identity_name_team_map,No reviewed normalized-name/team identity alias; do not auto-guess.
2026-07-08,2026-07-08T15:51:55.513256+00:00,2026-07-08,DraftKings official lineup CSV,https://www.draftkings.com/lineup/getavailableplayerscsv?contestTypeId=9&draftGroupId=150412,150412,9,Selected largest-prize regular Classic MLB draft group after excluding Turbo/Night/qualifier/satellite/showdown/snake/single-stat slates.,RP,Garrett Acton (43505527),Garrett Acton,43505527,P,4000,CLE@MIN 07/08/2026 07:40PM ET,07/08/2026 07:40PM ET,MIN,CLE,home,7.05,670183,Garrett Acton,mapped,identity_name_team_map,Proposed from review candidates; basis=exact normalized name + team; role-compatible; statcast_pitcher_2026; confidence=high; sources=statcast_pitcher_2026
2026-07-08,2026-07-08T15:51:55.513256+00:00,2026-07-08,DraftKings official lineup CSV,https://www.draftkings.com/lineup/getavailableplayerscsv?contestTypeId=9&draftGroupId=150412,150412,9,Selected largest-prize regular Classic MLB draft group after excluding Turbo/Night/qualifier/satellite/showdown/snake/single-stat slates.,RP,Shawn Armstrong (43505529),Shawn Armstrong,43505529,P,4000,CLE@MIN 07/08/2026 07:40PM ET,07/08/2026 07:40PM ET,CLE,MIN,away,2.46,,,needs_review_new_player,identity_name_team_map,No reviewed normalized-name/team identity alias; do not auto-guess.
2026-07-08,2026-07-08T15:51:55.513256+00:00,2026-07-08,DraftKings official lineup CSV,https://www.draftkings.com/lineup/getavailableplayerscsv?contestTypeId=9&draftGroupId=150412,150412,9,Selected largest-prize regular Classic MLB draft group after excluding Turbo/Night/qualifier/satellite/showdown/snake/single-stat slates.,RP,Cody Laweryson (43505554),Cody Laweryson,43505554,P,4000,CLE@MIN 07/08/2026 07:40PM ET,07/08/2026 07:40PM ET,MIN,CLE,home,2.97,689520,Cody Laweryson,mapped,identity_name_team_map,Proposed from review candidates; basis=exact normalized name + team; role-compatible; statcast_pitcher_2026; confidence=high; sources=statcast_pitcher_2026
2026-07-08,2026-07-08T15:51:55.513256+00:00,2026-07-08,DraftKings official lineup CSV,https://www.draftkings.com/lineup/getavailableplayerscsv?contestTypeId=9&draftGroupId=150412,150412,9,Selected largest-prize regular Classic MLB draft group after excluding Turbo/Night/qualifier/satellite/showdown/snake/single-stat slates.,RP,Cole Sands (43505556),Cole Sands,43505556,P,4000,CLE@MIN 07/08/2026 07:40PM ET,07/08/2026 07:40PM ET,MIN,CLE,home,2.55,663485,Cole Sands,mapped,identity_name_team_map,Proposed from review candidates; basis=exact normalized name + team; role-compatible; statcast_pitcher_2026; confidence=high; sources=statcast_pitcher_2026
2026-07-08,2026-07-08T15:51:55.513256+00:00,2026-07-08,DraftKings official lineup CSV,https://www.draftkings.com/lineup/getavailableplayerscsv?contestTypeId=9&draftGroupId=150412,150412,9,Selected largest-prize regular Classic MLB draft group after excluding Turbo/Night/qualifier/satellite/showdown/snake/single-stat slates.,RP,Codi Heuer (43505557),Codi Heuer,43505557,P,4000,CLE@MIN 07/08/2026 07:40PM ET,07/08/2026 07:40PM ET,CLE,MIN,away,1.49,,,needs_review_new_player,identity_name_team_map,No reviewed normalized-name/team identity alias; do not auto-guess.
2026-07-08,2026-07-08T15:51:55.513256+00:00,2026-07-08,DraftKings official lineup CSV,https://www.draftkings.com/lineup/getavailableplayerscsv?contestTypeId=9&draftGroupId=150412,150412,9,Selected largest-prize regular Classic MLB draft group after excluding Turbo/Night/qualifier/satellite/showdown/snake/single-stat slates.,RP,Franco Aleman (43505562),Franco Aleman,43505562,P,4000,CLE@MIN 07/08/2026 07:40PM ET,07/08/2026 07:40PM ET,CLE,MIN,away,2.78,,,needs_review_new_player,identity_name_team_map,No reviewed normalized-name/team identity alias; do not auto-guess.
2026-07-08,2026-07-08T15:51:55.513256+00:00,2026-07-08,DraftKings official lineup CSV,https://www.draftkings.com/lineup/getavailableplayerscsv?contestTypeId=9&draftGroupId=150412,150412,9,Selected largest-prize regular Classic MLB draft group after excluding Turbo/Night/qualifier/satellite/showdown/snake/single-stat slates.,RP,Will Dion (43505563),Will Dion,43505563,P,4000,CLE@MIN 07/08/2026 07:40PM ET,07/08/2026 07:40PM ET,CLE,MIN,away,4.05,,,needs_review_new_player,identity_name_team_map,No reviewed normalized-name/team identity alias; do not auto-guess.
2026-07-08,2026-07-08T15:51:55.513256+00:00,2026-07-08,DraftKings official lineup CSV,https://www.draftkings.com/lineup/getavailableplayerscsv?contestTypeId=9&draftGroupId=150412,150412,9,Selected largest-prize regular Classic MLB draft group after excluding Turbo/Night/qualifier/satellite/showdown/snake/single-stat slates.,RP,Anthony Banda (43505567),Anthony Banda,43505567,P,4000,CLE@MIN 07/08/2026 07:40PM ET,07/08/2026 07:40PM ET,MIN,CLE,home,2.18,607455,Anthony Banda,mapped,identity_name_team_map,Proposed from review candidates; basis=exact normalized name + team; role-compatible; statcast_pitcher_2026; confidence=high; sources=statcast_pitcher_2026
2026-07-08,2026-07-08T15:51:55.513256+00:00,2026-07-08,DraftKings official lineup CSV,https://www.draftkings.com/lineup/getavailableplayerscsv?contestTypeId=9&draftGroupId=150412,150412,9,Selected largest-prize regular Classic MLB draft group after excluding Turbo/Night/qualifier/satellite/showdown/snake/single-stat slates.,RP,Andrew Morris (43505573),Andrew Morris,43505573,P,4000,CLE@MIN 07/08/2026 07:40PM ET,07/08/2026 07:40PM ET,MIN,CLE,home,3.87,702193,Andrew Morris,mapped,identity_name_team_map,Proposed from review candidates; basis=exact normalized name + team; role-compatible; statcast_pitcher_2026; confidence=high; sources=statcast_pitcher_2026
2026-07-08,2026-07-08T15:51:55.513256+00:00,2026-07-08,DraftKings official lineup CSV,https://www.draftkings.com/lineup/getavailableplayerscsv?contestTypeId=9&draftGroupId=150412,150412,9,Selected largest-prize regular Classic MLB draft group after excluding Turbo/Night/qualifier/satellite/showdown/snake/single-stat slates.,2B/SS,Willi Castro (43504862),Willi Castro,43504862,2B/SS,4000,COL@LAD 07/08/2026 10:10PM ET,07/08/2026 10:10PM ET,COL,LAD,away,6.80,650489,Willi Castro,mapped,identity_name_team_map,Stable identity seed from old DK-ID map. Pilot join status: matched via normalized_name_team
2026-07-08,2026-07-08T15:51:55.513256+00:00,2026-07-08,DraftKings official lineup CSV,https://www.draftkings.com/lineup/getavailableplayerscsv?contestTypeId=9&draftGroupId=150412,150412,9,Selected largest-prize regular Classic MLB draft group after excluding Turbo/Night/qualifier/satellite/showdown/snake/single-stat slates.,C,Dalton Rushing (43504864),Dalton Rushing,43504864,C,4000,COL@LAD 07/08/2026 10:10PM ET,07/08/2026 10:10PM ET,LAD,COL,home,6.76,,,needs_review_new_player,identity_name_team_map,No reviewed normalized-name/team identity alias; do not auto-guess.
2026-07-08,2026-07-08T15:51:55.513256+00:00,2026-07-08,DraftKings official lineup CSV,https://www.draftkings.com/lineup/getavailableplayerscsv?contestTypeId=9&draftGroupId=150412,150412,9,Selected largest-prize regular Classic MLB draft group after excluding Turbo/Night/qualifier/satellite/showdown/snake/single-stat slates.,C,Will Smith (43505052),Will Smith,43505052,C,4000,COL@LAD 07/08/2026 10:10PM ET,07/08/2026 10:10PM ET,LAD,COL,home,6.21,,,needs_review_new_player,identity_name_team_map,No reviewed normalized-name/team identity alias; do not auto-guess.
2026-07-08,2026-07-08T15:51:55.513256+00:00,2026-07-08,DraftKings official lineup CSV,https://www.draftkings.com/lineup/getavailableplayerscsv?contestTypeId=9&draftGroupId=150412,150412,9,Selected largest-prize regular Classic MLB draft group after excluding Turbo/Night/qualifier/satellite/showdown/snake/single-stat slates.,RP,Jake Cousins (43505351),Jake Cousins,43505351,P,4000,COL@LAD 07/08/2026 10:10PM ET,07/08/2026 10:10PM ET,LAD,COL,home,0,,,needs_review_new_player,identity_name_team_map,No reviewed normalized-name/team identity alias; do not auto-guess.
2026-07-08,2026-07-08T15:51:55.513256+00:00,2026-07-08,DraftKings official lineup CSV,https://www.draftkings.com/lineup/getavailableplayerscsv?contestTypeId=9&draftGroupId=150412,150412,9,Selected largest-prize regular Classic MLB draft group after excluding Turbo/Night/qualifier/satellite/showdown/snake/single-stat slates.,RP,Eiberson Castellano (43505352),Eiberson Castellano,43505352,P,4000,COL@LAD 07/08/2026 10:10PM ET,07/08/2026 10:10PM ET,COL,LAD,away,7.75,,,needs_review_new_player,identity_name_team_map,No reviewed normalized-name/team identity alias; do not auto-guess.
2026-07-08,2026-07-08T15:51:55.513256+00:00,2026-07-08,DraftKings official lineup CSV,https://www.draftkings.com/lineup/getavailableplayerscsv?contestTypeId=9&draftGroupId=150412,150412,9,Selected largest-prize regular Classic MLB draft group after excluding Turbo/Night/qualifier/satellite/showdown/snake/single-stat slates.,RP,RJ Petit (43505353),RJ Petit,43505353,P,4000,COL@LAD 07/08/2026 10:10PM ET,07/08/2026 10:10PM ET,COL,LAD,away,0,696275,RJ Petit,mapped,identity_name_team_map,Stable identity seed from old DK-ID map. Pilot join status: matched_people_search_name via mlb_people_search_normalized_name
2026-07-08,2026-07-08T15:51:55.513256+00:00,2026-07-08,DraftKings official lineup CSV,https://www.draftkings.com/lineup/getavailableplayerscsv?contestTypeId=9&draftGroupId=150412,150412,9,Selected largest-prize regular Classic MLB draft group after excluding Turbo/Night/qualifier/satellite/showdown/snake/single-stat slates.,RP,Jefry Yan (43505355),Jefry Yan,43505355,P,4000,COL@LAD 07/08/2026 10:10PM ET,07/08/2026 10:10PM ET,COL,LAD,away,0,,,needs_review_new_player,identity_name_team_map,No reviewed normalized-name/team identity alias; do not auto-guess.
2026-07-08,2026-07-08T15:51:55.513256+00:00,2026-07-08,DraftKings official lineup CSV,https://www.draftkings.com/lineup/getavailableplayerscsv?contestTypeId=9&draftGroupId=150412,150412,9,Selected largest-prize regular Classic MLB draft group after excluding Turbo/Night/qualifier/satellite/showdown/snake/single-stat slates.,RP,Brusdar Graterol (43505362),Brusdar Graterol,43505362,P,4000,COL@LAD 07/08/2026 10:10PM ET,07/08/2026 10:10PM ET,LAD,COL,home,0,,,needs_review_new_player,identity_name_team_map,No reviewed normalized-name/team identity alias; do not auto-guess.
2026-07-08,2026-07-08T15:51:55.513256+00:00,2026-07-08,DraftKings official lineup CSV,https://www.draftkings.com/lineup/getavailableplayerscsv?contestTypeId=9&draftGroupId=150412,150412,9,Selected largest-prize regular Classic MLB draft group after excluding Turbo/Night/qualifier/satellite/showdown/snake/single-stat slates.,SP,Nick Frasso (43505372),Nick Frasso,43505372,P,4000,COL@LAD 07/08/2026 10:10PM ET,07/08/2026 10:10PM ET,LAD,COL,home,0,,,needs_review_new_player,identity_name_team_map,No reviewed normalized-name/team identity alias; do not auto-guess.
2026-07-08,2026-07-08T15:51:55.513256+00:00,2026-07-08,DraftKings official lineup CSV,https://www.draftkings.com/lineup/getavailableplayerscsv?contestTypeId=9&draftGroupId=150412,150412,9,Selected largest-prize regular Classic MLB draft group after excluding Turbo/Night/qualifier/satellite/showdown/snake/single-stat slates.,RP,Ronan Kopp (43505373),Ronan Kopp,43505373,P,4000,COL@LAD 07/08/2026 10:10PM ET,07/08/2026 10:10PM ET,LAD,COL,home,0,,,needs_review_new_player,identity_name_team_map,No reviewed normalized-name/team identity alias; do not auto-guess.
2026-07-08,2026-07-08T15:51:55.513256+00:00,2026-07-08,DraftKings official lineup CSV,https://www.draftkings.com/lineup/getavailableplayerscsv?contestTypeId=9&draftGroupId=150412,150412,9,Selected largest-prize regular Classic MLB draft group after excluding Turbo/Night/qualifier/satellite/showdown/snake/single-stat slates.,RP,Blas Castano (43505378),Blas Castano,43505378,P,4000,COL@LAD 07/08/2026 10:10PM ET,07/08/2026 10:10PM ET,COL,LAD,away,4.85,680604,Blas Castaño,mapped,identity_name_team_map,Stable identity seed from old DK-ID map. Pilot join status: matched via normalized_name_team
2026-07-08,2026-07-08T15:51:55.513256+00:00,2026-07-08,DraftKings official lineup CSV,https://www.draftkings.com/lineup/getavailableplayerscsv?contestTypeId=9&draftGroupId=150412,150412,9,Selected largest-prize regular Classic MLB draft group after excluding Turbo/Night/qualifier/satellite/showdown/snake/single-stat slates.,SP,McCade Brown (43505379),McCade Brown,43505379,P,4000,COL@LAD 07/08/2026 10:10PM ET,07/08/2026 10:10PM ET,COL,LAD,away,0,685326,McCade Brown,mapped,identity_name_team_map,Stable identity seed from old DK-ID map. Pilot join status: matched_people_search_name via mlb_people_search_normalized_name
2026-07-08,2026-07-08T15:51:55.513256+00:00,2026-07-08,DraftKings official lineup CSV,https://www.draftkings.com/lineup/getavailableplayerscsv?contestTypeId=9&draftGroupId=150412,150412,9,Selected largest-prize regular Classic MLB draft group after excluding Turbo/Night/qualifier/satellite/showdown/snake/single-stat slates.,RP,Jordan Weems (43505381),Jordan Weems,43505381,P,4000,COL@LAD 07/08/2026 10:10PM ET,07/08/2026 10:10PM ET,LAD,COL,home,0,,,needs_review_new_player,identity_name_team_map,No reviewed normalized-name/team identity alias; do not auto-guess.
2026-07-08,2026-07-08T15:51:55.513256+00:00,2026-07-08,DraftKings official lineup CSV,https://www.draftkings.com/lineup/getavailableplayerscsv?contestTypeId=9&draftGroupId=150412,150412,9,Selected largest-prize regular Classic MLB draft group after excluding Turbo/Night/qualifier/satellite/showdown/snake/single-stat slates.,RP,Jimmy Herget (43505383),Jimmy Herget,43505383,P,4000,COL@LAD 07/08/2026 10:10PM ET,07/08/2026 10:10PM ET,COL,LAD,away,2.72,623474,Jimmy Herget,mapped,identity_name_team_map,Stable identity seed from old DK-ID map. Pilot join status: matched via normalized_name_team
2026-07-08,2026-07-08T15:51:55.513256+00:00,2026-07-08,DraftKings official lineup CSV,https://www.draftkings.com/lineup/getavailableplayerscsv?contestTypeId=9&draftGroupId=150412,150412,9,Selected largest-prize regular Classic MLB draft group after excluding Turbo/Night/qualifier/satellite/showdown/snake/single-stat slates.,RP,Welinton Herrera (43505390),Welinton Herrera,43505390,P,4000,COL@LAD 07/08/2026 10:10PM ET,07/08/2026 10:10PM ET,COL,LAD,away,2.48,700327,Welinton Herrera,mapped,identity_name_team_map,Stable identity seed from old DK-ID map. Pilot join status: matched via normalized_name_team
2026-07-08,2026-07-08T15:51:55.513256+00:00,2026-07-08,DraftKings official lineup CSV,https://www.draftkings.com/lineup/getavailableplayerscsv?contestTypeId=9&draftGroupId=150412,150412,9,Selected largest-prize regular Classic MLB draft group after excluding Turbo/Night/qualifier/satellite/showdown/snake/single-stat slates.,RP,Will Klein (43505396),Will Klein,43505396,P,4000,COL@LAD 07/08/2026 10:10PM ET,07/08/2026 10:10PM ET,LAD,COL,home,4.05,,,needs_review_new_player,identity_name_team_map,No reviewed normalized-name/team identity alias; do not auto-guess.
2026-07-08,2026-07-08T15:51:55.513256+00:00,2026-07-08,DraftKings official lineup CSV,https://www.draftkings.com/lineup/getavailableplayerscsv?contestTypeId=9&draftGroupId=150412,150412,9,Selected largest-prize regular Classic MLB draft group after excluding Turbo/Night/qualifier/satellite/showdown/snake/single-stat slates.,RP,Seth Halvorsen (43505402),Seth Halvorsen,43505402,P,4000,COL@LAD 07/08/2026 10:10PM ET,07/08/2026 10:10PM ET,COL,LAD,away,1.64,678020,Seth Halvorsen,mapped,identity_name_team_map,Stable identity seed from old DK-ID map. Pilot join status: matched via normalized_name_team
2026-07-08,2026-07-08T15:51:55.513256+00:00,2026-07-08,DraftKings official lineup CSV,https://www.draftkings.com/lineup/getavailableplayerscsv?contestTypeId=9&draftGroupId=150412,150412,9,Selected largest-prize regular Classic MLB draft group after excluding Turbo/Night/qualifier/satellite/showdown/snake/single-stat slates.,RP,Ben Casparius (43505408),Ben Casparius,43505408,P,4000,COL@LAD 07/08/2026 10:10PM ET,07/08/2026 10:10PM ET,LAD,COL,home,0.5,,,needs_review_new_player,identity_name_team_map,No reviewed normalized-name/team identity alias; do not auto-guess.
2026-07-08,2026-07-08T15:51:55.513256+00:00,2026-07-08,DraftKings official lineup CSV,https://www.draftkings.com/lineup/getavailableplayerscsv?contestTypeId=9&draftGroupId=150412,150412,9,Selected largest-prize regular Classic MLB draft group after excluding Turbo/Night/qualifier/satellite/showdown/snake/single-stat slates.,RP,Jordan Romano (43505416),Jordan Romano,43505416,P,4000,COL@LAD 07/08/2026 10:10PM ET,07/08/2026 10:10PM ET,COL,LAD,away,1.97,,,needs_review_new_player,identity_name_team_map,No reviewed normalized-name/team identity alias; do not auto-guess.
2026-07-08,2026-07-08T15:51:55.513256+00:00,2026-07-08,DraftKings official lineup CSV,https://www.draftkings.com/lineup/getavailableplayerscsv?contestTypeId=9&draftGroupId=150412,150412,9,Selected largest-prize regular Classic MLB draft group after excluding Turbo/Night/qualifier/satellite/showdown/snake/single-stat slates.,RP,Edgardo Henriquez (43505430),Edgardo Henriquez,43505430,P,4000,COL@LAD 07/08/2026 10:10PM ET,07/08/2026 10:10PM ET,LAD,COL,home,3.62,,,needs_review_new_player,identity_name_team_map,No reviewed normalized-name/team identity alias; do not auto-guess.
2026-07-08,2026-07-08T15:51:55.513256+00:00,2026-07-08,DraftKings official lineup CSV,https://www.draftkings.com/lineup/getavailableplayerscsv?contestTypeId=9&draftGroupId=150412,150412,9,Selected largest-prize regular Classic MLB draft group after excluding Turbo/Night/qualifier/satellite/showdown/snake/single-stat slates.,RP,Gabriel Hughes (43505452),Gabriel Hughes,43505452,P,4000,COL@LAD 07/08/2026 10:10PM ET,07/08/2026 10:10PM ET,COL,LAD,away,6.95,687312,Gabriel Hughes,mapped,identity_name_team_map,Stable identity seed from old DK-ID map. Pilot join status: matched_people_search_name via mlb_people_search_normalized_name
2026-07-08,2026-07-08T15:51:55.513256+00:00,2026-07-08,DraftKings official lineup CSV,https://www.draftkings.com/lineup/getavailableplayerscsv?contestTypeId=9&draftGroupId=150412,150412,9,Selected largest-prize regular Classic MLB draft group after excluding Turbo/Night/qualifier/satellite/showdown/snake/single-stat slates.,RP,Juan Mejia (43505453),Juan Mejia,43505453,P,4000,COL@LAD 07/08/2026 10:10PM ET,07/08/2026 10:10PM ET,COL,LAD,away,2.59,675848,Juan Mejia,mapped,identity_name_team_map,Stable identity seed from old DK-ID map. Pilot join status: matched via normalized_name_team
2026-07-08,2026-07-08T15:51:55.513256+00:00,2026-07-08,DraftKings official lineup CSV,https://www.draftkings.com/lineup/getavailableplayerscsv?contestTypeId=9&draftGroupId=150412,150412,9,Selected largest-prize regular Classic MLB draft group after excluding Turbo/Night/qualifier/satellite/showdown/snake/single-stat slates.,RP,Jeff Criswell (43505456),Jeff Criswell,43505456,P,4000,COL@LAD 07/08/2026 10:10PM ET,07/08/2026 10:10PM ET,COL,LAD,away,3.35,676105,Jeff Criswell,mapped,identity_name_team_map,Stable identity seed from old DK-ID map. Pilot join status: matched_people_search_name via mlb_people_search_normalized_name
2026-07-08,2026-07-08T15:51:55.513256+00:00,2026-07-08,DraftKings official lineup CSV,https://www.draftkings.com/lineup/getavailableplayerscsv?contestTypeId=9&draftGroupId=150412,150412,9,Selected largest-prize regular Classic MLB draft group after excluding Turbo/Night/qualifier/satellite/showdown/snake/single-stat slates.,RP,Alex Vesia (43505474),Alex Vesia,43505474,P,4000,COL@LAD 07/08/2026 10:10PM ET,07/08/2026 10:10PM ET,LAD,COL,home,2.94,,,needs_review_new_player,identity_name_team_map,No reviewed normalized-name/team identity alias; do not auto-guess.
2026-07-08,2026-07-08T15:51:55.513256+00:00,2026-07-08,DraftKings official lineup CSV,https://www.draftkings.com/lineup/getavailableplayerscsv?contestTypeId=9&draftGroupId=150412,150412,9,Selected largest-prize regular Classic MLB draft group after excluding Turbo/Night/qualifier/satellite/showdown/snake/single-stat slates.,RP,Jake Eder (43505481),Jake Eder,43505481,P,4000,COL@LAD 07/08/2026 10:10PM ET,07/08/2026 10:10PM ET,LAD,COL,home,2.65,,,needs_review_new_player,identity_name_team_map,No reviewed normalized-name/team identity alias; do not auto-guess.
2026-07-08,2026-07-08T15:51:55.513256+00:00,2026-07-08,DraftKings official lineup CSV,https://www.draftkings.com/lineup/getavailableplayerscsv?contestTypeId=9&draftGroupId=150412,150412,9,Selected largest-prize regular Classic MLB draft group after excluding Turbo/Night/qualifier/satellite/showdown/snake/single-stat slates.,RP,Carlos Duran (43505488),Carlos Duran,43505488,P,4000,COL@LAD 07/08/2026 10:10PM ET,07/08/2026 10:10PM ET,LAD,COL,home,0,,,needs_review_new_player,identity_name_team_map,No reviewed normalized-name/team identity alias; do not auto-guess.
2026-07-08,2026-07-08T15:51:55.513256+00:00,2026-07-08,DraftKings official lineup CSV,https://www.draftkings.com/lineup/getavailableplayerscsv?contestTypeId=9&draftGroupId=150412,150412,9,Selected largest-prize regular Classic MLB draft group after excluding Turbo/Night/qualifier/satellite/showdown/snake/single-stat slates.,RP,Brock Stewart (43505490),Brock Stewart,43505490,P,4000,COL@LAD 07/08/2026 10:10PM ET,07/08/2026 10:10PM ET,LAD,COL,home,3.13,,,needs_review_new_player,identity_name_team_map,No reviewed normalized-name/team identity alias; do not auto-guess.
2026-07-08,2026-07-08T15:51:55.513256+00:00,2026-07-08,DraftKings official lineup CSV,https://www.draftkings.com/lineup/getavailableplayerscsv?contestTypeId=9&draftGroupId=150412,150412,9,Selected largest-prize regular Classic MLB draft group after excluding Turbo/Night/qualifier/satellite/showdown/snake/single-stat slates.,RP,Evan Phillips (43505499),Evan Phillips,43505499,P,4000,COL@LAD 07/08/2026 10:10PM ET,07/08/2026 10:10PM ET,LAD,COL,home,5.65,,,needs_review_new_player,identity_name_team_map,No reviewed normalized-name/team identity alias; do not auto-guess.
2026-07-08,2026-07-08T15:51:55.513256+00:00,2026-07-08,DraftKings official lineup CSV,https://www.draftkings.com/lineup/getavailableplayerscsv?contestTypeId=9&draftGroupId=150412,150412,9,Selected largest-prize regular Classic MLB draft group after excluding Turbo/Night/qualifier/satellite/showdown/snake/single-stat slates.,RP,Brennan Bernardino (43505504),Brennan Bernardino,43505504,P,4000,COL@LAD 07/08/2026 10:10PM ET,07/08/2026 10:10PM ET,COL,LAD,away,2.09,657514,Brennan Bernardino,mapped,identity_name_team_map,Stable identity seed from old DK-ID map. Pilot join status: matched via normalized_name_team
2026-07-08,2026-07-08T15:51:55.513256+00:00,2026-07-08,DraftKings official lineup CSV,https://www.draftkings.com/lineup/getavailableplayerscsv?contestTypeId=9&draftGroupId=150412,150412,9,Selected largest-prize regular Classic MLB draft group after excluding Turbo/Night/qualifier/satellite/showdown/snake/single-stat slates.,RP,Victor Vodnik (43505510),Victor Vodnik,43505510,P,4000,COL@LAD 07/08/2026 10:10PM ET,07/08/2026 10:10PM ET,COL,LAD,away,1.78,680767,Victor Vodnik,mapped,identity_name_team_map,Stable identity seed from old DK-ID map. Pilot join status: matched via normalized_name_team
2026-07-08,2026-07-08T15:51:55.513256+00:00,2026-07-08,DraftKings official lineup CSV,https://www.draftkings.com/lineup/getavailableplayerscsv?contestTypeId=9&draftGroupId=150412,150412,9,Selected largest-prize regular Classic MLB draft group after excluding Turbo/Night/qualifier/satellite/showdown/snake/single-stat slates.,RP,Charlie Barnes (43505512),Charlie Barnes,43505512,P,4000,COL@LAD 07/08/2026 10:10PM ET,07/08/2026 10:10PM ET,LAD,COL,home,0.15,,,needs_review_new_player,identity_name_team_map,No reviewed normalized-name/team identity alias; do not auto-guess.
2026-07-08,2026-07-08T15:51:55.513256+00:00,2026-07-08,DraftKings official lineup CSV,https://www.draftkings.com/lineup/getavailableplayerscsv?contestTypeId=9&draftGroupId=150412,150412,9,Selected largest-prize regular Classic MLB draft group after excluding Turbo/Night/qualifier/satellite/showdown/snake/single-stat slates.,RP,Edwin Diaz (43505522),Edwin Diaz,43505522,P,4000,COL@LAD 07/08/2026 10:10PM ET,07/08/2026 10:10PM ET,LAD,COL,home,2.07,,,needs_review_new_player,identity_name_team_map,No reviewed normalized-name/team identity alias; do not auto-guess.
2026-07-08,2026-07-08T15:51:55.513256+00:00,2026-07-08,DraftKings official lineup CSV,https://www.draftkings.com/lineup/getavailableplayerscsv?contestTypeId=9&draftGroupId=150412,150412,9,Selected largest-prize regular Classic MLB draft group after excluding Turbo/Night/qualifier/satellite/showdown/snake/single-stat slates.,RP,TJ Shook (43505524),TJ Shook,43505524,P,4000,COL@LAD 07/08/2026 10:10PM ET,07/08/2026 10:10PM ET,COL,LAD,away,2.62,669298,TJ Shook,mapped,identity_name_team_map,Stable identity seed from old DK-ID map. Pilot join status: matched via normalized_name_team
2026-07-08,2026-07-08T15:51:55.513256+00:00,2026-07-08,DraftKings official lineup CSV,https://www.draftkings.com/lineup/getavailableplayerscsv?contestTypeId=9&draftGroupId=150412,150412,9,Selected largest-prize regular Classic MLB draft group after excluding Turbo/Night/qualifier/satellite/showdown/snake/single-stat slates.,RP,Tanner Scott (43505539),Tanner Scott,43505539,P,4000,COL@LAD 07/08/2026 10:10PM ET,07/08/2026 10:10PM ET,LAD,COL,home,3.59,,,needs_review_new_player,identity_name_team_map,No reviewed normalized-name/team identity alias; do not auto-guess.
2026-07-08,2026-07-08T15:51:55.513256+00:00,2026-07-08,DraftKings official lineup CSV,https://www.draftkings.com/lineup/getavailableplayerscsv?contestTypeId=9&draftGroupId=150412,150412,9,Selected largest-prize regular Classic MLB draft group after excluding Turbo/Night/qualifier/satellite/showdown/snake/single-stat slates.,RP,Wyatt Mills (43505541),Wyatt Mills,43505541,P,4000,COL@LAD 07/08/2026 10:10PM ET,07/08/2026 10:10PM ET,LAD,COL,home,1.03,,,needs_review_new_player,identity_name_team_map,No reviewed normalized-name/team identity alias; do not auto-guess.
2026-07-08,2026-07-08T15:51:55.513256+00:00,2026-07-08,DraftKings official lineup CSV,https://www.draftkings.com/lineup/getavailableplayerscsv?contestTypeId=9&draftGroupId=150412,150412,9,Selected largest-prize regular Classic MLB draft group after excluding Turbo/Night/qualifier/satellite/showdown/snake/single-stat slates.,RP,Jack Dreyer (43505544),Jack Dreyer,43505544,P,4000,COL@LAD 07/08/2026 10:10PM ET,07/08/2026 10:10PM ET,LAD,COL,home,3.60,,,needs_review_new_player,identity_name_team_map,No reviewed normalized-name/team identity alias; do not auto-guess.
2026-07-08,2026-07-08T15:51:55.513256+00:00,2026-07-08,DraftKings official lineup CSV,https://www.draftkings.com/lineup/getavailableplayerscsv?contestTypeId=9&draftGroupId=150412,150412,9,Selected largest-prize regular Classic MLB draft group after excluding Turbo/Night/qualifier/satellite/showdown/snake/single-stat slates.,RP,Paul Gervase (43505564),Paul Gervase,43505564,P,4000,COL@LAD 07/08/2026 10:10PM ET,07/08/2026 10:10PM ET,LAD,COL,home,5.51,,,needs_review_new_player,identity_name_team_map,No reviewed normalized-name/team identity alias; do not auto-guess.
2026-07-08,2026-07-08T15:51:55.513256+00:00,2026-07-08,DraftKings official lineup CSV,https://www.draftkings.com/lineup/getavailableplayerscsv?contestTypeId=9&draftGroupId=150412,150412,9,Selected largest-prize regular Classic MLB draft group after excluding Turbo/Night/qualifier/satellite/showdown/snake/single-stat slates.,RP,Kyle Hurt (43505565),Kyle Hurt,43505565,P,4000,COL@LAD 07/08/2026 10:10PM ET,07/08/2026 10:10PM ET,LAD,COL,home,3.17,,,needs_review_new_player,identity_name_team_map,No reviewed normalized-name/team identity alias; do not auto-guess.
2026-07-08,2026-07-08T15:51:55.513256+00:00,2026-07-08,DraftKings official lineup CSV,https://www.draftkings.com/lineup/getavailableplayerscsv?contestTypeId=9&draftGroupId=150412,150412,9,Selected largest-prize regular Classic MLB draft group after excluding Turbo/Night/qualifier/satellite/showdown/snake/single-stat slates.,RP,Jaden Hill (43505575),Jaden Hill,43505575,P,4000,COL@LAD 07/08/2026 10:10PM ET,07/08/2026 10:10PM ET,COL,LAD,away,1.81,677955,Jaden Hill,mapped,identity_name_team_map,Stable identity seed from old DK-ID map. Pilot join status: matched via normalized_name_team
2026-07-08,2026-07-08T15:51:55.513256+00:00,2026-07-08,DraftKings official lineup CSV,https://www.draftkings.com/lineup/getavailableplayerscsv?contestTypeId=9&draftGroupId=150412,150412,9,Selected largest-prize regular Classic MLB draft group after excluding Turbo/Night/qualifier/satellite/showdown/snake/single-stat slates.,RP,Blake Treinen (43505579),Blake Treinen,43505579,P,4000,COL@LAD 07/08/2026 10:10PM ET,07/08/2026 10:10PM ET,LAD,COL,home,2.78,,,needs_review_new_player,identity_name_team_map,No reviewed normalized-name/team identity alias; do not auto-guess.
2026-07-08,2026-07-08T15:51:55.513256+00:00,2026-07-08,DraftKings official lineup CSV,https://www.draftkings.com/lineup/getavailableplayerscsv?contestTypeId=9&draftGroupId=150412,150412,9,Selected largest-prize regular Classic MLB draft group after excluding Turbo/Night/qualifier/satellite/showdown/snake/single-stat slates.,RP,Cooper Hjerpe (43505359),Cooper Hjerpe,43505359,P,4000,MIL@STL 07/08/2026 07:45PM ET,07/08/2026 07:45PM ET,STL,MIL,home,0,687309,Cooper Hjerpe,mapped,identity_name_team_map,Stable identity seed from old DK-ID map. Pilot join status: matched_people_search_name via mlb_people_search_normalized_name
2026-07-08,2026-07-08T15:51:55.513256+00:00,2026-07-08,DraftKings official lineup CSV,https://www.draftkings.com/lineup/getavailableplayerscsv?contestTypeId=9&draftGroupId=150412,150412,9,Selected largest-prize regular Classic MLB draft group after excluding Turbo/Night/qualifier/satellite/showdown/snake/single-stat slates.,RP,Craig Yoho (43505389),Craig Yoho,43505389,P,4000,MIL@STL 07/08/2026 07:45PM ET,07/08/2026 07:45PM ET,MIL,STL,away,4.24,684974,Craig Yoho,mapped,identity_name_team_map,Stable identity seed from old DK-ID map. Pilot join status: matched via normalized_name_team
2026-07-08,2026-07-08T15:51:55.513256+00:00,2026-07-08,DraftKings official lineup CSV,https://www.draftkings.com/lineup/getavailableplayerscsv?contestTypeId=9&draftGroupId=150412,150412,9,Selected largest-prize regular Classic MLB draft group after excluding Turbo/Night/qualifier/satellite/showdown/snake/single-stat slates.,RP,Abner Uribe (43505406),Abner Uribe,43505406,P,4000,MIL@STL 07/08/2026 07:45PM ET,07/08/2026 07:45PM ET,MIL,STL,away,3.36,682842,Abner Uribe,mapped,identity_name_team_map,Stable identity seed from old DK-ID map. Pilot join status: matched via normalized_name_team
2026-07-08,2026-07-08T15:51:55.513256+00:00,2026-07-08,DraftKings official lineup CSV,https://www.draftkings.com/lineup/getavailableplayerscsv?contestTypeId=9&draftGroupId=150412,150412,9,Selected largest-prize regular Classic MLB draft group after excluding Turbo/Night/qualifier/satellite/showdown/snake/single-stat slates.,RP,Ryne Stanek (43505418),Ryne Stanek,43505418,P,4000,MIL@STL 07/08/2026 07:45PM ET,07/08/2026 07:45PM ET,STL,MIL,home,2.4,592773,Ryne Stanek,mapped,identity_name_team_map,Stable identity seed from old DK-ID map. Pilot join status: matched via normalized_name_team
2026-07-08,2026-07-08T15:51:55.513256+00:00,2026-07-08,DraftKings official lineup CSV,https://www.draftkings.com/lineup/getavailableplayerscsv?contestTypeId=9&draftGroupId=150412,150412,9,Selected largest-prize regular Classic MLB draft group after excluding Turbo/Night/qualifier/satellite/showdown/snake/single-stat slates.,RP,Trevor Megill (43505420),Trevor Megill,43505420,P,4000,MIL@STL 07/08/2026 07:45PM ET,07/08/2026 07:45PM ET,MIL,STL,away,3.66,656730,Trevor Megill,mapped,identity_name_team_map,Stable identity seed from old DK-ID map. Pilot join status: matched via normalized_name_team
2026-07-08,2026-07-08T15:51:55.513256+00:00,2026-07-08,DraftKings official lineup CSV,https://www.draftkings.com/lineup/getavailableplayerscsv?contestTypeId=9&draftGroupId=150412,150412,9,Selected largest-prize regular Classic MLB draft group after excluding Turbo/Night/qualifier/satellite/showdown/snake/single-stat slates.,RP,Matt Svanson (43505423),Matt Svanson,43505423,P,4000,MIL@STL 07/08/2026 07:45PM ET,07/08/2026 07:45PM ET,STL,MIL,home,2.21,694335,Matt Svanson,mapped,identity_name_team_map,Stable identity seed from old DK-ID map. Pilot join status: matched via normalized_name_team
2026-07-08,2026-07-08T15:51:55.513256+00:00,2026-07-08,DraftKings official lineup CSV,https://www.draftkings.com/lineup/getavailableplayerscsv?contestTypeId=9&draftGroupId=150412,150412,9,Selected largest-prize regular Classic MLB draft group after excluding Turbo/Night/qualifier/satellite/showdown/snake/single-stat slates.,RP,Jared Koenig (43505424),Jared Koenig,43505424,P,4000,MIL@STL 07/08/2026 07:45PM ET,07/08/2026 07:45PM ET,MIL,STL,away,2.64,657649,Jared Koenig,mapped,identity_name_team_map,Stable identity seed from old DK-ID map. Pilot join status: matched via normalized_name_team
2026-07-08,2026-07-08T15:51:55.513256+00:00,2026-07-08,DraftKings official lineup CSV,https://www.draftkings.com/lineup/getavailableplayerscsv?contestTypeId=9&draftGroupId=150412,150412,9,Selected largest-prize regular Classic MLB draft group after excluding Turbo/Night/qualifier/satellite/showdown/snake/single-stat slates.,RP,Justin Bruihl (43505431),Justin Bruihl,43505431,P,4000,MIL@STL 07/08/2026 07:45PM ET,07/08/2026 07:45PM ET,STL,MIL,home,2.08,677865,Justin Bruihl,mapped,identity_name_team_map,Stable identity seed from old DK-ID map. Pilot join status: matched via normalized_name_team
2026-07-08,2026-07-08T15:51:55.513256+00:00,2026-07-08,DraftKings official lineup CSV,https://www.draftkings.com/lineup/getavailableplayerscsv?contestTypeId=9&draftGroupId=150412,150412,9,Selected largest-prize regular Classic MLB draft group after excluding Turbo/Night/qualifier/satellite/showdown/snake/single-stat slates.,RP,Ryan Fernandez (43505434),Ryan Fernandez,43505434,P,4000,MIL@STL 07/08/2026 07:45PM ET,07/08/2026 07:45PM ET,STL,MIL,home,5.02,681676,Ryan Fernandez,mapped,identity_name_team_map,Stable identity seed from old DK-ID map. Pilot join status: matched via normalized_name_team
2026-07-08,2026-07-08T15:51:55.513256+00:00,2026-07-08,DraftKings official lineup CSV,https://www.draftkings.com/lineup/getavailableplayerscsv?contestTypeId=9&draftGroupId=150412,150412,9,Selected largest-prize regular Classic MLB draft group after excluding Turbo/Night/qualifier/satellite/showdown/snake/single-stat slates.,RP,Garrett Stallings (43505437),Garrett Stallings,43505437,P,4000,MIL@STL 07/08/2026 07:45PM ET,07/08/2026 07:45PM ET,MIL,STL,away,3.05,,,needs_review_new_player,identity_name_team_map,No reviewed normalized-name/team identity alias; do not auto-guess.
2026-07-08,2026-07-08T15:51:55.513256+00:00,2026-07-08,DraftKings official lineup CSV,https://www.draftkings.com/lineup/getavailableplayerscsv?contestTypeId=9&draftGroupId=150412,150412,9,Selected largest-prize regular Classic MLB draft group after excluding Turbo/Night/qualifier/satellite/showdown/snake/single-stat slates.,RP,Brian Fitzpatrick (43505448),Brian Fitzpatrick,43505448,P,4000,MIL@STL 07/08/2026 07:45PM ET,07/08/2026 07:45PM ET,MIL,STL,away,3.4,702153,Brian Fitzpatrick,mapped,identity_name_team_map,Stable identity seed from old DK-ID map. Pilot join status: matched via normalized_name_team
2026-07-08,2026-07-08T15:51:55.513256+00:00,2026-07-08,DraftKings official lineup CSV,https://www.draftkings.com/lineup/getavailableplayerscsv?contestTypeId=9&draftGroupId=150412,150412,9,Selected largest-prize regular Classic MLB draft group after excluding Turbo/Night/qualifier/satellite/showdown/snake/single-stat slates.,SP,Riley O'Brien (43505484),Riley O'Brien,43505484,P,4000,MIL@STL 07/08/2026 07:45PM ET,07/08/2026 07:45PM ET,STL,MIL,home,2.92,676617,Riley O'Brien,mapped,identity_name_team_map,Stable identity seed from old DK-ID map. Pilot join status: matched via normalized_name_team
2026-07-08,2026-07-08T15:51:55.513256+00:00,2026-07-08,DraftKings official lineup CSV,https://www.draftkings.com/lineup/getavailableplayerscsv?contestTypeId=9&draftGroupId=150412,150412,9,Selected largest-prize regular Classic MLB draft group after excluding Turbo/Night/qualifier/satellite/showdown/snake/single-stat slates.,RP,George Soriano (43505486),George Soriano,43505486,P,4000,MIL@STL 07/08/2026 07:45PM ET,07/08/2026 07:45PM ET,STL,MIL,home,2.76,666277,George Soriano,mapped,identity_name_team_map,Stable identity seed from old DK-ID map. Pilot join status: matched via normalized_name_team
2026-07-08,2026-07-08T15:51:55.513256+00:00,2026-07-08,DraftKings official lineup CSV,https://www.draftkings.com/lineup/getavailableplayerscsv?contestTypeId=9&draftGroupId=150412,150412,9,Selected largest-prize regular Classic MLB draft group after excluding Turbo/Night/qualifier/satellite/showdown/snake/single-stat slates.,RP,Gordon Graceffo (43505492),Gordon Graceffo,43505492,P,4000,MIL@STL 07/08/2026 07:45PM ET,07/08/2026 07:45PM ET,STL,MIL,home,2.74,700669,Gordon Graceffo,mapped,identity_name_team_map,Stable identity seed from old DK-ID map. Pilot join status: matched via normalized_name_team
2026-07-08,2026-07-08T15:51:55.513256+00:00,2026-07-08,DraftKings official lineup CSV,https://www.draftkings.com/lineup/getavailableplayerscsv?contestTypeId=9&draftGroupId=150412,150412,9,Selected largest-prize regular Classic MLB draft group after excluding Turbo/Night/qualifier/satellite/showdown/snake/single-stat slates.,RP,Aaron Ashby (43505500),Aaron Ashby,43505500,P,4000,MIL@STL 07/08/2026 07:45PM ET,07/08/2026 07:45PM ET,MIL,STL,away,5.21,676879,Aaron Ashby,mapped,identity_name_team_map,Stable identity seed from old DK-ID map. Pilot join status: matched via normalized_name_team
2026-07-08,2026-07-08T15:51:55.513256+00:00,2026-07-08,DraftKings official lineup CSV,https://www.draftkings.com/lineup/getavailableplayerscsv?contestTypeId=9&draftGroupId=150412,150412,9,Selected largest-prize regular Classic MLB draft group after excluding Turbo/Night/qualifier/satellite/showdown/snake/single-stat slates.,RP,Grant Anderson (43505502),Grant Anderson,43505502,P,4000,MIL@STL 07/08/2026 07:45PM ET,07/08/2026 07:45PM ET,MIL,STL,away,2.86,681982,Grant Anderson,mapped,identity_name_team_map,Stable identity seed from old DK-ID map. Pilot join status: matched via normalized_name_team
2026-07-08,2026-07-08T15:51:55.513256+00:00,2026-07-08,DraftKings official lineup CSV,https://www.draftkings.com/lineup/getavailableplayerscsv?contestTypeId=9&draftGroupId=150412,150412,9,Selected largest-prize regular Classic MLB draft group after excluding Turbo/Night/qualifier/satellite/showdown/snake/single-stat slates.,RP,Drew Rom (43505514),Drew Rom,43505514,P,4000,MIL@STL 07/08/2026 07:45PM ET,07/08/2026 07:45PM ET,MIL,STL,away,5.75,680723,Drew Rom,mapped,identity_name_team_map,Stable identity seed from old DK-ID map. Pilot join status: matched via normalized_name_team
2026-07-08,2026-07-08T15:51:55.513256+00:00,2026-07-08,DraftKings official lineup CSV,https://www.draftkings.com/lineup/getavailableplayerscsv?contestTypeId=9&draftGroupId=150412,150412,9,Selected largest-prize regular Classic MLB draft group after excluding Turbo/Night/qualifier/satellite/showdown/snake/single-stat slates.,RP,Easton McGee (43505546),Easton McGee,43505546,P,4000,MIL@STL 07/08/2026 07:45PM ET,07/08/2026 07:45PM ET,MIL,STL,away,2.65,668834,Easton McGee,mapped,identity_name_team_map,Stable identity seed from old DK-ID map. Pilot join status: matched via normalized_name_team
2026-07-08,2026-07-08T15:51:55.513256+00:00,2026-07-08,DraftKings official lineup CSV,https://www.draftkings.com/lineup/getavailableplayerscsv?contestTypeId=9&draftGroupId=150412,150412,9,Selected largest-prize regular Classic MLB draft group after excluding Turbo/Night/qualifier/satellite/showdown/snake/single-stat slates.,RP,JoJo Romero (43505552),JoJo Romero,43505552,P,4000,MIL@STL 07/08/2026 07:45PM ET,07/08/2026 07:45PM ET,STL,MIL,home,2.55,668941,JoJo Romero,mapped,identity_name_team_map,Stable identity seed from old DK-ID map. Pilot join status: matched via normalized_name_team
2026-07-08,2026-07-08T15:51:55.513256+00:00,2026-07-08,DraftKings official lineup CSV,https://www.draftkings.com/lineup/getavailableplayerscsv?contestTypeId=9&draftGroupId=150412,150412,9,Selected largest-prize regular Classic MLB draft group after excluding Turbo/Night/qualifier/satellite/showdown/snake/single-stat slates.,RP,Angel Zerpa (43505558),Angel Zerpa,43505558,P,4000,MIL@STL 07/08/2026 07:45PM ET,07/08/2026 07:45PM ET,MIL,STL,away,1.11,672582,Angel Zerpa,mapped,identity_name_team_map,Stable identity seed from old DK-ID map. Pilot join status: matched via normalized_name_team
2026-07-08,2026-07-08T15:51:55.513256+00:00,2026-07-08,DraftKings official lineup CSV,https://www.draftkings.com/lineup/getavailableplayerscsv?contestTypeId=9&draftGroupId=150412,150412,9,Selected largest-prize regular Classic MLB draft group after excluding Turbo/Night/qualifier/satellite/showdown/snake/single-stat slates.,RP,Joel Kuhnel (43505571),Joel Kuhnel,43505571,P,4000,MIL@STL 07/08/2026 07:45PM ET,07/08/2026 07:45PM ET,MIL,STL,away,1.63,669270,Joel Kuhnel,mapped,identity_name_team_map,Stable identity seed from old DK-ID map. Pilot join status: matched via normalized_name_team
2026-07-08,2026-07-08T15:51:55.513256+00:00,2026-07-08,DraftKings official lineup CSV,https://www.draftkings.com/lineup/getavailableplayerscsv?contestTypeId=9&draftGroupId=150412,150412,9,Selected largest-prize regular Classic MLB draft group after excluding Turbo/Night/qualifier/satellite/showdown/snake/single-stat slates.,RP,Carlos Rodriguez (43505574),Carlos Rodriguez,43505574,P,4000,MIL@STL 07/08/2026 07:45PM ET,07/08/2026 07:45PM ET,MIL,STL,away,5.15,692230,Carlos Rodriguez,mapped,identity_name_team_map,Stable identity seed from old DK-ID map. Pilot join status: matched via normalized_name_team
2026-07-08,2026-07-08T15:51:55.513256+00:00,2026-07-08,DraftKings official lineup CSV,https://www.draftkings.com/lineup/getavailableplayerscsv?contestTypeId=9&draftGroupId=150412,150412,9,Selected largest-prize regular Classic MLB draft group after excluding Turbo/Night/qualifier/satellite/showdown/snake/single-stat slates.,RP,Max Rajcic (43505576),Max Rajcic,43505576,P,4000,MIL@STL 07/08/2026 07:45PM ET,07/08/2026 07:45PM ET,STL,MIL,home,3.18,,,needs_review_new_player,identity_name_team_map,No reviewed normalized-name/team identity alias; do not auto-guess.
2026-07-08,2026-07-08T15:51:55.513256+00:00,2026-07-08,DraftKings official lineup CSV,https://www.draftkings.com/lineup/getavailableplayerscsv?contestTypeId=9&draftGroupId=150412,150412,9,Selected largest-prize regular Classic MLB draft group after excluding Turbo/Night/qualifier/satellite/showdown/snake/single-stat slates.,RP,Rob Zastryzny (43505577),Rob Zastryzny,43505577,P,4000,MIL@STL 07/08/2026 07:45PM ET,07/08/2026 07:45PM ET,MIL,STL,away,0,642239,Rob Zastryzny,mapped,identity_name_team_map,Stable identity seed from old DK-ID map. Pilot join status: matched_people_search_name via mlb_people_search_normalized_name
2026-07-08,2026-07-08T15:51:55.513256+00:00,2026-07-08,DraftKings official lineup CSV,https://www.draftkings.com/lineup/getavailableplayerscsv?contestTypeId=9&draftGroupId=150412,150412,9,Selected largest-prize regular Classic MLB draft group after excluding Turbo/Night/qualifier/satellite/showdown/snake/single-stat slates.,RP,Jared Shuster (43516400),Jared Shuster,43516400,P,4000,MIL@STL 07/08/2026 07:45PM ET,07/08/2026 07:45PM ET,STL,MIL,home,0.01,,,needs_review_new_player,identity_name_team_map,No reviewed normalized-name/team identity alias; do not auto-guess.
2026-07-08,2026-07-08T15:51:55.513256+00:00,2026-07-08,DraftKings official lineup CSV,https://www.draftkings.com/lineup/getavailableplayerscsv?contestTypeId=9&draftGroupId=150412,150412,9,Selected largest-prize regular Classic MLB draft group after excluding Turbo/Night/qualifier/satellite/showdown/snake/single-stat slates.,RP,Garrett Hawkins (43505349),Garrett Hawkins,43505349,P,4000,ARI@SD 07/08/2026 10:10PM ET,07/08/2026 10:10PM ET,SD,ARI,home,0,678184,Garrett Hawkins,mapped,identity_name_team_map,Stable identity seed from old DK-ID map. Pilot join status: matched_people_search_name via mlb_people_search_normalized_name
2026-07-08,2026-07-08T15:51:55.513256+00:00,2026-07-08,DraftKings official lineup CSV,https://www.draftkings.com/lineup/getavailableplayerscsv?contestTypeId=9&draftGroupId=150412,150412,9,Selected largest-prize regular Classic MLB draft group after excluding Turbo/Night/qualifier/satellite/showdown/snake/single-stat slates.,SP,Miguel Mendez (43505357),Miguel Mendez,43505357,P,4000,ARI@SD 07/08/2026 10:10PM ET,07/08/2026 10:10PM ET,SD,ARI,home,0,700280,Miguel Mendez,mapped,identity_name_team_map,Stable identity seed from old DK-ID map. Pilot join status: matched_people_search_name via mlb_people_search_normalized_name
2026-07-08,2026-07-08T15:51:55.513256+00:00,2026-07-08,DraftKings official lineup CSV,https://www.draftkings.com/lineup/getavailableplayerscsv?contestTypeId=9&draftGroupId=150412,150412,9,Selected largest-prize regular Classic MLB draft group after excluding Turbo/Night/qualifier/satellite/showdown/snake/single-stat slates.,RP,Blake Walston (43505366),Blake Walston,43505366,P,4000,ARI@SD 07/08/2026 10:10PM ET,07/08/2026 10:10PM ET,ARI,SD,away,0,,,needs_review_new_player,identity_name_team_map,No reviewed normalized-name/team identity alias; do not auto-guess.
2026-07-08,2026-07-08T15:51:55.513256+00:00,2026-07-08,DraftKings official lineup CSV,https://www.draftkings.com/lineup/getavailableplayerscsv?contestTypeId=9&draftGroupId=150412,150412,9,Selected largest-prize regular Classic MLB draft group after excluding Turbo/Night/qualifier/satellite/showdown/snake/single-stat slates.,RP,Wandy Peralta (43505384),Wandy Peralta,43505384,P,4000,ARI@SD 07/08/2026 10:10PM ET,07/08/2026 10:10PM ET,SD,ARI,home,2.71,593974,Wandy Peralta,mapped,identity_name_team_map,Stable identity seed from old DK-ID map. Pilot join status: matched via normalized_name_team
2026-07-08,2026-07-08T15:51:55.513256+00:00,2026-07-08,DraftKings official lineup CSV,https://www.draftkings.com/lineup/getavailableplayerscsv?contestTypeId=9&draftGroupId=150412,150412,9,Selected largest-prize regular Classic MLB draft group after excluding Turbo/Night/qualifier/satellite/showdown/snake/single-stat slates.,RP,Philip Abner (43505388),Philip Abner,43505388,P,4000,ARI@SD 07/08/2026 10:10PM ET,07/08/2026 10:10PM ET,ARI,SD,away,0.55,,,needs_review_new_player,identity_name_team_map,No reviewed normalized-name/team identity alias; do not auto-guess.
2026-07-08,2026-07-08T15:51:55.513256+00:00,2026-07-08,DraftKings official lineup CSV,https://www.draftkings.com/lineup/getavailableplayerscsv?contestTypeId=9&draftGroupId=150412,150412,9,Selected largest-prize regular Classic MLB draft group after excluding Turbo/Night/qualifier/satellite/showdown/snake/single-stat slates.,RP,Drey Jameson (43505401),Drey Jameson,43505401,P,4000,ARI@SD 07/08/2026 10:10PM ET,07/08/2026 10:10PM ET,ARI,SD,away,3.36,,,needs_review_new_player,identity_name_team_map,No reviewed normalized-name/team identity alias; do not auto-guess.
2026-07-08,2026-07-08T15:51:55.513256+00:00,2026-07-08,DraftKings official lineup CSV,https://www.draftkings.com/lineup/getavailableplayerscsv?contestTypeId=9&draftGroupId=150412,150412,9,Selected largest-prize regular Classic MLB draft group after excluding Turbo/Night/qualifier/satellite/showdown/snake/single-stat slates.,RP,Brandyn Garcia (43505403),Brandyn Garcia,43505403,P,4000,ARI@SD 07/08/2026 10:10PM ET,07/08/2026 10:10PM ET,ARI,SD,away,2.78,,,needs_review_new_player,identity_name_team_map,No reviewed normalized-name/team identity alias; do not auto-guess.
2026-07-08,2026-07-08T15:51:55.513256+00:00,2026-07-08,DraftKings official lineup CSV,https://www.draftkings.com/lineup/getavailableplayerscsv?contestTypeId=9&draftGroupId=150412,150412,9,Selected largest-prize regular Classic MLB draft group after excluding Turbo/Night/qualifier/satellite/showdown/snake/single-stat slates.,RP,David Morgan (43505417),David Morgan,43505417,P,4000,ARI@SD 07/08/2026 10:10PM ET,07/08/2026 10:10PM ET,SD,ARI,home,3.46,688158,David Morgan,mapped,identity_name_team_map,Stable identity seed from old DK-ID map. Pilot join status: matched via normalized_name_team
2026-07-08,2026-07-08T15:51:55.513256+00:00,2026-07-08,DraftKings official lineup CSV,https://www.draftkings.com/lineup/getavailableplayerscsv?contestTypeId=9&draftGroupId=150412,150412,9,Selected largest-prize regular Classic MLB draft group after excluding Turbo/Night/qualifier/satellite/showdown/snake/single-stat slates.,RP,Juan Morillo (43505435),Juan Morillo,43505435,P,4000,ARI@SD 07/08/2026 10:10PM ET,07/08/2026 10:10PM ET,ARI,SD,away,3.38,,,needs_review_new_player,identity_name_team_map,No reviewed normalized-name/team identity alias; do not auto-guess.
2026-07-08,2026-07-08T15:51:55.513256+00:00,2026-07-08,DraftKings official lineup CSV,https://www.draftkings.com/lineup/getavailableplayerscsv?contestTypeId=9&draftGroupId=150412,150412,9,Selected largest-prize regular Classic MLB draft group after excluding Turbo/Night/qualifier/satellite/showdown/snake/single-stat slates.,RP,Kevin Ginkel (43505439),Kevin Ginkel,43505439,P,4000,ARI@SD 07/08/2026 10:10PM ET,07/08/2026 10:10PM ET,ARI,SD,away,3.11,,,needs_review_new_player,identity_name_team_map,No reviewed normalized-name/team identity alias; do not auto-guess.
2026-07-08,2026-07-08T15:51:55.513256+00:00,2026-07-08,DraftKings official lineup CSV,https://www.draftkings.com/lineup/getavailableplayerscsv?contestTypeId=9&draftGroupId=150412,150412,9,Selected largest-prize regular Classic MLB draft group after excluding Turbo/Night/qualifier/satellite/showdown/snake/single-stat slates.,RP,Jason Adam (43505449),Jason Adam,43505449,P,4000,ARI@SD 07/08/2026 10:10PM ET,07/08/2026 10:10PM ET,SD,ARI,home,2.30,592094,Jason Adam,mapped,identity_name_team_map,Stable identity seed from old DK-ID map. Pilot join status: matched via normalized_name_team
2026-07-08,2026-07-08T15:51:55.513256+00:00,2026-07-08,DraftKings official lineup CSV,https://www.draftkings.com/lineup/getavailableplayerscsv?contestTypeId=9&draftGroupId=150412,150412,9,Selected largest-prize regular Classic MLB draft group after excluding Turbo/Night/qualifier/satellite/showdown/snake/single-stat slates.,RP,Ryan Thompson (43505451),Ryan Thompson,43505451,P,4000,ARI@SD 07/08/2026 10:10PM ET,07/08/2026 10:10PM ET,ARI,SD,away,2.47,,,needs_review_new_player,identity_name_team_map,No reviewed normalized-name/team identity alias; do not auto-guess.
2026-07-08,2026-07-08T15:51:55.513256+00:00,2026-07-08,DraftKings official lineup CSV,https://www.draftkings.com/lineup/getavailableplayerscsv?contestTypeId=9&draftGroupId=150412,150412,9,Selected largest-prize regular Classic MLB draft group after excluding Turbo/Night/qualifier/satellite/showdown/snake/single-stat slates.,RP,Bradgley Rodriguez (43505457),Bradgley Rodriguez,43505457,P,4000,ARI@SD 07/08/2026 10:10PM ET,07/08/2026 10:10PM ET,SD,ARI,home,3.27,699134,Bradgley Rodriguez,mapped,identity_name_team_map,Stable identity seed from old DK-ID map. Pilot join status: matched via normalized_name_team
2026-07-08,2026-07-08T15:51:55.513256+00:00,2026-07-08,DraftKings official lineup CSV,https://www.draftkings.com/lineup/getavailableplayerscsv?contestTypeId=9&draftGroupId=150412,150412,9,Selected largest-prize regular Classic MLB draft group after excluding Turbo/Night/qualifier/satellite/showdown/snake/single-stat slates.,RP,John Curtiss (43505466),John Curtiss,43505466,P,4000,ARI@SD 07/08/2026 10:10PM ET,07/08/2026 10:10PM ET,ARI,SD,away,0,,,needs_review_new_player,identity_name_team_map,No reviewed normalized-name/team identity alias; do not auto-guess.
2026-07-08,2026-07-08T15:51:55.513256+00:00,2026-07-08,DraftKings official lineup CSV,https://www.draftkings.com/lineup/getavailableplayerscsv?contestTypeId=9&draftGroupId=150412,150412,9,Selected largest-prize regular Classic MLB draft group after excluding Turbo/Night/qualifier/satellite/showdown/snake/single-stat slates.,RP,Alek Jacob (43505482),Alek Jacob,43505482,P,4000,ARI@SD 07/08/2026 10:10PM ET,07/08/2026 10:10PM ET,SD,ARI,home,5.48,689690,Alek Jacob,mapped,identity_name_team_map,Stable identity seed from old DK-ID map. Pilot join status: matched via normalized_name_team
2026-07-08,2026-07-08T15:51:55.513256+00:00,2026-07-08,DraftKings official lineup CSV,https://www.draftkings.com/lineup/getavailableplayerscsv?contestTypeId=9&draftGroupId=150412,150412,9,Selected largest-prize regular Classic MLB draft group after excluding Turbo/Night/qualifier/satellite/showdown/snake/single-stat slates.,RP,Kade Strowd (43505498),Kade Strowd,43505498,P,4000,ARI@SD 07/08/2026 10:10PM ET,07/08/2026 10:10PM ET,ARI,SD,away,-0.15,,,needs_review_new_player,identity_name_team_map,No reviewed normalized-name/team identity alias; do not auto-guess.
2026-07-08,2026-07-08T15:51:55.513256+00:00,2026-07-08,DraftKings official lineup CSV,https://www.draftkings.com/lineup/getavailableplayerscsv?contestTypeId=9&draftGroupId=150412,150412,9,Selected largest-prize regular Classic MLB draft group after excluding Turbo/Night/qualifier/satellite/showdown/snake/single-stat slates.,RP,Justin Martinez (43505501),Justin Martinez,43505501,P,4000,ARI@SD 07/08/2026 10:10PM ET,07/08/2026 10:10PM ET,ARI,SD,away,0,,,needs_review_new_player,identity_name_team_map,No reviewed normalized-name/team identity alias; do not auto-guess.
2026-07-08,2026-07-08T15:51:55.513256+00:00,2026-07-08,DraftKings official lineup CSV,https://www.draftkings.com/lineup/getavailableplayerscsv?contestTypeId=9&draftGroupId=150412,150412,9,Selected largest-prize regular Classic MLB draft group after excluding Turbo/Night/qualifier/satellite/showdown/snake/single-stat slates.,RP,Adrian Morejon (43505505),Adrian Morejon,43505505,P,4000,ARI@SD 07/08/2026 10:10PM ET,07/08/2026 10:10PM ET,SD,ARI,home,4.09,670970,Adrian Morejon,mapped,identity_name_team_map,Stable identity seed from old DK-ID map. Pilot join status: matched via normalized_name_team
2026-07-08,2026-07-08T15:51:55.513256+00:00,2026-07-08,DraftKings official lineup CSV,https://www.draftkings.com/lineup/getavailableplayerscsv?contestTypeId=9&draftGroupId=150412,150412,9,Selected largest-prize regular Classic MLB draft group after excluding Turbo/Night/qualifier/satellite/showdown/snake/single-stat slates.,RP,Jonathan Loaisiga (43505506),Jonathan Loaisiga,43505506,P,4000,ARI@SD 07/08/2026 10:10PM ET,07/08/2026 10:10PM ET,ARI,SD,away,2.40,,,needs_review_new_player,identity_name_team_map,No reviewed normalized-name/team identity alias; do not auto-guess.
2026-07-08,2026-07-08T15:51:55.513256+00:00,2026-07-08,DraftKings official lineup CSV,https://www.draftkings.com/lineup/getavailableplayerscsv?contestTypeId=9&draftGroupId=150412,150412,9,Selected largest-prize regular Classic MLB draft group after excluding Turbo/Night/qualifier/satellite/showdown/snake/single-stat slates.,RP,Paul Sewald (43505507),Paul Sewald,43505507,P,4000,ARI@SD 07/08/2026 10:10PM ET,07/08/2026 10:10PM ET,ARI,SD,away,2.84,,,needs_review_new_player,identity_name_team_map,No reviewed normalized-name/team identity alias; do not auto-guess.
2026-07-08,2026-07-08T15:51:55.513256+00:00,2026-07-08,DraftKings official lineup CSV,https://www.draftkings.com/lineup/getavailableplayerscsv?contestTypeId=9&draftGroupId=150412,150412,9,Selected largest-prize regular Classic MLB draft group after excluding Turbo/Night/qualifier/satellite/showdown/snake/single-stat slates.,RP,Mason Miller (43505511),Mason Miller,43505511,P,4000,ARI@SD 07/08/2026 10:10PM ET,07/08/2026 10:10PM ET,SD,ARI,home,5.67,695243,Mason Miller,mapped,identity_name_team_map,Stable identity seed from old DK-ID map. Pilot join status: matched via normalized_name_team
2026-07-08,2026-07-08T15:51:55.513256+00:00,2026-07-08,DraftKings official lineup CSV,https://www.draftkings.com/lineup/getavailableplayerscsv?contestTypeId=9&draftGroupId=150412,150412,9,Selected largest-prize regular Classic MLB draft group after excluding Turbo/Night/qualifier/satellite/showdown/snake/single-stat slates.,RP,Bryan Hoeing (43505516),Bryan Hoeing,43505516,P,4000,ARI@SD 07/08/2026 10:10PM ET,07/08/2026 10:10PM ET,SD,ARI,home,0,663773,Bryan Hoeing,mapped,identity_name_team_map,Stable identity seed from old DK-ID map. Pilot join status: matched_people_search_name via mlb_people_search_normalized_name
2026-07-08,2026-07-08T15:51:55.513256+00:00,2026-07-08,DraftKings official lineup CSV,https://www.draftkings.com/lineup/getavailableplayerscsv?contestTypeId=9&draftGroupId=150412,150412,9,Selected largest-prize regular Classic MLB draft group after excluding Turbo/Night/qualifier/satellite/showdown/snake/single-stat slates.,RP,Jeremiah Estrada (43505523),Jeremiah Estrada,43505523,P,4000,ARI@SD 07/08/2026 10:10PM ET,07/08/2026 10:10PM ET,SD,ARI,home,3.37,669093,Jeremiah Estrada,mapped,identity_name_team_map,Stable identity seed from old DK-ID map. Pilot join status: matched via normalized_name_team
2026-07-08,2026-07-08T15:51:55.513256+00:00,2026-07-08,DraftKings official lineup CSV,https://www.draftkings.com/lineup/getavailableplayerscsv?contestTypeId=9&draftGroupId=150412,150412,9,Selected largest-prize regular Classic MLB draft group after excluding Turbo/Night/qualifier/satellite/showdown/snake/single-stat slates.,RP,Juan Burgos (43505525),Juan Burgos,43505525,P,4000,ARI@SD 07/08/2026 10:10PM ET,07/08/2026 10:10PM ET,ARI,SD,away,-0.2,,,needs_review_new_player,identity_name_team_map,No reviewed normalized-name/team identity alias; do not auto-guess.
2026-07-08,2026-07-08T15:51:55.513256+00:00,2026-07-08,DraftKings official lineup CSV,https://www.draftkings.com/lineup/getavailableplayerscsv?contestTypeId=9&draftGroupId=150412,150412,9,Selected largest-prize regular Classic MLB draft group after excluding Turbo/Night/qualifier/satellite/showdown/snake/single-stat slates.,RP,Andrew Hoffmann (43505536),Andrew Hoffmann,43505536,P,4000,ARI@SD 07/08/2026 10:10PM ET,07/08/2026 10:10PM ET,ARI,SD,away,2.08,,,needs_review_new_player,identity_name_team_map,No reviewed normalized-name/team identity alias; do not auto-guess.
2026-07-08,2026-07-08T15:51:55.513256+00:00,2026-07-08,DraftKings official lineup CSV,https://www.draftkings.com/lineup/getavailableplayerscsv?contestTypeId=9&draftGroupId=150412,150412,9,Selected largest-prize regular Classic MLB draft group after excluding Turbo/Night/qualifier/satellite/showdown/snake/single-stat slates.,RP,Ron Marinaccio (43505538),Ron Marinaccio,43505538,P,4000,ARI@SD 07/08/2026 10:10PM ET,07/08/2026 10:10PM ET,SD,ARI,home,3.14,676760,Ron Marinaccio,mapped,identity_name_team_map,Stable identity seed from old DK-ID map. Pilot join status: matched via normalized_name_team
2026-07-08,2026-07-08T15:51:55.513256+00:00,2026-07-08,DraftKings official lineup CSV,https://www.draftkings.com/lineup/getavailableplayerscsv?contestTypeId=9&draftGroupId=150412,150412,9,Selected largest-prize regular Classic MLB draft group after excluding Turbo/Night/qualifier/satellite/showdown/snake/single-stat slates.,RP,A.J. Puk (43505542),A.J. Puk,43505542,P,4000,ARI@SD 07/08/2026 10:10PM ET,07/08/2026 10:10PM ET,ARI,SD,away,0,,,needs_review_new_player,identity_name_team_map,No reviewed normalized-name/team identity alias; do not auto-guess.
2026-07-08,2026-07-08T15:51:55.513256+00:00,2026-07-08,DraftKings official lineup CSV,https://www.draftkings.com/lineup/getavailableplayerscsv?contestTypeId=9&draftGroupId=150412,150412,9,Selected largest-prize regular Classic MLB draft group after excluding Turbo/Night/qualifier/satellite/showdown/snake/single-stat slates.,RP,Yuki Matsui (43505545),Yuki Matsui,43505545,P,4000,ARI@SD 07/08/2026 10:10PM ET,07/08/2026 10:10PM ET,SD,ARI,home,4.43,673513,Yuki Matsui,mapped,identity_name_team_map,Stable identity seed from old DK-ID map. Pilot join status: matched via normalized_name_team
2026-07-08,2026-07-08T15:51:55.513256+00:00,2026-07-08,DraftKings official lineup CSV,https://www.draftkings.com/lineup/getavailableplayerscsv?contestTypeId=9&draftGroupId=150412,150412,9,Selected largest-prize regular Classic MLB draft group after excluding Turbo/Night/qualifier/satellite/showdown/snake/single-stat slates.,RP,Andrew Saalfrank (43505548),Andrew Saalfrank,43505548,P,4000,ARI@SD 07/08/2026 10:10PM ET,07/08/2026 10:10PM ET,ARI,SD,away,0,,,needs_review_new_player,identity_name_team_map,No reviewed normalized-name/team identity alias; do not auto-guess.
2026-07-08,2026-07-08T15:51:55.513256+00:00,2026-07-08,DraftKings official lineup CSV,https://www.draftkings.com/lineup/getavailableplayerscsv?contestTypeId=9&draftGroupId=150412,150412,9,Selected largest-prize regular Classic MLB draft group after excluding Turbo/Night/qualifier/satellite/showdown/snake/single-stat slates.,RP,Taylor Clarke (43505568),Taylor Clarke,43505568,P,4000,ARI@SD 07/08/2026 10:10PM ET,07/08/2026 10:10PM ET,ARI,SD,away,2.50,,,needs_review_new_player,identity_name_team_map,No reviewed normalized-name/team identity alias; do not auto-guess.
2026-07-08,2026-07-08T15:51:55.513256+00:00,2026-07-08,DraftKings official lineup CSV,https://www.draftkings.com/lineup/getavailableplayerscsv?contestTypeId=9&draftGroupId=150412,150412,9,Selected largest-prize regular Classic MLB draft group after excluding Turbo/Night/qualifier/satellite/showdown/snake/single-stat slates.,OF,Carson Benge (43504865),Carson Benge,43504865,OF,4000,KC@NYM 07/08/2026 07:10PM ET,07/08/2026 07:10PM ET,NYM,KC,home,7.47,701807,Carson Benge,mapped,identity_name_team_map,Stable identity seed from old DK-ID map. Pilot join status: matched via normalized_name_team
2026-07-08,2026-07-08T15:51:55.513256+00:00,2026-07-08,DraftKings official lineup CSV,https://www.draftkings.com/lineup/getavailableplayerscsv?contestTypeId=9&draftGroupId=150412,150412,9,Selected largest-prize regular Classic MLB draft group after excluding Turbo/Night/qualifier/satellite/showdown/snake/single-stat slates.,1B,Vinnie Pasquantino (43505050),Vinnie Pasquantino,43505050,1B,4000,KC@NYM 07/08/2026 07:10PM ET,07/08/2026 07:10PM ET,KC,NYM,away,6.53,686469,Vinnie Pasquantino,mapped,identity_name_team_map,Stable identity seed from old DK-ID map. Pilot join status: matched via normalized_name_team
2026-07-08,2026-07-08T15:51:55.513256+00:00,2026-07-08,DraftKings official lineup CSV,https://www.draftkings.com/lineup/getavailableplayerscsv?contestTypeId=9&draftGroupId=150412,150412,9,Selected largest-prize regular Classic MLB draft group after excluding Turbo/Night/qualifier/satellite/showdown/snake/single-stat slates.,RP,James McArthur (43505348),James McArthur,43505348,P,4000,KC@NYM 07/08/2026 07:10PM ET,07/08/2026 07:10PM ET,KC,NYM,away,0,663704,James McArthur,mapped,identity_name_team_map,Stable identity seed from old DK-ID map. Pilot join status: matched_people_search_name via mlb_people_search_normalized_name
2026-07-08,2026-07-08T15:51:55.513256+00:00,2026-07-08,DraftKings official lineup CSV,https://www.draftkings.com/lineup/getavailableplayerscsv?contestTypeId=9&draftGroupId=150412,150412,9,Selected largest-prize regular Classic MLB draft group after excluding Turbo/Night/qualifier/satellite/showdown/snake/single-stat slates.,RP,Anderson Severino (43505350),Anderson Severino,43505350,P,4000,KC@NYM 07/08/2026 07:10PM ET,07/08/2026 07:10PM ET,NYM,KC,home,0,644429,Anderson Severino,mapped,identity_name_team_map,Stable identity seed from old DK-ID map. Pilot join status: matched_people_search_name via mlb_people_search_normalized_name
2026-07-08,2026-07-08T15:51:55.513256+00:00,2026-07-08,DraftKings official lineup CSV,https://www.draftkings.com/lineup/getavailableplayerscsv?contestTypeId=9&draftGroupId=150412,150412,9,Selected largest-prize regular Classic MLB draft group after excluding Turbo/Night/qualifier/satellite/showdown/snake/single-stat slates.,RP,Adbert Alzolay (43505354),Adbert Alzolay,43505354,P,4000,KC@NYM 07/08/2026 07:10PM ET,07/08/2026 07:10PM ET,NYM,KC,home,0,,,needs_review_new_player,identity_name_team_map,No reviewed normalized-name/team identity alias; do not auto-guess.
2026-07-08,2026-07-08T15:51:55.513256+00:00,2026-07-08,DraftKings official lineup CSV,https://www.draftkings.com/lineup/getavailableplayerscsv?contestTypeId=9&draftGroupId=150412,150412,9,Selected largest-prize regular Classic MLB draft group after excluding Turbo/Night/qualifier/satellite/showdown/snake/single-stat slates.,SP,Ben Kudrna (43505360),Ben Kudrna,43505360,P,4000,KC@NYM 07/08/2026 07:10PM ET,07/08/2026 07:10PM ET,KC,NYM,away,0,695667,Ben Kudrna,mapped,identity_name_team_map,Stable identity seed from old DK-ID map. Pilot join status: matched_people_search_name via mlb_people_search_normalized_name
2026-07-08,2026-07-08T15:51:55.513256+00:00,2026-07-08,DraftKings official lineup CSV,https://www.draftkings.com/lineup/getavailableplayerscsv?contestTypeId=9&draftGroupId=150412,150412,9,Selected largest-prize regular Classic MLB draft group after excluding Turbo/Night/qualifier/satellite/showdown/snake/single-stat slates.,RP,Dylan Ross (43505361),Dylan Ross,43505361,P,4000,KC@NYM 07/08/2026 07:10PM ET,07/08/2026 07:10PM ET,NYM,KC,home,0,697811,Dylan Ross,mapped,identity_name_team_map,Stable identity seed from old DK-ID map. Pilot join status: matched_people_search_name via mlb_people_search_normalized_name
2026-07-08,2026-07-08T15:51:55.513256+00:00,2026-07-08,DraftKings official lineup CSV,https://www.draftkings.com/lineup/getavailableplayerscsv?contestTypeId=9&draftGroupId=150412,150412,9,Selected largest-prize regular Classic MLB draft group after excluding Turbo/Night/qualifier/satellite/showdown/snake/single-stat slates.,SP,Alec Marsh (43505367),Alec Marsh,43505367,P,4000,KC@NYM 07/08/2026 07:10PM ET,07/08/2026 07:10PM ET,KC,NYM,away,0,679525,Alec Marsh,mapped,identity_name_team_map,Stable identity seed from old DK-ID map. Pilot join status: matched_people_search_name via mlb_people_search_normalized_name
2026-07-08,2026-07-08T15:51:55.513256+00:00,2026-07-08,DraftKings official lineup CSV,https://www.draftkings.com/lineup/getavailableplayerscsv?contestTypeId=9&draftGroupId=150412,150412,9,Selected largest-prize regular Classic MLB draft group after excluding Turbo/Night/qualifier/satellite/showdown/snake/single-stat slates.,SP,Steven Zobac (43505369),Steven Zobac,43505369,P,4000,KC@NYM 07/08/2026 07:10PM ET,07/08/2026 07:10PM ET,KC,NYM,away,0,686632,Steven Zobac,mapped,identity_name_team_map,Stable identity seed from old DK-ID map. Pilot join status: matched_people_search_name via mlb_people_search_normalized_name
2026-07-08,2026-07-08T15:51:55.513256+00:00,2026-07-08,DraftKings official lineup CSV,https://www.draftkings.com/lineup/getavailableplayerscsv?contestTypeId=9&draftGroupId=150412,150412,9,Selected largest-prize regular Classic MLB draft group after excluding Turbo/Night/qualifier/satellite/showdown/snake/single-stat slates.,RP,Guillo Zuniga (43505370),Guillo Zuniga,43505370,P,4000,KC@NYM 07/08/2026 07:10PM ET,07/08/2026 07:10PM ET,NYM,KC,home,3.65,,,needs_review_new_player,identity_name_team_map,No reviewed normalized-name/team identity alias; do not auto-guess.
2026-07-08,2026-07-08T15:51:55.513256+00:00,2026-07-08,DraftKings official lineup CSV,https://www.draftkings.com/lineup/getavailableplayerscsv?contestTypeId=9&draftGroupId=150412,150412,9,Selected largest-prize regular Classic MLB draft group after excluding Turbo/Night/qualifier/satellite/showdown/snake/single-stat slates.,RP,Aaron Sanchez (43505371),Aaron Sanchez,43505371,P,4000,KC@NYM 07/08/2026 07:10PM ET,07/08/2026 07:10PM ET,KC,NYM,away,0,,,needs_review_new_player,identity_name_team_map,No reviewed normalized-name/team identity alias; do not auto-guess.
2026-07-08,2026-07-08T15:51:55.513256+00:00,2026-07-08,DraftKings official lineup CSV,https://www.draftkings.com/lineup/getavailableplayerscsv?contestTypeId=9&draftGroupId=150412,150412,9,Selected largest-prize regular Classic MLB draft group after excluding Turbo/Night/qualifier/satellite/showdown/snake/single-stat slates.,RP,Huascar Brazoban (43505392),Huascar Brazoban,43505392,P,4000,KC@NYM 07/08/2026 07:10PM ET,07/08/2026 07:10PM ET,NYM,KC,home,3.74,623211,Huascar Brazobán,mapped,identity_name_team_map,Stable identity seed from old DK-ID map. Pilot join status: matched via normalized_name_team
2026-07-08,2026-07-08T15:51:55.513256+00:00,2026-07-08,DraftKings official lineup CSV,https://www.draftkings.com/lineup/getavailableplayerscsv?contestTypeId=9&draftGroupId=150412,150412,9,Selected largest-prize regular Classic MLB draft group after excluding Turbo/Night/qualifier/satellite/showdown/snake/single-stat slates.,RP,Jose Cuas (43505404),Jose Cuas,43505404,P,4000,KC@NYM 07/08/2026 07:10PM ET,07/08/2026 07:10PM ET,KC,NYM,away,5.42,,,needs_review_new_player,identity_name_team_map,No reviewed normalized-name/team identity alias; do not auto-guess.
2026-07-08,2026-07-08T15:51:55.513256+00:00,2026-07-08,DraftKings official lineup CSV,https://www.draftkings.com/lineup/getavailableplayerscsv?contestTypeId=9&draftGroupId=150412,150412,9,Selected largest-prize regular Classic MLB draft group after excluding Turbo/Night/qualifier/satellite/showdown/snake/single-stat slates.,RP,Carlos Estevez (43505405),Carlos Estevez,43505405,P,4000,KC@NYM 07/08/2026 07:10PM ET,07/08/2026 07:10PM ET,KC,NYM,away,-14.85,608032,Carlos Estévez,mapped,identity_name_team_map,Stable identity seed from old DK-ID map. Pilot join status: matched via normalized_name_team
2026-07-08,2026-07-08T15:51:55.513256+00:00,2026-07-08,DraftKings official lineup CSV,https://www.draftkings.com/lineup/getavailableplayerscsv?contestTypeId=9&draftGroupId=150412,150412,9,Selected largest-prize regular Classic MLB draft group after excluding Turbo/Night/qualifier/satellite/showdown/snake/single-stat slates.,RP,A.J. Minter (43505410),A.J. Minter,43505410,P,4000,KC@NYM 07/08/2026 07:10PM ET,07/08/2026 07:10PM ET,NYM,KC,home,3.66,621345,A.J. Minter,mapped,identity_name_team_map,Stable identity seed from old DK-ID map. Pilot join status: matched via normalized_name_team
2026-07-08,2026-07-08T15:51:55.513256+00:00,2026-07-08,DraftKings official lineup CSV,https://www.draftkings.com/lineup/getavailableplayerscsv?contestTypeId=9&draftGroupId=150412,150412,9,Selected largest-prize regular Classic MLB draft group after excluding Turbo/Night/qualifier/satellite/showdown/snake/single-stat slates.,RP,Connor Seabold (43505438),Connor Seabold,43505438,P,4000,KC@NYM 07/08/2026 07:10PM ET,07/08/2026 07:10PM ET,KC,NYM,away,2.08,657756,Connor Seabold,needs_review_team_change,identity_name_unique_mlbam,Name maps to one reviewed MLBAM identity but not this DK team; review as team-change/new alias before trusting automation.
2026-07-08,2026-07-08T15:51:55.513256+00:00,2026-07-08,DraftKings official lineup CSV,https://www.draftkings.com/lineup/getavailableplayerscsv?contestTypeId=9&draftGroupId=150412,150412,9,Selected largest-prize regular Classic MLB draft group after excluding Turbo/Night/qualifier/satellite/showdown/snake/single-stat slates.,RP,Steven Cruz (43505441),Steven Cruz,43505441,P,4000,KC@NYM 07/08/2026 07:10PM ET,07/08/2026 07:10PM ET,KC,NYM,away,3.43,674444,Steven Cruz,mapped,identity_name_team_map,Stable identity seed from old DK-ID map. Pilot join status: matched via normalized_name_team
2026-07-08,2026-07-08T15:51:55.513256+00:00,2026-07-08,DraftKings official lineup CSV,https://www.draftkings.com/lineup/getavailableplayerscsv?contestTypeId=9&draftGroupId=150412,150412,9,Selected largest-prize regular Classic MLB draft group after excluding Turbo/Night/qualifier/satellite/showdown/snake/single-stat slates.,RP,Brooks Raley (43505445),Brooks Raley,43505445,P,4000,KC@NYM 07/08/2026 07:10PM ET,07/08/2026 07:10PM ET,NYM,KC,home,3.21,548384,Brooks Raley,mapped,identity_name_team_map,Stable identity seed from old DK-ID map. Pilot join status: matched via normalized_name_team
2026-07-08,2026-07-08T15:51:55.513256+00:00,2026-07-08,DraftKings official lineup CSV,https://www.draftkings.com/lineup/getavailableplayerscsv?contestTypeId=9&draftGroupId=150412,150412,9,Selected largest-prize regular Classic MLB draft group after excluding Turbo/Night/qualifier/satellite/showdown/snake/single-stat slates.,RP,Alex Lange (43505447),Alex Lange,43505447,P,4000,KC@NYM 07/08/2026 07:10PM ET,07/08/2026 07:10PM ET,KC,NYM,away,2.31,656638,Alex Lange,mapped,identity_name_team_map,Stable identity seed from old DK-ID map. Pilot join status: matched via normalized_name_team
2026-07-08,2026-07-08T15:51:55.513256+00:00,2026-07-08,DraftKings official lineup CSV,https://www.draftkings.com/lineup/getavailableplayerscsv?contestTypeId=9&draftGroupId=150412,150412,9,Selected largest-prize regular Classic MLB draft group after excluding Turbo/Night/qualifier/satellite/showdown/snake/single-stat slates.,RP,Randy Dobnak (43505455),Randy Dobnak,43505455,P,4000,KC@NYM 07/08/2026 07:10PM ET,07/08/2026 07:10PM ET,KC,NYM,away,4.8,,,needs_review_new_player,identity_name_team_map,No reviewed normalized-name/team identity alias; do not auto-guess.
2026-07-08,2026-07-08T15:51:55.513256+00:00,2026-07-08,DraftKings official lineup CSV,https://www.draftkings.com/lineup/getavailableplayerscsv?contestTypeId=9&draftGroupId=150412,150412,9,Selected largest-prize regular Classic MLB draft group after excluding Turbo/Night/qualifier/satellite/showdown/snake/single-stat slates.,RP,Reed Garrett (43505460),Reed Garrett,43505460,P,4000,KC@NYM 07/08/2026 07:10PM ET,07/08/2026 07:10PM ET,NYM,KC,home,0,657585,Reed Garrett,mapped,identity_name_team_map,Stable identity seed from old DK-ID map. Pilot join status: matched_people_search_name via mlb_people_search_normalized_name
2026-07-08,2026-07-08T15:51:55.513256+00:00,2026-07-08,DraftKings official lineup CSV,https://www.draftkings.com/lineup/getavailableplayerscsv?contestTypeId=9&draftGroupId=150412,150412,9,Selected largest-prize regular Classic MLB draft group after excluding Turbo/Night/qualifier/satellite/showdown/snake/single-stat slates.,RP,Cionel Perez (43505463),Cionel Perez,43505463,P,4000,KC@NYM 07/08/2026 07:10PM ET,07/08/2026 07:10PM ET,NYM,KC,home,2.70,672335,Cionel Pérez,mapped,identity_name_team_map,Stable identity seed from old DK-ID map. Pilot join status: matched via normalized_name_team
2026-07-08,2026-07-08T15:51:55.513256+00:00,2026-07-08,DraftKings official lineup CSV,https://www.draftkings.com/lineup/getavailableplayerscsv?contestTypeId=9&draftGroupId=150412,150412,9,Selected largest-prize regular Classic MLB draft group after excluding Turbo/Night/qualifier/satellite/showdown/snake/single-stat slates.,RP,Daniel Duarte (43505464),Daniel Duarte,43505464,P,4000,KC@NYM 07/08/2026 07:10PM ET,07/08/2026 07:10PM ET,NYM,KC,home,5.35,650960,Daniel Duarte,mapped,identity_name_team_map,Stable identity seed from old DK-ID map. Pilot join status: matched via normalized_name_team
2026-07-08,2026-07-08T15:51:55.513256+00:00,2026-07-08,DraftKings official lineup CSV,https://www.draftkings.com/lineup/getavailableplayerscsv?contestTypeId=9&draftGroupId=150412,150412,9,Selected largest-prize regular Classic MLB draft group after excluding Turbo/Night/qualifier/satellite/showdown/snake/single-stat slates.,RP,Alex Carrillo (43505476),Alex Carrillo,43505476,P,4000,KC@NYM 07/08/2026 07:10PM ET,07/08/2026 07:10PM ET,NYM,KC,home,0,692024,Alex Carrillo,mapped,identity_name_team_map,Stable identity seed from old DK-ID map. Pilot join status: matched_people_search_name via mlb_people_search_normalized_name
2026-07-08,2026-07-08T15:51:55.513256+00:00,2026-07-08,DraftKings official lineup CSV,https://www.draftkings.com/lineup/getavailableplayerscsv?contestTypeId=9&draftGroupId=150412,150412,9,Selected largest-prize regular Classic MLB draft group after excluding Turbo/Night/qualifier/satellite/showdown/snake/single-stat slates.,RP,Austin Warren (43505478),Austin Warren,43505478,P,4000,KC@NYM 07/08/2026 07:10PM ET,07/08/2026 07:10PM ET,NYM,KC,home,3.38,681810,Austin Warren,mapped,identity_name_team_map,Stable identity seed from old DK-ID map. Pilot join status: matched via normalized_name_team
2026-07-08,2026-07-08T15:51:55.513256+00:00,2026-07-08,DraftKings official lineup CSV,https://www.draftkings.com/lineup/getavailableplayerscsv?contestTypeId=9&draftGroupId=150412,150412,9,Selected largest-prize regular Classic MLB draft group after excluding Turbo/Night/qualifier/satellite/showdown/snake/single-stat slates.,RP,Lucas Erceg (43505487),Lucas Erceg,43505487,P,4000,KC@NYM 07/08/2026 07:10PM ET,07/08/2026 07:10PM ET,KC,NYM,away,1.78,668674,Lucas Erceg,mapped,identity_name_team_map,Stable identity seed from old DK-ID map. Pilot join status: matched via normalized_name_team
2026-07-08,2026-07-08T15:51:55.513256+00:00,2026-07-08,DraftKings official lineup CSV,https://www.draftkings.com/lineup/getavailableplayerscsv?contestTypeId=9&draftGroupId=150412,150412,9,Selected largest-prize regular Classic MLB draft group after excluding Turbo/Night/qualifier/satellite/showdown/snake/single-stat slates.,RP,Matt Strahm (43505493),Matt Strahm,43505493,P,4000,KC@NYM 07/08/2026 07:10PM ET,07/08/2026 07:10PM ET,KC,NYM,away,1.86,621381,Matt Strahm,mapped,identity_name_team_map,Stable identity seed from old DK-ID map. Pilot join status: matched via normalized_name_team
2026-07-08,2026-07-08T15:51:55.513256+00:00,2026-07-08,DraftKings official lineup CSV,https://www.draftkings.com/lineup/getavailableplayerscsv?contestTypeId=9&draftGroupId=150412,150412,9,Selected largest-prize regular Classic MLB draft group after excluding Turbo/Night/qualifier/satellite/showdown/snake/single-stat slates.,RP,Joey Gerber (43505518),Joey Gerber,43505518,P,4000,KC@NYM 07/08/2026 07:10PM ET,07/08/2026 07:10PM ET,NYM,KC,home,2.96,680702,Joey Gerber,mapped,identity_name_team_map,Stable identity seed from old DK-ID map. Pilot join status: matched via normalized_name_team
2026-07-08,2026-07-08T15:51:55.513256+00:00,2026-07-08,DraftKings official lineup CSV,https://www.draftkings.com/lineup/getavailableplayerscsv?contestTypeId=9&draftGroupId=150412,150412,9,Selected largest-prize regular Classic MLB draft group after excluding Turbo/Night/qualifier/satellite/showdown/snake/single-stat slates.,RP,Nick Mears (43505533),Nick Mears,43505533,P,4000,KC@NYM 07/08/2026 07:10PM ET,07/08/2026 07:10PM ET,KC,NYM,away,2.00,683232,Nick Mears,mapped,identity_name_team_map,Stable identity seed from old DK-ID map. Pilot join status: matched via normalized_name_team
2026-07-08,2026-07-08T15:51:55.513256+00:00,2026-07-08,DraftKings official lineup CSV,https://www.draftkings.com/lineup/getavailableplayerscsv?contestTypeId=9&draftGroupId=150412,150412,9,Selected largest-prize regular Classic MLB draft group after excluding Turbo/Night/qualifier/satellite/showdown/snake/single-stat slates.,RP,Beck Way (43505535),Beck Way,43505535,P,4000,KC@NYM 07/08/2026 07:10PM ET,07/08/2026 07:10PM ET,KC,NYM,away,3.54,694360,Beck Way,mapped,identity_name_team_map,Stable identity seed from old DK-ID map. Pilot join status: matched via normalized_name_team
2026-07-08,2026-07-08T15:51:55.513256+00:00,2026-07-08,DraftKings official lineup CSV,https://www.draftkings.com/lineup/getavailableplayerscsv?contestTypeId=9&draftGroupId=150412,150412,9,Selected largest-prize regular Classic MLB draft group after excluding Turbo/Night/qualifier/satellite/showdown/snake/single-stat slates.,RP,Devin Williams (43505537),Devin Williams,43505537,P,4000,KC@NYM 07/08/2026 07:10PM ET,07/08/2026 07:10PM ET,NYM,KC,home,3.13,642207,Devin Williams,mapped,identity_name_team_map,Stable identity seed from old DK-ID map. Pilot join status: matched via normalized_name_team
2026-07-08,2026-07-08T15:51:55.513256+00:00,2026-07-08,DraftKings official lineup CSV,https://www.draftkings.com/lineup/getavailableplayerscsv?contestTypeId=9&draftGroupId=150412,150412,9,Selected largest-prize regular Classic MLB draft group after excluding Turbo/Night/qualifier/satellite/showdown/snake/single-stat slates.,RP,Jonathan Pintaro (43505551),Jonathan Pintaro,43505551,P,4000,KC@NYM 07/08/2026 07:10PM ET,07/08/2026 07:10PM ET,NYM,KC,home,6.23,702752,Jonathan Pintaro,mapped,identity_name_team_map,Stable identity seed from old DK-ID map. Pilot join status: matched via normalized_name_team
2026-07-08,2026-07-08T15:51:55.513256+00:00,2026-07-08,DraftKings official lineup CSV,https://www.draftkings.com/lineup/getavailableplayerscsv?contestTypeId=9&draftGroupId=150412,150412,9,Selected largest-prize regular Classic MLB draft group after excluding Turbo/Night/qualifier/satellite/showdown/snake/single-stat slates.,RP,John Schreiber (43505553),John Schreiber,43505553,P,4000,KC@NYM 07/08/2026 07:10PM ET,07/08/2026 07:10PM ET,KC,NYM,away,2.00,670167,John Schreiber,mapped,identity_name_team_map,Stable identity seed from old DK-ID map. Pilot join status: matched via normalized_name_team
2026-07-08,2026-07-08T15:51:55.513256+00:00,2026-07-08,DraftKings official lineup CSV,https://www.draftkings.com/lineup/getavailableplayerscsv?contestTypeId=9&draftGroupId=150412,150412,9,Selected largest-prize regular Classic MLB draft group after excluding Turbo/Night/qualifier/satellite/showdown/snake/single-stat slates.,RP,Luke Weaver (43505555),Luke Weaver,43505555,P,4000,KC@NYM 07/08/2026 07:10PM ET,07/08/2026 07:10PM ET,NYM,KC,home,3.94,596133,Luke Weaver,mapped,identity_name_team_map,Stable identity seed from old DK-ID map. Pilot join status: matched via normalized_name_team
2026-07-08,2026-07-08T15:51:55.513256+00:00,2026-07-08,DraftKings official lineup CSV,https://www.draftkings.com/lineup/getavailableplayerscsv?contestTypeId=9&draftGroupId=150412,150412,9,Selected largest-prize regular Classic MLB draft group after excluding Turbo/Night/qualifier/satellite/showdown/snake/single-stat slates.,RP,Eli Morgan (43505566),Eli Morgan,43505566,P,4000,KC@NYM 07/08/2026 07:10PM ET,07/08/2026 07:10PM ET,KC,NYM,away,2.09,669212,Eli Morgan,mapped,identity_name_team_map,Stable identity seed from old DK-ID map. Pilot join status: matched via normalized_name_team
2026-07-08,2026-07-08T15:51:55.513256+00:00,2026-07-08,DraftKings official lineup CSV,https://www.draftkings.com/lineup/getavailableplayerscsv?contestTypeId=9&draftGroupId=150412,150412,9,Selected largest-prize regular Classic MLB draft group after excluding Turbo/Night/qualifier/satellite/showdown/snake/single-stat slates.,RP,Dedniel Nunez (43505570),Dedniel Nunez,43505570,P,4000,KC@NYM 07/08/2026 07:10PM ET,07/08/2026 07:10PM ET,NYM,KC,home,0,673380,Dedniel Núñez,mapped,identity_name_team_map,Stable identity seed from old DK-ID map. Pilot join status: matched_people_search_name via mlb_people_search_normalized_name
2026-07-08,2026-07-08T15:51:55.513256+00:00,2026-07-08,DraftKings official lineup CSV,https://www.draftkings.com/lineup/getavailableplayerscsv?contestTypeId=9&draftGroupId=150412,150412,9,Selected largest-prize regular Classic MLB draft group after excluding Turbo/Night/qualifier/satellite/showdown/snake/single-stat slates.,RP,Matt Seelinger (43516401),Matt Seelinger,43516401,P,4000,KC@NYM 07/08/2026 07:10PM ET,07/08/2026 07:10PM ET,NYM,KC,home,-10.9,,,needs_review_new_player,identity_name_team_map,No reviewed normalized-name/team identity alias; do not auto-guess.
2026-07-08,2026-07-08T15:51:55.513256+00:00,2026-07-08,DraftKings official lineup CSV,https://www.draftkings.com/lineup/getavailableplayerscsv?contestTypeId=9&draftGroupId=150412,150412,9,Selected largest-prize regular Classic MLB draft group after excluding Turbo/Night/qualifier/satellite/showdown/snake/single-stat slates.,2B,Chase Meidroth (43504867),Chase Meidroth,43504867,2B,3900,BOS@CWS 07/08/2026 07:40PM ET,07/08/2026 07:40PM ET,CWS,BOS,home,6.60,805367,Chase Meidroth,mapped,identity_name_team_map,Stable identity seed from old DK-ID map. Pilot join status: matched via normalized_name_team
2026-07-08,2026-07-08T15:51:55.513256+00:00,2026-07-08,DraftKings official lineup CSV,https://www.draftkings.com/lineup/getavailableplayerscsv?contestTypeId=9&draftGroupId=150412,150412,9,Selected largest-prize regular Classic MLB draft group after excluding Turbo/Night/qualifier/satellite/showdown/snake/single-stat slates.,1B,TJ Rumfield (43504868),TJ Rumfield,43504868,1B,3900,COL@LAD 07/08/2026 10:10PM ET,07/08/2026 10:10PM ET,COL,LAD,away,7.7,681198,TJ Rumfield,mapped,identity_name_team_map,Stable identity seed from old DK-ID map. Pilot join status: matched via normalized_name_team
2026-07-08,2026-07-08T15:51:55.513256+00:00,2026-07-08,DraftKings official lineup CSV,https://www.draftkings.com/lineup/getavailableplayerscsv?contestTypeId=9&draftGroupId=150412,150412,9,Selected largest-prize regular Classic MLB draft group after excluding Turbo/Night/qualifier/satellite/showdown/snake/single-stat slates.,OF,Samad Taylor (43504869),Samad Taylor,43504869,OF,3900,ARI@SD 07/08/2026 10:10PM ET,07/08/2026 10:10PM ET,SD,ARI,home,7.88,669392,Samad Taylor,mapped,identity_name_team_map,Stable identity seed from old DK-ID map. Pilot join status: matched via normalized_name_team
2026-07-08,2026-07-08T15:51:55.513256+00:00,2026-07-08,DraftKings official lineup CSV,https://www.draftkings.com/lineup/getavailableplayerscsv?contestTypeId=9&draftGroupId=150412,150412,9,Selected largest-prize regular Classic MLB draft group after excluding Turbo/Night/qualifier/satellite/showdown/snake/single-stat slates.,C,Gabriel Moreno (43504870),Gabriel Moreno,43504870,C,3900,ARI@SD 07/08/2026 10:10PM ET,07/08/2026 10:10PM ET,ARI,SD,away,7.17,,,needs_review_new_player,identity_name_team_map,No reviewed normalized-name/team identity alias; do not auto-guess.
2026-07-08,2026-07-08T15:51:55.513256+00:00,2026-07-08,DraftKings official lineup CSV,https://www.draftkings.com/lineup/getavailableplayerscsv?contestTypeId=9&draftGroupId=150412,150412,9,Selected largest-prize regular Classic MLB draft group after excluding Turbo/Night/qualifier/satellite/showdown/snake/single-stat slates.,3B,Eugenio Suarez (43504871),Eugenio Suarez,43504871,3B,3800,PHI@CIN 07/08/2026 07:10PM ET,07/08/2026 07:10PM ET,CIN,PHI,home,6.02,553993,Eugenio Suárez,mapped,identity_name_team_map,Stable identity seed from old DK-ID map. Pilot join status: matched via normalized_name_team
2026-07-08,2026-07-08T15:51:55.513256+00:00,2026-07-08,DraftKings official lineup CSV,https://www.draftkings.com/lineup/getavailableplayerscsv?contestTypeId=9&draftGroupId=150412,150412,9,Selected largest-prize regular Classic MLB draft group after excluding Turbo/Night/qualifier/satellite/showdown/snake/single-stat slates.,C,Kyle Teel (43504873),Kyle Teel,43504873,C,3800,BOS@CWS 07/08/2026 07:40PM ET,07/08/2026 07:40PM ET,CWS,BOS,home,7.08,691019,Kyle Teel,mapped,identity_name_team_map,Stable identity seed from old DK-ID map. Pilot join status: matched_people_search_name via mlb_people_search_normalized_name
2026-07-08,2026-07-08T15:51:55.513256+00:00,2026-07-08,DraftKings official lineup CSV,https://www.draftkings.com/lineup/getavailableplayerscsv?contestTypeId=9&draftGroupId=150412,150412,9,Selected largest-prize regular Classic MLB draft group after excluding Turbo/Night/qualifier/satellite/showdown/snake/single-stat slates.,OF,Tyler Freeman (43504874),Tyler Freeman,43504874,OF,3800,COL@LAD 07/08/2026 10:10PM ET,07/08/2026 10:10PM ET,COL,LAD,away,6.26,671289,Tyler Freeman,mapped,identity_name_team_map,Stable identity seed from old DK-ID map. Pilot join status: matched via normalized_name_team
2026-07-08,2026-07-08T15:51:55.513256+00:00,2026-07-08,DraftKings official lineup CSV,https://www.draftkings.com/lineup/getavailableplayerscsv?contestTypeId=9&draftGroupId=150412,150412,9,Selected largest-prize regular Classic MLB draft group after excluding Turbo/Night/qualifier/satellite/showdown/snake/single-stat slates.,1B,Andrew Vaughn (43504877),Andrew Vaughn,43504877,1B,3800,MIL@STL 07/08/2026 07:45PM ET,07/08/2026 07:45PM ET,MIL,STL,away,6.34,683734,Andrew Vaughn,mapped,identity_name_team_map,Stable identity seed from old DK-ID map. Pilot join status: matched via normalized_name_team
2026-07-08,2026-07-08T15:51:55.513256+00:00,2026-07-08,DraftKings official lineup CSV,https://www.draftkings.com/lineup/getavailableplayerscsv?contestTypeId=9&draftGroupId=150412,150412,9,Selected largest-prize regular Classic MLB draft group after excluding Turbo/Night/qualifier/satellite/showdown/snake/single-stat slates.,SS,Geraldo Perdomo (43504876),Geraldo Perdomo,43504876,SS,3800,ARI@SD 07/08/2026 10:10PM ET,07/08/2026 10:10PM ET,ARI,SD,away,7.23,,,needs_review_new_player,identity_name_team_map,No reviewed normalized-name/team identity alias; do not auto-guess.
2026-07-08,2026-07-08T15:51:55.513256+00:00,2026-07-08,DraftKings official lineup CSV,https://www.draftkings.com/lineup/getavailableplayerscsv?contestTypeId=9&draftGroupId=150412,150412,9,Selected largest-prize regular Classic MLB draft group after excluding Turbo/Night/qualifier/satellite/showdown/snake/single-stat slates.,2B,Michael Massey (43504872),Michael Massey,43504872,2B,3800,KC@NYM 07/08/2026 07:10PM ET,07/08/2026 07:10PM ET,KC,NYM,away,5.52,686681,Michael Massey,mapped,identity_name_team_map,Stable identity seed from old DK-ID map. Pilot join status: matched via normalized_name_team
2026-07-08,2026-07-08T15:51:55.513256+00:00,2026-07-08,DraftKings official lineup CSV,https://www.draftkings.com/lineup/getavailableplayerscsv?contestTypeId=9&draftGroupId=150412,150412,9,Selected largest-prize regular Classic MLB draft group after excluding Turbo/Night/qualifier/satellite/showdown/snake/single-stat slates.,OF,A.J. Ewing (43504875),A.J. Ewing,43504875,OF,3800,KC@NYM 07/08/2026 07:10PM ET,07/08/2026 07:10PM ET,NYM,KC,home,7.5,805999,A.J. Ewing,mapped,identity_name_team_map,Stable identity seed from old DK-ID map. Pilot join status: matched via normalized_name_team
2026-07-08,2026-07-08T15:51:55.513256+00:00,2026-07-08,DraftKings official lineup CSV,https://www.draftkings.com/lineup/getavailableplayerscsv?contestTypeId=9&draftGroupId=150412,150412,9,Selected largest-prize regular Classic MLB draft group after excluding Turbo/Night/qualifier/satellite/showdown/snake/single-stat slates.,3B,Brooks Lee (43504879),Brooks Lee,43504879,3B,3700,CLE@MIN 07/08/2026 07:40PM ET,07/08/2026 07:40PM ET,MIN,CLE,home,7.25,686797,Brooks Lee,mapped,identity_name_team_map,Proposed from review candidates; basis=exact normalized name + team; role-compatible; hr-distance-latest.json|statcast_batter_des_2026; confidence=high; sources=hr-distance-latest.json|statcast_batter_des_2026
2026-07-08,2026-07-08T15:51:55.513256+00:00,2026-07-08,DraftKings official lineup CSV,https://www.draftkings.com/lineup/getavailableplayerscsv?contestTypeId=9&draftGroupId=150412,150412,9,Selected largest-prize regular Classic MLB draft group after excluding Turbo/Night/qualifier/satellite/showdown/snake/single-stat slates.,SS,Ezequiel Tovar (43504878),Ezequiel Tovar,43504878,SS,3700,COL@LAD 07/08/2026 10:10PM ET,07/08/2026 10:10PM ET,COL,LAD,away,5.32,678662,Ezequiel Tovar,mapped,identity_name_team_map,Stable identity seed from old DK-ID map. Pilot join status: matched via normalized_name_team
2026-07-08,2026-07-08T15:51:55.513256+00:00,2026-07-08,DraftKings official lineup CSV,https://www.draftkings.com/lineup/getavailableplayerscsv?contestTypeId=9&draftGroupId=150412,150412,9,Selected largest-prize regular Classic MLB draft group after excluding Turbo/Night/qualifier/satellite/showdown/snake/single-stat slates.,OF,Cole Carrigg (43504883),Cole Carrigg,43504883,OF,3700,COL@LAD 07/08/2026 10:10PM ET,07/08/2026 10:10PM ET,COL,LAD,away,9.92,694249,Cole Carrigg,mapped,identity_name_team_map,Proposed from review candidates; basis=exact normalized name + team; role-compatible; statcast_batter_des_2026; confidence=high; sources=statcast_batter_des_2026
2026-07-08,2026-07-08T15:51:55.513256+00:00,2026-07-08,DraftKings official lineup CSV,https://www.draftkings.com/lineup/getavailableplayerscsv?contestTypeId=9&draftGroupId=150412,150412,9,Selected largest-prize regular Classic MLB draft group after excluding Turbo/Night/qualifier/satellite/showdown/snake/single-stat slates.,OF,Brenton Doyle (43505053),Brenton Doyle,43505053,OF,3700,COL@LAD 07/08/2026 10:10PM ET,07/08/2026 10:10PM ET,COL,LAD,away,4.67,686668,Brenton Doyle,mapped,identity_name_team_map,Stable identity seed from old DK-ID map. Pilot join status: matched via normalized_name_team
2026-07-08,2026-07-08T15:51:55.513256+00:00,2026-07-08,DraftKings official lineup CSV,https://www.draftkings.com/lineup/getavailableplayerscsv?contestTypeId=9&draftGroupId=150412,150412,9,Selected largest-prize regular Classic MLB draft group after excluding Turbo/Night/qualifier/satellite/showdown/snake/single-stat slates.,C,Ivan Herrera (43504880),Ivan Herrera,43504880,C,3700,MIL@STL 07/08/2026 07:45PM ET,07/08/2026 07:45PM ET,STL,MIL,home,8.09,671056,Iván Herrera,mapped,identity_name_team_map,Stable identity seed from old DK-ID map. Pilot join status: matched via normalized_name_team
2026-07-08,2026-07-08T15:51:55.513256+00:00,2026-07-08,DraftKings official lineup CSV,https://www.draftkings.com/lineup/getavailableplayerscsv?contestTypeId=9&draftGroupId=150412,150412,9,Selected largest-prize regular Classic MLB draft group after excluding Turbo/Night/qualifier/satellite/showdown/snake/single-stat slates.,1B/OF,Gavin Sheets (43504881),Gavin Sheets,43504881,1B/OF,3700,ARI@SD 07/08/2026 10:10PM ET,07/08/2026 10:10PM ET,SD,ARI,home,6.45,657757,Gavin Sheets,mapped,identity_name_team_map,Stable identity seed from old DK-ID map. Pilot join status: matched via normalized_name_team
2026-07-08,2026-07-08T15:51:55.513256+00:00,2026-07-08,DraftKings official lineup CSV,https://www.draftkings.com/lineup/getavailableplayerscsv?contestTypeId=9&draftGroupId=150412,150412,9,Selected largest-prize regular Classic MLB draft group after excluding Turbo/Night/qualifier/satellite/showdown/snake/single-stat slates.,OF/SS,Ezequiel Duran (43504884),Ezequiel Duran,43504884,SS/OF,3600,LAA@TEX 07/08/2026 08:05PM ET,07/08/2026 08:05PM ET,TEX,LAA,home,6.74,677649,Ezequiel Duran,mapped,identity_name_team_map,Stable identity seed from old DK-ID map. Pilot join status: matched via normalized_name_team
2026-07-08,2026-07-08T15:51:55.513256+00:00,2026-07-08,DraftKings official lineup CSV,https://www.draftkings.com/lineup/getavailableplayerscsv?contestTypeId=9&draftGroupId=150412,150412,9,Selected largest-prize regular Classic MLB draft group after excluding Turbo/Night/qualifier/satellite/showdown/snake/single-stat slates.,OF,Brandon Nimmo (43504888),Brandon Nimmo,43504888,OF,3600,LAA@TEX 07/08/2026 08:05PM ET,07/08/2026 08:05PM ET,TEX,LAA,home,6.8,607043,Brandon Nimmo,mapped,identity_name_team_map,Stable identity seed from old DK-ID map. Pilot join status: matched via normalized_name_team
2026-07-08,2026-07-08T15:51:55.513256+00:00,2026-07-08,DraftKings official lineup CSV,https://www.draftkings.com/lineup/getavailableplayerscsv?contestTypeId=9&draftGroupId=150412,150412,9,Selected largest-prize regular Classic MLB draft group after excluding Turbo/Night/qualifier/satellite/showdown/snake/single-stat slates.,1B,Royce Lewis (43504886),Royce Lewis,43504886,1B,3600,CLE@MIN 07/08/2026 07:40PM ET,07/08/2026 07:40PM ET,MIN,CLE,home,6.67,668904,Royce Lewis,mapped,identity_name_team_map,Proposed from review candidates; basis=exact normalized name + team; role-compatible; statcast_batter_des_2026; confidence=high; sources=statcast_batter_des_2026
2026-07-08,2026-07-08T15:51:55.513256+00:00,2026-07-08,DraftKings official lineup CSV,https://www.draftkings.com/lineup/getavailableplayerscsv?contestTypeId=9&draftGroupId=150412,150412,9,Selected largest-prize regular Classic MLB draft group after excluding Turbo/Night/qualifier/satellite/showdown/snake/single-stat slates.,OF,Angel Martinez (43505056),Angel Martinez,43505056,OF,3600,CLE@MIN 07/08/2026 07:40PM ET,07/08/2026 07:40PM ET,CLE,MIN,away,6.92,,,needs_review_new_player,identity_name_team_map,No reviewed normalized-name/team identity alias; do not auto-guess.
2026-07-08,2026-07-08T15:51:55.513256+00:00,2026-07-08,DraftKings official lineup CSV,https://www.draftkings.com/lineup/getavailableplayerscsv?contestTypeId=9&draftGroupId=150412,150412,9,Selected largest-prize regular Classic MLB draft group after excluding Turbo/Night/qualifier/satellite/showdown/snake/single-stat slates.,C,Gary Sanchez (43504887),Gary Sanchez,43504887,C,3600,MIL@STL 07/08/2026 07:45PM ET,07/08/2026 07:45PM ET,MIL,STL,away,6.29,596142,Gary Sánchez,mapped,identity_name_team_map,Stable identity seed from old DK-ID map. Pilot join status: matched via normalized_name_team
2026-07-08,2026-07-08T15:51:55.513256+00:00,2026-07-08,DraftKings official lineup CSV,https://www.draftkings.com/lineup/getavailableplayerscsv?contestTypeId=9&draftGroupId=150412,150412,9,Selected largest-prize regular Classic MLB draft group after excluding Turbo/Night/qualifier/satellite/showdown/snake/single-stat slates.,2B/3B,Jorge Polanco (43505054),Jorge Polanco,43505054,2B/3B,3600,KC@NYM 07/08/2026 07:10PM ET,07/08/2026 07:10PM ET,NYM,KC,home,4.93,593871,Jorge Polanco,mapped,identity_name_team_map,Stable identity seed from old DK-ID map. Pilot join status: matched via normalized_name_team
2026-07-08,2026-07-08T15:51:55.513256+00:00,2026-07-08,DraftKings official lineup CSV,https://www.draftkings.com/lineup/getavailableplayerscsv?contestTypeId=9&draftGroupId=150412,150412,9,Selected largest-prize regular Classic MLB draft group after excluding Turbo/Night/qualifier/satellite/showdown/snake/single-stat slates.,OF,Jorge Soler (43504892),Jorge Soler,43504892,OF,3500,LAA@TEX 07/08/2026 08:05PM ET,07/08/2026 08:05PM ET,LAA,TEX,away,6.81,624585,Jorge Soler,mapped,identity_name_team_map,Stable identity seed from old DK-ID map. Pilot join status: matched via normalized_name_team
2026-07-08,2026-07-08T15:51:55.513256+00:00,2026-07-08,DraftKings official lineup CSV,https://www.draftkings.com/lineup/getavailableplayerscsv?contestTypeId=9&draftGroupId=150412,150412,9,Selected largest-prize regular Classic MLB draft group after excluding Turbo/Night/qualifier/satellite/showdown/snake/single-stat slates.,2B,Justin Foscue (43504895),Justin Foscue,43504895,2B,3500,LAA@TEX 07/08/2026 08:05PM ET,07/08/2026 08:05PM ET,TEX,LAA,home,5.34,679822,Justin Foscue,mapped,identity_name_team_map,Stable identity seed from old DK-ID map. Pilot join status: matched via normalized_name_team
2026-07-08,2026-07-08T15:51:55.513256+00:00,2026-07-08,DraftKings official lineup CSV,https://www.draftkings.com/lineup/getavailableplayerscsv?contestTypeId=9&draftGroupId=150412,150412,9,Selected largest-prize regular Classic MLB draft group after excluding Turbo/Night/qualifier/satellite/showdown/snake/single-stat slates.,1B,Nathaniel Lowe (43504889),Nathaniel Lowe,43504889,1B,3500,PHI@CIN 07/08/2026 07:10PM ET,07/08/2026 07:10PM ET,CIN,PHI,home,5.39,663993,Nathaniel Lowe,mapped,identity_name_team_map,Stable identity seed from old DK-ID map. Pilot join status: matched via normalized_name_team
2026-07-08,2026-07-08T15:51:55.513256+00:00,2026-07-08,DraftKings official lineup CSV,https://www.draftkings.com/lineup/getavailableplayerscsv?contestTypeId=9&draftGroupId=150412,150412,9,Selected largest-prize regular Classic MLB draft group after excluding Turbo/Night/qualifier/satellite/showdown/snake/single-stat slates.,OF,Blake Dunn (43505057),Blake Dunn,43505057,OF,3500,PHI@CIN 07/08/2026 07:10PM ET,07/08/2026 07:10PM ET,CIN,PHI,home,6.87,694362,Blake Dunn,mapped,identity_name_team_map,Stable identity seed from old DK-ID map. Pilot join status: matched via normalized_name_team
2026-07-08,2026-07-08T15:51:55.513256+00:00,2026-07-08,DraftKings official lineup CSV,https://www.draftkings.com/lineup/getavailableplayerscsv?contestTypeId=9&draftGroupId=150412,150412,9,Selected largest-prize regular Classic MLB draft group after excluding Turbo/Night/qualifier/satellite/showdown/snake/single-stat slates.,OF,Andrew Benintendi (43504894),Andrew Benintendi,43504894,OF,3500,BOS@CWS 07/08/2026 07:40PM ET,07/08/2026 07:40PM ET,CWS,BOS,home,6.04,643217,Andrew Benintendi,mapped,identity_name_team_map,Stable identity seed from old DK-ID map. Pilot join status: matched via normalized_name_team
2026-07-08,2026-07-08T15:51:55.513256+00:00,2026-07-08,DraftKings official lineup CSV,https://www.draftkings.com/lineup/getavailableplayerscsv?contestTypeId=9&draftGroupId=150412,150412,9,Selected largest-prize regular Classic MLB draft group after excluding Turbo/Night/qualifier/satellite/showdown/snake/single-stat slates.,SS,Trevor Story (43505058),Trevor Story,43505058,SS,3500,BOS@CWS 07/08/2026 07:40PM ET,07/08/2026 07:40PM ET,BOS,CWS,away,5.98,,,needs_review_new_player,identity_name_team_map,No reviewed normalized-name/team identity alias; do not auto-guess.
2026-07-08,2026-07-08T15:51:55.513256+00:00,2026-07-08,DraftKings official lineup CSV,https://www.draftkings.com/lineup/getavailableplayerscsv?contestTypeId=9&draftGroupId=150412,150412,9,Selected largest-prize regular Classic MLB draft group after excluding Turbo/Night/qualifier/satellite/showdown/snake/single-stat slates.,C,Victor Caratini (43504896),Victor Caratini,43504896,C,3500,CLE@MIN 07/08/2026 07:40PM ET,07/08/2026 07:40PM ET,MIN,CLE,home,5.88,605170,Víctor Caratini,mapped,identity_name_team_map,Proposed from review candidates; basis=exact normalized name + team; role-compatible; hr-distance-latest.json|statcast_batter_des_2026; confidence=high; sources=hr-distance-latest.json|statcast_batter_des_2026
2026-07-08,2026-07-08T15:51:55.513256+00:00,2026-07-08,DraftKings official lineup CSV,https://www.draftkings.com/lineup/getavailableplayerscsv?contestTypeId=9&draftGroupId=150412,150412,9,Selected largest-prize regular Classic MLB draft group after excluding Turbo/Night/qualifier/satellite/showdown/snake/single-stat slates.,SS,Masyn Winn (43504893),Masyn Winn,43504893,SS,3500,MIL@STL 07/08/2026 07:45PM ET,07/08/2026 07:45PM ET,STL,MIL,home,6.58,691026,Masyn Winn,mapped,identity_name_team_map,Stable identity seed from old DK-ID map. Pilot join status: matched via normalized_name_team
2026-07-08,2026-07-08T15:51:55.513256+00:00,2026-07-08,DraftKings official lineup CSV,https://www.draftkings.com/lineup/getavailableplayerscsv?contestTypeId=9&draftGroupId=150412,150412,9,Selected largest-prize regular Classic MLB draft group after excluding Turbo/Night/qualifier/satellite/showdown/snake/single-stat slates.,1B/C,Salvador Perez (43504890),Salvador Perez,43504890,C/1B,3500,KC@NYM 07/08/2026 07:10PM ET,07/08/2026 07:10PM ET,KC,NYM,away,5.77,521692,Salvador Perez,mapped,identity_name_team_map,Stable identity seed from old DK-ID map. Pilot join status: matched via normalized_name_team
2026-07-08,2026-07-08T15:51:55.513256+00:00,2026-07-08,DraftKings official lineup CSV,https://www.draftkings.com/lineup/getavailableplayerscsv?contestTypeId=9&draftGroupId=150412,150412,9,Selected largest-prize regular Classic MLB draft group after excluding Turbo/Night/qualifier/satellite/showdown/snake/single-stat slates.,OF,Jo Adell (43504899),Jo Adell,43504899,OF,3400,LAA@TEX 07/08/2026 08:05PM ET,07/08/2026 08:05PM ET,LAA,TEX,away,6.69,666176,Jo Adell,mapped,identity_name_team_map,Stable identity seed from old DK-ID map. Pilot join status: matched via normalized_name_team
2026-07-08,2026-07-08T15:51:55.513256+00:00,2026-07-08,DraftKings official lineup CSV,https://www.draftkings.com/lineup/getavailableplayerscsv?contestTypeId=9&draftGroupId=150412,150412,9,Selected largest-prize regular Classic MLB draft group after excluding Turbo/Night/qualifier/satellite/showdown/snake/single-stat slates.,3B,Denzer Guzman (43504903),Denzer Guzman,43504903,3B,3400,LAA@TEX 07/08/2026 08:05PM ET,07/08/2026 08:05PM ET,LAA,TEX,away,6.83,694203,Denzer Guzman,mapped,identity_name_team_map,Stable identity seed from old DK-ID map. Pilot join status: matched via normalized_name_team
2026-07-08,2026-07-08T15:51:55.513256+00:00,2026-07-08,DraftKings official lineup CSV,https://www.draftkings.com/lineup/getavailableplayerscsv?contestTypeId=9&draftGroupId=150412,150412,9,Selected largest-prize regular Classic MLB draft group after excluding Turbo/Night/qualifier/satellite/showdown/snake/single-stat slates.,2B/OF,Luke Keaschall (43504901),Luke Keaschall,43504901,2B/OF,3400,CLE@MIN 07/08/2026 07:40PM ET,07/08/2026 07:40PM ET,MIN,CLE,home,6.64,807712,Luke Keaschall,mapped,identity_name_team_map,Proposed from review candidates; basis=exact normalized name + team; role-compatible; hr-distance-latest.json|statcast_batter_des_2026; confidence=high; sources=hr-distance-latest.json|statcast_batter_des_2026
2026-07-08,2026-07-08T15:51:55.513256+00:00,2026-07-08,DraftKings official lineup CSV,https://www.draftkings.com/lineup/getavailableplayerscsv?contestTypeId=9&draftGroupId=150412,150412,9,Selected largest-prize regular Classic MLB draft group after excluding Turbo/Night/qualifier/satellite/showdown/snake/single-stat slates.,C,Braxton Fulford (43504897),Braxton Fulford,43504897,C,3400,COL@LAD 07/08/2026 10:10PM ET,07/08/2026 10:10PM ET,COL,LAD,away,3.48,690924,Braxton Fulford,mapped,identity_name_team_map,Stable identity seed from old DK-ID map. Pilot join status: matched via normalized_name_team
2026-07-08,2026-07-08T15:51:55.513256+00:00,2026-07-08,DraftKings official lineup CSV,https://www.draftkings.com/lineup/getavailableplayerscsv?contestTypeId=9&draftGroupId=150412,150412,9,Selected largest-prize regular Classic MLB draft group after excluding Turbo/Night/qualifier/satellite/showdown/snake/single-stat slates.,OF,Garrett Mitchell (43504900),Garrett Mitchell,43504900,OF,3400,MIL@STL 07/08/2026 07:45PM ET,07/08/2026 07:45PM ET,MIL,STL,away,7.09,669003,Garrett Mitchell,mapped,identity_name_team_map,Stable identity seed from old DK-ID map. Pilot join status: matched via normalized_name_team
2026-07-08,2026-07-08T15:51:55.513256+00:00,2026-07-08,DraftKings official lineup CSV,https://www.draftkings.com/lineup/getavailableplayerscsv?contestTypeId=9&draftGroupId=150412,150412,9,Selected largest-prize regular Classic MLB draft group after excluding Turbo/Night/qualifier/satellite/showdown/snake/single-stat slates.,SS,Xander Bogaerts (43504898),Xander Bogaerts,43504898,SS,3400,ARI@SD 07/08/2026 10:10PM ET,07/08/2026 10:10PM ET,SD,ARI,home,6.38,593428,Xander Bogaerts,mapped,identity_name_team_map,Stable identity seed from old DK-ID map. Pilot join status: matched via normalized_name_team
2026-07-08,2026-07-08T15:51:55.513256+00:00,2026-07-08,DraftKings official lineup CSV,https://www.draftkings.com/lineup/getavailableplayerscsv?contestTypeId=9&draftGroupId=150412,150412,9,Selected largest-prize regular Classic MLB draft group after excluding Turbo/Night/qualifier/satellite/showdown/snake/single-stat slates.,C,J.T. Realmuto (43504904),J.T. Realmuto,43504904,C,3300,PHI@CIN 07/08/2026 07:10PM ET,07/08/2026 07:10PM ET,PHI,CIN,away,5.53,592663,J.T. Realmuto,mapped,identity_name_team_map,Stable identity seed from old DK-ID map. Pilot join status: matched via normalized_name_team
2026-07-08,2026-07-08T15:51:55.513256+00:00,2026-07-08,DraftKings official lineup CSV,https://www.draftkings.com/lineup/getavailableplayerscsv?contestTypeId=9&draftGroupId=150412,150412,9,Selected largest-prize regular Classic MLB draft group after excluding Turbo/Night/qualifier/satellite/showdown/snake/single-stat slates.,OF,Randal Grichuk (43504911),Randal Grichuk,43504911,OF,3300,BOS@CWS 07/08/2026 07:40PM ET,07/08/2026 07:40PM ET,CWS,BOS,home,4.75,545341,Randal Grichuk,mapped,identity_name_team_map,Stable identity seed from old DK-ID map. Pilot join status: matched via normalized_name_team
2026-07-08,2026-07-08T15:51:55.513256+00:00,2026-07-08,DraftKings official lineup CSV,https://www.draftkings.com/lineup/getavailableplayerscsv?contestTypeId=9&draftGroupId=150412,150412,9,Selected largest-prize regular Classic MLB draft group after excluding Turbo/Night/qualifier/satellite/showdown/snake/single-stat slates.,1B/2B,Romy Gonzalez (43504912),Romy Gonzalez,43504912,1B/2B,3300,BOS@CWS 07/08/2026 07:40PM ET,07/08/2026 07:40PM ET,BOS,CWS,away,8.83,,,needs_review_new_player,identity_name_team_map,No reviewed normalized-name/team identity alias; do not auto-guess.
2026-07-08,2026-07-08T15:51:55.513256+00:00,2026-07-08,DraftKings official lineup CSV,https://www.draftkings.com/lineup/getavailableplayerscsv?contestTypeId=9&draftGroupId=150412,150412,9,Selected largest-prize regular Classic MLB draft group after excluding Turbo/Night/qualifier/satellite/showdown/snake/single-stat slates.,1B,Josh Bell (43504905),Josh Bell,43504905,1B,3300,CLE@MIN 07/08/2026 07:40PM ET,07/08/2026 07:40PM ET,MIN,CLE,home,7.36,605137,Josh Bell,mapped,identity_name_team_map,Proposed from review candidates; basis=exact normalized name + team; role-compatible; hr-distance-latest.json|statcast_batter_des_2026; confidence=high; sources=hr-distance-latest.json|statcast_batter_des_2026
2026-07-08,2026-07-08T15:51:55.513256+00:00,2026-07-08,DraftKings official lineup CSV,https://www.draftkings.com/lineup/getavailableplayerscsv?contestTypeId=9&draftGroupId=150412,150412,9,Selected largest-prize regular Classic MLB draft group after excluding Turbo/Night/qualifier/satellite/showdown/snake/single-stat slates.,SS,Brayan Rocchio (43504908),Brayan Rocchio,43504908,SS,3300,CLE@MIN 07/08/2026 07:40PM ET,07/08/2026 07:40PM ET,CLE,MIN,away,6.85,,,needs_review_new_player,identity_name_team_map,No reviewed normalized-name/team identity alias; do not auto-guess.
2026-07-08,2026-07-08T15:51:55.513256+00:00,2026-07-08,DraftKings official lineup CSV,https://www.draftkings.com/lineup/getavailableplayerscsv?contestTypeId=9&draftGroupId=150412,150412,9,Selected largest-prize regular Classic MLB draft group after excluding Turbo/Night/qualifier/satellite/showdown/snake/single-stat slates.,3B/OF,Kike Hernandez (43505059),Kike Hernandez,43505059,3B/OF,3300,COL@LAD 07/08/2026 10:10PM ET,07/08/2026 10:10PM ET,LAD,COL,home,15.5,,,needs_review_new_player,identity_name_team_map,No reviewed normalized-name/team identity alias; do not auto-guess.
2026-07-08,2026-07-08T15:51:55.513256+00:00,2026-07-08,DraftKings official lineup CSV,https://www.draftkings.com/lineup/getavailableplayerscsv?contestTypeId=9&draftGroupId=150412,150412,9,Selected largest-prize regular Classic MLB draft group after excluding Turbo/Night/qualifier/satellite/showdown/snake/single-stat slates.,OF,Lars Nootbaar (43504907),Lars Nootbaar,43504907,OF,3300,MIL@STL 07/08/2026 07:45PM ET,07/08/2026 07:45PM ET,STL,MIL,home,6.44,663457,Lars Nootbaar,mapped,identity_name_team_map,Stable identity seed from old DK-ID map. Pilot join status: matched via normalized_name_team
2026-07-08,2026-07-08T15:51:55.513256+00:00,2026-07-08,DraftKings official lineup CSV,https://www.draftkings.com/lineup/getavailableplayerscsv?contestTypeId=9&draftGroupId=150412,150412,9,Selected largest-prize regular Classic MLB draft group after excluding Turbo/Night/qualifier/satellite/showdown/snake/single-stat slates.,3B,Nolan Arenado (43504910),Nolan Arenado,43504910,3B,3300,ARI@SD 07/08/2026 10:10PM ET,07/08/2026 10:10PM ET,ARI,SD,away,6.33,,,needs_review_new_player,identity_name_team_map,No reviewed normalized-name/team identity alias; do not auto-guess.
2026-07-08,2026-07-08T15:51:55.513256+00:00,2026-07-08,DraftKings official lineup CSV,https://www.draftkings.com/lineup/getavailableplayerscsv?contestTypeId=9&draftGroupId=150412,150412,9,Selected largest-prize regular Classic MLB draft group after excluding Turbo/Night/qualifier/satellite/showdown/snake/single-stat slates.,OF,Lane Thomas (43504906),Lane Thomas,43504906,OF,3300,KC@NYM 07/08/2026 07:10PM ET,07/08/2026 07:10PM ET,KC,NYM,away,5.39,657041,Lane Thomas,mapped,identity_name_team_map,Stable identity seed from old DK-ID map. Pilot join status: matched via normalized_name_team
2026-07-08,2026-07-08T15:51:55.513256+00:00,2026-07-08,DraftKings official lineup CSV,https://www.draftkings.com/lineup/getavailableplayerscsv?contestTypeId=9&draftGroupId=150412,150412,9,Selected largest-prize regular Classic MLB draft group after excluding Turbo/Night/qualifier/satellite/showdown/snake/single-stat slates.,1B,Mark Vientos (43504909),Mark Vientos,43504909,1B,3300,KC@NYM 07/08/2026 07:10PM ET,07/08/2026 07:10PM ET,NYM,KC,home,5.46,668901,Mark Vientos,mapped,identity_name_team_map,Stable identity seed from old DK-ID map. Pilot join status: matched via normalized_name_team
2026-07-08,2026-07-08T15:51:55.513256+00:00,2026-07-08,DraftKings official lineup CSV,https://www.draftkings.com/lineup/getavailableplayerscsv?contestTypeId=9&draftGroupId=150412,150412,9,Selected largest-prize regular Classic MLB draft group after excluding Turbo/Night/qualifier/satellite/showdown/snake/single-stat slates.,2B,Marcus Semien (43505061),Marcus Semien,43505061,2B,3300,KC@NYM 07/08/2026 07:10PM ET,07/08/2026 07:10PM ET,NYM,KC,home,5.82,543760,Marcus Semien,mapped,identity_name_team_map,Stable identity seed from old DK-ID map. Pilot join status: matched via normalized_name_team
2026-07-08,2026-07-08T15:51:55.513256+00:00,2026-07-08,DraftKings official lineup CSV,https://www.draftkings.com/lineup/getavailableplayerscsv?contestTypeId=9&draftGroupId=150412,150412,9,Selected largest-prize regular Classic MLB draft group after excluding Turbo/Night/qualifier/satellite/showdown/snake/single-stat slates.,3B,Alec Bohm (43504915),Alec Bohm,43504915,3B,3200,PHI@CIN 07/08/2026 07:10PM ET,07/08/2026 07:10PM ET,PHI,CIN,away,6.13,664761,Alec Bohm,mapped,identity_name_team_map,Stable identity seed from old DK-ID map. Pilot join status: matched via normalized_name_team
2026-07-08,2026-07-08T15:51:55.513256+00:00,2026-07-08,DraftKings official lineup CSV,https://www.draftkings.com/lineup/getavailableplayerscsv?contestTypeId=9&draftGroupId=150412,150412,9,Selected largest-prize regular Classic MLB draft group after excluding Turbo/Night/qualifier/satellite/showdown/snake/single-stat slates.,OF,Masataka Yoshida (43504918),Masataka Yoshida,43504918,OF,3200,BOS@CWS 07/08/2026 07:40PM ET,07/08/2026 07:40PM ET,BOS,CWS,away,4.84,,,needs_review_new_player,identity_name_team_map,No reviewed normalized-name/team identity alias; do not auto-guess.
2026-07-08,2026-07-08T15:51:55.513256+00:00,2026-07-08,DraftKings official lineup CSV,https://www.draftkings.com/lineup/getavailableplayerscsv?contestTypeId=9&draftGroupId=150412,150412,9,Selected largest-prize regular Classic MLB draft group after excluding Turbo/Night/qualifier/satellite/showdown/snake/single-stat slates.,OF,Austin Martin (43504917),Austin Martin,43504917,OF,3200,CLE@MIN 07/08/2026 07:40PM ET,07/08/2026 07:40PM ET,MIN,CLE,home,5.41,668885,Austin Martin,mapped,identity_name_team_map,Proposed from review candidates; basis=exact normalized name + team; role-compatible; hr-distance-latest.json|statcast_batter_des_2026; confidence=high; sources=hr-distance-latest.json|statcast_batter_des_2026
2026-07-08,2026-07-08T15:51:55.513256+00:00,2026-07-08,DraftKings official lineup CSV,https://www.draftkings.com/lineup/getavailableplayerscsv?contestTypeId=9&draftGroupId=150412,150412,9,Selected largest-prize regular Classic MLB draft group after excluding Turbo/Night/qualifier/satellite/showdown/snake/single-stat slates.,OF,Chase DeLauter (43504920),Chase DeLauter,43504920,OF,3200,CLE@MIN 07/08/2026 07:40PM ET,07/08/2026 07:40PM ET,CLE,MIN,away,7.16,,,needs_review_new_player,identity_name_team_map,No reviewed normalized-name/team identity alias; do not auto-guess.
2026-07-08,2026-07-08T15:51:55.513256+00:00,2026-07-08,DraftKings official lineup CSV,https://www.draftkings.com/lineup/getavailableplayerscsv?contestTypeId=9&draftGroupId=150412,150412,9,Selected largest-prize regular Classic MLB draft group after excluding Turbo/Night/qualifier/satellite/showdown/snake/single-stat slates.,2B,Edouard Julien (43504916),Edouard Julien,43504916,2B,3200,COL@LAD 07/08/2026 10:10PM ET,07/08/2026 10:10PM ET,COL,LAD,away,4.84,666397,Edouard Julien,mapped,identity_name_team_map,Stable identity seed from old DK-ID map. Pilot join status: matched via normalized_name_team
2026-07-08,2026-07-08T15:51:55.513256+00:00,2026-07-08,DraftKings official lineup CSV,https://www.draftkings.com/lineup/getavailableplayerscsv?contestTypeId=9&draftGroupId=150412,150412,9,Selected largest-prize regular Classic MLB draft group after excluding Turbo/Night/qualifier/satellite/showdown/snake/single-stat slates.,1B,Blaine Crim (43505062),Blaine Crim,43505062,1B,3200,COL@LAD 07/08/2026 10:10PM ET,07/08/2026 10:10PM ET,COL,LAD,away,0,688760,Blaine Crim,needs_review_team_change,identity_name_unique_mlbam,Name maps to one reviewed MLBAM identity but not this DK team; review as team-change/new alias before trusting automation.
2026-07-08,2026-07-08T15:51:55.513256+00:00,2026-07-08,DraftKings official lineup CSV,https://www.draftkings.com/lineup/getavailableplayerscsv?contestTypeId=9&draftGroupId=150412,150412,9,Selected largest-prize regular Classic MLB draft group after excluding Turbo/Night/qualifier/satellite/showdown/snake/single-stat slates.,OF,Nelson Velazquez (43504919),Nelson Velazquez,43504919,OF,3200,MIL@STL 07/08/2026 07:45PM ET,07/08/2026 07:45PM ET,STL,MIL,home,6.09,676369,Nelson Velázquez,mapped,identity_name_team_map,Stable identity seed from old DK-ID map. Pilot join status: matched via normalized_name_team
2026-07-08,2026-07-08T15:51:55.513256+00:00,2026-07-08,DraftKings official lineup CSV,https://www.draftkings.com/lineup/getavailableplayerscsv?contestTypeId=9&draftGroupId=150412,150412,9,Selected largest-prize regular Classic MLB draft group after excluding Turbo/Night/qualifier/satellite/showdown/snake/single-stat slates.,SS,Cooper Pratt (43504921),Cooper Pratt,43504921,SS,3200,MIL@STL 07/08/2026 07:45PM ET,07/08/2026 07:45PM ET,MIL,STL,away,6.4,806198,Cooper Pratt,mapped,identity_name_team_map,Stable identity seed from old DK-ID map. Pilot join status: matched_people_search_name via mlb_people_search_normalized_name
2026-07-08,2026-07-08T15:51:55.513256+00:00,2026-07-08,DraftKings official lineup CSV,https://www.draftkings.com/lineup/getavailableplayerscsv?contestTypeId=9&draftGroupId=150412,150412,9,Selected largest-prize regular Classic MLB draft group after excluding Turbo/Night/qualifier/satellite/showdown/snake/single-stat slates.,C,Francisco Alvarez (43504914),Francisco Alvarez,43504914,C,3200,KC@NYM 07/08/2026 07:10PM ET,07/08/2026 07:10PM ET,NYM,KC,home,5.63,682626,Francisco Alvarez,mapped,identity_name_team_map,Stable identity seed from old DK-ID map. Pilot join status: matched via normalized_name_team
2026-07-08,2026-07-08T15:51:55.513256+00:00,2026-07-08,DraftKings official lineup CSV,https://www.draftkings.com/lineup/getavailableplayerscsv?contestTypeId=9&draftGroupId=150412,150412,9,Selected largest-prize regular Classic MLB draft group after excluding Turbo/Night/qualifier/satellite/showdown/snake/single-stat slates.,1B,Joc Pederson (43504925),Joc Pederson,43504925,1B,3100,LAA@TEX 07/08/2026 08:05PM ET,07/08/2026 08:05PM ET,TEX,LAA,home,5.96,592626,Joc Pederson,mapped,identity_name_team_map,Stable identity seed from old DK-ID map. Pilot join status: matched via normalized_name_team
2026-07-08,2026-07-08T15:51:55.513256+00:00,2026-07-08,DraftKings official lineup CSV,https://www.draftkings.com/lineup/getavailableplayerscsv?contestTypeId=9&draftGroupId=150412,150412,9,Selected largest-prize regular Classic MLB draft group after excluding Turbo/Night/qualifier/satellite/showdown/snake/single-stat slates.,C,Tyler Stephenson (43504922),Tyler Stephenson,43504922,C,3100,PHI@CIN 07/08/2026 07:10PM ET,07/08/2026 07:10PM ET,CIN,PHI,home,5.10,663886,Tyler Stephenson,mapped,identity_name_team_map,Stable identity seed from old DK-ID map. Pilot join status: matched via normalized_name_team
2026-07-08,2026-07-08T15:51:55.513256+00:00,2026-07-08,DraftKings official lineup CSV,https://www.draftkings.com/lineup/getavailableplayerscsv?contestTypeId=9&draftGroupId=150412,150412,9,Selected largest-prize regular Classic MLB draft group after excluding Turbo/Night/qualifier/satellite/showdown/snake/single-stat slates.,2B/SS,Matt McLain (43504923),Matt McLain,43504923,2B/SS,3100,PHI@CIN 07/08/2026 07:10PM ET,07/08/2026 07:10PM ET,CIN,PHI,home,5.77,680574,Matt McLain,mapped,identity_name_team_map,Stable identity seed from old DK-ID map. Pilot join status: matched via normalized_name_team
2026-07-08,2026-07-08T15:51:55.513256+00:00,2026-07-08,DraftKings official lineup CSV,https://www.draftkings.com/lineup/getavailableplayerscsv?contestTypeId=9&draftGroupId=150412,150412,9,Selected largest-prize regular Classic MLB draft group after excluding Turbo/Night/qualifier/satellite/showdown/snake/single-stat slates.,OF,Justin Crawford (43504926),Justin Crawford,43504926,OF,3100,PHI@CIN 07/08/2026 07:10PM ET,07/08/2026 07:10PM ET,PHI,CIN,away,5.02,702222,Justin Crawford,mapped,identity_name_team_map,Stable identity seed from old DK-ID map. Pilot join status: matched via normalized_name_team
2026-07-08,2026-07-08T15:51:55.513256+00:00,2026-07-08,DraftKings official lineup CSV,https://www.draftkings.com/lineup/getavailableplayerscsv?contestTypeId=9&draftGroupId=150412,150412,9,Selected largest-prize regular Classic MLB draft group after excluding Turbo/Night/qualifier/satellite/showdown/snake/single-stat slates.,3B,Caleb Durbin (43504928),Caleb Durbin,43504928,3B,3100,BOS@CWS 07/08/2026 07:40PM ET,07/08/2026 07:40PM ET,BOS,CWS,away,6.18,,,needs_review_new_player,identity_name_team_map,No reviewed normalized-name/team identity alias; do not auto-guess.
2026-07-08,2026-07-08T15:51:55.513256+00:00,2026-07-08,DraftKings official lineup CSV,https://www.draftkings.com/lineup/getavailableplayerscsv?contestTypeId=9&draftGroupId=150412,150412,9,Selected largest-prize regular Classic MLB draft group after excluding Turbo/Night/qualifier/satellite/showdown/snake/single-stat slates.,OF,Braden Montgomery (43504929),Braden Montgomery,43504929,OF,3100,BOS@CWS 07/08/2026 07:40PM ET,07/08/2026 07:40PM ET,CWS,BOS,home,6.33,695731,Braden Montgomery,mapped,identity_name_team_map,Resolved via MLB Stats API all-players list and Pipeline prospect board context; DK team CWS.
2026-07-08,2026-07-08T15:51:55.513256+00:00,2026-07-08,DraftKings official lineup CSV,https://www.draftkings.com/lineup/getavailableplayerscsv?contestTypeId=9&draftGroupId=150412,150412,9,Selected largest-prize regular Classic MLB draft group after excluding Turbo/Night/qualifier/satellite/showdown/snake/single-stat slates.,OF,Everson Pereira (43505064),Everson Pereira,43505064,OF,3100,BOS@CWS 07/08/2026 07:40PM ET,07/08/2026 07:40PM ET,CWS,BOS,home,5.90,677592,Everson Pereira,mapped,identity_name_team_map,Stable identity seed from old DK-ID map. Pilot join status: matched via normalized_name_team
2026-07-08,2026-07-08T15:51:55.513256+00:00,2026-07-08,DraftKings official lineup CSV,https://www.draftkings.com/lineup/getavailableplayerscsv?contestTypeId=9&draftGroupId=150412,150412,9,Selected largest-prize regular Classic MLB draft group after excluding Turbo/Night/qualifier/satellite/showdown/snake/single-stat slates.,OF,Sal Frelick (43504930),Sal Frelick,43504930,OF,3100,MIL@STL 07/08/2026 07:45PM ET,07/08/2026 07:45PM ET,MIL,STL,away,5.24,686217,Sal Frelick,mapped,identity_name_team_map,Stable identity seed from old DK-ID map. Pilot join status: matched via normalized_name_team
2026-07-08,2026-07-08T15:51:55.513256+00:00,2026-07-08,DraftKings official lineup CSV,https://www.draftkings.com/lineup/getavailableplayerscsv?contestTypeId=9&draftGroupId=150412,150412,9,Selected largest-prize regular Classic MLB draft group after excluding Turbo/Night/qualifier/satellite/showdown/snake/single-stat slates.,3B,Ramon Urias (43505065),Ramon Urias,43505065,3B,3100,MIL@STL 07/08/2026 07:45PM ET,07/08/2026 07:45PM ET,STL,MIL,home,3.8,602104,Ramón Urías,mapped,identity_name_team_map,Stable identity seed from old DK-ID map. Pilot join status: matched via normalized_name_team
2026-07-08,2026-07-08T15:51:55.513256+00:00,2026-07-08,DraftKings official lineup CSV,https://www.draftkings.com/lineup/getavailableplayerscsv?contestTypeId=9&draftGroupId=150412,150412,9,Selected largest-prize regular Classic MLB draft group after excluding Turbo/Night/qualifier/satellite/showdown/snake/single-stat slates.,1B,Ty France (43504927),Ty France,43504927,1B,3100,ARI@SD 07/08/2026 10:10PM ET,07/08/2026 10:10PM ET,SD,ARI,home,5.78,664034,Ty France,mapped,identity_name_team_map,Stable identity seed from old DK-ID map. Pilot join status: matched via normalized_name_team
2026-07-08,2026-07-08T15:51:55.513256+00:00,2026-07-08,DraftKings official lineup CSV,https://www.draftkings.com/lineup/getavailableplayerscsv?contestTypeId=9&draftGroupId=150412,150412,9,Selected largest-prize regular Classic MLB draft group after excluding Turbo/Night/qualifier/satellite/showdown/snake/single-stat slates.,OF,John Rave (43505063),John Rave,43505063,OF,3100,KC@NYM 07/08/2026 07:10PM ET,07/08/2026 07:10PM ET,KC,NYM,away,4.67,670231,John Rave,mapped,identity_name_team_map,Stable identity seed from old DK-ID map. Pilot join status: matched_people_search_name via mlb_people_search_normalized_name
2026-07-08,2026-07-08T15:51:55.513256+00:00,2026-07-08,DraftKings official lineup CSV,https://www.draftkings.com/lineup/getavailableplayerscsv?contestTypeId=9&draftGroupId=150412,150412,9,Selected largest-prize regular Classic MLB draft group after excluding Turbo/Night/qualifier/satellite/showdown/snake/single-stat slates.,2B,Oswald Peraza (43504932),Oswald Peraza,43504932,2B,3000,LAA@TEX 07/08/2026 08:05PM ET,07/08/2026 08:05PM ET,LAA,TEX,away,5.58,672724,Oswald Peraza,mapped,identity_name_team_map,Stable identity seed from old DK-ID map. Pilot join status: matched via normalized_name_team
2026-07-08,2026-07-08T15:51:55.513256+00:00,2026-07-08,DraftKings official lineup CSV,https://www.draftkings.com/lineup/getavailableplayerscsv?contestTypeId=9&draftGroupId=150412,150412,9,Selected largest-prize regular Classic MLB draft group after excluding Turbo/Night/qualifier/satellite/showdown/snake/single-stat slates.,OF,Evan Carter (43504937),Evan Carter,43504937,OF,3000,LAA@TEX 07/08/2026 08:05PM ET,07/08/2026 08:05PM ET,TEX,LAA,home,5.67,694497,Evan Carter,mapped,identity_name_team_map,Stable identity seed from old DK-ID map. Pilot join status: matched via normalized_name_team
2026-07-08,2026-07-08T15:51:55.513256+00:00,2026-07-08,DraftKings official lineup CSV,https://www.draftkings.com/lineup/getavailableplayerscsv?contestTypeId=9&draftGroupId=150412,150412,9,Selected largest-prize regular Classic MLB draft group after excluding Turbo/Night/qualifier/satellite/showdown/snake/single-stat slates.,1B,Nolan Schanuel (43504942),Nolan Schanuel,43504942,1B,3000,LAA@TEX 07/08/2026 08:05PM ET,07/08/2026 08:05PM ET,LAA,TEX,away,6.19,694384,Nolan Schanuel,mapped,identity_name_team_map,Stable identity seed from old DK-ID map. Pilot join status: matched via normalized_name_team
2026-07-08,2026-07-08T15:51:55.513256+00:00,2026-07-08,DraftKings official lineup CSV,https://www.draftkings.com/lineup/getavailableplayerscsv?contestTypeId=9&draftGroupId=150412,150412,9,Selected largest-prize regular Classic MLB draft group after excluding Turbo/Night/qualifier/satellite/showdown/snake/single-stat slates.,OF,Noelvi Marte (43504936),Noelvi Marte,43504936,OF,3000,PHI@CIN 07/08/2026 07:10PM ET,07/08/2026 07:10PM ET,CIN,PHI,home,5.31,682622,Noelvi Marte,mapped,identity_name_team_map,Stable identity seed from old DK-ID map. Pilot join status: matched via normalized_name_team
2026-07-08,2026-07-08T15:51:55.513256+00:00,2026-07-08,DraftKings official lineup CSV,https://www.draftkings.com/lineup/getavailableplayerscsv?contestTypeId=9&draftGroupId=150412,150412,9,Selected largest-prize regular Classic MLB draft group after excluding Turbo/Night/qualifier/satellite/showdown/snake/single-stat slates.,3B/OF,Edmundo Sosa (43504944),Edmundo Sosa,43504944,3B/OF,3000,PHI@CIN 07/08/2026 07:10PM ET,07/08/2026 07:10PM ET,PHI,CIN,away,5.16,624641,Edmundo Sosa,mapped,identity_name_team_map,Stable identity seed from old DK-ID map. Pilot join status: matched via normalized_name_team
2026-07-08,2026-07-08T15:51:55.513256+00:00,2026-07-08,DraftKings official lineup CSV,https://www.draftkings.com/lineup/getavailableplayerscsv?contestTypeId=9&draftGroupId=150412,150412,9,Selected largest-prize regular Classic MLB draft group after excluding Turbo/Night/qualifier/satellite/showdown/snake/single-stat slates.,1B,Rhys Hoskins (43504935),Rhys Hoskins,43504935,1B,3000,CLE@MIN 07/08/2026 07:40PM ET,07/08/2026 07:40PM ET,CLE,MIN,away,5.38,,,needs_review_new_player,identity_name_team_map,No reviewed normalized-name/team identity alias; do not auto-guess.
2026-07-08,2026-07-08T15:51:55.513256+00:00,2026-07-08,DraftKings official lineup CSV,https://www.draftkings.com/lineup/getavailableplayerscsv?contestTypeId=9&draftGroupId=150412,150412,9,Selected largest-prize regular Classic MLB draft group after excluding Turbo/Night/qualifier/satellite/showdown/snake/single-stat slates.,OF/SS,Ryan Kreidler (43504939),Ryan Kreidler,43504939,SS/OF,3000,CLE@MIN 07/08/2026 07:40PM ET,07/08/2026 07:40PM ET,MIN,CLE,home,5.29,668952,Ryan Kreidler,mapped,identity_name_team_map,Proposed from review candidates; basis=exact normalized name + team; role-compatible; statcast_batter_des_2026; confidence=high; sources=statcast_batter_des_2026
2026-07-08,2026-07-08T15:51:55.513256+00:00,2026-07-08,DraftKings official lineup CSV,https://www.draftkings.com/lineup/getavailableplayerscsv?contestTypeId=9&draftGroupId=150412,150412,9,Selected largest-prize regular Classic MLB draft group after excluding Turbo/Night/qualifier/satellite/showdown/snake/single-stat slates.,OF,Alex Call (43504941),Alex Call,43504941,OF,3000,COL@LAD 07/08/2026 10:10PM ET,07/08/2026 10:10PM ET,LAD,COL,home,4.08,,,needs_review_new_player,identity_name_team_map,No reviewed normalized-name/team identity alias; do not auto-guess.
2026-07-08,2026-07-08T15:51:55.513256+00:00,2026-07-08,DraftKings official lineup CSV,https://www.draftkings.com/lineup/getavailableplayerscsv?contestTypeId=9&draftGroupId=150412,150412,9,Selected largest-prize regular Classic MLB draft group after excluding Turbo/Night/qualifier/satellite/showdown/snake/single-stat slates.,3B,Kyle Karros (43504943),Kyle Karros,43504943,3B,3000,COL@LAD 07/08/2026 10:10PM ET,07/08/2026 10:10PM ET,COL,LAD,away,6.23,691720,Kyle Karros,mapped,identity_name_team_map,Stable identity seed from old DK-ID map. Pilot join status: matched via normalized_name_team
2026-07-08,2026-07-08T15:51:55.513256+00:00,2026-07-08,DraftKings official lineup CSV,https://www.draftkings.com/lineup/getavailableplayerscsv?contestTypeId=9&draftGroupId=150412,150412,9,Selected largest-prize regular Classic MLB draft group after excluding Turbo/Night/qualifier/satellite/showdown/snake/single-stat slates.,2B,Hyeseong Kim (43505067),Hyeseong Kim,43505067,2B,3000,COL@LAD 07/08/2026 10:10PM ET,07/08/2026 10:10PM ET,LAD,COL,home,4.91,,,needs_review_new_player,identity_name_team_map,No reviewed normalized-name/team identity alias; do not auto-guess.
2026-07-08,2026-07-08T15:51:55.513256+00:00,2026-07-08,DraftKings official lineup CSV,https://www.draftkings.com/lineup/getavailableplayerscsv?contestTypeId=9&draftGroupId=150412,150412,9,Selected largest-prize regular Classic MLB draft group after excluding Turbo/Night/qualifier/satellite/showdown/snake/single-stat slates.,OF,Sterlin Thompson (43505068),Sterlin Thompson,43505068,OF,3000,COL@LAD 07/08/2026 10:10PM ET,07/08/2026 10:10PM ET,COL,LAD,away,4.44,694514,Sterlin Thompson,mapped,identity_name_team_map,Stable identity seed from old DK-ID map. Pilot join status: matched via normalized_name_team
2026-07-08,2026-07-08T15:51:55.513256+00:00,2026-07-08,DraftKings official lineup CSV,https://www.draftkings.com/lineup/getavailableplayerscsv?contestTypeId=9&draftGroupId=150412,150412,9,Selected largest-prize regular Classic MLB draft group after excluding Turbo/Night/qualifier/satellite/showdown/snake/single-stat slates.,2B/OF,Bryan Torres (43504933),Bryan Torres,43504933,2B/OF,3000,MIL@STL 07/08/2026 07:45PM ET,07/08/2026 07:45PM ET,STL,MIL,home,4.42,663494,Bryan Torres,mapped,identity_name_team_map,Stable identity seed from old DK-ID map. Pilot join status: matched via normalized_name_team
2026-07-08,2026-07-08T15:51:55.513256+00:00,2026-07-08,DraftKings official lineup CSV,https://www.draftkings.com/lineup/getavailableplayerscsv?contestTypeId=9&draftGroupId=150412,150412,9,Selected largest-prize regular Classic MLB draft group after excluding Turbo/Night/qualifier/satellite/showdown/snake/single-stat slates.,OF,Nathan Church (43504946),Nathan Church,43504946,OF,3000,MIL@STL 07/08/2026 07:45PM ET,07/08/2026 07:45PM ET,STL,MIL,home,5.81,701675,Nathan Church,mapped,identity_name_team_map,Stable identity seed from old DK-ID map. Pilot join status: matched via normalized_name_team
2026-07-08,2026-07-08T15:51:55.513256+00:00,2026-07-08,DraftKings official lineup CSV,https://www.draftkings.com/lineup/getavailableplayerscsv?contestTypeId=9&draftGroupId=150412,150412,9,Selected largest-prize regular Classic MLB draft group after excluding Turbo/Night/qualifier/satellite/showdown/snake/single-stat slates.,OF,Brandon Lockridge (43505069),Brandon Lockridge,43505069,OF,3000,MIL@STL 07/08/2026 07:45PM ET,07/08/2026 07:45PM ET,MIL,STL,away,6.07,663604,Brandon Lockridge,mapped,identity_name_team_map,Stable identity seed from old DK-ID map. Pilot join status: matched via normalized_name_team
2026-07-08,2026-07-08T15:51:55.513256+00:00,2026-07-08,DraftKings official lineup CSV,https://www.draftkings.com/lineup/getavailableplayerscsv?contestTypeId=9&draftGroupId=150412,150412,9,Selected largest-prize regular Classic MLB draft group after excluding Turbo/Night/qualifier/satellite/showdown/snake/single-stat slates.,C,Luis Campusano (43504931),Luis Campusano,43504931,C,3000,ARI@SD 07/08/2026 10:10PM ET,07/08/2026 10:10PM ET,SD,ARI,home,6.59,669134,Luis Campusano,mapped,identity_name_team_map,Stable identity seed from old DK-ID map. Pilot join status: matched via normalized_name_team
2026-07-08,2026-07-08T15:51:55.513256+00:00,2026-07-08,DraftKings official lineup CSV,https://www.draftkings.com/lineup/getavailableplayerscsv?contestTypeId=9&draftGroupId=150412,150412,9,Selected largest-prize regular Classic MLB draft group after excluding Turbo/Night/qualifier/satellite/showdown/snake/single-stat slates.,OF,Lourdes Gurriel Jr. (43504947),Lourdes Gurriel Jr.,43504947,OF,3000,ARI@SD 07/08/2026 10:10PM ET,07/08/2026 10:10PM ET,ARI,SD,away,5.31,,,needs_review_new_player,identity_name_team_map,No reviewed normalized-name/team identity alias; do not auto-guess.
2026-07-08,2026-07-08T15:51:55.513256+00:00,2026-07-08,DraftKings official lineup CSV,https://www.draftkings.com/lineup/getavailableplayerscsv?contestTypeId=9&draftGroupId=150412,150412,9,Selected largest-prize regular Classic MLB draft group after excluding Turbo/Night/qualifier/satellite/showdown/snake/single-stat slates.,OF,Jordan Lawlar (43505070),Jordan Lawlar,43505070,OF,3000,ARI@SD 07/08/2026 10:10PM ET,07/08/2026 10:10PM ET,ARI,SD,away,8.25,,,needs_review_new_player,identity_name_team_map,No reviewed normalized-name/team identity alias; do not auto-guess.
2026-07-08,2026-07-08T15:51:55.513256+00:00,2026-07-08,DraftKings official lineup CSV,https://www.draftkings.com/lineup/getavailableplayerscsv?contestTypeId=9&draftGroupId=150412,150412,9,Selected largest-prize regular Classic MLB draft group after excluding Turbo/Night/qualifier/satellite/showdown/snake/single-stat slates.,OF,Starling Marte (43504938),Starling Marte,43504938,OF,3000,KC@NYM 07/08/2026 07:10PM ET,07/08/2026 07:10PM ET,KC,NYM,away,4.07,516782,Starling Marte,mapped,identity_name_team_map,Stable identity seed from old DK-ID map. Pilot join status: matched via normalized_name_team
2026-07-08,2026-07-08T15:51:55.513256+00:00,2026-07-08,DraftKings official lineup CSV,https://www.draftkings.com/lineup/getavailableplayerscsv?contestTypeId=9&draftGroupId=150412,150412,9,Selected largest-prize regular Classic MLB draft group after excluding Turbo/Night/qualifier/satellite/showdown/snake/single-stat slates.,2B,Jonathan India (43505066),Jonathan India,43505066,2B,3000,KC@NYM 07/08/2026 07:10PM ET,07/08/2026 07:10PM ET,KC,NYM,away,5.41,663697,Jonathan India,mapped,identity_name_team_map,Stable identity seed from old DK-ID map. Pilot join status: matched via normalized_name_team
2026-07-08,2026-07-08T15:51:55.513256+00:00,2026-07-08,DraftKings official lineup CSV,https://www.draftkings.com/lineup/getavailableplayerscsv?contestTypeId=9&draftGroupId=150412,150412,9,Selected largest-prize regular Classic MLB draft group after excluding Turbo/Night/qualifier/satellite/showdown/snake/single-stat slates.,OF,Wade Meckler (43504952),Wade Meckler,43504952,OF,2900,LAA@TEX 07/08/2026 08:05PM ET,07/08/2026 08:05PM ET,LAA,TEX,away,5.82,685133,Wade Meckler,mapped,identity_name_team_map,Stable identity seed from old DK-ID map. Pilot join status: matched via normalized_name_team
2026-07-08,2026-07-08T15:51:55.513256+00:00,2026-07-08,DraftKings official lineup CSV,https://www.draftkings.com/lineup/getavailableplayerscsv?contestTypeId=9&draftGroupId=150412,150412,9,Selected largest-prize regular Classic MLB draft group after excluding Turbo/Night/qualifier/satellite/showdown/snake/single-stat slates.,OF,Dane Myers (43505071),Dane Myers,43505071,OF,2900,PHI@CIN 07/08/2026 07:10PM ET,07/08/2026 07:10PM ET,CIN,PHI,home,3.97,667472,Dane Myers,mapped,identity_name_team_map,Stable identity seed from old DK-ID map. Pilot join status: matched via normalized_name_team
2026-07-08,2026-07-08T15:51:55.513256+00:00,2026-07-08,DraftKings official lineup CSV,https://www.draftkings.com/lineup/getavailableplayerscsv?contestTypeId=9&draftGroupId=150412,150412,9,Selected largest-prize regular Classic MLB draft group after excluding Turbo/Night/qualifier/satellite/showdown/snake/single-stat slates.,C,Drew Romo (43504948),Drew Romo,43504948,C,2900,BOS@CWS 07/08/2026 07:40PM ET,07/08/2026 07:40PM ET,CWS,BOS,home,4.73,691011,Drew Romo,mapped,identity_name_team_map,Stable identity seed from old DK-ID map. Pilot join status: matched via normalized_name_team
2026-07-08,2026-07-08T15:51:55.513256+00:00,2026-07-08,DraftKings official lineup CSV,https://www.draftkings.com/lineup/getavailableplayerscsv?contestTypeId=9&draftGroupId=150412,150412,9,Selected largest-prize regular Classic MLB draft group after excluding Turbo/Night/qualifier/satellite/showdown/snake/single-stat slates.,2B,Anthony Seigler (43504950),Anthony Seigler,43504950,2B,2900,BOS@CWS 07/08/2026 07:40PM ET,07/08/2026 07:40PM ET,BOS,CWS,away,7.06,,,needs_review_new_player,identity_name_team_map,No reviewed normalized-name/team identity alias; do not auto-guess.
2026-07-08,2026-07-08T15:51:55.513256+00:00,2026-07-08,DraftKings official lineup CSV,https://www.draftkings.com/lineup/getavailableplayerscsv?contestTypeId=9&draftGroupId=150412,150412,9,Selected largest-prize regular Classic MLB draft group after excluding Turbo/Night/qualifier/satellite/showdown/snake/single-stat slates.,OF,Nate Eaton (43504955),Nate Eaton,43504955,OF,2900,BOS@CWS 07/08/2026 07:40PM ET,07/08/2026 07:40PM ET,BOS,CWS,away,5.08,,,needs_review_new_player,identity_name_team_map,No reviewed normalized-name/team identity alias; do not auto-guess.
2026-07-08,2026-07-08T15:51:55.513256+00:00,2026-07-08,DraftKings official lineup CSV,https://www.draftkings.com/lineup/getavailableplayerscsv?contestTypeId=9&draftGroupId=150412,150412,9,Selected largest-prize regular Classic MLB draft group after excluding Turbo/Night/qualifier/satellite/showdown/snake/single-stat slates.,OF,Austin Hays (43505072),Austin Hays,43505072,OF,2900,BOS@CWS 07/08/2026 07:40PM ET,07/08/2026 07:40PM ET,CWS,BOS,home,5.08,669720,Austin Hays,mapped,identity_name_team_map,Stable identity seed from old DK-ID map. Pilot join status: matched via normalized_name_team
2026-07-08,2026-07-08T15:51:55.513256+00:00,2026-07-08,DraftKings official lineup CSV,https://www.draftkings.com/lineup/getavailableplayerscsv?contestTypeId=9&draftGroupId=150412,150412,9,Selected largest-prize regular Classic MLB draft group after excluding Turbo/Night/qualifier/satellite/showdown/snake/single-stat slates.,1B,Kyle Manzardo (43504951),Kyle Manzardo,43504951,1B,2900,CLE@MIN 07/08/2026 07:40PM ET,07/08/2026 07:40PM ET,CLE,MIN,away,5.45,,,needs_review_new_player,identity_name_team_map,No reviewed normalized-name/team identity alias; do not auto-guess.
2026-07-08,2026-07-08T15:51:55.513256+00:00,2026-07-08,DraftKings official lineup CSV,https://www.draftkings.com/lineup/getavailableplayerscsv?contestTypeId=9&draftGroupId=150412,150412,9,Selected largest-prize regular Classic MLB draft group after excluding Turbo/Night/qualifier/satellite/showdown/snake/single-stat slates.,OF,David Fry (43504954),David Fry,43504954,OF,2900,CLE@MIN 07/08/2026 07:40PM ET,07/08/2026 07:40PM ET,CLE,MIN,away,3.74,,,needs_review_new_player,identity_name_team_map,No reviewed normalized-name/team identity alias; do not auto-guess.
2026-07-08,2026-07-08T15:51:55.513256+00:00,2026-07-08,DraftKings official lineup CSV,https://www.draftkings.com/lineup/getavailableplayerscsv?contestTypeId=9&draftGroupId=150412,150412,9,Selected largest-prize regular Classic MLB draft group after excluding Turbo/Night/qualifier/satellite/showdown/snake/single-stat slates.,2B,Alex Freeland (43504953),Alex Freeland,43504953,2B,2900,COL@LAD 07/08/2026 10:10PM ET,07/08/2026 10:10PM ET,LAD,COL,home,4.70,,,needs_review_new_player,identity_name_team_map,No reviewed normalized-name/team identity alias; do not auto-guess.
2026-07-08,2026-07-08T15:51:55.513256+00:00,2026-07-08,DraftKings official lineup CSV,https://www.draftkings.com/lineup/getavailableplayerscsv?contestTypeId=9&draftGroupId=150412,150412,9,Selected largest-prize regular Classic MLB draft group after excluding Turbo/Night/qualifier/satellite/showdown/snake/single-stat slates.,3B,David Hamilton (43504949),David Hamilton,43504949,3B,2900,MIL@STL 07/08/2026 07:45PM ET,07/08/2026 07:45PM ET,MIL,STL,away,5.65,666152,David Hamilton,mapped,identity_name_team_map,Stable identity seed from old DK-ID map. Pilot join status: matched via normalized_name_team
2026-07-08,2026-07-08T15:51:55.513256+00:00,2026-07-08,DraftKings official lineup CSV,https://www.draftkings.com/lineup/getavailableplayerscsv?contestTypeId=9&draftGroupId=150412,150412,9,Selected largest-prize regular Classic MLB draft group after excluding Turbo/Night/qualifier/satellite/showdown/snake/single-stat slates.,2B/SS,Sung-Mun Song (43504956),Sung-Mun Song,43504956,2B/SS,2900,ARI@SD 07/08/2026 10:10PM ET,07/08/2026 10:10PM ET,SD,ARI,home,4.32,823550,Sung-Mun Song,mapped,identity_name_team_map,Stable identity seed from old DK-ID map. Pilot join status: matched via normalized_name_team
2026-07-08,2026-07-08T15:51:55.513256+00:00,2026-07-08,DraftKings official lineup CSV,https://www.draftkings.com/lineup/getavailableplayerscsv?contestTypeId=9&draftGroupId=150412,150412,9,Selected largest-prize regular Classic MLB draft group after excluding Turbo/Night/qualifier/satellite/showdown/snake/single-stat slates.,C,Elias Diaz (43504958),Elias Diaz,43504958,C,2800,LAA@TEX 07/08/2026 08:05PM ET,07/08/2026 08:05PM ET,TEX,LAA,home,5,553869,Elias Díaz,mapped,identity_name_team_map,Stable identity seed from old DK-ID map. Pilot join status: matched via normalized_name_team
2026-07-08,2026-07-08T15:51:55.513256+00:00,2026-07-08,DraftKings official lineup CSV,https://www.draftkings.com/lineup/getavailableplayerscsv?contestTypeId=9&draftGroupId=150412,150412,9,Selected largest-prize regular Classic MLB draft group after excluding Turbo/Night/qualifier/satellite/showdown/snake/single-stat slates.,2B,Donovan Walton (43504965),Donovan Walton,43504965,2B,2800,LAA@TEX 07/08/2026 08:05PM ET,07/08/2026 08:05PM ET,LAA,TEX,away,5.81,622268,Donovan Walton,mapped,identity_name_team_map,Stable identity seed from old DK-ID map. Pilot join status: matched via normalized_name_team
2026-07-08,2026-07-08T15:51:55.513256+00:00,2026-07-08,DraftKings official lineup CSV,https://www.draftkings.com/lineup/getavailableplayerscsv?contestTypeId=9&draftGroupId=150412,150412,9,Selected largest-prize regular Classic MLB draft group after excluding Turbo/Night/qualifier/satellite/showdown/snake/single-stat slates.,C,Kyle Higashioka (43504969),Kyle Higashioka,43504969,C,2800,LAA@TEX 07/08/2026 08:05PM ET,07/08/2026 08:05PM ET,TEX,LAA,home,4.74,543309,Kyle Higashioka,mapped,identity_name_team_map,Stable identity seed from old DK-ID map. Pilot join status: matched via normalized_name_team
2026-07-08,2026-07-08T15:51:55.513256+00:00,2026-07-08,DraftKings official lineup CSV,https://www.draftkings.com/lineup/getavailableplayerscsv?contestTypeId=9&draftGroupId=150412,150412,9,Selected largest-prize regular Classic MLB draft group after excluding Turbo/Night/qualifier/satellite/showdown/snake/single-stat slates.,OF,TJ Friedl (43504963),TJ Friedl,43504963,OF,2800,PHI@CIN 07/08/2026 07:10PM ET,07/08/2026 07:10PM ET,CIN,PHI,home,4.54,670770,TJ Friedl,mapped,identity_name_team_map,Stable identity seed from old DK-ID map. Pilot join status: matched via normalized_name_team
2026-07-08,2026-07-08T15:51:55.513256+00:00,2026-07-08,DraftKings official lineup CSV,https://www.draftkings.com/lineup/getavailableplayerscsv?contestTypeId=9&draftGroupId=150412,150412,9,Selected largest-prize regular Classic MLB draft group after excluding Turbo/Night/qualifier/satellite/showdown/snake/single-stat slates.,OF,Tristan Peters (43504966),Tristan Peters,43504966,OF,2800,BOS@CWS 07/08/2026 07:40PM ET,07/08/2026 07:40PM ET,CWS,BOS,home,5.69,671976,Tristan Peters,mapped,identity_name_team_map,Stable identity seed from old DK-ID map. Pilot join status: matched via normalized_name_team
2026-07-08,2026-07-08T15:51:55.513256+00:00,2026-07-08,DraftKings official lineup CSV,https://www.draftkings.com/lineup/getavailableplayerscsv?contestTypeId=9&draftGroupId=150412,150412,9,Selected largest-prize regular Classic MLB draft group after excluding Turbo/Night/qualifier/satellite/showdown/snake/single-stat slates.,OF,Steven Kwan (43504967),Steven Kwan,43504967,OF,2800,CLE@MIN 07/08/2026 07:40PM ET,07/08/2026 07:40PM ET,CLE,MIN,away,5.13,,,needs_review_new_player,identity_name_team_map,No reviewed normalized-name/team identity alias; do not auto-guess.
2026-07-08,2026-07-08T15:51:55.513256+00:00,2026-07-08,DraftKings official lineup CSV,https://www.draftkings.com/lineup/getavailableplayerscsv?contestTypeId=9&draftGroupId=150412,150412,9,Selected largest-prize regular Classic MLB draft group after excluding Turbo/Night/qualifier/satellite/showdown/snake/single-stat slates.,SS,Tristan Gray (43504970),Tristan Gray,43504970,SS,2800,CLE@MIN 07/08/2026 07:40PM ET,07/08/2026 07:40PM ET,MIN,CLE,home,4.52,656484,Tristan Gray,mapped,identity_name_team_map,Proposed from review candidates; basis=exact normalized name + team; role-compatible; statcast_batter_des_2026; confidence=high; sources=statcast_batter_des_2026
2026-07-08,2026-07-08T15:51:55.513256+00:00,2026-07-08,DraftKings official lineup CSV,https://www.draftkings.com/lineup/getavailableplayerscsv?contestTypeId=9&draftGroupId=150412,150412,9,Selected largest-prize regular Classic MLB draft group after excluding Turbo/Night/qualifier/satellite/showdown/snake/single-stat slates.,3B,Nolan Gorman (43505073),Nolan Gorman,43505073,3B,2800,MIL@STL 07/08/2026 07:45PM ET,07/08/2026 07:45PM ET,STL,MIL,home,5.06,669357,Nolan Gorman,mapped,identity_name_team_map,Stable identity seed from old DK-ID map. Pilot join status: matched via normalized_name_team
2026-07-08,2026-07-08T15:51:55.513256+00:00,2026-07-08,DraftKings official lineup CSV,https://www.draftkings.com/lineup/getavailableplayerscsv?contestTypeId=9&draftGroupId=150412,150412,9,Selected largest-prize regular Classic MLB draft group after excluding Turbo/Night/qualifier/satellite/showdown/snake/single-stat slates.,3B/OF,Miguel Andujar (43504959),Miguel Andujar,43504959,3B/OF,2800,ARI@SD 07/08/2026 10:10PM ET,07/08/2026 10:10PM ET,SD,ARI,home,5.16,609280,Miguel Andujar,mapped,identity_name_team_map,Stable identity seed from old DK-ID map. Pilot join status: matched via normalized_name_team
2026-07-08,2026-07-08T15:51:55.513256+00:00,2026-07-08,DraftKings official lineup CSV,https://www.draftkings.com/lineup/getavailableplayerscsv?contestTypeId=9&draftGroupId=150412,150412,9,Selected largest-prize regular Classic MLB draft group after excluding Turbo/Night/qualifier/satellite/showdown/snake/single-stat slates.,1B/2B,Ildemaro Vargas (43504961),Ildemaro Vargas,43504961,1B/2B,2800,ARI@SD 07/08/2026 10:10PM ET,07/08/2026 10:10PM ET,ARI,SD,away,6.30,,,needs_review_new_player,identity_name_team_map,No reviewed normalized-name/team identity alias; do not auto-guess.
2026-07-08,2026-07-08T15:51:55.513256+00:00,2026-07-08,DraftKings official lineup CSV,https://www.draftkings.com/lineup/getavailableplayerscsv?contestTypeId=9&draftGroupId=150412,150412,9,Selected largest-prize regular Classic MLB draft group after excluding Turbo/Night/qualifier/satellite/showdown/snake/single-stat slates.,OF,Tommy Troy (43504968),Tommy Troy,43504968,OF,2800,ARI@SD 07/08/2026 10:10PM ET,07/08/2026 10:10PM ET,ARI,SD,away,5.22,,,needs_review_new_player,identity_name_team_map,No reviewed normalized-name/team identity alias; do not auto-guess.
2026-07-08,2026-07-08T15:51:55.513256+00:00,2026-07-08,DraftKings official lineup CSV,https://www.draftkings.com/lineup/getavailableplayerscsv?contestTypeId=9&draftGroupId=150412,150412,9,Selected largest-prize regular Classic MLB draft group after excluding Turbo/Night/qualifier/satellite/showdown/snake/single-stat slates.,1B/3B,Jose Fernandez (43505074),Jose Fernandez,43505074,1B/3B,2800,ARI@SD 07/08/2026 10:10PM ET,07/08/2026 10:10PM ET,ARI,SD,away,5.24,,,needs_review_new_player,identity_name_team_map,No reviewed normalized-name/team identity alias; do not auto-guess.
2026-07-08,2026-07-08T15:51:55.513256+00:00,2026-07-08,DraftKings official lineup CSV,https://www.draftkings.com/lineup/getavailableplayerscsv?contestTypeId=9&draftGroupId=150412,150412,9,Selected largest-prize regular Classic MLB draft group after excluding Turbo/Night/qualifier/satellite/showdown/snake/single-stat slates.,OF,Isaac Collins (43504964),Isaac Collins,43504964,OF,2800,KC@NYM 07/08/2026 07:10PM ET,07/08/2026 07:10PM ET,KC,NYM,away,5.78,686555,Isaac Collins,mapped,identity_name_team_map,Stable identity seed from old DK-ID map. Pilot join status: matched via normalized_name_team
2026-07-08,2026-07-08T15:51:55.513256+00:00,2026-07-08,DraftKings official lineup CSV,https://www.draftkings.com/lineup/getavailableplayerscsv?contestTypeId=9&draftGroupId=150412,150412,9,Selected largest-prize regular Classic MLB draft group after excluding Turbo/Night/qualifier/satellite/showdown/snake/single-stat slates.,C,Connor Wong (43504975),Connor Wong,43504975,C,2700,BOS@CWS 07/08/2026 07:40PM ET,07/08/2026 07:40PM ET,BOS,CWS,away,5.60,,,needs_review_new_player,identity_name_team_map,No reviewed normalized-name/team identity alias; do not auto-guess.
2026-07-08,2026-07-08T15:51:55.513256+00:00,2026-07-08,DraftKings official lineup CSV,https://www.draftkings.com/lineup/getavailableplayerscsv?contestTypeId=9&draftGroupId=150412,150412,9,Selected largest-prize regular Classic MLB draft group after excluding Turbo/Night/qualifier/satellite/showdown/snake/single-stat slates.,OF,Kahlil Watson (43504977),Kahlil Watson,43504977,OF,2700,CLE@MIN 07/08/2026 07:40PM ET,07/08/2026 07:40PM ET,CLE,MIN,away,6.28,,,needs_review_new_player,identity_name_team_map,No reviewed normalized-name/team identity alias; do not auto-guess.
2026-07-08,2026-07-08T15:51:55.513256+00:00,2026-07-08,DraftKings official lineup CSV,https://www.draftkings.com/lineup/getavailableplayerscsv?contestTypeId=9&draftGroupId=150412,150412,9,Selected largest-prize regular Classic MLB draft group after excluding Turbo/Night/qualifier/satellite/showdown/snake/single-stat slates.,OF,Matt Wallner (43505076),Matt Wallner,43505076,OF,2700,CLE@MIN 07/08/2026 07:40PM ET,07/08/2026 07:40PM ET,MIN,CLE,home,5.06,670242,Matt Wallner,mapped,identity_name_team_map,Proposed from review candidates; basis=exact normalized name + team; role-compatible; statcast_batter_des_2026; confidence=high; sources=statcast_batter_des_2026
2026-07-08,2026-07-08T15:51:55.513256+00:00,2026-07-08,DraftKings official lineup CSV,https://www.draftkings.com/lineup/getavailableplayerscsv?contestTypeId=9&draftGroupId=150412,150412,9,Selected largest-prize regular Classic MLB draft group after excluding Turbo/Night/qualifier/satellite/showdown/snake/single-stat slates.,2B/SS,Miguel Rojas (43504973),Miguel Rojas,43504973,2B/SS,2700,COL@LAD 07/08/2026 10:10PM ET,07/08/2026 10:10PM ET,LAD,COL,home,3.76,,,needs_review_new_player,identity_name_team_map,No reviewed normalized-name/team identity alias; do not auto-guess.
2026-07-08,2026-07-08T15:51:55.513256+00:00,2026-07-08,DraftKings official lineup CSV,https://www.draftkings.com/lineup/getavailableplayerscsv?contestTypeId=9&draftGroupId=150412,150412,9,Selected largest-prize regular Classic MLB draft group after excluding Turbo/Night/qualifier/satellite/showdown/snake/single-stat slates.,OF,Jordan Beck (43505077),Jordan Beck,43505077,OF,2700,COL@LAD 07/08/2026 10:10PM ET,07/08/2026 10:10PM ET,COL,LAD,away,4.03,687597,Jordan Beck,mapped,identity_name_team_map,Stable identity seed from old DK-ID map. Pilot join status: matched via normalized_name_team
2026-07-08,2026-07-08T15:51:55.513256+00:00,2026-07-08,DraftKings official lineup CSV,https://www.draftkings.com/lineup/getavailableplayerscsv?contestTypeId=9&draftGroupId=150412,150412,9,Selected largest-prize regular Classic MLB draft group after excluding Turbo/Night/qualifier/satellite/showdown/snake/single-stat slates.,1B/3B,Blaze Jordan (43504971),Blaze Jordan,43504971,1B/3B,2700,MIL@STL 07/08/2026 07:45PM ET,07/08/2026 07:45PM ET,STL,MIL,home,5.55,,,needs_review_new_player,identity_name_team_map,No reviewed normalized-name/team identity alias; do not auto-guess.
2026-07-08,2026-07-08T15:51:55.513256+00:00,2026-07-08,DraftKings official lineup CSV,https://www.draftkings.com/lineup/getavailableplayerscsv?contestTypeId=9&draftGroupId=150412,150412,9,Selected largest-prize regular Classic MLB draft group after excluding Turbo/Night/qualifier/satellite/showdown/snake/single-stat slates.,OF,Blake Perkins (43504976),Blake Perkins,43504976,OF,2700,MIL@STL 07/08/2026 07:45PM ET,07/08/2026 07:45PM ET,MIL,STL,away,2.79,663368,Blake Perkins,mapped,identity_name_team_map,Stable identity seed from old DK-ID map. Pilot join status: matched via normalized_name_team
2026-07-08,2026-07-08T15:51:55.513256+00:00,2026-07-08,DraftKings official lineup CSV,https://www.draftkings.com/lineup/getavailableplayerscsv?contestTypeId=9&draftGroupId=150412,150412,9,Selected largest-prize regular Classic MLB draft group after excluding Turbo/Night/qualifier/satellite/showdown/snake/single-stat slates.,C,Pedro Pages (43504978),Pedro Pages,43504978,C,2700,MIL@STL 07/08/2026 07:45PM ET,07/08/2026 07:45PM ET,STL,MIL,home,3.98,686780,Pedro Pagés,mapped,identity_name_team_map,Stable identity seed from old DK-ID map. Pilot join status: matched via normalized_name_team
2026-07-08,2026-07-08T15:51:55.513256+00:00,2026-07-08,DraftKings official lineup CSV,https://www.draftkings.com/lineup/getavailableplayerscsv?contestTypeId=9&draftGroupId=150412,150412,9,Selected largest-prize regular Classic MLB draft group after excluding Turbo/Night/qualifier/satellite/showdown/snake/single-stat slates.,OF,Ryan Waldschmidt (43505078),Ryan Waldschmidt,43505078,OF,2700,ARI@SD 07/08/2026 10:10PM ET,07/08/2026 10:10PM ET,ARI,SD,away,5.79,,,needs_review_new_player,identity_name_team_map,No reviewed normalized-name/team identity alias; do not auto-guess.
2026-07-08,2026-07-08T15:51:55.513256+00:00,2026-07-08,DraftKings official lineup CSV,https://www.draftkings.com/lineup/getavailableplayerscsv?contestTypeId=9&draftGroupId=150412,150412,9,Selected largest-prize regular Classic MLB draft group after excluding Turbo/Night/qualifier/satellite/showdown/snake/single-stat slates.,2B/SS,Nicky Lopez (43504983),Nicky Lopez,43504983,2B/SS,2600,LAA@TEX 07/08/2026 08:05PM ET,07/08/2026 08:05PM ET,TEX,LAA,home,5.10,670032,Nicky Lopez,mapped,identity_name_team_map,Stable identity seed from old DK-ID map. Pilot join status: matched via normalized_name_team
2026-07-08,2026-07-08T15:51:55.513256+00:00,2026-07-08,DraftKings official lineup CSV,https://www.draftkings.com/lineup/getavailableplayerscsv?contestTypeId=9&draftGroupId=150412,150412,9,Selected largest-prize regular Classic MLB draft group after excluding Turbo/Night/qualifier/satellite/showdown/snake/single-stat slates.,OF,Jose Siri (43504985),Jose Siri,43504985,OF,2600,LAA@TEX 07/08/2026 08:05PM ET,07/08/2026 08:05PM ET,LAA,TEX,away,4.82,642350,Jose Siri,mapped,identity_name_team_map,Stable identity seed from old DK-ID map. Pilot join status: matched via normalized_name_team
2026-07-08,2026-07-08T15:51:55.513256+00:00,2026-07-08,DraftKings official lineup CSV,https://www.draftkings.com/lineup/getavailableplayerscsv?contestTypeId=9&draftGroupId=150412,150412,9,Selected largest-prize regular Classic MLB draft group after excluding Turbo/Night/qualifier/satellite/showdown/snake/single-stat slates.,2B,Edwin Arroyo (43504982),Edwin Arroyo,43504982,2B,2600,PHI@CIN 07/08/2026 07:10PM ET,07/08/2026 07:10PM ET,CIN,PHI,home,3.79,695490,Edwin Arroyo,mapped,identity_name_team_map,Stable identity seed from old DK-ID map. Pilot join status: matched via normalized_name_team
2026-07-08,2026-07-08T15:51:55.513256+00:00,2026-07-08,DraftKings official lineup CSV,https://www.draftkings.com/lineup/getavailableplayerscsv?contestTypeId=9&draftGroupId=150412,150412,9,Selected largest-prize regular Classic MLB draft group after excluding Turbo/Night/qualifier/satellite/showdown/snake/single-stat slates.,C,Jose Trevino (43504988),Jose Trevino,43504988,C,2600,PHI@CIN 07/08/2026 07:10PM ET,07/08/2026 07:10PM ET,CIN,PHI,home,4.04,624431,Jose Trevino,mapped,identity_name_team_map,Stable identity seed from old DK-ID map. Pilot join status: matched via normalized_name_team
2026-07-08,2026-07-08T15:51:55.513256+00:00,2026-07-08,DraftKings official lineup CSV,https://www.draftkings.com/lineup/getavailableplayerscsv?contestTypeId=9&draftGroupId=150412,150412,9,Selected largest-prize regular Classic MLB draft group after excluding Turbo/Night/qualifier/satellite/showdown/snake/single-stat slates.,SS,Luisangel Acuna (43504979),Luisangel Acuna,43504979,SS,2600,BOS@CWS 07/08/2026 07:40PM ET,07/08/2026 07:40PM ET,CWS,BOS,home,3.78,682668,Luisangel Acuña,mapped,identity_name_team_map,Stable identity seed from old DK-ID map. Pilot join status: matched via normalized_name_team
2026-07-08,2026-07-08T15:51:55.513256+00:00,2026-07-08,DraftKings official lineup CSV,https://www.draftkings.com/lineup/getavailableplayerscsv?contestTypeId=9&draftGroupId=150412,150412,9,Selected largest-prize regular Classic MLB draft group after excluding Turbo/Night/qualifier/satellite/showdown/snake/single-stat slates.,C,Mickey Gasper (43505080),Mickey Gasper,43505080,C,2600,BOS@CWS 07/08/2026 07:40PM ET,07/08/2026 07:40PM ET,BOS,CWS,away,4.38,,,needs_review_new_player,identity_name_team_map,No reviewed normalized-name/team identity alias; do not auto-guess.
2026-07-08,2026-07-08T15:51:55.513256+00:00,2026-07-08,DraftKings official lineup CSV,https://www.draftkings.com/lineup/getavailableplayerscsv?contestTypeId=9&draftGroupId=150412,150412,9,Selected largest-prize regular Classic MLB draft group after excluding Turbo/Night/qualifier/satellite/showdown/snake/single-stat slates.,C,Austin Hedges (43504986),Austin Hedges,43504986,C,2600,CLE@MIN 07/08/2026 07:40PM ET,07/08/2026 07:40PM ET,CLE,MIN,away,4.74,,,needs_review_new_player,identity_name_team_map,No reviewed normalized-name/team identity alias; do not auto-guess.
2026-07-08,2026-07-08T15:51:55.513256+00:00,2026-07-08,DraftKings official lineup CSV,https://www.draftkings.com/lineup/getavailableplayerscsv?contestTypeId=9&draftGroupId=150412,150412,9,Selected largest-prize regular Classic MLB draft group after excluding Turbo/Night/qualifier/satellite/showdown/snake/single-stat slates.,OF,Ryan Ward (43505079),Ryan Ward,43505079,OF,2600,COL@LAD 07/08/2026 10:10PM ET,07/08/2026 10:10PM ET,LAD,COL,home,5.75,,,needs_review_new_player,identity_name_team_map,No reviewed normalized-name/team identity alias; do not auto-guess.
2026-07-08,2026-07-08T15:51:55.513256+00:00,2026-07-08,DraftKings official lineup CSV,https://www.draftkings.com/lineup/getavailableplayerscsv?contestTypeId=9&draftGroupId=150412,150412,9,Selected largest-prize regular Classic MLB draft group after excluding Turbo/Night/qualifier/satellite/showdown/snake/single-stat slates.,OF,Tim Tawa (43504987),Tim Tawa,43504987,OF,2600,ARI@SD 07/08/2026 10:10PM ET,07/08/2026 10:10PM ET,ARI,SD,away,2.83,,,needs_review_new_player,identity_name_team_map,No reviewed normalized-name/team identity alias; do not auto-guess.
2026-07-08,2026-07-08T15:51:55.513256+00:00,2026-07-08,DraftKings official lineup CSV,https://www.draftkings.com/lineup/getavailableplayerscsv?contestTypeId=9&draftGroupId=150412,150412,9,Selected largest-prize regular Classic MLB draft group after excluding Turbo/Night/qualifier/satellite/showdown/snake/single-stat slates.,3B,Nick Loftin (43504980),Nick Loftin,43504980,3B,2600,KC@NYM 07/08/2026 07:10PM ET,07/08/2026 07:10PM ET,KC,NYM,away,6.2,679845,Nick Loftin,mapped,identity_name_team_map,Stable identity seed from old DK-ID map. Pilot join status: matched via normalized_name_team
2026-07-08,2026-07-08T15:51:55.513256+00:00,2026-07-08,DraftKings official lineup CSV,https://www.draftkings.com/lineup/getavailableplayerscsv?contestTypeId=9&draftGroupId=150412,150412,9,Selected largest-prize regular Classic MLB draft group after excluding Turbo/Night/qualifier/satellite/showdown/snake/single-stat slates.,1B,Jared Young (43504981),Jared Young,43504981,1B,2600,KC@NYM 07/08/2026 07:10PM ET,07/08/2026 07:10PM ET,NYM,KC,home,4.85,676724,Jared Young,mapped,identity_name_team_map,Stable identity seed from old DK-ID map. Pilot join status: matched via normalized_name_team
2026-07-08,2026-07-08T15:51:55.513256+00:00,2026-07-08,DraftKings official lineup CSV,https://www.draftkings.com/lineup/getavailableplayerscsv?contestTypeId=9&draftGroupId=150412,150412,9,Selected largest-prize regular Classic MLB draft group after excluding Turbo/Night/qualifier/satellite/showdown/snake/single-stat slates.,1B/3B,Vaughn Grissom (43504992),Vaughn Grissom,43504992,1B/3B,2500,LAA@TEX 07/08/2026 08:05PM ET,07/08/2026 08:05PM ET,LAA,TEX,away,5.83,687093,Vaughn Grissom,mapped,identity_name_team_map,Stable identity seed from old DK-ID map. Pilot join status: matched via normalized_name_team
2026-07-08,2026-07-08T15:51:55.513256+00:00,2026-07-08,DraftKings official lineup CSV,https://www.draftkings.com/lineup/getavailableplayerscsv?contestTypeId=9&draftGroupId=150412,150412,9,Selected largest-prize regular Classic MLB draft group after excluding Turbo/Night/qualifier/satellite/showdown/snake/single-stat slates.,OF,Alejandro Osuna (43504995),Alejandro Osuna,43504995,OF,2500,LAA@TEX 07/08/2026 08:05PM ET,07/08/2026 08:05PM ET,TEX,LAA,home,4.82,696030,Alejandro Osuna,mapped,identity_name_team_map,Stable identity seed from old DK-ID map. Pilot join status: matched via normalized_name_team
2026-07-08,2026-07-08T15:51:55.513256+00:00,2026-07-08,DraftKings official lineup CSV,https://www.draftkings.com/lineup/getavailableplayerscsv?contestTypeId=9&draftGroupId=150412,150412,9,Selected largest-prize regular Classic MLB draft group after excluding Turbo/Night/qualifier/satellite/showdown/snake/single-stat slates.,OF,Gabriel Rincones Jr. (43504994),Gabriel Rincones Jr.,43504994,OF,2500,PHI@CIN 07/08/2026 07:10PM ET,07/08/2026 07:10PM ET,PHI,CIN,away,4.71,687282,Gabriel Rincones Jr.,mapped,identity_name_team_map,Stable identity seed from old DK-ID map. Pilot join status: matched_people_search_name via mlb_people_search_normalized_name
2026-07-08,2026-07-08T15:51:55.513256+00:00,2026-07-08,DraftKings official lineup CSV,https://www.draftkings.com/lineup/getavailableplayerscsv?contestTypeId=9&draftGroupId=150412,150412,9,Selected largest-prize regular Classic MLB draft group after excluding Turbo/Night/qualifier/satellite/showdown/snake/single-stat slates.,SS,Marcelo Mayer (43505083),Marcelo Mayer,43505083,SS,2500,BOS@CWS 07/08/2026 07:40PM ET,07/08/2026 07:40PM ET,BOS,CWS,away,4.44,,,needs_review_new_player,identity_name_team_map,No reviewed normalized-name/team identity alias; do not auto-guess.
2026-07-08,2026-07-08T15:51:55.513256+00:00,2026-07-08,DraftKings official lineup CSV,https://www.draftkings.com/lineup/getavailableplayerscsv?contestTypeId=9&draftGroupId=150412,150412,9,Selected largest-prize regular Classic MLB draft group after excluding Turbo/Night/qualifier/satellite/showdown/snake/single-stat slates.,C,Alex Jackson (43504996),Alex Jackson,43504996,C,2500,CLE@MIN 07/08/2026 07:40PM ET,07/08/2026 07:40PM ET,MIN,CLE,home,4.32,656577,Alex Jackson,mapped,identity_name_team_map,Proposed from review candidates; basis=exact normalized name + team; role-compatible; statcast_batter_des_2026; confidence=high; sources=statcast_batter_des_2026
2026-07-08,2026-07-08T15:51:55.513256+00:00,2026-07-08,DraftKings official lineup CSV,https://www.draftkings.com/lineup/getavailableplayerscsv?contestTypeId=9&draftGroupId=150412,150412,9,Selected largest-prize regular Classic MLB draft group after excluding Turbo/Night/qualifier/satellite/showdown/snake/single-stat slates.,C,Brett Sullivan (43504997),Brett Sullivan,43504997,C,2500,COL@LAD 07/08/2026 10:10PM ET,07/08/2026 10:10PM ET,COL,LAD,away,3.92,664954,Brett Sullivan,mapped,identity_name_team_map,Stable identity seed from old DK-ID map. Pilot join status: matched via normalized_name_team
2026-07-08,2026-07-08T15:51:55.513256+00:00,2026-07-08,DraftKings official lineup CSV,https://www.draftkings.com/lineup/getavailableplayerscsv?contestTypeId=9&draftGroupId=150412,150412,9,Selected largest-prize regular Classic MLB draft group after excluding Turbo/Night/qualifier/satellite/showdown/snake/single-stat slates.,2B/3B,Chad Stevens (43505084),Chad Stevens,43505084,2B/3B,2500,COL@LAD 07/08/2026 10:10PM ET,07/08/2026 10:10PM ET,COL,LAD,away,1.31,677060,Chad Stevens,mapped,identity_name_team_map,Stable identity seed from old DK-ID map. Pilot join status: matched via normalized_name_team
2026-07-08,2026-07-08T15:51:55.513256+00:00,2026-07-08,DraftKings official lineup CSV,https://www.draftkings.com/lineup/getavailableplayerscsv?contestTypeId=9&draftGroupId=150412,150412,9,Selected largest-prize regular Classic MLB draft group after excluding Turbo/Night/qualifier/satellite/showdown/snake/single-stat slates.,OF,Alek Thomas (43505088),Alek Thomas,43505088,OF,2500,COL@LAD 07/08/2026 10:10PM ET,07/08/2026 10:10PM ET,LAD,COL,home,5.61,,,needs_review_new_player,identity_name_team_map,No reviewed normalized-name/team identity alias; do not auto-guess.
2026-07-08,2026-07-08T15:51:55.513256+00:00,2026-07-08,DraftKings official lineup CSV,https://www.draftkings.com/lineup/getavailableplayerscsv?contestTypeId=9&draftGroupId=150412,150412,9,Selected largest-prize regular Classic MLB draft group after excluding Turbo/Night/qualifier/satellite/showdown/snake/single-stat slates.,OF,Akil Baddoo (43505086),Akil Baddoo,43505086,OF,2500,MIL@STL 07/08/2026 07:45PM ET,07/08/2026 07:45PM ET,MIL,STL,away,0,668731,Akil Baddoo,mapped,identity_name_team_map,Stable identity seed from old DK-ID map. Pilot join status: matched_people_search_name via mlb_people_search_normalized_name
2026-07-08,2026-07-08T15:51:55.513256+00:00,2026-07-08,DraftKings official lineup CSV,https://www.draftkings.com/lineup/getavailableplayerscsv?contestTypeId=9&draftGroupId=150412,150412,9,Selected largest-prize regular Classic MLB draft group after excluding Turbo/Night/qualifier/satellite/showdown/snake/single-stat slates.,OF,Jorge Barrosa (43505000),Jorge Barrosa,43505000,OF,2500,ARI@SD 07/08/2026 10:10PM ET,07/08/2026 10:10PM ET,ARI,SD,away,2.87,,,needs_review_new_player,identity_name_team_map,No reviewed normalized-name/team identity alias; do not auto-guess.
2026-07-08,2026-07-08T15:51:55.513256+00:00,2026-07-08,DraftKings official lineup CSV,https://www.draftkings.com/lineup/getavailableplayerscsv?contestTypeId=9&draftGroupId=150412,150412,9,Selected largest-prize regular Classic MLB draft group after excluding Turbo/Night/qualifier/satellite/showdown/snake/single-stat slates.,3B,Jose Miranda (43505082),Jose Miranda,43505082,3B,2500,ARI@SD 07/08/2026 10:10PM ET,07/08/2026 10:10PM ET,SD,ARI,home,0,669304,Jose Miranda,mapped,identity_name_team_map,Stable identity seed from old DK-ID map. Pilot join status: matched_people_search_name via mlb_people_search_normalized_name
2026-07-08,2026-07-08T15:51:55.513256+00:00,2026-07-08,DraftKings official lineup CSV,https://www.draftkings.com/lineup/getavailableplayerscsv?contestTypeId=9&draftGroupId=150412,150412,9,Selected largest-prize regular Classic MLB draft group after excluding Turbo/Night/qualifier/satellite/showdown/snake/single-stat slates.,C,Adrian Del Castillo (43505087),Adrian Del Castillo,43505087,C,2500,ARI@SD 07/08/2026 10:10PM ET,07/08/2026 10:10PM ET,ARI,SD,away,4.57,,,needs_review_new_player,identity_name_team_map,No reviewed normalized-name/team identity alias; do not auto-guess.
2026-07-08,2026-07-08T15:51:55.513256+00:00,2026-07-08,DraftKings official lineup CSV,https://www.draftkings.com/lineup/getavailableplayerscsv?contestTypeId=9&draftGroupId=150412,150412,9,Selected largest-prize regular Classic MLB draft group after excluding Turbo/Night/qualifier/satellite/showdown/snake/single-stat slates.,OF/SS,Tyler Tolbert (43504989),Tyler Tolbert,43504989,SS/OF,2500,KC@NYM 07/08/2026 07:10PM ET,07/08/2026 07:10PM ET,KC,NYM,away,5.47,686475,Tyler Tolbert,mapped,identity_name_team_map,Stable identity seed from old DK-ID map. Pilot join status: matched via normalized_name_team
2026-07-08,2026-07-08T15:51:55.513256+00:00,2026-07-08,DraftKings official lineup CSV,https://www.draftkings.com/lineup/getavailableplayerscsv?contestTypeId=9&draftGroupId=150412,150412,9,Selected largest-prize regular Classic MLB draft group after excluding Turbo/Night/qualifier/satellite/showdown/snake/single-stat slates.,2B,Brett Baty (43504991),Brett Baty,43504991,2B,2500,KC@NYM 07/08/2026 07:10PM ET,07/08/2026 07:10PM ET,NYM,KC,home,4.81,683146,Brett Baty,mapped,identity_name_team_map,Stable identity seed from old DK-ID map. Pilot join status: matched via normalized_name_team
2026-07-08,2026-07-08T15:51:55.513256+00:00,2026-07-08,DraftKings official lineup CSV,https://www.draftkings.com/lineup/getavailableplayerscsv?contestTypeId=9&draftGroupId=150412,150412,9,Selected largest-prize regular Classic MLB draft group after excluding Turbo/Night/qualifier/satellite/showdown/snake/single-stat slates.,OF,Kameron Misner (43504998),Kameron Misner,43504998,OF,2500,KC@NYM 07/08/2026 07:10PM ET,07/08/2026 07:10PM ET,KC,NYM,away,3.33,670224,Kameron Misner,mapped,identity_name_team_map,Stable identity seed from old DK-ID map. Pilot join status: matched_people_search_name via mlb_people_search_normalized_name
2026-07-08,2026-07-08T15:51:55.513256+00:00,2026-07-08,DraftKings official lineup CSV,https://www.draftkings.com/lineup/getavailableplayerscsv?contestTypeId=9&draftGroupId=150412,150412,9,Selected largest-prize regular Classic MLB draft group after excluding Turbo/Night/qualifier/satellite/showdown/snake/single-stat slates.,OF,Tyrone Taylor (43504999),Tyrone Taylor,43504999,OF,2500,KC@NYM 07/08/2026 07:10PM ET,07/08/2026 07:10PM ET,NYM,KC,home,3.52,621438,Tyrone Taylor,mapped,identity_name_team_map,Stable identity seed from old DK-ID map. Pilot join status: matched via normalized_name_team
2026-07-08,2026-07-08T15:51:55.513256+00:00,2026-07-08,DraftKings official lineup CSV,https://www.draftkings.com/lineup/getavailableplayerscsv?contestTypeId=9&draftGroupId=150412,150412,9,Selected largest-prize regular Classic MLB draft group after excluding Turbo/Night/qualifier/satellite/showdown/snake/single-stat slates.,OF,Kyle Isbel (43505081),Kyle Isbel,43505081,OF,2500,KC@NYM 07/08/2026 07:10PM ET,07/08/2026 07:10PM ET,KC,NYM,away,4.73,664728,Kyle Isbel,mapped,identity_name_team_map,Stable identity seed from old DK-ID map. Pilot join status: matched via normalized_name_team
2026-07-08,2026-07-08T15:51:55.513256+00:00,2026-07-08,DraftKings official lineup CSV,https://www.draftkings.com/lineup/getavailableplayerscsv?contestTypeId=9&draftGroupId=150412,150412,9,Selected largest-prize regular Classic MLB draft group after excluding Turbo/Night/qualifier/satellite/showdown/snake/single-stat slates.,C,Logan O'Hoppe (43505001),Logan O'Hoppe,43505001,C,2400,LAA@TEX 07/08/2026 08:05PM ET,07/08/2026 08:05PM ET,LAA,TEX,away,4.67,681351,Logan O'Hoppe,mapped,identity_name_team_map,Stable identity seed from old DK-ID map. Pilot join status: matched via normalized_name_team
2026-07-08,2026-07-08T15:51:55.513256+00:00,2026-07-08,DraftKings official lineup CSV,https://www.draftkings.com/lineup/getavailableplayerscsv?contestTypeId=9&draftGroupId=150412,150412,9,Selected largest-prize regular Classic MLB draft group after excluding Turbo/Night/qualifier/satellite/showdown/snake/single-stat slates.,OF,Josh Lowe (43505008),Josh Lowe,43505008,OF,2400,LAA@TEX 07/08/2026 08:05PM ET,07/08/2026 08:05PM ET,LAA,TEX,away,4.61,666139,Josh Lowe,mapped,identity_name_team_map,Stable identity seed from old DK-ID map. Pilot join status: matched via normalized_name_team
2026-07-08,2026-07-08T15:51:55.513256+00:00,2026-07-08,DraftKings official lineup CSV,https://www.draftkings.com/lineup/getavailableplayerscsv?contestTypeId=9&draftGroupId=150412,150412,9,Selected largest-prize regular Classic MLB draft group after excluding Turbo/Night/qualifier/satellite/showdown/snake/single-stat slates.,C,Rafael Marchan (43505005),Rafael Marchan,43505005,C,2400,PHI@CIN 07/08/2026 07:10PM ET,07/08/2026 07:10PM ET,PHI,CIN,away,2.45,665561,Rafael Marchán,mapped,identity_name_team_map,Stable identity seed from old DK-ID map. Pilot join status: matched via normalized_name_team
2026-07-08,2026-07-08T15:51:55.513256+00:00,2026-07-08,DraftKings official lineup CSV,https://www.draftkings.com/lineup/getavailableplayerscsv?contestTypeId=9&draftGroupId=150412,150412,9,Selected largest-prize regular Classic MLB draft group after excluding Turbo/Night/qualifier/satellite/showdown/snake/single-stat slates.,OF,Bryan De La Cruz (43505092),Bryan De La Cruz,43505092,OF,2400,PHI@CIN 07/08/2026 07:10PM ET,07/08/2026 07:10PM ET,PHI,CIN,away,0,,,needs_review_new_player,identity_name_team_map,No reviewed normalized-name/team identity alias; do not auto-guess.
2026-07-08,2026-07-08T15:51:55.513256+00:00,2026-07-08,DraftKings official lineup CSV,https://www.draftkings.com/lineup/getavailableplayerscsv?contestTypeId=9&draftGroupId=150412,150412,9,Selected largest-prize regular Classic MLB draft group after excluding Turbo/Night/qualifier/satellite/showdown/snake/single-stat slates.,1B,Jacob Gonzalez (43505004),Jacob Gonzalez,43505004,1B,2400,BOS@CWS 07/08/2026 07:40PM ET,07/08/2026 07:40PM ET,CWS,BOS,home,5.55,694378,Jacob Gonzalez,mapped,identity_name_team_map,Stable identity seed from old DK-ID map. Pilot join status: matched via normalized_name_team
2026-07-08,2026-07-08T15:51:55.513256+00:00,2026-07-08,DraftKings official lineup CSV,https://www.draftkings.com/lineup/getavailableplayerscsv?contestTypeId=9&draftGroupId=150412,150412,9,Selected largest-prize regular Classic MLB draft group after excluding Turbo/Night/qualifier/satellite/showdown/snake/single-stat slates.,OF,Junior Perez (43505006),Junior Perez,43505006,OF,2400,BOS@CWS 07/08/2026 07:40PM ET,07/08/2026 07:40PM ET,CWS,BOS,home,3.21,678577,Junior Perez,mapped,identity_name_team_map,Stable identity seed from old DK-ID map. Pilot join status: matched_people_search_name via mlb_people_search_normalized_name
2026-07-08,2026-07-08T15:51:55.513256+00:00,2026-07-08,DraftKings official lineup CSV,https://www.draftkings.com/lineup/getavailableplayerscsv?contestTypeId=9&draftGroupId=150412,150412,9,Selected largest-prize regular Classic MLB draft group after excluding Turbo/Night/qualifier/satellite/showdown/snake/single-stat slates.,C,Edgar Quero (43505089),Edgar Quero,43505089,C,2400,BOS@CWS 07/08/2026 07:40PM ET,07/08/2026 07:40PM ET,CWS,BOS,home,3.44,700337,Edgar Quero,mapped,identity_name_team_map,Stable identity seed from old DK-ID map. Pilot join status: matched via normalized_name_team
2026-07-08,2026-07-08T15:51:55.513256+00:00,2026-07-08,DraftKings official lineup CSV,https://www.draftkings.com/lineup/getavailableplayerscsv?contestTypeId=9&draftGroupId=150412,150412,9,Selected largest-prize regular Classic MLB draft group after excluding Turbo/Night/qualifier/satellite/showdown/snake/single-stat slates.,2B/SS,Isiah Kiner-Falefa (43505090),Isiah Kiner-Falefa,43505090,2B/SS,2400,BOS@CWS 07/08/2026 07:40PM ET,07/08/2026 07:40PM ET,BOS,CWS,away,5.19,,,needs_review_new_player,identity_name_team_map,No reviewed normalized-name/team identity alias; do not auto-guess.
2026-07-08,2026-07-08T15:51:55.513256+00:00,2026-07-08,DraftKings official lineup CSV,https://www.draftkings.com/lineup/getavailableplayerscsv?contestTypeId=9&draftGroupId=150412,150412,9,Selected largest-prize regular Classic MLB draft group after excluding Turbo/Night/qualifier/satellite/showdown/snake/single-stat slates.,3B/SS,Daniel Schneemann (43505002),Daniel Schneemann,43505002,3B/SS,2400,CLE@MIN 07/08/2026 07:40PM ET,07/08/2026 07:40PM ET,CLE,MIN,away,5.10,,,needs_review_new_player,identity_name_team_map,No reviewed normalized-name/team identity alias; do not auto-guess.
2026-07-08,2026-07-08T15:51:55.513256+00:00,2026-07-08,DraftKings official lineup CSV,https://www.draftkings.com/lineup/getavailableplayerscsv?contestTypeId=9&draftGroupId=150412,150412,9,Selected largest-prize regular Classic MLB draft group after excluding Turbo/Night/qualifier/satellite/showdown/snake/single-stat slates.,OF,Jase Bowen (43505007),Jase Bowen,43505007,OF,2400,ARI@SD 07/08/2026 10:10PM ET,07/08/2026 10:10PM ET,SD,ARI,home,1.71,687749,Jase Bowen,mapped,identity_name_team_map,Stable identity seed from old DK-ID map. Pilot join status: matched via normalized_name_team
2026-07-08,2026-07-08T15:51:55.513256+00:00,2026-07-08,DraftKings official lineup CSV,https://www.draftkings.com/lineup/getavailableplayerscsv?contestTypeId=9&draftGroupId=150412,150412,9,Selected largest-prize regular Classic MLB draft group after excluding Turbo/Night/qualifier/satellite/showdown/snake/single-stat slates.,2B/SS,Andruw Monasterio (43505016),Andruw Monasterio,43505016,2B/SS,2300,BOS@CWS 07/08/2026 07:40PM ET,07/08/2026 07:40PM ET,BOS,CWS,away,4.39,,,needs_review_new_player,identity_name_team_map,No reviewed normalized-name/team identity alias; do not auto-guess.
2026-07-08,2026-07-08T15:51:55.513256+00:00,2026-07-08,DraftKings official lineup CSV,https://www.draftkings.com/lineup/getavailableplayerscsv?contestTypeId=9&draftGroupId=150412,150412,9,Selected largest-prize regular Classic MLB draft group after excluding Turbo/Night/qualifier/satellite/showdown/snake/single-stat slates.,2B/3B,Nick Sogard (43505093),Nick Sogard,43505093,2B/3B,2300,BOS@CWS 07/08/2026 07:40PM ET,07/08/2026 07:40PM ET,BOS,CWS,away,4.67,,,needs_review_new_player,identity_name_team_map,No reviewed normalized-name/team identity alias; do not auto-guess.
2026-07-08,2026-07-08T15:51:55.513256+00:00,2026-07-08,DraftKings official lineup CSV,https://www.draftkings.com/lineup/getavailableplayerscsv?contestTypeId=9&draftGroupId=150412,150412,9,Selected largest-prize regular Classic MLB draft group after excluding Turbo/Night/qualifier/satellite/showdown/snake/single-stat slates.,C,Patrick Bailey (43505013),Patrick Bailey,43505013,C,2300,CLE@MIN 07/08/2026 07:40PM ET,07/08/2026 07:40PM ET,CLE,MIN,away,3.33,,,needs_review_new_player,identity_name_team_map,No reviewed normalized-name/team identity alias; do not auto-guess.
2026-07-08,2026-07-08T15:51:55.513256+00:00,2026-07-08,DraftKings official lineup CSV,https://www.draftkings.com/lineup/getavailableplayerscsv?contestTypeId=9&draftGroupId=150412,150412,9,Selected largest-prize regular Classic MLB draft group after excluding Turbo/Night/qualifier/satellite/showdown/snake/single-stat slates.,OF,Stuart Fairchild (43505095),Stuart Fairchild,43505095,OF,2300,CLE@MIN 07/08/2026 07:40PM ET,07/08/2026 07:40PM ET,CLE,MIN,away,3.07,,,needs_review_new_player,identity_name_team_map,No reviewed normalized-name/team identity alias; do not auto-guess.
2026-07-08,2026-07-08T15:51:55.513256+00:00,2026-07-08,DraftKings official lineup CSV,https://www.draftkings.com/lineup/getavailableplayerscsv?contestTypeId=9&draftGroupId=150412,150412,9,Selected largest-prize regular Classic MLB draft group after excluding Turbo/Night/qualifier/satellite/showdown/snake/single-stat slates.,2B/3B,Jose Fermin (43505009),Jose Fermin,43505009,2B/3B,2300,MIL@STL 07/08/2026 07:45PM ET,07/08/2026 07:45PM ET,STL,MIL,home,4.59,665877,José Fermín,mapped,identity_name_team_map,Stable identity seed from old DK-ID map. Pilot join status: matched via normalized_name_team
2026-07-08,2026-07-08T15:51:55.513256+00:00,2026-07-08,DraftKings official lineup CSV,https://www.draftkings.com/lineup/getavailableplayerscsv?contestTypeId=9&draftGroupId=150412,150412,9,Selected largest-prize regular Classic MLB draft group after excluding Turbo/Night/qualifier/satellite/showdown/snake/single-stat slates.,OF,Victor Scott II (43505096),Victor Scott II,43505096,OF,2300,MIL@STL 07/08/2026 07:45PM ET,07/08/2026 07:45PM ET,STL,MIL,home,4.08,687363,Victor Scott II,mapped,identity_name_team_map,Stable identity seed from old DK-ID map. Pilot join status: matched via normalized_name_team
2026-07-08,2026-07-08T15:51:55.513256+00:00,2026-07-08,DraftKings official lineup CSV,https://www.draftkings.com/lineup/getavailableplayerscsv?contestTypeId=9&draftGroupId=150412,150412,9,Selected largest-prize regular Classic MLB draft group after excluding Turbo/Night/qualifier/satellite/showdown/snake/single-stat slates.,2B,Jake Cronenworth (43505011),Jake Cronenworth,43505011,2B,2300,ARI@SD 07/08/2026 10:10PM ET,07/08/2026 10:10PM ET,SD,ARI,home,4.51,630105,Jake Cronenworth,mapped,identity_name_team_map,Stable identity seed from old DK-ID map. Pilot join status: matched via normalized_name_team
2026-07-08,2026-07-08T15:51:55.513256+00:00,2026-07-08,DraftKings official lineup CSV,https://www.draftkings.com/lineup/getavailableplayerscsv?contestTypeId=9&draftGroupId=150412,150412,9,Selected largest-prize regular Classic MLB draft group after excluding Turbo/Night/qualifier/satellite/showdown/snake/single-stat slates.,OF,Max Kepler (43505014),Max Kepler,43505014,OF,2300,ARI@SD 07/08/2026 10:10PM ET,07/08/2026 10:10PM ET,ARI,SD,away,4.11,,,needs_review_new_player,identity_name_team_map,No reviewed normalized-name/team identity alias; do not auto-guess.
2026-07-08,2026-07-08T15:51:55.513256+00:00,2026-07-08,DraftKings official lineup CSV,https://www.draftkings.com/lineup/getavailableplayerscsv?contestTypeId=9&draftGroupId=150412,150412,9,Selected largest-prize regular Classic MLB draft group after excluding Turbo/Night/qualifier/satellite/showdown/snake/single-stat slates.,C,Rodolfo Duran (43505015),Rodolfo Duran,43505015,C,2300,ARI@SD 07/08/2026 10:10PM ET,07/08/2026 10:10PM ET,SD,ARI,home,3.15,660710,Rodolfo Durán,mapped,identity_name_team_map,Stable identity seed from old DK-ID map. Pilot join status: matched via normalized_name_team
2026-07-08,2026-07-08T15:51:55.513256+00:00,2026-07-08,DraftKings official lineup CSV,https://www.draftkings.com/lineup/getavailableplayerscsv?contestTypeId=9&draftGroupId=150412,150412,9,Selected largest-prize regular Classic MLB draft group after excluding Turbo/Night/qualifier/satellite/showdown/snake/single-stat slates.,1B,Eric Wagaman (43505012),Eric Wagaman,43505012,1B,2300,KC@NYM 07/08/2026 07:10PM ET,07/08/2026 07:10PM ET,NYM,KC,home,3,676572,Eric Wagaman,mapped,identity_name_team_map,Stable identity seed from old DK-ID map. Pilot join status: matched via normalized_name_team
2026-07-08,2026-07-08T15:51:55.513256+00:00,2026-07-08,DraftKings official lineup CSV,https://www.draftkings.com/lineup/getavailableplayerscsv?contestTypeId=9&draftGroupId=150412,150412,9,Selected largest-prize regular Classic MLB draft group after excluding Turbo/Night/qualifier/satellite/showdown/snake/single-stat slates.,2B,Josh Smith (43505019),Josh Smith,43505019,2B,2200,LAA@TEX 07/08/2026 08:05PM ET,07/08/2026 08:05PM ET,TEX,LAA,home,4.38,669701,Josh Smith,mapped,identity_name_team_map,Stable identity seed from old DK-ID map. Pilot join status: matched via normalized_name_team
2026-07-08,2026-07-08T15:51:55.513256+00:00,2026-07-08,DraftKings official lineup CSV,https://www.draftkings.com/lineup/getavailableplayerscsv?contestTypeId=9&draftGroupId=150412,150412,9,Selected largest-prize regular Classic MLB draft group after excluding Turbo/Night/qualifier/satellite/showdown/snake/single-stat slates.,OF,Derek Hill (43505026),Derek Hill,43505026,OF,2200,PHI@CIN 07/08/2026 07:10PM ET,07/08/2026 07:10PM ET,PHI,CIN,away,3.70,656537,Derek Hill,needs_review_team_change,identity_name_unique_mlbam,Name maps to one reviewed MLBAM identity but not this DK team; review as team-change/new alias before trusting automation.
2026-07-08,2026-07-08T15:51:55.513256+00:00,2026-07-08,DraftKings official lineup CSV,https://www.draftkings.com/lineup/getavailableplayerscsv?contestTypeId=9&draftGroupId=150412,150412,9,Selected largest-prize regular Classic MLB draft group after excluding Turbo/Night/qualifier/satellite/showdown/snake/single-stat slates.,3B,Gabriel Arias (43505018),Gabriel Arias,43505018,3B,2200,CLE@MIN 07/08/2026 07:40PM ET,07/08/2026 07:40PM ET,CLE,MIN,away,4.89,,,needs_review_new_player,identity_name_team_map,No reviewed normalized-name/team identity alias; do not auto-guess.
2026-07-08,2026-07-08T15:51:55.513256+00:00,2026-07-08,DraftKings official lineup CSV,https://www.draftkings.com/lineup/getavailableplayerscsv?contestTypeId=9&draftGroupId=150412,150412,9,Selected largest-prize regular Classic MLB draft group after excluding Turbo/Night/qualifier/satellite/showdown/snake/single-stat slates.,OF,Kyler Fedko (43505020),Kyler Fedko,43505020,OF,2200,CLE@MIN 07/08/2026 07:40PM ET,07/08/2026 07:40PM ET,MIN,CLE,home,0.62,,,needs_review_new_player,identity_name_team_map,No reviewed normalized-name/team identity alias; do not auto-guess.
2026-07-08,2026-07-08T15:51:55.513256+00:00,2026-07-08,DraftKings official lineup CSV,https://www.draftkings.com/lineup/getavailableplayerscsv?contestTypeId=9&draftGroupId=150412,150412,9,Selected largest-prize regular Classic MLB draft group after excluding Turbo/Night/qualifier/satellite/showdown/snake/single-stat slates.,OF,Cooper Ingle (43505022),Cooper Ingle,43505022,OF,2200,CLE@MIN 07/08/2026 07:40PM ET,07/08/2026 07:40PM ET,CLE,MIN,away,2.57,,,needs_review_new_player,identity_name_team_map,No reviewed normalized-name/team identity alias; do not auto-guess.
2026-07-08,2026-07-08T15:51:55.513256+00:00,2026-07-08,DraftKings official lineup CSV,https://www.draftkings.com/lineup/getavailableplayerscsv?contestTypeId=9&draftGroupId=150412,150412,9,Selected largest-prize regular Classic MLB draft group after excluding Turbo/Night/qualifier/satellite/showdown/snake/single-stat slates.,C,Jimmy Crooks (43505023),Jimmy Crooks,43505023,C,2200,MIL@STL 07/08/2026 07:45PM ET,07/08/2026 07:45PM ET,STL,MIL,home,3.13,699625,Jimmy Crooks,mapped,identity_name_team_map,Stable identity seed from old DK-ID map. Pilot join status: matched via normalized_name_team
2026-07-08,2026-07-08T15:51:55.513256+00:00,2026-07-08,DraftKings official lineup CSV,https://www.draftkings.com/lineup/getavailableplayerscsv?contestTypeId=9&draftGroupId=150412,150412,9,Selected largest-prize regular Classic MLB draft group after excluding Turbo/Night/qualifier/satellite/showdown/snake/single-stat slates.,3B/SS,Joey Ortiz (43505027),Joey Ortiz,43505027,3B/SS,2200,MIL@STL 07/08/2026 07:45PM ET,07/08/2026 07:45PM ET,MIL,STL,away,4.10,687401,Joey Ortiz,mapped,identity_name_team_map,Stable identity seed from old DK-ID map. Pilot join status: matched via normalized_name_team
2026-07-08,2026-07-08T15:51:55.513256+00:00,2026-07-08,DraftKings official lineup CSV,https://www.draftkings.com/lineup/getavailableplayerscsv?contestTypeId=9&draftGroupId=150412,150412,9,Selected largest-prize regular Classic MLB draft group after excluding Turbo/Night/qualifier/satellite/showdown/snake/single-stat slates.,C,James McCann (43505024),James McCann,43505024,C,2200,ARI@SD 07/08/2026 10:10PM ET,07/08/2026 10:10PM ET,ARI,SD,away,2.83,,,needs_review_new_player,identity_name_team_map,No reviewed normalized-name/team identity alias; do not auto-guess.
2026-07-08,2026-07-08T15:51:55.513256+00:00,2026-07-08,DraftKings official lineup CSV,https://www.draftkings.com/lineup/getavailableplayerscsv?contestTypeId=9&draftGroupId=150412,150412,9,Selected largest-prize regular Classic MLB draft group after excluding Turbo/Night/qualifier/satellite/showdown/snake/single-stat slates.,1B,Pavin Smith (43505025),Pavin Smith,43505025,1B,2200,ARI@SD 07/08/2026 10:10PM ET,07/08/2026 10:10PM ET,ARI,SD,away,3.30,,,needs_review_new_player,identity_name_team_map,No reviewed normalized-name/team identity alias; do not auto-guess.
2026-07-08,2026-07-08T15:51:55.513256+00:00,2026-07-08,DraftKings official lineup CSV,https://www.draftkings.com/lineup/getavailableplayerscsv?contestTypeId=9&draftGroupId=150412,150412,9,Selected largest-prize regular Classic MLB draft group after excluding Turbo/Night/qualifier/satellite/showdown/snake/single-stat slates.,C,Luis Torrens (43505021),Luis Torrens,43505021,C,2200,KC@NYM 07/08/2026 07:10PM ET,07/08/2026 07:10PM ET,NYM,KC,home,4.05,620443,Luis Torrens,mapped,identity_name_team_map,Stable identity seed from old DK-ID map. Pilot join status: matched via normalized_name_team
2026-07-08,2026-07-08T15:51:55.513256+00:00,2026-07-08,DraftKings official lineup CSV,https://www.draftkings.com/lineup/getavailableplayerscsv?contestTypeId=9&draftGroupId=150412,150412,9,Selected largest-prize regular Classic MLB draft group after excluding Turbo/Night/qualifier/satellite/showdown/snake/single-stat slates.,OF,MJ Melendez (43505097),MJ Melendez,43505097,OF,2200,KC@NYM 07/08/2026 07:10PM ET,07/08/2026 07:10PM ET,NYM,KC,home,3.68,669004,MJ Melendez,mapped,identity_name_team_map,Stable identity seed from old DK-ID map. Pilot join status: matched via normalized_name_team
2026-07-08,2026-07-08T15:51:55.513256+00:00,2026-07-08,DraftKings official lineup CSV,https://www.draftkings.com/lineup/getavailableplayerscsv?contestTypeId=9&draftGroupId=150412,150412,9,Selected largest-prize regular Classic MLB draft group after excluding Turbo/Night/qualifier/satellite/showdown/snake/single-stat slates.,2B/OF,Cam Cauley (43505030),Cam Cauley,43505030,2B/OF,2100,LAA@TEX 07/08/2026 08:05PM ET,07/08/2026 08:05PM ET,TEX,LAA,home,3.67,,,needs_review_new_player,identity_name_team_map,No reviewed normalized-name/team identity alias; do not auto-guess.
2026-07-08,2026-07-08T15:51:55.513256+00:00,2026-07-08,DraftKings official lineup CSV,https://www.draftkings.com/lineup/getavailableplayerscsv?contestTypeId=9&draftGroupId=150412,150412,9,Selected largest-prize regular Classic MLB draft group after excluding Turbo/Night/qualifier/satellite/showdown/snake/single-stat slates.,C,Garrett Stubbs (43505033),Garrett Stubbs,43505033,C,2100,PHI@CIN 07/08/2026 07:10PM ET,07/08/2026 07:10PM ET,PHI,CIN,away,2.05,596117,Garrett Stubbs,mapped,identity_name_team_map,Stable identity seed from old DK-ID map. Pilot join status: matched via normalized_name_team
2026-07-08,2026-07-08T15:51:55.513256+00:00,2026-07-08,DraftKings official lineup CSV,https://www.draftkings.com/lineup/getavailableplayerscsv?contestTypeId=9&draftGroupId=150412,150412,9,Selected largest-prize regular Classic MLB draft group after excluding Turbo/Night/qualifier/satellite/showdown/snake/single-stat slates.,SS,Tsung-Che Cheng (43505032),Tsung-Che Cheng,43505032,SS,2100,BOS@CWS 07/08/2026 07:40PM ET,07/08/2026 07:40PM ET,BOS,CWS,away,4,,,needs_review_new_player,identity_name_team_map,No reviewed normalized-name/team identity alias; do not auto-guess.
2026-07-08,2026-07-08T15:51:55.513256+00:00,2026-07-08,DraftKings official lineup CSV,https://www.draftkings.com/lineup/getavailableplayerscsv?contestTypeId=9&draftGroupId=150412,150412,9,Selected largest-prize regular Classic MLB draft group after excluding Turbo/Night/qualifier/satellite/showdown/snake/single-stat slates.,C,Yohel Pozo (43505098),Yohel Pozo,43505098,C,2100,MIL@STL 07/08/2026 07:45PM ET,07/08/2026 07:45PM ET,STL,MIL,home,2,650968,Yohel Pozo,mapped,identity_name_team_map,Stable identity seed from old DK-ID map. Pilot join status: matched via normalized_name_team
2026-07-08,2026-07-08T15:51:55.513256+00:00,2026-07-08,DraftKings official lineup CSV,https://www.draftkings.com/lineup/getavailableplayerscsv?contestTypeId=9&draftGroupId=150412,150412,9,Selected largest-prize regular Classic MLB draft group after excluding Turbo/Night/qualifier/satellite/showdown/snake/single-stat slates.,C,Luke Maile (43505029),Luke Maile,43505029,C,2100,KC@NYM 07/08/2026 07:10PM ET,07/08/2026 07:10PM ET,KC,NYM,away,22,,,needs_review_new_player,identity_name_team_map,No reviewed normalized-name/team identity alias; do not auto-guess.
2026-07-08,2026-07-08T15:51:55.513256+00:00,2026-07-08,DraftKings official lineup CSV,https://www.draftkings.com/lineup/getavailableplayerscsv?contestTypeId=9&draftGroupId=150412,150412,9,Selected largest-prize regular Classic MLB draft group after excluding Turbo/Night/qualifier/satellite/showdown/snake/single-stat slates.,C,Tyler Heineman (43505039),Tyler Heineman,43505039,C,2000,LAA@TEX 07/08/2026 08:05PM ET,07/08/2026 08:05PM ET,LAA,TEX,away,2.41,623168,Tyler Heineman,needs_review_team_change,identity_name_unique_mlbam,Name maps to one reviewed MLBAM identity but not this DK team; review as team-change/new alias before trusting automation.
2026-07-08,2026-07-08T15:51:55.513256+00:00,2026-07-08,DraftKings official lineup CSV,https://www.draftkings.com/lineup/getavailableplayerscsv?contestTypeId=9&draftGroupId=150412,150412,9,Selected largest-prize regular Classic MLB draft group after excluding Turbo/Night/qualifier/satellite/showdown/snake/single-stat slates.,OF,Michael Helman (43505100),Michael Helman,43505100,OF,2000,LAA@TEX 07/08/2026 08:05PM ET,07/08/2026 08:05PM ET,TEX,LAA,home,2.53,680737,Michael Helman,mapped,identity_name_team_map,Stable identity seed from old DK-ID map. Pilot join status: matched via normalized_name_team
2026-07-08,2026-07-08T15:51:55.513256+00:00,2026-07-08,DraftKings official lineup CSV,https://www.draftkings.com/lineup/getavailableplayerscsv?contestTypeId=9&draftGroupId=150412,150412,9,Selected largest-prize regular Classic MLB draft group after excluding Turbo/Night/qualifier/satellite/showdown/snake/single-stat slates.,C,Logan Porter (43505106),Logan Porter,43505106,C,2000,LAA@TEX 07/08/2026 08:05PM ET,07/08/2026 08:05PM ET,LAA,TEX,away,4.33,,,needs_review_new_player,identity_name_team_map,No reviewed normalized-name/team identity alias; do not auto-guess.
2026-07-08,2026-07-08T15:51:55.513256+00:00,2026-07-08,DraftKings official lineup CSV,https://www.draftkings.com/lineup/getavailableplayerscsv?contestTypeId=9&draftGroupId=150412,150412,9,Selected largest-prize regular Classic MLB draft group after excluding Turbo/Night/qualifier/satellite/showdown/snake/single-stat slates.,2B,Adam Frazier (43505107),Adam Frazier,43505107,2B,2000,LAA@TEX 07/08/2026 08:05PM ET,07/08/2026 08:05PM ET,LAA,TEX,away,3.22,624428,Adam Frazier,mapped,identity_name_team_map,Stable identity seed from old DK-ID map. Pilot join status: matched via normalized_name_team
2026-07-08,2026-07-08T15:51:55.513256+00:00,2026-07-08,DraftKings official lineup CSV,https://www.draftkings.com/lineup/getavailableplayerscsv?contestTypeId=9&draftGroupId=150412,150412,9,Selected largest-prize regular Classic MLB draft group after excluding Turbo/Night/qualifier/satellite/showdown/snake/single-stat slates.,C,Sebastian Rivero (43505108),Sebastian Rivero,43505108,C,2000,LAA@TEX 07/08/2026 08:05PM ET,07/08/2026 08:05PM ET,LAA,TEX,away,3.12,665861,Sebastián Rivero,mapped,identity_name_team_map,Stable identity seed from old DK-ID map. Pilot join status: matched via normalized_name_team
2026-07-08,2026-07-08T15:51:55.513256+00:00,2026-07-08,DraftKings official lineup CSV,https://www.draftkings.com/lineup/getavailableplayerscsv?contestTypeId=9&draftGroupId=150412,150412,9,Selected largest-prize regular Classic MLB draft group after excluding Turbo/Night/qualifier/satellite/showdown/snake/single-stat slates.,OF,Gustavo Campero (43505109),Gustavo Campero,43505109,OF,2000,LAA@TEX 07/08/2026 08:05PM ET,07/08/2026 08:05PM ET,LAA,TEX,away,0,672569,Gustavo Campero,mapped,identity_name_team_map,Stable identity seed from old DK-ID map. Pilot join status: matched_people_search_name via mlb_people_search_normalized_name
2026-07-08,2026-07-08T15:51:55.513256+00:00,2026-07-08,DraftKings official lineup CSV,https://www.draftkings.com/lineup/getavailableplayerscsv?contestTypeId=9&draftGroupId=150412,150412,9,Selected largest-prize regular Classic MLB draft group after excluding Turbo/Night/qualifier/satellite/showdown/snake/single-stat slates.,C,Travis d'Arnaud (43505110),Travis d'Arnaud,43505110,C,2000,LAA@TEX 07/08/2026 08:05PM ET,07/08/2026 08:05PM ET,LAA,TEX,away,4,518595,Travis d'Arnaud,mapped,identity_name_team_map,Stable identity seed from old DK-ID map. Pilot join status: matched via normalized_name_team
2026-07-08,2026-07-08T15:51:55.513256+00:00,2026-07-08,DraftKings official lineup CSV,https://www.draftkings.com/lineup/getavailableplayerscsv?contestTypeId=9&draftGroupId=150412,150412,9,Selected largest-prize regular Classic MLB draft group after excluding Turbo/Night/qualifier/satellite/showdown/snake/single-stat slates.,2B/3B,Anthony Rendon (43505116),Anthony Rendon,43505116,2B/3B,2000,LAA@TEX 07/08/2026 08:05PM ET,07/08/2026 08:05PM ET,LAA,TEX,away,0,543685,Anthony Rendon,mapped,identity_name_team_map,Stable identity seed from old DK-ID map. Pilot join status: matched_people_search_name via mlb_people_search_normalized_name
2026-07-08,2026-07-08T15:51:55.513256+00:00,2026-07-08,DraftKings official lineup CSV,https://www.draftkings.com/lineup/getavailableplayerscsv?contestTypeId=9&draftGroupId=150412,150412,9,Selected largest-prize regular Classic MLB draft group after excluding Turbo/Night/qualifier/satellite/showdown/snake/single-stat slates.,OF,Dairon Blanco (43505140),Dairon Blanco,43505140,OF,2000,LAA@TEX 07/08/2026 08:05PM ET,07/08/2026 08:05PM ET,TEX,LAA,home,0,680118,Dairon Blanco,mapped,identity_name_team_map,Stable identity seed from old DK-ID map. Pilot join status: matched_people_search_name via mlb_people_search_normalized_name
2026-07-08,2026-07-08T15:51:55.513256+00:00,2026-07-08,DraftKings official lineup CSV,https://www.draftkings.com/lineup/getavailableplayerscsv?contestTypeId=9&draftGroupId=150412,150412,9,Selected largest-prize regular Classic MLB draft group after excluding Turbo/Night/qualifier/satellite/showdown/snake/single-stat slates.,C,Danny Jansen (43505141),Danny Jansen,43505141,C,2000,LAA@TEX 07/08/2026 08:05PM ET,07/08/2026 08:05PM ET,TEX,LAA,home,4.58,643376,Danny Jansen,mapped,identity_name_team_map,Stable identity seed from old DK-ID map. Pilot join status: matched via normalized_name_team
2026-07-08,2026-07-08T15:51:55.513256+00:00,2026-07-08,DraftKings official lineup CSV,https://www.draftkings.com/lineup/getavailableplayerscsv?contestTypeId=9&draftGroupId=150412,150412,9,Selected largest-prize regular Classic MLB draft group after excluding Turbo/Night/qualifier/satellite/showdown/snake/single-stat slates.,OF,Kyren Paris (43505142),Kyren Paris,43505142,OF,2000,LAA@TEX 07/08/2026 08:05PM ET,07/08/2026 08:05PM ET,LAA,TEX,away,0,677347,Kyren Paris,mapped,identity_name_team_map,Stable identity seed from old DK-ID map. Pilot join status: matched_people_search_name via mlb_people_search_normalized_name
2026-07-08,2026-07-08T15:51:55.513256+00:00,2026-07-08,DraftKings official lineup CSV,https://www.draftkings.com/lineup/getavailableplayerscsv?contestTypeId=9&draftGroupId=150412,150412,9,Selected largest-prize regular Classic MLB draft group after excluding Turbo/Night/qualifier/satellite/showdown/snake/single-stat slates.,3B,Yoan Moncada (43505143),Yoan Moncada,43505143,3B,2000,LAA@TEX 07/08/2026 08:05PM ET,07/08/2026 08:05PM ET,LAA,TEX,away,4.20,660162,Yoán Moncada,mapped,identity_name_team_map,Stable identity seed from old DK-ID map. Pilot join status: matched via normalized_name_team
2026-07-08,2026-07-08T15:51:55.513256+00:00,2026-07-08,DraftKings official lineup CSV,https://www.draftkings.com/lineup/getavailableplayerscsv?contestTypeId=9&draftGroupId=150412,150412,9,Selected largest-prize regular Classic MLB draft group after excluding Turbo/Night/qualifier/satellite/showdown/snake/single-stat slates.,2B/OF,Christian Moore (43505146),Christian Moore,43505146,2B/OF,2000,LAA@TEX 07/08/2026 08:05PM ET,07/08/2026 08:05PM ET,LAA,TEX,away,2.67,695681,Christian Moore,mapped,identity_name_team_map,Stable identity seed from old DK-ID map. Pilot join status: matched_people_search_name via mlb_people_search_normalized_name
2026-07-08,2026-07-08T15:51:55.513256+00:00,2026-07-08,DraftKings official lineup CSV,https://www.draftkings.com/lineup/getavailableplayerscsv?contestTypeId=9&draftGroupId=150412,150412,9,Selected largest-prize regular Classic MLB draft group after excluding Turbo/Night/qualifier/satellite/showdown/snake/single-stat slates.,OF,Bryce Teodosio (43505158),Bryce Teodosio,43505158,OF,2000,LAA@TEX 07/08/2026 08:05PM ET,07/08/2026 08:05PM ET,LAA,TEX,away,2.18,669326,Bryce Teodosio,mapped,identity_name_team_map,Stable identity seed from old DK-ID map. Pilot join status: matched via normalized_name_team
2026-07-08,2026-07-08T15:51:55.513256+00:00,2026-07-08,DraftKings official lineup CSV,https://www.draftkings.com/lineup/getavailableplayerscsv?contestTypeId=9&draftGroupId=150412,150412,9,Selected largest-prize regular Classic MLB draft group after excluding Turbo/Night/qualifier/satellite/showdown/snake/single-stat slates.,1B,Trey Mancini (43505163),Trey Mancini,43505163,1B,2000,LAA@TEX 07/08/2026 08:05PM ET,07/08/2026 08:05PM ET,LAA,TEX,away,5.4,641820,Trey Mancini,mapped,identity_name_team_map,Resolved via existing Longball historical data and MLB Stats API all-players list; DK team LAA.
2026-07-08,2026-07-08T15:51:55.513256+00:00,2026-07-08,DraftKings official lineup CSV,https://www.draftkings.com/lineup/getavailableplayerscsv?contestTypeId=9&draftGroupId=150412,150412,9,Selected largest-prize regular Classic MLB draft group after excluding Turbo/Night/qualifier/satellite/showdown/snake/single-stat slates.,2B,Cody Freeman (43505169),Cody Freeman,43505169,2B,2000,LAA@TEX 07/08/2026 08:05PM ET,07/08/2026 08:05PM ET,TEX,LAA,home,2.29,683227,Cody Freeman,mapped,identity_name_team_map,Stable identity seed from old DK-ID map. Pilot join status: matched via normalized_name_team
2026-07-08,2026-07-08T15:51:55.513256+00:00,2026-07-08,DraftKings official lineup CSV,https://www.draftkings.com/lineup/getavailableplayerscsv?contestTypeId=9&draftGroupId=150412,150412,9,Selected largest-prize regular Classic MLB draft group after excluding Turbo/Night/qualifier/satellite/showdown/snake/single-stat slates.,OF,Ivan Johnson (43505037),Ivan Johnson,43505037,OF,2000,PHI@CIN 07/08/2026 07:10PM ET,07/08/2026 07:10PM ET,CIN,PHI,home,0.67,,,needs_review_new_player,identity_name_team_map,No reviewed normalized-name/team identity alias; do not auto-guess.
2026-07-08,2026-07-08T15:51:55.513256+00:00,2026-07-08,DraftKings official lineup CSV,https://www.draftkings.com/lineup/getavailableplayerscsv?contestTypeId=9&draftGroupId=150412,150412,9,Selected largest-prize regular Classic MLB draft group after excluding Turbo/Night/qualifier/satellite/showdown/snake/single-stat slates.,OF,Hector Rodriguez (43505119),Hector Rodriguez,43505119,OF,2000,PHI@CIN 07/08/2026 07:10PM ET,07/08/2026 07:10PM ET,CIN,PHI,home,0,699302,Héctor Rodríguez,mapped,identity_name_team_map,"Stable identity seed from old DK-ID map. Resolved name collision: selected active/current OF Héctor Rodríguez, not historical MLBAM 121356."
2026-07-08,2026-07-08T15:51:55.513256+00:00,2026-07-08,DraftKings official lineup CSV,https://www.draftkings.com/lineup/getavailableplayerscsv?contestTypeId=9&draftGroupId=150412,150412,9,Selected largest-prize regular Classic MLB draft group after excluding Turbo/Night/qualifier/satellite/showdown/snake/single-stat slates.,SS,Leo Balcazar (43505121),Leo Balcazar,43505121,SS,2000,PHI@CIN 07/08/2026 07:10PM ET,07/08/2026 07:10PM ET,CIN,PHI,home,0,699114,Leo Balcazar,mapped,identity_name_team_map,Stable identity seed from old DK-ID map. Pilot join status: matched_people_search_name via mlb_people_search_normalized_name
2026-07-08,2026-07-08T15:51:55.513256+00:00,2026-07-08,DraftKings official lineup CSV,https://www.draftkings.com/lineup/getavailableplayerscsv?contestTypeId=9&draftGroupId=150412,150412,9,Selected largest-prize regular Classic MLB draft group after excluding Turbo/Night/qualifier/satellite/showdown/snake/single-stat slates.,SS,Christian Cairo (43505123),Christian Cairo,43505123,SS,2000,PHI@CIN 07/08/2026 07:10PM ET,07/08/2026 07:10PM ET,PHI,CIN,away,0,686551,Christian Cairo,mapped,identity_name_team_map,Stable identity seed from old DK-ID map. Pilot join status: matched_people_search_name via mlb_people_search_normalized_name
2026-07-08,2026-07-08T15:51:55.513256+00:00,2026-07-08,DraftKings official lineup CSV,https://www.draftkings.com/lineup/getavailableplayerscsv?contestTypeId=9&draftGroupId=150412,150412,9,Selected largest-prize regular Classic MLB draft group after excluding Turbo/Night/qualifier/satellite/showdown/snake/single-stat slates.,3B/SS,Sergio Alcantara (43505129),Sergio Alcantara,43505129,3B/SS,2000,PHI@CIN 07/08/2026 07:10PM ET,07/08/2026 07:10PM ET,PHI,CIN,away,0,642727,Sergio Alcántara,mapped,identity_name_team_map,Stable identity seed from old DK-ID map. Pilot join status: matched_people_search_name via mlb_people_search_normalized_name
2026-07-08,2026-07-08T15:51:55.513256+00:00,2026-07-08,DraftKings official lineup CSV,https://www.draftkings.com/lineup/getavailableplayerscsv?contestTypeId=9&draftGroupId=150412,150412,9,Selected largest-prize regular Classic MLB draft group after excluding Turbo/Night/qualifier/satellite/showdown/snake/single-stat slates.,OF,Adolis Garcia (43505132),Adolis Garcia,43505132,OF,2000,PHI@CIN 07/08/2026 07:10PM ET,07/08/2026 07:10PM ET,PHI,CIN,away,5.24,666969,Adolis García,mapped,identity_name_team_map,Stable identity seed from old DK-ID map. Pilot join status: matched via normalized_name_team
2026-07-08,2026-07-08T15:51:55.513256+00:00,2026-07-08,DraftKings official lineup CSV,https://www.draftkings.com/lineup/getavailableplayerscsv?contestTypeId=9&draftGroupId=150412,150412,9,Selected largest-prize regular Classic MLB draft group after excluding Turbo/Night/qualifier/satellite/showdown/snake/single-stat slates.,OF,Johan Rojas (43505136),Johan Rojas,43505136,OF,2000,PHI@CIN 07/08/2026 07:10PM ET,07/08/2026 07:10PM ET,PHI,CIN,away,0,679032,Johan Rojas,mapped,identity_name_team_map,Stable identity seed from old DK-ID map. Pilot join status: matched_people_search_name via mlb_people_search_normalized_name
2026-07-08,2026-07-08T15:51:55.513256+00:00,2026-07-08,DraftKings official lineup CSV,https://www.draftkings.com/lineup/getavailableplayerscsv?contestTypeId=9&draftGroupId=150412,150412,9,Selected largest-prize regular Classic MLB draft group after excluding Turbo/Night/qualifier/satellite/showdown/snake/single-stat slates.,3B,Ke'Bryan Hayes (43505155),Ke'Bryan Hayes,43505155,3B,2000,PHI@CIN 07/08/2026 07:10PM ET,07/08/2026 07:10PM ET,CIN,PHI,home,2.84,663647,Ke'Bryan Hayes,mapped,identity_name_team_map,Stable identity seed from old DK-ID map. Pilot join status: matched via normalized_name_team
2026-07-08,2026-07-08T15:51:55.513256+00:00,2026-07-08,DraftKings official lineup CSV,https://www.draftkings.com/lineup/getavailableplayerscsv?contestTypeId=9&draftGroupId=150412,150412,9,Selected largest-prize regular Classic MLB draft group after excluding Turbo/Night/qualifier/satellite/showdown/snake/single-stat slates.,OF,Steward Berroa (43505166),Steward Berroa,43505166,OF,2000,PHI@CIN 07/08/2026 07:10PM ET,07/08/2026 07:10PM ET,PHI,CIN,away,0.83,672642,Steward Berroa,mapped,identity_name_team_map,Stable identity seed from old DK-ID map. Pilot join status: matched via normalized_name_team
2026-07-08,2026-07-08T15:51:55.513256+00:00,2026-07-08,DraftKings official lineup CSV,https://www.draftkings.com/lineup/getavailableplayerscsv?contestTypeId=9&draftGroupId=150412,150412,9,Selected largest-prize regular Classic MLB draft group after excluding Turbo/Night/qualifier/satellite/showdown/snake/single-stat slates.,1B/OF,Felix Reyes (43505174),Felix Reyes,43505174,1B/OF,2000,PHI@CIN 07/08/2026 07:10PM ET,07/08/2026 07:10PM ET,PHI,CIN,away,2.92,694025,Felix Reyes,mapped,identity_name_team_map,Stable identity seed from old DK-ID map. Pilot join status: matched via normalized_name_team
2026-07-08,2026-07-08T15:51:55.513256+00:00,2026-07-08,DraftKings official lineup CSV,https://www.draftkings.com/lineup/getavailableplayerscsv?contestTypeId=9&draftGroupId=150412,150412,9,Selected largest-prize regular Classic MLB draft group after excluding Turbo/Night/qualifier/satellite/showdown/snake/single-stat slates.,1B/OF,Otto Kemp (43505176),Otto Kemp,43505176,1B/OF,2000,PHI@CIN 07/08/2026 07:10PM ET,07/08/2026 07:10PM ET,PHI,CIN,away,0.77,805249,Otto Kemp,mapped,identity_name_team_map,Stable identity seed from old DK-ID map. Pilot join status: matched via normalized_name_team
2026-07-08,2026-07-08T15:51:55.513256+00:00,2026-07-08,DraftKings official lineup CSV,https://www.draftkings.com/lineup/getavailableplayerscsv?contestTypeId=9&draftGroupId=150412,150412,9,Selected largest-prize regular Classic MLB draft group after excluding Turbo/Night/qualifier/satellite/showdown/snake/single-stat slates.,C,Will Banfield (43505178),Will Banfield,43505178,C,2000,PHI@CIN 07/08/2026 07:10PM ET,07/08/2026 07:10PM ET,CIN,PHI,home,0,,,needs_review_new_player,identity_name_team_map,No reviewed normalized-name/team identity alias; do not auto-guess.
2026-07-08,2026-07-08T15:51:55.513256+00:00,2026-07-08,DraftKings official lineup CSV,https://www.draftkings.com/lineup/getavailableplayerscsv?contestTypeId=9&draftGroupId=150412,150412,9,Selected largest-prize regular Classic MLB draft group after excluding Turbo/Night/qualifier/satellite/showdown/snake/single-stat slates.,C,Carlos Narvaez (43505040),Carlos Narvaez,43505040,C,2000,BOS@CWS 07/08/2026 07:40PM ET,07/08/2026 07:40PM ET,BOS,CWS,away,3.59,,,needs_review_new_player,identity_name_team_map,No reviewed normalized-name/team identity alias; do not auto-guess.
2026-07-08,2026-07-08T15:51:55.513256+00:00,2026-07-08,DraftKings official lineup CSV,https://www.draftkings.com/lineup/getavailableplayerscsv?contestTypeId=9&draftGroupId=150412,150412,9,Selected largest-prize regular Classic MLB draft group after excluding Turbo/Night/qualifier/satellite/showdown/snake/single-stat slates.,OF,Brooks Baldwin (43505101),Brooks Baldwin,43505101,OF,2000,BOS@CWS 07/08/2026 07:40PM ET,07/08/2026 07:40PM ET,CWS,BOS,home,0,681460,Brooks Baldwin,mapped,identity_name_team_map,Stable identity seed from old DK-ID map. Pilot join status: matched_people_search_name via mlb_people_search_normalized_name
2026-07-08,2026-07-08T15:51:55.513256+00:00,2026-07-08,DraftKings official lineup CSV,https://www.draftkings.com/lineup/getavailableplayerscsv?contestTypeId=9&draftGroupId=150412,150412,9,Selected largest-prize regular Classic MLB draft group after excluding Turbo/Night/qualifier/satellite/showdown/snake/single-stat slates.,3B/OF,Tanner Murray (43505102),Tanner Murray,43505102,3B/OF,2000,BOS@CWS 07/08/2026 07:40PM ET,07/08/2026 07:40PM ET,CWS,BOS,home,3.15,695020,Tanner Murray,mapped,identity_name_team_map,Stable identity seed from old DK-ID map. Pilot join status: matched via normalized_name_team
2026-07-08,2026-07-08T15:51:55.513256+00:00,2026-07-08,DraftKings official lineup CSV,https://www.draftkings.com/lineup/getavailableplayerscsv?contestTypeId=9&draftGroupId=150412,150412,9,Selected largest-prize regular Classic MLB draft group after excluding Turbo/Night/qualifier/satellite/showdown/snake/single-stat slates.,OF,Rikuu Nishida (43505104),Rikuu Nishida,43505104,OF,2000,BOS@CWS 07/08/2026 07:40PM ET,07/08/2026 07:40PM ET,CWS,BOS,home,2.58,807747,Rikuu Nishida,mapped,identity_name_team_map,Stable identity seed from old DK-ID map. Pilot join status: matched via normalized_name_team
2026-07-08,2026-07-08T15:51:55.513256+00:00,2026-07-08,DraftKings official lineup CSV,https://www.draftkings.com/lineup/getavailableplayerscsv?contestTypeId=9&draftGroupId=150412,150412,9,Selected largest-prize regular Classic MLB draft group after excluding Turbo/Night/qualifier/satellite/showdown/snake/single-stat slates.,1B,Triston Casas (43505131),Triston Casas,43505131,1B,2000,BOS@CWS 07/08/2026 07:40PM ET,07/08/2026 07:40PM ET,BOS,CWS,away,0,,,needs_review_new_player,identity_name_team_map,No reviewed normalized-name/team identity alias; do not auto-guess.
2026-07-08,2026-07-08T15:51:55.513256+00:00,2026-07-08,DraftKings official lineup CSV,https://www.draftkings.com/lineup/getavailableplayerscsv?contestTypeId=9&draftGroupId=150412,150412,9,Selected largest-prize regular Classic MLB draft group after excluding Turbo/Night/qualifier/satellite/showdown/snake/single-stat slates.,2B,Kristian Campbell (43505135),Kristian Campbell,43505135,2B,2000,BOS@CWS 07/08/2026 07:40PM ET,07/08/2026 07:40PM ET,BOS,CWS,away,0,,,needs_review_new_player,identity_name_team_map,No reviewed normalized-name/team identity alias; do not auto-guess.
2026-07-08,2026-07-08T15:51:55.513256+00:00,2026-07-08,DraftKings official lineup CSV,https://www.draftkings.com/lineup/getavailableplayerscsv?contestTypeId=9&draftGroupId=150412,150412,9,Selected largest-prize regular Classic MLB draft group after excluding Turbo/Night/qualifier/satellite/showdown/snake/single-stat slates.,3B,Brett Harris (43505157),Brett Harris,43505157,3B,2000,BOS@CWS 07/08/2026 07:40PM ET,07/08/2026 07:40PM ET,BOS,CWS,away,0.8,695391,Brett Harris,needs_review_team_change,identity_name_unique_mlbam,Name maps to one reviewed MLBAM identity but not this DK team; review as team-change/new alias before trusting automation.
2026-07-08,2026-07-08T15:51:55.513256+00:00,2026-07-08,DraftKings official lineup CSV,https://www.draftkings.com/lineup/getavailableplayerscsv?contestTypeId=9&draftGroupId=150412,150412,9,Selected largest-prize regular Classic MLB draft group after excluding Turbo/Night/qualifier/satellite/showdown/snake/single-stat slates.,OF,Gabriel Gonzalez (43505099),Gabriel Gonzalez,43505099,OF,2000,CLE@MIN 07/08/2026 07:40PM ET,07/08/2026 07:40PM ET,MIN,CLE,home,9,694224,Gabriel Gonzalez,mapped,identity_name_team_map,Proposed from review candidates; basis=exact normalized name + team; role-compatible; statcast_batter_des_2026; confidence=high; sources=statcast_batter_des_2026
2026-07-08,2026-07-08T15:51:55.513256+00:00,2026-07-08,DraftKings official lineup CSV,https://www.draftkings.com/lineup/getavailableplayerscsv?contestTypeId=9&draftGroupId=150412,150412,9,Selected largest-prize regular Classic MLB draft group after excluding Turbo/Night/qualifier/satellite/showdown/snake/single-stat slates.,OF,Emmanuel Rodriguez (43505118),Emmanuel Rodriguez,43505118,OF,2000,CLE@MIN 07/08/2026 07:40PM ET,07/08/2026 07:40PM ET,MIN,CLE,home,0,,,needs_review_new_player,identity_name_team_map,No reviewed normalized-name/team identity alias; do not auto-guess.
2026-07-08,2026-07-08T15:51:55.513256+00:00,2026-07-08,DraftKings official lineup CSV,https://www.draftkings.com/lineup/getavailableplayerscsv?contestTypeId=9&draftGroupId=150412,150412,9,Selected largest-prize regular Classic MLB draft group after excluding Turbo/Night/qualifier/satellite/showdown/snake/single-stat slates.,OF,Hendry Mendez (43505124),Hendry Mendez,43505124,OF,2000,CLE@MIN 07/08/2026 07:40PM ET,07/08/2026 07:40PM ET,MIN,CLE,home,0,,,needs_review_new_player,identity_name_team_map,No reviewed normalized-name/team identity alias; do not auto-guess.
2026-07-08,2026-07-08T15:51:55.513256+00:00,2026-07-08,DraftKings official lineup CSV,https://www.draftkings.com/lineup/getavailableplayerscsv?contestTypeId=9&draftGroupId=150412,150412,9,Selected largest-prize regular Classic MLB draft group after excluding Turbo/Night/qualifier/satellite/showdown/snake/single-stat slates.,SS,Angel Genao (43505125),Angel Genao,43505125,SS,2000,CLE@MIN 07/08/2026 07:40PM ET,07/08/2026 07:40PM ET,CLE,MIN,away,0,,,needs_review_new_player,identity_name_team_map,No reviewed normalized-name/team identity alias; do not auto-guess.
2026-07-08,2026-07-08T15:51:55.513256+00:00,2026-07-08,DraftKings official lineup CSV,https://www.draftkings.com/lineup/getavailableplayerscsv?contestTypeId=9&draftGroupId=150412,150412,9,Selected largest-prize regular Classic MLB draft group after excluding Turbo/Night/qualifier/satellite/showdown/snake/single-stat slates.,OF,Alan Roden (43505144),Alan Roden,43505144,OF,2000,CLE@MIN 07/08/2026 07:40PM ET,07/08/2026 07:40PM ET,MIN,CLE,home,0,702176,Alan Roden,mapped,identity_name_team_map,Proposed from review candidates; basis=exact normalized name + team; role-compatible; statcast_batter_des_2026; confidence=high; sources=statcast_batter_des_2026
2026-07-08,2026-07-08T15:51:55.513256+00:00,2026-07-08,DraftKings official lineup CSV,https://www.draftkings.com/lineup/getavailableplayerscsv?contestTypeId=9&draftGroupId=150412,150412,9,Selected largest-prize regular Classic MLB draft group after excluding Turbo/Night/qualifier/satellite/showdown/snake/single-stat slates.,OF,Petey Halpin (43505145),Petey Halpin,43505145,OF,2000,CLE@MIN 07/08/2026 07:40PM ET,07/08/2026 07:40PM ET,CLE,MIN,away,2.29,,,needs_review_new_player,identity_name_team_map,No reviewed normalized-name/team identity alias; do not auto-guess.
2026-07-08,2026-07-08T15:51:55.513256+00:00,2026-07-08,DraftKings official lineup CSV,https://www.draftkings.com/lineup/getavailableplayerscsv?contestTypeId=9&draftGroupId=150412,150412,9,Selected largest-prize regular Classic MLB draft group after excluding Turbo/Night/qualifier/satellite/showdown/snake/single-stat slates.,1B/OF,CJ Kayfus (43505148),CJ Kayfus,43505148,1B/OF,2000,CLE@MIN 07/08/2026 07:40PM ET,07/08/2026 07:40PM ET,CLE,MIN,away,4.33,,,needs_review_new_player,identity_name_team_map,No reviewed normalized-name/team identity alias; do not auto-guess.
2026-07-08,2026-07-08T15:51:55.513256+00:00,2026-07-08,DraftKings official lineup CSV,https://www.draftkings.com/lineup/getavailableplayerscsv?contestTypeId=9&draftGroupId=150412,150412,9,Selected largest-prize regular Classic MLB draft group after excluding Turbo/Night/qualifier/satellite/showdown/snake/single-stat slates.,2B,Juan Brito (43505152),Juan Brito,43505152,2B,2000,CLE@MIN 07/08/2026 07:40PM ET,07/08/2026 07:40PM ET,CLE,MIN,away,4.33,,,needs_review_new_player,identity_name_team_map,No reviewed normalized-name/team identity alias; do not auto-guess.
2026-07-08,2026-07-08T15:51:55.513256+00:00,2026-07-08,DraftKings official lineup CSV,https://www.draftkings.com/lineup/getavailableplayerscsv?contestTypeId=9&draftGroupId=150412,150412,9,Selected largest-prize regular Classic MLB draft group after excluding Turbo/Night/qualifier/satellite/showdown/snake/single-stat slates.,C,Bo Naylor (43505154),Bo Naylor,43505154,C,2000,CLE@MIN 07/08/2026 07:40PM ET,07/08/2026 07:40PM ET,CLE,MIN,away,3.14,,,needs_review_new_player,identity_name_team_map,No reviewed normalized-name/team identity alias; do not auto-guess.
2026-07-08,2026-07-08T15:51:55.513256+00:00,2026-07-08,DraftKings official lineup CSV,https://www.draftkings.com/lineup/getavailableplayerscsv?contestTypeId=9&draftGroupId=150412,150412,9,Selected largest-prize regular Classic MLB draft group after excluding Turbo/Night/qualifier/satellite/showdown/snake/single-stat slates.,C,Eliezer Alfonzo (43505038),Eliezer Alfonzo,43505038,C,2000,COL@LAD 07/08/2026 10:10PM ET,07/08/2026 10:10PM ET,LAD,COL,home,0,,,needs_review_new_player,identity_name_team_map,No reviewed normalized-name/team identity alias; do not auto-guess.
2026-07-08,2026-07-08T15:51:55.513256+00:00,2026-07-08,DraftKings official lineup CSV,https://www.draftkings.com/lineup/getavailableplayerscsv?contestTypeId=9&draftGroupId=150412,150412,9,Selected largest-prize regular Classic MLB draft group after excluding Turbo/Night/qualifier/satellite/showdown/snake/single-stat slates.,3B/OF,Nick Senzel (43505126),Nick Senzel,43505126,3B/OF,2000,COL@LAD 07/08/2026 10:10PM ET,07/08/2026 10:10PM ET,LAD,COL,home,0,,,needs_review_new_player,identity_name_team_map,No reviewed normalized-name/team identity alias; do not auto-guess.
2026-07-08,2026-07-08T15:51:55.513256+00:00,2026-07-08,DraftKings official lineup CSV,https://www.draftkings.com/lineup/getavailableplayerscsv?contestTypeId=9&draftGroupId=150412,150412,9,Selected largest-prize regular Classic MLB draft group after excluding Turbo/Night/qualifier/satellite/showdown/snake/single-stat slates.,3B/OF,Kris Bryant (43505133),Kris Bryant,43505133,3B/OF,2000,COL@LAD 07/08/2026 10:10PM ET,07/08/2026 10:10PM ET,COL,LAD,away,0,592178,Kris Bryant,mapped,identity_name_team_map,Stable identity seed from old DK-ID map. Pilot join status: matched_people_search_name via mlb_people_search_normalized_name
2026-07-08,2026-07-08T15:51:55.513256+00:00,2026-07-08,DraftKings official lineup CSV,https://www.draftkings.com/lineup/getavailableplayerscsv?contestTypeId=9&draftGroupId=150412,150412,9,Selected largest-prize regular Classic MLB draft group after excluding Turbo/Night/qualifier/satellite/showdown/snake/single-stat slates.,2B/OF,Tyler Fitzgerald (43505137),Tyler Fitzgerald,43505137,2B/OF,2000,COL@LAD 07/08/2026 10:10PM ET,07/08/2026 10:10PM ET,LAD,COL,home,0,,,needs_review_new_player,identity_name_team_map,No reviewed normalized-name/team identity alias; do not auto-guess.
2026-07-08,2026-07-08T15:51:55.513256+00:00,2026-07-08,DraftKings official lineup CSV,https://www.draftkings.com/lineup/getavailableplayerscsv?contestTypeId=9&draftGroupId=150412,150412,9,Selected largest-prize regular Classic MLB draft group after excluding Turbo/Night/qualifier/satellite/showdown/snake/single-stat slates.,OF,Zac Veen (43505150),Zac Veen,43505150,OF,2000,COL@LAD 07/08/2026 10:10PM ET,07/08/2026 10:10PM ET,COL,LAD,away,0,691728,Zac Veen,mapped,identity_name_team_map,Stable identity seed from old DK-ID map. Pilot join status: matched_people_search_name via mlb_people_search_normalized_name
2026-07-08,2026-07-08T15:51:55.513256+00:00,2026-07-08,DraftKings official lineup CSV,https://www.draftkings.com/lineup/getavailableplayerscsv?contestTypeId=9&draftGroupId=150412,150412,9,Selected largest-prize regular Classic MLB draft group after excluding Turbo/Night/qualifier/satellite/showdown/snake/single-stat slates.,2B,Adael Amador (43505153),Adael Amador,43505153,2B,2000,COL@LAD 07/08/2026 10:10PM ET,07/08/2026 10:10PM ET,COL,LAD,away,0,691182,Adael Amador,mapped,identity_name_team_map,Stable identity seed from old DK-ID map. Pilot join status: matched_people_search_name via mlb_people_search_normalized_name
2026-07-08,2026-07-08T15:51:55.513256+00:00,2026-07-08,DraftKings official lineup CSV,https://www.draftkings.com/lineup/getavailableplayerscsv?contestTypeId=9&draftGroupId=150412,150412,9,Selected largest-prize regular Classic MLB draft group after excluding Turbo/Night/qualifier/satellite/showdown/snake/single-stat slates.,2B,Ryan Ritter (43505173),Ryan Ritter,43505173,2B,2000,COL@LAD 07/08/2026 10:10PM ET,07/08/2026 10:10PM ET,COL,LAD,away,0.83,690022,Ryan Ritter,mapped,identity_name_team_map,Stable identity seed from old DK-ID map. Pilot join status: matched via normalized_name_team
2026-07-08,2026-07-08T15:51:55.513256+00:00,2026-07-08,DraftKings official lineup CSV,https://www.draftkings.com/lineup/getavailableplayerscsv?contestTypeId=9&draftGroupId=150412,150412,9,Selected largest-prize regular Classic MLB draft group after excluding Turbo/Night/qualifier/satellite/showdown/snake/single-stat slates.,C,Leo Bernal (43505120),Leo Bernal,43505120,C,2000,MIL@STL 07/08/2026 07:45PM ET,07/08/2026 07:45PM ET,STL,MIL,home,0,699024,Leo Bernal,mapped,identity_name_team_map,Stable identity seed from old DK-ID map. Pilot join status: matched_people_search_name via mlb_people_search_normalized_name
2026-07-08,2026-07-08T15:51:55.513256+00:00,2026-07-08,DraftKings official lineup CSV,https://www.draftkings.com/lineup/getavailableplayerscsv?contestTypeId=9&draftGroupId=150412,150412,9,Selected largest-prize regular Classic MLB draft group after excluding Turbo/Night/qualifier/satellite/showdown/snake/single-stat slates.,OF,Joshua Baez (43505122),Joshua Baez,43505122,OF,2000,MIL@STL 07/08/2026 07:45PM ET,07/08/2026 07:45PM ET,STL,MIL,home,0,695491,Joshua Báez,mapped,identity_name_team_map,Stable identity seed from old DK-ID map. Pilot join status: matched_people_search_name via mlb_people_search_normalized_name
2026-07-08,2026-07-08T15:51:55.513256+00:00,2026-07-08,DraftKings official lineup CSV,https://www.draftkings.com/lineup/getavailableplayerscsv?contestTypeId=9&draftGroupId=150412,150412,9,Selected largest-prize regular Classic MLB draft group after excluding Turbo/Night/qualifier/satellite/showdown/snake/single-stat slates.,OF,Luis Lara (43505128),Luis Lara,43505128,OF,2000,MIL@STL 07/08/2026 07:45PM ET,07/08/2026 07:45PM ET,MIL,STL,away,11,,,needs_review_new_player,identity_name_team_map,No reviewed normalized-name/team identity alias; do not auto-guess.
2026-07-08,2026-07-08T15:51:55.513256+00:00,2026-07-08,DraftKings official lineup CSV,https://www.draftkings.com/lineup/getavailableplayerscsv?contestTypeId=9&draftGroupId=150412,150412,9,Selected largest-prize regular Classic MLB draft group after excluding Turbo/Night/qualifier/satellite/showdown/snake/single-stat slates.,OF,Tyler Black (43505139),Tyler Black,43505139,OF,2000,MIL@STL 07/08/2026 07:45PM ET,07/08/2026 07:45PM ET,MIL,STL,away,6.11,672012,Tyler Black,mapped,identity_name_team_map,Stable identity seed from old DK-ID map. Pilot join status: matched via normalized_name_team
2026-07-08,2026-07-08T15:51:55.513256+00:00,2026-07-08,DraftKings official lineup CSV,https://www.draftkings.com/lineup/getavailableplayerscsv?contestTypeId=9&draftGroupId=150412,150412,9,Selected largest-prize regular Classic MLB draft group after excluding Turbo/Night/qualifier/satellite/showdown/snake/single-stat slates.,3B,Cesar Prieto (43505161),Cesar Prieto,43505161,3B,2000,MIL@STL 07/08/2026 07:45PM ET,07/08/2026 07:45PM ET,STL,MIL,home,0,693409,César Prieto,mapped,identity_name_team_map,Stable identity seed from old DK-ID map. Pilot join status: matched via normalized_name_team
2026-07-08,2026-07-08T15:51:55.513256+00:00,2026-07-08,DraftKings official lineup CSV,https://www.draftkings.com/lineup/getavailableplayerscsv?contestTypeId=9&draftGroupId=150412,150412,9,Selected largest-prize regular Classic MLB draft group after excluding Turbo/Night/qualifier/satellite/showdown/snake/single-stat slates.,2B/OF,Thomas Saggese (43505164),Thomas Saggese,43505164,2B/OF,2000,MIL@STL 07/08/2026 07:45PM ET,07/08/2026 07:45PM ET,STL,MIL,home,3.16,695336,Thomas Saggese,mapped,identity_name_team_map,Stable identity seed from old DK-ID map. Pilot join status: matched via normalized_name_team
2026-07-08,2026-07-08T15:51:55.513256+00:00,2026-07-08,DraftKings official lineup CSV,https://www.draftkings.com/lineup/getavailableplayerscsv?contestTypeId=9&draftGroupId=150412,150412,9,Selected largest-prize regular Classic MLB draft group after excluding Turbo/Night/qualifier/satellite/showdown/snake/single-stat slates.,C,Jeferson Quero (43505171),Jeferson Quero,43505171,C,2000,MIL@STL 07/08/2026 07:45PM ET,07/08/2026 07:45PM ET,MIL,STL,away,2,691620,Jeferson Quero,mapped,identity_name_team_map,Stable identity seed from old DK-ID map. Pilot join status: matched via normalized_name_team
2026-07-08,2026-07-08T15:51:55.513256+00:00,2026-07-08,DraftKings official lineup CSV,https://www.draftkings.com/lineup/getavailableplayerscsv?contestTypeId=9&draftGroupId=150412,150412,9,Selected largest-prize regular Classic MLB draft group after excluding Turbo/Night/qualifier/satellite/showdown/snake/single-stat slates.,OF,Greg Jones (43516399),Greg Jones,43516399,OF,2000,MIL@STL 07/08/2026 07:45PM ET,07/08/2026 07:45PM ET,MIL,STL,away,1.18,,,needs_review_new_player,identity_name_team_map,No reviewed normalized-name/team identity alias; do not auto-guess.
2026-07-08,2026-07-08T15:51:55.513256+00:00,2026-07-08,DraftKings official lineup CSV,https://www.draftkings.com/lineup/getavailableplayerscsv?contestTypeId=9&draftGroupId=150412,150412,9,Selected largest-prize regular Classic MLB draft group after excluding Turbo/Night/qualifier/satellite/showdown/snake/single-stat slates.,OF,Nick Castellanos (43505105),Nick Castellanos,43505105,OF,2000,ARI@SD 07/08/2026 10:10PM ET,07/08/2026 10:10PM ET,SD,ARI,home,4.67,592206,Nick Castellanos,mapped,identity_name_team_map,Stable identity seed from old DK-ID map. Pilot join status: matched via normalized_name_team
2026-07-08,2026-07-08T15:51:55.513256+00:00,2026-07-08,DraftKings official lineup CSV,https://www.draftkings.com/lineup/getavailableplayerscsv?contestTypeId=9&draftGroupId=150412,150412,9,Selected largest-prize regular Classic MLB draft group after excluding Turbo/Night/qualifier/satellite/showdown/snake/single-stat slates.,1B,LuJames Groover (43505111),LuJames Groover,43505111,1B,2000,ARI@SD 07/08/2026 10:10PM ET,07/08/2026 10:10PM ET,ARI,SD,away,4.2,,,needs_review_new_player,identity_name_team_map,No reviewed normalized-name/team identity alias; do not auto-guess.
2026-07-08,2026-07-08T15:51:55.513256+00:00,2026-07-08,DraftKings official lineup CSV,https://www.draftkings.com/lineup/getavailableplayerscsv?contestTypeId=9&draftGroupId=150412,150412,9,Selected largest-prize regular Classic MLB draft group after excluding Turbo/Night/qualifier/satellite/showdown/snake/single-stat slates.,OF,Ramon Laureano (43505112),Ramon Laureano,43505112,OF,2000,ARI@SD 07/08/2026 10:10PM ET,07/08/2026 10:10PM ET,SD,ARI,home,6.58,657656,Ramón Laureano,mapped,identity_name_team_map,Stable identity seed from old DK-ID map. Pilot join status: matched via normalized_name_team
2026-07-08,2026-07-08T15:51:55.513256+00:00,2026-07-08,DraftKings official lineup CSV,https://www.draftkings.com/lineup/getavailableplayerscsv?contestTypeId=9&draftGroupId=150412,150412,9,Selected largest-prize regular Classic MLB draft group after excluding Turbo/Night/qualifier/satellite/showdown/snake/single-stat slates.,C,Freddy Fermin (43505113),Freddy Fermin,43505113,C,2000,ARI@SD 07/08/2026 10:10PM ET,07/08/2026 10:10PM ET,SD,ARI,home,3.24,666023,Freddy Fermin,mapped,identity_name_team_map,Stable identity seed from old DK-ID map. Pilot join status: matched via normalized_name_team
2026-07-08,2026-07-08T15:51:55.513256+00:00,2026-07-08,DraftKings official lineup CSV,https://www.draftkings.com/lineup/getavailableplayerscsv?contestTypeId=9&draftGroupId=150412,150412,9,Selected largest-prize regular Classic MLB draft group after excluding Turbo/Night/qualifier/satellite/showdown/snake/single-stat slates.,2B/SS,Mason McCoy (43505114),Mason McCoy,43505114,2B/SS,2000,ARI@SD 07/08/2026 10:10PM ET,07/08/2026 10:10PM ET,SD,ARI,home,0,669200,Mason McCoy,mapped,identity_name_team_map,Stable identity seed from old DK-ID map. Pilot join status: matched_people_search_name via mlb_people_search_normalized_name
2026-07-08,2026-07-08T15:51:55.513256+00:00,2026-07-08,DraftKings official lineup CSV,https://www.draftkings.com/lineup/getavailableplayerscsv?contestTypeId=9&draftGroupId=150412,150412,9,Selected largest-prize regular Classic MLB draft group after excluding Turbo/Night/qualifier/satellite/showdown/snake/single-stat slates.,1B,Tyler Locklear (43505151),Tyler Locklear,43505151,1B,2000,ARI@SD 07/08/2026 10:10PM ET,07/08/2026 10:10PM ET,ARI,SD,away,0,,,needs_review_new_player,identity_name_team_map,No reviewed normalized-name/team identity alias; do not auto-guess.
2026-07-08,2026-07-08T15:51:55.513256+00:00,2026-07-08,DraftKings official lineup CSV,https://www.draftkings.com/lineup/getavailableplayerscsv?contestTypeId=9&draftGroupId=150412,150412,9,Selected largest-prize regular Classic MLB draft group after excluding Turbo/Night/qualifier/satellite/showdown/snake/single-stat slates.,2B,Will Wagner (43505159),Will Wagner,43505159,2B,2000,ARI@SD 07/08/2026 10:10PM ET,07/08/2026 10:10PM ET,SD,ARI,home,3.69,695238,Will Wagner,mapped,identity_name_team_map,Stable identity seed from old DK-ID map. Pilot join status: matched_people_search_name via mlb_people_search_normalized_name
2026-07-08,2026-07-08T15:51:55.513256+00:00,2026-07-08,DraftKings official lineup CSV,https://www.draftkings.com/lineup/getavailableplayerscsv?contestTypeId=9&draftGroupId=150412,150412,9,Selected largest-prize regular Classic MLB draft group after excluding Turbo/Night/qualifier/satellite/showdown/snake/single-stat slates.,2B/3B,Pablo Reyes (43505167),Pablo Reyes,43505167,2B/3B,2000,ARI@SD 07/08/2026 10:10PM ET,07/08/2026 10:10PM ET,SD,ARI,home,0,,,needs_review_new_player,identity_name_team_map,No reviewed normalized-name/team identity alias; do not auto-guess.
2026-07-08,2026-07-08T15:51:55.513256+00:00,2026-07-08,DraftKings official lineup CSV,https://www.draftkings.com/lineup/getavailableplayerscsv?contestTypeId=9&draftGroupId=150412,150412,9,Selected largest-prize regular Classic MLB draft group after excluding Turbo/Night/qualifier/satellite/showdown/snake/single-stat slates.,C,Blake Hunt (43505170),Blake Hunt,43505170,C,2000,ARI@SD 07/08/2026 10:10PM ET,07/08/2026 10:10PM ET,SD,ARI,home,0,,,needs_review_new_player,identity_name_team_map,No reviewed normalized-name/team identity alias; do not auto-guess.
2026-07-08,2026-07-08T15:51:55.513256+00:00,2026-07-08,DraftKings official lineup CSV,https://www.draftkings.com/lineup/getavailableplayerscsv?contestTypeId=9&draftGroupId=150412,150412,9,Selected largest-prize regular Classic MLB draft group after excluding Turbo/Night/qualifier/satellite/showdown/snake/single-stat slates.,SS,Ronny Mauricio (43505034),Ronny Mauricio,43505034,SS,2000,KC@NYM 07/08/2026 07:10PM ET,07/08/2026 07:10PM ET,NYM,KC,home,2.82,677595,Ronny Mauricio,mapped,identity_name_team_map,Stable identity seed from old DK-ID map. Pilot join status: matched via normalized_name_team
2026-07-08,2026-07-08T15:51:55.513256+00:00,2026-07-08,DraftKings official lineup CSV,https://www.draftkings.com/lineup/getavailableplayerscsv?contestTypeId=9&draftGroupId=150412,150412,9,Selected largest-prize regular Classic MLB draft group after excluding Turbo/Night/qualifier/satellite/showdown/snake/single-stat slates.,2B/3B,Josh Rojas (43505035),Josh Rojas,43505035,2B/3B,2000,KC@NYM 07/08/2026 07:10PM ET,07/08/2026 07:10PM ET,KC,NYM,away,3,668942,Josh Rojas,mapped,identity_name_team_map,Stable identity seed from old DK-ID map. Pilot join status: matched via normalized_name_team
2026-07-08,2026-07-08T15:51:55.513256+00:00,2026-07-08,DraftKings official lineup CSV,https://www.draftkings.com/lineup/getavailableplayerscsv?contestTypeId=9&draftGroupId=150412,150412,9,Selected largest-prize regular Classic MLB draft group after excluding Turbo/Night/qualifier/satellite/showdown/snake/single-stat slates.,OF,Nick Morabito (43505156),Nick Morabito,43505156,OF,2000,KC@NYM 07/08/2026 07:10PM ET,07/08/2026 07:10PM ET,NYM,KC,home,0.4,703492,Nick Morabito,mapped,identity_name_team_map,Stable identity seed from old DK-ID map. Pilot join status: matched via normalized_name_team
2026-07-08,2026-07-08T15:51:55.513256+00:00,2026-07-08,DraftKings official lineup CSV,https://www.draftkings.com/lineup/getavailableplayerscsv?contestTypeId=9&draftGroupId=150412,150412,9,Selected largest-prize regular Classic MLB draft group after excluding Turbo/Night/qualifier/satellite/showdown/snake/single-stat slates.,C,Hayden Senger (43505160),Hayden Senger,43505160,C,2000,KC@NYM 07/08/2026 07:10PM ET,07/08/2026 07:10PM ET,NYM,KC,home,3,663584,Hayden Senger,mapped,identity_name_team_map,Stable identity seed from old DK-ID map. Pilot join status: matched via normalized_name_team
2026-07-08,2026-07-08T15:51:55.513256+00:00,2026-07-08,DraftKings official lineup CSV,https://www.draftkings.com/lineup/getavailableplayerscsv?contestTypeId=9&draftGroupId=150412,150412,9,Selected largest-prize regular Classic MLB draft group after excluding Turbo/Night/qualifier/satellite/showdown/snake/single-stat slates.,OF,Matthew Lugo (43505162),Matthew Lugo,43505162,OF,2000,KC@NYM 07/08/2026 07:10PM ET,07/08/2026 07:10PM ET,KC,NYM,away,0,683090,Matthew Lugo,mapped,identity_name_team_map,Stable identity seed from old DK-ID map. Pilot join status: matched_people_search_name via mlb_people_search_normalized_name
2026-07-08,2026-07-08T15:51:55.513256+00:00,2026-07-08,DraftKings official lineup CSV,https://www.draftkings.com/lineup/getavailableplayerscsv?contestTypeId=9&draftGroupId=150412,150412,9,Selected largest-prize regular Classic MLB draft group after excluding Turbo/Night/qualifier/satellite/showdown/snake/single-stat slates.,OF,Jared Oliva (43505172),Jared Oliva,43505172,OF,2000,KC@NYM 07/08/2026 07:10PM ET,07/08/2026 07:10PM ET,NYM,KC,home,1.43,666931,Jared Oliva,needs_review_team_change,identity_name_unique_mlbam,Name maps to one reviewed MLBAM identity but not this DK team; review as team-change/new alias before trusting automation.
