captureDate,capturedAtUtc,slateDate,source,sourceUrl,draftGroupId,contestTypeId,selectionReason,position,namePlusId,dkName,dkPlayerId,rosterPosition,salary,gameInfo,gameDateTimeEt,teamAbbrev,opponent,homeAway,avgPointsPerGame,mlbamId,mlbName,joinStatus,joinMethod,joinNote
2026-08-07,2026-08-07T14:33:53.319605+00:00,2026-08-07,DraftKings official lineup CSV,https://www.draftkings.com/lineup/getavailableplayerscsv?contestTypeId=9&draftGroupId=151692,151692,9,Selected largest-prize regular Classic MLB draft group after excluding Turbo/Night/qualifier/satellite/showdown/snake/single-stat slates.,SP,Jacob Misiorowski (43773082),Jacob Misiorowski,43773082,P,12200,MIN@MIL 08/07/2026 07:40PM ET,08/07/2026 07:40PM ET,MIL,MIN,home,29.41,694819,Jacob Misiorowski,mapped,identity_name_team_map,Stable identity seed from old DK-ID map. Pilot join status: matched via normalized_name_team
2026-08-07,2026-08-07T14:33:53.319605+00:00,2026-08-07,DraftKings official lineup CSV,https://www.draftkings.com/lineup/getavailableplayerscsv?contestTypeId=9&draftGroupId=151692,151692,9,Selected largest-prize regular Classic MLB draft group after excluding Turbo/Night/qualifier/satellite/showdown/snake/single-stat slates.,SP,Cam Schlittler (43773083),Cam Schlittler,43773083,P,11700,ATL@NYY 08/07/2026 07:05PM ET,08/07/2026 07:05PM ET,NYY,ATL,home,22.62,,,needs_review_new_player,identity_name_team_map,No reviewed normalized-name/team identity alias; do not auto-guess.
2026-08-07,2026-08-07T14:33:53.319605+00:00,2026-08-07,DraftKings official lineup CSV,https://www.draftkings.com/lineup/getavailableplayerscsv?contestTypeId=9&draftGroupId=151692,151692,9,Selected largest-prize regular Classic MLB draft group after excluding Turbo/Night/qualifier/satellite/showdown/snake/single-stat slates.,SP,Tarik Skubal (43773084),Tarik Skubal,43773084,P,11300,LAD@ARI 08/07/2026 09:40PM ET,08/07/2026 09:40PM ET,LAD,ARI,away,22.36,669373,Tarik Skubal,needs_review_team_change,identity_name_unique_mlbam,Name maps to one reviewed MLBAM identity but not this DK team; review as team-change/new alias before trusting automation.
2026-08-07,2026-08-07T14:33:53.319605+00:00,2026-08-07,DraftKings official lineup CSV,https://www.draftkings.com/lineup/getavailableplayerscsv?contestTypeId=9&draftGroupId=151692,151692,9,Selected largest-prize regular Classic MLB draft group after excluding Turbo/Night/qualifier/satellite/showdown/snake/single-stat slates.,SP,Tyler Glasnow (43773085),Tyler Glasnow,43773085,P,10800,LAD@ARI 08/07/2026 09:40PM ET,08/07/2026 09:40PM ET,LAD,ARI,away,22.21,,,needs_review_new_player,identity_name_team_map,No reviewed normalized-name/team identity alias; do not auto-guess.
2026-08-07,2026-08-07T14:33:53.319605+00:00,2026-08-07,DraftKings official lineup CSV,https://www.draftkings.com/lineup/getavailableplayerscsv?contestTypeId=9&draftGroupId=151692,151692,9,Selected largest-prize regular Classic MLB draft group after excluding Turbo/Night/qualifier/satellite/showdown/snake/single-stat slates.,SP,Chris Sale (43772508),Chris Sale,43772508,P,10700,ATL@NYY 08/07/2026 07:05PM ET,08/07/2026 07:05PM ET,ATL,NYY,away,23.29,519242,Chris Sale,mapped,identity_name_team_map,Stable identity seed from old DK-ID map. Pilot join status: matched via normalized_name_team
2026-08-07,2026-08-07T14:33:53.319605+00:00,2026-08-07,DraftKings official lineup CSV,https://www.draftkings.com/lineup/getavailableplayerscsv?contestTypeId=9&draftGroupId=151692,151692,9,Selected largest-prize regular Classic MLB draft group after excluding Turbo/Night/qualifier/satellite/showdown/snake/single-stat slates.,SP,Yoshinobu Yamamoto (43773086),Yoshinobu Yamamoto,43773086,P,10300,LAD@ARI 08/07/2026 09:40PM ET,08/07/2026 09:40PM ET,LAD,ARI,away,21.73,,,needs_review_new_player,identity_name_team_map,No reviewed normalized-name/team identity alias; do not auto-guess.
2026-08-07,2026-08-07T14:33:53.319605+00:00,2026-08-07,DraftKings official lineup CSV,https://www.draftkings.com/lineup/getavailableplayerscsv?contestTypeId=9&draftGroupId=151692,151692,9,Selected largest-prize regular Classic MLB draft group after excluding Turbo/Night/qualifier/satellite/showdown/snake/single-stat slates.,SP,Logan Henderson (43773087),Logan Henderson,43773087,P,10200,MIN@MIL 08/07/2026 07:40PM ET,08/07/2026 07:40PM ET,MIL,MIN,home,20.29,701656,Logan Henderson,mapped,identity_name_team_map,Stable identity seed from old DK-ID map. Pilot join status: matched via normalized_name_team
2026-08-07,2026-08-07T14:33:53.319605+00:00,2026-08-07,DraftKings official lineup CSV,https://www.draftkings.com/lineup/getavailableplayerscsv?contestTypeId=9&draftGroupId=151692,151692,9,Selected largest-prize regular Classic MLB draft group after excluding Turbo/Night/qualifier/satellite/showdown/snake/single-stat slates.,SP,Logan Gilbert (43772509),Logan Gilbert,43772509,P,10000,TB@SEA 08/07/2026 09:45PM ET,08/07/2026 09:45PM ET,SEA,TB,home,19.31,,,needs_review_new_player,identity_name_team_map,No reviewed normalized-name/team identity alias; do not auto-guess.
2026-08-07,2026-08-07T14:33:53.319605+00:00,2026-08-07,DraftKings official lineup CSV,https://www.draftkings.com/lineup/getavailableplayerscsv?contestTypeId=9&draftGroupId=151692,151692,9,Selected largest-prize regular Classic MLB draft group after excluding Turbo/Night/qualifier/satellite/showdown/snake/single-stat slates.,SP,Drew Rasmussen (43772510),Drew Rasmussen,43772510,P,9700,TB@SEA 08/07/2026 09:45PM ET,08/07/2026 09:45PM ET,TB,SEA,away,19.22,,,needs_review_new_player,identity_name_team_map,No reviewed normalized-name/team identity alias; do not auto-guess.
2026-08-07,2026-08-07T14:33:53.319605+00:00,2026-08-07,DraftKings official lineup CSV,https://www.draftkings.com/lineup/getavailableplayerscsv?contestTypeId=9&draftGroupId=151692,151692,9,Selected largest-prize regular Classic MLB draft group after excluding Turbo/Night/qualifier/satellite/showdown/snake/single-stat slates.,SP,Gerrit Cole (43773088),Gerrit Cole,43773088,P,9700,ATL@NYY 08/07/2026 07:05PM ET,08/07/2026 07:05PM ET,NYY,ATL,home,18.2,,,needs_review_new_player,identity_name_team_map,No reviewed normalized-name/team identity alias; do not auto-guess.
2026-08-07,2026-08-07T14:33:53.319605+00:00,2026-08-07,DraftKings official lineup CSV,https://www.draftkings.com/lineup/getavailableplayerscsv?contestTypeId=9&draftGroupId=151692,151692,9,Selected largest-prize regular Classic MLB draft group after excluding Turbo/Night/qualifier/satellite/showdown/snake/single-stat slates.,SP,Spencer Schwellenbach (43773089),Spencer Schwellenbach,43773089,P,9700,ATL@NYY 08/07/2026 07:05PM ET,08/07/2026 07:05PM ET,ATL,NYY,away,0,680885,Spencer Schwellenbach,mapped,identity_name_team_map,Stable identity seed from old DK-ID map. Pilot join status: matched_people_search_name via mlb_people_search_normalized_name
2026-08-07,2026-08-07T14:33:53.319605+00:00,2026-08-07,DraftKings official lineup CSV,https://www.draftkings.com/lineup/getavailableplayerscsv?contestTypeId=9&draftGroupId=151692,151692,9,Selected largest-prize regular Classic MLB draft group after excluding Turbo/Night/qualifier/satellite/showdown/snake/single-stat slates.,RP,Spencer Strider (43773090),Spencer Strider,43773090,P,9700,ATL@NYY 08/07/2026 07:05PM ET,08/07/2026 07:05PM ET,ATL,NYY,away,14.67,675911,Spencer Strider,mapped,identity_name_team_map,Stable identity seed from old DK-ID map. Pilot join status: matched via normalized_name_team
2026-08-07,2026-08-07T14:33:53.319605+00:00,2026-08-07,DraftKings official lineup CSV,https://www.draftkings.com/lineup/getavailableplayerscsv?contestTypeId=9&draftGroupId=151692,151692,9,Selected largest-prize regular Classic MLB draft group after excluding Turbo/Night/qualifier/satellite/showdown/snake/single-stat slates.,SP,Nathan Eovaldi (43772511),Nathan Eovaldi,43772511,P,9500,BAL@TEX 08/07/2026 08:15PM ET,08/07/2026 08:15PM ET,TEX,BAL,home,18,543135,Nathan Eovaldi,mapped,identity_name_team_map,Stable identity seed from old DK-ID map. Pilot join status: matched via normalized_name_team
2026-08-07,2026-08-07T14:33:53.319605+00:00,2026-08-07,DraftKings official lineup CSV,https://www.draftkings.com/lineup/getavailableplayerscsv?contestTypeId=9&draftGroupId=151692,151692,9,Selected largest-prize regular Classic MLB draft group after excluding Turbo/Night/qualifier/satellite/showdown/snake/single-stat slates.,SP,Troy Melton (43773091),Troy Melton,43773091,P,9500,DET@SF 08/07/2026 10:15PM ET,08/07/2026 10:15PM ET,DET,SF,away,21.26,675512,Troy Melton,mapped,identity_name_team_map,Proposed from review candidates; basis=exact normalized name + team; role-compatible; hot-dog-stand-latest.json|statcast_pitcher_2026; confidence=high; sources=hot-dog-stand-latest.json|statcast_pitcher_2026
2026-08-07,2026-08-07T14:33:53.319605+00:00,2026-08-07,DraftKings official lineup CSV,https://www.draftkings.com/lineup/getavailableplayerscsv?contestTypeId=9&draftGroupId=151692,151692,9,Selected largest-prize regular Classic MLB draft group after excluding Turbo/Night/qualifier/satellite/showdown/snake/single-stat slates.,RP,Logan Webb (43773092),Logan Webb,43773092,P,9500,DET@SF 08/07/2026 10:15PM ET,08/07/2026 10:15PM ET,SF,DET,home,16.04,657277,Logan Webb,mapped,identity_name_team_map,Stable identity seed from old DK-ID map. Pilot join status: matched via normalized_name_team
2026-08-07,2026-08-07T14:33:53.319605+00:00,2026-08-07,DraftKings official lineup CSV,https://www.draftkings.com/lineup/getavailableplayerscsv?contestTypeId=9&draftGroupId=151692,151692,9,Selected largest-prize regular Classic MLB draft group after excluding Turbo/Night/qualifier/satellite/showdown/snake/single-stat slates.,SP,Jacob deGrom (43773093),Jacob deGrom,43773093,P,9500,BAL@TEX 08/07/2026 08:15PM ET,08/07/2026 08:15PM ET,TEX,BAL,home,17.89,594798,Jacob deGrom,mapped,identity_name_team_map,Stable identity seed from old DK-ID map. Pilot join status: matched via normalized_name_team
2026-08-07,2026-08-07T14:33:53.319605+00:00,2026-08-07,DraftKings official lineup CSV,https://www.draftkings.com/lineup/getavailableplayerscsv?contestTypeId=9&draftGroupId=151692,151692,9,Selected largest-prize regular Classic MLB draft group after excluding Turbo/Night/qualifier/satellite/showdown/snake/single-stat slates.,SP,Parker Messick (43772512),Parker Messick,43772512,P,9200,CLE@CWS 08/07/2026 07:40PM ET,08/07/2026 07:40PM ET,CLE,CWS,away,19.23,,,needs_review_new_player,identity_name_team_map,No reviewed normalized-name/team identity alias; do not auto-guess.
2026-08-07,2026-08-07T14:33:53.319605+00:00,2026-08-07,DraftKings official lineup CSV,https://www.draftkings.com/lineup/getavailableplayerscsv?contestTypeId=9&draftGroupId=151692,151692,9,Selected largest-prize regular Classic MLB draft group after excluding Turbo/Night/qualifier/satellite/showdown/snake/single-stat slates.,SP,Gavin Williams (43773094),Gavin Williams,43773094,P,9200,CLE@CWS 08/07/2026 07:40PM ET,08/07/2026 07:40PM ET,CLE,CWS,away,22.37,,,needs_review_new_player,identity_name_team_map,No reviewed normalized-name/team identity alias; do not auto-guess.
2026-08-07,2026-08-07T14:33:53.319605+00:00,2026-08-07,DraftKings official lineup CSV,https://www.draftkings.com/lineup/getavailableplayerscsv?contestTypeId=9&draftGroupId=151692,151692,9,Selected largest-prize regular Classic MLB draft group after excluding Turbo/Night/qualifier/satellite/showdown/snake/single-stat slates.,SP,Max Meyer (43773095),Max Meyer,43773095,P,9200,LAA@MIA 08/07/2026 07:10PM ET,08/07/2026 07:10PM ET,MIA,LAA,home,19.1,676974,Max Meyer,mapped,identity_name_team_map,Proposed from review candidates; basis=exact normalized name + team; role-compatible; hot-dog-stand-latest.json|statcast_pitcher_2026; confidence=high; sources=hot-dog-stand-latest.json|statcast_pitcher_2026
2026-08-07,2026-08-07T14:33:53.319605+00:00,2026-08-07,DraftKings official lineup CSV,https://www.draftkings.com/lineup/getavailableplayerscsv?contestTypeId=9&draftGroupId=151692,151692,9,Selected largest-prize regular Classic MLB draft group after excluding Turbo/Night/qualifier/satellite/showdown/snake/single-stat slates.,SP,Brandon Woodruff (43773096),Brandon Woodruff,43773096,P,9200,MIN@MIL 08/07/2026 07:40PM ET,08/07/2026 07:40PM ET,MIL,MIN,home,16.73,605540,Brandon Woodruff,mapped,identity_name_team_map,Stable identity seed from old DK-ID map. Pilot join status: matched via normalized_name_team
2026-08-07,2026-08-07T14:33:53.319605+00:00,2026-08-07,DraftKings official lineup CSV,https://www.draftkings.com/lineup/getavailableplayerscsv?contestTypeId=9&draftGroupId=151692,151692,9,Selected largest-prize regular Classic MLB draft group after excluding Turbo/Night/qualifier/satellite/showdown/snake/single-stat slates.,RP,Kyle Harrison (43773097),Kyle Harrison,43773097,P,9200,MIN@MIL 08/07/2026 07:40PM ET,08/07/2026 07:40PM ET,MIL,MIN,home,19.11,690986,Kyle Harrison,mapped,identity_name_team_map,Stable identity seed from old DK-ID map. Pilot join status: matched via normalized_name_team
2026-08-07,2026-08-07T14:33:53.319605+00:00,2026-08-07,DraftKings official lineup CSV,https://www.draftkings.com/lineup/getavailableplayerscsv?contestTypeId=9&draftGroupId=151692,151692,9,Selected largest-prize regular Classic MLB draft group after excluding Turbo/Night/qualifier/satellite/showdown/snake/single-stat slates.,SP,Payton Tolle (43772513),Payton Tolle,43772513,P,9000,ATH@BOS 08/07/2026 07:10PM ET,08/07/2026 07:10PM ET,BOS,ATH,home,17.85,,,needs_review_new_player,identity_name_team_map,No reviewed normalized-name/team identity alias; do not auto-guess.
2026-08-07,2026-08-07T14:33:53.319605+00:00,2026-08-07,DraftKings official lineup CSV,https://www.draftkings.com/lineup/getavailableplayerscsv?contestTypeId=9&draftGroupId=151692,151692,9,Selected largest-prize regular Classic MLB draft group after excluding Turbo/Night/qualifier/satellite/showdown/snake/single-stat slates.,SP,Nick Pivetta (43773098),Nick Pivetta,43773098,P,9000,HOU@SD 08/07/2026 09:40PM ET,08/07/2026 09:40PM ET,SD,HOU,home,15.3,601713,Nick Pivetta,mapped,identity_name_team_map,Stable identity seed from old DK-ID map. Pilot join status: matched via normalized_name_team
2026-08-07,2026-08-07T14:33:53.319605+00:00,2026-08-07,DraftKings official lineup CSV,https://www.draftkings.com/lineup/getavailableplayerscsv?contestTypeId=9&draftGroupId=151692,151692,9,Selected largest-prize regular Classic MLB draft group after excluding Turbo/Night/qualifier/satellite/showdown/snake/single-stat slates.,SP,George Kirby (43773099),George Kirby,43773099,P,9000,TB@SEA 08/07/2026 09:45PM ET,08/07/2026 09:45PM ET,SEA,TB,home,15.96,,,needs_review_new_player,identity_name_team_map,No reviewed normalized-name/team identity alias; do not auto-guess.
2026-08-07,2026-08-07T14:33:53.319605+00:00,2026-08-07,DraftKings official lineup CSV,https://www.draftkings.com/lineup/getavailableplayerscsv?contestTypeId=9&draftGroupId=151692,151692,9,Selected largest-prize regular Classic MLB draft group after excluding Turbo/Night/qualifier/satellite/showdown/snake/single-stat slates.,SP,Bryan Woo (43773100),Bryan Woo,43773100,P,9000,TB@SEA 08/07/2026 09:45PM ET,08/07/2026 09:45PM ET,SEA,TB,home,16.44,,,needs_review_new_player,identity_name_team_map,No reviewed normalized-name/team identity alias; do not auto-guess.
2026-08-07,2026-08-07T14:33:53.319605+00:00,2026-08-07,DraftKings official lineup CSV,https://www.draftkings.com/lineup/getavailableplayerscsv?contestTypeId=9&draftGroupId=151692,151692,9,Selected largest-prize regular Classic MLB draft group after excluding Turbo/Night/qualifier/satellite/showdown/snake/single-stat slates.,SP,Bryce Miller (43773101),Bryce Miller,43773101,P,9000,TB@SEA 08/07/2026 09:45PM ET,08/07/2026 09:45PM ET,SEA,TB,home,18.01,,,needs_review_new_player,identity_name_team_map,No reviewed normalized-name/team identity alias; do not auto-guess.
2026-08-07,2026-08-07T14:33:53.319605+00:00,2026-08-07,DraftKings official lineup CSV,https://www.draftkings.com/lineup/getavailableplayerscsv?contestTypeId=9&draftGroupId=151692,151692,9,Selected largest-prize regular Classic MLB draft group after excluding Turbo/Night/qualifier/satellite/showdown/snake/single-stat slates.,SP,Hunter Brown (43773102),Hunter Brown,43773102,P,9000,HOU@SD 08/07/2026 09:40PM ET,08/07/2026 09:40PM ET,HOU,SD,away,16.16,686613,Hunter Brown,mapped,identity_name_team_map,Stable identity seed from old DK-ID map. Pilot join status: matched via normalized_name_team
2026-08-07,2026-08-07T14:33:53.319605+00:00,2026-08-07,DraftKings official lineup CSV,https://www.draftkings.com/lineup/getavailableplayerscsv?contestTypeId=9&draftGroupId=151692,151692,9,Selected largest-prize regular Classic MLB draft group after excluding Turbo/Night/qualifier/satellite/showdown/snake/single-stat slates.,SP,Casey Mize (43773103),Casey Mize,43773103,P,9000,HOU@SD 08/07/2026 09:40PM ET,08/07/2026 09:40PM ET,SD,HOU,home,15.48,663554,Casey Mize,needs_review_team_change,identity_name_unique_mlbam,Name maps to one reviewed MLBAM identity but not this DK team; review as team-change/new alias before trusting automation.
2026-08-07,2026-08-07T14:33:53.319605+00:00,2026-08-07,DraftKings official lineup CSV,https://www.draftkings.com/lineup/getavailableplayerscsv?contestTypeId=9&draftGroupId=151692,151692,9,Selected largest-prize regular Classic MLB draft group after excluding Turbo/Night/qualifier/satellite/showdown/snake/single-stat slates.,SP,Peter Lambert (43773104),Peter Lambert,43773104,P,9000,HOU@SD 08/07/2026 09:40PM ET,08/07/2026 09:40PM ET,HOU,SD,away,17.89,663567,Peter Lambert,mapped,identity_name_team_map,Stable identity seed from old DK-ID map. Pilot join status: matched via normalized_name_team
2026-08-07,2026-08-07T14:33:53.319605+00:00,2026-08-07,DraftKings official lineup CSV,https://www.draftkings.com/lineup/getavailableplayerscsv?contestTypeId=9&draftGroupId=151692,151692,9,Selected largest-prize regular Classic MLB draft group after excluding Turbo/Night/qualifier/satellite/showdown/snake/single-stat slates.,SP,Garrett Crochet (43773105),Garrett Crochet,43773105,P,9000,ATH@BOS 08/07/2026 07:10PM ET,08/07/2026 07:10PM ET,BOS,ATH,home,13.78,,,needs_review_new_player,identity_name_team_map,No reviewed normalized-name/team identity alias; do not auto-guess.
2026-08-07,2026-08-07T14:33:53.319605+00:00,2026-08-07,DraftKings official lineup CSV,https://www.draftkings.com/lineup/getavailableplayerscsv?contestTypeId=9&draftGroupId=151692,151692,9,Selected largest-prize regular Classic MLB draft group after excluding Turbo/Night/qualifier/satellite/showdown/snake/single-stat slates.,SP,Sonny Gray (43773106),Sonny Gray,43773106,P,9000,ATH@BOS 08/07/2026 07:10PM ET,08/07/2026 07:10PM ET,BOS,ATH,home,18,,,needs_review_new_player,identity_name_team_map,No reviewed normalized-name/team identity alias; do not auto-guess.
2026-08-07,2026-08-07T14:33:53.319605+00:00,2026-08-07,DraftKings official lineup CSV,https://www.draftkings.com/lineup/getavailableplayerscsv?contestTypeId=9&draftGroupId=151692,151692,9,Selected largest-prize regular Classic MLB draft group after excluding Turbo/Night/qualifier/satellite/showdown/snake/single-stat slates.,SP,Joe Ryan (43773107),Joe Ryan,43773107,P,8800,MIN@MIL 08/07/2026 07:40PM ET,08/07/2026 07:40PM ET,MIN,MIL,away,16.49,657746,Joe Ryan,mapped,identity_name_team_map,Proposed from review candidates; basis=exact normalized name + team; role-compatible; hot-dog-stand-latest.json|statcast_pitcher_2026; confidence=high; sources=hot-dog-stand-latest.json|statcast_pitcher_2026
2026-08-07,2026-08-07T14:33:53.319605+00:00,2026-08-07,DraftKings official lineup CSV,https://www.draftkings.com/lineup/getavailableplayerscsv?contestTypeId=9&draftGroupId=151692,151692,9,Selected largest-prize regular Classic MLB draft group after excluding Turbo/Night/qualifier/satellite/showdown/snake/single-stat slates.,SP,Blake Snell (43773108),Blake Snell,43773108,P,8800,LAD@ARI 08/07/2026 09:40PM ET,08/07/2026 09:40PM ET,LAD,ARI,away,3.95,,,needs_review_new_player,identity_name_team_map,No reviewed normalized-name/team identity alias; do not auto-guess.
2026-08-07,2026-08-07T14:33:53.319605+00:00,2026-08-07,DraftKings official lineup CSV,https://www.draftkings.com/lineup/getavailableplayerscsv?contestTypeId=9&draftGroupId=151692,151692,9,Selected largest-prize regular Classic MLB draft group after excluding Turbo/Night/qualifier/satellite/showdown/snake/single-stat slates.,SP,Taj Bradley (43773109),Taj Bradley,43773109,P,8800,MIN@MIL 08/07/2026 07:40PM ET,08/07/2026 07:40PM ET,MIN,MIL,away,18.34,671737,Taj Bradley,mapped,identity_name_team_map,Proposed from review candidates; basis=exact normalized name + team; role-compatible; hot-dog-stand-latest.json|statcast_pitcher_2026; confidence=high; sources=hot-dog-stand-latest.json|statcast_pitcher_2026
2026-08-07,2026-08-07T14:33:53.319605+00:00,2026-08-07,DraftKings official lineup CSV,https://www.draftkings.com/lineup/getavailableplayerscsv?contestTypeId=9&draftGroupId=151692,151692,9,Selected largest-prize regular Classic MLB draft group after excluding Turbo/Night/qualifier/satellite/showdown/snake/single-stat slates.,SP,Max Fried (43772514),Max Fried,43772514,P,8700,ATL@NYY 08/07/2026 07:05PM ET,08/07/2026 07:05PM ET,NYY,ATL,home,17.16,,,needs_review_new_player,identity_name_team_map,No reviewed normalized-name/team identity alias; do not auto-guess.
2026-08-07,2026-08-07T14:33:53.319605+00:00,2026-08-07,DraftKings official lineup CSV,https://www.draftkings.com/lineup/getavailableplayerscsv?contestTypeId=9&draftGroupId=151692,151692,9,Selected largest-prize regular Classic MLB draft group after excluding Turbo/Night/qualifier/satellite/showdown/snake/single-stat slates.,SP,Carlos Rodon (43773110),Carlos Rodon,43773110,P,8700,ATL@NYY 08/07/2026 07:05PM ET,08/07/2026 07:05PM ET,NYY,ATL,home,17.21,,,needs_review_new_player,identity_name_team_map,No reviewed normalized-name/team identity alias; do not auto-guess.
2026-08-07,2026-08-07T14:33:53.319605+00:00,2026-08-07,DraftKings official lineup CSV,https://www.draftkings.com/lineup/getavailableplayerscsv?contestTypeId=9&draftGroupId=151692,151692,9,Selected largest-prize regular Classic MLB draft group after excluding Turbo/Night/qualifier/satellite/showdown/snake/single-stat slates.,RP,Ryan Weathers (43773111),Ryan Weathers,43773111,P,8700,ATL@NYY 08/07/2026 07:05PM ET,08/07/2026 07:05PM ET,NYY,ATL,home,16.53,,,needs_review_new_player,identity_name_team_map,No reviewed normalized-name/team identity alias; do not auto-guess.
2026-08-07,2026-08-07T14:33:53.319605+00:00,2026-08-07,DraftKings official lineup CSV,https://www.draftkings.com/lineup/getavailableplayerscsv?contestTypeId=9&draftGroupId=151692,151692,9,Selected largest-prize regular Classic MLB draft group after excluding Turbo/Night/qualifier/satellite/showdown/snake/single-stat slates.,RP,AJ Smith-Shawver (43773112),AJ Smith-Shawver,43773112,P,8700,ATL@NYY 08/07/2026 07:05PM ET,08/07/2026 07:05PM ET,ATL,NYY,away,10.15,700363,AJ Smith-Shawver,mapped,identity_name_team_map,Stable identity seed from old DK-ID map. Pilot join status: matched_people_search_name via mlb_people_search_normalized_name
2026-08-07,2026-08-07T14:33:53.319605+00:00,2026-08-07,DraftKings official lineup CSV,https://www.draftkings.com/lineup/getavailableplayerscsv?contestTypeId=9&draftGroupId=151692,151692,9,Selected largest-prize regular Classic MLB draft group after excluding Turbo/Night/qualifier/satellite/showdown/snake/single-stat slates.,SP,Sandy Alcantara (43773113),Sandy Alcantara,43773113,P,8700,LAA@MIA 08/07/2026 07:10PM ET,08/07/2026 07:10PM ET,MIA,LAA,home,16.58,645261,Sandy Alcantara,mapped,identity_name_team_map,Proposed from review candidates; basis=exact normalized name + team; role-compatible; hot-dog-stand-latest.json|statcast_pitcher_2026; confidence=high; sources=hot-dog-stand-latest.json|statcast_pitcher_2026
2026-08-07,2026-08-07T14:33:53.319605+00:00,2026-08-07,DraftKings official lineup CSV,https://www.draftkings.com/lineup/getavailableplayerscsv?contestTypeId=9&draftGroupId=151692,151692,9,Selected largest-prize regular Classic MLB draft group after excluding Turbo/Night/qualifier/satellite/showdown/snake/single-stat slates.,SP,Eury Perez (43773114),Eury Perez,43773114,P,8700,LAA@MIA 08/07/2026 07:10PM ET,08/07/2026 07:10PM ET,MIA,LAA,home,17.08,691587,Eury Pérez,mapped,identity_name_team_map,Proposed from review candidates; basis=exact normalized name + team; role-compatible; hot-dog-stand-latest.json|statcast_pitcher_2026; confidence=high; sources=hot-dog-stand-latest.json|statcast_pitcher_2026
2026-08-07,2026-08-07T14:33:53.319605+00:00,2026-08-07,DraftKings official lineup CSV,https://www.draftkings.com/lineup/getavailableplayerscsv?contestTypeId=9&draftGroupId=151692,151692,9,Selected largest-prize regular Classic MLB draft group after excluding Turbo/Night/qualifier/satellite/showdown/snake/single-stat slates.,SP,Shane McClanahan (43773115),Shane McClanahan,43773115,P,8700,TB@SEA 08/07/2026 09:45PM ET,08/07/2026 09:45PM ET,TB,SEA,away,15.19,,,needs_review_new_player,identity_name_team_map,No reviewed normalized-name/team identity alias; do not auto-guess.
2026-08-07,2026-08-07T14:33:53.319605+00:00,2026-08-07,DraftKings official lineup CSV,https://www.draftkings.com/lineup/getavailableplayerscsv?contestTypeId=9&draftGroupId=151692,151692,9,Selected largest-prize regular Classic MLB draft group after excluding Turbo/Night/qualifier/satellite/showdown/snake/single-stat slates.,SP,Corbin Burnes (43773116),Corbin Burnes,43773116,P,8600,LAD@ARI 08/07/2026 09:40PM ET,08/07/2026 09:40PM ET,ARI,LAD,home,0,,,needs_review_new_player,identity_name_team_map,No reviewed normalized-name/team identity alias; do not auto-guess.
2026-08-07,2026-08-07T14:33:53.319605+00:00,2026-08-07,DraftKings official lineup CSV,https://www.draftkings.com/lineup/getavailableplayerscsv?contestTypeId=9&draftGroupId=151692,151692,9,Selected largest-prize regular Classic MLB draft group after excluding Turbo/Night/qualifier/satellite/showdown/snake/single-stat slates.,SP,Kevin Gausman (43772515),Kevin Gausman,43772515,P,8500,CHC@KC 08/07/2026 08:10PM ET,08/07/2026 08:10PM ET,CHC,KC,away,14.56,592332,Kevin Gausman,needs_review_team_change,identity_name_unique_mlbam,Name maps to one reviewed MLBAM identity but not this DK team; review as team-change/new alias before trusting automation.
2026-08-07,2026-08-07T14:33:53.319605+00:00,2026-08-07,DraftKings official lineup CSV,https://www.draftkings.com/lineup/getavailableplayerscsv?contestTypeId=9&draftGroupId=151692,151692,9,Selected largest-prize regular Classic MLB draft group after excluding Turbo/Night/qualifier/satellite/showdown/snake/single-stat slates.,SP,Ranger Suarez (43773117),Ranger Suarez,43773117,P,8500,ATH@BOS 08/07/2026 07:10PM ET,08/07/2026 07:10PM ET,BOS,ATH,home,15.67,,,needs_review_new_player,identity_name_team_map,No reviewed normalized-name/team identity alias; do not auto-guess.
2026-08-07,2026-08-07T14:33:53.319605+00:00,2026-08-07,DraftKings official lineup CSV,https://www.draftkings.com/lineup/getavailableplayerscsv?contestTypeId=9&draftGroupId=151692,151692,9,Selected largest-prize regular Classic MLB draft group after excluding Turbo/Night/qualifier/satellite/showdown/snake/single-stat slates.,RP,Ben Brown (43773118),Ben Brown,43773118,P,8500,CHC@KC 08/07/2026 08:10PM ET,08/07/2026 08:10PM ET,CHC,KC,away,11.57,676962,Ben Brown,mapped,identity_name_team_map,Stable identity seed from old DK-ID map. Pilot join status: matched via normalized_name_team
2026-08-07,2026-08-07T14:33:53.319605+00:00,2026-08-07,DraftKings official lineup CSV,https://www.draftkings.com/lineup/getavailableplayerscsv?contestTypeId=9&draftGroupId=151692,151692,9,Selected largest-prize regular Classic MLB draft group after excluding Turbo/Night/qualifier/satellite/showdown/snake/single-stat slates.,RP,Clay Holmes (43773119),Clay Holmes,43773119,P,8500,CHC@KC 08/07/2026 08:10PM ET,08/07/2026 08:10PM ET,CHC,KC,away,17.9,605280,Clay Holmes,needs_review_team_change,identity_name_unique_mlbam,Name maps to one reviewed MLBAM identity but not this DK team; review as team-change/new alias before trusting automation.
2026-08-07,2026-08-07T14:33:53.319605+00:00,2026-08-07,DraftKings official lineup CSV,https://www.draftkings.com/lineup/getavailableplayerscsv?contestTypeId=9&draftGroupId=151692,151692,9,Selected largest-prize regular Classic MLB draft group after excluding Turbo/Night/qualifier/satellite/showdown/snake/single-stat slates.,SP,MacKenzie Gore (43773120),MacKenzie Gore,43773120,P,8500,BAL@TEX 08/07/2026 08:15PM ET,08/07/2026 08:15PM ET,TEX,BAL,home,15.16,669022,MacKenzie Gore,mapped,identity_name_team_map,Stable identity seed from old DK-ID map. Pilot join status: matched via normalized_name_team
2026-08-07,2026-08-07T14:33:53.319605+00:00,2026-08-07,DraftKings official lineup CSV,https://www.draftkings.com/lineup/getavailableplayerscsv?contestTypeId=9&draftGroupId=151692,151692,9,Selected largest-prize regular Classic MLB draft group after excluding Turbo/Night/qualifier/satellite/showdown/snake/single-stat slates.,SP,Jake Bennett (43773121),Jake Bennett,43773121,P,8500,ATH@BOS 08/07/2026 07:10PM ET,08/07/2026 07:10PM ET,BOS,ATH,home,16.51,,,needs_review_new_player,identity_name_team_map,No reviewed normalized-name/team identity alias; do not auto-guess.
2026-08-07,2026-08-07T14:33:53.319605+00:00,2026-08-07,DraftKings official lineup CSV,https://www.draftkings.com/lineup/getavailableplayerscsv?contestTypeId=9&draftGroupId=151692,151692,9,Selected largest-prize regular Classic MLB draft group after excluding Turbo/Night/qualifier/satellite/showdown/snake/single-stat slates.,SP,Sean Burke (43773122),Sean Burke,43773122,P,8300,CLE@CWS 08/07/2026 07:40PM ET,08/07/2026 07:40PM ET,CWS,CLE,home,18.54,680732,Sean Burke,mapped,identity_name_team_map,Stable identity seed from old DK-ID map. Pilot join status: matched via normalized_name_team
2026-08-07,2026-08-07T14:33:53.319605+00:00,2026-08-07,DraftKings official lineup CSV,https://www.draftkings.com/lineup/getavailableplayerscsv?contestTypeId=9&draftGroupId=151692,151692,9,Selected largest-prize regular Classic MLB draft group after excluding Turbo/Night/qualifier/satellite/showdown/snake/single-stat slates.,SP,Justin Wrobleski (43773123),Justin Wrobleski,43773123,P,8300,LAD@ARI 08/07/2026 09:40PM ET,08/07/2026 09:40PM ET,LAD,ARI,away,17.15,,,needs_review_new_player,identity_name_team_map,No reviewed normalized-name/team identity alias; do not auto-guess.
2026-08-07,2026-08-07T14:33:53.319605+00:00,2026-08-07,DraftKings official lineup CSV,https://www.draftkings.com/lineup/getavailableplayerscsv?contestTypeId=9&draftGroupId=151692,151692,9,Selected largest-prize regular Classic MLB draft group after excluding Turbo/Night/qualifier/satellite/showdown/snake/single-stat slates.,SP,Kris Bubic (43773124),Kris Bubic,43773124,P,8300,LAD@ARI 08/07/2026 09:40PM ET,08/07/2026 09:40PM ET,LAD,ARI,away,15.94,663460,Kris Bubic,needs_review_team_change,identity_name_unique_mlbam,Name maps to one reviewed MLBAM identity but not this DK team; review as team-change/new alias before trusting automation.
2026-08-07,2026-08-07T14:33:53.319605+00:00,2026-08-07,DraftKings official lineup CSV,https://www.draftkings.com/lineup/getavailableplayerscsv?contestTypeId=9&draftGroupId=151692,151692,9,Selected largest-prize regular Classic MLB draft group after excluding Turbo/Night/qualifier/satellite/showdown/snake/single-stat slates.,SP,Michael Wacha (43773125),Michael Wacha,43773125,P,8300,CHC@KC 08/07/2026 08:10PM ET,08/07/2026 08:10PM ET,KC,CHC,home,15.45,608379,Michael Wacha,mapped,identity_name_team_map,Stable identity seed from old DK-ID map. Pilot join status: matched via normalized_name_team
2026-08-07,2026-08-07T14:33:53.319605+00:00,2026-08-07,DraftKings official lineup CSV,https://www.draftkings.com/lineup/getavailableplayerscsv?contestTypeId=9&draftGroupId=151692,151692,9,Selected largest-prize regular Classic MLB draft group after excluding Turbo/Night/qualifier/satellite/showdown/snake/single-stat slates.,SP,Shane Drohan (43772516),Shane Drohan,43772516,P,8200,MIN@MIL 08/07/2026 07:40PM ET,08/07/2026 07:40PM ET,MIL,MIN,home,12.2,675660,Shane Drohan,mapped,identity_name_team_map,Stable identity seed from old DK-ID map. Pilot join status: matched via normalized_name_team
2026-08-07,2026-08-07T14:33:53.319605+00:00,2026-08-07,DraftKings official lineup CSV,https://www.draftkings.com/lineup/getavailableplayerscsv?contestTypeId=9&draftGroupId=151692,151692,9,Selected largest-prize regular Classic MLB draft group after excluding Turbo/Night/qualifier/satellite/showdown/snake/single-stat slates.,SP,Foster Griffin (43773126),Foster Griffin,43773126,P,8200,CLE@CWS 08/07/2026 07:40PM ET,08/07/2026 07:40PM ET,CLE,CWS,away,17.41,656492,Foster Griffin,needs_review_team_change,identity_name_unique_mlbam,Name maps to one reviewed MLBAM identity but not this DK team; review as team-change/new alias before trusting automation.
2026-08-07,2026-08-07T14:33:53.319605+00:00,2026-08-07,DraftKings official lineup CSV,https://www.draftkings.com/lineup/getavailableplayerscsv?contestTypeId=9&draftGroupId=151692,151692,9,Selected largest-prize regular Classic MLB draft group after excluding Turbo/Night/qualifier/satellite/showdown/snake/single-stat slates.,SP,Robert Gasser (43773127),Robert Gasser,43773127,P,8200,MIN@MIL 08/07/2026 07:40PM ET,08/07/2026 07:40PM ET,MIL,MIN,home,13.29,688107,Robert Gasser,mapped,identity_name_team_map,Stable identity seed from old DK-ID map. Pilot join status: matched via normalized_name_team
2026-08-07,2026-08-07T14:33:53.319605+00:00,2026-08-07,DraftKings official lineup CSV,https://www.draftkings.com/lineup/getavailableplayerscsv?contestTypeId=9&draftGroupId=151692,151692,9,Selected largest-prize regular Classic MLB draft group after excluding Turbo/Night/qualifier/satellite/showdown/snake/single-stat slates.,SP,Brandon Sproat (43773128),Brandon Sproat,43773128,P,8200,MIN@MIL 08/07/2026 07:40PM ET,08/07/2026 07:40PM ET,MIL,MIN,home,10.87,687075,Brandon Sproat,mapped,identity_name_team_map,Stable identity seed from old DK-ID map. Pilot join status: matched via normalized_name_team
2026-08-07,2026-08-07T14:33:53.319605+00:00,2026-08-07,DraftKings official lineup CSV,https://www.draftkings.com/lineup/getavailableplayerscsv?contestTypeId=9&draftGroupId=151692,151692,9,Selected largest-prize regular Classic MLB draft group after excluding Turbo/Night/qualifier/satellite/showdown/snake/single-stat slates.,SP,Robbie Ray (43772517),Robbie Ray,43772517,P,8000,HOU@SD 08/07/2026 09:40PM ET,08/07/2026 09:40PM ET,SD,HOU,home,15.94,592662,Robbie Ray,needs_review_team_change,identity_name_unique_mlbam,Name maps to one reviewed MLBAM identity but not this DK team; review as team-change/new alias before trusting automation.
2026-08-07,2026-08-07T14:33:53.319605+00:00,2026-08-07,DraftKings official lineup CSV,https://www.draftkings.com/lineup/getavailableplayerscsv?contestTypeId=9&draftGroupId=151692,151692,9,Selected largest-prize regular Classic MLB draft group after excluding Turbo/Night/qualifier/satellite/showdown/snake/single-stat slates.,SP,Emerson Hancock (43773129),Emerson Hancock,43773129,P,8000,TB@SEA 08/07/2026 09:45PM ET,08/07/2026 09:45PM ET,SEA,TB,home,16.11,,,needs_review_new_player,identity_name_team_map,No reviewed normalized-name/team identity alias; do not auto-guess.
2026-08-07,2026-08-07T14:33:53.319605+00:00,2026-08-07,DraftKings official lineup CSV,https://www.draftkings.com/lineup/getavailableplayerscsv?contestTypeId=9&draftGroupId=151692,151692,9,Selected largest-prize regular Classic MLB draft group after excluding Turbo/Night/qualifier/satellite/showdown/snake/single-stat slates.,RP,Michael King (43773130),Michael King,43773130,P,8000,HOU@SD 08/07/2026 09:40PM ET,08/07/2026 09:40PM ET,SD,HOU,home,15.05,650633,Michael King,mapped,identity_name_team_map,Stable identity seed from old DK-ID map. Pilot join status: matched via normalized_name_team
2026-08-07,2026-08-07T14:33:53.319605+00:00,2026-08-07,DraftKings official lineup CSV,https://www.draftkings.com/lineup/getavailableplayerscsv?contestTypeId=9&draftGroupId=151692,151692,9,Selected largest-prize regular Classic MLB draft group after excluding Turbo/Night/qualifier/satellite/showdown/snake/single-stat slates.,SP,Joe Musgrove (43773131),Joe Musgrove,43773131,P,8000,HOU@SD 08/07/2026 09:40PM ET,08/07/2026 09:40PM ET,SD,HOU,home,0,605397,Joe Musgrove,mapped,identity_name_team_map,Stable identity seed from old DK-ID map. Pilot join status: matched_people_search_name via mlb_people_search_normalized_name
2026-08-07,2026-08-07T14:33:53.319605+00:00,2026-08-07,DraftKings official lineup CSV,https://www.draftkings.com/lineup/getavailableplayerscsv?contestTypeId=9&draftGroupId=151692,151692,9,Selected largest-prize regular Classic MLB draft group after excluding Turbo/Night/qualifier/satellite/showdown/snake/single-stat slates.,SP,Reid Detmers (43773132),Reid Detmers,43773132,P,8000,LAA@MIA 08/07/2026 07:10PM ET,08/07/2026 07:10PM ET,LAA,MIA,away,17.13,672282,Reid Detmers,mapped,identity_name_team_map,Stable identity seed from old DK-ID map. Pilot join status: matched via normalized_name_team
2026-08-07,2026-08-07T14:33:53.319605+00:00,2026-08-07,DraftKings official lineup CSV,https://www.draftkings.com/lineup/getavailableplayerscsv?contestTypeId=9&draftGroupId=151692,151692,9,Selected largest-prize regular Classic MLB draft group after excluding Turbo/Night/qualifier/satellite/showdown/snake/single-stat slates.,RP,Walbert Urena (43773133),Walbert Urena,43773133,P,8000,LAA@MIA 08/07/2026 07:10PM ET,08/07/2026 07:10PM ET,LAA,MIA,away,15.32,700712,Walbert Ureña,mapped,identity_name_team_map,Stable identity seed from old DK-ID map. Pilot join status: matched via normalized_name_team
2026-08-07,2026-08-07T14:33:53.319605+00:00,2026-08-07,DraftKings official lineup CSV,https://www.draftkings.com/lineup/getavailableplayerscsv?contestTypeId=9&draftGroupId=151692,151692,9,Selected largest-prize regular Classic MLB draft group after excluding Turbo/Night/qualifier/satellite/showdown/snake/single-stat slates.,SP,Tatsuya Imai (43773134),Tatsuya Imai,43773134,P,8000,HOU@SD 08/07/2026 09:40PM ET,08/07/2026 09:40PM ET,HOU,SD,away,11.52,837227,Tatsuya Imai,mapped,identity_name_team_map,Stable identity seed from old DK-ID map. Pilot join status: matched via normalized_name_team
2026-08-07,2026-08-07T14:33:53.319605+00:00,2026-08-07,DraftKings official lineup CSV,https://www.draftkings.com/lineup/getavailableplayerscsv?contestTypeId=9&draftGroupId=151692,151692,9,Selected largest-prize regular Classic MLB draft group after excluding Turbo/Night/qualifier/satellite/showdown/snake/single-stat slates.,RP,Kai-Wei Teng (43773135),Kai-Wei Teng,43773135,P,8000,HOU@SD 08/07/2026 09:40PM ET,08/07/2026 09:40PM ET,HOU,SD,away,7.2,678906,Kai-Wei Teng,mapped,identity_name_team_map,Stable identity seed from old DK-ID map. Pilot join status: matched via normalized_name_team
2026-08-07,2026-08-07T14:33:53.319605+00:00,2026-08-07,DraftKings official lineup CSV,https://www.draftkings.com/lineup/getavailableplayerscsv?contestTypeId=9&draftGroupId=151692,151692,9,Selected largest-prize regular Classic MLB draft group after excluding Turbo/Night/qualifier/satellite/showdown/snake/single-stat slates.,SP,Brandon Walter (43773136),Brandon Walter,43773136,P,8000,HOU@SD 08/07/2026 09:40PM ET,08/07/2026 09:40PM ET,HOU,SD,away,0,687888,Brandon Walter,mapped,identity_name_team_map,Stable identity seed from old DK-ID map. Pilot join status: matched_people_search_name via mlb_people_search_normalized_name
2026-08-07,2026-08-07T14:33:53.319605+00:00,2026-08-07,DraftKings official lineup CSV,https://www.draftkings.com/lineup/getavailableplayerscsv?contestTypeId=9&draftGroupId=151692,151692,9,Selected largest-prize regular Classic MLB draft group after excluding Turbo/Night/qualifier/satellite/showdown/snake/single-stat slates.,SP,Shane Baz (43772518),Shane Baz,43772518,P,7800,BAL@TEX 08/07/2026 08:15PM ET,08/07/2026 08:15PM ET,BAL,TEX,away,14.3,,,needs_review_new_player,identity_name_team_map,No reviewed normalized-name/team identity alias; do not auto-guess.
2026-08-07,2026-08-07T14:33:53.319605+00:00,2026-08-07,DraftKings official lineup CSV,https://www.draftkings.com/lineup/getavailableplayerscsv?contestTypeId=9&draftGroupId=151692,151692,9,Selected largest-prize regular Classic MLB draft group after excluding Turbo/Night/qualifier/satellite/showdown/snake/single-stat slates.,SP,Pablo Lopez (43773137),Pablo Lopez,43773137,P,7800,MIN@MIL 08/07/2026 07:40PM ET,08/07/2026 07:40PM ET,MIN,MIL,away,0,,,needs_review_new_player,identity_name_team_map,No reviewed normalized-name/team identity alias; do not auto-guess.
2026-08-07,2026-08-07T14:33:53.319605+00:00,2026-08-07,DraftKings official lineup CSV,https://www.draftkings.com/lineup/getavailableplayerscsv?contestTypeId=9&draftGroupId=151692,151692,9,Selected largest-prize regular Classic MLB draft group after excluding Turbo/Night/qualifier/satellite/showdown/snake/single-stat slates.,SP,Bailey Ober (43773138),Bailey Ober,43773138,P,7800,MIN@MIL 08/07/2026 07:40PM ET,08/07/2026 07:40PM ET,MIN,MIL,away,12.19,641927,Bailey Ober,mapped,identity_name_team_map,Proposed from review candidates; basis=exact normalized name + team; role-compatible; hot-dog-stand-latest.json|statcast_pitcher_2026; confidence=high; sources=hot-dog-stand-latest.json|statcast_pitcher_2026
2026-08-07,2026-08-07T14:33:53.319605+00:00,2026-08-07,DraftKings official lineup CSV,https://www.draftkings.com/lineup/getavailableplayerscsv?contestTypeId=9&draftGroupId=151692,151692,9,Selected largest-prize regular Classic MLB draft group after excluding Turbo/Night/qualifier/satellite/showdown/snake/single-stat slates.,SP,Mick Abel (43773139),Mick Abel,43773139,P,7800,MIN@MIL 08/07/2026 07:40PM ET,08/07/2026 07:40PM ET,MIN,MIL,away,14.19,690953,Mick Abel,mapped,identity_name_team_map,Proposed from review candidates; basis=exact normalized name + team; role-compatible; statcast_pitcher_2026; confidence=high; sources=statcast_pitcher_2026
2026-08-07,2026-08-07T14:33:53.319605+00:00,2026-08-07,DraftKings official lineup CSV,https://www.draftkings.com/lineup/getavailableplayerscsv?contestTypeId=9&draftGroupId=151692,151692,9,Selected largest-prize regular Classic MLB draft group after excluding Turbo/Night/qualifier/satellite/showdown/snake/single-stat slates.,SP,Trevor Rogers (43773140),Trevor Rogers,43773140,P,7800,BAL@TEX 08/07/2026 08:15PM ET,08/07/2026 08:15PM ET,BAL,TEX,away,13.8,,,needs_review_new_player,identity_name_team_map,No reviewed normalized-name/team identity alias; do not auto-guess.
2026-08-07,2026-08-07T14:33:53.319605+00:00,2026-08-07,DraftKings official lineup CSV,https://www.draftkings.com/lineup/getavailableplayerscsv?contestTypeId=9&draftGroupId=151692,151692,9,Selected largest-prize regular Classic MLB draft group after excluding Turbo/Night/qualifier/satellite/showdown/snake/single-stat slates.,SP,Brandon Young (43773141),Brandon Young,43773141,P,7800,BAL@TEX 08/07/2026 08:15PM ET,08/07/2026 08:15PM ET,BAL,TEX,away,14.66,,,needs_review_new_player,identity_name_team_map,No reviewed normalized-name/team identity alias; do not auto-guess.
2026-08-07,2026-08-07T14:33:53.319605+00:00,2026-08-07,DraftKings official lineup CSV,https://www.draftkings.com/lineup/getavailableplayerscsv?contestTypeId=9&draftGroupId=151692,151692,9,Selected largest-prize regular Classic MLB draft group after excluding Turbo/Night/qualifier/satellite/showdown/snake/single-stat slates.,SP,Kyle Bradish (43773142),Kyle Bradish,43773142,P,7800,BAL@TEX 08/07/2026 08:15PM ET,08/07/2026 08:15PM ET,BAL,TEX,away,14.88,,,needs_review_new_player,identity_name_team_map,No reviewed normalized-name/team identity alias; do not auto-guess.
2026-08-07,2026-08-07T14:33:53.319605+00:00,2026-08-07,DraftKings official lineup CSV,https://www.draftkings.com/lineup/getavailableplayerscsv?contestTypeId=9&draftGroupId=151692,151692,9,Selected largest-prize regular Classic MLB draft group after excluding Turbo/Night/qualifier/satellite/showdown/snake/single-stat slates.,SP,Zach Eflin (43773143),Zach Eflin,43773143,P,7800,BAL@TEX 08/07/2026 08:15PM ET,08/07/2026 08:15PM ET,BAL,TEX,away,16.65,,,needs_review_new_player,identity_name_team_map,No reviewed normalized-name/team identity alias; do not auto-guess.
2026-08-07,2026-08-07T14:33:53.319605+00:00,2026-08-07,DraftKings official lineup CSV,https://www.draftkings.com/lineup/getavailableplayerscsv?contestTypeId=9&draftGroupId=151692,151692,9,Selected largest-prize regular Classic MLB draft group after excluding Turbo/Night/qualifier/satellite/showdown/snake/single-stat slates.,SP,Kyle Leahy (43772519),Kyle Leahy,43772519,P,7700,COL@STL 08/07/2026 08:15PM ET,08/07/2026 08:15PM ET,STL,COL,home,13.37,681517,Kyle Leahy,mapped,identity_name_team_map,Stable identity seed from old DK-ID map. Pilot join status: matched via normalized_name_team
2026-08-07,2026-08-07T14:33:53.319605+00:00,2026-08-07,DraftKings official lineup CSV,https://www.draftkings.com/lineup/getavailableplayerscsv?contestTypeId=9&draftGroupId=151692,151692,9,Selected largest-prize regular Classic MLB draft group after excluding Turbo/Night/qualifier/satellite/showdown/snake/single-stat slates.,SP,Clarke Schmidt (43773144),Clarke Schmidt,43773144,P,7700,ATL@NYY 08/07/2026 07:05PM ET,08/07/2026 07:05PM ET,NYY,ATL,home,0,,,needs_review_new_player,identity_name_team_map,No reviewed normalized-name/team identity alias; do not auto-guess.
2026-08-07,2026-08-07T14:33:53.319605+00:00,2026-08-07,DraftKings official lineup CSV,https://www.draftkings.com/lineup/getavailableplayerscsv?contestTypeId=9&draftGroupId=151692,151692,9,Selected largest-prize regular Classic MLB draft group after excluding Turbo/Night/qualifier/satellite/showdown/snake/single-stat slates.,SP,Will Warren (43773145),Will Warren,43773145,P,7700,ATL@NYY 08/07/2026 07:05PM ET,08/07/2026 07:05PM ET,NYY,ATL,home,13.7,,,needs_review_new_player,identity_name_team_map,No reviewed normalized-name/team identity alias; do not auto-guess.
2026-08-07,2026-08-07T14:33:53.319605+00:00,2026-08-07,DraftKings official lineup CSV,https://www.draftkings.com/lineup/getavailableplayerscsv?contestTypeId=9&draftGroupId=151692,151692,9,Selected largest-prize regular Classic MLB draft group after excluding Turbo/Night/qualifier/satellite/showdown/snake/single-stat slates.,RP,Joey Cantillo (43773146),Joey Cantillo,43773146,P,7700,CLE@CWS 08/07/2026 07:40PM ET,08/07/2026 07:40PM ET,CLE,CWS,away,14.48,,,needs_review_new_player,identity_name_team_map,No reviewed normalized-name/team identity alias; do not auto-guess.
2026-08-07,2026-08-07T14:33:53.319605+00:00,2026-08-07,DraftKings official lineup CSV,https://www.draftkings.com/lineup/getavailableplayerscsv?contestTypeId=9&draftGroupId=151692,151692,9,Selected largest-prize regular Classic MLB draft group after excluding Turbo/Night/qualifier/satellite/showdown/snake/single-stat slates.,RP,Griffin Jax (43773147),Griffin Jax,43773147,P,7700,TB@SEA 08/07/2026 09:45PM ET,08/07/2026 09:45PM ET,TB,SEA,away,9.95,,,needs_review_new_player,identity_name_team_map,No reviewed normalized-name/team identity alias; do not auto-guess.
2026-08-07,2026-08-07T14:33:53.319605+00:00,2026-08-07,DraftKings official lineup CSV,https://www.draftkings.com/lineup/getavailableplayerscsv?contestTypeId=9&draftGroupId=151692,151692,9,Selected largest-prize regular Classic MLB draft group after excluding Turbo/Night/qualifier/satellite/showdown/snake/single-stat slates.,SP,Tanner Bibee (43773148),Tanner Bibee,43773148,P,7700,CLE@CWS 08/07/2026 07:40PM ET,08/07/2026 07:40PM ET,CLE,CWS,away,13.85,,,needs_review_new_player,identity_name_team_map,No reviewed normalized-name/team identity alias; do not auto-guess.
2026-08-07,2026-08-07T14:33:53.319605+00:00,2026-08-07,DraftKings official lineup CSV,https://www.draftkings.com/lineup/getavailableplayerscsv?contestTypeId=9&draftGroupId=151692,151692,9,Selected largest-prize regular Classic MLB draft group after excluding Turbo/Night/qualifier/satellite/showdown/snake/single-stat slates.,RP,Owen Murphy (43773149),Owen Murphy,43773149,P,7700,ATL@NYY 08/07/2026 07:05PM ET,08/07/2026 07:05PM ET,ATL,NYY,away,5.2,,,needs_review_new_player,identity_name_team_map,No reviewed normalized-name/team identity alias; do not auto-guess.
2026-08-07,2026-08-07T14:33:53.319605+00:00,2026-08-07,DraftKings official lineup CSV,https://www.draftkings.com/lineup/getavailableplayerscsv?contestTypeId=9&draftGroupId=151692,151692,9,Selected largest-prize regular Classic MLB draft group after excluding Turbo/Night/qualifier/satellite/showdown/snake/single-stat slates.,SP,Bryce Elder (43773150),Bryce Elder,43773150,P,7700,ATL@NYY 08/07/2026 07:05PM ET,08/07/2026 07:05PM ET,ATL,NYY,away,14.94,693821,Bryce Elder,mapped,identity_name_team_map,Stable identity seed from old DK-ID map. Pilot join status: matched via normalized_name_team
2026-08-07,2026-08-07T14:33:53.319605+00:00,2026-08-07,DraftKings official lineup CSV,https://www.draftkings.com/lineup/getavailableplayerscsv?contestTypeId=9&draftGroupId=151692,151692,9,Selected largest-prize regular Classic MLB draft group after excluding Turbo/Night/qualifier/satellite/showdown/snake/single-stat slates.,RP,Reynaldo Lopez (43773151),Reynaldo Lopez,43773151,P,7700,ATL@NYY 08/07/2026 07:05PM ET,08/07/2026 07:05PM ET,ATL,NYY,away,8.04,625643,Reynaldo López,mapped,identity_name_team_map,Stable identity seed from old DK-ID map. Pilot join status: matched via normalized_name_team
2026-08-07,2026-08-07T14:33:53.319605+00:00,2026-08-07,DraftKings official lineup CSV,https://www.draftkings.com/lineup/getavailableplayerscsv?contestTypeId=9&draftGroupId=151692,151692,9,Selected largest-prize regular Classic MLB draft group after excluding Turbo/Night/qualifier/satellite/showdown/snake/single-stat slates.,SP,Tyler Mahle (43773152),Tyler Mahle,43773152,P,7700,ATL@NYY 08/07/2026 07:05PM ET,08/07/2026 07:05PM ET,ATL,NYY,away,11.92,641816,Tyler Mahle,needs_review_team_change,identity_name_unique_mlbam,Name maps to one reviewed MLBAM identity but not this DK team; review as team-change/new alias before trusting automation.
2026-08-07,2026-08-07T14:33:53.319605+00:00,2026-08-07,DraftKings official lineup CSV,https://www.draftkings.com/lineup/getavailableplayerscsv?contestTypeId=9&draftGroupId=151692,151692,9,Selected largest-prize regular Classic MLB draft group after excluding Turbo/Night/qualifier/satellite/showdown/snake/single-stat slates.,RP,Martin Perez (43773153),Martin Perez,43773153,P,7700,ATL@NYY 08/07/2026 07:05PM ET,08/07/2026 07:05PM ET,ATL,NYY,away,12.25,527048,Martín Pérez,mapped,identity_name_team_map,Stable identity seed from old DK-ID map. Pilot join status: matched via normalized_name_team
2026-08-07,2026-08-07T14:33:53.319605+00:00,2026-08-07,DraftKings official lineup CSV,https://www.draftkings.com/lineup/getavailableplayerscsv?contestTypeId=9&draftGroupId=151692,151692,9,Selected largest-prize regular Classic MLB draft group after excluding Turbo/Night/qualifier/satellite/showdown/snake/single-stat slates.,SP,JR Ritchie (43773154),JR Ritchie,43773154,P,7700,ATL@NYY 08/07/2026 07:05PM ET,08/07/2026 07:05PM ET,ATL,NYY,away,9.08,702275,JR Ritchie,mapped,identity_name_team_map,Stable identity seed from old DK-ID map. Pilot join status: matched via normalized_name_team
2026-08-07,2026-08-07T14:33:53.319605+00:00,2026-08-07,DraftKings official lineup CSV,https://www.draftkings.com/lineup/getavailableplayerscsv?contestTypeId=9&draftGroupId=151692,151692,9,Selected largest-prize regular Classic MLB draft group after excluding Turbo/Night/qualifier/satellite/showdown/snake/single-stat slates.,SP,Michael McGreevy (43773155),Michael McGreevy,43773155,P,7700,COL@STL 08/07/2026 08:15PM ET,08/07/2026 08:15PM ET,STL,COL,home,12.11,700241,Michael McGreevy,mapped,identity_name_team_map,Stable identity seed from old DK-ID map. Pilot join status: matched via normalized_name_team
2026-08-07,2026-08-07T14:33:53.319605+00:00,2026-08-07,DraftKings official lineup CSV,https://www.draftkings.com/lineup/getavailableplayerscsv?contestTypeId=9&draftGroupId=151692,151692,9,Selected largest-prize regular Classic MLB draft group after excluding Turbo/Night/qualifier/satellite/showdown/snake/single-stat slates.,SP,Hunter Dobbins (43773156),Hunter Dobbins,43773156,P,7700,COL@STL 08/07/2026 08:15PM ET,08/07/2026 08:15PM ET,STL,COL,home,13.28,690928,Hunter Dobbins,mapped,identity_name_team_map,Stable identity seed from old DK-ID map. Pilot join status: matched via normalized_name_team
2026-08-07,2026-08-07T14:33:53.319605+00:00,2026-08-07,DraftKings official lineup CSV,https://www.draftkings.com/lineup/getavailableplayerscsv?contestTypeId=9&draftGroupId=151692,151692,9,Selected largest-prize regular Classic MLB draft group after excluding Turbo/Night/qualifier/satellite/showdown/snake/single-stat slates.,RP,Andre Pallante (43773157),Andre Pallante,43773157,P,7700,COL@STL 08/07/2026 08:15PM ET,08/07/2026 08:15PM ET,STL,COL,home,14.1,669467,Andre Pallante,mapped,identity_name_team_map,Stable identity seed from old DK-ID map. Pilot join status: matched via normalized_name_team
2026-08-07,2026-08-07T14:33:53.319605+00:00,2026-08-07,DraftKings official lineup CSV,https://www.draftkings.com/lineup/getavailableplayerscsv?contestTypeId=9&draftGroupId=151692,151692,9,Selected largest-prize regular Classic MLB draft group after excluding Turbo/Night/qualifier/satellite/showdown/snake/single-stat slates.,RP,Joe Boyle (43773158),Joe Boyle,43773158,P,7700,TB@SEA 08/07/2026 09:45PM ET,08/07/2026 09:45PM ET,TB,SEA,away,13.02,,,needs_review_new_player,identity_name_team_map,No reviewed normalized-name/team identity alias; do not auto-guess.
2026-08-07,2026-08-07T14:33:53.319605+00:00,2026-08-07,DraftKings official lineup CSV,https://www.draftkings.com/lineup/getavailableplayerscsv?contestTypeId=9&draftGroupId=151692,151692,9,Selected largest-prize regular Classic MLB draft group after excluding Turbo/Night/qualifier/satellite/showdown/snake/single-stat slates.,SP,Freddy Peralta (43773159),Freddy Peralta,43773159,P,7700,TB@SEA 08/07/2026 09:45PM ET,08/07/2026 09:45PM ET,TB,SEA,away,11.77,642547,Freddy Peralta,needs_review_team_change,identity_name_unique_mlbam,Name maps to one reviewed MLBAM identity but not this DK team; review as team-change/new alias before trusting automation.
2026-08-07,2026-08-07T14:33:53.319605+00:00,2026-08-07,DraftKings official lineup CSV,https://www.draftkings.com/lineup/getavailableplayerscsv?contestTypeId=9&draftGroupId=151692,151692,9,Selected largest-prize regular Classic MLB draft group after excluding Turbo/Night/qualifier/satellite/showdown/snake/single-stat slates.,RP,Nick Martinez (43773160),Nick Martinez,43773160,P,7700,TB@SEA 08/07/2026 09:45PM ET,08/07/2026 09:45PM ET,TB,SEA,away,14.42,,,needs_review_new_player,identity_name_team_map,No reviewed normalized-name/team identity alias; do not auto-guess.
2026-08-07,2026-08-07T14:33:53.319605+00:00,2026-08-07,DraftKings official lineup CSV,https://www.draftkings.com/lineup/getavailableplayerscsv?contestTypeId=9&draftGroupId=151692,151692,9,Selected largest-prize regular Classic MLB draft group after excluding Turbo/Night/qualifier/satellite/showdown/snake/single-stat slates.,SP,Brandon Pfaadt (43773161),Brandon Pfaadt,43773161,P,7600,LAD@ARI 08/07/2026 09:40PM ET,08/07/2026 09:40PM ET,ARI,LAD,home,8.76,,,needs_review_new_player,identity_name_team_map,No reviewed normalized-name/team identity alias; do not auto-guess.
2026-08-07,2026-08-07T14:33:53.319605+00:00,2026-08-07,DraftKings official lineup CSV,https://www.draftkings.com/lineup/getavailableplayerscsv?contestTypeId=9&draftGroupId=151692,151692,9,Selected largest-prize regular Classic MLB draft group after excluding Turbo/Night/qualifier/satellite/showdown/snake/single-stat slates.,SP,Michael Soroka (43773162),Michael Soroka,43773162,P,7600,LAD@ARI 08/07/2026 09:40PM ET,08/07/2026 09:40PM ET,ARI,LAD,home,17.47,,,needs_review_new_player,identity_name_team_map,No reviewed normalized-name/team identity alias; do not auto-guess.
2026-08-07,2026-08-07T14:33:53.319605+00:00,2026-08-07,DraftKings official lineup CSV,https://www.draftkings.com/lineup/getavailableplayerscsv?contestTypeId=9&draftGroupId=151692,151692,9,Selected largest-prize regular Classic MLB draft group after excluding Turbo/Night/qualifier/satellite/showdown/snake/single-stat slates.,SP,Eduardo Rodriguez (43773163),Eduardo Rodriguez,43773163,P,7600,LAD@ARI 08/07/2026 09:40PM ET,08/07/2026 09:40PM ET,ARI,LAD,home,15.1,,,needs_review_new_player,identity_name_team_map,No reviewed normalized-name/team identity alias; do not auto-guess.
2026-08-07,2026-08-07T14:33:53.319605+00:00,2026-08-07,DraftKings official lineup CSV,https://www.draftkings.com/lineup/getavailableplayerscsv?contestTypeId=9&draftGroupId=151692,151692,9,Selected largest-prize regular Classic MLB draft group after excluding Turbo/Night/qualifier/satellite/showdown/snake/single-stat slates.,SP,Keider Montero (43772520),Keider Montero,43772520,P,7500,DET@SF 08/07/2026 10:15PM ET,08/07/2026 10:15PM ET,DET,SF,away,12.57,672456,Keider Montero,mapped,identity_name_team_map,Proposed from review candidates; basis=exact normalized name + team; role-compatible; hot-dog-stand-latest.json|statcast_pitcher_2026; confidence=high; sources=hot-dog-stand-latest.json|statcast_pitcher_2026
2026-08-07,2026-08-07T14:33:53.319605+00:00,2026-08-07,DraftKings official lineup CSV,https://www.draftkings.com/lineup/getavailableplayerscsv?contestTypeId=9&draftGroupId=151692,151692,9,Selected largest-prize regular Classic MLB draft group after excluding Turbo/Night/qualifier/satellite/showdown/snake/single-stat slates.,SP,Jack Flaherty (43773164),Jack Flaherty,43773164,P,7500,DET@SF 08/07/2026 10:15PM ET,08/07/2026 10:15PM ET,DET,SF,away,12.89,656427,Jack Flaherty,mapped,identity_name_team_map,Proposed from review candidates; basis=exact normalized name + team; role-compatible; hot-dog-stand-latest.json|statcast_pitcher_2026; confidence=high; sources=hot-dog-stand-latest.json|statcast_pitcher_2026
2026-08-07,2026-08-07T14:33:53.319605+00:00,2026-08-07,DraftKings official lineup CSV,https://www.draftkings.com/lineup/getavailableplayerscsv?contestTypeId=9&draftGroupId=151692,151692,9,Selected largest-prize regular Classic MLB draft group after excluding Turbo/Night/qualifier/satellite/showdown/snake/single-stat slates.,SP,Shota Imanaga (43773165),Shota Imanaga,43773165,P,7500,CHC@KC 08/07/2026 08:10PM ET,08/07/2026 08:10PM ET,CHC,KC,away,16.68,684007,Shota Imanaga,mapped,identity_name_team_map,Stable identity seed from old DK-ID map. Pilot join status: matched via normalized_name_team
2026-08-07,2026-08-07T14:33:53.319605+00:00,2026-08-07,DraftKings official lineup CSV,https://www.draftkings.com/lineup/getavailableplayerscsv?contestTypeId=9&draftGroupId=151692,151692,9,Selected largest-prize regular Classic MLB draft group after excluding Turbo/Night/qualifier/satellite/showdown/snake/single-stat slates.,SP,Justin Steele (43773166),Justin Steele,43773166,P,7500,CHC@KC 08/07/2026 08:10PM ET,08/07/2026 08:10PM ET,CHC,KC,away,0,657006,Justin Steele,mapped,identity_name_team_map,Stable identity seed from old DK-ID map. Pilot join status: matched_people_search_name via mlb_people_search_normalized_name
2026-08-07,2026-08-07T14:33:53.319605+00:00,2026-08-07,DraftKings official lineup CSV,https://www.draftkings.com/lineup/getavailableplayerscsv?contestTypeId=9&draftGroupId=151692,151692,9,Selected largest-prize regular Classic MLB draft group after excluding Turbo/Night/qualifier/satellite/showdown/snake/single-stat slates.,SP,Matthew Boyd (43773167),Matthew Boyd,43773167,P,7500,CHC@KC 08/07/2026 08:10PM ET,08/07/2026 08:10PM ET,CHC,KC,away,15.62,571510,Matthew Boyd,mapped,identity_name_team_map,Stable identity seed from old DK-ID map. Pilot join status: matched via normalized_name_team
2026-08-07,2026-08-07T14:33:53.319605+00:00,2026-08-07,DraftKings official lineup CSV,https://www.draftkings.com/lineup/getavailableplayerscsv?contestTypeId=9&draftGroupId=151692,151692,9,Selected largest-prize regular Classic MLB draft group after excluding Turbo/Night/qualifier/satellite/showdown/snake/single-stat slates.,RP,Landen Roupp (43773168),Landen Roupp,43773168,P,7500,DET@SF 08/07/2026 10:15PM ET,08/07/2026 10:15PM ET,SF,DET,home,14.82,694738,Landen Roupp,mapped,identity_name_team_map,Stable identity seed from old DK-ID map. Pilot join status: matched via normalized_name_team
2026-08-07,2026-08-07T14:33:53.319605+00:00,2026-08-07,DraftKings official lineup CSV,https://www.draftkings.com/lineup/getavailableplayerscsv?contestTypeId=9&draftGroupId=151692,151692,9,Selected largest-prize regular Classic MLB draft group after excluding Turbo/Night/qualifier/satellite/showdown/snake/single-stat slates.,SP,Edward Cabrera (43773169),Edward Cabrera,43773169,P,7500,CHC@KC 08/07/2026 08:10PM ET,08/07/2026 08:10PM ET,CHC,KC,away,12.11,665795,Edward Cabrera,mapped,identity_name_team_map,Stable identity seed from old DK-ID map. Pilot join status: matched via normalized_name_team
2026-08-07,2026-08-07T14:33:53.319605+00:00,2026-08-07,DraftKings official lineup CSV,https://www.draftkings.com/lineup/getavailableplayerscsv?contestTypeId=9&draftGroupId=151692,151692,9,Selected largest-prize regular Classic MLB draft group after excluding Turbo/Night/qualifier/satellite/showdown/snake/single-stat slates.,SP,Cade Horton (43773170),Cade Horton,43773170,P,7500,CHC@KC 08/07/2026 08:10PM ET,08/07/2026 08:10PM ET,CHC,KC,away,10.45,690990,Cade Horton,mapped,identity_name_team_map,Stable identity seed from old DK-ID map. Pilot join status: matched via normalized_name_team
2026-08-07,2026-08-07T14:33:53.319605+00:00,2026-08-07,DraftKings official lineup CSV,https://www.draftkings.com/lineup/getavailableplayerscsv?contestTypeId=9&draftGroupId=151692,151692,9,Selected largest-prize regular Classic MLB draft group after excluding Turbo/Night/qualifier/satellite/showdown/snake/single-stat slates.,RP,Framber Valdez (43773171),Framber Valdez,43773171,P,7500,DET@SF 08/07/2026 10:15PM ET,08/07/2026 10:15PM ET,DET,SF,away,12.67,664285,Framber Valdez,mapped,identity_name_team_map,Proposed from review candidates; basis=exact normalized name + team; role-compatible; hot-dog-stand-latest.json|statcast_pitcher_2026; confidence=high; sources=hot-dog-stand-latest.json|statcast_pitcher_2026
2026-08-07,2026-08-07T14:33:53.319605+00:00,2026-08-07,DraftKings official lineup CSV,https://www.draftkings.com/lineup/getavailableplayerscsv?contestTypeId=9&draftGroupId=151692,151692,9,Selected largest-prize regular Classic MLB draft group after excluding Turbo/Night/qualifier/satellite/showdown/snake/single-stat slates.,RP,J.T. Ginn (43773172),J.T. Ginn,43773172,P,7400,ATH@BOS 08/07/2026 07:10PM ET,08/07/2026 07:10PM ET,ATH,BOS,away,14.08,669372,J.T. Ginn,mapped,identity_name_team_map,Stable identity seed from old DK-ID map. Pilot join status: matched via normalized_name_team
2026-08-07,2026-08-07T14:33:53.319605+00:00,2026-08-07,DraftKings official lineup CSV,https://www.draftkings.com/lineup/getavailableplayerscsv?contestTypeId=9&draftGroupId=151692,151692,9,Selected largest-prize regular Classic MLB draft group after excluding Turbo/Night/qualifier/satellite/showdown/snake/single-stat slates.,SP,Roki Sasaki (43772521),Roki Sasaki,43772521,P,7300,LAD@ARI 08/07/2026 09:40PM ET,08/07/2026 09:40PM ET,LAD,ARI,away,13.81,,,needs_review_new_player,identity_name_team_map,No reviewed normalized-name/team identity alias; do not auto-guess.
2026-08-07,2026-08-07T14:33:53.319605+00:00,2026-08-07,DraftKings official lineup CSV,https://www.draftkings.com/lineup/getavailableplayerscsv?contestTypeId=9&draftGroupId=151692,151692,9,Selected largest-prize regular Classic MLB draft group after excluding Turbo/Night/qualifier/satellite/showdown/snake/single-stat slates.,RP,David Sandlin (43773173),David Sandlin,43773173,P,7300,CLE@CWS 08/07/2026 07:40PM ET,08/07/2026 07:40PM ET,CWS,CLE,home,12.62,689818,David Sandlin,mapped,identity_name_team_map,Stable identity seed from old DK-ID map. Pilot join status: matched via normalized_name_team
2026-08-07,2026-08-07T14:33:53.319605+00:00,2026-08-07,DraftKings official lineup CSV,https://www.draftkings.com/lineup/getavailableplayerscsv?contestTypeId=9&draftGroupId=151692,151692,9,Selected largest-prize regular Classic MLB draft group after excluding Turbo/Night/qualifier/satellite/showdown/snake/single-stat slates.,SP,Emmet Sheehan (43773174),Emmet Sheehan,43773174,P,7300,LAD@ARI 08/07/2026 09:40PM ET,08/07/2026 09:40PM ET,LAD,ARI,away,12.8,,,needs_review_new_player,identity_name_team_map,No reviewed normalized-name/team identity alias; do not auto-guess.
2026-08-07,2026-08-07T14:33:53.319605+00:00,2026-08-07,DraftKings official lineup CSV,https://www.draftkings.com/lineup/getavailableplayerscsv?contestTypeId=9&draftGroupId=151692,151692,9,Selected largest-prize regular Classic MLB draft group after excluding Turbo/Night/qualifier/satellite/showdown/snake/single-stat slates.,SP,Davis Martin (43773175),Davis Martin,43773175,P,7300,CLE@CWS 08/07/2026 07:40PM ET,08/07/2026 07:40PM ET,CWS,CLE,home,14.2,663436,Davis Martin,mapped,identity_name_team_map,Stable identity seed from old DK-ID map. Pilot join status: matched via normalized_name_team
2026-08-07,2026-08-07T14:33:53.319605+00:00,2026-08-07,DraftKings official lineup CSV,https://www.draftkings.com/lineup/getavailableplayerscsv?contestTypeId=9&draftGroupId=151692,151692,9,Selected largest-prize regular Classic MLB draft group after excluding Turbo/Night/qualifier/satellite/showdown/snake/single-stat slates.,SP,Jonathan Cannon (43773176),Jonathan Cannon,43773176,P,7300,CLE@CWS 08/07/2026 07:40PM ET,08/07/2026 07:40PM ET,CWS,CLE,home,-3.8,686563,Jonathan Cannon,mapped,identity_name_team_map,Stable identity seed from old DK-ID map. Pilot join status: matched via normalized_name_team
2026-08-07,2026-08-07T14:33:53.319605+00:00,2026-08-07,DraftKings official lineup CSV,https://www.draftkings.com/lineup/getavailableplayerscsv?contestTypeId=9&draftGroupId=151692,151692,9,Selected largest-prize regular Classic MLB draft group after excluding Turbo/Night/qualifier/satellite/showdown/snake/single-stat slates.,SP,Luis Castillo (43773177),Luis Castillo,43773177,P,7300,CLE@CWS 08/07/2026 07:40PM ET,08/07/2026 07:40PM ET,CWS,CLE,home,10.22,,,needs_review_new_player,identity_name_team_map,No reviewed normalized-name/team identity alias; do not auto-guess.
2026-08-07,2026-08-07T14:33:53.319605+00:00,2026-08-07,DraftKings official lineup CSV,https://www.draftkings.com/lineup/getavailableplayerscsv?contestTypeId=9&draftGroupId=151692,151692,9,Selected largest-prize regular Classic MLB draft group after excluding Turbo/Night/qualifier/satellite/showdown/snake/single-stat slates.,RP,Shane Smith (43773178),Shane Smith,43773178,P,7300,CLE@CWS 08/07/2026 07:40PM ET,08/07/2026 07:40PM ET,CWS,CLE,home,2.52,681343,Shane Smith,mapped,identity_name_team_map,Stable identity seed from old DK-ID map. Pilot join status: matched via normalized_name_team
2026-08-07,2026-08-07T14:33:53.319605+00:00,2026-08-07,DraftKings official lineup CSV,https://www.draftkings.com/lineup/getavailableplayerscsv?contestTypeId=9&draftGroupId=151692,151692,9,Selected largest-prize regular Classic MLB draft group after excluding Turbo/Night/qualifier/satellite/showdown/snake/single-stat slates.,RP,Randy Dobnak (43773179),Randy Dobnak,43773179,P,7300,CHC@KC 08/07/2026 08:10PM ET,08/07/2026 08:10PM ET,KC,CHC,home,12.92,,,needs_review_new_player,identity_name_team_map,No reviewed normalized-name/team identity alias; do not auto-guess.
2026-08-07,2026-08-07T14:33:53.319605+00:00,2026-08-07,DraftKings official lineup CSV,https://www.draftkings.com/lineup/getavailableplayerscsv?contestTypeId=9&draftGroupId=151692,151692,9,Selected largest-prize regular Classic MLB draft group after excluding Turbo/Night/qualifier/satellite/showdown/snake/single-stat slates.,SP,Slade Cecconi (43773180),Slade Cecconi,43773180,P,7200,CLE@CWS 08/07/2026 07:40PM ET,08/07/2026 07:40PM ET,CLE,CWS,away,9.34,,,needs_review_new_player,identity_name_team_map,No reviewed normalized-name/team identity alias; do not auto-guess.
2026-08-07,2026-08-07T14:33:53.319605+00:00,2026-08-07,DraftKings official lineup CSV,https://www.draftkings.com/lineup/getavailableplayerscsv?contestTypeId=9&draftGroupId=151692,151692,9,Selected largest-prize regular Classic MLB draft group after excluding Turbo/Night/qualifier/satellite/showdown/snake/single-stat slates.,SP,Dustin May (43773181),Dustin May,43773181,P,7200,MIN@MIL 08/07/2026 07:40PM ET,08/07/2026 07:40PM ET,MIL,MIN,home,13.97,669160,Dustin May,needs_review_team_change,identity_name_unique_mlbam,Name maps to one reviewed MLBAM identity but not this DK team; review as team-change/new alias before trusting automation.
2026-08-07,2026-08-07T14:33:53.319605+00:00,2026-08-07,DraftKings official lineup CSV,https://www.draftkings.com/lineup/getavailableplayerscsv?contestTypeId=9&draftGroupId=151692,151692,9,Selected largest-prize regular Classic MLB draft group after excluding Turbo/Night/qualifier/satellite/showdown/snake/single-stat slates.,SP,Chad Patrick (43773182),Chad Patrick,43773182,P,7200,MIN@MIL 08/07/2026 07:40PM ET,08/07/2026 07:40PM ET,MIL,MIN,home,6.3,694477,Chad Patrick,mapped,identity_name_team_map,Stable identity seed from old DK-ID map. Pilot join status: matched via normalized_name_team
2026-08-07,2026-08-07T14:33:53.319605+00:00,2026-08-07,DraftKings official lineup CSV,https://www.draftkings.com/lineup/getavailableplayerscsv?contestTypeId=9&draftGroupId=151692,151692,9,Selected largest-prize regular Classic MLB draft group after excluding Turbo/Night/qualifier/satellite/showdown/snake/single-stat slates.,SP,Ronel Blanco (43772522),Ronel Blanco,43772522,P,7000,HOU@SD 08/07/2026 09:40PM ET,08/07/2026 09:40PM ET,HOU,SD,away,9.87,669854,Ronel Blanco,mapped,identity_name_team_map,Stable identity seed from old DK-ID map. Pilot join status: matched_people_search_name via mlb_people_search_normalized_name
2026-08-07,2026-08-07T14:33:53.319605+00:00,2026-08-07,DraftKings official lineup CSV,https://www.draftkings.com/lineup/getavailableplayerscsv?contestTypeId=9&draftGroupId=151692,151692,9,Selected largest-prize regular Classic MLB draft group after excluding Turbo/Night/qualifier/satellite/showdown/snake/single-stat slates.,SP,Logan Evans (43773183),Logan Evans,43773183,P,7000,TB@SEA 08/07/2026 09:45PM ET,08/07/2026 09:45PM ET,SEA,TB,home,0,,,needs_review_new_player,identity_name_team_map,No reviewed normalized-name/team identity alias; do not auto-guess.
2026-08-07,2026-08-07T14:33:53.319605+00:00,2026-08-07,DraftKings official lineup CSV,https://www.draftkings.com/lineup/getavailableplayerscsv?contestTypeId=9&draftGroupId=151692,151692,9,Selected largest-prize regular Classic MLB draft group after excluding Turbo/Night/qualifier/satellite/showdown/snake/single-stat slates.,RP,Cooper Criswell (43773184),Cooper Criswell,43773184,P,7000,TB@SEA 08/07/2026 09:45PM ET,08/07/2026 09:45PM ET,SEA,TB,home,2.95,,,needs_review_new_player,identity_name_team_map,No reviewed normalized-name/team identity alias; do not auto-guess.
2026-08-07,2026-08-07T14:33:53.319605+00:00,2026-08-07,DraftKings official lineup CSV,https://www.draftkings.com/lineup/getavailableplayerscsv?contestTypeId=9&draftGroupId=151692,151692,9,Selected largest-prize regular Classic MLB draft group after excluding Turbo/Night/qualifier/satellite/showdown/snake/single-stat slates.,SP,JP Sears (43773185),JP Sears,43773185,P,7000,HOU@SD 08/07/2026 09:40PM ET,08/07/2026 09:40PM ET,SD,HOU,home,9.24,676664,JP Sears,mapped,identity_name_team_map,Stable identity seed from old DK-ID map. Pilot join status: matched_people_search_name via mlb_people_search_normalized_name
2026-08-07,2026-08-07T14:33:53.319605+00:00,2026-08-07,DraftKings official lineup CSV,https://www.draftkings.com/lineup/getavailableplayerscsv?contestTypeId=9&draftGroupId=151692,151692,9,Selected largest-prize regular Classic MLB draft group after excluding Turbo/Night/qualifier/satellite/showdown/snake/single-stat slates.,SP,Walker Buehler (43773186),Walker Buehler,43773186,P,7000,HOU@SD 08/07/2026 09:40PM ET,08/07/2026 09:40PM ET,SD,HOU,home,10.37,621111,Walker Buehler,mapped,identity_name_team_map,Stable identity seed from old DK-ID map. Pilot join status: matched via normalized_name_team
2026-08-07,2026-08-07T14:33:53.319605+00:00,2026-08-07,DraftKings official lineup CSV,https://www.draftkings.com/lineup/getavailableplayerscsv?contestTypeId=9&draftGroupId=151692,151692,9,Selected largest-prize regular Classic MLB draft group after excluding Turbo/Night/qualifier/satellite/showdown/snake/single-stat slates.,SP,Lucas Giolito (43773187),Lucas Giolito,43773187,P,7000,HOU@SD 08/07/2026 09:40PM ET,08/07/2026 09:40PM ET,SD,HOU,home,6.16,608337,Lucas Giolito,mapped,identity_name_team_map,Stable identity seed from old DK-ID map. Pilot join status: matched via normalized_name_team
2026-08-07,2026-08-07T14:33:53.319605+00:00,2026-08-07,DraftKings official lineup CSV,https://www.draftkings.com/lineup/getavailableplayerscsv?contestTypeId=9&draftGroupId=151692,151692,9,Selected largest-prize regular Classic MLB draft group after excluding Turbo/Night/qualifier/satellite/showdown/snake/single-stat slates.,SP,Yusei Kikuchi (43773188),Yusei Kikuchi,43773188,P,7000,LAA@MIA 08/07/2026 07:10PM ET,08/07/2026 07:10PM ET,LAA,MIA,away,9.39,579328,Yusei Kikuchi,mapped,identity_name_team_map,Stable identity seed from old DK-ID map. Pilot join status: matched via normalized_name_team
2026-08-07,2026-08-07T14:33:53.319605+00:00,2026-08-07,DraftKings official lineup CSV,https://www.draftkings.com/lineup/getavailableplayerscsv?contestTypeId=9&draftGroupId=151692,151692,9,Selected largest-prize regular Classic MLB draft group after excluding Turbo/Night/qualifier/satellite/showdown/snake/single-stat slates.,SP,Patrick Sandoval (43773189),Patrick Sandoval,43773189,P,7000,ATH@BOS 08/07/2026 07:10PM ET,08/07/2026 07:10PM ET,BOS,ATH,home,13.08,,,needs_review_new_player,identity_name_team_map,No reviewed normalized-name/team identity alias; do not auto-guess.
2026-08-07,2026-08-07T14:33:53.319605+00:00,2026-08-07,DraftKings official lineup CSV,https://www.draftkings.com/lineup/getavailableplayerscsv?contestTypeId=9&draftGroupId=151692,151692,9,Selected largest-prize regular Classic MLB draft group after excluding Turbo/Night/qualifier/satellite/showdown/snake/single-stat slates.,RP,Hayden Wesneski (43773190),Hayden Wesneski,43773190,P,7000,HOU@SD 08/07/2026 09:40PM ET,08/07/2026 09:40PM ET,HOU,SD,away,15.32,669713,Hayden Wesneski,mapped,identity_name_team_map,Stable identity seed from old DK-ID map. Pilot join status: matched_people_search_name via mlb_people_search_normalized_name
2026-08-07,2026-08-07T14:33:53.319605+00:00,2026-08-07,DraftKings official lineup CSV,https://www.draftkings.com/lineup/getavailableplayerscsv?contestTypeId=9&draftGroupId=151692,151692,9,Selected largest-prize regular Classic MLB draft group after excluding Turbo/Night/qualifier/satellite/showdown/snake/single-stat slates.,SP,Cristian Javier (43773191),Cristian Javier,43773191,P,7000,HOU@SD 08/07/2026 09:40PM ET,08/07/2026 09:40PM ET,HOU,SD,away,4.74,664299,Cristian Javier,mapped,identity_name_team_map,Stable identity seed from old DK-ID map. Pilot join status: matched via normalized_name_team
2026-08-07,2026-08-07T14:33:53.319605+00:00,2026-08-07,DraftKings official lineup CSV,https://www.draftkings.com/lineup/getavailableplayerscsv?contestTypeId=9&draftGroupId=151692,151692,9,Selected largest-prize regular Classic MLB draft group after excluding Turbo/Night/qualifier/satellite/showdown/snake/single-stat slates.,SP,Mike Burrows (43773192),Mike Burrows,43773192,P,7000,HOU@SD 08/07/2026 09:40PM ET,08/07/2026 09:40PM ET,HOU,SD,away,9.02,681347,Mike Burrows,mapped,identity_name_team_map,Stable identity seed from old DK-ID map. Pilot join status: matched via normalized_name_team
2026-08-07,2026-08-07T14:33:53.319605+00:00,2026-08-07,DraftKings official lineup CSV,https://www.draftkings.com/lineup/getavailableplayerscsv?contestTypeId=9&draftGroupId=151692,151692,9,Selected largest-prize regular Classic MLB draft group after excluding Turbo/Night/qualifier/satellite/showdown/snake/single-stat slates.,RP,Jason Alexander (43773193),Jason Alexander,43773193,P,7000,HOU@SD 08/07/2026 09:40PM ET,08/07/2026 09:40PM ET,HOU,SD,away,4.31,669920,Jason Alexander,mapped,identity_name_team_map,Stable identity seed from old DK-ID map. Pilot join status: matched via normalized_name_team
2026-08-07,2026-08-07T14:33:53.319605+00:00,2026-08-07,DraftKings official lineup CSV,https://www.draftkings.com/lineup/getavailableplayerscsv?contestTypeId=9&draftGroupId=151692,151692,9,Selected largest-prize regular Classic MLB draft group after excluding Turbo/Night/qualifier/satellite/showdown/snake/single-stat slates.,RP,AJ Blubaugh (43773194),AJ Blubaugh,43773194,P,7000,HOU@SD 08/07/2026 09:40PM ET,08/07/2026 09:40PM ET,HOU,SD,away,4.92,805123,AJ Blubaugh,mapped,identity_name_team_map,Stable identity seed from old DK-ID map. Pilot join status: matched via normalized_name_team
2026-08-07,2026-08-07T14:33:53.319605+00:00,2026-08-07,DraftKings official lineup CSV,https://www.draftkings.com/lineup/getavailableplayerscsv?contestTypeId=9&draftGroupId=151692,151692,9,Selected largest-prize regular Classic MLB draft group after excluding Turbo/Night/qualifier/satellite/showdown/snake/single-stat slates.,SP,Tanner Houck (43773195),Tanner Houck,43773195,P,7000,ATH@BOS 08/07/2026 07:10PM ET,08/07/2026 07:10PM ET,BOS,ATH,home,0,,,needs_review_new_player,identity_name_team_map,No reviewed normalized-name/team identity alias; do not auto-guess.
2026-08-07,2026-08-07T14:33:53.319605+00:00,2026-08-07,DraftKings official lineup CSV,https://www.draftkings.com/lineup/getavailableplayerscsv?contestTypeId=9&draftGroupId=151692,151692,9,Selected largest-prize regular Classic MLB draft group after excluding Turbo/Night/qualifier/satellite/showdown/snake/single-stat slates.,SP,Kutter Crawford (43773196),Kutter Crawford,43773196,P,7000,ATH@BOS 08/07/2026 07:10PM ET,08/07/2026 07:10PM ET,BOS,ATH,home,0,,,needs_review_new_player,identity_name_team_map,No reviewed normalized-name/team identity alias; do not auto-guess.
2026-08-07,2026-08-07T14:33:53.319605+00:00,2026-08-07,DraftKings official lineup CSV,https://www.draftkings.com/lineup/getavailableplayerscsv?contestTypeId=9&draftGroupId=151692,151692,9,Selected largest-prize regular Classic MLB draft group after excluding Turbo/Night/qualifier/satellite/showdown/snake/single-stat slates.,RP,Eduardo Rivera (43773197),Eduardo Rivera,43773197,P,7000,ATH@BOS 08/07/2026 07:10PM ET,08/07/2026 07:10PM ET,BOS,ATH,home,5.03,,,needs_review_new_player,identity_name_team_map,No reviewed normalized-name/team identity alias; do not auto-guess.
2026-08-07,2026-08-07T14:33:53.319605+00:00,2026-08-07,DraftKings official lineup CSV,https://www.draftkings.com/lineup/getavailableplayerscsv?contestTypeId=9&draftGroupId=151692,151692,9,Selected largest-prize regular Classic MLB draft group after excluding Turbo/Night/qualifier/satellite/showdown/snake/single-stat slates.,SP,Connor Prielipp (43772523),Connor Prielipp,43772523,P,6800,MIN@MIL 08/07/2026 07:40PM ET,08/07/2026 07:40PM ET,MIN,MIL,away,13.5,687570,Connor Prielipp,mapped,identity_name_team_map,Proposed from review candidates; basis=exact normalized name + team; role-compatible; statcast_pitcher_2026; confidence=high; sources=statcast_pitcher_2026
2026-08-07,2026-08-07T14:33:53.319605+00:00,2026-08-07,DraftKings official lineup CSV,https://www.draftkings.com/lineup/getavailableplayerscsv?contestTypeId=9&draftGroupId=151692,151692,9,Selected largest-prize regular Classic MLB draft group after excluding Turbo/Night/qualifier/satellite/showdown/snake/single-stat slates.,RP,Kendry Rojas (43773198),Kendry Rojas,43773198,P,6800,MIN@MIL 08/07/2026 07:40PM ET,08/07/2026 07:40PM ET,MIN,MIL,away,7.43,696070,Kendry Rojas,mapped,identity_name_team_map,Proposed from review candidates; basis=exact normalized name + team; role-compatible; statcast_pitcher_2026; confidence=high; sources=statcast_pitcher_2026
2026-08-07,2026-08-07T14:33:53.319605+00:00,2026-08-07,DraftKings official lineup CSV,https://www.draftkings.com/lineup/getavailableplayerscsv?contestTypeId=9&draftGroupId=151692,151692,9,Selected largest-prize regular Classic MLB draft group after excluding Turbo/Night/qualifier/satellite/showdown/snake/single-stat slates.,RP,Jack Anderson (43773199),Jack Anderson,43773199,P,6800,MIN@MIL 08/07/2026 07:40PM ET,08/07/2026 07:40PM ET,MIN,MIL,away,5.99,,,needs_review_new_player,identity_name_team_map,No reviewed normalized-name/team identity alias; do not auto-guess.
2026-08-07,2026-08-07T14:33:53.319605+00:00,2026-08-07,DraftKings official lineup CSV,https://www.draftkings.com/lineup/getavailableplayerscsv?contestTypeId=9&draftGroupId=151692,151692,9,Selected largest-prize regular Classic MLB draft group after excluding Turbo/Night/qualifier/satellite/showdown/snake/single-stat slates.,SP,Zebby Matthews (43773200),Zebby Matthews,43773200,P,6800,MIN@MIL 08/07/2026 07:40PM ET,08/07/2026 07:40PM ET,MIN,MIL,away,12.63,805673,Zebby Matthews,mapped,identity_name_team_map,Proposed from review candidates; basis=exact normalized name + team; role-compatible; hot-dog-stand-latest.json|statcast_pitcher_2026; confidence=high; sources=hot-dog-stand-latest.json|statcast_pitcher_2026
2026-08-07,2026-08-07T14:33:53.319605+00:00,2026-08-07,DraftKings official lineup CSV,https://www.draftkings.com/lineup/getavailableplayerscsv?contestTypeId=9&draftGroupId=151692,151692,9,Selected largest-prize regular Classic MLB draft group after excluding Turbo/Night/qualifier/satellite/showdown/snake/single-stat slates.,SP,Dean Kremer (43773201),Dean Kremer,43773201,P,6800,MIN@MIL 08/07/2026 07:40PM ET,08/07/2026 07:40PM ET,MIN,MIL,away,11.23,,,needs_review_new_player,identity_name_team_map,No reviewed normalized-name/team identity alias; do not auto-guess.
2026-08-07,2026-08-07T14:33:53.319605+00:00,2026-08-07,DraftKings official lineup CSV,https://www.draftkings.com/lineup/getavailableplayerscsv?contestTypeId=9&draftGroupId=151692,151692,9,Selected largest-prize regular Classic MLB draft group after excluding Turbo/Night/qualifier/satellite/showdown/snake/single-stat slates.,SP,David Festa (43773202),David Festa,43773202,P,6800,MIN@MIL 08/07/2026 07:40PM ET,08/07/2026 07:40PM ET,MIN,MIL,away,0,,,needs_review_new_player,identity_name_team_map,No reviewed normalized-name/team identity alias; do not auto-guess.
2026-08-07,2026-08-07T14:33:53.319605+00:00,2026-08-07,DraftKings official lineup CSV,https://www.draftkings.com/lineup/getavailableplayerscsv?contestTypeId=9&draftGroupId=151692,151692,9,Selected largest-prize regular Classic MLB draft group after excluding Turbo/Night/qualifier/satellite/showdown/snake/single-stat slates.,SP,Cade Povich (43773203),Cade Povich,43773203,P,6800,BAL@TEX 08/07/2026 08:15PM ET,08/07/2026 08:15PM ET,BAL,TEX,away,12,,,needs_review_new_player,identity_name_team_map,No reviewed normalized-name/team identity alias; do not auto-guess.
2026-08-07,2026-08-07T14:33:53.319605+00:00,2026-08-07,DraftKings official lineup CSV,https://www.draftkings.com/lineup/getavailableplayerscsv?contestTypeId=9&draftGroupId=151692,151692,9,Selected largest-prize regular Classic MLB draft group after excluding Turbo/Night/qualifier/satellite/showdown/snake/single-stat slates.,SP,Cole Ragans (43773204),Cole Ragans,43773204,P,6800,CHC@KC 08/07/2026 08:10PM ET,08/07/2026 08:10PM ET,KC,CHC,home,13.19,666142,Cole Ragans,mapped,identity_name_team_map,Stable identity seed from old DK-ID map. Pilot join status: matched via normalized_name_team
2026-08-07,2026-08-07T14:33:53.319605+00:00,2026-08-07,DraftKings official lineup CSV,https://www.draftkings.com/lineup/getavailableplayerscsv?contestTypeId=9&draftGroupId=151692,151692,9,Selected largest-prize regular Classic MLB draft group after excluding Turbo/Night/qualifier/satellite/showdown/snake/single-stat slates.,SP,Noah Cameron (43773205),Noah Cameron,43773205,P,6800,CHC@KC 08/07/2026 08:10PM ET,08/07/2026 08:10PM ET,KC,CHC,home,14.41,702070,Noah Cameron,mapped,identity_name_team_map,Stable identity seed from old DK-ID map. Pilot join status: matched via normalized_name_team
2026-08-07,2026-08-07T14:33:53.319605+00:00,2026-08-07,DraftKings official lineup CSV,https://www.draftkings.com/lineup/getavailableplayerscsv?contestTypeId=9&draftGroupId=151692,151692,9,Selected largest-prize regular Classic MLB draft group after excluding Turbo/Night/qualifier/satellite/showdown/snake/single-stat slates.,RP,Seth Lugo (43773206),Seth Lugo,43773206,P,6800,CHC@KC 08/07/2026 08:10PM ET,08/07/2026 08:10PM ET,KC,CHC,home,11.59,607625,Seth Lugo,mapped,identity_name_team_map,Stable identity seed from old DK-ID map. Pilot join status: matched via normalized_name_team
2026-08-07,2026-08-07T14:33:53.319605+00:00,2026-08-07,DraftKings official lineup CSV,https://www.draftkings.com/lineup/getavailableplayerscsv?contestTypeId=9&draftGroupId=151692,151692,9,Selected largest-prize regular Classic MLB draft group after excluding Turbo/Night/qualifier/satellite/showdown/snake/single-stat slates.,RP,Ian Seymour (43773207),Ian Seymour,43773207,P,6700,TB@SEA 08/07/2026 09:45PM ET,08/07/2026 09:45PM ET,TB,SEA,away,7.58,,,needs_review_new_player,identity_name_team_map,No reviewed normalized-name/team identity alias; do not auto-guess.
2026-08-07,2026-08-07T14:33:53.319605+00:00,2026-08-07,DraftKings official lineup CSV,https://www.draftkings.com/lineup/getavailableplayerscsv?contestTypeId=9&draftGroupId=151692,151692,9,Selected largest-prize regular Classic MLB draft group after excluding Turbo/Night/qualifier/satellite/showdown/snake/single-stat slates.,SP,Quinn Mathews (43773208),Quinn Mathews,43773208,P,6700,COL@STL 08/07/2026 08:15PM ET,08/07/2026 08:15PM ET,STL,COL,home,7.85,,,needs_review_new_player,identity_name_team_map,No reviewed normalized-name/team identity alias; do not auto-guess.
2026-08-07,2026-08-07T14:33:53.319605+00:00,2026-08-07,DraftKings official lineup CSV,https://www.draftkings.com/lineup/getavailableplayerscsv?contestTypeId=9&draftGroupId=151692,151692,9,Selected largest-prize regular Classic MLB draft group after excluding Turbo/Night/qualifier/satellite/showdown/snake/single-stat slates.,RP,Matthew Liberatore (43773209),Matthew Liberatore,43773209,P,6700,COL@STL 08/07/2026 08:15PM ET,08/07/2026 08:15PM ET,STL,COL,home,11.77,669461,Matthew Liberatore,mapped,identity_name_team_map,Stable identity seed from old DK-ID map. Pilot join status: matched via normalized_name_team
2026-08-07,2026-08-07T14:33:53.319605+00:00,2026-08-07,DraftKings official lineup CSV,https://www.draftkings.com/lineup/getavailableplayerscsv?contestTypeId=9&draftGroupId=151692,151692,9,Selected largest-prize regular Classic MLB draft group after excluding Turbo/Night/qualifier/satellite/showdown/snake/single-stat slates.,RP,Joey Wentz (43773210),Joey Wentz,43773210,P,6700,ATL@NYY 08/07/2026 07:05PM ET,08/07/2026 07:05PM ET,ATL,NYY,away,0,666214,Joey Wentz,mapped,identity_name_team_map,Stable identity seed from old DK-ID map. Pilot join status: matched_people_search_name via mlb_people_search_normalized_name
2026-08-07,2026-08-07T14:33:53.319605+00:00,2026-08-07,DraftKings official lineup CSV,https://www.draftkings.com/lineup/getavailableplayerscsv?contestTypeId=9&draftGroupId=151692,151692,9,Selected largest-prize regular Classic MLB draft group after excluding Turbo/Night/qualifier/satellite/showdown/snake/single-stat slates.,RP,Grant Holmes (43773211),Grant Holmes,43773211,P,6700,ATL@NYY 08/07/2026 07:05PM ET,08/07/2026 07:05PM ET,ATL,NYY,away,12.64,656550,Grant Holmes,mapped,identity_name_team_map,Stable identity seed from old DK-ID map. Pilot join status: matched via normalized_name_team
2026-08-07,2026-08-07T14:33:53.319605+00:00,2026-08-07,DraftKings official lineup CSV,https://www.draftkings.com/lineup/getavailableplayerscsv?contestTypeId=9&draftGroupId=151692,151692,9,Selected largest-prize regular Classic MLB draft group after excluding Turbo/Night/qualifier/satellite/showdown/snake/single-stat slates.,SP,Tyler Wells (43773212),Tyler Wells,43773212,P,6700,TB@SEA 08/07/2026 09:45PM ET,08/07/2026 09:45PM ET,TB,SEA,away,4.12,,,needs_review_new_player,identity_name_team_map,No reviewed normalized-name/team identity alias; do not auto-guess.
2026-08-07,2026-08-07T14:33:53.319605+00:00,2026-08-07,DraftKings official lineup CSV,https://www.draftkings.com/lineup/getavailableplayerscsv?contestTypeId=9&draftGroupId=151692,151692,9,Selected largest-prize regular Classic MLB draft group after excluding Turbo/Night/qualifier/satellite/showdown/snake/single-stat slates.,RP,Steven Wilson (43773213),Steven Wilson,43773213,P,6700,TB@SEA 08/07/2026 09:45PM ET,08/07/2026 09:45PM ET,TB,SEA,away,0,,,needs_review_new_player,identity_name_team_map,No reviewed normalized-name/team identity alias; do not auto-guess.
2026-08-07,2026-08-07T14:33:53.319605+00:00,2026-08-07,DraftKings official lineup CSV,https://www.draftkings.com/lineup/getavailableplayerscsv?contestTypeId=9&draftGroupId=151692,151692,9,Selected largest-prize regular Classic MLB draft group after excluding Turbo/Night/qualifier/satellite/showdown/snake/single-stat slates.,SP,Steven Matz (43773214),Steven Matz,43773214,P,6700,TB@SEA 08/07/2026 09:45PM ET,08/07/2026 09:45PM ET,TB,SEA,away,6.06,,,needs_review_new_player,identity_name_team_map,No reviewed normalized-name/team identity alias; do not auto-guess.
2026-08-07,2026-08-07T14:33:53.319605+00:00,2026-08-07,DraftKings official lineup CSV,https://www.draftkings.com/lineup/getavailableplayerscsv?contestTypeId=9&draftGroupId=151692,151692,9,Selected largest-prize regular Classic MLB draft group after excluding Turbo/Night/qualifier/satellite/showdown/snake/single-stat slates.,RP,Jesse Scholtens (43773215),Jesse Scholtens,43773215,P,6700,TB@SEA 08/07/2026 09:45PM ET,08/07/2026 09:45PM ET,TB,SEA,away,11.42,,,needs_review_new_player,identity_name_team_map,No reviewed normalized-name/team identity alias; do not auto-guess.
2026-08-07,2026-08-07T14:33:53.319605+00:00,2026-08-07,DraftKings official lineup CSV,https://www.draftkings.com/lineup/getavailableplayerscsv?contestTypeId=9&draftGroupId=151692,151692,9,Selected largest-prize regular Classic MLB draft group after excluding Turbo/Night/qualifier/satellite/showdown/snake/single-stat slates.,SP,Logan Allen (43773216),Logan Allen,43773216,P,6700,CLE@CWS 08/07/2026 07:40PM ET,08/07/2026 07:40PM ET,CLE,CWS,away,11.75,,,needs_review_new_player,identity_name_team_map,No reviewed normalized-name/team identity alias; do not auto-guess.
2026-08-07,2026-08-07T14:33:53.319605+00:00,2026-08-07,DraftKings official lineup CSV,https://www.draftkings.com/lineup/getavailableplayerscsv?contestTypeId=9&draftGroupId=151692,151692,9,Selected largest-prize regular Classic MLB draft group after excluding Turbo/Night/qualifier/satellite/showdown/snake/single-stat slates.,SP,Ryan Pepiot (43773217),Ryan Pepiot,43773217,P,6700,TB@SEA 08/07/2026 09:45PM ET,08/07/2026 09:45PM ET,TB,SEA,away,0,,,needs_review_new_player,identity_name_team_map,No reviewed normalized-name/team identity alias; do not auto-guess.
2026-08-07,2026-08-07T14:33:53.319605+00:00,2026-08-07,DraftKings official lineup CSV,https://www.draftkings.com/lineup/getavailableplayerscsv?contestTypeId=9&draftGroupId=151692,151692,9,Selected largest-prize regular Classic MLB draft group after excluding Turbo/Night/qualifier/satellite/showdown/snake/single-stat slates.,SP,Hurston Waldrep (43773218),Hurston Waldrep,43773218,P,6700,ATL@NYY 08/07/2026 07:05PM ET,08/07/2026 07:05PM ET,ATL,NYY,away,2.33,694462,Hurston Waldrep,mapped,identity_name_team_map,Stable identity seed from old DK-ID map. Pilot join status: matched_people_search_name via mlb_people_search_normalized_name
2026-08-07,2026-08-07T14:33:53.319605+00:00,2026-08-07,DraftKings official lineup CSV,https://www.draftkings.com/lineup/getavailableplayerscsv?contestTypeId=9&draftGroupId=151692,151692,9,Selected largest-prize regular Classic MLB draft group after excluding Turbo/Night/qualifier/satellite/showdown/snake/single-stat slates.,RP,Mason Englert (43773219),Mason Englert,43773219,P,6700,TB@SEA 08/07/2026 09:45PM ET,08/07/2026 09:45PM ET,TB,SEA,away,5.55,,,needs_review_new_player,identity_name_team_map,No reviewed normalized-name/team identity alias; do not auto-guess.
2026-08-07,2026-08-07T14:33:53.319605+00:00,2026-08-07,DraftKings official lineup CSV,https://www.draftkings.com/lineup/getavailableplayerscsv?contestTypeId=9&draftGroupId=151692,151692,9,Selected largest-prize regular Classic MLB draft group after excluding Turbo/Night/qualifier/satellite/showdown/snake/single-stat slates.,SP,Merrill Kelly (43772524),Merrill Kelly,43772524,P,6600,LAD@ARI 08/07/2026 09:40PM ET,08/07/2026 09:40PM ET,ARI,LAD,home,10.6,,,needs_review_new_player,identity_name_team_map,No reviewed normalized-name/team identity alias; do not auto-guess.
2026-08-07,2026-08-07T14:33:53.319605+00:00,2026-08-07,DraftKings official lineup CSV,https://www.draftkings.com/lineup/getavailableplayerscsv?contestTypeId=9&draftGroupId=151692,151692,9,Selected largest-prize regular Classic MLB draft group after excluding Turbo/Night/qualifier/satellite/showdown/snake/single-stat slates.,SP,Ryne Nelson (43773220),Ryne Nelson,43773220,P,6600,LAD@ARI 08/07/2026 09:40PM ET,08/07/2026 09:40PM ET,ARI,LAD,home,11.11,,,needs_review_new_player,identity_name_team_map,No reviewed normalized-name/team identity alias; do not auto-guess.
2026-08-07,2026-08-07T14:33:53.319605+00:00,2026-08-07,DraftKings official lineup CSV,https://www.draftkings.com/lineup/getavailableplayerscsv?contestTypeId=9&draftGroupId=151692,151692,9,Selected largest-prize regular Classic MLB draft group after excluding Turbo/Night/qualifier/satellite/showdown/snake/single-stat slates.,RP,Kohl Drake (43773221),Kohl Drake,43773221,P,6600,LAD@ARI 08/07/2026 09:40PM ET,08/07/2026 09:40PM ET,ARI,LAD,home,6.52,,,needs_review_new_player,identity_name_team_map,No reviewed normalized-name/team identity alias; do not auto-guess.
2026-08-07,2026-08-07T14:33:53.319605+00:00,2026-08-07,DraftKings official lineup CSV,https://www.draftkings.com/lineup/getavailableplayerscsv?contestTypeId=9&draftGroupId=151692,151692,9,Selected largest-prize regular Classic MLB draft group after excluding Turbo/Night/qualifier/satellite/showdown/snake/single-stat slates.,SP,Mitch Bratt (43773222),Mitch Bratt,43773222,P,6600,LAD@ARI 08/07/2026 09:40PM ET,08/07/2026 09:40PM ET,ARI,LAD,home,9.74,,,needs_review_new_player,identity_name_team_map,No reviewed normalized-name/team identity alias; do not auto-guess.
2026-08-07,2026-08-07T14:33:53.319605+00:00,2026-08-07,DraftKings official lineup CSV,https://www.draftkings.com/lineup/getavailableplayerscsv?contestTypeId=9&draftGroupId=151692,151692,9,Selected largest-prize regular Classic MLB draft group after excluding Turbo/Night/qualifier/satellite/showdown/snake/single-stat slates.,OF,Yordan Alvarez (43772532),Yordan Alvarez,43772532,OF,6500,HOU@SD 08/07/2026 09:40PM ET,08/07/2026 09:40PM ET,HOU,SD,away,10.58,670541,Yordan Alvarez,mapped,identity_name_team_map,Stable identity seed from old DK-ID map. Pilot join status: matched via normalized_name_team
2026-08-07,2026-08-07T14:33:53.319605+00:00,2026-08-07,DraftKings official lineup CSV,https://www.draftkings.com/lineup/getavailableplayerscsv?contestTypeId=9&draftGroupId=151692,151692,9,Selected largest-prize regular Classic MLB draft group after excluding Turbo/Night/qualifier/satellite/showdown/snake/single-stat slates.,RP,Drew Anderson (43773223),Drew Anderson,43773223,P,6500,DET@SF 08/07/2026 10:15PM ET,08/07/2026 10:15PM ET,DET,SF,away,5.1,623454,Drew Anderson,mapped,identity_name_team_map,Proposed from review candidates; basis=exact normalized name + team; role-compatible; hot-dog-stand-latest.json|statcast_pitcher_2026; confidence=high; sources=hot-dog-stand-latest.json|statcast_pitcher_2026
2026-08-07,2026-08-07T14:33:53.319605+00:00,2026-08-07,DraftKings official lineup CSV,https://www.draftkings.com/lineup/getavailableplayerscsv?contestTypeId=9&draftGroupId=151692,151692,9,Selected largest-prize regular Classic MLB draft group after excluding Turbo/Night/qualifier/satellite/showdown/snake/single-stat slates.,SP,Reese Olson (43773224),Reese Olson,43773224,P,6500,DET@SF 08/07/2026 10:15PM ET,08/07/2026 10:15PM ET,DET,SF,away,0,,,needs_review_new_player,identity_name_team_map,No reviewed normalized-name/team identity alias; do not auto-guess.
2026-08-07,2026-08-07T14:33:53.319605+00:00,2026-08-07,DraftKings official lineup CSV,https://www.draftkings.com/lineup/getavailableplayerscsv?contestTypeId=9&draftGroupId=151692,151692,9,Selected largest-prize regular Classic MLB draft group after excluding Turbo/Night/qualifier/satellite/showdown/snake/single-stat slates.,SP,Jackson Jobe (43773225),Jackson Jobe,43773225,P,6500,DET@SF 08/07/2026 10:15PM ET,08/07/2026 10:15PM ET,DET,SF,away,0,,,needs_review_new_player,identity_name_team_map,No reviewed normalized-name/team identity alias; do not auto-guess.
2026-08-07,2026-08-07T14:33:53.319605+00:00,2026-08-07,DraftKings official lineup CSV,https://www.draftkings.com/lineup/getavailableplayerscsv?contestTypeId=9&draftGroupId=151692,151692,9,Selected largest-prize regular Classic MLB draft group after excluding Turbo/Night/qualifier/satellite/showdown/snake/single-stat slates.,SP,Justin Verlander (43773226),Justin Verlander,43773226,P,6500,DET@SF 08/07/2026 10:15PM ET,08/07/2026 10:15PM ET,DET,SF,away,-4.55,434378,Justin Verlander,mapped,identity_name_team_map,Proposed from review candidates; basis=exact normalized name + team; role-compatible; statcast_pitcher_2026; confidence=high; sources=statcast_pitcher_2026
2026-08-07,2026-08-07T14:33:53.319605+00:00,2026-08-07,DraftKings official lineup CSV,https://www.draftkings.com/lineup/getavailableplayerscsv?contestTypeId=9&draftGroupId=151692,151692,9,Selected largest-prize regular Classic MLB draft group after excluding Turbo/Night/qualifier/satellite/showdown/snake/single-stat slates.,RP,Jacob Latz (43773227),Jacob Latz,43773227,P,6500,BAL@TEX 08/07/2026 08:15PM ET,08/07/2026 08:15PM ET,TEX,BAL,home,4.66,656641,Jacob Latz,mapped,identity_name_team_map,Stable identity seed from old DK-ID map. Pilot join status: matched via normalized_name_team
2026-08-07,2026-08-07T14:33:53.319605+00:00,2026-08-07,DraftKings official lineup CSV,https://www.draftkings.com/lineup/getavailableplayerscsv?contestTypeId=9&draftGroupId=151692,151692,9,Selected largest-prize regular Classic MLB draft group after excluding Turbo/Night/qualifier/satellite/showdown/snake/single-stat slates.,SP,Jack Leiter (43773228),Jack Leiter,43773228,P,6500,BAL@TEX 08/07/2026 08:15PM ET,08/07/2026 08:15PM ET,TEX,BAL,home,12.71,683004,Jack Leiter,mapped,identity_name_team_map,Stable identity seed from old DK-ID map. Pilot join status: matched via normalized_name_team
2026-08-07,2026-08-07T14:33:53.319605+00:00,2026-08-07,DraftKings official lineup CSV,https://www.draftkings.com/lineup/getavailableplayerscsv?contestTypeId=9&draftGroupId=151692,151692,9,Selected largest-prize regular Classic MLB draft group after excluding Turbo/Night/qualifier/satellite/showdown/snake/single-stat slates.,SP,Kumar Rocker (43773229),Kumar Rocker,43773229,P,6500,BAL@TEX 08/07/2026 08:15PM ET,08/07/2026 08:15PM ET,TEX,BAL,home,12.8,677958,Kumar Rocker,mapped,identity_name_team_map,Stable identity seed from old DK-ID map. Pilot join status: matched via normalized_name_team
2026-08-07,2026-08-07T14:33:53.319605+00:00,2026-08-07,DraftKings official lineup CSV,https://www.draftkings.com/lineup/getavailableplayerscsv?contestTypeId=9&draftGroupId=151692,151692,9,Selected largest-prize regular Classic MLB draft group after excluding Turbo/Night/qualifier/satellite/showdown/snake/single-stat slates.,SP,David Peterson (43773230),David Peterson,43773230,P,6500,CHC@KC 08/07/2026 08:10PM ET,08/07/2026 08:10PM ET,CHC,KC,away,9.36,656849,David Peterson,needs_review_team_change,identity_name_unique_mlbam,Name maps to one reviewed MLBAM identity but not this DK team; review as team-change/new alias before trusting automation.
2026-08-07,2026-08-07T14:33:53.319605+00:00,2026-08-07,DraftKings official lineup CSV,https://www.draftkings.com/lineup/getavailableplayerscsv?contestTypeId=9&draftGroupId=151692,151692,9,Selected largest-prize regular Classic MLB draft group after excluding Turbo/Night/qualifier/satellite/showdown/snake/single-stat slates.,RP,Colin Rea (43773231),Colin Rea,43773231,P,6500,CHC@KC 08/07/2026 08:10PM ET,08/07/2026 08:10PM ET,CHC,KC,away,11.15,607067,Colin Rea,mapped,identity_name_team_map,Stable identity seed from old DK-ID map. Pilot join status: matched via normalized_name_team
2026-08-07,2026-08-07T14:33:53.319605+00:00,2026-08-07,DraftKings official lineup CSV,https://www.draftkings.com/lineup/getavailableplayerscsv?contestTypeId=9&draftGroupId=151692,151692,9,Selected largest-prize regular Classic MLB draft group after excluding Turbo/Night/qualifier/satellite/showdown/snake/single-stat slates.,SP,Jordan Wicks (43773232),Jordan Wicks,43773232,P,6500,CHC@KC 08/07/2026 08:10PM ET,08/07/2026 08:10PM ET,CHC,KC,away,0.66,696136,Jordan Wicks,mapped,identity_name_team_map,Stable identity seed from old DK-ID map. Pilot join status: matched via normalized_name_team
2026-08-07,2026-08-07T14:33:53.319605+00:00,2026-08-07,DraftKings official lineup CSV,https://www.draftkings.com/lineup/getavailableplayerscsv?contestTypeId=9&draftGroupId=151692,151692,9,Selected largest-prize regular Classic MLB draft group after excluding Turbo/Night/qualifier/satellite/showdown/snake/single-stat slates.,RP,Ethan Roberts (43773233),Ethan Roberts,43773233,P,6500,CHC@KC 08/07/2026 08:10PM ET,08/07/2026 08:10PM ET,CHC,KC,away,1.93,681799,Ethan Roberts,mapped,identity_name_team_map,Stable identity seed from old DK-ID map. Pilot join status: matched via normalized_name_team
2026-08-07,2026-08-07T14:33:53.319605+00:00,2026-08-07,DraftKings official lineup CSV,https://www.draftkings.com/lineup/getavailableplayerscsv?contestTypeId=9&draftGroupId=151692,151692,9,Selected largest-prize regular Classic MLB draft group after excluding Turbo/Night/qualifier/satellite/showdown/snake/single-stat slates.,SP,Javier Assad (43773234),Javier Assad,43773234,P,6500,CHC@KC 08/07/2026 08:10PM ET,08/07/2026 08:10PM ET,CHC,KC,away,9.58,665871,Javier Assad,mapped,identity_name_team_map,Stable identity seed from old DK-ID map. Pilot join status: matched via normalized_name_team
2026-08-07,2026-08-07T14:33:53.319605+00:00,2026-08-07,DraftKings official lineup CSV,https://www.draftkings.com/lineup/getavailableplayerscsv?contestTypeId=9&draftGroupId=151692,151692,9,Selected largest-prize regular Classic MLB draft group after excluding Turbo/Night/qualifier/satellite/showdown/snake/single-stat slates.,RP,Aaron Civale (43773235),Aaron Civale,43773235,P,6500,CHC@KC 08/07/2026 08:10PM ET,08/07/2026 08:10PM ET,CHC,KC,away,7.78,650644,Aaron Civale,needs_review_team_change,identity_name_unique_mlbam,Name maps to one reviewed MLBAM identity but not this DK team; review as team-change/new alias before trusting automation.
2026-08-07,2026-08-07T14:33:53.319605+00:00,2026-08-07,DraftKings official lineup CSV,https://www.draftkings.com/lineup/getavailableplayerscsv?contestTypeId=9&draftGroupId=151692,151692,9,Selected largest-prize regular Classic MLB draft group after excluding Turbo/Night/qualifier/satellite/showdown/snake/single-stat slates.,RP,Cody Bradford (43773236),Cody Bradford,43773236,P,6500,BAL@TEX 08/07/2026 08:15PM ET,08/07/2026 08:15PM ET,TEX,BAL,home,15.55,674003,Cody Bradford,mapped,identity_name_team_map,Stable identity seed from old DK-ID map. Pilot join status: matched_people_search_name via mlb_people_search_normalized_name
2026-08-07,2026-08-07T14:33:53.319605+00:00,2026-08-07,DraftKings official lineup CSV,https://www.draftkings.com/lineup/getavailableplayerscsv?contestTypeId=9&draftGroupId=151692,151692,9,Selected largest-prize regular Classic MLB draft group after excluding Turbo/Night/qualifier/satellite/showdown/snake/single-stat slates.,SP,Jack Perkins (43772525),Jack Perkins,43772525,P,6400,ATH@BOS 08/07/2026 07:10PM ET,08/07/2026 07:10PM ET,ATH,BOS,away,6.49,678022,Jack Perkins,mapped,identity_name_team_map,Stable identity seed from old DK-ID map. Pilot join status: matched via normalized_name_team
2026-08-07,2026-08-07T14:33:53.319605+00:00,2026-08-07,DraftKings official lineup CSV,https://www.draftkings.com/lineup/getavailableplayerscsv?contestTypeId=9&draftGroupId=151692,151692,9,Selected largest-prize regular Classic MLB draft group after excluding Turbo/Night/qualifier/satellite/showdown/snake/single-stat slates.,1B/OF,Shohei Ohtani (43772533),Shohei Ohtani,43772533,1B/OF,6400,LAD@ARI 08/07/2026 09:40PM ET,08/07/2026 09:40PM ET,LAD,ARI,away,9.69,,,needs_review_new_player,identity_name_team_map,No reviewed normalized-name/team identity alias; do not auto-guess.
2026-08-07,2026-08-07T14:33:53.319605+00:00,2026-08-07,DraftKings official lineup CSV,https://www.draftkings.com/lineup/getavailableplayerscsv?contestTypeId=9&draftGroupId=151692,151692,9,Selected largest-prize regular Classic MLB draft group after excluding Turbo/Night/qualifier/satellite/showdown/snake/single-stat slates.,SP,Luis Morales (43773237),Luis Morales,43773237,P,6400,ATH@BOS 08/07/2026 07:10PM ET,08/07/2026 07:10PM ET,ATH,BOS,away,-2.24,806960,Luis Morales,mapped,identity_name_team_map,Stable identity seed from old DK-ID map. Pilot join status: matched via normalized_name_team
2026-08-07,2026-08-07T14:33:53.319605+00:00,2026-08-07,DraftKings official lineup CSV,https://www.draftkings.com/lineup/getavailableplayerscsv?contestTypeId=9&draftGroupId=151692,151692,9,Selected largest-prize regular Classic MLB draft group after excluding Turbo/Night/qualifier/satellite/showdown/snake/single-stat slates.,SP,Gage Jump (43773238),Gage Jump,43773238,P,6400,ATH@BOS 08/07/2026 07:10PM ET,08/07/2026 07:10PM ET,ATH,BOS,away,14.11,695611,Gage Jump,mapped,identity_name_team_map,Stable identity seed from old DK-ID map. Pilot join status: matched via normalized_name_team
2026-08-07,2026-08-07T14:33:53.319605+00:00,2026-08-07,DraftKings official lineup CSV,https://www.draftkings.com/lineup/getavailableplayerscsv?contestTypeId=9&draftGroupId=151692,151692,9,Selected largest-prize regular Classic MLB draft group after excluding Turbo/Night/qualifier/satellite/showdown/snake/single-stat slates.,SP,Luis Severino (43773239),Luis Severino,43773239,P,6400,ATH@BOS 08/07/2026 07:10PM ET,08/07/2026 07:10PM ET,ATH,BOS,away,13.72,622663,Luis Severino,mapped,identity_name_team_map,Stable identity seed from old DK-ID map. Pilot join status: matched via normalized_name_team
2026-08-07,2026-08-07T14:33:53.319605+00:00,2026-08-07,DraftKings official lineup CSV,https://www.draftkings.com/lineup/getavailableplayerscsv?contestTypeId=9&draftGroupId=151692,151692,9,Selected largest-prize regular Classic MLB draft group after excluding Turbo/Night/qualifier/satellite/showdown/snake/single-stat slates.,RP,Jacob Lopez (43773240),Jacob Lopez,43773240,P,6400,ATH@BOS 08/07/2026 07:10PM ET,08/07/2026 07:10PM ET,ATH,BOS,away,8.88,682052,Jacob Lopez,mapped,identity_name_team_map,Stable identity seed from old DK-ID map. Pilot join status: matched via normalized_name_team
2026-08-07,2026-08-07T14:33:53.319605+00:00,2026-08-07,DraftKings official lineup CSV,https://www.draftkings.com/lineup/getavailableplayerscsv?contestTypeId=9&draftGroupId=151692,151692,9,Selected largest-prize regular Classic MLB draft group after excluding Turbo/Night/qualifier/satellite/showdown/snake/single-stat slates.,RP,Mason Barnett (43773241),Mason Barnett,43773241,P,6400,ATH@BOS 08/07/2026 07:10PM ET,08/07/2026 07:10PM ET,ATH,BOS,away,5.07,686930,Mason Barnett,mapped,identity_name_team_map,Stable identity seed from old DK-ID map. Pilot join status: matched via normalized_name_team
2026-08-07,2026-08-07T14:33:53.319605+00:00,2026-08-07,DraftKings official lineup CSV,https://www.draftkings.com/lineup/getavailableplayerscsv?contestTypeId=9&draftGroupId=151692,151692,9,Selected largest-prize regular Classic MLB draft group after excluding Turbo/Night/qualifier/satellite/showdown/snake/single-stat slates.,OF,Pete Crow-Armstrong (43772535),Pete Crow-Armstrong,43772535,OF,6300,CHC@KC 08/07/2026 08:10PM ET,08/07/2026 08:10PM ET,CHC,KC,away,10.53,691718,Pete Crow-Armstrong,mapped,identity_name_team_map,Stable identity seed from old DK-ID map. Pilot join status: matched via normalized_name_team
2026-08-07,2026-08-07T14:33:53.319605+00:00,2026-08-07,DraftKings official lineup CSV,https://www.draftkings.com/lineup/getavailableplayerscsv?contestTypeId=9&draftGroupId=151692,151692,9,Selected largest-prize regular Classic MLB draft group after excluding Turbo/Night/qualifier/satellite/showdown/snake/single-stat slates.,SP,Gavin Stone (43773242),Gavin Stone,43773242,P,6300,LAD@ARI 08/07/2026 09:40PM ET,08/07/2026 09:40PM ET,LAD,ARI,away,0,,,needs_review_new_player,identity_name_team_map,No reviewed normalized-name/team identity alias; do not auto-guess.
2026-08-07,2026-08-07T14:33:53.319605+00:00,2026-08-07,DraftKings official lineup CSV,https://www.draftkings.com/lineup/getavailableplayerscsv?contestTypeId=9&draftGroupId=151692,151692,9,Selected largest-prize regular Classic MLB draft group after excluding Turbo/Night/qualifier/satellite/showdown/snake/single-stat slates.,SP,Bobby Miller (43773243),Bobby Miller,43773243,P,6300,LAD@ARI 08/07/2026 09:40PM ET,08/07/2026 09:40PM ET,LAD,ARI,away,0,,,needs_review_new_player,identity_name_team_map,No reviewed normalized-name/team identity alias; do not auto-guess.
2026-08-07,2026-08-07T14:33:53.319605+00:00,2026-08-07,DraftKings official lineup CSV,https://www.draftkings.com/lineup/getavailableplayerscsv?contestTypeId=9&draftGroupId=151692,151692,9,Selected largest-prize regular Classic MLB draft group after excluding Turbo/Night/qualifier/satellite/showdown/snake/single-stat slates.,SP,Landon Knack (43773244),Landon Knack,43773244,P,6300,LAD@ARI 08/07/2026 09:40PM ET,08/07/2026 09:40PM ET,LAD,ARI,away,1.92,,,needs_review_new_player,identity_name_team_map,No reviewed normalized-name/team identity alias; do not auto-guess.
2026-08-07,2026-08-07T14:33:53.319605+00:00,2026-08-07,DraftKings official lineup CSV,https://www.draftkings.com/lineup/getavailableplayerscsv?contestTypeId=9&draftGroupId=151692,151692,9,Selected largest-prize regular Classic MLB draft group after excluding Turbo/Night/qualifier/satellite/showdown/snake/single-stat slates.,RP,Eric Lauer (43773245),Eric Lauer,43773245,P,6300,LAD@ARI 08/07/2026 09:40PM ET,08/07/2026 09:40PM ET,LAD,ARI,away,9.64,,,needs_review_new_player,identity_name_team_map,No reviewed normalized-name/team identity alias; do not auto-guess.
2026-08-07,2026-08-07T14:33:53.319605+00:00,2026-08-07,DraftKings official lineup CSV,https://www.draftkings.com/lineup/getavailableplayerscsv?contestTypeId=9&draftGroupId=151692,151692,9,Selected largest-prize regular Classic MLB draft group after excluding Turbo/Night/qualifier/satellite/showdown/snake/single-stat slates.,SP,Tyler Phillips (43772526),Tyler Phillips,43772526,P,6200,LAA@MIA 08/07/2026 07:10PM ET,08/07/2026 07:10PM ET,MIA,LAA,home,7.16,663969,Tyler Phillips,mapped,identity_name_team_map,Proposed from review candidates; basis=exact normalized name + team; role-compatible; statcast_pitcher_2026; confidence=high; sources=statcast_pitcher_2026
2026-08-07,2026-08-07T14:33:53.319605+00:00,2026-08-07,DraftKings official lineup CSV,https://www.draftkings.com/lineup/getavailableplayerscsv?contestTypeId=9&draftGroupId=151692,151692,9,Selected largest-prize regular Classic MLB draft group after excluding Turbo/Night/qualifier/satellite/showdown/snake/single-stat slates.,OF,Fernando Tatis Jr. (43772536),Fernando Tatis Jr.,43772536,OF,6200,HOU@SD 08/07/2026 09:40PM ET,08/07/2026 09:40PM ET,SD,HOU,home,8.33,665487,Fernando Tatis Jr.,mapped,identity_name_team_map,Stable identity seed from old DK-ID map. Pilot join status: matched via normalized_name_team
2026-08-07,2026-08-07T14:33:53.319605+00:00,2026-08-07,DraftKings official lineup CSV,https://www.draftkings.com/lineup/getavailableplayerscsv?contestTypeId=9&draftGroupId=151692,151692,9,Selected largest-prize regular Classic MLB draft group after excluding Turbo/Night/qualifier/satellite/showdown/snake/single-stat slates.,SP,Robby Snelling (43773246),Robby Snelling,43773246,P,6200,LAA@MIA 08/07/2026 07:10PM ET,08/07/2026 07:10PM ET,MIA,LAA,home,3.85,702281,Robby Snelling,mapped,identity_name_team_map,Proposed from review candidates; basis=exact normalized name + team; role-compatible; statcast_pitcher_2026; confidence=high; sources=statcast_pitcher_2026
2026-08-07,2026-08-07T14:33:53.319605+00:00,2026-08-07,DraftKings official lineup CSV,https://www.draftkings.com/lineup/getavailableplayerscsv?contestTypeId=9&draftGroupId=151692,151692,9,Selected largest-prize regular Classic MLB draft group after excluding Turbo/Night/qualifier/satellite/showdown/snake/single-stat slates.,RP,Janson Junk (43773247),Janson Junk,43773247,P,6200,LAA@MIA 08/07/2026 07:10PM ET,08/07/2026 07:10PM ET,MIA,LAA,home,11.03,676083,Janson Junk,mapped,identity_name_team_map,Proposed from review candidates; basis=exact normalized name + team; role-compatible; hot-dog-stand-latest.json|statcast_pitcher_2026; confidence=high; sources=hot-dog-stand-latest.json|statcast_pitcher_2026
2026-08-07,2026-08-07T14:33:53.319605+00:00,2026-08-07,DraftKings official lineup CSV,https://www.draftkings.com/lineup/getavailableplayerscsv?contestTypeId=9&draftGroupId=151692,151692,9,Selected largest-prize regular Classic MLB draft group after excluding Turbo/Night/qualifier/satellite/showdown/snake/single-stat slates.,SP,Colton Gordon (43773248),Colton Gordon,43773248,P,6200,MIN@MIL 08/07/2026 07:40PM ET,08/07/2026 07:40PM ET,MIL,MIN,home,1,676467,Colton Gordon,needs_review_team_change,identity_name_unique_mlbam,Name maps to one reviewed MLBAM identity but not this DK team; review as team-change/new alias before trusting automation.
2026-08-07,2026-08-07T14:33:53.319605+00:00,2026-08-07,DraftKings official lineup CSV,https://www.draftkings.com/lineup/getavailableplayerscsv?contestTypeId=9&draftGroupId=151692,151692,9,Selected largest-prize regular Classic MLB draft group after excluding Turbo/Night/qualifier/satellite/showdown/snake/single-stat slates.,SP,Quinn Priester (43773249),Quinn Priester,43773249,P,6200,MIN@MIL 08/07/2026 07:40PM ET,08/07/2026 07:40PM ET,MIL,MIN,home,0,682990,Quinn Priester,mapped,identity_name_team_map,Stable identity seed from old DK-ID map. Pilot join status: matched_people_search_name via mlb_people_search_normalized_name
2026-08-07,2026-08-07T14:33:53.319605+00:00,2026-08-07,DraftKings official lineup CSV,https://www.draftkings.com/lineup/getavailableplayerscsv?contestTypeId=9&draftGroupId=151692,151692,9,Selected largest-prize regular Classic MLB draft group after excluding Turbo/Night/qualifier/satellite/showdown/snake/single-stat slates.,SP,Ryan Feltner (43772527),Ryan Feltner,43772527,P,6000,COL@STL 08/07/2026 08:15PM ET,08/07/2026 08:15PM ET,COL,STL,away,8.54,663372,Ryan Feltner,mapped,identity_name_team_map,Stable identity seed from old DK-ID map. Pilot join status: matched via normalized_name_team
2026-08-07,2026-08-07T14:33:53.319605+00:00,2026-08-07,DraftKings official lineup CSV,https://www.draftkings.com/lineup/getavailableplayerscsv?contestTypeId=9&draftGroupId=151692,151692,9,Selected largest-prize regular Classic MLB draft group after excluding Turbo/Night/qualifier/satellite/showdown/snake/single-stat slates.,3B,Junior Caminero (43772537),Junior Caminero,43772537,3B,6000,TB@SEA 08/07/2026 09:45PM ET,08/07/2026 09:45PM ET,TB,SEA,away,9.27,,,needs_review_new_player,identity_name_team_map,No reviewed normalized-name/team identity alias; do not auto-guess.
2026-08-07,2026-08-07T14:33:53.319605+00:00,2026-08-07,DraftKings official lineup CSV,https://www.draftkings.com/lineup/getavailableplayerscsv?contestTypeId=9&draftGroupId=151692,151692,9,Selected largest-prize regular Classic MLB draft group after excluding Turbo/Night/qualifier/satellite/showdown/snake/single-stat slates.,OF,Aaron Judge (43772886),Aaron Judge,43772886,OF,6000,ATL@NYY 08/07/2026 07:05PM ET,08/07/2026 07:05PM ET,NYY,ATL,home,9.71,,,needs_review_new_player,identity_name_team_map,No reviewed normalized-name/team identity alias; do not auto-guess.
2026-08-07,2026-08-07T14:33:53.319605+00:00,2026-08-07,DraftKings official lineup CSV,https://www.draftkings.com/lineup/getavailableplayerscsv?contestTypeId=9&draftGroupId=151692,151692,9,Selected largest-prize regular Classic MLB draft group after excluding Turbo/Night/qualifier/satellite/showdown/snake/single-stat slates.,RP,Zach Agnos (43773250),Zach Agnos,43773250,P,6000,COL@STL 08/07/2026 08:15PM ET,08/07/2026 08:15PM ET,COL,STL,away,2.85,688642,Zach Agnos,mapped,identity_name_team_map,Stable identity seed from old DK-ID map. Pilot join status: matched via normalized_name_team
2026-08-07,2026-08-07T14:33:53.319605+00:00,2026-08-07,DraftKings official lineup CSV,https://www.draftkings.com/lineup/getavailableplayerscsv?contestTypeId=9&draftGroupId=151692,151692,9,Selected largest-prize regular Classic MLB draft group after excluding Turbo/Night/qualifier/satellite/showdown/snake/single-stat slates.,RP,Gabriel Hughes (43773251),Gabriel Hughes,43773251,P,6000,COL@STL 08/07/2026 08:15PM ET,08/07/2026 08:15PM ET,COL,STL,away,12.19,687312,Gabriel Hughes,mapped,identity_name_team_map,Stable identity seed from old DK-ID map. Pilot join status: matched_people_search_name via mlb_people_search_normalized_name
2026-08-07,2026-08-07T14:33:53.319605+00:00,2026-08-07,DraftKings official lineup CSV,https://www.draftkings.com/lineup/getavailableplayerscsv?contestTypeId=9&draftGroupId=151692,151692,9,Selected largest-prize regular Classic MLB draft group after excluding Turbo/Night/qualifier/satellite/showdown/snake/single-stat slates.,SP,Kyle Hart (43773252),Kyle Hart,43773252,P,6000,HOU@SD 08/07/2026 09:40PM ET,08/07/2026 09:40PM ET,SD,HOU,home,3.7,606996,Kyle Hart,mapped,identity_name_team_map,Stable identity seed from old DK-ID map. Pilot join status: matched via normalized_name_team
2026-08-07,2026-08-07T14:33:53.319605+00:00,2026-08-07,DraftKings official lineup CSV,https://www.draftkings.com/lineup/getavailableplayerscsv?contestTypeId=9&draftGroupId=151692,151692,9,Selected largest-prize regular Classic MLB draft group after excluding Turbo/Night/qualifier/satellite/showdown/snake/single-stat slates.,SP,Griffin Canning (43773253),Griffin Canning,43773253,P,6000,HOU@SD 08/07/2026 09:40PM ET,08/07/2026 09:40PM ET,SD,HOU,home,7.22,656288,Griffin Canning,mapped,identity_name_team_map,Stable identity seed from old DK-ID map. Pilot join status: matched via normalized_name_team
2026-08-07,2026-08-07T14:33:53.319605+00:00,2026-08-07,DraftKings official lineup CSV,https://www.draftkings.com/lineup/getavailableplayerscsv?contestTypeId=9&draftGroupId=151692,151692,9,Selected largest-prize regular Classic MLB draft group after excluding Turbo/Night/qualifier/satellite/showdown/snake/single-stat slates.,SP,Randy Vasquez (43773254),Randy Vasquez,43773254,P,6000,HOU@SD 08/07/2026 09:40PM ET,08/07/2026 09:40PM ET,SD,HOU,home,9.23,681190,Randy Vásquez,mapped,identity_name_team_map,Stable identity seed from old DK-ID map. Pilot join status: matched via normalized_name_team
2026-08-07,2026-08-07T14:33:53.319605+00:00,2026-08-07,DraftKings official lineup CSV,https://www.draftkings.com/lineup/getavailableplayerscsv?contestTypeId=9&draftGroupId=151692,151692,9,Selected largest-prize regular Classic MLB draft group after excluding Turbo/Night/qualifier/satellite/showdown/snake/single-stat slates.,RP,Jhony Brito (43773255),Jhony Brito,43773255,P,6000,HOU@SD 08/07/2026 09:40PM ET,08/07/2026 09:40PM ET,SD,HOU,home,4.33,666745,Jhony Brito,mapped,identity_name_team_map,Stable identity seed from old DK-ID map. Pilot join status: matched_people_search_name via mlb_people_search_normalized_name
2026-08-07,2026-08-07T14:33:53.319605+00:00,2026-08-07,DraftKings official lineup CSV,https://www.draftkings.com/lineup/getavailableplayerscsv?contestTypeId=9&draftGroupId=151692,151692,9,Selected largest-prize regular Classic MLB draft group after excluding Turbo/Night/qualifier/satellite/showdown/snake/single-stat slates.,RP,Mitch Farris (43773256),Mitch Farris,43773256,P,6000,LAA@MIA 08/07/2026 07:10PM ET,08/07/2026 07:10PM ET,LAA,MIA,away,4.64,815083,Mitch Farris,mapped,identity_name_team_map,Stable identity seed from old DK-ID map. Pilot join status: matched via normalized_name_team
2026-08-07,2026-08-07T14:33:53.319605+00:00,2026-08-07,DraftKings official lineup CSV,https://www.draftkings.com/lineup/getavailableplayerscsv?contestTypeId=9&draftGroupId=151692,151692,9,Selected largest-prize regular Classic MLB draft group after excluding Turbo/Night/qualifier/satellite/showdown/snake/single-stat slates.,SP,Grayson Rodriguez (43773257),Grayson Rodriguez,43773257,P,6000,LAA@MIA 08/07/2026 07:10PM ET,08/07/2026 07:10PM ET,LAA,MIA,away,7.01,680570,Grayson Rodriguez,mapped,identity_name_team_map,Stable identity seed from old DK-ID map. Pilot join status: matched via normalized_name_team
2026-08-07,2026-08-07T14:33:53.319605+00:00,2026-08-07,DraftKings official lineup CSV,https://www.draftkings.com/lineup/getavailableplayerscsv?contestTypeId=9&draftGroupId=151692,151692,9,Selected largest-prize regular Classic MLB draft group after excluding Turbo/Night/qualifier/satellite/showdown/snake/single-stat slates.,SP,Brayan Bello (43773258),Brayan Bello,43773258,P,6000,ATH@BOS 08/07/2026 07:10PM ET,08/07/2026 07:10PM ET,BOS,ATH,home,9.13,,,needs_review_new_player,identity_name_team_map,No reviewed normalized-name/team identity alias; do not auto-guess.
2026-08-07,2026-08-07T14:33:53.319605+00:00,2026-08-07,DraftKings official lineup CSV,https://www.draftkings.com/lineup/getavailableplayerscsv?contestTypeId=9&draftGroupId=151692,151692,9,Selected largest-prize regular Classic MLB draft group after excluding Turbo/Night/qualifier/satellite/showdown/snake/single-stat slates.,SP,Johan Oviedo (43773259),Johan Oviedo,43773259,P,6000,ATH@BOS 08/07/2026 07:10PM ET,08/07/2026 07:10PM ET,BOS,ATH,home,1.45,,,needs_review_new_player,identity_name_team_map,No reviewed normalized-name/team identity alias; do not auto-guess.
2026-08-07,2026-08-07T14:33:53.319605+00:00,2026-08-07,DraftKings official lineup CSV,https://www.draftkings.com/lineup/getavailableplayerscsv?contestTypeId=9&draftGroupId=151692,151692,9,Selected largest-prize regular Classic MLB draft group after excluding Turbo/Night/qualifier/satellite/showdown/snake/single-stat slates.,1B,Ben Rice (43772538),Ben Rice,43772538,1B,5900,ATL@NYY 08/07/2026 07:05PM ET,08/07/2026 07:05PM ET,NYY,ATL,home,9.16,,,needs_review_new_player,identity_name_team_map,No reviewed normalized-name/team identity alias; do not auto-guess.
2026-08-07,2026-08-07T14:33:53.319605+00:00,2026-08-07,DraftKings official lineup CSV,https://www.draftkings.com/lineup/getavailableplayerscsv?contestTypeId=9&draftGroupId=151692,151692,9,Selected largest-prize regular Classic MLB draft group after excluding Turbo/Night/qualifier/satellite/showdown/snake/single-stat slates.,SP,Noah Schultz (43772528),Noah Schultz,43772528,P,5800,CLE@CWS 08/07/2026 07:40PM ET,08/07/2026 07:40PM ET,CWS,CLE,home,9.43,702273,Noah Schultz,mapped,identity_name_team_map,Stable identity seed from old DK-ID map. Pilot join status: matched via normalized_name_team
2026-08-07,2026-08-07T14:33:53.319605+00:00,2026-08-07,DraftKings official lineup CSV,https://www.draftkings.com/lineup/getavailableplayerscsv?contestTypeId=9&draftGroupId=151692,151692,9,Selected largest-prize regular Classic MLB draft group after excluding Turbo/Night/qualifier/satellite/showdown/snake/single-stat slates.,SS,Bobby Witt Jr. (43772539),Bobby Witt Jr.,43772539,SS,5800,CHC@KC 08/07/2026 08:10PM ET,08/07/2026 08:10PM ET,KC,CHC,home,9.32,677951,Bobby Witt Jr.,mapped,identity_name_team_map,Stable identity seed from old DK-ID map. Pilot join status: matched via normalized_name_team
2026-08-07,2026-08-07T14:33:53.319605+00:00,2026-08-07,DraftKings official lineup CSV,https://www.draftkings.com/lineup/getavailableplayerscsv?contestTypeId=9&draftGroupId=151692,151692,9,Selected largest-prize regular Classic MLB draft group after excluding Turbo/Night/qualifier/satellite/showdown/snake/single-stat slates.,RP,Jose Urquidy (43773260),Jose Urquidy,43773260,P,5800,CLE@CWS 08/07/2026 07:40PM ET,08/07/2026 07:40PM ET,CWS,CLE,home,0.81,,,needs_review_new_player,identity_name_team_map,No reviewed normalized-name/team identity alias; do not auto-guess.
2026-08-07,2026-08-07T14:33:53.319605+00:00,2026-08-07,DraftKings official lineup CSV,https://www.draftkings.com/lineup/getavailableplayerscsv?contestTypeId=9&draftGroupId=151692,151692,9,Selected largest-prize regular Classic MLB draft group after excluding Turbo/Night/qualifier/satellite/showdown/snake/single-stat slates.,RP,Trevor Richards (43773261),Trevor Richards,43773261,P,5800,CLE@CWS 08/07/2026 07:40PM ET,08/07/2026 07:40PM ET,CWS,CLE,home,4.08,670950,Trevor Richards,mapped,identity_name_team_map,Stable identity seed from old DK-ID map. Pilot join status: matched via normalized_name_team
2026-08-07,2026-08-07T14:33:53.319605+00:00,2026-08-07,DraftKings official lineup CSV,https://www.draftkings.com/lineup/getavailableplayerscsv?contestTypeId=9&draftGroupId=151692,151692,9,Selected largest-prize regular Classic MLB draft group after excluding Turbo/Night/qualifier/satellite/showdown/snake/single-stat slates.,SP,Erick Fedde (43773262),Erick Fedde,43773262,P,5800,CLE@CWS 08/07/2026 07:40PM ET,08/07/2026 07:40PM ET,CWS,CLE,home,9.13,607200,Erick Fedde,mapped,identity_name_team_map,Stable identity seed from old DK-ID map. Pilot join status: matched via normalized_name_team
2026-08-07,2026-08-07T14:33:53.319605+00:00,2026-08-07,DraftKings official lineup CSV,https://www.draftkings.com/lineup/getavailableplayerscsv?contestTypeId=9&draftGroupId=151692,151692,9,Selected largest-prize regular Classic MLB draft group after excluding Turbo/Night/qualifier/satellite/showdown/snake/single-stat slates.,RP,Mike Vasil (43773263),Mike Vasil,43773263,P,5800,CLE@CWS 08/07/2026 07:40PM ET,08/07/2026 07:40PM ET,CWS,CLE,home,0,678024,Mike Vasil,mapped,identity_name_team_map,Stable identity seed from old DK-ID map. Pilot join status: matched_people_search_name via mlb_people_search_normalized_name
2026-08-07,2026-08-07T14:33:53.319605+00:00,2026-08-07,DraftKings official lineup CSV,https://www.draftkings.com/lineup/getavailableplayerscsv?contestTypeId=9&draftGroupId=151692,151692,9,Selected largest-prize regular Classic MLB draft group after excluding Turbo/Night/qualifier/satellite/showdown/snake/single-stat slates.,RP,Joe Rock (43773264),Joe Rock,43773264,P,5800,CLE@CWS 08/07/2026 07:40PM ET,08/07/2026 07:40PM ET,CWS,CLE,home,6.21,697812,Joe Rock,mapped,identity_name_team_map,Stable identity seed from old DK-ID map. Pilot join status: matched_people_search_name via mlb_people_search_normalized_name
2026-08-07,2026-08-07T14:33:53.319605+00:00,2026-08-07,DraftKings official lineup CSV,https://www.draftkings.com/lineup/getavailableplayerscsv?contestTypeId=9&draftGroupId=151692,151692,9,Selected largest-prize regular Classic MLB draft group after excluding Turbo/Night/qualifier/satellite/showdown/snake/single-stat slates.,RP,Anthony Kay (43773265),Anthony Kay,43773265,P,5800,CLE@CWS 08/07/2026 07:40PM ET,08/07/2026 07:40PM ET,CWS,CLE,home,11.22,641743,Anthony Kay,mapped,identity_name_team_map,Stable identity seed from old DK-ID map. Pilot join status: matched via normalized_name_team
2026-08-07,2026-08-07T14:33:53.319605+00:00,2026-08-07,DraftKings official lineup CSV,https://www.draftkings.com/lineup/getavailableplayerscsv?contestTypeId=9&draftGroupId=151692,151692,9,Selected largest-prize regular Classic MLB draft group after excluding Turbo/Night/qualifier/satellite/showdown/snake/single-stat slates.,RP,Grant Taylor (43773266),Grant Taylor,43773266,P,5800,CLE@CWS 08/07/2026 07:40PM ET,08/07/2026 07:40PM ET,CWS,CLE,home,5.64,691799,Grant Taylor,mapped,identity_name_team_map,Stable identity seed from old DK-ID map. Pilot join status: matched via normalized_name_team
2026-08-07,2026-08-07T14:33:53.319605+00:00,2026-08-07,DraftKings official lineup CSV,https://www.draftkings.com/lineup/getavailableplayerscsv?contestTypeId=9&draftGroupId=151692,151692,9,Selected largest-prize regular Classic MLB draft group after excluding Turbo/Night/qualifier/satellite/showdown/snake/single-stat slates.,RP,Yoendrys Gomez (43773267),Yoendrys Gomez,43773267,P,5800,MIN@MIL 08/07/2026 07:40PM ET,08/07/2026 07:40PM ET,MIN,MIL,away,2.94,672782,Yoendrys Gómez,mapped,identity_name_team_map,Proposed from review candidates; basis=exact normalized name + team; role-compatible; hot-dog-stand-latest.json; confidence=high; sources=hot-dog-stand-latest.json
2026-08-07,2026-08-07T14:33:53.319605+00:00,2026-08-07,DraftKings official lineup CSV,https://www.draftkings.com/lineup/getavailableplayerscsv?contestTypeId=9&draftGroupId=151692,151692,9,Selected largest-prize regular Classic MLB draft group after excluding Turbo/Night/qualifier/satellite/showdown/snake/single-stat slates.,RP,Marco Raya (43773268),Marco Raya,43773268,P,5800,MIN@MIL 08/07/2026 07:40PM ET,08/07/2026 07:40PM ET,MIN,MIL,away,4.23,,,needs_review_new_player,identity_name_team_map,No reviewed normalized-name/team identity alias; do not auto-guess.
2026-08-07,2026-08-07T14:33:53.319605+00:00,2026-08-07,DraftKings official lineup CSV,https://www.draftkings.com/lineup/getavailableplayerscsv?contestTypeId=9&draftGroupId=151692,151692,9,Selected largest-prize regular Classic MLB draft group after excluding Turbo/Night/qualifier/satellite/showdown/snake/single-stat slates.,RP,Mike Paredes (43773269),Mike Paredes,43773269,P,5800,MIN@MIL 08/07/2026 07:40PM ET,08/07/2026 07:40PM ET,MIN,MIL,away,5.34,702474,Mike Paredes,mapped,identity_name_team_map,Proposed from review candidates; basis=exact normalized name + team; role-compatible; statcast_pitcher_2026; confidence=high; sources=statcast_pitcher_2026
2026-08-07,2026-08-07T14:33:53.319605+00:00,2026-08-07,DraftKings official lineup CSV,https://www.draftkings.com/lineup/getavailableplayerscsv?contestTypeId=9&draftGroupId=151692,151692,9,Selected largest-prize regular Classic MLB draft group after excluding Turbo/Night/qualifier/satellite/showdown/snake/single-stat slates.,RP,Albert Suarez (43773270),Albert Suarez,43773270,P,5800,BAL@TEX 08/07/2026 08:15PM ET,08/07/2026 08:15PM ET,BAL,TEX,away,4.9,,,needs_review_new_player,identity_name_team_map,No reviewed normalized-name/team identity alias; do not auto-guess.
2026-08-07,2026-08-07T14:33:53.319605+00:00,2026-08-07,DraftKings official lineup CSV,https://www.draftkings.com/lineup/getavailableplayerscsv?contestTypeId=9&draftGroupId=151692,151692,9,Selected largest-prize regular Classic MLB draft group after excluding Turbo/Night/qualifier/satellite/showdown/snake/single-stat slates.,RP,Keegan Akin (43773271),Keegan Akin,43773271,P,5800,BAL@TEX 08/07/2026 08:15PM ET,08/07/2026 08:15PM ET,BAL,TEX,away,1.53,,,needs_review_new_player,identity_name_team_map,No reviewed normalized-name/team identity alias; do not auto-guess.
2026-08-07,2026-08-07T14:33:53.319605+00:00,2026-08-07,DraftKings official lineup CSV,https://www.draftkings.com/lineup/getavailableplayerscsv?contestTypeId=9&draftGroupId=151692,151692,9,Selected largest-prize regular Classic MLB draft group after excluding Turbo/Night/qualifier/satellite/showdown/snake/single-stat slates.,SP,Chris Bassitt (43773272),Chris Bassitt,43773272,P,5800,BAL@TEX 08/07/2026 08:15PM ET,08/07/2026 08:15PM ET,BAL,TEX,away,7.56,,,needs_review_new_player,identity_name_team_map,No reviewed normalized-name/team identity alias; do not auto-guess.
2026-08-07,2026-08-07T14:33:53.319605+00:00,2026-08-07,DraftKings official lineup CSV,https://www.draftkings.com/lineup/getavailableplayerscsv?contestTypeId=9&draftGroupId=151692,151692,9,Selected largest-prize regular Classic MLB draft group after excluding Turbo/Night/qualifier/satellite/showdown/snake/single-stat slates.,SP,Trey Gibson (43773273),Trey Gibson,43773273,P,5800,BAL@TEX 08/07/2026 08:15PM ET,08/07/2026 08:15PM ET,BAL,TEX,away,5.73,,,needs_review_new_player,identity_name_team_map,No reviewed normalized-name/team identity alias; do not auto-guess.
2026-08-07,2026-08-07T14:33:53.319605+00:00,2026-08-07,DraftKings official lineup CSV,https://www.draftkings.com/lineup/getavailableplayerscsv?contestTypeId=9&draftGroupId=151692,151692,9,Selected largest-prize regular Classic MLB draft group after excluding Turbo/Night/qualifier/satellite/showdown/snake/single-stat slates.,C,Hunter Goodman (43772540),Hunter Goodman,43772540,C,5700,COL@STL 08/07/2026 08:15PM ET,08/07/2026 08:15PM ET,COL,STL,away,8.9,696100,Hunter Goodman,mapped,identity_name_team_map,Stable identity seed from old DK-ID map. Pilot join status: matched via normalized_name_team
2026-08-07,2026-08-07T14:33:53.319605+00:00,2026-08-07,DraftKings official lineup CSV,https://www.draftkings.com/lineup/getavailableplayerscsv?contestTypeId=9&draftGroupId=151692,151692,9,Selected largest-prize regular Classic MLB draft group after excluding Turbo/Night/qualifier/satellite/showdown/snake/single-stat slates.,OF,Ronald Acuna Jr. (43772541),Ronald Acuna Jr.,43772541,OF,5700,ATL@NYY 08/07/2026 07:05PM ET,08/07/2026 07:05PM ET,ATL,NYY,away,8.98,660670,Ronald Acuña Jr.,mapped,identity_name_team_map,Stable identity seed from old DK-ID map. Pilot join status: matched via normalized_name_team
2026-08-07,2026-08-07T14:33:53.319605+00:00,2026-08-07,DraftKings official lineup CSV,https://www.draftkings.com/lineup/getavailableplayerscsv?contestTypeId=9&draftGroupId=151692,151692,9,Selected largest-prize regular Classic MLB draft group after excluding Turbo/Night/qualifier/satellite/showdown/snake/single-stat slates.,RP,Ryan Yarbrough (43773274),Ryan Yarbrough,43773274,P,5700,ATL@NYY 08/07/2026 07:05PM ET,08/07/2026 07:05PM ET,NYY,ATL,home,3.01,,,needs_review_new_player,identity_name_team_map,No reviewed normalized-name/team identity alias; do not auto-guess.
2026-08-07,2026-08-07T14:33:53.319605+00:00,2026-08-07,DraftKings official lineup CSV,https://www.draftkings.com/lineup/getavailableplayerscsv?contestTypeId=9&draftGroupId=151692,151692,9,Selected largest-prize regular Classic MLB draft group after excluding Turbo/Night/qualifier/satellite/showdown/snake/single-stat slates.,RP,Paul Blackburn (43773275),Paul Blackburn,43773275,P,5700,ATL@NYY 08/07/2026 07:05PM ET,08/07/2026 07:05PM ET,NYY,ATL,home,4.5,,,needs_review_new_player,identity_name_team_map,No reviewed normalized-name/team identity alias; do not auto-guess.
2026-08-07,2026-08-07T14:33:53.319605+00:00,2026-08-07,DraftKings official lineup CSV,https://www.draftkings.com/lineup/getavailableplayerscsv?contestTypeId=9&draftGroupId=151692,151692,9,Selected largest-prize regular Classic MLB draft group after excluding Turbo/Night/qualifier/satellite/showdown/snake/single-stat slates.,SP,Elmer Rodriguez (43773276),Elmer Rodriguez,43773276,P,5700,ATL@NYY 08/07/2026 07:05PM ET,08/07/2026 07:05PM ET,NYY,ATL,home,5.11,,,needs_review_new_player,identity_name_team_map,No reviewed normalized-name/team identity alias; do not auto-guess.
2026-08-07,2026-08-07T14:33:53.319605+00:00,2026-08-07,DraftKings official lineup CSV,https://www.draftkings.com/lineup/getavailableplayerscsv?contestTypeId=9&draftGroupId=151692,151692,9,Selected largest-prize regular Classic MLB draft group after excluding Turbo/Night/qualifier/satellite/showdown/snake/single-stat slates.,SP,Luis Gil (43773277),Luis Gil,43773277,P,5700,ATL@NYY 08/07/2026 07:05PM ET,08/07/2026 07:05PM ET,NYY,ATL,home,5.52,,,needs_review_new_player,identity_name_team_map,No reviewed normalized-name/team identity alias; do not auto-guess.
2026-08-07,2026-08-07T14:33:53.319605+00:00,2026-08-07,DraftKings official lineup CSV,https://www.draftkings.com/lineup/getavailableplayerscsv?contestTypeId=9&draftGroupId=151692,151692,9,Selected largest-prize regular Classic MLB draft group after excluding Turbo/Night/qualifier/satellite/showdown/snake/single-stat slates.,RP,Daniel Espino (43773278),Daniel Espino,43773278,P,5700,CLE@CWS 08/07/2026 07:40PM ET,08/07/2026 07:40PM ET,CLE,CWS,away,4.35,,,needs_review_new_player,identity_name_team_map,No reviewed normalized-name/team identity alias; do not auto-guess.
2026-08-07,2026-08-07T14:33:53.319605+00:00,2026-08-07,DraftKings official lineup CSV,https://www.draftkings.com/lineup/getavailableplayerscsv?contestTypeId=9&draftGroupId=151692,151692,9,Selected largest-prize regular Classic MLB draft group after excluding Turbo/Night/qualifier/satellite/showdown/snake/single-stat slates.,SP,Tekoah Roby (43773279),Tekoah Roby,43773279,P,5700,COL@STL 08/07/2026 08:15PM ET,08/07/2026 08:15PM ET,STL,COL,home,0,694358,Tekoah Roby,mapped,identity_name_team_map,Stable identity seed from old DK-ID map. Pilot join status: matched_people_search_name via mlb_people_search_normalized_name
2026-08-07,2026-08-07T14:33:53.319605+00:00,2026-08-07,DraftKings official lineup CSV,https://www.draftkings.com/lineup/getavailableplayerscsv?contestTypeId=9&draftGroupId=151692,151692,9,Selected largest-prize regular Classic MLB draft group after excluding Turbo/Night/qualifier/satellite/showdown/snake/single-stat slates.,SP,Brycen Mautz (43773280),Brycen Mautz,43773280,P,5700,COL@STL 08/07/2026 08:15PM ET,08/07/2026 08:15PM ET,STL,COL,home,3.15,802408,Brycen Mautz,mapped,identity_name_team_map,Stable identity seed from old DK-ID map. Pilot join status: matched via normalized_name_team
2026-08-07,2026-08-07T14:33:53.319605+00:00,2026-08-07,DraftKings official lineup CSV,https://www.draftkings.com/lineup/getavailableplayerscsv?contestTypeId=9&draftGroupId=151692,151692,9,Selected largest-prize regular Classic MLB draft group after excluding Turbo/Night/qualifier/satellite/showdown/snake/single-stat slates.,SP,Coleman Crow (43773281),Coleman Crow,43773281,P,5700,MIN@MIL 08/07/2026 07:40PM ET,08/07/2026 07:40PM ET,MIL,MIN,home,4.64,689441,Coleman Crow,mapped,identity_name_team_map,Stable identity seed from old DK-ID map. Pilot join status: matched via normalized_name_team
2026-08-07,2026-08-07T14:33:53.319605+00:00,2026-08-07,DraftKings official lineup CSV,https://www.draftkings.com/lineup/getavailableplayerscsv?contestTypeId=9&draftGroupId=151692,151692,9,Selected largest-prize regular Classic MLB draft group after excluding Turbo/Night/qualifier/satellite/showdown/snake/single-stat slates.,RP,DL Hall (43773282),DL Hall,43773282,P,5700,MIN@MIL 08/07/2026 07:40PM ET,08/07/2026 07:40PM ET,MIL,MIN,home,3.49,669084,DL Hall,mapped,identity_name_team_map,Stable identity seed from old DK-ID map. Pilot join status: matched via normalized_name_team
2026-08-07,2026-08-07T14:33:53.319605+00:00,2026-08-07,DraftKings official lineup CSV,https://www.draftkings.com/lineup/getavailableplayerscsv?contestTypeId=9&draftGroupId=151692,151692,9,Selected largest-prize regular Classic MLB draft group after excluding Turbo/Night/qualifier/satellite/showdown/snake/single-stat slates.,RP,Antonio Senzatela (43773283),Antonio Senzatela,43773283,P,5700,MIN@MIL 08/07/2026 07:40PM ET,08/07/2026 07:40PM ET,MIL,MIN,home,4.63,622608,Antonio Senzatela,needs_review_team_change,identity_name_unique_mlbam,Name maps to one reviewed MLBAM identity but not this DK team; review as team-change/new alias before trusting automation.
2026-08-07,2026-08-07T14:33:53.319605+00:00,2026-08-07,DraftKings official lineup CSV,https://www.draftkings.com/lineup/getavailableplayerscsv?contestTypeId=9&draftGroupId=151692,151692,9,Selected largest-prize regular Classic MLB draft group after excluding Turbo/Night/qualifier/satellite/showdown/snake/single-stat slates.,SP,Richard Fitts (43773284),Richard Fitts,43773284,P,5700,COL@STL 08/07/2026 08:15PM ET,08/07/2026 08:15PM ET,STL,COL,home,0,690916,Richard Fitts,mapped,identity_name_team_map,Stable identity seed from old DK-ID map. Pilot join status: matched_people_search_name via mlb_people_search_normalized_name
2026-08-07,2026-08-07T14:33:53.319605+00:00,2026-08-07,DraftKings official lineup CSV,https://www.draftkings.com/lineup/getavailableplayerscsv?contestTypeId=9&draftGroupId=151692,151692,9,Selected largest-prize regular Classic MLB draft group after excluding Turbo/Night/qualifier/satellite/showdown/snake/single-stat slates.,RP,Didier Fuentes (43773285),Didier Fuentes,43773285,P,5700,ATL@NYY 08/07/2026 07:05PM ET,08/07/2026 07:05PM ET,ATL,NYY,away,4.81,800311,Didier Fuentes,mapped,identity_name_team_map,Stable identity seed from old DK-ID map. Pilot join status: matched via normalized_name_team
2026-08-07,2026-08-07T14:33:53.319605+00:00,2026-08-07,DraftKings official lineup CSV,https://www.draftkings.com/lineup/getavailableplayerscsv?contestTypeId=9&draftGroupId=151692,151692,9,Selected largest-prize regular Classic MLB draft group after excluding Turbo/Night/qualifier/satellite/showdown/snake/single-stat slates.,RP,Victor Mederos (43773286),Victor Mederos,43773286,P,5700,ATL@NYY 08/07/2026 07:05PM ET,08/07/2026 07:05PM ET,ATL,NYY,away,4.6,682989,Victor Mederos,mapped,identity_name_team_map,Stable identity seed from old DK-ID map. Pilot join status: matched via normalized_name_team
2026-08-07,2026-08-07T14:33:53.319605+00:00,2026-08-07,DraftKings official lineup CSV,https://www.draftkings.com/lineup/getavailableplayerscsv?contestTypeId=9&draftGroupId=151692,151692,9,Selected largest-prize regular Classic MLB draft group after excluding Turbo/Night/qualifier/satellite/showdown/snake/single-stat slates.,RP,Bryse Wilson (43773287),Bryse Wilson,43773287,P,5700,MIN@MIL 08/07/2026 07:40PM ET,08/07/2026 07:40PM ET,MIL,MIN,home,4.49,,,needs_review_new_player,identity_name_team_map,No reviewed normalized-name/team identity alias; do not auto-guess.
2026-08-07,2026-08-07T14:33:53.319605+00:00,2026-08-07,DraftKings official lineup CSV,https://www.draftkings.com/lineup/getavailableplayerscsv?contestTypeId=9&draftGroupId=151692,151692,9,Selected largest-prize regular Classic MLB draft group after excluding Turbo/Night/qualifier/satellite/showdown/snake/single-stat slates.,SP,Austin Gomber (43773288),Austin Gomber,43773288,P,5700,ATL@NYY 08/07/2026 07:05PM ET,08/07/2026 07:05PM ET,ATL,NYY,away,0,,,needs_review_new_player,identity_name_team_map,No reviewed normalized-name/team identity alias; do not auto-guess.
2026-08-07,2026-08-07T14:33:53.319605+00:00,2026-08-07,DraftKings official lineup CSV,https://www.draftkings.com/lineup/getavailableplayerscsv?contestTypeId=9&draftGroupId=151692,151692,9,Selected largest-prize regular Classic MLB draft group after excluding Turbo/Night/qualifier/satellite/showdown/snake/single-stat slates.,1B,Munetaka Murakami (43772542),Munetaka Murakami,43772542,1B,5600,CLE@CWS 08/07/2026 07:40PM ET,08/07/2026 07:40PM ET,CWS,CLE,home,9.32,808959,Munetaka Murakami,mapped,identity_name_team_map,Stable identity seed from old DK-ID map. Pilot join status: matched via normalized_name_team
2026-08-07,2026-08-07T14:33:53.319605+00:00,2026-08-07,DraftKings official lineup CSV,https://www.draftkings.com/lineup/getavailableplayerscsv?contestTypeId=9&draftGroupId=151692,151692,9,Selected largest-prize regular Classic MLB draft group after excluding Turbo/Night/qualifier/satellite/showdown/snake/single-stat slates.,C,Dillon Dingler (43772543),Dillon Dingler,43772543,C,5600,DET@SF 08/07/2026 10:15PM ET,08/07/2026 10:15PM ET,DET,SF,away,8.81,693307,Dillon Dingler,mapped,identity_name_team_map,Proposed from review candidates; basis=exact normalized name + team; role-compatible; hr-distance-latest.json|statcast_batter_des_2026; confidence=high; sources=hr-distance-latest.json|statcast_batter_des_2026
2026-08-07,2026-08-07T14:33:53.319605+00:00,2026-08-07,DraftKings official lineup CSV,https://www.draftkings.com/lineup/getavailableplayerscsv?contestTypeId=9&draftGroupId=151692,151692,9,Selected largest-prize regular Classic MLB draft group after excluding Turbo/Night/qualifier/satellite/showdown/snake/single-stat slates.,SP,Dylan Ray (43773289),Dylan Ray,43773289,P,5600,LAD@ARI 08/07/2026 09:40PM ET,08/07/2026 09:40PM ET,ARI,LAD,home,0,,,needs_review_new_player,identity_name_team_map,No reviewed normalized-name/team identity alias; do not auto-guess.
2026-08-07,2026-08-07T14:33:53.319605+00:00,2026-08-07,DraftKings official lineup CSV,https://www.draftkings.com/lineup/getavailableplayerscsv?contestTypeId=9&draftGroupId=151692,151692,9,Selected largest-prize regular Classic MLB draft group after excluding Turbo/Night/qualifier/satellite/showdown/snake/single-stat slates.,RP,Gerardo Carrillo (43773290),Gerardo Carrillo,43773290,P,5600,LAD@ARI 08/07/2026 09:40PM ET,08/07/2026 09:40PM ET,ARI,LAD,home,8.05,,,needs_review_new_player,identity_name_team_map,No reviewed normalized-name/team identity alias; do not auto-guess.
2026-08-07,2026-08-07T14:33:53.319605+00:00,2026-08-07,DraftKings official lineup CSV,https://www.draftkings.com/lineup/getavailableplayerscsv?contestTypeId=9&draftGroupId=151692,151692,9,Selected largest-prize regular Classic MLB draft group after excluding Turbo/Night/qualifier/satellite/showdown/snake/single-stat slates.,SP,Cristian Mena (43773291),Cristian Mena,43773291,P,5600,LAD@ARI 08/07/2026 09:40PM ET,08/07/2026 09:40PM ET,ARI,LAD,home,0,,,needs_review_new_player,identity_name_team_map,No reviewed normalized-name/team identity alias; do not auto-guess.
2026-08-07,2026-08-07T14:33:53.319605+00:00,2026-08-07,DraftKings official lineup CSV,https://www.draftkings.com/lineup/getavailableplayerscsv?contestTypeId=9&draftGroupId=151692,151692,9,Selected largest-prize regular Classic MLB draft group after excluding Turbo/Night/qualifier/satellite/showdown/snake/single-stat slates.,SP,Zac Gallen (43773292),Zac Gallen,43773292,P,5600,LAD@ARI 08/07/2026 09:40PM ET,08/07/2026 09:40PM ET,ARI,LAD,home,6.44,,,needs_review_new_player,identity_name_team_map,No reviewed normalized-name/team identity alias; do not auto-guess.
2026-08-07,2026-08-07T14:33:53.319605+00:00,2026-08-07,DraftKings official lineup CSV,https://www.draftkings.com/lineup/getavailableplayerscsv?contestTypeId=9&draftGroupId=151692,151692,9,Selected largest-prize regular Classic MLB draft group after excluding Turbo/Night/qualifier/satellite/showdown/snake/single-stat slates.,SP,Jose Cabrera (43773293),Jose Cabrera,43773293,P,5600,LAD@ARI 08/07/2026 09:40PM ET,08/07/2026 09:40PM ET,ARI,LAD,home,6.09,,,needs_review_new_player,identity_name_team_map,No reviewed normalized-name/team identity alias; do not auto-guess.
2026-08-07,2026-08-07T14:33:53.319605+00:00,2026-08-07,DraftKings official lineup CSV,https://www.draftkings.com/lineup/getavailableplayerscsv?contestTypeId=9&draftGroupId=151692,151692,9,Selected largest-prize regular Classic MLB draft group after excluding Turbo/Night/qualifier/satellite/showdown/snake/single-stat slates.,SP,Adrian Houser (43772529),Adrian Houser,43772529,P,5500,DET@SF 08/07/2026 10:15PM ET,08/07/2026 10:15PM ET,SF,DET,home,7.41,605288,Adrian Houser,mapped,identity_name_team_map,Stable identity seed from old DK-ID map. Pilot join status: matched via normalized_name_team
2026-08-07,2026-08-07T14:33:53.319605+00:00,2026-08-07,DraftKings official lineup CSV,https://www.draftkings.com/lineup/getavailableplayerscsv?contestTypeId=9&draftGroupId=151692,151692,9,Selected largest-prize regular Classic MLB draft group after excluding Turbo/Night/qualifier/satellite/showdown/snake/single-stat slates.,OF,Jordan Walker (43772544),Jordan Walker,43772544,OF,5500,COL@STL 08/07/2026 08:15PM ET,08/07/2026 08:15PM ET,STL,COL,home,9.16,691023,Jordan Walker,mapped,identity_name_team_map,Stable identity seed from old DK-ID map. Pilot join status: matched via normalized_name_team
2026-08-07,2026-08-07T14:33:53.319605+00:00,2026-08-07,DraftKings official lineup CSV,https://www.draftkings.com/lineup/getavailableplayerscsv?contestTypeId=9&draftGroupId=151692,151692,9,Selected largest-prize regular Classic MLB draft group after excluding Turbo/Night/qualifier/satellite/showdown/snake/single-stat slates.,C,Ryan Jeffers (43772545),Ryan Jeffers,43772545,C,5500,MIN@MIL 08/07/2026 07:40PM ET,08/07/2026 07:40PM ET,MIN,MIL,away,8.32,680777,Ryan Jeffers,mapped,identity_name_team_map,Proposed from review candidates; basis=exact normalized name + team; role-compatible; statcast_batter_des_2026; confidence=high; sources=statcast_batter_des_2026
2026-08-07,2026-08-07T14:33:53.319605+00:00,2026-08-07,DraftKings official lineup CSV,https://www.draftkings.com/lineup/getavailableplayerscsv?contestTypeId=9&draftGroupId=151692,151692,9,Selected largest-prize regular Classic MLB draft group after excluding Turbo/Night/qualifier/satellite/showdown/snake/single-stat slates.,RP,Yilber Diaz (43773294),Yilber Diaz,43773294,P,5500,DET@SF 08/07/2026 10:15PM ET,08/07/2026 10:15PM ET,DET,SF,away,-5.12,,,needs_review_new_player,identity_name_team_map,No reviewed normalized-name/team identity alias; do not auto-guess.
2026-08-07,2026-08-07T14:33:53.319605+00:00,2026-08-07,DraftKings official lineup CSV,https://www.draftkings.com/lineup/getavailableplayerscsv?contestTypeId=9&draftGroupId=151692,151692,9,Selected largest-prize regular Classic MLB draft group after excluding Turbo/Night/qualifier/satellite/showdown/snake/single-stat slates.,RP,Ty Madden (43773295),Ty Madden,43773295,P,5500,DET@SF 08/07/2026 10:15PM ET,08/07/2026 10:15PM ET,DET,SF,away,9.3,680744,Ty Madden,mapped,identity_name_team_map,Proposed from review candidates; basis=exact normalized name + team; role-compatible; statcast_pitcher_2026; confidence=high; sources=statcast_pitcher_2026
2026-08-07,2026-08-07T14:33:53.319605+00:00,2026-08-07,DraftKings official lineup CSV,https://www.draftkings.com/lineup/getavailableplayerscsv?contestTypeId=9&draftGroupId=151692,151692,9,Selected largest-prize regular Classic MLB draft group after excluding Turbo/Night/qualifier/satellite/showdown/snake/single-stat slates.,RP,Sawyer Gipson-Long (43773296),Sawyer Gipson-Long,43773296,P,5500,DET@SF 08/07/2026 10:15PM ET,08/07/2026 10:15PM ET,DET,SF,away,0,,,needs_review_new_player,identity_name_team_map,No reviewed normalized-name/team identity alias; do not auto-guess.
2026-08-07,2026-08-07T14:33:53.319605+00:00,2026-08-07,DraftKings official lineup CSV,https://www.draftkings.com/lineup/getavailableplayerscsv?contestTypeId=9&draftGroupId=151692,151692,9,Selected largest-prize regular Classic MLB draft group after excluding Turbo/Night/qualifier/satellite/showdown/snake/single-stat slates.,SP,Carson Whisenhunt (43773297),Carson Whisenhunt,43773297,P,5500,DET@SF 08/07/2026 10:15PM ET,08/07/2026 10:15PM ET,SF,DET,home,7.53,687931,Carson Whisenhunt,mapped,identity_name_team_map,Stable identity seed from old DK-ID map. Pilot join status: matched_people_search_name via mlb_people_search_normalized_name
2026-08-07,2026-08-07T14:33:53.319605+00:00,2026-08-07,DraftKings official lineup CSV,https://www.draftkings.com/lineup/getavailableplayerscsv?contestTypeId=9&draftGroupId=151692,151692,9,Selected largest-prize regular Classic MLB draft group after excluding Turbo/Night/qualifier/satellite/showdown/snake/single-stat slates.,SP,Miguel Mendez (43773298),Miguel Mendez,43773298,P,5500,DET@SF 08/07/2026 10:15PM ET,08/07/2026 10:15PM ET,SF,DET,home,0,700280,Miguel Mendez,needs_review_team_change,identity_name_unique_mlbam,Name maps to one reviewed MLBAM identity but not this DK team; review as team-change/new alias before trusting automation.
2026-08-07,2026-08-07T14:33:53.319605+00:00,2026-08-07,DraftKings official lineup CSV,https://www.draftkings.com/lineup/getavailableplayerscsv?contestTypeId=9&draftGroupId=151692,151692,9,Selected largest-prize regular Classic MLB draft group after excluding Turbo/Night/qualifier/satellite/showdown/snake/single-stat slates.,RP,JT Brubaker (43773299),JT Brubaker,43773299,P,5500,DET@SF 08/07/2026 10:15PM ET,08/07/2026 10:15PM ET,SF,DET,home,3.44,664141,JT Brubaker,mapped,identity_name_team_map,Stable identity seed from old DK-ID map. Pilot join status: matched via normalized_name_team
2026-08-07,2026-08-07T14:33:53.319605+00:00,2026-08-07,DraftKings official lineup CSV,https://www.draftkings.com/lineup/getavailableplayerscsv?contestTypeId=9&draftGroupId=151692,151692,9,Selected largest-prize regular Classic MLB draft group after excluding Turbo/Night/qualifier/satellite/showdown/snake/single-stat slates.,RP,Jose Butto (43773300),Jose Butto,43773300,P,5500,DET@SF 08/07/2026 10:15PM ET,08/07/2026 10:15PM ET,SF,DET,home,-0.5,676130,José Buttó,mapped,identity_name_team_map,Stable identity seed from old DK-ID map. Pilot join status: matched via normalized_name_team
2026-08-07,2026-08-07T14:33:53.319605+00:00,2026-08-07,DraftKings official lineup CSV,https://www.draftkings.com/lineup/getavailableplayerscsv?contestTypeId=9&draftGroupId=151692,151692,9,Selected largest-prize regular Classic MLB draft group after excluding Turbo/Night/qualifier/satellite/showdown/snake/single-stat slates.,RP,Dylan Smith (43773301),Dylan Smith,43773301,P,5500,DET@SF 08/07/2026 10:15PM ET,08/07/2026 10:15PM ET,SF,DET,home,2.71,681916,Dylan Smith,mapped,identity_name_team_map,Stable identity seed from old DK-ID map. Pilot join status: matched via normalized_name_team
2026-08-07,2026-08-07T14:33:53.319605+00:00,2026-08-07,DraftKings official lineup CSV,https://www.draftkings.com/lineup/getavailableplayerscsv?contestTypeId=9&draftGroupId=151692,151692,9,Selected largest-prize regular Classic MLB draft group after excluding Turbo/Night/qualifier/satellite/showdown/snake/single-stat slates.,RP,Tristan Beck (43773302),Tristan Beck,43773302,P,5500,DET@SF 08/07/2026 10:15PM ET,08/07/2026 10:15PM ET,SF,DET,home,0.7,663941,Tristan Beck,mapped,identity_name_team_map,Stable identity seed from old DK-ID map. Pilot join status: matched via normalized_name_team
2026-08-07,2026-08-07T14:33:53.319605+00:00,2026-08-07,DraftKings official lineup CSV,https://www.draftkings.com/lineup/getavailableplayerscsv?contestTypeId=9&draftGroupId=151692,151692,9,Selected largest-prize regular Classic MLB draft group after excluding Turbo/Night/qualifier/satellite/showdown/snake/single-stat slates.,RP,Carson Seymour (43773303),Carson Seymour,43773303,P,5500,DET@SF 08/07/2026 10:15PM ET,08/07/2026 10:15PM ET,SF,DET,home,-0.62,693313,Carson Seymour,mapped,identity_name_team_map,Stable identity seed from old DK-ID map. Pilot join status: matched via normalized_name_team
2026-08-07,2026-08-07T14:33:53.319605+00:00,2026-08-07,DraftKings official lineup CSV,https://www.draftkings.com/lineup/getavailableplayerscsv?contestTypeId=9&draftGroupId=151692,151692,9,Selected largest-prize regular Classic MLB draft group after excluding Turbo/Night/qualifier/satellite/showdown/snake/single-stat slates.,SP,Keaton Winn (43773304),Keaton Winn,43773304,P,5500,DET@SF 08/07/2026 10:15PM ET,08/07/2026 10:15PM ET,SF,DET,home,2.64,676775,Keaton Winn,mapped,identity_name_team_map,Stable identity seed from old DK-ID map. Pilot join status: matched via normalized_name_team
2026-08-07,2026-08-07T14:33:53.319605+00:00,2026-08-07,DraftKings official lineup CSV,https://www.draftkings.com/lineup/getavailableplayerscsv?contestTypeId=9&draftGroupId=151692,151692,9,Selected largest-prize regular Classic MLB draft group after excluding Turbo/Night/qualifier/satellite/showdown/snake/single-stat slates.,SP,Blade Tidwell (43773305),Blade Tidwell,43773305,P,5500,DET@SF 08/07/2026 10:15PM ET,08/07/2026 10:15PM ET,SF,DET,home,4.41,694918,Blade Tidwell,mapped,identity_name_team_map,Stable identity seed from old DK-ID map. Pilot join status: matched via normalized_name_team
2026-08-07,2026-08-07T14:33:53.319605+00:00,2026-08-07,DraftKings official lineup CSV,https://www.draftkings.com/lineup/getavailableplayerscsv?contestTypeId=9&draftGroupId=151692,151692,9,Selected largest-prize regular Classic MLB draft group after excluding Turbo/Night/qualifier/satellite/showdown/snake/single-stat slates.,RP,Trevor McDonald (43773306),Trevor McDonald,43773306,P,5500,DET@SF 08/07/2026 10:15PM ET,08/07/2026 10:15PM ET,SF,DET,home,10.13,686790,Trevor McDonald,mapped,identity_name_team_map,Stable identity seed from old DK-ID map. Pilot join status: matched via normalized_name_team
2026-08-07,2026-08-07T14:33:53.319605+00:00,2026-08-07,DraftKings official lineup CSV,https://www.draftkings.com/lineup/getavailableplayerscsv?contestTypeId=9&draftGroupId=151692,151692,9,Selected largest-prize regular Classic MLB draft group after excluding Turbo/Night/qualifier/satellite/showdown/snake/single-stat slates.,RP,Hayden Birdsong (43773307),Hayden Birdsong,43773307,P,5500,DET@SF 08/07/2026 10:15PM ET,08/07/2026 10:15PM ET,SF,DET,home,0,806185,Hayden Birdsong,mapped,identity_name_team_map,Stable identity seed from old DK-ID map. Pilot join status: matched_people_search_name via mlb_people_search_normalized_name
2026-08-07,2026-08-07T14:33:53.319605+00:00,2026-08-07,DraftKings official lineup CSV,https://www.draftkings.com/lineup/getavailableplayerscsv?contestTypeId=9&draftGroupId=151692,151692,9,Selected largest-prize regular Classic MLB draft group after excluding Turbo/Night/qualifier/satellite/showdown/snake/single-stat slates.,RP,Cal Quantrill (43773308),Cal Quantrill,43773308,P,5500,BAL@TEX 08/07/2026 08:15PM ET,08/07/2026 08:15PM ET,TEX,BAL,home,6.34,615698,Cal Quantrill,mapped,identity_name_team_map,Stable identity seed from old DK-ID map. Pilot join status: matched via normalized_name_team
2026-08-07,2026-08-07T14:33:53.319605+00:00,2026-08-07,DraftKings official lineup CSV,https://www.draftkings.com/lineup/getavailableplayerscsv?contestTypeId=9&draftGroupId=151692,151692,9,Selected largest-prize regular Classic MLB draft group after excluding Turbo/Night/qualifier/satellite/showdown/snake/single-stat slates.,SP,Chase Dollander (43773309),Chase Dollander,43773309,P,5500,COL@STL 08/07/2026 08:15PM ET,08/07/2026 08:15PM ET,COL,STL,away,13.1,801403,Chase Dollander,mapped,identity_name_team_map,Stable identity seed from old DK-ID map. Pilot join status: matched via normalized_name_team
2026-08-07,2026-08-07T14:33:53.319605+00:00,2026-08-07,DraftKings official lineup CSV,https://www.draftkings.com/lineup/getavailableplayerscsv?contestTypeId=9&draftGroupId=151692,151692,9,Selected largest-prize regular Classic MLB draft group after excluding Turbo/Night/qualifier/satellite/showdown/snake/single-stat slates.,SP,David Davalillo (43773310),David Davalillo,43773310,P,5500,BAL@TEX 08/07/2026 08:15PM ET,08/07/2026 08:15PM ET,TEX,BAL,home,0,699314,David Davalillo,mapped,identity_name_team_map,Stable identity seed from old DK-ID map. Pilot join status: matched_people_search_name via mlb_people_search_normalized_name
2026-08-07,2026-08-07T14:33:53.319605+00:00,2026-08-07,DraftKings official lineup CSV,https://www.draftkings.com/lineup/getavailableplayerscsv?contestTypeId=9&draftGroupId=151692,151692,9,Selected largest-prize regular Classic MLB draft group after excluding Turbo/Night/qualifier/satellite/showdown/snake/single-stat slates.,SP,Leandro Lopez (43773311),Leandro Lopez,43773311,P,5500,BAL@TEX 08/07/2026 08:15PM ET,08/07/2026 08:15PM ET,TEX,BAL,home,0,699214,Leandro Lopez,mapped,identity_name_team_map,Stable identity seed from old DK-ID map. Pilot join status: matched_people_search_name via mlb_people_search_normalized_name
2026-08-07,2026-08-07T14:33:53.319605+00:00,2026-08-07,DraftKings official lineup CSV,https://www.draftkings.com/lineup/getavailableplayerscsv?contestTypeId=9&draftGroupId=151692,151692,9,Selected largest-prize regular Classic MLB draft group after excluding Turbo/Night/qualifier/satellite/showdown/snake/single-stat slates.,SP,Jordan Montgomery (43773312),Jordan Montgomery,43773312,P,5500,BAL@TEX 08/07/2026 08:15PM ET,08/07/2026 08:15PM ET,TEX,BAL,home,0,656756,Jordan Montgomery,mapped,identity_name_team_map,Stable identity seed from old DK-ID map. Pilot join status: matched_people_search_name via mlb_people_search_normalized_name
2026-08-07,2026-08-07T14:33:53.319605+00:00,2026-08-07,DraftKings official lineup CSV,https://www.draftkings.com/lineup/getavailableplayerscsv?contestTypeId=9&draftGroupId=151692,151692,9,Selected largest-prize regular Classic MLB draft group after excluding Turbo/Night/qualifier/satellite/showdown/snake/single-stat slates.,SP,Jose Corniell (43773313),Jose Corniell,43773313,P,5500,BAL@TEX 08/07/2026 08:15PM ET,08/07/2026 08:15PM ET,TEX,BAL,home,-5.62,692030,Jose Corniell,mapped,identity_name_team_map,Stable identity seed from old DK-ID map. Pilot join status: matched_people_search_name via mlb_people_search_normalized_name
2026-08-07,2026-08-07T14:33:53.319605+00:00,2026-08-07,DraftKings official lineup CSV,https://www.draftkings.com/lineup/getavailableplayerscsv?contestTypeId=9&draftGroupId=151692,151692,9,Selected largest-prize regular Classic MLB draft group after excluding Turbo/Night/qualifier/satellite/showdown/snake/single-stat slates.,SP,Adam Macko (43773314),Adam Macko,43773314,P,5500,BAL@TEX 08/07/2026 08:15PM ET,08/07/2026 08:15PM ET,TEX,BAL,home,2.6,671936,Adam Macko,needs_review_team_change,identity_name_unique_mlbam,Name maps to one reviewed MLBAM identity but not this DK team; review as team-change/new alias before trusting automation.
2026-08-07,2026-08-07T14:33:53.319605+00:00,2026-08-07,DraftKings official lineup CSV,https://www.draftkings.com/lineup/getavailableplayerscsv?contestTypeId=9&draftGroupId=151692,151692,9,Selected largest-prize regular Classic MLB draft group after excluding Turbo/Night/qualifier/satellite/showdown/snake/single-stat slates.,RP,Chase Silseth (43773315),Chase Silseth,43773315,P,5500,BAL@TEX 08/07/2026 08:15PM ET,08/07/2026 08:15PM ET,TEX,BAL,home,2.91,681217,Chase Silseth,needs_review_team_change,identity_name_unique_mlbam,Name maps to one reviewed MLBAM identity but not this DK team; review as team-change/new alias before trusting automation.
2026-08-07,2026-08-07T14:33:53.319605+00:00,2026-08-07,DraftKings official lineup CSV,https://www.draftkings.com/lineup/getavailableplayerscsv?contestTypeId=9&draftGroupId=151692,151692,9,Selected largest-prize regular Classic MLB draft group after excluding Turbo/Night/qualifier/satellite/showdown/snake/single-stat slates.,RP,Tanner Gordon (43773316),Tanner Gordon,43773316,P,5500,COL@STL 08/07/2026 08:15PM ET,08/07/2026 08:15PM ET,COL,STL,away,7.55,685299,Tanner Gordon,mapped,identity_name_team_map,Stable identity seed from old DK-ID map. Pilot join status: matched via normalized_name_team
2026-08-07,2026-08-07T14:33:53.319605+00:00,2026-08-07,DraftKings official lineup CSV,https://www.draftkings.com/lineup/getavailableplayerscsv?contestTypeId=9&draftGroupId=151692,151692,9,Selected largest-prize regular Classic MLB draft group after excluding Turbo/Night/qualifier/satellite/showdown/snake/single-stat slates.,SP,Pierson Ohl (43773317),Pierson Ohl,43773317,P,5500,COL@STL 08/07/2026 08:15PM ET,08/07/2026 08:15PM ET,COL,STL,away,0,701487,Pierson Ohl,mapped,identity_name_team_map,Stable identity seed from old DK-ID map. Pilot join status: matched_people_search_name via mlb_people_search_normalized_name
2026-08-07,2026-08-07T14:33:53.319605+00:00,2026-08-07,DraftKings official lineup CSV,https://www.draftkings.com/lineup/getavailableplayerscsv?contestTypeId=9&draftGroupId=151692,151692,9,Selected largest-prize regular Classic MLB draft group after excluding Turbo/Night/qualifier/satellite/showdown/snake/single-stat slates.,SP,Braxton Garrett (43773318),Braxton Garrett,43773318,P,5500,CHC@KC 08/07/2026 08:10PM ET,08/07/2026 08:10PM ET,CHC,KC,away,-1.62,666129,Braxton Garrett,needs_review_team_change,identity_name_unique_mlbam,Name maps to one reviewed MLBAM identity but not this DK team; review as team-change/new alias before trusting automation.
2026-08-07,2026-08-07T14:33:53.319605+00:00,2026-08-07,DraftKings official lineup CSV,https://www.draftkings.com/lineup/getavailableplayerscsv?contestTypeId=9&draftGroupId=151692,151692,9,Selected largest-prize regular Classic MLB draft group after excluding Turbo/Night/qualifier/satellite/showdown/snake/single-stat slates.,RP,Tyler Alexander (43773319),Tyler Alexander,43773319,P,5500,BAL@TEX 08/07/2026 08:15PM ET,08/07/2026 08:15PM ET,TEX,BAL,home,2.62,641302,Tyler Alexander,mapped,identity_name_team_map,Stable identity seed from old DK-ID map. Pilot join status: matched via normalized_name_team
2026-08-07,2026-08-07T14:33:53.319605+00:00,2026-08-07,DraftKings official lineup CSV,https://www.draftkings.com/lineup/getavailableplayerscsv?contestTypeId=9&draftGroupId=151692,151692,9,Selected largest-prize regular Classic MLB draft group after excluding Turbo/Night/qualifier/satellite/showdown/snake/single-stat slates.,SP,Sean Sullivan (43773320),Sean Sullivan,43773320,P,5500,COL@STL 08/07/2026 08:15PM ET,08/07/2026 08:15PM ET,COL,STL,away,1.89,,,needs_review_new_player,identity_name_team_map,No reviewed normalized-name/team identity alias; do not auto-guess.
2026-08-07,2026-08-07T14:33:53.319605+00:00,2026-08-07,DraftKings official lineup CSV,https://www.draftkings.com/lineup/getavailableplayerscsv?contestTypeId=9&draftGroupId=151692,151692,9,Selected largest-prize regular Classic MLB draft group after excluding Turbo/Night/qualifier/satellite/showdown/snake/single-stat slates.,SP,Kyle Freeland (43773321),Kyle Freeland,43773321,P,5500,COL@STL 08/07/2026 08:15PM ET,08/07/2026 08:15PM ET,COL,STL,away,8.6,607536,Kyle Freeland,mapped,identity_name_team_map,Stable identity seed from old DK-ID map. Pilot join status: matched via normalized_name_team
2026-08-07,2026-08-07T14:33:53.319605+00:00,2026-08-07,DraftKings official lineup CSV,https://www.draftkings.com/lineup/getavailableplayerscsv?contestTypeId=9&draftGroupId=151692,151692,9,Selected largest-prize regular Classic MLB draft group after excluding Turbo/Night/qualifier/satellite/showdown/snake/single-stat slates.,SP,Tomoyuki Sugano (43773322),Tomoyuki Sugano,43773322,P,5500,COL@STL 08/07/2026 08:15PM ET,08/07/2026 08:15PM ET,COL,STL,away,10.64,608372,Tomoyuki Sugano,mapped,identity_name_team_map,Stable identity seed from old DK-ID map. Pilot join status: matched via normalized_name_team
2026-08-07,2026-08-07T14:33:53.319605+00:00,2026-08-07,DraftKings official lineup CSV,https://www.draftkings.com/lineup/getavailableplayerscsv?contestTypeId=9&draftGroupId=151692,151692,9,Selected largest-prize regular Classic MLB draft group after excluding Turbo/Night/qualifier/satellite/showdown/snake/single-stat slates.,SP,Michael Lorenzen (43773323),Michael Lorenzen,43773323,P,5500,COL@STL 08/07/2026 08:15PM ET,08/07/2026 08:15PM ET,COL,STL,away,5.08,547179,Michael Lorenzen,mapped,identity_name_team_map,Stable identity seed from old DK-ID map. Pilot join status: matched via normalized_name_team
2026-08-07,2026-08-07T14:33:53.319605+00:00,2026-08-07,DraftKings official lineup CSV,https://www.draftkings.com/lineup/getavailableplayerscsv?contestTypeId=9&draftGroupId=151692,151692,9,Selected largest-prize regular Classic MLB draft group after excluding Turbo/Night/qualifier/satellite/showdown/snake/single-stat slates.,RP,Jose Quintana (43773324),Jose Quintana,43773324,P,5500,COL@STL 08/07/2026 08:15PM ET,08/07/2026 08:15PM ET,COL,STL,away,6.05,500779,Jose Quintana,mapped,identity_name_team_map,Stable identity seed from old DK-ID map. Pilot join status: matched via normalized_name_team
2026-08-07,2026-08-07T14:33:53.319605+00:00,2026-08-07,DraftKings official lineup CSV,https://www.draftkings.com/lineup/getavailableplayerscsv?contestTypeId=9&draftGroupId=151692,151692,9,Selected largest-prize regular Classic MLB draft group after excluding Turbo/Night/qualifier/satellite/showdown/snake/single-stat slates.,1B,Freddie Freeman (43772546),Freddie Freeman,43772546,1B,5400,LAD@ARI 08/07/2026 09:40PM ET,08/07/2026 09:40PM ET,LAD,ARI,away,8.14,,,needs_review_new_player,identity_name_team_map,No reviewed normalized-name/team identity alias; do not auto-guess.
2026-08-07,2026-08-07T14:33:53.319605+00:00,2026-08-07,DraftKings official lineup CSV,https://www.draftkings.com/lineup/getavailableplayerscsv?contestTypeId=9&draftGroupId=151692,151692,9,Selected largest-prize regular Classic MLB draft group after excluding Turbo/Night/qualifier/satellite/showdown/snake/single-stat slates.,OF,Jackson Chourio (43772547),Jackson Chourio,43772547,OF,5400,MIN@MIL 08/07/2026 07:40PM ET,08/07/2026 07:40PM ET,MIL,MIN,home,9.09,694192,Jackson Chourio,mapped,identity_name_team_map,Stable identity seed from old DK-ID map. Pilot join status: matched via normalized_name_team
2026-08-07,2026-08-07T14:33:53.319605+00:00,2026-08-07,DraftKings official lineup CSV,https://www.draftkings.com/lineup/getavailableplayerscsv?contestTypeId=9&draftGroupId=151692,151692,9,Selected largest-prize regular Classic MLB draft group after excluding Turbo/Night/qualifier/satellite/showdown/snake/single-stat slates.,SP,Gunnar Hoglund (43773325),Gunnar Hoglund,43773325,P,5400,ATH@BOS 08/07/2026 07:10PM ET,08/07/2026 07:10PM ET,ATH,BOS,away,0,680684,Gunnar Hoglund,mapped,identity_name_team_map,Stable identity seed from old DK-ID map. Pilot join status: matched_people_search_name via mlb_people_search_normalized_name
2026-08-07,2026-08-07T14:33:53.319605+00:00,2026-08-07,DraftKings official lineup CSV,https://www.draftkings.com/lineup/getavailableplayerscsv?contestTypeId=9&draftGroupId=151692,151692,9,Selected largest-prize regular Classic MLB draft group after excluding Turbo/Night/qualifier/satellite/showdown/snake/single-stat slates.,RP,Seth Johnson (43773326),Seth Johnson,43773326,P,5400,ATH@BOS 08/07/2026 07:10PM ET,08/07/2026 07:10PM ET,ATH,BOS,away,3.03,686751,Seth Johnson,needs_review_team_change,identity_name_unique_mlbam,Name maps to one reviewed MLBAM identity but not this DK team; review as team-change/new alias before trusting automation.
2026-08-07,2026-08-07T14:33:53.319605+00:00,2026-08-07,DraftKings official lineup CSV,https://www.draftkings.com/lineup/getavailableplayerscsv?contestTypeId=9&draftGroupId=151692,151692,9,Selected largest-prize regular Classic MLB draft group after excluding Turbo/Night/qualifier/satellite/showdown/snake/single-stat slates.,SP,Kade Morris (43773327),Kade Morris,43773327,P,5400,ATH@BOS 08/07/2026 07:10PM ET,08/07/2026 07:10PM ET,ATH,BOS,away,-2.17,695034,Kade Morris,mapped,identity_name_team_map,Stable identity seed from old DK-ID map. Pilot join status: matched via normalized_name_team
2026-08-07,2026-08-07T14:33:53.319605+00:00,2026-08-07,DraftKings official lineup CSV,https://www.draftkings.com/lineup/getavailableplayerscsv?contestTypeId=9&draftGroupId=151692,151692,9,Selected largest-prize regular Classic MLB draft group after excluding Turbo/Night/qualifier/satellite/showdown/snake/single-stat slates.,SP,Luis Medina (43773328),Luis Medina,43773328,P,5400,ATH@BOS 08/07/2026 07:10PM ET,08/07/2026 07:10PM ET,ATH,BOS,away,3.95,665622,Luis Medina,mapped,identity_name_team_map,Stable identity seed from old DK-ID map. Pilot join status: matched via normalized_name_team
2026-08-07,2026-08-07T14:33:53.319605+00:00,2026-08-07,DraftKings official lineup CSV,https://www.draftkings.com/lineup/getavailableplayerscsv?contestTypeId=9&draftGroupId=151692,151692,9,Selected largest-prize regular Classic MLB draft group after excluding Turbo/Night/qualifier/satellite/showdown/snake/single-stat slates.,RP,Yunior Tur (43773329),Yunior Tur,43773329,P,5400,ATH@BOS 08/07/2026 07:10PM ET,08/07/2026 07:10PM ET,ATH,BOS,away,-12.8,,,needs_review_new_player,identity_name_team_map,No reviewed normalized-name/team identity alias; do not auto-guess.
2026-08-07,2026-08-07T14:33:53.319605+00:00,2026-08-07,DraftKings official lineup CSV,https://www.draftkings.com/lineup/getavailableplayerscsv?contestTypeId=9&draftGroupId=151692,151692,9,Selected largest-prize regular Classic MLB draft group after excluding Turbo/Night/qualifier/satellite/showdown/snake/single-stat slates.,RP,Jose Suarez (43773330),Jose Suarez,43773330,P,5400,ATH@BOS 08/07/2026 07:10PM ET,08/07/2026 07:10PM ET,ATH,BOS,away,3.52,660761,José Suarez,mapped,identity_name_team_map,Stable identity seed from old DK-ID map. Pilot join status: matched via normalized_name_team
2026-08-07,2026-08-07T14:33:53.319605+00:00,2026-08-07,DraftKings official lineup CSV,https://www.draftkings.com/lineup/getavailableplayerscsv?contestTypeId=9&draftGroupId=151692,151692,9,Selected largest-prize regular Classic MLB draft group after excluding Turbo/Night/qualifier/satellite/showdown/snake/single-stat slates.,RP,Jeffrey Springs (43773331),Jeffrey Springs,43773331,P,5400,ATH@BOS 08/07/2026 07:10PM ET,08/07/2026 07:10PM ET,ATH,BOS,away,8.44,605488,Jeffrey Springs,mapped,identity_name_team_map,Stable identity seed from old DK-ID map. Pilot join status: matched via normalized_name_team
2026-08-07,2026-08-07T14:33:53.319605+00:00,2026-08-07,DraftKings official lineup CSV,https://www.draftkings.com/lineup/getavailableplayerscsv?contestTypeId=9&draftGroupId=151692,151692,9,Selected largest-prize regular Classic MLB draft group after excluding Turbo/Night/qualifier/satellite/showdown/snake/single-stat slates.,RP,Joey Estes (43773332),Joey Estes,43773332,P,5400,ATH@BOS 08/07/2026 07:10PM ET,08/07/2026 07:10PM ET,ATH,BOS,away,6.15,683155,Joey Estes,mapped,identity_name_team_map,Stable identity seed from old DK-ID map. Pilot join status: matched_people_search_name via mlb_people_search_normalized_name
2026-08-07,2026-08-07T14:33:53.319605+00:00,2026-08-07,DraftKings official lineup CSV,https://www.draftkings.com/lineup/getavailableplayerscsv?contestTypeId=9&draftGroupId=151692,151692,9,Selected largest-prize regular Classic MLB draft group after excluding Turbo/Night/qualifier/satellite/showdown/snake/single-stat slates.,SP,Mason Black (43772530),Mason Black,43772530,P,5300,CHC@KC 08/07/2026 08:10PM ET,08/07/2026 08:10PM ET,KC,CHC,home,3.1,696131,Mason Black,mapped,identity_name_team_map,Stable identity seed from old DK-ID map. Pilot join status: matched via normalized_name_team
2026-08-07,2026-08-07T14:33:53.319605+00:00,2026-08-07,DraftKings official lineup CSV,https://www.draftkings.com/lineup/getavailableplayerscsv?contestTypeId=9&draftGroupId=151692,151692,9,Selected largest-prize regular Classic MLB draft group after excluding Turbo/Night/qualifier/satellite/showdown/snake/single-stat slates.,OF,Corbin Carroll (43772548),Corbin Carroll,43772548,OF,5300,LAD@ARI 08/07/2026 09:40PM ET,08/07/2026 09:40PM ET,ARI,LAD,home,8.72,,,needs_review_new_player,identity_name_team_map,No reviewed normalized-name/team identity alias; do not auto-guess.
2026-08-07,2026-08-07T14:33:53.319605+00:00,2026-08-07,DraftKings official lineup CSV,https://www.draftkings.com/lineup/getavailableplayerscsv?contestTypeId=9&draftGroupId=151692,151692,9,Selected largest-prize regular Classic MLB draft group after excluding Turbo/Night/qualifier/satellite/showdown/snake/single-stat slates.,OF,Seiya Suzuki (43772549),Seiya Suzuki,43772549,OF,5300,CHC@KC 08/07/2026 08:10PM ET,08/07/2026 08:10PM ET,CHC,KC,away,8.68,673548,Seiya Suzuki,mapped,identity_name_team_map,Stable identity seed from old DK-ID map. Pilot join status: matched via normalized_name_team
2026-08-07,2026-08-07T14:33:53.319605+00:00,2026-08-07,DraftKings official lineup CSV,https://www.draftkings.com/lineup/getavailableplayerscsv?contestTypeId=9&draftGroupId=151692,151692,9,Selected largest-prize regular Classic MLB draft group after excluding Turbo/Night/qualifier/satellite/showdown/snake/single-stat slates.,3B,Max Muncy (43772550),Max Muncy,43772550,3B,5300,LAD@ARI 08/07/2026 09:40PM ET,08/07/2026 09:40PM ET,LAD,ARI,away,7.55,691777,Max Muncy,needs_review_team_change,identity_name_unique_mlbam,Name maps to one reviewed MLBAM identity but not this DK team; review as team-change/new alias before trusting automation.
2026-08-07,2026-08-07T14:33:53.319605+00:00,2026-08-07,DraftKings official lineup CSV,https://www.draftkings.com/lineup/getavailableplayerscsv?contestTypeId=9&draftGroupId=151692,151692,9,Selected largest-prize regular Classic MLB draft group after excluding Turbo/Night/qualifier/satellite/showdown/snake/single-stat slates.,RP,Ryan Bergert (43773333),Ryan Bergert,43773333,P,5300,CHC@KC 08/07/2026 08:10PM ET,08/07/2026 08:10PM ET,KC,CHC,home,0,686701,Ryan Bergert,mapped,identity_name_team_map,Stable identity seed from old DK-ID map. Pilot join status: matched_people_search_name via mlb_people_search_normalized_name
2026-08-07,2026-08-07T14:33:53.319605+00:00,2026-08-07,DraftKings official lineup CSV,https://www.draftkings.com/lineup/getavailableplayerscsv?contestTypeId=9&draftGroupId=151692,151692,9,Selected largest-prize regular Classic MLB draft group after excluding Turbo/Night/qualifier/satellite/showdown/snake/single-stat slates.,SP,Alec Marsh (43773334),Alec Marsh,43773334,P,5300,CHC@KC 08/07/2026 08:10PM ET,08/07/2026 08:10PM ET,KC,CHC,home,0,679525,Alec Marsh,mapped,identity_name_team_map,Stable identity seed from old DK-ID map. Pilot join status: matched_people_search_name via mlb_people_search_normalized_name
2026-08-07,2026-08-07T14:33:53.319605+00:00,2026-08-07,DraftKings official lineup CSV,https://www.draftkings.com/lineup/getavailableplayerscsv?contestTypeId=9&draftGroupId=151692,151692,9,Selected largest-prize regular Classic MLB draft group after excluding Turbo/Night/qualifier/satellite/showdown/snake/single-stat slates.,SP,Ben Kudrna (43773335),Ben Kudrna,43773335,P,5300,CHC@KC 08/07/2026 08:10PM ET,08/07/2026 08:10PM ET,KC,CHC,home,0,695667,Ben Kudrna,mapped,identity_name_team_map,Stable identity seed from old DK-ID map. Pilot join status: matched_people_search_name via mlb_people_search_normalized_name
2026-08-07,2026-08-07T14:33:53.319605+00:00,2026-08-07,DraftKings official lineup CSV,https://www.draftkings.com/lineup/getavailableplayerscsv?contestTypeId=9&draftGroupId=151692,151692,9,Selected largest-prize regular Classic MLB draft group after excluding Turbo/Night/qualifier/satellite/showdown/snake/single-stat slates.,RP,Connor Thomas (43773336),Connor Thomas,43773336,P,5300,CHC@KC 08/07/2026 08:10PM ET,08/07/2026 08:10PM ET,KC,CHC,home,-10.18,,,needs_review_new_player,identity_name_team_map,No reviewed normalized-name/team identity alias; do not auto-guess.
2026-08-07,2026-08-07T14:33:53.319605+00:00,2026-08-07,DraftKings official lineup CSV,https://www.draftkings.com/lineup/getavailableplayerscsv?contestTypeId=9&draftGroupId=151692,151692,9,Selected largest-prize regular Classic MLB draft group after excluding Turbo/Night/qualifier/satellite/showdown/snake/single-stat slates.,RP,Daniel Lynch IV (43773337),Daniel Lynch IV,43773337,P,5300,CHC@KC 08/07/2026 08:10PM ET,08/07/2026 08:10PM ET,KC,CHC,home,3.1,663738,Daniel Lynch IV,mapped,identity_name_team_map,Stable identity seed from old DK-ID map. Pilot join status: matched via normalized_name_team
2026-08-07,2026-08-07T14:33:53.319605+00:00,2026-08-07,DraftKings official lineup CSV,https://www.draftkings.com/lineup/getavailableplayerscsv?contestTypeId=9&draftGroupId=151692,151692,9,Selected largest-prize regular Classic MLB draft group after excluding Turbo/Night/qualifier/satellite/showdown/snake/single-stat slates.,RP,Luinder Avila (43773338),Luinder Avila,43773338,P,5300,CHC@KC 08/07/2026 08:10PM ET,08/07/2026 08:10PM ET,KC,CHC,home,6.98,679883,Luinder Avila,mapped,identity_name_team_map,Stable identity seed from old DK-ID map. Pilot join status: matched via normalized_name_team
2026-08-07,2026-08-07T14:33:53.319605+00:00,2026-08-07,DraftKings official lineup CSV,https://www.draftkings.com/lineup/getavailableplayerscsv?contestTypeId=9&draftGroupId=151692,151692,9,Selected largest-prize regular Classic MLB draft group after excluding Turbo/Night/qualifier/satellite/showdown/snake/single-stat slates.,RP,Mitch Spence (43773339),Mitch Spence,43773339,P,5300,CHC@KC 08/07/2026 08:10PM ET,08/07/2026 08:10PM ET,KC,CHC,home,-9.27,687765,Mitch Spence,mapped,identity_name_team_map,Stable identity seed from old DK-ID map. Pilot join status: matched via normalized_name_team
2026-08-07,2026-08-07T14:33:53.319605+00:00,2026-08-07,DraftKings official lineup CSV,https://www.draftkings.com/lineup/getavailableplayerscsv?contestTypeId=9&draftGroupId=151692,151692,9,Selected largest-prize regular Classic MLB draft group after excluding Turbo/Night/qualifier/satellite/showdown/snake/single-stat slates.,RP,Stephen Kolek (43773340),Stephen Kolek,43773340,P,5300,CHC@KC 08/07/2026 08:10PM ET,08/07/2026 08:10PM ET,KC,CHC,home,11.51,663568,Stephen Kolek,mapped,identity_name_team_map,Stable identity seed from old DK-ID map. Pilot join status: matched via normalized_name_team
2026-08-07,2026-08-07T14:33:53.319605+00:00,2026-08-07,DraftKings official lineup CSV,https://www.draftkings.com/lineup/getavailableplayerscsv?contestTypeId=9&draftGroupId=151692,151692,9,Selected largest-prize regular Classic MLB draft group after excluding Turbo/Night/qualifier/satellite/showdown/snake/single-stat slates.,OF,Mickey Moniak (43772551),Mickey Moniak,43772551,OF,5200,COL@STL 08/07/2026 08:15PM ET,08/07/2026 08:15PM ET,COL,STL,away,8.13,666160,Mickey Moniak,mapped,identity_name_team_map,Stable identity seed from old DK-ID map. Pilot join status: matched via normalized_name_team
2026-08-07,2026-08-07T14:33:53.319605+00:00,2026-08-07,DraftKings official lineup CSV,https://www.draftkings.com/lineup/getavailableplayerscsv?contestTypeId=9&draftGroupId=151692,151692,9,Selected largest-prize regular Classic MLB draft group after excluding Turbo/Night/qualifier/satellite/showdown/snake/single-stat slates.,2B,Brice Turang (43772552),Brice Turang,43772552,2B,5200,MIN@MIL 08/07/2026 07:40PM ET,08/07/2026 07:40PM ET,MIL,MIN,home,9.16,668930,Brice Turang,mapped,identity_name_team_map,Stable identity seed from old DK-ID map. Pilot join status: matched via normalized_name_team
2026-08-07,2026-08-07T14:33:53.319605+00:00,2026-08-07,DraftKings official lineup CSV,https://www.draftkings.com/lineup/getavailableplayerscsv?contestTypeId=9&draftGroupId=151692,151692,9,Selected largest-prize regular Classic MLB draft group after excluding Turbo/Night/qualifier/satellite/showdown/snake/single-stat slates.,OF,Mike Trout (43772553),Mike Trout,43772553,OF,5200,LAA@MIA 08/07/2026 07:10PM ET,08/07/2026 07:10PM ET,LAA,MIA,away,8.53,545361,Mike Trout,mapped,identity_name_team_map,Stable identity seed from old DK-ID map. Pilot join status: matched via normalized_name_team
2026-08-07,2026-08-07T14:33:53.319605+00:00,2026-08-07,DraftKings official lineup CSV,https://www.draftkings.com/lineup/getavailableplayerscsv?contestTypeId=9&draftGroupId=151692,151692,9,Selected largest-prize regular Classic MLB draft group after excluding Turbo/Night/qualifier/satellite/showdown/snake/single-stat slates.,1B,Pete Alonso (43772554),Pete Alonso,43772554,1B,5200,BAL@TEX 08/07/2026 08:15PM ET,08/07/2026 08:15PM ET,BAL,TEX,away,8.3,,,needs_review_new_player,identity_name_team_map,No reviewed normalized-name/team identity alias; do not auto-guess.
2026-08-07,2026-08-07T14:33:53.319605+00:00,2026-08-07,DraftKings official lineup CSV,https://www.draftkings.com/lineup/getavailableplayerscsv?contestTypeId=9&draftGroupId=151692,151692,9,Selected largest-prize regular Classic MLB draft group after excluding Turbo/Night/qualifier/satellite/showdown/snake/single-stat slates.,3B,Manny Machado (43772555),Manny Machado,43772555,3B,5200,HOU@SD 08/07/2026 09:40PM ET,08/07/2026 09:40PM ET,SD,HOU,home,7.42,592518,Manny Machado,mapped,identity_name_team_map,Stable identity seed from old DK-ID map. Pilot join status: matched via normalized_name_team
2026-08-07,2026-08-07T14:33:53.319605+00:00,2026-08-07,DraftKings official lineup CSV,https://www.draftkings.com/lineup/getavailableplayerscsv?contestTypeId=9&draftGroupId=151692,151692,9,Selected largest-prize regular Classic MLB draft group after excluding Turbo/Night/qualifier/satellite/showdown/snake/single-stat slates.,OF,Byron Buxton (43772887),Byron Buxton,43772887,OF,5200,MIN@MIL 08/07/2026 07:40PM ET,08/07/2026 07:40PM ET,MIN,MIL,away,9.39,621439,Byron Buxton,mapped,identity_name_team_map,Proposed from review candidates; basis=exact normalized name + team; role-compatible; hr-distance-latest.json|statcast_batter_des_2026; confidence=high; sources=hr-distance-latest.json|statcast_batter_des_2026
2026-08-07,2026-08-07T14:33:53.319605+00:00,2026-08-07,DraftKings official lineup CSV,https://www.draftkings.com/lineup/getavailableplayerscsv?contestTypeId=9&draftGroupId=151692,151692,9,Selected largest-prize regular Classic MLB draft group after excluding Turbo/Night/qualifier/satellite/showdown/snake/single-stat slates.,1B,Nick Kurtz (43772888),Nick Kurtz,43772888,1B,5200,ATH@BOS 08/07/2026 07:10PM ET,08/07/2026 07:10PM ET,ATH,BOS,away,9.22,701762,Nick Kurtz,mapped,identity_name_team_map,Stable identity seed from old DK-ID map. Pilot join status: matched via normalized_name_team
2026-08-07,2026-08-07T14:33:53.319605+00:00,2026-08-07,DraftKings official lineup CSV,https://www.draftkings.com/lineup/getavailableplayerscsv?contestTypeId=9&draftGroupId=151692,151692,9,Selected largest-prize regular Classic MLB draft group after excluding Turbo/Night/qualifier/satellite/showdown/snake/single-stat slates.,RP,Dax Fulton (43773341),Dax Fulton,43773341,P,5200,LAA@MIA 08/07/2026 07:10PM ET,08/07/2026 07:10PM ET,MIA,LAA,home,5.02,690978,Dax Fulton,mapped,identity_name_team_map,Proposed from review candidates; basis=exact normalized name + team; role-compatible; statcast_pitcher_2026; confidence=high; sources=statcast_pitcher_2026
2026-08-07,2026-08-07T14:33:53.319605+00:00,2026-08-07,DraftKings official lineup CSV,https://www.draftkings.com/lineup/getavailableplayerscsv?contestTypeId=9&draftGroupId=151692,151692,9,Selected largest-prize regular Classic MLB draft group after excluding Turbo/Night/qualifier/satellite/showdown/snake/single-stat slates.,SP,Adam Mazur (43773342),Adam Mazur,43773342,P,5200,LAA@MIA 08/07/2026 07:10PM ET,08/07/2026 07:10PM ET,MIA,LAA,home,0,,,needs_review_new_player,identity_name_team_map,No reviewed normalized-name/team identity alias; do not auto-guess.
2026-08-07,2026-08-07T14:33:53.319605+00:00,2026-08-07,DraftKings official lineup CSV,https://www.draftkings.com/lineup/getavailableplayerscsv?contestTypeId=9&draftGroupId=151692,151692,9,Selected largest-prize regular Classic MLB draft group after excluding Turbo/Night/qualifier/satellite/showdown/snake/single-stat slates.,RP,Ryan Gusto (43773343),Ryan Gusto,43773343,P,5200,LAA@MIA 08/07/2026 07:10PM ET,08/07/2026 07:10PM ET,MIA,LAA,home,6.68,687473,Ryan Gusto,mapped,identity_name_team_map,Proposed from review candidates; basis=exact normalized name + team; role-compatible; statcast_pitcher_2026; confidence=high; sources=statcast_pitcher_2026
2026-08-07,2026-08-07T14:33:53.319605+00:00,2026-08-07,DraftKings official lineup CSV,https://www.draftkings.com/lineup/getavailableplayerscsv?contestTypeId=9&draftGroupId=151692,151692,9,Selected largest-prize regular Classic MLB draft group after excluding Turbo/Night/qualifier/satellite/showdown/snake/single-stat slates.,SP,Bradley Blalock (43773344),Bradley Blalock,43773344,P,5200,LAA@MIA 08/07/2026 07:10PM ET,08/07/2026 07:10PM ET,MIA,LAA,home,0,687134,Bradley Blalock,mapped,identity_name_team_map,Proposed from review candidates; basis=exact normalized name + team; role-compatible; statcast_pitcher_2026; confidence=high; sources=statcast_pitcher_2026
2026-08-07,2026-08-07T14:33:53.319605+00:00,2026-08-07,DraftKings official lineup CSV,https://www.draftkings.com/lineup/getavailableplayerscsv?contestTypeId=9&draftGroupId=151692,151692,9,Selected largest-prize regular Classic MLB draft group after excluding Turbo/Night/qualifier/satellite/showdown/snake/single-stat slates.,3B,Miguel Vargas (43772556),Miguel Vargas,43772556,3B,5100,CLE@CWS 08/07/2026 07:40PM ET,08/07/2026 07:40PM ET,CWS,CLE,home,8.9,678246,Miguel Vargas,mapped,identity_name_team_map,Stable identity seed from old DK-ID map. Pilot join status: matched via normalized_name_team
2026-08-07,2026-08-07T14:33:53.319605+00:00,2026-08-07,DraftKings official lineup CSV,https://www.draftkings.com/lineup/getavailableplayerscsv?contestTypeId=9&draftGroupId=151692,151692,9,Selected largest-prize regular Classic MLB draft group after excluding Turbo/Night/qualifier/satellite/showdown/snake/single-stat slates.,1B,Willson Contreras (43772557),Willson Contreras,43772557,1B,5100,ATH@BOS 08/07/2026 07:10PM ET,08/07/2026 07:10PM ET,BOS,ATH,home,8.79,,,needs_review_new_player,identity_name_team_map,No reviewed normalized-name/team identity alias; do not auto-guess.
2026-08-07,2026-08-07T14:33:53.319605+00:00,2026-08-07,DraftKings official lineup CSV,https://www.draftkings.com/lineup/getavailableplayerscsv?contestTypeId=9&draftGroupId=151692,151692,9,Selected largest-prize regular Classic MLB draft group after excluding Turbo/Night/qualifier/satellite/showdown/snake/single-stat slates.,SP,Brett Kerry (43772531),Brett Kerry,43772531,P,5000,LAA@MIA 08/07/2026 07:10PM ET,08/07/2026 07:10PM ET,LAA,MIA,away,9.2,,,needs_review_new_player,identity_name_team_map,No reviewed normalized-name/team identity alias; do not auto-guess.
2026-08-07,2026-08-07T14:33:53.319605+00:00,2026-08-07,DraftKings official lineup CSV,https://www.draftkings.com/lineup/getavailableplayerscsv?contestTypeId=9&draftGroupId=151692,151692,9,Selected largest-prize regular Classic MLB draft group after excluding Turbo/Night/qualifier/satellite/showdown/snake/single-stat slates.,3B,Jose Ramirez (43772558),Jose Ramirez,43772558,3B,5000,CLE@CWS 08/07/2026 07:40PM ET,08/07/2026 07:40PM ET,CLE,CWS,away,8.64,,,needs_review_new_player,identity_name_team_map,No reviewed normalized-name/team identity alias; do not auto-guess.
2026-08-07,2026-08-07T14:33:53.319605+00:00,2026-08-07,DraftKings official lineup CSV,https://www.draftkings.com/lineup/getavailableplayerscsv?contestTypeId=9&draftGroupId=151692,151692,9,Selected largest-prize regular Classic MLB draft group after excluding Turbo/Night/qualifier/satellite/showdown/snake/single-stat slates.,SS,Jeremy Pena (43772559),Jeremy Pena,43772559,SS,5000,HOU@SD 08/07/2026 09:40PM ET,08/07/2026 09:40PM ET,HOU,SD,away,9.46,665161,Jeremy Peña,mapped,identity_name_team_map,Stable identity seed from old DK-ID map. Pilot join status: matched via normalized_name_team
2026-08-07,2026-08-07T14:33:53.319605+00:00,2026-08-07,DraftKings official lineup CSV,https://www.draftkings.com/lineup/getavailableplayerscsv?contestTypeId=9&draftGroupId=151692,151692,9,Selected largest-prize regular Classic MLB draft group after excluding Turbo/Night/qualifier/satellite/showdown/snake/single-stat slates.,1B,Matt Olson (43772560),Matt Olson,43772560,1B,5000,ATL@NYY 08/07/2026 07:05PM ET,08/07/2026 07:05PM ET,ATL,NYY,away,9.25,621566,Matt Olson,mapped,identity_name_team_map,Stable identity seed from old DK-ID map. Pilot join status: matched via normalized_name_team
2026-08-07,2026-08-07T14:33:53.319605+00:00,2026-08-07,DraftKings official lineup CSV,https://www.draftkings.com/lineup/getavailableplayerscsv?contestTypeId=9&draftGroupId=151692,151692,9,Selected largest-prize regular Classic MLB draft group after excluding Turbo/Night/qualifier/satellite/showdown/snake/single-stat slates.,2B/OF,Kody Clemens (43772561),Kody Clemens,43772561,2B/OF,5000,MIN@MIL 08/07/2026 07:40PM ET,08/07/2026 07:40PM ET,MIN,MIL,away,7.52,665019,Kody Clemens,mapped,identity_name_team_map,Proposed from review candidates; basis=exact normalized name + team; role-compatible; hr-distance-latest.json|statcast_batter_des_2026; confidence=high; sources=hr-distance-latest.json|statcast_batter_des_2026
2026-08-07,2026-08-07T14:33:53.319605+00:00,2026-08-07,DraftKings official lineup CSV,https://www.draftkings.com/lineup/getavailableplayerscsv?contestTypeId=9&draftGroupId=151692,151692,9,Selected largest-prize regular Classic MLB draft group after excluding Turbo/Night/qualifier/satellite/showdown/snake/single-stat slates.,SP,Caden Dana (43773345),Caden Dana,43773345,P,5000,LAA@MIA 08/07/2026 07:10PM ET,08/07/2026 07:10PM ET,LAA,MIA,away,0,702674,Caden Dana,mapped,identity_name_team_map,Stable identity seed from old DK-ID map. Pilot join status: matched_people_search_name via mlb_people_search_normalized_name
2026-08-07,2026-08-07T14:33:53.319605+00:00,2026-08-07,DraftKings official lineup CSV,https://www.draftkings.com/lineup/getavailableplayerscsv?contestTypeId=9&draftGroupId=151692,151692,9,Selected largest-prize regular Classic MLB draft group after excluding Turbo/Night/qualifier/satellite/showdown/snake/single-stat slates.,RP,Sam Aldegheri (43773346),Sam Aldegheri,43773346,P,5000,LAA@MIA 08/07/2026 07:10PM ET,08/07/2026 07:10PM ET,LAA,MIA,away,7.15,691951,Sam Aldegheri,mapped,identity_name_team_map,Stable identity seed from old DK-ID map. Pilot join status: matched via normalized_name_team
2026-08-07,2026-08-07T14:33:53.319605+00:00,2026-08-07,DraftKings official lineup CSV,https://www.draftkings.com/lineup/getavailableplayerscsv?contestTypeId=9&draftGroupId=151692,151692,9,Selected largest-prize regular Classic MLB draft group after excluding Turbo/Night/qualifier/satellite/showdown/snake/single-stat slates.,RP,Ryan Johnson (43773347),Ryan Johnson,43773347,P,5000,LAA@MIA 08/07/2026 07:10PM ET,08/07/2026 07:10PM ET,LAA,MIA,away,5.2,696270,Ryan Johnson,mapped,identity_name_team_map,Stable identity seed from old DK-ID map. Pilot join status: matched via normalized_name_team
2026-08-07,2026-08-07T14:33:53.319605+00:00,2026-08-07,DraftKings official lineup CSV,https://www.draftkings.com/lineup/getavailableplayerscsv?contestTypeId=9&draftGroupId=151692,151692,9,Selected largest-prize regular Classic MLB draft group after excluding Turbo/Night/qualifier/satellite/showdown/snake/single-stat slates.,SP,George Klassen (43773348),George Klassen,43773348,P,5000,LAA@MIA 08/07/2026 07:10PM ET,08/07/2026 07:10PM ET,LAA,MIA,away,0.15,691946,George Klassen,mapped,identity_name_team_map,Stable identity seed from old DK-ID map. Pilot join status: matched via normalized_name_team
2026-08-07,2026-08-07T14:33:53.319605+00:00,2026-08-07,DraftKings official lineup CSV,https://www.draftkings.com/lineup/getavailableplayerscsv?contestTypeId=9&draftGroupId=151692,151692,9,Selected largest-prize regular Classic MLB draft group after excluding Turbo/Night/qualifier/satellite/showdown/snake/single-stat slates.,SP,Jack Kochanowicz (43773349),Jack Kochanowicz,43773349,P,5000,LAA@MIA 08/07/2026 07:10PM ET,08/07/2026 07:10PM ET,LAA,MIA,away,7.26,686799,Jack Kochanowicz,mapped,identity_name_team_map,Stable identity seed from old DK-ID map. Pilot join status: matched via normalized_name_team
2026-08-07,2026-08-07T14:33:53.319605+00:00,2026-08-07,DraftKings official lineup CSV,https://www.draftkings.com/lineup/getavailableplayerscsv?contestTypeId=9&draftGroupId=151692,151692,9,Selected largest-prize regular Classic MLB draft group after excluding Turbo/Night/qualifier/satellite/showdown/snake/single-stat slates.,1B,Luis Garcia Jr. (43772563),Luis Garcia Jr.,43772563,1B,4900,ATL@NYY 08/07/2026 07:05PM ET,08/07/2026 07:05PM ET,NYY,ATL,home,7.97,671277,Luis García Jr.,needs_review_team_change,identity_name_unique_mlbam,Name maps to one reviewed MLBAM identity but not this DK team; review as team-change/new alias before trusting automation.
2026-08-07,2026-08-07T14:33:53.319605+00:00,2026-08-07,DraftKings official lineup CSV,https://www.draftkings.com/lineup/getavailableplayerscsv?contestTypeId=9&draftGroupId=151692,151692,9,Selected largest-prize regular Classic MLB draft group after excluding Turbo/Night/qualifier/satellite/showdown/snake/single-stat slates.,1B/3B,Yandy Diaz (43772564),Yandy Diaz,43772564,1B/3B,4900,TB@SEA 08/07/2026 09:45PM ET,08/07/2026 09:45PM ET,TB,SEA,away,8.26,,,needs_review_new_player,identity_name_team_map,No reviewed normalized-name/team identity alias; do not auto-guess.
2026-08-07,2026-08-07T14:33:53.319605+00:00,2026-08-07,DraftKings official lineup CSV,https://www.draftkings.com/lineup/getavailableplayerscsv?contestTypeId=9&draftGroupId=151692,151692,9,Selected largest-prize regular Classic MLB draft group after excluding Turbo/Night/qualifier/satellite/showdown/snake/single-stat slates.,OF,Randy Arozarena (43772566),Randy Arozarena,43772566,OF,4900,TB@SEA 08/07/2026 09:45PM ET,08/07/2026 09:45PM ET,SEA,TB,home,8.82,,,needs_review_new_player,identity_name_team_map,No reviewed normalized-name/team identity alias; do not auto-guess.
2026-08-07,2026-08-07T14:33:53.319605+00:00,2026-08-07,DraftKings official lineup CSV,https://www.draftkings.com/lineup/getavailableplayerscsv?contestTypeId=9&draftGroupId=151692,151692,9,Selected largest-prize regular Classic MLB draft group after excluding Turbo/Night/qualifier/satellite/showdown/snake/single-stat slates.,2B,JJ Wetherholt (43772567),JJ Wetherholt,43772567,2B,4900,COL@STL 08/07/2026 08:15PM ET,08/07/2026 08:15PM ET,STL,COL,home,8.03,802139,JJ Wetherholt,mapped,identity_name_team_map,Stable identity seed from old DK-ID map. Pilot join status: matched via normalized_name_team
2026-08-07,2026-08-07T14:33:53.319605+00:00,2026-08-07,DraftKings official lineup CSV,https://www.draftkings.com/lineup/getavailableplayerscsv?contestTypeId=9&draftGroupId=151692,151692,9,Selected largest-prize regular Classic MLB draft group after excluding Turbo/Night/qualifier/satellite/showdown/snake/single-stat slates.,3B/SS,Kevin McGonigle (43772568),Kevin McGonigle,43772568,3B/SS,4900,DET@SF 08/07/2026 10:15PM ET,08/07/2026 10:15PM ET,DET,SF,away,8.47,805808,Kevin Mcgonigle,mapped,identity_name_team_map,Proposed from review candidates; basis=exact normalized name + team; role-compatible; hr-distance-latest.json|statcast_batter_des_2026; confidence=high; sources=hr-distance-latest.json|statcast_batter_des_2026
2026-08-07,2026-08-07T14:33:53.319605+00:00,2026-08-07,DraftKings official lineup CSV,https://www.draftkings.com/lineup/getavailableplayerscsv?contestTypeId=9&draftGroupId=151692,151692,9,Selected largest-prize regular Classic MLB draft group after excluding Turbo/Night/qualifier/satellite/showdown/snake/single-stat slates.,1B,Alec Burleson (43772570),Alec Burleson,43772570,1B,4800,COL@STL 08/07/2026 08:15PM ET,08/07/2026 08:15PM ET,STL,COL,home,8.26,676475,Alec Burleson,mapped,identity_name_team_map,Stable identity seed from old DK-ID map. Pilot join status: matched via normalized_name_team
2026-08-07,2026-08-07T14:33:53.319605+00:00,2026-08-07,DraftKings official lineup CSV,https://www.draftkings.com/lineup/getavailableplayerscsv?contestTypeId=9&draftGroupId=151692,151692,9,Selected largest-prize regular Classic MLB draft group after excluding Turbo/Night/qualifier/satellite/showdown/snake/single-stat slates.,OF,Wilyer Abreu (43772571),Wilyer Abreu,43772571,OF,4800,ATH@BOS 08/07/2026 07:10PM ET,08/07/2026 07:10PM ET,BOS,ATH,home,8.08,,,needs_review_new_player,identity_name_team_map,No reviewed normalized-name/team identity alias; do not auto-guess.
2026-08-07,2026-08-07T14:33:53.319605+00:00,2026-08-07,DraftKings official lineup CSV,https://www.draftkings.com/lineup/getavailableplayerscsv?contestTypeId=9&draftGroupId=151692,151692,9,Selected largest-prize regular Classic MLB draft group after excluding Turbo/Night/qualifier/satellite/showdown/snake/single-stat slates.,2B,Ketel Marte (43772572),Ketel Marte,43772572,2B,4800,LAD@ARI 08/07/2026 09:40PM ET,08/07/2026 09:40PM ET,ARI,LAD,home,7.86,,,needs_review_new_player,identity_name_team_map,No reviewed normalized-name/team identity alias; do not auto-guess.
2026-08-07,2026-08-07T14:33:53.319605+00:00,2026-08-07,DraftKings official lineup CSV,https://www.draftkings.com/lineup/getavailableplayerscsv?contestTypeId=9&draftGroupId=151692,151692,9,Selected largest-prize regular Classic MLB draft group after excluding Turbo/Night/qualifier/satellite/showdown/snake/single-stat slates.,C,Carter Jensen (43772573),Carter Jensen,43772573,C,4800,CHC@KC 08/07/2026 08:10PM ET,08/07/2026 08:10PM ET,KC,CHC,home,6.63,695600,Carter Jensen,mapped,identity_name_team_map,Stable identity seed from old DK-ID map. Pilot join status: matched via normalized_name_team
2026-08-07,2026-08-07T14:33:53.319605+00:00,2026-08-07,DraftKings official lineup CSV,https://www.draftkings.com/lineup/getavailableplayerscsv?contestTypeId=9&draftGroupId=151692,151692,9,Selected largest-prize regular Classic MLB draft group after excluding Turbo/Night/qualifier/satellite/showdown/snake/single-stat slates.,SS,Gunnar Henderson (43772574),Gunnar Henderson,43772574,SS,4800,BAL@TEX 08/07/2026 08:15PM ET,08/07/2026 08:15PM ET,BAL,TEX,away,7.52,,,needs_review_new_player,identity_name_team_map,No reviewed normalized-name/team identity alias; do not auto-guess.
2026-08-07,2026-08-07T14:33:53.319605+00:00,2026-08-07,DraftKings official lineup CSV,https://www.draftkings.com/lineup/getavailableplayerscsv?contestTypeId=9&draftGroupId=151692,151692,9,Selected largest-prize regular Classic MLB draft group after excluding Turbo/Night/qualifier/satellite/showdown/snake/single-stat slates.,1B/OF,Jake Bauers (43772575),Jake Bauers,43772575,1B/OF,4700,MIN@MIL 08/07/2026 07:40PM ET,08/07/2026 07:40PM ET,MIL,MIN,home,8.64,641343,Jake Bauers,mapped,identity_name_team_map,Stable identity seed from old DK-ID map. Pilot join status: matched via normalized_name_team
2026-08-07,2026-08-07T14:33:53.319605+00:00,2026-08-07,DraftKings official lineup CSV,https://www.draftkings.com/lineup/getavailableplayerscsv?contestTypeId=9&draftGroupId=151692,151692,9,Selected largest-prize regular Classic MLB draft group after excluding Turbo/Night/qualifier/satellite/showdown/snake/single-stat slates.,OF,Andy Pages (43772577),Andy Pages,43772577,OF,4700,LAD@ARI 08/07/2026 09:40PM ET,08/07/2026 09:40PM ET,LAD,ARI,away,8.37,,,needs_review_new_player,identity_name_team_map,No reviewed normalized-name/team identity alias; do not auto-guess.
2026-08-07,2026-08-07T14:33:53.319605+00:00,2026-08-07,DraftKings official lineup CSV,https://www.draftkings.com/lineup/getavailableplayerscsv?contestTypeId=9&draftGroupId=151692,151692,9,Selected largest-prize regular Classic MLB draft group after excluding Turbo/Night/qualifier/satellite/showdown/snake/single-stat slates.,SS,Zach Neto (43772578),Zach Neto,43772578,SS,4700,LAA@MIA 08/07/2026 07:10PM ET,08/07/2026 07:10PM ET,LAA,MIA,away,8.35,687263,Zach Neto,mapped,identity_name_team_map,Stable identity seed from old DK-ID map. Pilot join status: matched via normalized_name_team
2026-08-07,2026-08-07T14:33:53.319605+00:00,2026-08-07,DraftKings official lineup CSV,https://www.draftkings.com/lineup/getavailableplayerscsv?contestTypeId=9&draftGroupId=151692,151692,9,Selected largest-prize regular Classic MLB draft group after excluding Turbo/Night/qualifier/satellite/showdown/snake/single-stat slates.,OF,Christian Yelich (43772579),Christian Yelich,43772579,OF,4700,MIN@MIL 08/07/2026 07:40PM ET,08/07/2026 07:40PM ET,MIL,MIN,home,7.72,592885,Christian Yelich,mapped,identity_name_team_map,Stable identity seed from old DK-ID map. Pilot join status: matched via normalized_name_team
2026-08-07,2026-08-07T14:33:53.319605+00:00,2026-08-07,DraftKings official lineup CSV,https://www.draftkings.com/lineup/getavailableplayerscsv?contestTypeId=9&draftGroupId=151692,151692,9,Selected largest-prize regular Classic MLB draft group after excluding Turbo/Night/qualifier/satellite/showdown/snake/single-stat slates.,C,Drake Baldwin (43772580),Drake Baldwin,43772580,C,4700,ATL@NYY 08/07/2026 07:05PM ET,08/07/2026 07:05PM ET,ATL,NYY,away,8.68,686948,Drake Baldwin,mapped,identity_name_team_map,Stable identity seed from old DK-ID map. Pilot join status: matched via normalized_name_team
2026-08-07,2026-08-07T14:33:53.319605+00:00,2026-08-07,DraftKings official lineup CSV,https://www.draftkings.com/lineup/getavailableplayerscsv?contestTypeId=9&draftGroupId=151692,151692,9,Selected largest-prize regular Classic MLB draft group after excluding Turbo/Night/qualifier/satellite/showdown/snake/single-stat slates.,OF,Jackson Merrill (43772581),Jackson Merrill,43772581,OF,4700,HOU@SD 08/07/2026 09:40PM ET,08/07/2026 09:40PM ET,SD,HOU,home,7.69,701538,Jackson Merrill,mapped,identity_name_team_map,Stable identity seed from old DK-ID map. Pilot join status: matched via normalized_name_team
2026-08-07,2026-08-07T14:33:53.319605+00:00,2026-08-07,DraftKings official lineup CSV,https://www.draftkings.com/lineup/getavailableplayerscsv?contestTypeId=9&draftGroupId=151692,151692,9,Selected largest-prize regular Classic MLB draft group after excluding Turbo/Night/qualifier/satellite/showdown/snake/single-stat slates.,2B,Jazz Chisholm Jr. (43772582),Jazz Chisholm Jr.,43772582,2B,4700,ATL@NYY 08/07/2026 07:05PM ET,08/07/2026 07:05PM ET,NYY,ATL,home,7.89,,,needs_review_new_player,identity_name_team_map,No reviewed normalized-name/team identity alias; do not auto-guess.
2026-08-07,2026-08-07T14:33:53.319605+00:00,2026-08-07,DraftKings official lineup CSV,https://www.draftkings.com/lineup/getavailableplayerscsv?contestTypeId=9&draftGroupId=151692,151692,9,Selected largest-prize regular Classic MLB draft group after excluding Turbo/Night/qualifier/satellite/showdown/snake/single-stat slates.,OF,Julio Rodriguez (43772583),Julio Rodriguez,43772583,OF,4600,TB@SEA 08/07/2026 09:45PM ET,08/07/2026 09:45PM ET,SEA,TB,home,7.86,,,needs_review_new_player,identity_name_team_map,No reviewed normalized-name/team identity alias; do not auto-guess.
2026-08-07,2026-08-07T14:33:53.319605+00:00,2026-08-07,DraftKings official lineup CSV,https://www.draftkings.com/lineup/getavailableplayerscsv?contestTypeId=9&draftGroupId=151692,151692,9,Selected largest-prize regular Classic MLB draft group after excluding Turbo/Night/qualifier/satellite/showdown/snake/single-stat slates.,SS,Colson Montgomery (43772584),Colson Montgomery,43772584,SS,4600,CLE@CWS 08/07/2026 07:40PM ET,08/07/2026 07:40PM ET,CWS,CLE,home,7.52,695657,Colson Montgomery,mapped,identity_name_team_map,Stable identity seed from old DK-ID map. Pilot join status: matched via normalized_name_team
2026-08-07,2026-08-07T14:33:53.319605+00:00,2026-08-07,DraftKings official lineup CSV,https://www.draftkings.com/lineup/getavailableplayerscsv?contestTypeId=9&draftGroupId=151692,151692,9,Selected largest-prize regular Classic MLB draft group after excluding Turbo/Night/qualifier/satellite/showdown/snake/single-stat slates.,2B,Gleyber Torres (43772585),Gleyber Torres,43772585,2B,4600,DET@SF 08/07/2026 10:15PM ET,08/07/2026 10:15PM ET,DET,SF,away,7.83,650402,Gleyber Torres,mapped,identity_name_team_map,Proposed from review candidates; basis=exact normalized name + team; role-compatible; hr-distance-latest.json|statcast_batter_des_2026; confidence=high; sources=hr-distance-latest.json|statcast_batter_des_2026
2026-08-07,2026-08-07T14:33:53.319605+00:00,2026-08-07,DraftKings official lineup CSV,https://www.draftkings.com/lineup/getavailableplayerscsv?contestTypeId=9&draftGroupId=151692,151692,9,Selected largest-prize regular Classic MLB draft group after excluding Turbo/Night/qualifier/satellite/showdown/snake/single-stat slates.,1B/OF,Jac Caglianone (43772586),Jac Caglianone,43772586,1B/OF,4500,CHC@KC 08/07/2026 08:10PM ET,08/07/2026 08:10PM ET,KC,CHC,home,6.85,695506,Jac Caglianone,mapped,identity_name_team_map,Stable identity seed from old DK-ID map. Pilot join status: matched via normalized_name_team
2026-08-07,2026-08-07T14:33:53.319605+00:00,2026-08-07,DraftKings official lineup CSV,https://www.draftkings.com/lineup/getavailableplayerscsv?contestTypeId=9&draftGroupId=151692,151692,9,Selected largest-prize regular Classic MLB draft group after excluding Turbo/Night/qualifier/satellite/showdown/snake/single-stat slates.,OF,Ceddanne Rafaela (43772588),Ceddanne Rafaela,43772588,OF,4500,ATH@BOS 08/07/2026 07:10PM ET,08/07/2026 07:10PM ET,BOS,ATH,home,8.28,,,needs_review_new_player,identity_name_team_map,No reviewed normalized-name/team identity alias; do not auto-guess.
2026-08-07,2026-08-07T14:33:53.319605+00:00,2026-08-07,DraftKings official lineup CSV,https://www.draftkings.com/lineup/getavailableplayerscsv?contestTypeId=9&draftGroupId=151692,151692,9,Selected largest-prize regular Classic MLB draft group after excluding Turbo/Night/qualifier/satellite/showdown/snake/single-stat slates.,OF,Jake McCarthy (43772589),Jake McCarthy,43772589,OF,4500,COL@STL 08/07/2026 08:15PM ET,08/07/2026 08:15PM ET,COL,STL,away,8.36,664983,Jake McCarthy,mapped,identity_name_team_map,Stable identity seed from old DK-ID map. Pilot join status: matched via normalized_name_team
2026-08-07,2026-08-07T14:33:53.319605+00:00,2026-08-07,DraftKings official lineup CSV,https://www.draftkings.com/lineup/getavailableplayerscsv?contestTypeId=9&draftGroupId=151692,151692,9,Selected largest-prize regular Classic MLB draft group after excluding Turbo/Night/qualifier/satellite/showdown/snake/single-stat slates.,2B,Tommy Edman (43772590),Tommy Edman,43772590,2B,4500,LAD@ARI 08/07/2026 09:40PM ET,08/07/2026 09:40PM ET,LAD,ARI,away,7.2,,,needs_review_new_player,identity_name_team_map,No reviewed normalized-name/team identity alias; do not auto-guess.
2026-08-07,2026-08-07T14:33:53.319605+00:00,2026-08-07,DraftKings official lineup CSV,https://www.draftkings.com/lineup/getavailableplayerscsv?contestTypeId=9&draftGroupId=151692,151692,9,Selected largest-prize regular Classic MLB draft group after excluding Turbo/Night/qualifier/satellite/showdown/snake/single-stat slates.,SS,Corey Seager (43772591),Corey Seager,43772591,SS,4500,BAL@TEX 08/07/2026 08:15PM ET,08/07/2026 08:15PM ET,TEX,BAL,home,6.96,608369,Corey Seager,mapped,identity_name_team_map,Stable identity seed from old DK-ID map. Pilot join status: matched via normalized_name_team
2026-08-07,2026-08-07T14:33:53.319605+00:00,2026-08-07,DraftKings official lineup CSV,https://www.draftkings.com/lineup/getavailableplayerscsv?contestTypeId=9&draftGroupId=151692,151692,9,Selected largest-prize regular Classic MLB draft group after excluding Turbo/Night/qualifier/satellite/showdown/snake/single-stat slates.,OF,Tyler Soderstrom (43772592),Tyler Soderstrom,43772592,OF,4500,ATH@BOS 08/07/2026 07:10PM ET,08/07/2026 07:10PM ET,ATH,BOS,away,7.48,691016,Tyler Soderstrom,mapped,identity_name_team_map,Stable identity seed from old DK-ID map. Pilot join status: matched via normalized_name_team
2026-08-07,2026-08-07T14:33:53.319605+00:00,2026-08-07,DraftKings official lineup CSV,https://www.draftkings.com/lineup/getavailableplayerscsv?contestTypeId=9&draftGroupId=151692,151692,9,Selected largest-prize regular Classic MLB draft group after excluding Turbo/Night/qualifier/satellite/showdown/snake/single-stat slates.,C,William Contreras (43772593),William Contreras,43772593,C,4500,MIN@MIL 08/07/2026 07:40PM ET,08/07/2026 07:40PM ET,MIL,MIN,home,7.22,661388,William Contreras,mapped,identity_name_team_map,Stable identity seed from old DK-ID map. Pilot join status: matched via normalized_name_team
2026-08-07,2026-08-07T14:33:53.319605+00:00,2026-08-07,DraftKings official lineup CSV,https://www.draftkings.com/lineup/getavailableplayerscsv?contestTypeId=9&draftGroupId=151692,151692,9,Selected largest-prize regular Classic MLB draft group after excluding Turbo/Night/qualifier/satellite/showdown/snake/single-stat slates.,2B/3B,Curtis Mead (43772889),Curtis Mead,43772889,2B/3B,4500,ATH@BOS 08/07/2026 07:10PM ET,08/07/2026 07:10PM ET,BOS,ATH,home,7.8,678554,Curtis Mead,needs_review_team_change,identity_name_unique_mlbam,Name maps to one reviewed MLBAM identity but not this DK team; review as team-change/new alias before trusting automation.
2026-08-07,2026-08-07T14:33:53.319605+00:00,2026-08-07,DraftKings official lineup CSV,https://www.draftkings.com/lineup/getavailableplayerscsv?contestTypeId=9&draftGroupId=151692,151692,9,Selected largest-prize regular Classic MLB draft group after excluding Turbo/Night/qualifier/satellite/showdown/snake/single-stat slates.,2B,Travis Bazzana (43772594),Travis Bazzana,43772594,2B,4400,CLE@CWS 08/07/2026 07:40PM ET,08/07/2026 07:40PM ET,CLE,CWS,away,7.81,,,needs_review_new_player,identity_name_team_map,No reviewed normalized-name/team identity alias; do not auto-guess.
2026-08-07,2026-08-07T14:33:53.319605+00:00,2026-08-07,DraftKings official lineup CSV,https://www.draftkings.com/lineup/getavailableplayerscsv?contestTypeId=9&draftGroupId=151692,151692,9,Selected largest-prize regular Classic MLB draft group after excluding Turbo/Night/qualifier/satellite/showdown/snake/single-stat slates.,OF,Riley Greene (43772595),Riley Greene,43772595,OF,4400,DET@SF 08/07/2026 10:15PM ET,08/07/2026 10:15PM ET,DET,SF,away,7.7,682985,Riley Greene,mapped,identity_name_team_map,Proposed from review candidates; basis=exact normalized name + team; role-compatible; hr-distance-latest.json|statcast_batter_des_2026; confidence=high; sources=hr-distance-latest.json|statcast_batter_des_2026
2026-08-07,2026-08-07T14:33:53.319605+00:00,2026-08-07,DraftKings official lineup CSV,https://www.draftkings.com/lineup/getavailableplayerscsv?contestTypeId=9&draftGroupId=151692,151692,9,Selected largest-prize regular Classic MLB draft group after excluding Turbo/Night/qualifier/satellite/showdown/snake/single-stat slates.,OF,Cole Carrigg (43772596),Cole Carrigg,43772596,OF,4400,COL@STL 08/07/2026 08:15PM ET,08/07/2026 08:15PM ET,COL,STL,away,8.62,694249,Cole Carrigg,mapped,identity_name_team_map,Proposed from review candidates; basis=exact normalized name + team; role-compatible; statcast_batter_des_2026; confidence=high; sources=statcast_batter_des_2026
2026-08-07,2026-08-07T14:33:53.319605+00:00,2026-08-07,DraftKings official lineup CSV,https://www.draftkings.com/lineup/getavailableplayerscsv?contestTypeId=9&draftGroupId=151692,151692,9,Selected largest-prize regular Classic MLB draft group after excluding Turbo/Night/qualifier/satellite/showdown/snake/single-stat slates.,1B/C,Liam Hicks (43772597),Liam Hicks,43772597,C/1B,4400,TB@SEA 08/07/2026 09:45PM ET,08/07/2026 09:45PM ET,TB,SEA,away,7.73,689414,Liam Hicks,needs_review_team_change,identity_name_unique_mlbam,Name maps to one reviewed MLBAM identity but not this DK team; review as team-change/new alias before trusting automation.
2026-08-07,2026-08-07T14:33:53.319605+00:00,2026-08-07,DraftKings official lineup CSV,https://www.draftkings.com/lineup/getavailableplayerscsv?contestTypeId=9&draftGroupId=151692,151692,9,Selected largest-prize regular Classic MLB draft group after excluding Turbo/Night/qualifier/satellite/showdown/snake/single-stat slates.,OF,Wyatt Langford (43772599),Wyatt Langford,43772599,OF,4400,BAL@TEX 08/07/2026 08:15PM ET,08/07/2026 08:15PM ET,TEX,BAL,home,8.64,694671,Wyatt Langford,mapped,identity_name_team_map,Stable identity seed from old DK-ID map. Pilot join status: matched via normalized_name_team
2026-08-07,2026-08-07T14:33:53.319605+00:00,2026-08-07,DraftKings official lineup CSV,https://www.draftkings.com/lineup/getavailableplayerscsv?contestTypeId=9&draftGroupId=151692,151692,9,Selected largest-prize regular Classic MLB draft group after excluding Turbo/Night/qualifier/satellite/showdown/snake/single-stat slates.,OF,Roman Anthony (43772891),Roman Anthony,43772891,OF,4400,ATH@BOS 08/07/2026 07:10PM ET,08/07/2026 07:10PM ET,BOS,ATH,home,6.1,,,needs_review_new_player,identity_name_team_map,No reviewed normalized-name/team identity alias; do not auto-guess.
2026-08-07,2026-08-07T14:33:53.319605+00:00,2026-08-07,DraftKings official lineup CSV,https://www.draftkings.com/lineup/getavailableplayerscsv?contestTypeId=9&draftGroupId=151692,151692,9,Selected largest-prize regular Classic MLB draft group after excluding Turbo/Night/qualifier/satellite/showdown/snake/single-stat slates.,OF,Chase DeLauter (43772600),Chase DeLauter,43772600,OF,4300,CLE@CWS 08/07/2026 07:40PM ET,08/07/2026 07:40PM ET,CLE,CWS,away,7.78,,,needs_review_new_player,identity_name_team_map,No reviewed normalized-name/team identity alias; do not auto-guess.
2026-08-07,2026-08-07T14:33:53.319605+00:00,2026-08-07,DraftKings official lineup CSV,https://www.draftkings.com/lineup/getavailableplayerscsv?contestTypeId=9&draftGroupId=151692,151692,9,Selected largest-prize regular Classic MLB draft group after excluding Turbo/Night/qualifier/satellite/showdown/snake/single-stat slates.,SS,Otto Lopez (43772601),Otto Lopez,43772601,SS,4300,LAA@MIA 08/07/2026 07:10PM ET,08/07/2026 07:10PM ET,MIA,LAA,home,8.83,672640,Otto Lopez,mapped,identity_name_team_map,Proposed from review candidates; basis=exact normalized name + team; role-compatible; hr-distance-latest.json|statcast_batter_des_2026; confidence=high; sources=hr-distance-latest.json|statcast_batter_des_2026
2026-08-07,2026-08-07T14:33:53.319605+00:00,2026-08-07,DraftKings official lineup CSV,https://www.draftkings.com/lineup/getavailableplayerscsv?contestTypeId=9&draftGroupId=151692,151692,9,Selected largest-prize regular Classic MLB draft group after excluding Turbo/Night/qualifier/satellite/showdown/snake/single-stat slates.,3B,Alex Bregman (43772602),Alex Bregman,43772602,3B,4300,CHC@KC 08/07/2026 08:10PM ET,08/07/2026 08:10PM ET,CHC,KC,away,7.34,608324,Alex Bregman,mapped,identity_name_team_map,Stable identity seed from old DK-ID map. Pilot join status: matched via normalized_name_team
2026-08-07,2026-08-07T14:33:53.319605+00:00,2026-08-07,DraftKings official lineup CSV,https://www.draftkings.com/lineup/getavailableplayerscsv?contestTypeId=9&draftGroupId=151692,151692,9,Selected largest-prize regular Classic MLB draft group after excluding Turbo/Night/qualifier/satellite/showdown/snake/single-stat slates.,C,Gabriel Moreno (43772603),Gabriel Moreno,43772603,C,4300,LAD@ARI 08/07/2026 09:40PM ET,08/07/2026 09:40PM ET,ARI,LAD,home,7.77,,,needs_review_new_player,identity_name_team_map,No reviewed normalized-name/team identity alias; do not auto-guess.
2026-08-07,2026-08-07T14:33:53.319605+00:00,2026-08-07,DraftKings official lineup CSV,https://www.draftkings.com/lineup/getavailableplayerscsv?contestTypeId=9&draftGroupId=151692,151692,9,Selected largest-prize regular Classic MLB draft group after excluding Turbo/Night/qualifier/satellite/showdown/snake/single-stat slates.,OF,Jonny DeLuca (43772604),Jonny DeLuca,43772604,OF,4300,TB@SEA 08/07/2026 09:45PM ET,08/07/2026 09:45PM ET,TB,SEA,away,6.4,,,needs_review_new_player,identity_name_team_map,No reviewed normalized-name/team identity alias; do not auto-guess.
2026-08-07,2026-08-07T14:33:53.319605+00:00,2026-08-07,DraftKings official lineup CSV,https://www.draftkings.com/lineup/getavailableplayerscsv?contestTypeId=9&draftGroupId=151692,151692,9,Selected largest-prize regular Classic MLB draft group after excluding Turbo/Night/qualifier/satellite/showdown/snake/single-stat slates.,OF,Sam Antonacci (43772605),Sam Antonacci,43772605,OF,4300,CLE@CWS 08/07/2026 07:40PM ET,08/07/2026 07:40PM ET,CWS,CLE,home,7.63,803011,Sam Antonacci,mapped,identity_name_team_map,Stable identity seed from old DK-ID map. Pilot join status: matched via normalized_name_team
2026-08-07,2026-08-07T14:33:53.319605+00:00,2026-08-07,DraftKings official lineup CSV,https://www.draftkings.com/lineup/getavailableplayerscsv?contestTypeId=9&draftGroupId=151692,151692,9,Selected largest-prize regular Classic MLB draft group after excluding Turbo/Night/qualifier/satellite/showdown/snake/single-stat slates.,1B,Spencer Torkelson (43772606),Spencer Torkelson,43772606,1B,4300,DET@SF 08/07/2026 10:15PM ET,08/07/2026 10:15PM ET,DET,SF,away,6.65,679529,Spencer Torkelson,mapped,identity_name_team_map,Proposed from review candidates; basis=exact normalized name + team; role-compatible; hr-distance-latest.json|statcast_batter_des_2026; confidence=high; sources=hr-distance-latest.json|statcast_batter_des_2026
2026-08-07,2026-08-07T14:33:53.319605+00:00,2026-08-07,DraftKings official lineup CSV,https://www.draftkings.com/lineup/getavailableplayerscsv?contestTypeId=9&draftGroupId=151692,151692,9,Selected largest-prize regular Classic MLB draft group after excluding Turbo/Night/qualifier/satellite/showdown/snake/single-stat slates.,C,Shea Langeliers (43772892),Shea Langeliers,43772892,C,4300,ATH@BOS 08/07/2026 07:10PM ET,08/07/2026 07:10PM ET,ATH,BOS,away,8.56,669127,Shea Langeliers,mapped,identity_name_team_map,Stable identity seed from old DK-ID map. Pilot join status: matched via normalized_name_team
2026-08-07,2026-08-07T14:33:53.319605+00:00,2026-08-07,DraftKings official lineup CSV,https://www.draftkings.com/lineup/getavailableplayerscsv?contestTypeId=9&draftGroupId=151692,151692,9,Selected largest-prize regular Classic MLB draft group after excluding Turbo/Night/qualifier/satellite/showdown/snake/single-stat slates.,3B,Jordan Westburg (43772893),Jordan Westburg,43772893,3B,4300,BAL@TEX 08/07/2026 08:15PM ET,08/07/2026 08:15PM ET,BAL,TEX,away,0,,,needs_review_new_player,identity_name_team_map,No reviewed normalized-name/team identity alias; do not auto-guess.
2026-08-07,2026-08-07T14:33:53.319605+00:00,2026-08-07,DraftKings official lineup CSV,https://www.draftkings.com/lineup/getavailableplayerscsv?contestTypeId=9&draftGroupId=151692,151692,9,Selected largest-prize regular Classic MLB draft group after excluding Turbo/Night/qualifier/satellite/showdown/snake/single-stat slates.,OF,Cody Bellinger (43772894),Cody Bellinger,43772894,OF,4300,ATL@NYY 08/07/2026 07:05PM ET,08/07/2026 07:05PM ET,NYY,ATL,home,7.79,,,needs_review_new_player,identity_name_team_map,No reviewed normalized-name/team identity alias; do not auto-guess.
2026-08-07,2026-08-07T14:33:53.319605+00:00,2026-08-07,DraftKings official lineup CSV,https://www.draftkings.com/lineup/getavailableplayerscsv?contestTypeId=9&draftGroupId=151692,151692,9,Selected largest-prize regular Classic MLB draft group after excluding Turbo/Night/qualifier/satellite/showdown/snake/single-stat slates.,C,Ivan Herrera (43772607),Ivan Herrera,43772607,C,4200,COL@STL 08/07/2026 08:15PM ET,08/07/2026 08:15PM ET,STL,COL,home,7.46,671056,Iván Herrera,mapped,identity_name_team_map,Stable identity seed from old DK-ID map. Pilot join status: matched via normalized_name_team
2026-08-07,2026-08-07T14:33:53.319605+00:00,2026-08-07,DraftKings official lineup CSV,https://www.draftkings.com/lineup/getavailableplayerscsv?contestTypeId=9&draftGroupId=151692,151692,9,Selected largest-prize regular Classic MLB draft group after excluding Turbo/Night/qualifier/satellite/showdown/snake/single-stat slates.,1B,Jonathan Aranda (43772608),Jonathan Aranda,43772608,1B,4200,TB@SEA 08/07/2026 09:45PM ET,08/07/2026 09:45PM ET,TB,SEA,away,7.82,,,needs_review_new_player,identity_name_team_map,No reviewed normalized-name/team identity alias; do not auto-guess.
2026-08-07,2026-08-07T14:33:53.319605+00:00,2026-08-07,DraftKings official lineup CSV,https://www.draftkings.com/lineup/getavailableplayerscsv?contestTypeId=9&draftGroupId=151692,151692,9,Selected largest-prize regular Classic MLB draft group after excluding Turbo/Night/qualifier/satellite/showdown/snake/single-stat slates.,SS,Mookie Betts (43772609),Mookie Betts,43772609,SS,4200,LAD@ARI 08/07/2026 09:40PM ET,08/07/2026 09:40PM ET,LAD,ARI,away,6.88,,,needs_review_new_player,identity_name_team_map,No reviewed normalized-name/team identity alias; do not auto-guess.
2026-08-07,2026-08-07T14:33:53.319605+00:00,2026-08-07,DraftKings official lineup CSV,https://www.draftkings.com/lineup/getavailableplayerscsv?contestTypeId=9&draftGroupId=151692,151692,9,Selected largest-prize regular Classic MLB draft group after excluding Turbo/Night/qualifier/satellite/showdown/snake/single-stat slates.,OF,Taylor Ward (43772610),Taylor Ward,43772610,OF,4200,TB@SEA 08/07/2026 09:45PM ET,08/07/2026 09:45PM ET,SEA,TB,home,6.95,,,needs_review_new_player,identity_name_team_map,No reviewed normalized-name/team identity alias; do not auto-guess.
2026-08-07,2026-08-07T14:33:53.319605+00:00,2026-08-07,DraftKings official lineup CSV,https://www.draftkings.com/lineup/getavailableplayerscsv?contestTypeId=9&draftGroupId=151692,151692,9,Selected largest-prize regular Classic MLB draft group after excluding Turbo/Night/qualifier/satellite/showdown/snake/single-stat slates.,1B,Rafael Devers (43772611),Rafael Devers,43772611,1B,4200,DET@SF 08/07/2026 10:15PM ET,08/07/2026 10:15PM ET,SF,DET,home,7.7,646240,Rafael Devers,mapped,identity_name_team_map,Stable identity seed from old DK-ID map. Pilot join status: matched via normalized_name_team
2026-08-07,2026-08-07T14:33:53.319605+00:00,2026-08-07,DraftKings official lineup CSV,https://www.draftkings.com/lineup/getavailableplayerscsv?contestTypeId=9&draftGroupId=151692,151692,9,Selected largest-prize regular Classic MLB draft group after excluding Turbo/Night/qualifier/satellite/showdown/snake/single-stat slates.,OF,Garrett Mitchell (43772612),Garrett Mitchell,43772612,OF,4200,MIN@MIL 08/07/2026 07:40PM ET,08/07/2026 07:40PM ET,MIL,MIN,home,6.96,669003,Garrett Mitchell,mapped,identity_name_team_map,Stable identity seed from old DK-ID map. Pilot join status: matched via normalized_name_team
2026-08-07,2026-08-07T14:33:53.319605+00:00,2026-08-07,DraftKings official lineup CSV,https://www.draftkings.com/lineup/getavailableplayerscsv?contestTypeId=9&draftGroupId=151692,151692,9,Selected largest-prize regular Classic MLB draft group after excluding Turbo/Night/qualifier/satellite/showdown/snake/single-stat slates.,OF,Michael Harris II (43772613),Michael Harris II,43772613,OF,4200,ATL@NYY 08/07/2026 07:05PM ET,08/07/2026 07:05PM ET,ATL,NYY,away,8.03,671739,Michael Harris II,mapped,identity_name_team_map,Stable identity seed from old DK-ID map. Pilot join status: matched via normalized_name_team
2026-08-07,2026-08-07T14:33:53.319605+00:00,2026-08-07,DraftKings official lineup CSV,https://www.draftkings.com/lineup/getavailableplayerscsv?contestTypeId=9&draftGroupId=151692,151692,9,Selected largest-prize regular Classic MLB draft group after excluding Turbo/Night/qualifier/satellite/showdown/snake/single-stat slates.,OF,Trent Grisham (43772614),Trent Grisham,43772614,OF,4200,ATL@NYY 08/07/2026 07:05PM ET,08/07/2026 07:05PM ET,NYY,ATL,home,6.9,,,needs_review_new_player,identity_name_team_map,No reviewed normalized-name/team identity alias; do not auto-guess.
2026-08-07,2026-08-07T14:33:53.319605+00:00,2026-08-07,DraftKings official lineup CSV,https://www.draftkings.com/lineup/getavailableplayerscsv?contestTypeId=9&draftGroupId=151692,151692,9,Selected largest-prize regular Classic MLB draft group after excluding Turbo/Night/qualifier/satellite/showdown/snake/single-stat slates.,2B,Ozzie Albies (43772615),Ozzie Albies,43772615,2B,4200,ATL@NYY 08/07/2026 07:05PM ET,08/07/2026 07:05PM ET,ATL,NYY,away,7.63,645277,Ozzie Albies,mapped,identity_name_team_map,Stable identity seed from old DK-ID map. Pilot join status: matched via normalized_name_team
2026-08-07,2026-08-07T14:33:53.319605+00:00,2026-08-07,DraftKings official lineup CSV,https://www.draftkings.com/lineup/getavailableplayerscsv?contestTypeId=9&draftGroupId=151692,151692,9,Selected largest-prize regular Classic MLB draft group after excluding Turbo/Night/qualifier/satellite/showdown/snake/single-stat slates.,3B,Christian Encarnacion-Strand (43772616),Christian Encarnacion-Strand,43772616,3B,4200,BAL@TEX 08/07/2026 08:15PM ET,08/07/2026 08:15PM ET,BAL,TEX,away,7.5,,,needs_review_new_player,identity_name_team_map,No reviewed normalized-name/team identity alias; do not auto-guess.
2026-08-07,2026-08-07T14:33:53.319605+00:00,2026-08-07,DraftKings official lineup CSV,https://www.draftkings.com/lineup/getavailableplayerscsv?contestTypeId=9&draftGroupId=151692,151692,9,Selected largest-prize regular Classic MLB draft group after excluding Turbo/Night/qualifier/satellite/showdown/snake/single-stat slates.,3B/SS,Maikel Garcia (43772895),Maikel Garcia,43772895,3B/SS,4200,CHC@KC 08/07/2026 08:10PM ET,08/07/2026 08:10PM ET,KC,CHC,home,6.84,672580,Maikel Garcia,mapped,identity_name_team_map,Stable identity seed from old DK-ID map. Pilot join status: matched via normalized_name_team
2026-08-07,2026-08-07T14:33:53.319605+00:00,2026-08-07,DraftKings official lineup CSV,https://www.draftkings.com/lineup/getavailableplayerscsv?contestTypeId=9&draftGroupId=151692,151692,9,Selected largest-prize regular Classic MLB draft group after excluding Turbo/Night/qualifier/satellite/showdown/snake/single-stat slates.,C,Adley Rutschman (43772897),Adley Rutschman,43772897,C,4200,ATH@BOS 08/07/2026 07:10PM ET,08/07/2026 07:10PM ET,BOS,ATH,home,7.51,,,needs_review_new_player,identity_name_team_map,No reviewed normalized-name/team identity alias; do not auto-guess.
2026-08-07,2026-08-07T14:33:53.319605+00:00,2026-08-07,DraftKings official lineup CSV,https://www.draftkings.com/lineup/getavailableplayerscsv?contestTypeId=9&draftGroupId=151692,151692,9,Selected largest-prize regular Classic MLB draft group after excluding Turbo/Night/qualifier/satellite/showdown/snake/single-stat slates.,3B,Josh Jung (43772898),Josh Jung,43772898,3B,4200,BAL@TEX 08/07/2026 08:15PM ET,08/07/2026 08:15PM ET,TEX,BAL,home,7.29,673962,Josh Jung,mapped,identity_name_team_map,Stable identity seed from old DK-ID map. Pilot join status: matched via normalized_name_team
2026-08-07,2026-08-07T14:33:53.319605+00:00,2026-08-07,DraftKings official lineup CSV,https://www.draftkings.com/lineup/getavailableplayerscsv?contestTypeId=9&draftGroupId=151692,151692,9,Selected largest-prize regular Classic MLB draft group after excluding Turbo/Night/qualifier/satellite/showdown/snake/single-stat slates.,OF,Giancarlo Stanton (43772899),Giancarlo Stanton,43772899,OF,4200,ATL@NYY 08/07/2026 07:05PM ET,08/07/2026 07:05PM ET,NYY,ATL,home,6.79,,,needs_review_new_player,identity_name_team_map,No reviewed normalized-name/team identity alias; do not auto-guess.
2026-08-07,2026-08-07T14:33:53.319605+00:00,2026-08-07,DraftKings official lineup CSV,https://www.draftkings.com/lineup/getavailableplayerscsv?contestTypeId=9&draftGroupId=151692,151692,9,Selected largest-prize regular Classic MLB draft group after excluding Turbo/Night/qualifier/satellite/showdown/snake/single-stat slates.,1B,Ty France (43772617),Ty France,43772617,1B,4100,HOU@SD 08/07/2026 09:40PM ET,08/07/2026 09:40PM ET,SD,HOU,home,7.04,664034,Ty France,mapped,identity_name_team_map,Stable identity seed from old DK-ID map. Pilot join status: matched via normalized_name_team
2026-08-07,2026-08-07T14:33:53.319605+00:00,2026-08-07,DraftKings official lineup CSV,https://www.draftkings.com/lineup/getavailableplayerscsv?contestTypeId=9&draftGroupId=151692,151692,9,Selected largest-prize regular Classic MLB draft group after excluding Turbo/Night/qualifier/satellite/showdown/snake/single-stat slates.,2B/3B,Willi Castro (43772618),Willi Castro,43772618,2B/3B,4100,COL@STL 08/07/2026 08:15PM ET,08/07/2026 08:15PM ET,COL,STL,away,7.3,650489,Willi Castro,mapped,identity_name_team_map,Stable identity seed from old DK-ID map. Pilot join status: matched via normalized_name_team
2026-08-07,2026-08-07T14:33:53.319605+00:00,2026-08-07,DraftKings official lineup CSV,https://www.draftkings.com/lineup/getavailableplayerscsv?contestTypeId=9&draftGroupId=151692,151692,9,Selected largest-prize regular Classic MLB draft group after excluding Turbo/Night/qualifier/satellite/showdown/snake/single-stat slates.,OF,Chandler Simpson (43772620),Chandler Simpson,43772620,OF,4100,TB@SEA 08/07/2026 09:45PM ET,08/07/2026 09:45PM ET,TB,SEA,away,6.83,,,needs_review_new_player,identity_name_team_map,No reviewed normalized-name/team identity alias; do not auto-guess.
2026-08-07,2026-08-07T14:33:53.319605+00:00,2026-08-07,DraftKings official lineup CSV,https://www.draftkings.com/lineup/getavailableplayerscsv?contestTypeId=9&draftGroupId=151692,151692,9,Selected largest-prize regular Classic MLB draft group after excluding Turbo/Night/qualifier/satellite/showdown/snake/single-stat slates.,1B,Michael Busch (43772621),Michael Busch,43772621,1B,4100,CHC@KC 08/07/2026 08:10PM ET,08/07/2026 08:10PM ET,CHC,KC,away,7.4,683737,Michael Busch,mapped,identity_name_team_map,Stable identity seed from old DK-ID map. Pilot join status: matched via normalized_name_team
2026-08-07,2026-08-07T14:33:53.319605+00:00,2026-08-07,DraftKings official lineup CSV,https://www.draftkings.com/lineup/getavailableplayerscsv?contestTypeId=9&draftGroupId=151692,151692,9,Selected largest-prize regular Classic MLB draft group after excluding Turbo/Night/qualifier/satellite/showdown/snake/single-stat slates.,SS,Geraldo Perdomo (43772622),Geraldo Perdomo,43772622,SS,4100,LAD@ARI 08/07/2026 09:40PM ET,08/07/2026 09:40PM ET,ARI,LAD,home,7.38,,,needs_review_new_player,identity_name_team_map,No reviewed normalized-name/team identity alias; do not auto-guess.
2026-08-07,2026-08-07T14:33:53.319605+00:00,2026-08-07,DraftKings official lineup CSV,https://www.draftkings.com/lineup/getavailableplayerscsv?contestTypeId=9&draftGroupId=151692,151692,9,Selected largest-prize regular Classic MLB draft group after excluding Turbo/Night/qualifier/satellite/showdown/snake/single-stat slates.,3B/OF,Zack Gelof (43772900),Zack Gelof,43772900,3B/OF,4100,ATH@BOS 08/07/2026 07:10PM ET,08/07/2026 07:10PM ET,ATH,BOS,away,7.55,680869,Zack Gelof,mapped,identity_name_team_map,Stable identity seed from old DK-ID map. Pilot join status: matched via normalized_name_team
2026-08-07,2026-08-07T14:33:53.319605+00:00,2026-08-07,DraftKings official lineup CSV,https://www.draftkings.com/lineup/getavailableplayerscsv?contestTypeId=9&draftGroupId=151692,151692,9,Selected largest-prize regular Classic MLB draft group after excluding Turbo/Night/qualifier/satellite/showdown/snake/single-stat slates.,C,Eduardo Valencia (43772623),Eduardo Valencia,43772623,C,4000,DET@SF 08/07/2026 10:15PM ET,08/07/2026 10:15PM ET,DET,SF,away,9.83,680664,Eduardo Valencia,mapped,identity_name_team_map,Proposed from review candidates; basis=exact normalized name + team; role-compatible; statcast_batter_des_2026; confidence=high; sources=statcast_batter_des_2026
2026-08-07,2026-08-07T14:33:53.319605+00:00,2026-08-07,DraftKings official lineup CSV,https://www.draftkings.com/lineup/getavailableplayerscsv?contestTypeId=9&draftGroupId=151692,151692,9,Selected largest-prize regular Classic MLB draft group after excluding Turbo/Night/qualifier/satellite/showdown/snake/single-stat slates.,1B,TJ Rumfield (43772624),TJ Rumfield,43772624,1B,4000,COL@STL 08/07/2026 08:15PM ET,08/07/2026 08:15PM ET,COL,STL,away,7.35,681198,TJ Rumfield,mapped,identity_name_team_map,Stable identity seed from old DK-ID map. Pilot join status: matched via normalized_name_team
2026-08-07,2026-08-07T14:33:53.319605+00:00,2026-08-07,DraftKings official lineup CSV,https://www.draftkings.com/lineup/getavailableplayerscsv?contestTypeId=9&draftGroupId=151692,151692,9,Selected largest-prize regular Classic MLB draft group after excluding Turbo/Night/qualifier/satellite/showdown/snake/single-stat slates.,OF,Kyle Tucker (43772625),Kyle Tucker,43772625,OF,4000,LAD@ARI 08/07/2026 09:40PM ET,08/07/2026 09:40PM ET,LAD,ARI,away,7.17,,,needs_review_new_player,identity_name_team_map,No reviewed normalized-name/team identity alias; do not auto-guess.
2026-08-07,2026-08-07T14:33:53.319605+00:00,2026-08-07,DraftKings official lineup CSV,https://www.draftkings.com/lineup/getavailableplayerscsv?contestTypeId=9&draftGroupId=151692,151692,9,Selected largest-prize regular Classic MLB draft group after excluding Turbo/Night/qualifier/satellite/showdown/snake/single-stat slates.,OF,Angel Martinez (43772626),Angel Martinez,43772626,OF,4000,CLE@CWS 08/07/2026 07:40PM ET,08/07/2026 07:40PM ET,CLE,CWS,away,6.34,,,needs_review_new_player,identity_name_team_map,No reviewed normalized-name/team identity alias; do not auto-guess.
2026-08-07,2026-08-07T14:33:53.319605+00:00,2026-08-07,DraftKings official lineup CSV,https://www.draftkings.com/lineup/getavailableplayerscsv?contestTypeId=9&draftGroupId=151692,151692,9,Selected largest-prize regular Classic MLB draft group after excluding Turbo/Night/qualifier/satellite/showdown/snake/single-stat slates.,1B,Kyle Stowers (43772627),Kyle Stowers,43772627,1B,4000,LAA@MIA 08/07/2026 07:10PM ET,08/07/2026 07:10PM ET,MIA,LAA,home,7.46,669065,Kyle Stowers,mapped,identity_name_team_map,Proposed from review candidates; basis=exact normalized name + team; role-compatible; hr-distance-latest.json|statcast_batter_des_2026; confidence=high; sources=hr-distance-latest.json|statcast_batter_des_2026
2026-08-07,2026-08-07T14:33:53.319605+00:00,2026-08-07,DraftKings official lineup CSV,https://www.draftkings.com/lineup/getavailableplayerscsv?contestTypeId=9&draftGroupId=151692,151692,9,Selected largest-prize regular Classic MLB draft group after excluding Turbo/Night/qualifier/satellite/showdown/snake/single-stat slates.,SS,Willy Adames (43772628),Willy Adames,43772628,SS,4000,DET@SF 08/07/2026 10:15PM ET,08/07/2026 10:15PM ET,SF,DET,home,6.9,642715,Willy Adames,mapped,identity_name_team_map,Stable identity seed from old DK-ID map. Pilot join status: matched via normalized_name_team
2026-08-07,2026-08-07T14:33:53.319605+00:00,2026-08-07,DraftKings official lineup CSV,https://www.draftkings.com/lineup/getavailableplayerscsv?contestTypeId=9&draftGroupId=151692,151692,9,Selected largest-prize regular Classic MLB draft group after excluding Turbo/Night/qualifier/satellite/showdown/snake/single-stat slates.,SS,Jacob Wilson (43772629),Jacob Wilson,43772629,SS,4000,ATH@BOS 08/07/2026 07:10PM ET,08/07/2026 07:10PM ET,ATH,BOS,away,6.93,805779,Jacob Wilson,mapped,identity_name_team_map,Stable identity seed from old DK-ID map. Pilot join status: matched via normalized_name_team
2026-08-07,2026-08-07T14:33:53.319605+00:00,2026-08-07,DraftKings official lineup CSV,https://www.draftkings.com/lineup/getavailableplayerscsv?contestTypeId=9&draftGroupId=151692,151692,9,Selected largest-prize regular Classic MLB draft group after excluding Turbo/Night/qualifier/satellite/showdown/snake/single-stat slates.,OF,Heliot Ramos (43772630),Heliot Ramos,43772630,OF,4000,ATL@NYY 08/07/2026 07:05PM ET,08/07/2026 07:05PM ET,NYY,ATL,home,6.95,671218,Heliot Ramos,needs_review_team_change,identity_name_unique_mlbam,Name maps to one reviewed MLBAM identity but not this DK team; review as team-change/new alias before trusting automation.
2026-08-07,2026-08-07T14:33:53.319605+00:00,2026-08-07,DraftKings official lineup CSV,https://www.draftkings.com/lineup/getavailableplayerscsv?contestTypeId=9&draftGroupId=151692,151692,9,Selected largest-prize regular Classic MLB draft group after excluding Turbo/Night/qualifier/satellite/showdown/snake/single-stat slates.,3B,Isaac Paredes (43772631),Isaac Paredes,43772631,3B,4000,HOU@SD 08/07/2026 09:40PM ET,08/07/2026 09:40PM ET,HOU,SD,away,7.09,670623,Isaac Paredes,mapped,identity_name_team_map,Stable identity seed from old DK-ID map. Pilot join status: matched via normalized_name_team
2026-08-07,2026-08-07T14:33:53.319605+00:00,2026-08-07,DraftKings official lineup CSV,https://www.draftkings.com/lineup/getavailableplayerscsv?contestTypeId=9&draftGroupId=151692,151692,9,Selected largest-prize regular Classic MLB draft group after excluding Turbo/Night/qualifier/satellite/showdown/snake/single-stat slates.,OF,Ian Happ (43772632),Ian Happ,43772632,OF,4000,CHC@KC 08/07/2026 08:10PM ET,08/07/2026 08:10PM ET,CHC,KC,away,7.32,664023,Ian Happ,mapped,identity_name_team_map,Stable identity seed from old DK-ID map. Pilot join status: matched via normalized_name_team
2026-08-07,2026-08-07T14:33:53.319605+00:00,2026-08-07,DraftKings official lineup CSV,https://www.draftkings.com/lineup/getavailableplayerscsv?contestTypeId=9&draftGroupId=151692,151692,9,Selected largest-prize regular Classic MLB draft group after excluding Turbo/Night/qualifier/satellite/showdown/snake/single-stat slates.,OF,Luis Rengifo (43772633),Luis Rengifo,43772633,OF,4000,HOU@SD 08/07/2026 09:40PM ET,08/07/2026 09:40PM ET,SD,HOU,home,5.57,650859,Luis Rengifo,needs_review_team_change,identity_name_unique_mlbam,Name maps to one reviewed MLBAM identity but not this DK team; review as team-change/new alias before trusting automation.
2026-08-07,2026-08-07T14:33:53.319605+00:00,2026-08-07,DraftKings official lineup CSV,https://www.draftkings.com/lineup/getavailableplayerscsv?contestTypeId=9&draftGroupId=151692,151692,9,Selected largest-prize regular Classic MLB draft group after excluding Turbo/Night/qualifier/satellite/showdown/snake/single-stat slates.,1B/2B,Royce Lewis (43772634),Royce Lewis,43772634,1B/2B,4000,MIN@MIL 08/07/2026 07:40PM ET,08/07/2026 07:40PM ET,MIN,MIL,away,7.43,668904,Royce Lewis,mapped,identity_name_team_map,Proposed from review candidates; basis=exact normalized name + team; role-compatible; statcast_batter_des_2026; confidence=high; sources=statcast_batter_des_2026
2026-08-07,2026-08-07T14:33:53.319605+00:00,2026-08-07,DraftKings official lineup CSV,https://www.draftkings.com/lineup/getavailableplayerscsv?contestTypeId=9&draftGroupId=151692,151692,9,Selected largest-prize regular Classic MLB draft group after excluding Turbo/Night/qualifier/satellite/showdown/snake/single-stat slates.,1B,Vinnie Pasquantino (43772902),Vinnie Pasquantino,43772902,1B,4000,CHC@KC 08/07/2026 08:10PM ET,08/07/2026 08:10PM ET,KC,CHC,home,6.46,686469,Vinnie Pasquantino,mapped,identity_name_team_map,Stable identity seed from old DK-ID map. Pilot join status: matched via normalized_name_team
2026-08-07,2026-08-07T14:33:53.319605+00:00,2026-08-07,DraftKings official lineup CSV,https://www.draftkings.com/lineup/getavailableplayerscsv?contestTypeId=9&draftGroupId=151692,151692,9,Selected largest-prize regular Classic MLB draft group after excluding Turbo/Night/qualifier/satellite/showdown/snake/single-stat slates.,C,Will Smith (43772903),Will Smith,43772903,C,4000,LAD@ARI 08/07/2026 09:40PM ET,08/07/2026 09:40PM ET,LAD,ARI,away,6.21,,,needs_review_new_player,identity_name_team_map,No reviewed normalized-name/team identity alias; do not auto-guess.
2026-08-07,2026-08-07T14:33:53.319605+00:00,2026-08-07,DraftKings official lineup CSV,https://www.draftkings.com/lineup/getavailableplayerscsv?contestTypeId=9&draftGroupId=151692,151692,9,Selected largest-prize regular Classic MLB draft group after excluding Turbo/Night/qualifier/satellite/showdown/snake/single-stat slates.,3B,Casey Schmitt (43772904),Casey Schmitt,43772904,3B,4000,DET@SF 08/07/2026 10:15PM ET,08/07/2026 10:15PM ET,SF,DET,home,8.02,669477,Casey Schmitt,mapped,identity_name_team_map,Stable identity seed from old DK-ID map. Pilot join status: matched via normalized_name_team
2026-08-07,2026-08-07T14:33:53.319605+00:00,2026-08-07,DraftKings official lineup CSV,https://www.draftkings.com/lineup/getavailableplayerscsv?contestTypeId=9&draftGroupId=151692,151692,9,Selected largest-prize regular Classic MLB draft group after excluding Turbo/Night/qualifier/satellite/showdown/snake/single-stat slates.,C,Samuel Basallo (43772905),Samuel Basallo,43772905,C,4000,BAL@TEX 08/07/2026 08:15PM ET,08/07/2026 08:15PM ET,BAL,TEX,away,6.43,,,needs_review_new_player,identity_name_team_map,No reviewed normalized-name/team identity alias; do not auto-guess.
2026-08-07,2026-08-07T14:33:53.319605+00:00,2026-08-07,DraftKings official lineup CSV,https://www.draftkings.com/lineup/getavailableplayerscsv?contestTypeId=9&draftGroupId=151692,151692,9,Selected largest-prize regular Classic MLB draft group after excluding Turbo/Night/qualifier/satellite/showdown/snake/single-stat slates.,RP,Jack Ralston (43773350),Jack Ralston,43773350,P,4000,LAA@MIA 08/07/2026 07:10PM ET,08/07/2026 07:10PM ET,MIA,LAA,home,0,,,needs_review_new_player,identity_name_team_map,No reviewed normalized-name/team identity alias; do not auto-guess.
2026-08-07,2026-08-07T14:33:53.319605+00:00,2026-08-07,DraftKings official lineup CSV,https://www.draftkings.com/lineup/getavailableplayerscsv?contestTypeId=9&draftGroupId=151692,151692,9,Selected largest-prize regular Classic MLB draft group after excluding Turbo/Night/qualifier/satellite/showdown/snake/single-stat slates.,RP,Tyler Beede (43773351),Tyler Beede,43773351,P,4000,CHC@KC 08/07/2026 08:10PM ET,08/07/2026 08:10PM ET,CHC,KC,away,0,,,needs_review_new_player,identity_name_team_map,No reviewed normalized-name/team identity alias; do not auto-guess.
2026-08-07,2026-08-07T14:33:53.319605+00:00,2026-08-07,DraftKings official lineup CSV,https://www.draftkings.com/lineup/getavailableplayerscsv?contestTypeId=9&draftGroupId=151692,151692,9,Selected largest-prize regular Classic MLB draft group after excluding Turbo/Night/qualifier/satellite/showdown/snake/single-stat slates.,RP,Garrett Hawkins (43773352),Garrett Hawkins,43773352,P,4000,HOU@SD 08/07/2026 09:40PM ET,08/07/2026 09:40PM ET,SD,HOU,home,0,678184,Garrett Hawkins,mapped,identity_name_team_map,Stable identity seed from old DK-ID map. Pilot join status: matched_people_search_name via mlb_people_search_normalized_name
2026-08-07,2026-08-07T14:33:53.319605+00:00,2026-08-07,DraftKings official lineup CSV,https://www.draftkings.com/lineup/getavailableplayerscsv?contestTypeId=9&draftGroupId=151692,151692,9,Selected largest-prize regular Classic MLB draft group after excluding Turbo/Night/qualifier/satellite/showdown/snake/single-stat slates.,RP,Yorman Gomez (43773353),Yorman Gomez,43773353,P,4000,CLE@CWS 08/07/2026 07:40PM ET,08/07/2026 07:40PM ET,CLE,CWS,away,0,,,needs_review_new_player,identity_name_team_map,No reviewed normalized-name/team identity alias; do not auto-guess.
2026-08-07,2026-08-07T14:33:53.319605+00:00,2026-08-07,DraftKings official lineup CSV,https://www.draftkings.com/lineup/getavailableplayerscsv?contestTypeId=9&draftGroupId=151692,151692,9,Selected largest-prize regular Classic MLB draft group after excluding Turbo/Night/qualifier/satellite/showdown/snake/single-stat slates.,RP,RJ Petit (43773354),RJ Petit,43773354,P,4000,COL@STL 08/07/2026 08:15PM ET,08/07/2026 08:15PM ET,COL,STL,away,0,696275,RJ Petit,mapped,identity_name_team_map,Stable identity seed from old DK-ID map. Pilot join status: matched_people_search_name via mlb_people_search_normalized_name
2026-08-07,2026-08-07T14:33:53.319605+00:00,2026-08-07,DraftKings official lineup CSV,https://www.draftkings.com/lineup/getavailableplayerscsv?contestTypeId=9&draftGroupId=151692,151692,9,Selected largest-prize regular Classic MLB draft group after excluding Turbo/Night/qualifier/satellite/showdown/snake/single-stat slates.,RP,Cameron Weston (43773355),Cameron Weston,43773355,P,4000,BAL@TEX 08/07/2026 08:15PM ET,08/07/2026 08:15PM ET,BAL,TEX,away,3.65,,,needs_review_new_player,identity_name_team_map,No reviewed normalized-name/team identity alias; do not auto-guess.
2026-08-07,2026-08-07T14:33:53.319605+00:00,2026-08-07,DraftKings official lineup CSV,https://www.draftkings.com/lineup/getavailableplayerscsv?contestTypeId=9&draftGroupId=151692,151692,9,Selected largest-prize regular Classic MLB draft group after excluding Turbo/Night/qualifier/satellite/showdown/snake/single-stat slates.,RP,Blake Walston (43773356),Blake Walston,43773356,P,4000,LAD@ARI 08/07/2026 09:40PM ET,08/07/2026 09:40PM ET,ARI,LAD,home,0,,,needs_review_new_player,identity_name_team_map,No reviewed normalized-name/team identity alias; do not auto-guess.
2026-08-07,2026-08-07T14:33:53.319605+00:00,2026-08-07,DraftKings official lineup CSV,https://www.draftkings.com/lineup/getavailableplayerscsv?contestTypeId=9&draftGroupId=151692,151692,9,Selected largest-prize regular Classic MLB draft group after excluding Turbo/Night/qualifier/satellite/showdown/snake/single-stat slates.,RP,Cooper Hjerpe (43773357),Cooper Hjerpe,43773357,P,4000,COL@STL 08/07/2026 08:15PM ET,08/07/2026 08:15PM ET,STL,COL,home,0,687309,Cooper Hjerpe,mapped,identity_name_team_map,Stable identity seed from old DK-ID map. Pilot join status: matched_people_search_name via mlb_people_search_normalized_name
2026-08-07,2026-08-07T14:33:53.319605+00:00,2026-08-07,DraftKings official lineup CSV,https://www.draftkings.com/lineup/getavailableplayerscsv?contestTypeId=9&draftGroupId=151692,151692,9,Selected largest-prize regular Classic MLB draft group after excluding Turbo/Night/qualifier/satellite/showdown/snake/single-stat slates.,RP,Robinson Ortiz (43773358),Robinson Ortiz,43773358,P,4000,TB@SEA 08/07/2026 09:45PM ET,08/07/2026 09:45PM ET,SEA,TB,home,0,,,needs_review_new_player,identity_name_team_map,No reviewed normalized-name/team identity alias; do not auto-guess.
2026-08-07,2026-08-07T14:33:53.319605+00:00,2026-08-07,DraftKings official lineup CSV,https://www.draftkings.com/lineup/getavailableplayerscsv?contestTypeId=9&draftGroupId=151692,151692,9,Selected largest-prize regular Classic MLB draft group after excluding Turbo/Night/qualifier/satellite/showdown/snake/single-stat slates.,SP,Drew Thorpe (43773359),Drew Thorpe,43773359,P,4000,CLE@CWS 08/07/2026 07:40PM ET,08/07/2026 07:40PM ET,CWS,CLE,home,0,689672,Drew Thorpe,mapped,identity_name_team_map,Stable identity seed from old DK-ID map. Pilot join status: matched_people_search_name via mlb_people_search_normalized_name
2026-08-07,2026-08-07T14:33:53.319605+00:00,2026-08-07,DraftKings official lineup CSV,https://www.draftkings.com/lineup/getavailableplayerscsv?contestTypeId=9&draftGroupId=151692,151692,9,Selected largest-prize regular Classic MLB draft group after excluding Turbo/Night/qualifier/satellite/showdown/snake/single-stat slates.,SP,Austin Peterson (43773360),Austin Peterson,43773360,P,4000,CLE@CWS 08/07/2026 07:40PM ET,08/07/2026 07:40PM ET,CLE,CWS,away,0,,,needs_review_new_player,identity_name_team_map,No reviewed normalized-name/team identity alias; do not auto-guess.
2026-08-07,2026-08-07T14:33:53.319605+00:00,2026-08-07,DraftKings official lineup CSV,https://www.draftkings.com/lineup/getavailableplayerscsv?contestTypeId=9&draftGroupId=151692,151692,9,Selected largest-prize regular Classic MLB draft group after excluding Turbo/Night/qualifier/satellite/showdown/snake/single-stat slates.,RP,James McArthur (43773361),James McArthur,43773361,P,4000,CHC@KC 08/07/2026 08:10PM ET,08/07/2026 08:10PM ET,KC,CHC,home,0,663704,James McArthur,mapped,identity_name_team_map,Stable identity seed from old DK-ID map. Pilot join status: matched_people_search_name via mlb_people_search_normalized_name
2026-08-07,2026-08-07T14:33:53.319605+00:00,2026-08-07,DraftKings official lineup CSV,https://www.draftkings.com/lineup/getavailableplayerscsv?contestTypeId=9&draftGroupId=151692,151692,9,Selected largest-prize regular Classic MLB draft group after excluding Turbo/Night/qualifier/satellite/showdown/snake/single-stat slates.,SP,Jackson Wolf (43773362),Jackson Wolf,43773362,P,4000,HOU@SD 08/07/2026 09:40PM ET,08/07/2026 09:40PM ET,SD,HOU,home,0,,,needs_review_new_player,identity_name_team_map,No reviewed normalized-name/team identity alias; do not auto-guess.
2026-08-07,2026-08-07T14:33:53.319605+00:00,2026-08-07,DraftKings official lineup CSV,https://www.draftkings.com/lineup/getavailableplayerscsv?contestTypeId=9&draftGroupId=151692,151692,9,Selected largest-prize regular Classic MLB draft group after excluding Turbo/Night/qualifier/satellite/showdown/snake/single-stat slates.,SP,Jake Miller (43773363),Jake Miller,43773363,P,4000,DET@SF 08/07/2026 10:15PM ET,08/07/2026 10:15PM ET,DET,SF,away,0,,,needs_review_new_player,identity_name_team_map,No reviewed normalized-name/team identity alias; do not auto-guess.
2026-08-07,2026-08-07T14:33:53.319605+00:00,2026-08-07,DraftKings official lineup CSV,https://www.draftkings.com/lineup/getavailableplayerscsv?contestTypeId=9&draftGroupId=151692,151692,9,Selected largest-prize regular Classic MLB draft group after excluding Turbo/Night/qualifier/satellite/showdown/snake/single-stat slates.,SP,Steven Zobac (43773364),Steven Zobac,43773364,P,4000,CHC@KC 08/07/2026 08:10PM ET,08/07/2026 08:10PM ET,KC,CHC,home,0,686632,Steven Zobac,mapped,identity_name_team_map,Stable identity seed from old DK-ID map. Pilot join status: matched_people_search_name via mlb_people_search_normalized_name
2026-08-07,2026-08-07T14:33:53.319605+00:00,2026-08-07,DraftKings official lineup CSV,https://www.draftkings.com/lineup/getavailableplayerscsv?contestTypeId=9&draftGroupId=151692,151692,9,Selected largest-prize regular Classic MLB draft group after excluding Turbo/Night/qualifier/satellite/showdown/snake/single-stat slates.,RP,Brusdar Graterol (43773365),Brusdar Graterol,43773365,P,4000,LAD@ARI 08/07/2026 09:40PM ET,08/07/2026 09:40PM ET,LAD,ARI,away,0,,,needs_review_new_player,identity_name_team_map,No reviewed normalized-name/team identity alias; do not auto-guess.
2026-08-07,2026-08-07T14:33:53.319605+00:00,2026-08-07,DraftKings official lineup CSV,https://www.draftkings.com/lineup/getavailableplayerscsv?contestTypeId=9&draftGroupId=151692,151692,9,Selected largest-prize regular Classic MLB draft group after excluding Turbo/Night/qualifier/satellite/showdown/snake/single-stat slates.,RP,Blake Weiman (43773366),Blake Weiman,43773366,P,4000,LAA@MIA 08/07/2026 07:10PM ET,08/07/2026 07:10PM ET,LAA,MIA,away,0,,,needs_review_new_player,identity_name_team_map,No reviewed normalized-name/team identity alias; do not auto-guess.
2026-08-07,2026-08-07T14:33:53.319605+00:00,2026-08-07,DraftKings official lineup CSV,https://www.draftkings.com/lineup/getavailableplayerscsv?contestTypeId=9&draftGroupId=151692,151692,9,Selected largest-prize regular Classic MLB draft group after excluding Turbo/Night/qualifier/satellite/showdown/snake/single-stat slates.,SP,Ky Bush (43773367),Ky Bush,43773367,P,4000,CLE@CWS 08/07/2026 07:40PM ET,08/07/2026 07:40PM ET,CWS,CLE,home,0,681066,Ky Bush,mapped,identity_name_team_map,Stable identity seed from old DK-ID map. Pilot join status: matched_people_search_name via mlb_people_search_normalized_name
2026-08-07,2026-08-07T14:33:53.319605+00:00,2026-08-07,DraftKings official lineup CSV,https://www.draftkings.com/lineup/getavailableplayerscsv?contestTypeId=9&draftGroupId=151692,151692,9,Selected largest-prize regular Classic MLB draft group after excluding Turbo/Night/qualifier/satellite/showdown/snake/single-stat slates.,RP,Rowan Wick (43773368),Rowan Wick,43773368,P,4000,DET@SF 08/07/2026 10:15PM ET,08/07/2026 10:15PM ET,SF,DET,home,0,592858,Rowan Wick,mapped,identity_name_team_map,Stable identity seed from old DK-ID map. Pilot join status: matched_people_search_name via mlb_people_search_normalized_name
2026-08-07,2026-08-07T14:33:53.319605+00:00,2026-08-07,DraftKings official lineup CSV,https://www.draftkings.com/lineup/getavailableplayerscsv?contestTypeId=9&draftGroupId=151692,151692,9,Selected largest-prize regular Classic MLB draft group after excluding Turbo/Night/qualifier/satellite/showdown/snake/single-stat slates.,SP,Chase Hampton (43773369),Chase Hampton,43773369,P,4000,ATL@NYY 08/07/2026 07:05PM ET,08/07/2026 07:05PM ET,NYY,ATL,home,0,,,needs_review_new_player,identity_name_team_map,No reviewed normalized-name/team identity alias; do not auto-guess.
2026-08-07,2026-08-07T14:33:53.319605+00:00,2026-08-07,DraftKings official lineup CSV,https://www.draftkings.com/lineup/getavailableplayerscsv?contestTypeId=9&draftGroupId=151692,151692,9,Selected largest-prize regular Classic MLB draft group after excluding Turbo/Night/qualifier/satellite/showdown/snake/single-stat slates.,RP,Ronan Kopp (43773370),Ronan Kopp,43773370,P,4000,LAD@ARI 08/07/2026 09:40PM ET,08/07/2026 09:40PM ET,LAD,ARI,away,0,,,needs_review_new_player,identity_name_team_map,No reviewed normalized-name/team identity alias; do not auto-guess.
2026-08-07,2026-08-07T14:33:53.319605+00:00,2026-08-07,DraftKings official lineup CSV,https://www.draftkings.com/lineup/getavailableplayerscsv?contestTypeId=9&draftGroupId=151692,151692,9,Selected largest-prize regular Classic MLB draft group after excluding Turbo/Night/qualifier/satellite/showdown/snake/single-stat slates.,SP,River Ryan (43773371),River Ryan,43773371,P,4000,DET@SF 08/07/2026 10:15PM ET,08/07/2026 10:15PM ET,DET,SF,away,0,,,needs_review_new_player,identity_name_team_map,No reviewed normalized-name/team identity alias; do not auto-guess.
2026-08-07,2026-08-07T14:33:53.319605+00:00,2026-08-07,DraftKings official lineup CSV,https://www.draftkings.com/lineup/getavailableplayerscsv?contestTypeId=9&draftGroupId=151692,151692,9,Selected largest-prize regular Classic MLB draft group after excluding Turbo/Night/qualifier/satellite/showdown/snake/single-stat slates.,RP,Parker Mushinski (43773372),Parker Mushinski,43773372,P,4000,COL@STL 08/07/2026 08:15PM ET,08/07/2026 08:15PM ET,COL,STL,away,1.65,,,needs_review_new_player,identity_name_team_map,No reviewed normalized-name/team identity alias; do not auto-guess.
2026-08-07,2026-08-07T14:33:53.319605+00:00,2026-08-07,DraftKings official lineup CSV,https://www.draftkings.com/lineup/getavailableplayerscsv?contestTypeId=9&draftGroupId=151692,151692,9,Selected largest-prize regular Classic MLB draft group after excluding Turbo/Night/qualifier/satellite/showdown/snake/single-stat slates.,RP,Eiberson Castellano (43773373),Eiberson Castellano,43773373,P,4000,COL@STL 08/07/2026 08:15PM ET,08/07/2026 08:15PM ET,COL,STL,away,7.75,,,needs_review_new_player,identity_name_team_map,No reviewed normalized-name/team identity alias; do not auto-guess.
2026-08-07,2026-08-07T14:33:53.319605+00:00,2026-08-07,DraftKings official lineup CSV,https://www.draftkings.com/lineup/getavailableplayerscsv?contestTypeId=9&draftGroupId=151692,151692,9,Selected largest-prize regular Classic MLB draft group after excluding Turbo/Night/qualifier/satellite/showdown/snake/single-stat slates.,RP,Prelander Berroa (43773374),Prelander Berroa,43773374,P,4000,CLE@CWS 08/07/2026 07:40PM ET,08/07/2026 07:40PM ET,CWS,CLE,home,0,672860,Prelander Berroa,mapped,identity_name_team_map,Stable identity seed from old DK-ID map. Pilot join status: matched_people_search_name via mlb_people_search_normalized_name
2026-08-07,2026-08-07T14:33:53.319605+00:00,2026-08-07,DraftKings official lineup CSV,https://www.draftkings.com/lineup/getavailableplayerscsv?contestTypeId=9&draftGroupId=151692,151692,9,Selected largest-prize regular Classic MLB draft group after excluding Turbo/Night/qualifier/satellite/showdown/snake/single-stat slates.,RP,Jake Cousins (43773375),Jake Cousins,43773375,P,4000,LAD@ARI 08/07/2026 09:40PM ET,08/07/2026 09:40PM ET,LAD,ARI,away,0,,,needs_review_new_player,identity_name_team_map,No reviewed normalized-name/team identity alias; do not auto-guess.
2026-08-07,2026-08-07T14:33:53.319605+00:00,2026-08-07,DraftKings official lineup CSV,https://www.draftkings.com/lineup/getavailableplayerscsv?contestTypeId=9&draftGroupId=151692,151692,9,Selected largest-prize regular Classic MLB draft group after excluding Turbo/Night/qualifier/satellite/showdown/snake/single-stat slates.,RP,Jon Heasley (43773376),Jon Heasley,43773376,P,4000,TB@SEA 08/07/2026 09:45PM ET,08/07/2026 09:45PM ET,TB,SEA,away,-1.8,,,needs_review_new_player,identity_name_team_map,No reviewed normalized-name/team identity alias; do not auto-guess.
2026-08-07,2026-08-07T14:33:53.319605+00:00,2026-08-07,DraftKings official lineup CSV,https://www.draftkings.com/lineup/getavailableplayerscsv?contestTypeId=9&draftGroupId=151692,151692,9,Selected largest-prize regular Classic MLB draft group after excluding Turbo/Night/qualifier/satellite/showdown/snake/single-stat slates.,SP,Braden Nett (43773377),Braden Nett,43773377,P,4000,ATH@BOS 08/07/2026 07:10PM ET,08/07/2026 07:10PM ET,ATH,BOS,away,0,804556,Braden Nett,mapped,identity_name_team_map,Stable identity seed from old DK-ID map. Pilot join status: matched_people_search_name via mlb_people_search_normalized_name
2026-08-07,2026-08-07T14:33:53.319605+00:00,2026-08-07,DraftKings official lineup CSV,https://www.draftkings.com/lineup/getavailableplayerscsv?contestTypeId=9&draftGroupId=151692,151692,9,Selected largest-prize regular Classic MLB draft group after excluding Turbo/Night/qualifier/satellite/showdown/snake/single-stat slates.,RP,Joe Jimenez (43773378),Joe Jimenez,43773378,P,4000,ATL@NYY 08/07/2026 07:05PM ET,08/07/2026 07:05PM ET,ATL,NYY,away,0,641729,Joe Jiménez,mapped,identity_name_team_map,Stable identity seed from old DK-ID map. Pilot join status: matched_people_search_name via mlb_people_search_normalized_name
2026-08-07,2026-08-07T14:33:53.319605+00:00,2026-08-07,DraftKings official lineup CSV,https://www.draftkings.com/lineup/getavailableplayerscsv?contestTypeId=9&draftGroupId=151692,151692,9,Selected largest-prize regular Classic MLB draft group after excluding Turbo/Night/qualifier/satellite/showdown/snake/single-stat slates.,RP,Bradley Hanner (43773379),Bradley Hanner,43773379,P,4000,ATL@NYY 08/07/2026 07:05PM ET,08/07/2026 07:05PM ET,NYY,ATL,home,0,,,needs_review_new_player,identity_name_team_map,No reviewed normalized-name/team identity alias; do not auto-guess.
2026-08-07,2026-08-07T14:33:53.319605+00:00,2026-08-07,DraftKings official lineup CSV,https://www.draftkings.com/lineup/getavailableplayerscsv?contestTypeId=9&draftGroupId=151692,151692,9,Selected largest-prize regular Classic MLB draft group after excluding Turbo/Night/qualifier/satellite/showdown/snake/single-stat slates.,SP,Henry Baez (43773380),Henry Baez,43773380,P,4000,ATH@BOS 08/07/2026 07:10PM ET,08/07/2026 07:10PM ET,ATH,BOS,away,0,692013,Henry Baez,mapped,identity_name_team_map,Stable identity seed from old DK-ID map. Pilot join status: matched_people_search_name via mlb_people_search_normalized_name
2026-08-07,2026-08-07T14:33:53.319605+00:00,2026-08-07,DraftKings official lineup CSV,https://www.draftkings.com/lineup/getavailableplayerscsv?contestTypeId=9&draftGroupId=151692,151692,9,Selected largest-prize regular Classic MLB draft group after excluding Turbo/Night/qualifier/satellite/showdown/snake/single-stat slates.,SP,Tanner McDougal (43773381),Tanner McDougal,43773381,P,4000,CLE@CWS 08/07/2026 07:40PM ET,08/07/2026 07:40PM ET,CWS,CLE,home,0,701780,Tanner McDougal,mapped,identity_name_team_map,Stable identity seed from old DK-ID map. Pilot join status: matched_people_search_name via mlb_people_search_normalized_name
2026-08-07,2026-08-07T14:33:53.319605+00:00,2026-08-07,DraftKings official lineup CSV,https://www.draftkings.com/lineup/getavailableplayerscsv?contestTypeId=9&draftGroupId=151692,151692,9,Selected largest-prize regular Classic MLB draft group after excluding Turbo/Night/qualifier/satellite/showdown/snake/single-stat slates.,RP,Antoine Kelly (43773382),Antoine Kelly,43773382,P,4000,CHC@KC 08/07/2026 08:10PM ET,08/07/2026 08:10PM ET,CHC,KC,away,4.4,,,needs_review_new_player,identity_name_team_map,No reviewed normalized-name/team identity alias; do not auto-guess.
2026-08-07,2026-08-07T14:33:53.319605+00:00,2026-08-07,DraftKings official lineup CSV,https://www.draftkings.com/lineup/getavailableplayerscsv?contestTypeId=9&draftGroupId=151692,151692,9,Selected largest-prize regular Classic MLB draft group after excluding Turbo/Night/qualifier/satellite/showdown/snake/single-stat slates.,RP,Winston Santos (43773383),Winston Santos,43773383,P,4000,BAL@TEX 08/07/2026 08:15PM ET,08/07/2026 08:15PM ET,TEX,BAL,home,0.7,692437,Winston Santos,mapped,identity_name_team_map,Stable identity seed from old DK-ID map. Pilot join status: matched_people_search_name via mlb_people_search_normalized_name
2026-08-07,2026-08-07T14:33:53.319605+00:00,2026-08-07,DraftKings official lineup CSV,https://www.draftkings.com/lineup/getavailableplayerscsv?contestTypeId=9&draftGroupId=151692,151692,9,Selected largest-prize regular Classic MLB draft group after excluding Turbo/Night/qualifier/satellite/showdown/snake/single-stat slates.,RP,Blas Castano (43773384),Blas Castano,43773384,P,4000,COL@STL 08/07/2026 08:15PM ET,08/07/2026 08:15PM ET,COL,STL,away,4.85,680604,Blas Castaño,mapped,identity_name_team_map,Stable identity seed from old DK-ID map. Pilot join status: matched via normalized_name_team
2026-08-07,2026-08-07T14:33:53.319605+00:00,2026-08-07,DraftKings official lineup CSV,https://www.draftkings.com/lineup/getavailableplayerscsv?contestTypeId=9&draftGroupId=151692,151692,9,Selected largest-prize regular Classic MLB draft group after excluding Turbo/Night/qualifier/satellite/showdown/snake/single-stat slates.,SP,McCade Brown (43773385),McCade Brown,43773385,P,4000,COL@STL 08/07/2026 08:15PM ET,08/07/2026 08:15PM ET,COL,STL,away,0,685326,McCade Brown,mapped,identity_name_team_map,Stable identity seed from old DK-ID map. Pilot join status: matched_people_search_name via mlb_people_search_normalized_name
2026-08-07,2026-08-07T14:33:53.319605+00:00,2026-08-07,DraftKings official lineup CSV,https://www.draftkings.com/lineup/getavailableplayerscsv?contestTypeId=9&draftGroupId=151692,151692,9,Selected largest-prize regular Classic MLB draft group after excluding Turbo/Night/qualifier/satellite/showdown/snake/single-stat slates.,RP,Riley Martin (43773386),Riley Martin,43773386,P,4000,CHC@KC 08/07/2026 08:10PM ET,08/07/2026 08:10PM ET,CHC,KC,away,3.82,702303,Riley Martin,mapped,identity_name_team_map,Stable identity seed from old DK-ID map. Pilot join status: matched via normalized_name_team
2026-08-07,2026-08-07T14:33:53.319605+00:00,2026-08-07,DraftKings official lineup CSV,https://www.draftkings.com/lineup/getavailableplayerscsv?contestTypeId=9&draftGroupId=151692,151692,9,Selected largest-prize regular Classic MLB draft group after excluding Turbo/Night/qualifier/satellite/showdown/snake/single-stat slates.,RP,Garrett Cleavinger (43773387),Garrett Cleavinger,43773387,P,4000,TB@SEA 08/07/2026 09:45PM ET,08/07/2026 09:45PM ET,TB,SEA,away,3.47,,,needs_review_new_player,identity_name_team_map,No reviewed normalized-name/team identity alias; do not auto-guess.
2026-08-07,2026-08-07T14:33:53.319605+00:00,2026-08-07,DraftKings official lineup CSV,https://www.draftkings.com/lineup/getavailableplayerscsv?contestTypeId=9&draftGroupId=151692,151692,9,Selected largest-prize regular Classic MLB draft group after excluding Turbo/Night/qualifier/satellite/showdown/snake/single-stat slates.,RP,Joel Peguero (43773388),Joel Peguero,43773388,P,4000,DET@SF 08/07/2026 10:15PM ET,08/07/2026 10:15PM ET,SF,DET,home,1.81,666711,Joel Peguero,mapped,identity_name_team_map,Stable identity seed from old DK-ID map. Pilot join status: matched via normalized_name_team
2026-08-07,2026-08-07T14:33:53.319605+00:00,2026-08-07,DraftKings official lineup CSV,https://www.draftkings.com/lineup/getavailableplayerscsv?contestTypeId=9&draftGroupId=151692,151692,9,Selected largest-prize regular Classic MLB draft group after excluding Turbo/Night/qualifier/satellite/showdown/snake/single-stat slates.,RP,Ronny Henriquez (43773389),Ronny Henriquez,43773389,P,4000,LAA@MIA 08/07/2026 07:10PM ET,08/07/2026 07:10PM ET,MIA,LAA,home,0,,,needs_review_new_player,identity_name_team_map,No reviewed normalized-name/team identity alias; do not auto-guess.
2026-08-07,2026-08-07T14:33:53.319605+00:00,2026-08-07,DraftKings official lineup CSV,https://www.draftkings.com/lineup/getavailableplayerscsv?contestTypeId=9&draftGroupId=151692,151692,9,Selected largest-prize regular Classic MLB draft group after excluding Turbo/Night/qualifier/satellite/showdown/snake/single-stat slates.,RP,Woo Suk Go (43773390),Woo Suk Go,43773390,P,4000,MIN@MIL 08/07/2026 07:40PM ET,08/07/2026 07:40PM ET,MIN,MIL,away,1.25,,,needs_review_new_player,identity_name_team_map,No reviewed normalized-name/team identity alias; do not auto-guess.
2026-08-07,2026-08-07T14:33:53.319605+00:00,2026-08-07,DraftKings official lineup CSV,https://www.draftkings.com/lineup/getavailableplayerscsv?contestTypeId=9&draftGroupId=151692,151692,9,Selected largest-prize regular Classic MLB draft group after excluding Turbo/Night/qualifier/satellite/showdown/snake/single-stat slates.,RP,Sam Hentges (43773391),Sam Hentges,43773391,P,4000,DET@SF 08/07/2026 10:15PM ET,08/07/2026 10:15PM ET,SF,DET,home,2.48,656529,Sam Hentges,mapped,identity_name_team_map,Stable identity seed from old DK-ID map. Pilot join status: matched via normalized_name_team
2026-08-07,2026-08-07T14:33:53.319605+00:00,2026-08-07,DraftKings official lineup CSV,https://www.draftkings.com/lineup/getavailableplayerscsv?contestTypeId=9&draftGroupId=151692,151692,9,Selected largest-prize regular Classic MLB draft group after excluding Turbo/Night/qualifier/satellite/showdown/snake/single-stat slates.,RP,Robert Stephenson (43773392),Robert Stephenson,43773392,P,4000,LAA@MIA 08/07/2026 07:10PM ET,08/07/2026 07:10PM ET,LAA,MIA,away,0,596112,Robert Stephenson,mapped,identity_name_team_map,Stable identity seed from old DK-ID map. Pilot join status: matched_people_search_name via mlb_people_search_normalized_name
2026-08-07,2026-08-07T14:33:53.319605+00:00,2026-08-07,DraftKings official lineup CSV,https://www.draftkings.com/lineup/getavailableplayerscsv?contestTypeId=9&draftGroupId=151692,151692,9,Selected largest-prize regular Classic MLB draft group after excluding Turbo/Night/qualifier/satellite/showdown/snake/single-stat slates.,RP,Justin Martinez (43773393),Justin Martinez,43773393,P,4000,LAD@ARI 08/07/2026 09:40PM ET,08/07/2026 09:40PM ET,ARI,LAD,home,0,,,needs_review_new_player,identity_name_team_map,No reviewed normalized-name/team identity alias; do not auto-guess.
2026-08-07,2026-08-07T14:33:53.319605+00:00,2026-08-07,DraftKings official lineup CSV,https://www.draftkings.com/lineup/getavailableplayerscsv?contestTypeId=9&draftGroupId=151692,151692,9,Selected largest-prize regular Classic MLB draft group after excluding Turbo/Night/qualifier/satellite/showdown/snake/single-stat slates.,RP,Andrew Nardi (43773394),Andrew Nardi,43773394,P,4000,LAA@MIA 08/07/2026 07:10PM ET,08/07/2026 07:10PM ET,MIA,LAA,home,2.85,677053,Andrew Nardi,mapped,identity_name_team_map,Proposed from review candidates; basis=exact normalized name + team; role-compatible; statcast_pitcher_2026; confidence=high; sources=statcast_pitcher_2026
2026-08-07,2026-08-07T14:33:53.319605+00:00,2026-08-07,DraftKings official lineup CSV,https://www.draftkings.com/lineup/getavailableplayerscsv?contestTypeId=9&draftGroupId=151692,151692,9,Selected largest-prize regular Classic MLB draft group after excluding Turbo/Night/qualifier/satellite/showdown/snake/single-stat slates.,RP,Yaramil Hiraldo (43773395),Yaramil Hiraldo,43773395,P,4000,BAL@TEX 08/07/2026 08:15PM ET,08/07/2026 08:15PM ET,BAL,TEX,away,1.4,,,needs_review_new_player,identity_name_team_map,No reviewed normalized-name/team identity alias; do not auto-guess.
2026-08-07,2026-08-07T14:33:53.319605+00:00,2026-08-07,DraftKings official lineup CSV,https://www.draftkings.com/lineup/getavailableplayerscsv?contestTypeId=9&draftGroupId=151692,151692,9,Selected largest-prize regular Classic MLB draft group after excluding Turbo/Night/qualifier/satellite/showdown/snake/single-stat slates.,RP,Jacob Waguespack (43773396),Jacob Waguespack,43773396,P,4000,DET@SF 08/07/2026 10:15PM ET,08/07/2026 10:15PM ET,DET,SF,away,3.49,,,needs_review_new_player,identity_name_team_map,No reviewed normalized-name/team identity alias; do not auto-guess.
2026-08-07,2026-08-07T14:33:53.319605+00:00,2026-08-07,DraftKings official lineup CSV,https://www.draftkings.com/lineup/getavailableplayerscsv?contestTypeId=9&draftGroupId=151692,151692,9,Selected largest-prize regular Classic MLB draft group after excluding Turbo/Night/qualifier/satellite/showdown/snake/single-stat slates.,RP,Yerry de los Santos (43773397),Yerry de los Santos,43773397,P,4000,ATL@NYY 08/07/2026 07:05PM ET,08/07/2026 07:05PM ET,NYY,ATL,home,4.86,,,needs_review_new_player,identity_name_team_map,No reviewed normalized-name/team identity alias; do not auto-guess.
2026-08-07,2026-08-07T14:33:53.319605+00:00,2026-08-07,DraftKings official lineup CSV,https://www.draftkings.com/lineup/getavailableplayerscsv?contestTypeId=9&draftGroupId=151692,151692,9,Selected largest-prize regular Classic MLB draft group after excluding Turbo/Night/qualifier/satellite/showdown/snake/single-stat slates.,RP,Juan Burgos (43773398),Juan Burgos,43773398,P,4000,LAD@ARI 08/07/2026 09:40PM ET,08/07/2026 09:40PM ET,ARI,LAD,home,0.8,,,needs_review_new_player,identity_name_team_map,No reviewed normalized-name/team identity alias; do not auto-guess.
2026-08-07,2026-08-07T14:33:53.319605+00:00,2026-08-07,DraftKings official lineup CSV,https://www.draftkings.com/lineup/getavailableplayerscsv?contestTypeId=9&draftGroupId=151692,151692,9,Selected largest-prize regular Classic MLB draft group after excluding Turbo/Night/qualifier/satellite/showdown/snake/single-stat slates.,RP,Lucas Erceg (43773399),Lucas Erceg,43773399,P,4000,CHC@KC 08/07/2026 08:10PM ET,08/07/2026 08:10PM ET,KC,CHC,home,1.43,668674,Lucas Erceg,mapped,identity_name_team_map,Stable identity seed from old DK-ID map. Pilot join status: matched via normalized_name_team
2026-08-07,2026-08-07T14:33:53.319605+00:00,2026-08-07,DraftKings official lineup CSV,https://www.draftkings.com/lineup/getavailableplayerscsv?contestTypeId=9&draftGroupId=151692,151692,9,Selected largest-prize regular Classic MLB draft group after excluding Turbo/Night/qualifier/satellite/showdown/snake/single-stat slates.,RP,Anthony Molina (43773400),Anthony Molina,43773400,P,4000,DET@SF 08/07/2026 10:15PM ET,08/07/2026 10:15PM ET,SF,DET,home,1.68,683627,Anthony Molina,needs_review_team_change,identity_name_unique_mlbam,Name maps to one reviewed MLBAM identity but not this DK team; review as team-change/new alias before trusting automation.
2026-08-07,2026-08-07T14:33:53.319605+00:00,2026-08-07,DraftKings official lineup CSV,https://www.draftkings.com/lineup/getavailableplayerscsv?contestTypeId=9&draftGroupId=151692,151692,9,Selected largest-prize regular Classic MLB draft group after excluding Turbo/Night/qualifier/satellite/showdown/snake/single-stat slates.,RP,Burch Smith (43773401),Burch Smith,43773401,P,4000,DET@SF 08/07/2026 10:15PM ET,08/07/2026 10:15PM ET,DET,SF,away,3.94,572143,Burch Smith,mapped,identity_name_team_map,Proposed from review candidates; basis=exact normalized name + team; role-compatible; statcast_pitcher_2026; confidence=high; sources=statcast_pitcher_2026
2026-08-07,2026-08-07T14:33:53.319605+00:00,2026-08-07,DraftKings official lineup CSV,https://www.draftkings.com/lineup/getavailableplayerscsv?contestTypeId=9&draftGroupId=151692,151692,9,Selected largest-prize regular Classic MLB draft group after excluding Turbo/Night/qualifier/satellite/showdown/snake/single-stat slates.,RP,Paul Sewald (43773402),Paul Sewald,43773402,P,4000,LAD@ARI 08/07/2026 09:40PM ET,08/07/2026 09:40PM ET,ARI,LAD,home,2.28,,,needs_review_new_player,identity_name_team_map,No reviewed normalized-name/team identity alias; do not auto-guess.
2026-08-07,2026-08-07T14:33:53.319605+00:00,2026-08-07,DraftKings official lineup CSV,https://www.draftkings.com/lineup/getavailableplayerscsv?contestTypeId=9&draftGroupId=151692,151692,9,Selected largest-prize regular Classic MLB draft group after excluding Turbo/Night/qualifier/satellite/showdown/snake/single-stat slates.,RP,Jonathan Loaisiga (43773403),Jonathan Loaisiga,43773403,P,4000,LAD@ARI 08/07/2026 09:40PM ET,08/07/2026 09:40PM ET,ARI,LAD,home,2.56,,,needs_review_new_player,identity_name_team_map,No reviewed normalized-name/team identity alias; do not auto-guess.
2026-08-07,2026-08-07T14:33:53.319605+00:00,2026-08-07,DraftKings official lineup CSV,https://www.draftkings.com/lineup/getavailableplayerscsv?contestTypeId=9&draftGroupId=151692,151692,9,Selected largest-prize regular Classic MLB draft group after excluding Turbo/Night/qualifier/satellite/showdown/snake/single-stat slates.,RP,Gabe Speier (43773404),Gabe Speier,43773404,P,4000,TB@SEA 08/07/2026 09:45PM ET,08/07/2026 09:45PM ET,SEA,TB,home,2.61,,,needs_review_new_player,identity_name_team_map,No reviewed normalized-name/team identity alias; do not auto-guess.
2026-08-07,2026-08-07T14:33:53.319605+00:00,2026-08-07,DraftKings official lineup CSV,https://www.draftkings.com/lineup/getavailableplayerscsv?contestTypeId=9&draftGroupId=151692,151692,9,Selected largest-prize regular Classic MLB draft group after excluding Turbo/Night/qualifier/satellite/showdown/snake/single-stat slates.,RP,Brock Stewart (43773405),Brock Stewart,43773405,P,4000,LAD@ARI 08/07/2026 09:40PM ET,08/07/2026 09:40PM ET,LAD,ARI,away,3.31,,,needs_review_new_player,identity_name_team_map,No reviewed normalized-name/team identity alias; do not auto-guess.
2026-08-07,2026-08-07T14:33:53.319605+00:00,2026-08-07,DraftKings official lineup CSV,https://www.draftkings.com/lineup/getavailableplayerscsv?contestTypeId=9&draftGroupId=151692,151692,9,Selected largest-prize regular Classic MLB draft group after excluding Turbo/Night/qualifier/satellite/showdown/snake/single-stat slates.,RP,Beau Brieske (43773406),Beau Brieske,43773406,P,4000,DET@SF 08/07/2026 10:15PM ET,08/07/2026 10:15PM ET,DET,SF,away,1.9,689225,Beau Brieske,mapped,identity_name_team_map,Proposed from review candidates; basis=exact normalized name + team; role-compatible; statcast_pitcher_2026; confidence=high; sources=statcast_pitcher_2026
2026-08-07,2026-08-07T14:33:53.319605+00:00,2026-08-07,DraftKings official lineup CSV,https://www.draftkings.com/lineup/getavailableplayerscsv?contestTypeId=9&draftGroupId=151692,151692,9,Selected largest-prize regular Classic MLB draft group after excluding Turbo/Night/qualifier/satellite/showdown/snake/single-stat slates.,RP,Kade Strowd (43773407),Kade Strowd,43773407,P,4000,LAD@ARI 08/07/2026 09:40PM ET,08/07/2026 09:40PM ET,ARI,LAD,home,-0.15,,,needs_review_new_player,identity_name_team_map,No reviewed normalized-name/team identity alias; do not auto-guess.
2026-08-07,2026-08-07T14:33:53.319605+00:00,2026-08-07,DraftKings official lineup CSV,https://www.draftkings.com/lineup/getavailableplayerscsv?contestTypeId=9&draftGroupId=151692,151692,9,Selected largest-prize regular Classic MLB draft group after excluding Turbo/Night/qualifier/satellite/showdown/snake/single-stat slates.,RP,Steven Okert (43773408),Steven Okert,43773408,P,4000,HOU@SD 08/07/2026 09:40PM ET,08/07/2026 09:40PM ET,HOU,SD,away,3.64,595345,Steven Okert,mapped,identity_name_team_map,Stable identity seed from old DK-ID map. Pilot join status: matched via normalized_name_team
2026-08-07,2026-08-07T14:33:53.319605+00:00,2026-08-07,DraftKings official lineup CSV,https://www.draftkings.com/lineup/getavailableplayerscsv?contestTypeId=9&draftGroupId=151692,151692,9,Selected largest-prize regular Classic MLB draft group after excluding Turbo/Night/qualifier/satellite/showdown/snake/single-stat slates.,RP,Dylan Dodd (43773409),Dylan Dodd,43773409,P,4000,ATL@NYY 08/07/2026 07:05PM ET,08/07/2026 07:05PM ET,ATL,NYY,away,4.31,689266,Dylan Dodd,mapped,identity_name_team_map,Stable identity seed from old DK-ID map. Pilot join status: matched via normalized_name_team
2026-08-07,2026-08-07T14:33:53.319605+00:00,2026-08-07,DraftKings official lineup CSV,https://www.draftkings.com/lineup/getavailableplayerscsv?contestTypeId=9&draftGroupId=151692,151692,9,Selected largest-prize regular Classic MLB draft group after excluding Turbo/Night/qualifier/satellite/showdown/snake/single-stat slates.,RP,Alex Hoppe (43773410),Alex Hoppe,43773410,P,4000,BAL@TEX 08/07/2026 08:15PM ET,08/07/2026 08:15PM ET,BAL,TEX,away,2.9,,,needs_review_new_player,identity_name_team_map,No reviewed normalized-name/team identity alias; do not auto-guess.
2026-08-07,2026-08-07T14:33:53.319605+00:00,2026-08-07,DraftKings official lineup CSV,https://www.draftkings.com/lineup/getavailableplayerscsv?contestTypeId=9&draftGroupId=151692,151692,9,Selected largest-prize regular Classic MLB draft group after excluding Turbo/Night/qualifier/satellite/showdown/snake/single-stat slates.,RP,Pete Fairbanks (43773411),Pete Fairbanks,43773411,P,4000,LAA@MIA 08/07/2026 07:10PM ET,08/07/2026 07:10PM ET,MIA,LAA,home,2.76,664126,Pete Fairbanks,mapped,identity_name_team_map,Proposed from review candidates; basis=exact normalized name + team; role-compatible; statcast_pitcher_2026; confidence=high; sources=statcast_pitcher_2026
2026-08-07,2026-08-07T14:33:53.319605+00:00,2026-08-07,DraftKings official lineup CSV,https://www.draftkings.com/lineup/getavailableplayerscsv?contestTypeId=9&draftGroupId=151692,151692,9,Selected largest-prize regular Classic MLB draft group after excluding Turbo/Night/qualifier/satellite/showdown/snake/single-stat slates.,RP,Nick Frasso (43773412),Nick Frasso,43773412,P,4000,COL@STL 08/07/2026 08:15PM ET,08/07/2026 08:15PM ET,COL,STL,away,-0.95,,,needs_review_new_player,identity_name_team_map,No reviewed normalized-name/team identity alias; do not auto-guess.
2026-08-07,2026-08-07T14:33:53.319605+00:00,2026-08-07,DraftKings official lineup CSV,https://www.draftkings.com/lineup/getavailableplayerscsv?contestTypeId=9&draftGroupId=151692,151692,9,Selected largest-prize regular Classic MLB draft group after excluding Turbo/Night/qualifier/satellite/showdown/snake/single-stat slates.,RP,Sam Bachman (43773413),Sam Bachman,43773413,P,4000,LAA@MIA 08/07/2026 07:10PM ET,08/07/2026 07:10PM ET,LAA,MIA,away,2.89,696147,Sam Bachman,mapped,identity_name_team_map,Stable identity seed from old DK-ID map. Pilot join status: matched via normalized_name_team
2026-08-07,2026-08-07T14:33:53.319605+00:00,2026-08-07,DraftKings official lineup CSV,https://www.draftkings.com/lineup/getavailableplayerscsv?contestTypeId=9&draftGroupId=151692,151692,9,Selected largest-prize regular Classic MLB draft group after excluding Turbo/Night/qualifier/satellite/showdown/snake/single-stat slates.,RP,Nate Pearson (43773414),Nate Pearson,43773414,P,4000,CHC@KC 08/07/2026 08:10PM ET,08/07/2026 08:10PM ET,KC,CHC,home,3,663878,Nate Pearson,needs_review_team_change,identity_name_unique_mlbam,Name maps to one reviewed MLBAM identity but not this DK team; review as team-change/new alias before trusting automation.
2026-08-07,2026-08-07T14:33:53.319605+00:00,2026-08-07,DraftKings official lineup CSV,https://www.draftkings.com/lineup/getavailableplayerscsv?contestTypeId=9&draftGroupId=151692,151692,9,Selected largest-prize regular Classic MLB draft group after excluding Turbo/Night/qualifier/satellite/showdown/snake/single-stat slates.,RP,Cody Laweryson (43773415),Cody Laweryson,43773415,P,4000,MIN@MIL 08/07/2026 07:40PM ET,08/07/2026 07:40PM ET,MIN,MIL,away,2.97,689520,Cody Laweryson,mapped,identity_name_team_map,Proposed from review candidates; basis=exact normalized name + team; role-compatible; statcast_pitcher_2026; confidence=high; sources=statcast_pitcher_2026
2026-08-07,2026-08-07T14:33:53.319605+00:00,2026-08-07,DraftKings official lineup CSV,https://www.draftkings.com/lineup/getavailableplayerscsv?contestTypeId=9&draftGroupId=151692,151692,9,Selected largest-prize regular Classic MLB draft group after excluding Turbo/Night/qualifier/satellite/showdown/snake/single-stat slates.,RP,Tyler Schweitzer (43773416),Tyler Schweitzer,43773416,P,4000,CLE@CWS 08/07/2026 07:40PM ET,08/07/2026 07:40PM ET,CWS,CLE,home,4.14,805326,Tyler Schweitzer,mapped,identity_name_team_map,Stable identity seed from old DK-ID map. Pilot join status: matched via normalized_name_team
2026-08-07,2026-08-07T14:33:53.319605+00:00,2026-08-07,DraftKings official lineup CSV,https://www.draftkings.com/lineup/getavailableplayerscsv?contestTypeId=9&draftGroupId=151692,151692,9,Selected largest-prize regular Classic MLB draft group after excluding Turbo/Night/qualifier/satellite/showdown/snake/single-stat slates.,RP,Blake Treinen (43773417),Blake Treinen,43773417,P,4000,LAD@ARI 08/07/2026 09:40PM ET,08/07/2026 09:40PM ET,LAD,ARI,away,2.78,,,needs_review_new_player,identity_name_team_map,No reviewed normalized-name/team identity alias; do not auto-guess.
2026-08-07,2026-08-07T14:33:53.319605+00:00,2026-08-07,DraftKings official lineup CSV,https://www.draftkings.com/lineup/getavailableplayerscsv?contestTypeId=9&draftGroupId=151692,151692,9,Selected largest-prize regular Classic MLB draft group after excluding Turbo/Night/qualifier/satellite/showdown/snake/single-stat slates.,RP,Cole Winn (43773418),Cole Winn,43773418,P,4000,BAL@TEX 08/07/2026 08:15PM ET,08/07/2026 08:15PM ET,TEX,BAL,home,2.22,668390,Cole Winn,mapped,identity_name_team_map,Stable identity seed from old DK-ID map. Pilot join status: matched via normalized_name_team
2026-08-07,2026-08-07T14:33:53.319605+00:00,2026-08-07,DraftKings official lineup CSV,https://www.draftkings.com/lineup/getavailableplayerscsv?contestTypeId=9&draftGroupId=151692,151692,9,Selected largest-prize regular Classic MLB draft group after excluding Turbo/Night/qualifier/satellite/showdown/snake/single-stat slates.,RP,Kevin Kelly (43773419),Kevin Kelly,43773419,P,4000,TB@SEA 08/07/2026 09:45PM ET,08/07/2026 09:45PM ET,TB,SEA,away,3.53,,,needs_review_new_player,identity_name_team_map,No reviewed normalized-name/team identity alias; do not auto-guess.
2026-08-07,2026-08-07T14:33:53.319605+00:00,2026-08-07,DraftKings official lineup CSV,https://www.draftkings.com/lineup/getavailableplayerscsv?contestTypeId=9&draftGroupId=151692,151692,9,Selected largest-prize regular Classic MLB draft group after excluding Turbo/Night/qualifier/satellite/showdown/snake/single-stat slates.,RP,Danny Young (43773420),Danny Young,43773420,P,4000,ATL@NYY 08/07/2026 07:05PM ET,08/07/2026 07:05PM ET,ATL,NYY,away,0.92,664849,Danny Young,mapped,identity_name_team_map,"Stable identity seed from old DK-ID map. Resolved name collision: selected active current-era Danny Young, not historical MLBAM 277415."
2026-08-07,2026-08-07T14:33:53.319605+00:00,2026-08-07,DraftKings official lineup CSV,https://www.draftkings.com/lineup/getavailableplayerscsv?contestTypeId=9&draftGroupId=151692,151692,9,Selected largest-prize regular Classic MLB draft group after excluding Turbo/Night/qualifier/satellite/showdown/snake/single-stat slates.,RP,Gordon Graceffo (43773421),Gordon Graceffo,43773421,P,4000,COL@STL 08/07/2026 08:15PM ET,08/07/2026 08:15PM ET,STL,COL,home,3.28,700669,Gordon Graceffo,mapped,identity_name_team_map,Stable identity seed from old DK-ID map. Pilot join status: matched via normalized_name_team
2026-08-07,2026-08-07T14:33:53.319605+00:00,2026-08-07,DraftKings official lineup CSV,https://www.draftkings.com/lineup/getavailableplayerscsv?contestTypeId=9&draftGroupId=151692,151692,9,Selected largest-prize regular Classic MLB draft group after excluding Turbo/Night/qualifier/satellite/showdown/snake/single-stat slates.,RP,Caleb Ferguson (43773422),Caleb Ferguson,43773422,P,4000,COL@STL 08/07/2026 08:15PM ET,08/07/2026 08:15PM ET,STL,COL,home,2.39,657571,Caleb Ferguson,needs_review_team_change,identity_name_unique_mlbam,Name maps to one reviewed MLBAM identity but not this DK team; review as team-change/new alias before trusting automation.
2026-08-07,2026-08-07T14:33:53.319605+00:00,2026-08-07,DraftKings official lineup CSV,https://www.draftkings.com/lineup/getavailableplayerscsv?contestTypeId=9&draftGroupId=151692,151692,9,Selected largest-prize regular Classic MLB draft group after excluding Turbo/Night/qualifier/satellite/showdown/snake/single-stat slates.,RP,Trevor Megill (43773423),Trevor Megill,43773423,P,4000,MIN@MIL 08/07/2026 07:40PM ET,08/07/2026 07:40PM ET,MIL,MIN,home,3.5,656730,Trevor Megill,mapped,identity_name_team_map,Stable identity seed from old DK-ID map. Pilot join status: matched via normalized_name_team
2026-08-07,2026-08-07T14:33:53.319605+00:00,2026-08-07,DraftKings official lineup CSV,https://www.draftkings.com/lineup/getavailableplayerscsv?contestTypeId=9&draftGroupId=151692,151692,9,Selected largest-prize regular Classic MLB draft group after excluding Turbo/Night/qualifier/satellite/showdown/snake/single-stat slates.,RP,Gavin Hollowell (43773424),Gavin Hollowell,43773424,P,4000,CHC@KC 08/07/2026 08:10PM ET,08/07/2026 08:10PM ET,CHC,KC,away,2.73,668970,Gavin Hollowell,mapped,identity_name_team_map,Stable identity seed from old DK-ID map. Pilot join status: matched via normalized_name_team
2026-08-07,2026-08-07T14:33:53.319605+00:00,2026-08-07,DraftKings official lineup CSV,https://www.draftkings.com/lineup/getavailableplayerscsv?contestTypeId=9&draftGroupId=151692,151692,9,Selected largest-prize regular Classic MLB draft group after excluding Turbo/Night/qualifier/satellite/showdown/snake/single-stat slates.,RP,Tim Herrin (43773425),Tim Herrin,43773425,P,4000,CLE@CWS 08/07/2026 07:40PM ET,08/07/2026 07:40PM ET,CLE,CWS,away,1.83,,,needs_review_new_player,identity_name_team_map,No reviewed normalized-name/team identity alias; do not auto-guess.
2026-08-07,2026-08-07T14:33:53.319605+00:00,2026-08-07,DraftKings official lineup CSV,https://www.draftkings.com/lineup/getavailableplayerscsv?contestTypeId=9&draftGroupId=151692,151692,9,Selected largest-prize regular Classic MLB draft group after excluding Turbo/Night/qualifier/satellite/showdown/snake/single-stat slates.,RP,Rolddy Munoz (43773426),Rolddy Munoz,43773426,P,4000,ATL@NYY 08/07/2026 07:05PM ET,08/07/2026 07:05PM ET,ATL,NYY,away,0.9,691548,Rolddy Muñoz,mapped,identity_name_team_map,Stable identity seed from old DK-ID map. Pilot join status: matched via normalized_name_team
2026-08-07,2026-08-07T14:33:53.319605+00:00,2026-08-07,DraftKings official lineup CSV,https://www.draftkings.com/lineup/getavailableplayerscsv?contestTypeId=9&draftGroupId=151692,151692,9,Selected largest-prize regular Classic MLB draft group after excluding Turbo/Night/qualifier/satellite/showdown/snake/single-stat slates.,RP,Jason Foley (43773427),Jason Foley,43773427,P,4000,DET@SF 08/07/2026 10:15PM ET,08/07/2026 10:15PM ET,SF,DET,home,1.68,671345,Jason Foley,mapped,identity_name_team_map,Stable identity seed from old DK-ID map. Pilot join status: matched_people_search_name via mlb_people_search_normalized_name
2026-08-07,2026-08-07T14:33:53.319605+00:00,2026-08-07,DraftKings official lineup CSV,https://www.draftkings.com/lineup/getavailableplayerscsv?contestTypeId=9&draftGroupId=151692,151692,9,Selected largest-prize regular Classic MLB draft group after excluding Turbo/Night/qualifier/satellite/showdown/snake/single-stat slates.,RP,Josh Simpson (43773428),Josh Simpson,43773428,P,4000,TB@SEA 08/07/2026 09:45PM ET,08/07/2026 09:45PM ET,SEA,TB,home,2.57,,,needs_review_new_player,identity_name_team_map,No reviewed normalized-name/team identity alias; do not auto-guess.
2026-08-07,2026-08-07T14:33:53.319605+00:00,2026-08-07,DraftKings official lineup CSV,https://www.draftkings.com/lineup/getavailableplayerscsv?contestTypeId=9&draftGroupId=151692,151692,9,Selected largest-prize regular Classic MLB draft group after excluding Turbo/Night/qualifier/satellite/showdown/snake/single-stat slates.,RP,Reiver Sanmartin (43773429),Reiver Sanmartin,43773429,P,4000,DET@SF 08/07/2026 10:15PM ET,08/07/2026 10:15PM ET,SF,DET,home,2.78,665665,Reiver Sanmartin,mapped,identity_name_team_map,Stable identity seed from old DK-ID map. Pilot join status: matched_people_search_name via mlb_people_search_normalized_name
2026-08-07,2026-08-07T14:33:53.319605+00:00,2026-08-07,DraftKings official lineup CSV,https://www.draftkings.com/lineup/getavailableplayerscsv?contestTypeId=9&draftGroupId=151692,151692,9,Selected largest-prize regular Classic MLB draft group after excluding Turbo/Night/qualifier/satellite/showdown/snake/single-stat slates.,RP,Nick Davila (43773430),Nick Davila,43773430,P,4000,TB@SEA 08/07/2026 09:45PM ET,08/07/2026 09:45PM ET,SEA,TB,home,1.65,,,needs_review_new_player,identity_name_team_map,No reviewed normalized-name/team identity alias; do not auto-guess.
2026-08-07,2026-08-07T14:33:53.319605+00:00,2026-08-07,DraftKings official lineup CSV,https://www.draftkings.com/lineup/getavailableplayerscsv?contestTypeId=9&draftGroupId=151692,151692,9,Selected largest-prize regular Classic MLB draft group after excluding Turbo/Night/qualifier/satellite/showdown/snake/single-stat slates.,RP,Tyler Ferguson (43773431),Tyler Ferguson,43773431,P,4000,CHC@KC 08/07/2026 08:10PM ET,08/07/2026 08:10PM ET,CHC,KC,away,2.76,621053,Tyler Ferguson,mapped,identity_name_team_map,"Stable identity seed from old DK-ID map. Pilot team mismatch: DK CHC, active MLB list ATH; selected same-name MLBAM."
2026-08-07,2026-08-07T14:33:53.319605+00:00,2026-08-07,DraftKings official lineup CSV,https://www.draftkings.com/lineup/getavailableplayerscsv?contestTypeId=9&draftGroupId=151692,151692,9,Selected largest-prize regular Classic MLB draft group after excluding Turbo/Night/qualifier/satellite/showdown/snake/single-stat slates.,RP,Victor Vodnik (43773432),Victor Vodnik,43773432,P,4000,LAA@MIA 08/07/2026 07:10PM ET,08/07/2026 07:10PM ET,MIA,LAA,home,1.91,680767,Victor Vodnik,needs_review_team_change,identity_name_unique_mlbam,Name maps to one reviewed MLBAM identity but not this DK team; review as team-change/new alias before trusting automation.
2026-08-07,2026-08-07T14:33:53.319605+00:00,2026-08-07,DraftKings official lineup CSV,https://www.draftkings.com/lineup/getavailableplayerscsv?contestTypeId=9&draftGroupId=151692,151692,9,Selected largest-prize regular Classic MLB draft group after excluding Turbo/Night/qualifier/satellite/showdown/snake/single-stat slates.,RP,George Soriano (43773433),George Soriano,43773433,P,4000,COL@STL 08/07/2026 08:15PM ET,08/07/2026 08:15PM ET,STL,COL,home,2.99,666277,George Soriano,mapped,identity_name_team_map,Stable identity seed from old DK-ID map. Pilot join status: matched via normalized_name_team
2026-08-07,2026-08-07T14:33:53.319605+00:00,2026-08-07,DraftKings official lineup CSV,https://www.draftkings.com/lineup/getavailableplayerscsv?contestTypeId=9&draftGroupId=151692,151692,9,Selected largest-prize regular Classic MLB draft group after excluding Turbo/Night/qualifier/satellite/showdown/snake/single-stat slates.,RP,Seth Halvorsen (43773434),Seth Halvorsen,43773434,P,4000,LAD@ARI 08/07/2026 09:40PM ET,08/07/2026 09:40PM ET,LAD,ARI,away,1.64,678020,Seth Halvorsen,needs_review_team_change,identity_name_unique_mlbam,Name maps to one reviewed MLBAM identity but not this DK team; review as team-change/new alias before trusting automation.
2026-08-07,2026-08-07T14:33:53.319605+00:00,2026-08-07,DraftKings official lineup CSV,https://www.draftkings.com/lineup/getavailableplayerscsv?contestTypeId=9&draftGroupId=151692,151692,9,Selected largest-prize regular Classic MLB draft group after excluding Turbo/Night/qualifier/satellite/showdown/snake/single-stat slates.,RP,Matt Gage (43773435),Matt Gage,43773435,P,4000,DET@SF 08/07/2026 10:15PM ET,08/07/2026 10:15PM ET,SF,DET,home,1.76,657424,Matt Gage,mapped,identity_name_team_map,Stable identity seed from old DK-ID map. Pilot join status: matched via normalized_name_team
2026-08-07,2026-08-07T14:33:53.319605+00:00,2026-08-07,DraftKings official lineup CSV,https://www.draftkings.com/lineup/getavailableplayerscsv?contestTypeId=9&draftGroupId=151692,151692,9,Selected largest-prize regular Classic MLB draft group after excluding Turbo/Night/qualifier/satellite/showdown/snake/single-stat slates.,RP,Easton McGee (43773436),Easton McGee,43773436,P,4000,CHC@KC 08/07/2026 08:10PM ET,08/07/2026 08:10PM ET,KC,CHC,home,2.52,668834,Easton McGee,needs_review_team_change,identity_name_unique_mlbam,Name maps to one reviewed MLBAM identity but not this DK team; review as team-change/new alias before trusting automation.
2026-08-07,2026-08-07T14:33:53.319605+00:00,2026-08-07,DraftKings official lineup CSV,https://www.draftkings.com/lineup/getavailableplayerscsv?contestTypeId=9&draftGroupId=151692,151692,9,Selected largest-prize regular Classic MLB draft group after excluding Turbo/Night/qualifier/satellite/showdown/snake/single-stat slates.,RP,Garrett Whitlock (43773437),Garrett Whitlock,43773437,P,4000,ATH@BOS 08/07/2026 07:10PM ET,08/07/2026 07:10PM ET,BOS,ATH,home,3.92,,,needs_review_new_player,identity_name_team_map,No reviewed normalized-name/team identity alias; do not auto-guess.
2026-08-07,2026-08-07T14:33:53.319605+00:00,2026-08-07,DraftKings official lineup CSV,https://www.draftkings.com/lineup/getavailableplayerscsv?contestTypeId=9&draftGroupId=151692,151692,9,Selected largest-prize regular Classic MLB draft group after excluding Turbo/Night/qualifier/satellite/showdown/snake/single-stat slates.,RP,Alex Vesia (43773438),Alex Vesia,43773438,P,4000,LAD@ARI 08/07/2026 09:40PM ET,08/07/2026 09:40PM ET,LAD,ARI,away,2.87,,,needs_review_new_player,identity_name_team_map,No reviewed normalized-name/team identity alias; do not auto-guess.
2026-08-07,2026-08-07T14:33:53.319605+00:00,2026-08-07,DraftKings official lineup CSV,https://www.draftkings.com/lineup/getavailableplayerscsv?contestTypeId=9&draftGroupId=151692,151692,9,Selected largest-prize regular Classic MLB draft group after excluding Turbo/Night/qualifier/satellite/showdown/snake/single-stat slates.,RP,Andrew Hoffmann (43773439),Andrew Hoffmann,43773439,P,4000,LAD@ARI 08/07/2026 09:40PM ET,08/07/2026 09:40PM ET,ARI,LAD,home,2.08,,,needs_review_new_player,identity_name_team_map,No reviewed normalized-name/team identity alias; do not auto-guess.
2026-08-07,2026-08-07T14:33:53.319605+00:00,2026-08-07,DraftKings official lineup CSV,https://www.draftkings.com/lineup/getavailableplayerscsv?contestTypeId=9&draftGroupId=151692,151692,9,Selected largest-prize regular Classic MLB draft group after excluding Turbo/Night/qualifier/satellite/showdown/snake/single-stat slates.,RP,Tyler Gilbert (43773440),Tyler Gilbert,43773440,P,4000,CLE@CWS 08/07/2026 07:40PM ET,08/07/2026 07:40PM ET,CWS,CLE,home,-1.59,656457,Tyler Gilbert,mapped,identity_name_team_map,Stable identity seed from old DK-ID map. Pilot join status: matched via normalized_name_team
2026-08-07,2026-08-07T14:33:53.319605+00:00,2026-08-07,DraftKings official lineup CSV,https://www.draftkings.com/lineup/getavailableplayerscsv?contestTypeId=9&draftGroupId=151692,151692,9,Selected largest-prize regular Classic MLB draft group after excluding Turbo/Night/qualifier/satellite/showdown/snake/single-stat slates.,RP,Cade Gibson (43773441),Cade Gibson,43773441,P,4000,LAA@MIA 08/07/2026 07:10PM ET,08/07/2026 07:10PM ET,MIA,LAA,home,2.29,806188,Cade Gibson,mapped,identity_name_team_map,Proposed from review candidates; basis=exact normalized name + team; role-compatible; statcast_pitcher_2026; confidence=high; sources=statcast_pitcher_2026
2026-08-07,2026-08-07T14:33:53.319605+00:00,2026-08-07,DraftKings official lineup CSV,https://www.draftkings.com/lineup/getavailableplayerscsv?contestTypeId=9&draftGroupId=151692,151692,9,Selected largest-prize regular Classic MLB draft group after excluding Turbo/Night/qualifier/satellite/showdown/snake/single-stat slates.,RP,Elvis Alvarado (43773442),Elvis Alvarado,43773442,P,4000,ATH@BOS 08/07/2026 07:10PM ET,08/07/2026 07:10PM ET,ATH,BOS,away,3.41,665660,Elvis Alvarado,mapped,identity_name_team_map,Stable identity seed from old DK-ID map. Pilot join status: matched via normalized_name_team
2026-08-07,2026-08-07T14:33:53.319605+00:00,2026-08-07,DraftKings official lineup CSV,https://www.draftkings.com/lineup/getavailableplayerscsv?contestTypeId=9&draftGroupId=151692,151692,9,Selected largest-prize regular Classic MLB draft group after excluding Turbo/Night/qualifier/satellite/showdown/snake/single-stat slates.,RP,Rico Garcia (43773443),Rico Garcia,43773443,P,4000,BAL@TEX 08/07/2026 08:15PM ET,08/07/2026 08:15PM ET,BAL,TEX,away,3.15,,,needs_review_new_player,identity_name_team_map,No reviewed normalized-name/team identity alias; do not auto-guess.
2026-08-07,2026-08-07T14:33:53.319605+00:00,2026-08-07,DraftKings official lineup CSV,https://www.draftkings.com/lineup/getavailableplayerscsv?contestTypeId=9&draftGroupId=151692,151692,9,Selected largest-prize regular Classic MLB draft group after excluding Turbo/Night/qualifier/satellite/showdown/snake/single-stat slates.,RP,Connor Seabold (43773444),Connor Seabold,43773444,P,4000,CHC@KC 08/07/2026 08:10PM ET,08/07/2026 08:10PM ET,KC,CHC,home,2.08,657756,Connor Seabold,needs_review_team_change,identity_name_unique_mlbam,Name maps to one reviewed MLBAM identity but not this DK team; review as team-change/new alias before trusting automation.
2026-08-07,2026-08-07T14:33:53.319605+00:00,2026-08-07,DraftKings official lineup CSV,https://www.draftkings.com/lineup/getavailableplayerscsv?contestTypeId=9&draftGroupId=151692,151692,9,Selected largest-prize regular Classic MLB draft group after excluding Turbo/Night/qualifier/satellite/showdown/snake/single-stat slates.,RP,Nolan Kingham (43773445),Nolan Kingham,43773445,P,4000,BAL@TEX 08/07/2026 08:15PM ET,08/07/2026 08:15PM ET,TEX,BAL,home,0.45,,,needs_review_new_player,identity_name_team_map,No reviewed normalized-name/team identity alias; do not auto-guess.
2026-08-07,2026-08-07T14:33:53.319605+00:00,2026-08-07,DraftKings official lineup CSV,https://www.draftkings.com/lineup/getavailableplayerscsv?contestTypeId=9&draftGroupId=151692,151692,9,Selected largest-prize regular Classic MLB draft group after excluding Turbo/Night/qualifier/satellite/showdown/snake/single-stat slates.,RP,Kervin Castro (43773446),Kervin Castro,43773446,P,4000,ATL@NYY 08/07/2026 07:05PM ET,08/07/2026 07:05PM ET,NYY,ATL,home,5.25,,,needs_review_new_player,identity_name_team_map,No reviewed normalized-name/team identity alias; do not auto-guess.
2026-08-07,2026-08-07T14:33:53.319605+00:00,2026-08-07,DraftKings official lineup CSV,https://www.draftkings.com/lineup/getavailableplayerscsv?contestTypeId=9&draftGroupId=151692,151692,9,Selected largest-prize regular Classic MLB draft group after excluding Turbo/Night/qualifier/satellite/showdown/snake/single-stat slates.,RP,Max Rajcic (43773447),Max Rajcic,43773447,P,4000,COL@STL 08/07/2026 08:15PM ET,08/07/2026 08:15PM ET,STL,COL,home,3.18,,,needs_review_new_player,identity_name_team_map,No reviewed normalized-name/team identity alias; do not auto-guess.
2026-08-07,2026-08-07T14:33:53.319605+00:00,2026-08-07,DraftKings official lineup CSV,https://www.draftkings.com/lineup/getavailableplayerscsv?contestTypeId=9&draftGroupId=151692,151692,9,Selected largest-prize regular Classic MLB draft group after excluding Turbo/Night/qualifier/satellite/showdown/snake/single-stat slates.,RP,Grant Anderson (43773448),Grant Anderson,43773448,P,4000,MIN@MIL 08/07/2026 07:40PM ET,08/07/2026 07:40PM ET,MIL,MIN,home,2.97,681982,Grant Anderson,mapped,identity_name_team_map,Stable identity seed from old DK-ID map. Pilot join status: matched via normalized_name_team
2026-08-07,2026-08-07T14:33:53.319605+00:00,2026-08-07,DraftKings official lineup CSV,https://www.draftkings.com/lineup/getavailableplayerscsv?contestTypeId=9&draftGroupId=151692,151692,9,Selected largest-prize regular Classic MLB draft group after excluding Turbo/Night/qualifier/satellite/showdown/snake/single-stat slates.,RP,Robert Suarez (43773449),Robert Suarez,43773449,P,4000,ATL@NYY 08/07/2026 07:05PM ET,08/07/2026 07:05PM ET,ATL,NYY,away,3.86,663158,Robert Suarez,mapped,identity_name_team_map,Stable identity seed from old DK-ID map. Pilot join status: matched via normalized_name_team
2026-08-07,2026-08-07T14:33:53.319605+00:00,2026-08-07,DraftKings official lineup CSV,https://www.draftkings.com/lineup/getavailableplayerscsv?contestTypeId=9&draftGroupId=151692,151692,9,Selected largest-prize regular Classic MLB draft group after excluding Turbo/Night/qualifier/satellite/showdown/snake/single-stat slates.,RP,Jeff Hoffman (43773450),Jeff Hoffman,43773450,P,4000,MIN@MIL 08/07/2026 07:40PM ET,08/07/2026 07:40PM ET,MIN,MIL,away,3.9,656546,Jeff Hoffman,needs_review_team_change,identity_name_unique_mlbam,Name maps to one reviewed MLBAM identity but not this DK team; review as team-change/new alias before trusting automation.
2026-08-07,2026-08-07T14:33:53.319605+00:00,2026-08-07,DraftKings official lineup CSV,https://www.draftkings.com/lineup/getavailableplayerscsv?contestTypeId=9&draftGroupId=151692,151692,9,Selected largest-prize regular Classic MLB draft group after excluding Turbo/Night/qualifier/satellite/showdown/snake/single-stat slates.,RP,Nick Mears (43773451),Nick Mears,43773451,P,4000,CHC@KC 08/07/2026 08:10PM ET,08/07/2026 08:10PM ET,KC,CHC,home,2,683232,Nick Mears,mapped,identity_name_team_map,Stable identity seed from old DK-ID map. Pilot join status: matched via normalized_name_team
2026-08-07,2026-08-07T14:33:53.319605+00:00,2026-08-07,DraftKings official lineup CSV,https://www.draftkings.com/lineup/getavailableplayerscsv?contestTypeId=9&draftGroupId=151692,151692,9,Selected largest-prize regular Classic MLB draft group after excluding Turbo/Night/qualifier/satellite/showdown/snake/single-stat slates.,RP,John King (43773452),John King,43773452,P,4000,LAA@MIA 08/07/2026 07:10PM ET,08/07/2026 07:10PM ET,MIA,LAA,home,2.88,667463,John King,mapped,identity_name_team_map,Proposed from review candidates; basis=exact normalized name + team; role-compatible; statcast_pitcher_2026; confidence=high; sources=statcast_pitcher_2026
2026-08-07,2026-08-07T14:33:53.319605+00:00,2026-08-07,DraftKings official lineup CSV,https://www.draftkings.com/lineup/getavailableplayerscsv?contestTypeId=9&draftGroupId=151692,151692,9,Selected largest-prize regular Classic MLB draft group after excluding Turbo/Night/qualifier/satellite/showdown/snake/single-stat slates.,RP,Jose Cuas (43773453),Jose Cuas,43773453,P,4000,CHC@KC 08/07/2026 08:10PM ET,08/07/2026 08:10PM ET,KC,CHC,home,3.83,,,needs_review_new_player,identity_name_team_map,No reviewed normalized-name/team identity alias; do not auto-guess.
2026-08-07,2026-08-07T14:33:53.319605+00:00,2026-08-07,DraftKings official lineup CSV,https://www.draftkings.com/lineup/getavailableplayerscsv?contestTypeId=9&draftGroupId=151692,151692,9,Selected largest-prize regular Classic MLB draft group after excluding Turbo/Night/qualifier/satellite/showdown/snake/single-stat slates.,RP,Eric Orze (43773454),Eric Orze,43773454,P,4000,MIN@MIL 08/07/2026 07:40PM ET,08/07/2026 07:40PM ET,MIN,MIL,away,2.28,679358,Eric Orze,mapped,identity_name_team_map,Proposed from review candidates; basis=exact normalized name + team; role-compatible; statcast_pitcher_2026; confidence=high; sources=statcast_pitcher_2026
2026-08-07,2026-08-07T14:33:53.319605+00:00,2026-08-07,DraftKings official lineup CSV,https://www.draftkings.com/lineup/getavailableplayerscsv?contestTypeId=9&draftGroupId=151692,151692,9,Selected largest-prize regular Classic MLB draft group after excluding Turbo/Night/qualifier/satellite/showdown/snake/single-stat slates.,RP,Jack Dreyer (43773455),Jack Dreyer,43773455,P,4000,LAD@ARI 08/07/2026 09:40PM ET,08/07/2026 09:40PM ET,LAD,ARI,away,3.57,,,needs_review_new_player,identity_name_team_map,No reviewed normalized-name/team identity alias; do not auto-guess.
2026-08-07,2026-08-07T14:33:53.319605+00:00,2026-08-07,DraftKings official lineup CSV,https://www.draftkings.com/lineup/getavailableplayerscsv?contestTypeId=9&draftGroupId=151692,151692,9,Selected largest-prize regular Classic MLB draft group after excluding Turbo/Night/qualifier/satellite/showdown/snake/single-stat slates.,RP,Wandy Peralta (43773456),Wandy Peralta,43773456,P,4000,HOU@SD 08/07/2026 09:40PM ET,08/07/2026 09:40PM ET,SD,HOU,home,2.34,593974,Wandy Peralta,mapped,identity_name_team_map,Stable identity seed from old DK-ID map. Pilot join status: matched via normalized_name_team
2026-08-07,2026-08-07T14:33:53.319605+00:00,2026-08-07,DraftKings official lineup CSV,https://www.draftkings.com/lineup/getavailableplayerscsv?contestTypeId=9&draftGroupId=151692,151692,9,Selected largest-prize regular Classic MLB draft group after excluding Turbo/Night/qualifier/satellite/showdown/snake/single-stat slates.,RP,Alec Gamboa (43773457),Alec Gamboa,43773457,P,4000,ATH@BOS 08/07/2026 07:10PM ET,08/07/2026 07:10PM ET,BOS,ATH,home,5.46,,,needs_review_new_player,identity_name_team_map,No reviewed normalized-name/team identity alias; do not auto-guess.
2026-08-07,2026-08-07T14:33:53.319605+00:00,2026-08-07,DraftKings official lineup CSV,https://www.draftkings.com/lineup/getavailableplayerscsv?contestTypeId=9&draftGroupId=151692,151692,9,Selected largest-prize regular Classic MLB draft group after excluding Turbo/Night/qualifier/satellite/showdown/snake/single-stat slates.,RP,Anthony Nunez (43773458),Anthony Nunez,43773458,P,4000,BAL@TEX 08/07/2026 08:15PM ET,08/07/2026 08:15PM ET,BAL,TEX,away,2.99,,,needs_review_new_player,identity_name_team_map,No reviewed normalized-name/team identity alias; do not auto-guess.
2026-08-07,2026-08-07T14:33:53.319605+00:00,2026-08-07,DraftKings official lineup CSV,https://www.draftkings.com/lineup/getavailableplayerscsv?contestTypeId=9&draftGroupId=151692,151692,9,Selected largest-prize regular Classic MLB draft group after excluding Turbo/Night/qualifier/satellite/showdown/snake/single-stat slates.,RP,Sean Guenther (43773459),Sean Guenther,43773459,P,4000,DET@SF 08/07/2026 10:15PM ET,08/07/2026 10:15PM ET,DET,SF,away,0,,,needs_review_new_player,identity_name_team_map,No reviewed normalized-name/team identity alias; do not auto-guess.
2026-08-07,2026-08-07T14:33:53.319605+00:00,2026-08-07,DraftKings official lineup CSV,https://www.draftkings.com/lineup/getavailableplayerscsv?contestTypeId=9&draftGroupId=151692,151692,9,Selected largest-prize regular Classic MLB draft group after excluding Turbo/Night/qualifier/satellite/showdown/snake/single-stat slates.,RP,Tim Hill (43773460),Tim Hill,43773460,P,4000,ATL@NYY 08/07/2026 07:05PM ET,08/07/2026 07:05PM ET,NYY,ATL,home,1.45,,,needs_review_new_player,identity_name_team_map,No reviewed normalized-name/team identity alias; do not auto-guess.
2026-08-07,2026-08-07T14:33:53.319605+00:00,2026-08-07,DraftKings official lineup CSV,https://www.draftkings.com/lineup/getavailableplayerscsv?contestTypeId=9&draftGroupId=151692,151692,9,Selected largest-prize regular Classic MLB draft group after excluding Turbo/Night/qualifier/satellite/showdown/snake/single-stat slates.,RP,David Bednar (43773461),David Bednar,43773461,P,4000,ATL@NYY 08/07/2026 07:05PM ET,08/07/2026 07:05PM ET,NYY,ATL,home,3.94,,,needs_review_new_player,identity_name_team_map,No reviewed normalized-name/team identity alias; do not auto-guess.
2026-08-07,2026-08-07T14:33:53.319605+00:00,2026-08-07,DraftKings official lineup CSV,https://www.draftkings.com/lineup/getavailableplayerscsv?contestTypeId=9&draftGroupId=151692,151692,9,Selected largest-prize regular Classic MLB draft group after excluding Turbo/Night/qualifier/satellite/showdown/snake/single-stat slates.,RP,Kevin Ginkel (43773462),Kevin Ginkel,43773462,P,4000,LAD@ARI 08/07/2026 09:40PM ET,08/07/2026 09:40PM ET,ARI,LAD,home,2.66,,,needs_review_new_player,identity_name_team_map,No reviewed normalized-name/team identity alias; do not auto-guess.
2026-08-07,2026-08-07T14:33:53.319605+00:00,2026-08-07,DraftKings official lineup CSV,https://www.draftkings.com/lineup/getavailableplayerscsv?contestTypeId=9&draftGroupId=151692,151692,9,Selected largest-prize regular Classic MLB draft group after excluding Turbo/Night/qualifier/satellite/showdown/snake/single-stat slates.,RP,Brandyn Garcia (43773463),Brandyn Garcia,43773463,P,4000,LAD@ARI 08/07/2026 09:40PM ET,08/07/2026 09:40PM ET,ARI,LAD,home,3,,,needs_review_new_player,identity_name_team_map,No reviewed normalized-name/team identity alias; do not auto-guess.
2026-08-07,2026-08-07T14:33:53.319605+00:00,2026-08-07,DraftKings official lineup CSV,https://www.draftkings.com/lineup/getavailableplayerscsv?contestTypeId=9&draftGroupId=151692,151692,9,Selected largest-prize regular Classic MLB draft group after excluding Turbo/Night/qualifier/satellite/showdown/snake/single-stat slates.,RP,Ryan Thompson (43773464),Ryan Thompson,43773464,P,4000,LAD@ARI 08/07/2026 09:40PM ET,08/07/2026 09:40PM ET,ARI,LAD,home,1.91,,,needs_review_new_player,identity_name_team_map,No reviewed normalized-name/team identity alias; do not auto-guess.
2026-08-07,2026-08-07T14:33:53.319605+00:00,2026-08-07,DraftKings official lineup CSV,https://www.draftkings.com/lineup/getavailableplayerscsv?contestTypeId=9&draftGroupId=151692,151692,9,Selected largest-prize regular Classic MLB draft group after excluding Turbo/Night/qualifier/satellite/showdown/snake/single-stat slates.,RP,Andrew Kittredge (43773465),Andrew Kittredge,43773465,P,4000,BAL@TEX 08/07/2026 08:15PM ET,08/07/2026 08:15PM ET,BAL,TEX,away,2,,,needs_review_new_player,identity_name_team_map,No reviewed normalized-name/team identity alias; do not auto-guess.
2026-08-07,2026-08-07T14:33:53.319605+00:00,2026-08-07,DraftKings official lineup CSV,https://www.draftkings.com/lineup/getavailableplayerscsv?contestTypeId=9&draftGroupId=151692,151692,9,Selected largest-prize regular Classic MLB draft group after excluding Turbo/Night/qualifier/satellite/showdown/snake/single-stat slates.,RP,Matt Svanson (43773466),Matt Svanson,43773466,P,4000,COL@STL 08/07/2026 08:15PM ET,08/07/2026 08:15PM ET,STL,COL,home,1.72,694335,Matt Svanson,mapped,identity_name_team_map,Stable identity seed from old DK-ID map. Pilot join status: matched via normalized_name_team
2026-08-07,2026-08-07T14:33:53.319605+00:00,2026-08-07,DraftKings official lineup CSV,https://www.draftkings.com/lineup/getavailableplayerscsv?contestTypeId=9&draftGroupId=151692,151692,9,Selected largest-prize regular Classic MLB draft group after excluding Turbo/Night/qualifier/satellite/showdown/snake/single-stat slates.,RP,Jayden Murray (43773467),Jayden Murray,43773467,P,4000,CHC@KC 08/07/2026 08:10PM ET,08/07/2026 08:10PM ET,CHC,KC,away,1.03,681151,Jayden Murray,needs_review_team_change,identity_name_unique_mlbam,Name maps to one reviewed MLBAM identity but not this DK team; review as team-change/new alias before trusting automation.
2026-08-07,2026-08-07T14:33:53.319605+00:00,2026-08-07,DraftKings official lineup CSV,https://www.draftkings.com/lineup/getavailableplayerscsv?contestTypeId=9&draftGroupId=151692,151692,9,Selected largest-prize regular Classic MLB draft group after excluding Turbo/Night/qualifier/satellite/showdown/snake/single-stat slates.,RP,Anthony Bender (43773468),Anthony Bender,43773468,P,4000,LAA@MIA 08/07/2026 07:10PM ET,08/07/2026 07:10PM ET,MIA,LAA,home,3.48,669622,Anthony Bender,mapped,identity_name_team_map,Proposed from review candidates; basis=exact normalized name + team; role-compatible; statcast_pitcher_2026; confidence=high; sources=statcast_pitcher_2026
2026-08-07,2026-08-07T14:33:53.319605+00:00,2026-08-07,DraftKings official lineup CSV,https://www.draftkings.com/lineup/getavailableplayerscsv?contestTypeId=9&draftGroupId=151692,151692,9,Selected largest-prize regular Classic MLB draft group after excluding Turbo/Night/qualifier/satellite/showdown/snake/single-stat slates.,RP,Bradgley Rodriguez (43773469),Bradgley Rodriguez,43773469,P,4000,HOU@SD 08/07/2026 09:40PM ET,08/07/2026 09:40PM ET,SD,HOU,home,3.61,699134,Bradgley Rodriguez,mapped,identity_name_team_map,Stable identity seed from old DK-ID map. Pilot join status: matched via normalized_name_team
2026-08-07,2026-08-07T14:33:53.319605+00:00,2026-08-07,DraftKings official lineup CSV,https://www.draftkings.com/lineup/getavailableplayerscsv?contestTypeId=9&draftGroupId=151692,151692,9,Selected largest-prize regular Classic MLB draft group after excluding Turbo/Night/qualifier/satellite/showdown/snake/single-stat slates.,RP,Tayler Saucedo (43773470),Tayler Saucedo,43773470,P,4000,LAA@MIA 08/07/2026 07:10PM ET,08/07/2026 07:10PM ET,LAA,MIA,away,2.11,642048,Tayler Saucedo,mapped,identity_name_team_map,Stable identity seed from old DK-ID map. Pilot join status: matched via normalized_name_team
2026-08-07,2026-08-07T14:33:53.319605+00:00,2026-08-07,DraftKings official lineup CSV,https://www.draftkings.com/lineup/getavailableplayerscsv?contestTypeId=9&draftGroupId=151692,151692,9,Selected largest-prize regular Classic MLB draft group after excluding Turbo/Night/qualifier/satellite/showdown/snake/single-stat slates.,RP,Gavin Collyer (43773471),Gavin Collyer,43773471,P,4000,BAL@TEX 08/07/2026 08:15PM ET,08/07/2026 08:15PM ET,TEX,BAL,home,2.16,686560,Gavin Collyer,mapped,identity_name_team_map,Stable identity seed from old DK-ID map. Pilot join status: matched via normalized_name_team
2026-08-07,2026-08-07T14:33:53.319605+00:00,2026-08-07,DraftKings official lineup CSV,https://www.draftkings.com/lineup/getavailableplayerscsv?contestTypeId=9&draftGroupId=151692,151692,9,Selected largest-prize regular Classic MLB draft group after excluding Turbo/Night/qualifier/satellite/showdown/snake/single-stat slates.,RP,Yennier Cano (43773472),Yennier Cano,43773472,P,4000,BAL@TEX 08/07/2026 08:15PM ET,08/07/2026 08:15PM ET,BAL,TEX,away,2.53,,,needs_review_new_player,identity_name_team_map,No reviewed normalized-name/team identity alias; do not auto-guess.
2026-08-07,2026-08-07T14:33:53.319605+00:00,2026-08-07,DraftKings official lineup CSV,https://www.draftkings.com/lineup/getavailableplayerscsv?contestTypeId=9&draftGroupId=151692,151692,9,Selected largest-prize regular Classic MLB draft group after excluding Turbo/Night/qualifier/satellite/showdown/snake/single-stat slates.,RP,Luis Curvelo (43773473),Luis Curvelo,43773473,P,4000,BAL@TEX 08/07/2026 08:15PM ET,08/07/2026 08:15PM ET,TEX,BAL,home,-0.13,681168,Luis Curvelo,mapped,identity_name_team_map,Stable identity seed from old DK-ID map. Pilot join status: matched via normalized_name_team
2026-08-07,2026-08-07T14:33:53.319605+00:00,2026-08-07,DraftKings official lineup CSV,https://www.draftkings.com/lineup/getavailableplayerscsv?contestTypeId=9&draftGroupId=151692,151692,9,Selected largest-prize regular Classic MLB draft group after excluding Turbo/Night/qualifier/satellite/showdown/snake/single-stat slates.,RP,Shelby Miller (43773474),Shelby Miller,43773474,P,4000,CHC@KC 08/07/2026 08:10PM ET,08/07/2026 08:10PM ET,CHC,KC,away,0,571946,Shelby Miller,mapped,identity_name_team_map,Stable identity seed from old DK-ID map. Pilot join status: matched_people_search_name via mlb_people_search_normalized_name
2026-08-07,2026-08-07T14:33:53.319605+00:00,2026-08-07,DraftKings official lineup CSV,https://www.draftkings.com/lineup/getavailableplayerscsv?contestTypeId=9&draftGroupId=151692,151692,9,Selected largest-prize regular Classic MLB draft group after excluding Turbo/Night/qualifier/satellite/showdown/snake/single-stat slates.,RP,Fernando Cruz (43773475),Fernando Cruz,43773475,P,4000,ATL@NYY 08/07/2026 07:05PM ET,08/07/2026 07:05PM ET,NYY,ATL,home,3.26,,,needs_review_new_player,identity_name_team_map,No reviewed normalized-name/team identity alias; do not auto-guess.
2026-08-07,2026-08-07T14:33:53.319605+00:00,2026-08-07,DraftKings official lineup CSV,https://www.draftkings.com/lineup/getavailableplayerscsv?contestTypeId=9&draftGroupId=151692,151692,9,Selected largest-prize regular Classic MLB draft group after excluding Turbo/Night/qualifier/satellite/showdown/snake/single-stat slates.,RP,Casey Legumina (43773476),Casey Legumina,43773476,P,4000,TB@SEA 08/07/2026 09:45PM ET,08/07/2026 09:45PM ET,TB,SEA,away,2.51,,,needs_review_new_player,identity_name_team_map,No reviewed normalized-name/team identity alias; do not auto-guess.
2026-08-07,2026-08-07T14:33:53.319605+00:00,2026-08-07,DraftKings official lineup CSV,https://www.draftkings.com/lineup/getavailableplayerscsv?contestTypeId=9&draftGroupId=151692,151692,9,Selected largest-prize regular Classic MLB draft group after excluding Turbo/Night/qualifier/satellite/showdown/snake/single-stat slates.,RP,Robby Ahlstrom (43773477),Robby Ahlstrom,43773477,P,4000,BAL@TEX 08/07/2026 08:15PM ET,08/07/2026 08:15PM ET,TEX,BAL,home,2.26,695239,Robby Ahlstrom,mapped,identity_name_team_map,Stable identity seed from old DK-ID map. Pilot join status: matched via normalized_name_team
2026-08-07,2026-08-07T14:33:53.319605+00:00,2026-08-07,DraftKings official lineup CSV,https://www.draftkings.com/lineup/getavailableplayerscsv?contestTypeId=9&draftGroupId=151692,151692,9,Selected largest-prize regular Classic MLB draft group after excluding Turbo/Night/qualifier/satellite/showdown/snake/single-stat slates.,RP,Josh Ekness (43773478),Josh Ekness,43773478,P,4000,LAA@MIA 08/07/2026 07:10PM ET,08/07/2026 07:10PM ET,MIA,LAA,home,2.49,694795,Josh Ekness,mapped,identity_name_team_map,Proposed from review candidates; basis=exact normalized name + team; role-compatible; statcast_pitcher_2026; confidence=high; sources=statcast_pitcher_2026
2026-08-07,2026-08-07T14:33:53.319605+00:00,2026-08-07,DraftKings official lineup CSV,https://www.draftkings.com/lineup/getavailableplayerscsv?contestTypeId=9&draftGroupId=151692,151692,9,Selected largest-prize regular Classic MLB draft group after excluding Turbo/Night/qualifier/satellite/showdown/snake/single-stat slates.,RP,Brant Hurter (43773479),Brant Hurter,43773479,P,4000,DET@SF 08/07/2026 10:15PM ET,08/07/2026 10:15PM ET,DET,SF,away,3.63,676428,Brant Hurter,mapped,identity_name_team_map,Proposed from review candidates; basis=exact normalized name + team; role-compatible; statcast_pitcher_2026; confidence=high; sources=statcast_pitcher_2026
2026-08-07,2026-08-07T14:33:53.319605+00:00,2026-08-07,DraftKings official lineup CSV,https://www.draftkings.com/lineup/getavailableplayerscsv?contestTypeId=9&draftGroupId=151692,151692,9,Selected largest-prize regular Classic MLB draft group after excluding Turbo/Night/qualifier/satellite/showdown/snake/single-stat slates.,RP,Taylor Clarke (43773480),Taylor Clarke,43773480,P,4000,LAD@ARI 08/07/2026 09:40PM ET,08/07/2026 09:40PM ET,ARI,LAD,home,2.54,,,needs_review_new_player,identity_name_team_map,No reviewed normalized-name/team identity alias; do not auto-guess.
2026-08-07,2026-08-07T14:33:53.319605+00:00,2026-08-07,DraftKings official lineup CSV,https://www.draftkings.com/lineup/getavailableplayerscsv?contestTypeId=9&draftGroupId=151692,151692,9,Selected largest-prize regular Classic MLB draft group after excluding Turbo/Night/qualifier/satellite/showdown/snake/single-stat slates.,RP,Ryan Helsley (43773481),Ryan Helsley,43773481,P,4000,BAL@TEX 08/07/2026 08:15PM ET,08/07/2026 08:15PM ET,BAL,TEX,away,2.9,,,needs_review_new_player,identity_name_team_map,No reviewed normalized-name/team identity alias; do not auto-guess.
2026-08-07,2026-08-07T14:33:53.319605+00:00,2026-08-07,DraftKings official lineup CSV,https://www.draftkings.com/lineup/getavailableplayerscsv?contestTypeId=9&draftGroupId=151692,151692,9,Selected largest-prize regular Classic MLB draft group after excluding Turbo/Night/qualifier/satellite/showdown/snake/single-stat slates.,RP,Brady Basso (43773482),Brady Basso,43773482,P,4000,ATH@BOS 08/07/2026 07:10PM ET,08/07/2026 07:10PM ET,ATH,BOS,away,2.58,669620,Brady Basso,mapped,identity_name_team_map,Stable identity seed from old DK-ID map. Pilot join status: matched via normalized_name_team
2026-08-07,2026-08-07T14:33:53.319605+00:00,2026-08-07,DraftKings official lineup CSV,https://www.draftkings.com/lineup/getavailableplayerscsv?contestTypeId=9&draftGroupId=151692,151692,9,Selected largest-prize regular Classic MLB draft group after excluding Turbo/Night/qualifier/satellite/showdown/snake/single-stat slates.,RP,Brenan Hanifee (43773483),Brenan Hanifee,43773483,P,4000,DET@SF 08/07/2026 10:15PM ET,08/07/2026 10:15PM ET,DET,SF,away,1.08,669724,Brenan Hanifee,mapped,identity_name_team_map,Proposed from review candidates; basis=exact normalized name + team; role-compatible; statcast_pitcher_2026; confidence=high; sources=statcast_pitcher_2026
2026-08-07,2026-08-07T14:33:53.319605+00:00,2026-08-07,DraftKings official lineup CSV,https://www.draftkings.com/lineup/getavailableplayerscsv?contestTypeId=9&draftGroupId=151692,151692,9,Selected largest-prize regular Classic MLB draft group after excluding Turbo/Night/qualifier/satellite/showdown/snake/single-stat slates.,RP,Jordan Hicks (43773484),Jordan Hicks,43773484,P,4000,CLE@CWS 08/07/2026 07:40PM ET,08/07/2026 07:40PM ET,CWS,CLE,home,2.78,663855,Jordan Hicks,mapped,identity_name_team_map,Stable identity seed from old DK-ID map. Pilot join status: matched via normalized_name_team
2026-08-07,2026-08-07T14:33:53.319605+00:00,2026-08-07,DraftKings official lineup CSV,https://www.draftkings.com/lineup/getavailableplayerscsv?contestTypeId=9&draftGroupId=151692,151692,9,Selected largest-prize regular Classic MLB draft group after excluding Turbo/Night/qualifier/satellite/showdown/snake/single-stat slates.,RP,Alex Cook (43773485),Alex Cook,43773485,P,4000,TB@SEA 08/07/2026 09:45PM ET,08/07/2026 09:45PM ET,TB,SEA,away,1.32,,,needs_review_new_player,identity_name_team_map,No reviewed normalized-name/team identity alias; do not auto-guess.
2026-08-07,2026-08-07T14:33:53.319605+00:00,2026-08-07,DraftKings official lineup CSV,https://www.draftkings.com/lineup/getavailableplayerscsv?contestTypeId=9&draftGroupId=151692,151692,9,Selected largest-prize regular Classic MLB draft group after excluding Turbo/Night/qualifier/satellite/showdown/snake/single-stat slates.,RP,Raisel Iglesias (43773486),Raisel Iglesias,43773486,P,4000,ATL@NYY 08/07/2026 07:05PM ET,08/07/2026 07:05PM ET,ATL,NYY,away,3.22,628452,Raisel Iglesias,mapped,identity_name_team_map,Stable identity seed from old DK-ID map. Pilot join status: matched via normalized_name_team
2026-08-07,2026-08-07T14:33:53.319605+00:00,2026-08-07,DraftKings official lineup CSV,https://www.draftkings.com/lineup/getavailableplayerscsv?contestTypeId=9&draftGroupId=151692,151692,9,Selected largest-prize regular Classic MLB draft group after excluding Turbo/Night/qualifier/satellite/showdown/snake/single-stat slates.,RP,Alimber Santa (43773487),Alimber Santa,43773487,P,4000,HOU@SD 08/07/2026 09:40PM ET,08/07/2026 09:40PM ET,HOU,SD,away,4.01,695001,Alimber Santa,mapped,identity_name_team_map,Stable identity seed from old DK-ID map. Pilot join status: matched via normalized_name_team
2026-08-07,2026-08-07T14:33:53.319605+00:00,2026-08-07,DraftKings official lineup CSV,https://www.draftkings.com/lineup/getavailableplayerscsv?contestTypeId=9&draftGroupId=151692,151692,9,Selected largest-prize regular Classic MLB draft group after excluding Turbo/Night/qualifier/satellite/showdown/snake/single-stat slates.,RP,Cam Sanders (43773488),Cam Sanders,43773488,P,4000,BAL@TEX 08/07/2026 08:15PM ET,08/07/2026 08:15PM ET,BAL,TEX,away,2.61,,,needs_review_new_player,identity_name_team_map,No reviewed normalized-name/team identity alias; do not auto-guess.
2026-08-07,2026-08-07T14:33:53.319605+00:00,2026-08-07,DraftKings official lineup CSV,https://www.draftkings.com/lineup/getavailableplayerscsv?contestTypeId=9&draftGroupId=151692,151692,9,Selected largest-prize regular Classic MLB draft group after excluding Turbo/Night/qualifier/satellite/showdown/snake/single-stat slates.,RP,Anthony Banda (43773489),Anthony Banda,43773489,P,4000,MIN@MIL 08/07/2026 07:40PM ET,08/07/2026 07:40PM ET,MIN,MIL,away,2.18,607455,Anthony Banda,mapped,identity_name_team_map,Proposed from review candidates; basis=exact normalized name + team; role-compatible; statcast_pitcher_2026; confidence=high; sources=statcast_pitcher_2026
2026-08-07,2026-08-07T14:33:53.319605+00:00,2026-08-07,DraftKings official lineup CSV,https://www.draftkings.com/lineup/getavailableplayerscsv?contestTypeId=9&draftGroupId=151692,151692,9,Selected largest-prize regular Classic MLB draft group after excluding Turbo/Night/qualifier/satellite/showdown/snake/single-stat slates.,RP,Taylor Rogers (43773490),Taylor Rogers,43773490,P,4000,MIN@MIL 08/07/2026 07:40PM ET,08/07/2026 07:40PM ET,MIN,MIL,away,2.03,573124,Taylor Rogers,mapped,identity_name_team_map,Proposed from review candidates; basis=exact normalized name + team; role-compatible; statcast_pitcher_2026; confidence=high; sources=statcast_pitcher_2026
2026-08-07,2026-08-07T14:33:53.319605+00:00,2026-08-07,DraftKings official lineup CSV,https://www.draftkings.com/lineup/getavailableplayerscsv?contestTypeId=9&draftGroupId=151692,151692,9,Selected largest-prize regular Classic MLB draft group after excluding Turbo/Night/qualifier/satellite/showdown/snake/single-stat slates.,RP,Jared Koenig (43773491),Jared Koenig,43773491,P,4000,MIN@MIL 08/07/2026 07:40PM ET,08/07/2026 07:40PM ET,MIL,MIN,home,0.42,657649,Jared Koenig,mapped,identity_name_team_map,Stable identity seed from old DK-ID map. Pilot join status: matched via normalized_name_team
2026-08-07,2026-08-07T14:33:53.319605+00:00,2026-08-07,DraftKings official lineup CSV,https://www.draftkings.com/lineup/getavailableplayerscsv?contestTypeId=9&draftGroupId=151692,151692,9,Selected largest-prize regular Classic MLB draft group after excluding Turbo/Night/qualifier/satellite/showdown/snake/single-stat slates.,RP,Paul Gervase (43773492),Paul Gervase,43773492,P,4000,LAD@ARI 08/07/2026 09:40PM ET,08/07/2026 09:40PM ET,LAD,ARI,away,5.51,,,needs_review_new_player,identity_name_team_map,No reviewed normalized-name/team identity alias; do not auto-guess.
2026-08-07,2026-08-07T14:33:53.319605+00:00,2026-08-07,DraftKings official lineup CSV,https://www.draftkings.com/lineup/getavailableplayerscsv?contestTypeId=9&draftGroupId=151692,151692,9,Selected largest-prize regular Classic MLB draft group after excluding Turbo/Night/qualifier/satellite/showdown/snake/single-stat slates.,RP,Wikelman Gonzalez (43773493),Wikelman Gonzalez,43773493,P,4000,CLE@CWS 08/07/2026 07:40PM ET,08/07/2026 07:40PM ET,CWS,CLE,home,0,682790,Wikelman González,mapped,identity_name_team_map,Stable identity seed from old DK-ID map. Pilot join status: matched_people_search_name via mlb_people_search_normalized_name
2026-08-07,2026-08-07T14:33:53.319605+00:00,2026-08-07,DraftKings official lineup CSV,https://www.draftkings.com/lineup/getavailableplayerscsv?contestTypeId=9&draftGroupId=151692,151692,9,Selected largest-prize regular Classic MLB draft group after excluding Turbo/Night/qualifier/satellite/showdown/snake/single-stat slates.,RP,Bryan Hudson (43773494),Bryan Hudson,43773494,P,4000,CLE@CWS 08/07/2026 07:40PM ET,08/07/2026 07:40PM ET,CWS,CLE,home,2.92,663542,Bryan Hudson,mapped,identity_name_team_map,Stable identity seed from old DK-ID map. Pilot join status: matched via normalized_name_team
2026-08-07,2026-08-07T14:33:53.319605+00:00,2026-08-07,DraftKings official lineup CSV,https://www.draftkings.com/lineup/getavailableplayerscsv?contestTypeId=9&draftGroupId=151692,151692,9,Selected largest-prize regular Classic MLB draft group after excluding Turbo/Night/qualifier/satellite/showdown/snake/single-stat slates.,RP,Jeremiah Estrada (43773495),Jeremiah Estrada,43773495,P,4000,HOU@SD 08/07/2026 09:40PM ET,08/07/2026 09:40PM ET,SD,HOU,home,3.26,669093,Jeremiah Estrada,mapped,identity_name_team_map,Stable identity seed from old DK-ID map. Pilot join status: matched via normalized_name_team
2026-08-07,2026-08-07T14:33:53.319605+00:00,2026-08-07,DraftKings official lineup CSV,https://www.draftkings.com/lineup/getavailableplayerscsv?contestTypeId=9&draftGroupId=151692,151692,9,Selected largest-prize regular Classic MLB draft group after excluding Turbo/Night/qualifier/satellite/showdown/snake/single-stat slates.,RP,Beck Way (43773496),Beck Way,43773496,P,4000,CHC@KC 08/07/2026 08:10PM ET,08/07/2026 08:10PM ET,KC,CHC,home,2.93,694360,Beck Way,mapped,identity_name_team_map,Stable identity seed from old DK-ID map. Pilot join status: matched via normalized_name_team
2026-08-07,2026-08-07T14:33:53.319605+00:00,2026-08-07,DraftKings official lineup CSV,https://www.draftkings.com/lineup/getavailableplayerscsv?contestTypeId=9&draftGroupId=151692,151692,9,Selected largest-prize regular Classic MLB draft group after excluding Turbo/Night/qualifier/satellite/showdown/snake/single-stat slates.,RP,Craig Yoho (43773497),Craig Yoho,43773497,P,4000,CLE@CWS 08/07/2026 07:40PM ET,08/07/2026 07:40PM ET,CLE,CWS,away,3.66,684974,Craig Yoho,needs_review_team_change,identity_name_unique_mlbam,Name maps to one reviewed MLBAM identity but not this DK team; review as team-change/new alias before trusting automation.
2026-08-07,2026-08-07T14:33:53.319605+00:00,2026-08-07,DraftKings official lineup CSV,https://www.draftkings.com/lineup/getavailableplayerscsv?contestTypeId=9&draftGroupId=151692,151692,9,Selected largest-prize regular Classic MLB draft group after excluding Turbo/Night/qualifier/satellite/showdown/snake/single-stat slates.,RP,Angel Chivilli (43773498),Angel Chivilli,43773498,P,4000,ATL@NYY 08/07/2026 07:05PM ET,08/07/2026 07:05PM ET,NYY,ATL,home,3.09,,,needs_review_new_player,identity_name_team_map,No reviewed normalized-name/team identity alias; do not auto-guess.
2026-08-07,2026-08-07T14:33:53.319605+00:00,2026-08-07,DraftKings official lineup CSV,https://www.draftkings.com/lineup/getavailableplayerscsv?contestTypeId=9&draftGroupId=151692,151692,9,Selected largest-prize regular Classic MLB draft group after excluding Turbo/Night/qualifier/satellite/showdown/snake/single-stat slates.,RP,Luis Gastelum (43773499),Luis Gastelum,43773499,P,4000,COL@STL 08/07/2026 08:15PM ET,08/07/2026 08:15PM ET,STL,COL,home,1.59,,,needs_review_new_player,identity_name_team_map,No reviewed normalized-name/team identity alias; do not auto-guess.
2026-08-07,2026-08-07T14:33:53.319605+00:00,2026-08-07,DraftKings official lineup CSV,https://www.draftkings.com/lineup/getavailableplayerscsv?contestTypeId=9&draftGroupId=151692,151692,9,Selected largest-prize regular Classic MLB draft group after excluding Turbo/Night/qualifier/satellite/showdown/snake/single-stat slates.,RP,Carlos Duran (43773500),Carlos Duran,43773500,P,4000,CHC@KC 08/07/2026 08:10PM ET,08/07/2026 08:10PM ET,KC,CHC,home,0,,,needs_review_new_player,identity_name_team_map,No reviewed normalized-name/team identity alias; do not auto-guess.
2026-08-07,2026-08-07T14:33:53.319605+00:00,2026-08-07,DraftKings official lineup CSV,https://www.draftkings.com/lineup/getavailableplayerscsv?contestTypeId=9&draftGroupId=151692,151692,9,Selected largest-prize regular Classic MLB draft group after excluding Turbo/Night/qualifier/satellite/showdown/snake/single-stat slates.,RP,Hunter Harvey (43773501),Hunter Harvey,43773501,P,4000,CHC@KC 08/07/2026 08:10PM ET,08/07/2026 08:10PM ET,CHC,KC,away,1.85,640451,Hunter Harvey,mapped,identity_name_team_map,Stable identity seed from old DK-ID map. Pilot join status: matched via normalized_name_team
2026-08-07,2026-08-07T14:33:53.319605+00:00,2026-08-07,DraftKings official lineup CSV,https://www.draftkings.com/lineup/getavailableplayerscsv?contestTypeId=9&draftGroupId=151692,151692,9,Selected largest-prize regular Classic MLB draft group after excluding Turbo/Night/qualifier/satellite/showdown/snake/single-stat slates.,RP,Shawn Armstrong (43773502),Shawn Armstrong,43773502,P,4000,CLE@CWS 08/07/2026 07:40PM ET,08/07/2026 07:40PM ET,CLE,CWS,away,2.16,,,needs_review_new_player,identity_name_team_map,No reviewed normalized-name/team identity alias; do not auto-guess.
2026-08-07,2026-08-07T14:33:53.319605+00:00,2026-08-07,DraftKings official lineup CSV,https://www.draftkings.com/lineup/getavailableplayerscsv?contestTypeId=9&draftGroupId=151692,151692,9,Selected largest-prize regular Classic MLB draft group after excluding Turbo/Night/qualifier/satellite/showdown/snake/single-stat slates.,RP,Grant Wolfram (43773503),Grant Wolfram,43773503,P,4000,BAL@TEX 08/07/2026 08:15PM ET,08/07/2026 08:15PM ET,BAL,TEX,away,2.39,,,needs_review_new_player,identity_name_team_map,No reviewed normalized-name/team identity alias; do not auto-guess.
2026-08-07,2026-08-07T14:33:53.319605+00:00,2026-08-07,DraftKings official lineup CSV,https://www.draftkings.com/lineup/getavailableplayerscsv?contestTypeId=9&draftGroupId=151692,151692,9,Selected largest-prize regular Classic MLB draft group after excluding Turbo/Night/qualifier/satellite/showdown/snake/single-stat slates.,RP,Trevor Martin (43773504),Trevor Martin,43773504,P,4000,TB@SEA 08/07/2026 09:45PM ET,08/07/2026 09:45PM ET,TB,SEA,away,2.92,,,needs_review_new_player,identity_name_team_map,No reviewed normalized-name/team identity alias; do not auto-guess.
2026-08-07,2026-08-07T14:33:53.319605+00:00,2026-08-07,DraftKings official lineup CSV,https://www.draftkings.com/lineup/getavailableplayerscsv?contestTypeId=9&draftGroupId=151692,151692,9,Selected largest-prize regular Classic MLB draft group after excluding Turbo/Night/qualifier/satellite/showdown/snake/single-stat slates.,RP,Eduard Bazardo (43773505),Eduard Bazardo,43773505,P,4000,TB@SEA 08/07/2026 09:45PM ET,08/07/2026 09:45PM ET,SEA,TB,home,2.79,,,needs_review_new_player,identity_name_team_map,No reviewed normalized-name/team identity alias; do not auto-guess.
2026-08-07,2026-08-07T14:33:53.319605+00:00,2026-08-07,DraftKings official lineup CSV,https://www.draftkings.com/lineup/getavailableplayerscsv?contestTypeId=9&draftGroupId=151692,151692,9,Selected largest-prize regular Classic MLB draft group after excluding Turbo/Night/qualifier/satellite/showdown/snake/single-stat slates.,RP,Calvin Faucher (43773506),Calvin Faucher,43773506,P,4000,LAA@MIA 08/07/2026 07:10PM ET,08/07/2026 07:10PM ET,MIA,LAA,home,2.93,676534,Calvin Faucher,mapped,identity_name_team_map,Proposed from review candidates; basis=exact normalized name + team; role-compatible; statcast_pitcher_2026; confidence=high; sources=statcast_pitcher_2026
2026-08-07,2026-08-07T14:33:53.319605+00:00,2026-08-07,DraftKings official lineup CSV,https://www.draftkings.com/lineup/getavailableplayerscsv?contestTypeId=9&draftGroupId=151692,151692,9,Selected largest-prize regular Classic MLB draft group after excluding Turbo/Night/qualifier/satellite/showdown/snake/single-stat slates.,RP,Edwin Uceta (43773507),Edwin Uceta,43773507,P,4000,TB@SEA 08/07/2026 09:45PM ET,08/07/2026 09:45PM ET,TB,SEA,away,0,,,needs_review_new_player,identity_name_team_map,No reviewed normalized-name/team identity alias; do not auto-guess.
2026-08-07,2026-08-07T14:33:53.319605+00:00,2026-08-07,DraftKings official lineup CSV,https://www.draftkings.com/lineup/getavailableplayerscsv?contestTypeId=9&draftGroupId=151692,151692,9,Selected largest-prize regular Classic MLB draft group after excluding Turbo/Night/qualifier/satellite/showdown/snake/single-stat slates.,RP,Jovani Moran (43773508),Jovani Moran,43773508,P,4000,ATH@BOS 08/07/2026 07:10PM ET,08/07/2026 07:10PM ET,BOS,ATH,home,4.76,,,needs_review_new_player,identity_name_team_map,No reviewed normalized-name/team identity alias; do not auto-guess.
2026-08-07,2026-08-07T14:33:53.319605+00:00,2026-08-07,DraftKings official lineup CSV,https://www.draftkings.com/lineup/getavailableplayerscsv?contestTypeId=9&draftGroupId=151692,151692,9,Selected largest-prize regular Classic MLB draft group after excluding Turbo/Night/qualifier/satellite/showdown/snake/single-stat slates.,RP,Justin Bruihl (43773509),Justin Bruihl,43773509,P,4000,COL@STL 08/07/2026 08:15PM ET,08/07/2026 08:15PM ET,STL,COL,home,2.17,677865,Justin Bruihl,mapped,identity_name_team_map,Stable identity seed from old DK-ID map. Pilot join status: matched via normalized_name_team
2026-08-07,2026-08-07T14:33:53.319605+00:00,2026-08-07,DraftKings official lineup CSV,https://www.draftkings.com/lineup/getavailableplayerscsv?contestTypeId=9&draftGroupId=151692,151692,9,Selected largest-prize regular Classic MLB draft group after excluding Turbo/Night/qualifier/satellite/showdown/snake/single-stat slates.,RP,Jalen Beeks (43773510),Jalen Beeks,43773510,P,4000,BAL@TEX 08/07/2026 08:15PM ET,08/07/2026 08:15PM ET,TEX,BAL,home,2.24,656222,Jalen Beeks,mapped,identity_name_team_map,Stable identity seed from old DK-ID map. Pilot join status: matched via normalized_name_team
2026-08-07,2026-08-07T14:33:53.319605+00:00,2026-08-07,DraftKings official lineup CSV,https://www.draftkings.com/lineup/getavailableplayerscsv?contestTypeId=9&draftGroupId=151692,151692,9,Selected largest-prize regular Classic MLB draft group after excluding Turbo/Night/qualifier/satellite/showdown/snake/single-stat slates.,RP,Hogan Harris (43773511),Hogan Harris,43773511,P,4000,ATH@BOS 08/07/2026 07:10PM ET,08/07/2026 07:10PM ET,ATH,BOS,away,3.19,663687,Hogan Harris,mapped,identity_name_team_map,Stable identity seed from old DK-ID map. Pilot join status: matched via normalized_name_team
2026-08-07,2026-08-07T14:33:53.319605+00:00,2026-08-07,DraftKings official lineup CSV,https://www.draftkings.com/lineup/getavailableplayerscsv?contestTypeId=9&draftGroupId=151692,151692,9,Selected largest-prize regular Classic MLB draft group after excluding Turbo/Night/qualifier/satellite/showdown/snake/single-stat slates.,RP,Zach Brzykcy (43773512),Zach Brzykcy,43773512,P,4000,LAA@MIA 08/07/2026 07:10PM ET,08/07/2026 07:10PM ET,MIA,LAA,home,2.88,694350,Zach Brzykcy,mapped,identity_name_team_map,Proposed from review candidates; basis=exact normalized name + team; role-compatible; statcast_pitcher_2026; confidence=high; sources=statcast_pitcher_2026
2026-08-07,2026-08-07T14:33:53.319605+00:00,2026-08-07,DraftKings official lineup CSV,https://www.draftkings.com/lineup/getavailableplayerscsv?contestTypeId=9&draftGroupId=151692,151692,9,Selected largest-prize regular Classic MLB draft group after excluding Turbo/Night/qualifier/satellite/showdown/snake/single-stat slates.,RP,Jordan Leasure (43773513),Jordan Leasure,43773513,P,4000,CLE@CWS 08/07/2026 07:40PM ET,08/07/2026 07:40PM ET,CWS,CLE,home,2.57,673929,Jordan Leasure,mapped,identity_name_team_map,Stable identity seed from old DK-ID map. Pilot join status: matched via normalized_name_team
2026-08-07,2026-08-07T14:33:53.319605+00:00,2026-08-07,DraftKings official lineup CSV,https://www.draftkings.com/lineup/getavailableplayerscsv?contestTypeId=9&draftGroupId=151692,151692,9,Selected largest-prize regular Classic MLB draft group after excluding Turbo/Night/qualifier/satellite/showdown/snake/single-stat slates.,RP,Spencer Bivens (43773514),Spencer Bivens,43773514,P,4000,DET@SF 08/07/2026 10:15PM ET,08/07/2026 10:15PM ET,SF,DET,home,4.05,702352,Spencer Bivens,mapped,identity_name_team_map,Stable identity seed from old DK-ID map. Pilot join status: matched_people_search_name via mlb_people_search_normalized_name
2026-08-07,2026-08-07T14:33:53.319605+00:00,2026-08-07,DraftKings official lineup CSV,https://www.draftkings.com/lineup/getavailableplayerscsv?contestTypeId=9&draftGroupId=151692,151692,9,Selected largest-prize regular Classic MLB draft group after excluding Turbo/Night/qualifier/satellite/showdown/snake/single-stat slates.,RP,Josh White (43773515),Josh White,43773515,P,4000,LAA@MIA 08/07/2026 07:10PM ET,08/07/2026 07:10PM ET,MIA,LAA,home,-10.1,687985,Josh White,mapped,identity_name_team_map,Proposed from review candidates; basis=exact normalized name + team; role-compatible; statcast_pitcher_2026; confidence=high; sources=statcast_pitcher_2026
2026-08-07,2026-08-07T14:33:53.319605+00:00,2026-08-07,DraftKings official lineup CSV,https://www.draftkings.com/lineup/getavailableplayerscsv?contestTypeId=9&draftGroupId=151692,151692,9,Selected largest-prize regular Classic MLB draft group after excluding Turbo/Night/qualifier/satellite/showdown/snake/single-stat slates.,RP,Jeff Criswell (43773516),Jeff Criswell,43773516,P,4000,COL@STL 08/07/2026 08:15PM ET,08/07/2026 08:15PM ET,COL,STL,away,2.27,676105,Jeff Criswell,mapped,identity_name_team_map,Stable identity seed from old DK-ID map. Pilot join status: matched_people_search_name via mlb_people_search_normalized_name
2026-08-07,2026-08-07T14:33:53.319605+00:00,2026-08-07,DraftKings official lineup CSV,https://www.draftkings.com/lineup/getavailableplayerscsv?contestTypeId=9&draftGroupId=151692,151692,9,Selected largest-prize regular Classic MLB draft group after excluding Turbo/Night/qualifier/satellite/showdown/snake/single-stat slates.,RP,Tanner Scott (43773517),Tanner Scott,43773517,P,4000,LAD@ARI 08/07/2026 09:40PM ET,08/07/2026 09:40PM ET,LAD,ARI,away,3.65,,,needs_review_new_player,identity_name_team_map,No reviewed normalized-name/team identity alias; do not auto-guess.
2026-08-07,2026-08-07T14:33:53.319605+00:00,2026-08-07,DraftKings official lineup CSV,https://www.draftkings.com/lineup/getavailableplayerscsv?contestTypeId=9&draftGroupId=151692,151692,9,Selected largest-prize regular Classic MLB draft group after excluding Turbo/Night/qualifier/satellite/showdown/snake/single-stat slates.,RP,Hayden Harris (43773518),Hayden Harris,43773518,P,4000,ATL@NYY 08/07/2026 07:05PM ET,08/07/2026 07:05PM ET,ATL,NYY,away,0,802686,Hayden Harris,mapped,identity_name_team_map,Stable identity seed from old DK-ID map. Pilot join status: matched_people_search_name via mlb_people_search_normalized_name
2026-08-07,2026-08-07T14:33:53.319605+00:00,2026-08-07,DraftKings official lineup CSV,https://www.draftkings.com/lineup/getavailableplayerscsv?contestTypeId=9&draftGroupId=151692,151692,9,Selected largest-prize regular Classic MLB draft group after excluding Turbo/Night/qualifier/satellite/showdown/snake/single-stat slates.,RP,Brent Headrick (43773519),Brent Headrick,43773519,P,4000,ATL@NYY 08/07/2026 07:05PM ET,08/07/2026 07:05PM ET,NYY,ATL,home,4.07,,,needs_review_new_player,identity_name_team_map,No reviewed normalized-name/team identity alias; do not auto-guess.
2026-08-07,2026-08-07T14:33:53.319605+00:00,2026-08-07,DraftKings official lineup CSV,https://www.draftkings.com/lineup/getavailableplayerscsv?contestTypeId=9&draftGroupId=151692,151692,9,Selected largest-prize regular Classic MLB draft group after excluding Turbo/Night/qualifier/satellite/showdown/snake/single-stat slates.,RP,Evan Phillips (43773520),Evan Phillips,43773520,P,4000,LAD@ARI 08/07/2026 09:40PM ET,08/07/2026 09:40PM ET,LAD,ARI,away,1.98,,,needs_review_new_player,identity_name_team_map,No reviewed normalized-name/team identity alias; do not auto-guess.
2026-08-07,2026-08-07T14:33:53.319605+00:00,2026-08-07,DraftKings official lineup CSV,https://www.draftkings.com/lineup/getavailableplayerscsv?contestTypeId=9&draftGroupId=151692,151692,9,Selected largest-prize regular Classic MLB draft group after excluding Turbo/Night/qualifier/satellite/showdown/snake/single-stat slates.,RP,Hunter Stratton (43773521),Hunter Stratton,43773521,P,4000,HOU@SD 08/07/2026 09:40PM ET,08/07/2026 09:40PM ET,SD,HOU,home,1.97,676702,Hunter Stratton,needs_review_team_change,identity_name_unique_mlbam,Name maps to one reviewed MLBAM identity but not this DK team; review as team-change/new alias before trusting automation.
2026-08-07,2026-08-07T14:33:53.319605+00:00,2026-08-07,DraftKings official lineup CSV,https://www.draftkings.com/lineup/getavailableplayerscsv?contestTypeId=9&draftGroupId=151692,151692,9,Selected largest-prize regular Classic MLB draft group after excluding Turbo/Night/qualifier/satellite/showdown/snake/single-stat slates.,RP,Chris Roycroft (43773522),Chris Roycroft,43773522,P,4000,TB@SEA 08/07/2026 09:45PM ET,08/07/2026 09:45PM ET,TB,SEA,away,1.04,688297,Chris Roycroft,needs_review_team_change,identity_name_unique_mlbam,Name maps to one reviewed MLBAM identity but not this DK team; review as team-change/new alias before trusting automation.
2026-08-07,2026-08-07T14:33:53.319605+00:00,2026-08-07,DraftKings official lineup CSV,https://www.draftkings.com/lineup/getavailableplayerscsv?contestTypeId=9&draftGroupId=151692,151692,9,Selected largest-prize regular Classic MLB draft group after excluding Turbo/Night/qualifier/satellite/showdown/snake/single-stat slates.,SP,Riley O'Brien (43773523),Riley O'Brien,43773523,P,4000,COL@STL 08/07/2026 08:15PM ET,08/07/2026 08:15PM ET,STL,COL,home,3.01,676617,Riley O'Brien,mapped,identity_name_team_map,Stable identity seed from old DK-ID map. Pilot join status: matched via normalized_name_team
2026-08-07,2026-08-07T14:33:53.319605+00:00,2026-08-07,DraftKings official lineup CSV,https://www.draftkings.com/lineup/getavailableplayerscsv?contestTypeId=9&draftGroupId=151692,151692,9,Selected largest-prize regular Classic MLB draft group after excluding Turbo/Night/qualifier/satellite/showdown/snake/single-stat slates.,RP,Philip Abner (43773524),Philip Abner,43773524,P,4000,LAD@ARI 08/07/2026 09:40PM ET,08/07/2026 09:40PM ET,ARI,LAD,home,1.62,,,needs_review_new_player,identity_name_team_map,No reviewed normalized-name/team identity alias; do not auto-guess.
2026-08-07,2026-08-07T14:33:53.319605+00:00,2026-08-07,DraftKings official lineup CSV,https://www.draftkings.com/lineup/getavailableplayerscsv?contestTypeId=9&draftGroupId=151692,151692,9,Selected largest-prize regular Classic MLB draft group after excluding Turbo/Night/qualifier/satellite/showdown/snake/single-stat slates.,RP,Manuel Rodriguez (43773525),Manuel Rodriguez,43773525,P,4000,TB@SEA 08/07/2026 09:45PM ET,08/07/2026 09:45PM ET,TB,SEA,away,0,,,needs_review_new_player,identity_name_team_map,No reviewed normalized-name/team identity alias; do not auto-guess.
2026-08-07,2026-08-07T14:33:53.319605+00:00,2026-08-07,DraftKings official lineup CSV,https://www.draftkings.com/lineup/getavailableplayerscsv?contestTypeId=9&draftGroupId=151692,151692,9,Selected largest-prize regular Classic MLB draft group after excluding Turbo/Night/qualifier/satellite/showdown/snake/single-stat slates.,RP,Jose A. Ferrer (43773526),Jose A. Ferrer,43773526,P,4000,TB@SEA 08/07/2026 09:45PM ET,08/07/2026 09:45PM ET,SEA,TB,home,2.38,,,needs_review_new_player,identity_name_team_map,No reviewed normalized-name/team identity alias; do not auto-guess.
2026-08-07,2026-08-07T14:33:53.319605+00:00,2026-08-07,DraftKings official lineup CSV,https://www.draftkings.com/lineup/getavailableplayerscsv?contestTypeId=9&draftGroupId=151692,151692,9,Selected largest-prize regular Classic MLB draft group after excluding Turbo/Night/qualifier/satellite/showdown/snake/single-stat slates.,RP,Juan Morillo (43773527),Juan Morillo,43773527,P,4000,LAD@ARI 08/07/2026 09:40PM ET,08/07/2026 09:40PM ET,ARI,LAD,home,3.44,,,needs_review_new_player,identity_name_team_map,No reviewed normalized-name/team identity alias; do not auto-guess.
2026-08-07,2026-08-07T14:33:53.319605+00:00,2026-08-07,DraftKings official lineup CSV,https://www.draftkings.com/lineup/getavailableplayerscsv?contestTypeId=9&draftGroupId=151692,151692,9,Selected largest-prize regular Classic MLB draft group after excluding Turbo/Night/qualifier/satellite/showdown/snake/single-stat slates.,RP,Bryan Abreu (43773528),Bryan Abreu,43773528,P,4000,HOU@SD 08/07/2026 09:40PM ET,08/07/2026 09:40PM ET,HOU,SD,away,3.02,650556,Bryan Abreu,mapped,identity_name_team_map,Stable identity seed from old DK-ID map. Pilot join status: matched via normalized_name_team
2026-08-07,2026-08-07T14:33:53.319605+00:00,2026-08-07,DraftKings official lineup CSV,https://www.draftkings.com/lineup/getavailableplayerscsv?contestTypeId=9&draftGroupId=151692,151692,9,Selected largest-prize regular Classic MLB draft group after excluding Turbo/Night/qualifier/satellite/showdown/snake/single-stat slates.,RP,Sean Newcomb (43773529),Sean Newcomb,43773529,P,4000,CLE@CWS 08/07/2026 07:40PM ET,08/07/2026 07:40PM ET,CWS,CLE,home,4.19,656794,Sean Newcomb,mapped,identity_name_team_map,Stable identity seed from old DK-ID map. Pilot join status: matched via normalized_name_team
2026-08-07,2026-08-07T14:33:53.319605+00:00,2026-08-07,DraftKings official lineup CSV,https://www.draftkings.com/lineup/getavailableplayerscsv?contestTypeId=9&draftGroupId=151692,151692,9,Selected largest-prize regular Classic MLB draft group after excluding Turbo/Night/qualifier/satellite/showdown/snake/single-stat slates.,RP,Brooks Kriske (43773530),Brooks Kriske,43773530,P,4000,ATH@BOS 08/07/2026 07:10PM ET,08/07/2026 07:10PM ET,ATH,BOS,away,4.1,621139,Brooks Kriske,mapped,identity_name_team_map,Stable identity seed from old DK-ID map. Pilot join status: matched via normalized_name_team
2026-08-07,2026-08-07T14:33:53.319605+00:00,2026-08-07,DraftKings official lineup CSV,https://www.draftkings.com/lineup/getavailableplayerscsv?contestTypeId=9&draftGroupId=151692,151692,9,Selected largest-prize regular Classic MLB draft group after excluding Turbo/Night/qualifier/satellite/showdown/snake/single-stat slates.,RP,Matt Brash (43773531),Matt Brash,43773531,P,4000,TB@SEA 08/07/2026 09:45PM ET,08/07/2026 09:45PM ET,SEA,TB,home,3.36,,,needs_review_new_player,identity_name_team_map,No reviewed normalized-name/team identity alias; do not auto-guess.
2026-08-07,2026-08-07T14:33:53.319605+00:00,2026-08-07,DraftKings official lineup CSV,https://www.draftkings.com/lineup/getavailableplayerscsv?contestTypeId=9&draftGroupId=151692,151692,9,Selected largest-prize regular Classic MLB draft group after excluding Turbo/Night/qualifier/satellite/showdown/snake/single-stat slates.,RP,Carlos Vargas (43773532),Carlos Vargas,43773532,P,4000,TB@SEA 08/07/2026 09:45PM ET,08/07/2026 09:45PM ET,SEA,TB,home,0,,,needs_review_new_player,identity_name_team_map,No reviewed normalized-name/team identity alias; do not auto-guess.
2026-08-07,2026-08-07T14:33:53.319605+00:00,2026-08-07,DraftKings official lineup CSV,https://www.draftkings.com/lineup/getavailableplayerscsv?contestTypeId=9&draftGroupId=151692,151692,9,Selected largest-prize regular Classic MLB draft group after excluding Turbo/Night/qualifier/satellite/showdown/snake/single-stat slates.,RP,Cole Sulser (43773533),Cole Sulser,43773533,P,4000,TB@SEA 08/07/2026 09:45PM ET,08/07/2026 09:45PM ET,TB,SEA,away,2.92,,,needs_review_new_player,identity_name_team_map,No reviewed normalized-name/team identity alias; do not auto-guess.
2026-08-07,2026-08-07T14:33:53.319605+00:00,2026-08-07,DraftKings official lineup CSV,https://www.draftkings.com/lineup/getavailableplayerscsv?contestTypeId=9&draftGroupId=151692,151692,9,Selected largest-prize regular Classic MLB draft group after excluding Turbo/Night/qualifier/satellite/showdown/snake/single-stat slates.,RP,Carlos Estevez (43773534),Carlos Estevez,43773534,P,4000,CHC@KC 08/07/2026 08:10PM ET,08/07/2026 08:10PM ET,KC,CHC,home,-14.85,608032,Carlos Estévez,mapped,identity_name_team_map,Stable identity seed from old DK-ID map. Pilot join status: matched via normalized_name_team
2026-08-07,2026-08-07T14:33:53.319605+00:00,2026-08-07,DraftKings official lineup CSV,https://www.draftkings.com/lineup/getavailableplayerscsv?contestTypeId=9&draftGroupId=151692,151692,9,Selected largest-prize regular Classic MLB draft group after excluding Turbo/Night/qualifier/satellite/showdown/snake/single-stat slates.,RP,Cole Wilcox (43773535),Cole Wilcox,43773535,P,4000,TB@SEA 08/07/2026 09:45PM ET,08/07/2026 09:45PM ET,SEA,TB,home,2.83,,,needs_review_new_player,identity_name_team_map,No reviewed normalized-name/team identity alias; do not auto-guess.
2026-08-07,2026-08-07T14:33:53.319605+00:00,2026-08-07,DraftKings official lineup CSV,https://www.draftkings.com/lineup/getavailableplayerscsv?contestTypeId=9&draftGroupId=151692,151692,9,Selected largest-prize regular Classic MLB draft group after excluding Turbo/Night/qualifier/satellite/showdown/snake/single-stat slates.,RP,Franco Aleman (43773536),Franco Aleman,43773536,P,4000,CLE@CWS 08/07/2026 07:40PM ET,08/07/2026 07:40PM ET,CLE,CWS,away,3.06,,,needs_review_new_player,identity_name_team_map,No reviewed normalized-name/team identity alias; do not auto-guess.
2026-08-07,2026-08-07T14:33:53.319605+00:00,2026-08-07,DraftKings official lineup CSV,https://www.draftkings.com/lineup/getavailableplayerscsv?contestTypeId=9&draftGroupId=151692,151692,9,Selected largest-prize regular Classic MLB draft group after excluding Turbo/Night/qualifier/satellite/showdown/snake/single-stat slates.,RP,Nolan Hoffman (43773537),Nolan Hoffman,43773537,P,4000,CHC@KC 08/07/2026 08:10PM ET,08/07/2026 08:10PM ET,KC,CHC,home,1.7,676510,Nolan Hoffman,needs_review_team_change,identity_name_unique_mlbam,Name maps to one reviewed MLBAM identity but not this DK team; review as team-change/new alias before trusting automation.
2026-08-07,2026-08-07T14:33:53.319605+00:00,2026-08-07,DraftKings official lineup CSV,https://www.draftkings.com/lineup/getavailableplayerscsv?contestTypeId=9&draftGroupId=151692,151692,9,Selected largest-prize regular Classic MLB draft group after excluding Turbo/Night/qualifier/satellite/showdown/snake/single-stat slates.,RP,Andrew Walters (43773538),Andrew Walters,43773538,P,4000,CLE@CWS 08/07/2026 07:40PM ET,08/07/2026 07:40PM ET,CLE,CWS,away,0,,,needs_review_new_player,identity_name_team_map,No reviewed normalized-name/team identity alias; do not auto-guess.
2026-08-07,2026-08-07T14:33:53.319605+00:00,2026-08-07,DraftKings official lineup CSV,https://www.draftkings.com/lineup/getavailableplayerscsv?contestTypeId=9&draftGroupId=151692,151692,9,Selected largest-prize regular Classic MLB draft group after excluding Turbo/Night/qualifier/satellite/showdown/snake/single-stat slates.,RP,Edwin Diaz (43773539),Edwin Diaz,43773539,P,4000,LAD@ARI 08/07/2026 09:40PM ET,08/07/2026 09:40PM ET,LAD,ARI,away,1.89,,,needs_review_new_player,identity_name_team_map,No reviewed normalized-name/team identity alias; do not auto-guess.
2026-08-07,2026-08-07T14:33:53.319605+00:00,2026-08-07,DraftKings official lineup CSV,https://www.draftkings.com/lineup/getavailableplayerscsv?contestTypeId=9&draftGroupId=151692,151692,9,Selected largest-prize regular Classic MLB draft group after excluding Turbo/Night/qualifier/satellite/showdown/snake/single-stat slates.,RP,Kenley Jansen (43773540),Kenley Jansen,43773540,P,4000,DET@SF 08/07/2026 10:15PM ET,08/07/2026 10:15PM ET,DET,SF,away,2.86,445276,Kenley Jansen,mapped,identity_name_team_map,Proposed from review candidates; basis=exact normalized name + team; role-compatible; statcast_pitcher_2026; confidence=high; sources=statcast_pitcher_2026
2026-08-07,2026-08-07T14:33:53.319605+00:00,2026-08-07,DraftKings official lineup CSV,https://www.draftkings.com/lineup/getavailableplayerscsv?contestTypeId=9&draftGroupId=151692,151692,9,Selected largest-prize regular Classic MLB draft group after excluding Turbo/Night/qualifier/satellite/showdown/snake/single-stat slates.,RP,Joel Kuhnel (43773541),Joel Kuhnel,43773541,P,4000,MIN@MIL 08/07/2026 07:40PM ET,08/07/2026 07:40PM ET,MIL,MIN,home,1.63,669270,Joel Kuhnel,mapped,identity_name_team_map,Stable identity seed from old DK-ID map. Pilot join status: matched via normalized_name_team
2026-08-07,2026-08-07T14:33:53.319605+00:00,2026-08-07,DraftKings official lineup CSV,https://www.draftkings.com/lineup/getavailableplayerscsv?contestTypeId=9&draftGroupId=151692,151692,9,Selected largest-prize regular Classic MLB draft group after excluding Turbo/Night/qualifier/satellite/showdown/snake/single-stat slates.,RP,Hoby Milner (43773542),Hoby Milner,43773542,P,4000,CHC@KC 08/07/2026 08:10PM ET,08/07/2026 08:10PM ET,CHC,KC,away,1.7,571948,Hoby Milner,mapped,identity_name_team_map,Stable identity seed from old DK-ID map. Pilot join status: matched via normalized_name_team
2026-08-07,2026-08-07T14:33:53.319605+00:00,2026-08-07,DraftKings official lineup CSV,https://www.draftkings.com/lineup/getavailableplayerscsv?contestTypeId=9&draftGroupId=151692,151692,9,Selected largest-prize regular Classic MLB draft group after excluding Turbo/Night/qualifier/satellite/showdown/snake/single-stat slates.,RP,Ryan Rolison (43773543),Ryan Rolison,43773543,P,4000,CHC@KC 08/07/2026 08:10PM ET,08/07/2026 08:10PM ET,CHC,KC,away,3.95,669020,Ryan Rolison,mapped,identity_name_team_map,Stable identity seed from old DK-ID map. Pilot join status: matched via normalized_name_team
2026-08-07,2026-08-07T14:33:53.319605+00:00,2026-08-07,DraftKings official lineup CSV,https://www.draftkings.com/lineup/getavailableplayerscsv?contestTypeId=9&draftGroupId=151692,151692,9,Selected largest-prize regular Classic MLB draft group after excluding Turbo/Night/qualifier/satellite/showdown/snake/single-stat slates.,RP,Brennan Bernardino (43773544),Brennan Bernardino,43773544,P,4000,COL@STL 08/07/2026 08:15PM ET,08/07/2026 08:15PM ET,COL,STL,away,2.34,657514,Brennan Bernardino,mapped,identity_name_team_map,Stable identity seed from old DK-ID map. Pilot join status: matched via normalized_name_team
2026-08-07,2026-08-07T14:33:53.319605+00:00,2026-08-07,DraftKings official lineup CSV,https://www.draftkings.com/lineup/getavailableplayerscsv?contestTypeId=9&draftGroupId=151692,151692,9,Selected largest-prize regular Classic MLB draft group after excluding Turbo/Night/qualifier/satellite/showdown/snake/single-stat slates.,RP,Erik Sabrowski (43773545),Erik Sabrowski,43773545,P,4000,CLE@CWS 08/07/2026 07:40PM ET,08/07/2026 07:40PM ET,CLE,CWS,away,3.42,,,needs_review_new_player,identity_name_team_map,No reviewed normalized-name/team identity alias; do not auto-guess.
2026-08-07,2026-08-07T14:33:53.319605+00:00,2026-08-07,DraftKings official lineup CSV,https://www.draftkings.com/lineup/getavailableplayerscsv?contestTypeId=9&draftGroupId=151692,151692,9,Selected largest-prize regular Classic MLB draft group after excluding Turbo/Night/qualifier/satellite/showdown/snake/single-stat slates.,RP,Drew Sommers (43773546),Drew Sommers,43773546,P,4000,DET@SF 08/07/2026 10:15PM ET,08/07/2026 10:15PM ET,DET,SF,away,2.36,805427,Drew Sommers,mapped,identity_name_team_map,Proposed from review candidates; basis=exact normalized name + team; role-compatible; statcast_pitcher_2026; confidence=high; sources=statcast_pitcher_2026
2026-08-07,2026-08-07T14:33:53.319605+00:00,2026-08-07,DraftKings official lineup CSV,https://www.draftkings.com/lineup/getavailableplayerscsv?contestTypeId=9&draftGroupId=151692,151692,9,Selected largest-prize regular Classic MLB draft group after excluding Turbo/Night/qualifier/satellite/showdown/snake/single-stat slates.,RP,A.J. Minter (43773547),A.J. Minter,43773547,P,4000,MIN@MIL 08/07/2026 07:40PM ET,08/07/2026 07:40PM ET,MIN,MIL,away,2.82,621345,A.J. Minter,needs_review_team_change,identity_name_unique_mlbam,Name maps to one reviewed MLBAM identity but not this DK team; review as team-change/new alias before trusting automation.
2026-08-07,2026-08-07T14:33:53.319605+00:00,2026-08-07,DraftKings official lineup CSV,https://www.draftkings.com/lineup/getavailableplayerscsv?contestTypeId=9&draftGroupId=151692,151692,9,Selected largest-prize regular Classic MLB draft group after excluding Turbo/Night/qualifier/satellite/showdown/snake/single-stat slates.,RP,Felix Bautista (43773548),Felix Bautista,43773548,P,4000,BAL@TEX 08/07/2026 08:15PM ET,08/07/2026 08:15PM ET,BAL,TEX,away,0,,,needs_review_new_player,identity_name_team_map,No reviewed normalized-name/team identity alias; do not auto-guess.
2026-08-07,2026-08-07T14:33:53.319605+00:00,2026-08-07,DraftKings official lineup CSV,https://www.draftkings.com/lineup/getavailableplayerscsv?contestTypeId=9&draftGroupId=151692,151692,9,Selected largest-prize regular Classic MLB draft group after excluding Turbo/Night/qualifier/satellite/showdown/snake/single-stat slates.,RP,Garrett Stallings (43773549),Garrett Stallings,43773549,P,4000,MIN@MIL 08/07/2026 07:40PM ET,08/07/2026 07:40PM ET,MIL,MIN,home,8.1,,,needs_review_new_player,identity_name_team_map,No reviewed normalized-name/team identity alias; do not auto-guess.
2026-08-07,2026-08-07T14:33:53.319605+00:00,2026-08-07,DraftKings official lineup CSV,https://www.draftkings.com/lineup/getavailableplayerscsv?contestTypeId=9&draftGroupId=151692,151692,9,Selected largest-prize regular Classic MLB draft group after excluding Turbo/Night/qualifier/satellite/showdown/snake/single-stat slates.,RP,Bryan Hoeing (43773550),Bryan Hoeing,43773550,P,4000,HOU@SD 08/07/2026 09:40PM ET,08/07/2026 09:40PM ET,SD,HOU,home,0,663773,Bryan Hoeing,mapped,identity_name_team_map,Stable identity seed from old DK-ID map. Pilot join status: matched_people_search_name via mlb_people_search_normalized_name
2026-08-07,2026-08-07T14:33:53.319605+00:00,2026-08-07,DraftKings official lineup CSV,https://www.draftkings.com/lineup/getavailableplayerscsv?contestTypeId=9&draftGroupId=151692,151692,9,Selected largest-prize regular Classic MLB draft group after excluding Turbo/Night/qualifier/satellite/showdown/snake/single-stat slates.,RP,Huascar Brazoban (43773551),Huascar Brazoban,43773551,P,4000,CLE@CWS 08/07/2026 07:40PM ET,08/07/2026 07:40PM ET,CWS,CLE,home,3.74,623211,Huascar Brazobán,needs_review_team_change,identity_name_unique_mlbam,Name maps to one reviewed MLBAM identity but not this DK team; review as team-change/new alias before trusting automation.
2026-08-07,2026-08-07T14:33:53.319605+00:00,2026-08-07,DraftKings official lineup CSV,https://www.draftkings.com/lineup/getavailableplayerscsv?contestTypeId=9&draftGroupId=151692,151692,9,Selected largest-prize regular Classic MLB draft group after excluding Turbo/Night/qualifier/satellite/showdown/snake/single-stat slates.,RP,David Morgan (43773552),David Morgan,43773552,P,4000,HOU@SD 08/07/2026 09:40PM ET,08/07/2026 09:40PM ET,SD,HOU,home,3.46,688158,David Morgan,mapped,identity_name_team_map,Stable identity seed from old DK-ID map. Pilot join status: matched via normalized_name_team
2026-08-07,2026-08-07T14:33:53.319605+00:00,2026-08-07,DraftKings official lineup CSV,https://www.draftkings.com/lineup/getavailableplayerscsv?contestTypeId=9&draftGroupId=151692,151692,9,Selected largest-prize regular Classic MLB draft group after excluding Turbo/Night/qualifier/satellite/showdown/snake/single-stat slates.,RP,Brent Suter (43773553),Brent Suter,43773553,P,4000,ATL@NYY 08/07/2026 07:05PM ET,08/07/2026 07:05PM ET,ATL,NYY,away,3.67,608718,Brent Suter,needs_review_team_change,identity_name_unique_mlbam,Name maps to one reviewed MLBAM identity but not this DK team; review as team-change/new alias before trusting automation.
2026-08-07,2026-08-07T14:33:53.319605+00:00,2026-08-07,DraftKings official lineup CSV,https://www.draftkings.com/lineup/getavailableplayerscsv?contestTypeId=9&draftGroupId=151692,151692,9,Selected largest-prize regular Classic MLB draft group after excluding Turbo/Night/qualifier/satellite/showdown/snake/single-stat slates.,RP,Jonathan Hernandez (43773554),Jonathan Hernandez,43773554,P,4000,LAD@ARI 08/07/2026 09:40PM ET,08/07/2026 09:40PM ET,LAD,ARI,away,2.04,,,needs_review_new_player,identity_name_team_map,No reviewed normalized-name/team identity alias; do not auto-guess.
2026-08-07,2026-08-07T14:33:53.319605+00:00,2026-08-07,DraftKings official lineup CSV,https://www.draftkings.com/lineup/getavailableplayerscsv?contestTypeId=9&draftGroupId=151692,151692,9,Selected largest-prize regular Classic MLB draft group after excluding Turbo/Night/qualifier/satellite/showdown/snake/single-stat slates.,RP,Aaron Bummer (43773555),Aaron Bummer,43773555,P,4000,CHC@KC 08/07/2026 08:10PM ET,08/07/2026 08:10PM ET,KC,CHC,home,0.38,,,needs_review_new_player,identity_name_team_map,No reviewed normalized-name/team identity alias; do not auto-guess.
2026-08-07,2026-08-07T14:33:53.319605+00:00,2026-08-07,DraftKings official lineup CSV,https://www.draftkings.com/lineup/getavailableplayerscsv?contestTypeId=9&draftGroupId=151692,151692,9,Selected largest-prize regular Classic MLB draft group after excluding Turbo/Night/qualifier/satellite/showdown/snake/single-stat slates.,RP,Abner Uribe (43773556),Abner Uribe,43773556,P,4000,MIN@MIL 08/07/2026 07:40PM ET,08/07/2026 07:40PM ET,MIL,MIN,home,3.48,682842,Abner Uribe,mapped,identity_name_team_map,Stable identity seed from old DK-ID map. Pilot join status: matched via normalized_name_team
2026-08-07,2026-08-07T14:33:53.319605+00:00,2026-08-07,DraftKings official lineup CSV,https://www.draftkings.com/lineup/getavailableplayerscsv?contestTypeId=9&draftGroupId=151692,151692,9,Selected largest-prize regular Classic MLB draft group after excluding Turbo/Night/qualifier/satellite/showdown/snake/single-stat slates.,RP,Trent Thornton (43773557),Trent Thornton,43773557,P,4000,CHC@KC 08/07/2026 08:10PM ET,08/07/2026 08:10PM ET,CHC,KC,away,2.66,663423,Trent Thornton,mapped,identity_name_team_map,Stable identity seed from old DK-ID map. Pilot join status: matched via normalized_name_team
2026-08-07,2026-08-07T14:33:53.319605+00:00,2026-08-07,DraftKings official lineup CSV,https://www.draftkings.com/lineup/getavailableplayerscsv?contestTypeId=9&draftGroupId=151692,151692,9,Selected largest-prize regular Classic MLB draft group after excluding Turbo/Night/qualifier/satellite/showdown/snake/single-stat slates.,RP,Alek Jacob (43773558),Alek Jacob,43773558,P,4000,HOU@SD 08/07/2026 09:40PM ET,08/07/2026 09:40PM ET,SD,HOU,home,5.48,689690,Alek Jacob,mapped,identity_name_team_map,Stable identity seed from old DK-ID map. Pilot join status: matched via normalized_name_team
2026-08-07,2026-08-07T14:33:53.319605+00:00,2026-08-07,DraftKings official lineup CSV,https://www.draftkings.com/lineup/getavailableplayerscsv?contestTypeId=9&draftGroupId=151692,151692,9,Selected largest-prize regular Classic MLB draft group after excluding Turbo/Night/qualifier/satellite/showdown/snake/single-stat slates.,RP,Troy Taylor (43773559),Troy Taylor,43773559,P,4000,TB@SEA 08/07/2026 09:45PM ET,08/07/2026 09:45PM ET,SEA,TB,home,0,,,needs_review_new_player,identity_name_team_map,No reviewed normalized-name/team identity alias; do not auto-guess.
2026-08-07,2026-08-07T14:33:53.319605+00:00,2026-08-07,DraftKings official lineup CSV,https://www.draftkings.com/lineup/getavailableplayerscsv?contestTypeId=9&draftGroupId=151692,151692,9,Selected largest-prize regular Classic MLB draft group after excluding Turbo/Night/qualifier/satellite/showdown/snake/single-stat slates.,RP,Welinton Herrera (43773560),Welinton Herrera,43773560,P,4000,COL@STL 08/07/2026 08:15PM ET,08/07/2026 08:15PM ET,COL,STL,away,2.48,700327,Welinton Herrera,mapped,identity_name_team_map,Stable identity seed from old DK-ID map. Pilot join status: matched via normalized_name_team
2026-08-07,2026-08-07T14:33:53.319605+00:00,2026-08-07,DraftKings official lineup CSV,https://www.draftkings.com/lineup/getavailableplayerscsv?contestTypeId=9&draftGroupId=151692,151692,9,Selected largest-prize regular Classic MLB draft group after excluding Turbo/Night/qualifier/satellite/showdown/snake/single-stat slates.,RP,Cade Smith (43773561),Cade Smith,43773561,P,4000,CLE@CWS 08/07/2026 07:40PM ET,08/07/2026 07:40PM ET,CLE,CWS,away,4.32,,,needs_review_new_player,identity_name_team_map,No reviewed normalized-name/team identity alias; do not auto-guess.
2026-08-07,2026-08-07T14:33:53.319605+00:00,2026-08-07,DraftKings official lineup CSV,https://www.draftkings.com/lineup/getavailableplayerscsv?contestTypeId=9&draftGroupId=151692,151692,9,Selected largest-prize regular Classic MLB draft group after excluding Turbo/Night/qualifier/satellite/showdown/snake/single-stat slates.,RP,Brendan Beck (43773562),Brendan Beck,43773562,P,4000,ATL@NYY 08/07/2026 07:05PM ET,08/07/2026 07:05PM ET,NYY,ATL,home,0.9,,,needs_review_new_player,identity_name_team_map,No reviewed normalized-name/team identity alias; do not auto-guess.
2026-08-07,2026-08-07T14:33:53.319605+00:00,2026-08-07,DraftKings official lineup CSV,https://www.draftkings.com/lineup/getavailableplayerscsv?contestTypeId=9&draftGroupId=151692,151692,9,Selected largest-prize regular Classic MLB draft group after excluding Turbo/Night/qualifier/satellite/showdown/snake/single-stat slates.,SP,Duncan Davitt (43773563),Duncan Davitt,43773563,P,4000,ATL@NYY 08/07/2026 07:05PM ET,08/07/2026 07:05PM ET,ATL,NYY,away,1.35,701474,Duncan Davitt,needs_review_team_change,identity_name_unique_mlbam,Name maps to one reviewed MLBAM identity but not this DK team; review as team-change/new alias before trusting automation.
2026-08-07,2026-08-07T14:33:53.319605+00:00,2026-08-07,DraftKings official lineup CSV,https://www.draftkings.com/lineup/getavailableplayerscsv?contestTypeId=9&draftGroupId=151692,151692,9,Selected largest-prize regular Classic MLB draft group after excluding Turbo/Night/qualifier/satellite/showdown/snake/single-stat slates.,RP,Peyton Gray (43773564),Peyton Gray,43773564,P,4000,BAL@TEX 08/07/2026 08:15PM ET,08/07/2026 08:15PM ET,TEX,BAL,home,3.86,682608,Peyton Gray,mapped,identity_name_team_map,Stable identity seed from old DK-ID map. Pilot join status: matched via normalized_name_team
2026-08-07,2026-08-07T14:33:53.319605+00:00,2026-08-07,DraftKings official lineup CSV,https://www.draftkings.com/lineup/getavailableplayerscsv?contestTypeId=9&draftGroupId=151692,151692,9,Selected largest-prize regular Classic MLB draft group after excluding Turbo/Night/qualifier/satellite/showdown/snake/single-stat slates.,RP,Taylor Rashi (43773565),Taylor Rashi,43773565,P,4000,MIN@MIL 08/07/2026 07:40PM ET,08/07/2026 07:40PM ET,MIN,MIL,away,3.28,,,needs_review_new_player,identity_name_team_map,No reviewed normalized-name/team identity alias; do not auto-guess.
2026-08-07,2026-08-07T14:33:53.319605+00:00,2026-08-07,DraftKings official lineup CSV,https://www.draftkings.com/lineup/getavailableplayerscsv?contestTypeId=9&draftGroupId=151692,151692,9,Selected largest-prize regular Classic MLB draft group after excluding Turbo/Night/qualifier/satellite/showdown/snake/single-stat slates.,RP,Juan Mejia (43773566),Juan Mejia,43773566,P,4000,COL@STL 08/07/2026 08:15PM ET,08/07/2026 08:15PM ET,COL,STL,away,2.49,675848,Juan Mejia,mapped,identity_name_team_map,Stable identity seed from old DK-ID map. Pilot join status: matched via normalized_name_team
2026-08-07,2026-08-07T14:33:53.319605+00:00,2026-08-07,DraftKings official lineup CSV,https://www.draftkings.com/lineup/getavailableplayerscsv?contestTypeId=9&draftGroupId=151692,151692,9,Selected largest-prize regular Classic MLB draft group after excluding Turbo/Night/qualifier/satellite/showdown/snake/single-stat slates.,RP,Yuki Matsui (43773567),Yuki Matsui,43773567,P,4000,HOU@SD 08/07/2026 09:40PM ET,08/07/2026 09:40PM ET,SD,HOU,home,4.53,673513,Yuki Matsui,mapped,identity_name_team_map,Stable identity seed from old DK-ID map. Pilot join status: matched via normalized_name_team
2026-08-07,2026-08-07T14:33:53.319605+00:00,2026-08-07,DraftKings official lineup CSV,https://www.draftkings.com/lineup/getavailableplayerscsv?contestTypeId=9&draftGroupId=151692,151692,9,Selected largest-prize regular Classic MLB draft group after excluding Turbo/Night/qualifier/satellite/showdown/snake/single-stat slates.,RP,Erik Miller (43773568),Erik Miller,43773568,P,4000,ATH@BOS 08/07/2026 07:10PM ET,08/07/2026 07:10PM ET,BOS,ATH,home,3.37,669062,Erik Miller,needs_review_team_change,identity_name_unique_mlbam,Name maps to one reviewed MLBAM identity but not this DK team; review as team-change/new alias before trusting automation.
2026-08-07,2026-08-07T14:33:53.319605+00:00,2026-08-07,DraftKings official lineup CSV,https://www.draftkings.com/lineup/getavailableplayerscsv?contestTypeId=9&draftGroupId=151692,151692,9,Selected largest-prize regular Classic MLB draft group after excluding Turbo/Night/qualifier/satellite/showdown/snake/single-stat slates.,RP,Andrew Morris (43773569),Andrew Morris,43773569,P,4000,MIN@MIL 08/07/2026 07:40PM ET,08/07/2026 07:40PM ET,MIN,MIL,away,3.71,702193,Andrew Morris,mapped,identity_name_team_map,Proposed from review candidates; basis=exact normalized name + team; role-compatible; statcast_pitcher_2026; confidence=high; sources=statcast_pitcher_2026
2026-08-07,2026-08-07T14:33:53.319605+00:00,2026-08-07,DraftKings official lineup CSV,https://www.draftkings.com/lineup/getavailableplayerscsv?contestTypeId=9&draftGroupId=151692,151692,9,Selected largest-prize regular Classic MLB draft group after excluding Turbo/Night/qualifier/satellite/showdown/snake/single-stat slates.,RP,Tyron Guerrero (43773570),Tyron Guerrero,43773570,P,4000,ATH@BOS 08/07/2026 07:10PM ET,08/07/2026 07:10PM ET,BOS,ATH,home,3.62,,,needs_review_new_player,identity_name_team_map,No reviewed normalized-name/team identity alias; do not auto-guess.
2026-08-07,2026-08-07T14:33:53.319605+00:00,2026-08-07,DraftKings official lineup CSV,https://www.draftkings.com/lineup/getavailableplayerscsv?contestTypeId=9&draftGroupId=151692,151692,9,Selected largest-prize regular Classic MLB draft group after excluding Turbo/Night/qualifier/satellite/showdown/snake/single-stat slates.,RP,Brandan Bidois (43773571),Brandan Bidois,43773571,P,4000,LAA@MIA 08/07/2026 07:10PM ET,08/07/2026 07:10PM ET,MIA,LAA,home,2.27,,,needs_review_new_player,identity_name_team_map,No reviewed normalized-name/team identity alias; do not auto-guess.
2026-08-07,2026-08-07T14:33:53.319605+00:00,2026-08-07,DraftKings official lineup CSV,https://www.draftkings.com/lineup/getavailableplayerscsv?contestTypeId=9&draftGroupId=151692,151692,9,Selected largest-prize regular Classic MLB draft group after excluding Turbo/Night/qualifier/satellite/showdown/snake/single-stat slates.,RP,Caleb Thielbar (43773572),Caleb Thielbar,43773572,P,4000,CHC@KC 08/07/2026 08:10PM ET,08/07/2026 08:10PM ET,CHC,KC,away,2.74,573204,Caleb Thielbar,mapped,identity_name_team_map,Stable identity seed from old DK-ID map. Pilot join status: matched via normalized_name_team
2026-08-07,2026-08-07T14:33:53.319605+00:00,2026-08-07,DraftKings official lineup CSV,https://www.draftkings.com/lineup/getavailableplayerscsv?contestTypeId=9&draftGroupId=151692,151692,9,Selected largest-prize regular Classic MLB draft group after excluding Turbo/Night/qualifier/satellite/showdown/snake/single-stat slates.,RP,Emiliano Teodo (43773573),Emiliano Teodo,43773573,P,4000,BAL@TEX 08/07/2026 08:15PM ET,08/07/2026 08:15PM ET,TEX,BAL,home,-1.25,693713,Emiliano Teodo,mapped,identity_name_team_map,Stable identity seed from old DK-ID map. Pilot join status: matched_people_search_name via mlb_people_search_normalized_name
2026-08-07,2026-08-07T14:33:53.319605+00:00,2026-08-07,DraftKings official lineup CSV,https://www.draftkings.com/lineup/getavailableplayerscsv?contestTypeId=9&draftGroupId=151692,151692,9,Selected largest-prize regular Classic MLB draft group after excluding Turbo/Night/qualifier/satellite/showdown/snake/single-stat slates.,RP,Michael Petersen (43773574),Michael Petersen,43773574,P,4000,LAA@MIA 08/07/2026 07:10PM ET,08/07/2026 07:10PM ET,MIA,LAA,home,3.4,656848,Michael Petersen,mapped,identity_name_team_map,Proposed from review candidates; basis=exact normalized name + team; role-compatible; statcast_pitcher_2026; confidence=high; sources=statcast_pitcher_2026
2026-08-07,2026-08-07T14:33:53.319605+00:00,2026-08-07,DraftKings official lineup CSV,https://www.draftkings.com/lineup/getavailableplayerscsv?contestTypeId=9&draftGroupId=151692,151692,9,Selected largest-prize regular Classic MLB draft group after excluding Turbo/Night/qualifier/satellite/showdown/snake/single-stat slates.,RP,JoJo Romero (43773575),JoJo Romero,43773575,P,4000,MIN@MIL 08/07/2026 07:40PM ET,08/07/2026 07:40PM ET,MIL,MIN,home,2.7,668941,JoJo Romero,needs_review_team_change,identity_name_unique_mlbam,Name maps to one reviewed MLBAM identity but not this DK team; review as team-change/new alias before trusting automation.
2026-08-07,2026-08-07T14:33:53.319605+00:00,2026-08-07,DraftKings official lineup CSV,https://www.draftkings.com/lineup/getavailableplayerscsv?contestTypeId=9&draftGroupId=151692,151692,9,Selected largest-prize regular Classic MLB draft group after excluding Turbo/Night/qualifier/satellite/showdown/snake/single-stat slates.,RP,TJ Shook (43773576),TJ Shook,43773576,P,4000,COL@STL 08/07/2026 08:15PM ET,08/07/2026 08:15PM ET,COL,STL,away,1.54,669298,TJ Shook,mapped,identity_name_team_map,Stable identity seed from old DK-ID map. Pilot join status: matched via normalized_name_team
2026-08-07,2026-08-07T14:33:53.319605+00:00,2026-08-07,DraftKings official lineup CSV,https://www.draftkings.com/lineup/getavailableplayerscsv?contestTypeId=9&draftGroupId=151692,151692,9,Selected largest-prize regular Classic MLB draft group after excluding Turbo/Night/qualifier/satellite/showdown/snake/single-stat slates.,RP,Hunter Gaddis (43773577),Hunter Gaddis,43773577,P,4000,CLE@CWS 08/07/2026 07:40PM ET,08/07/2026 07:40PM ET,CLE,CWS,away,2.13,,,needs_review_new_player,identity_name_team_map,No reviewed normalized-name/team identity alias; do not auto-guess.
2026-08-07,2026-08-07T14:33:53.319605+00:00,2026-08-07,DraftKings official lineup CSV,https://www.draftkings.com/lineup/getavailableplayerscsv?contestTypeId=9&draftGroupId=151692,151692,9,Selected largest-prize regular Classic MLB draft group after excluding Turbo/Night/qualifier/satellite/showdown/snake/single-stat slates.,RP,Bryan King (43773578),Bryan King,43773578,P,4000,HOU@SD 08/07/2026 09:40PM ET,08/07/2026 09:40PM ET,HOU,SD,away,2.42,687911,Bryan King,mapped,identity_name_team_map,Stable identity seed from old DK-ID map. Pilot join status: matched via normalized_name_team
2026-08-07,2026-08-07T14:33:53.319605+00:00,2026-08-07,DraftKings official lineup CSV,https://www.draftkings.com/lineup/getavailableplayerscsv?contestTypeId=9&draftGroupId=151692,151692,9,Selected largest-prize regular Classic MLB draft group after excluding Turbo/Night/qualifier/satellite/showdown/snake/single-stat slates.,RP,Zack Kelly (43773579),Zack Kelly,43773579,P,4000,ATH@BOS 08/07/2026 07:10PM ET,08/07/2026 07:10PM ET,BOS,ATH,home,2.21,,,needs_review_new_player,identity_name_team_map,No reviewed normalized-name/team identity alias; do not auto-guess.
2026-08-07,2026-08-07T14:33:53.319605+00:00,2026-08-07,DraftKings official lineup CSV,https://www.draftkings.com/lineup/getavailableplayerscsv?contestTypeId=9&draftGroupId=151692,151692,9,Selected largest-prize regular Classic MLB draft group after excluding Turbo/Night/qualifier/satellite/showdown/snake/single-stat slates.,RP,Kyle Finnegan (43773580),Kyle Finnegan,43773580,P,4000,DET@SF 08/07/2026 10:15PM ET,08/07/2026 10:15PM ET,DET,SF,away,2.18,640448,Kyle Finnegan,mapped,identity_name_team_map,Proposed from review candidates; basis=exact normalized name + team; role-compatible; statcast_pitcher_2026; confidence=high; sources=statcast_pitcher_2026
2026-08-07,2026-08-07T14:33:53.319605+00:00,2026-08-07,DraftKings official lineup CSV,https://www.draftkings.com/lineup/getavailableplayerscsv?contestTypeId=9&draftGroupId=151692,151692,9,Selected largest-prize regular Classic MLB draft group after excluding Turbo/Night/qualifier/satellite/showdown/snake/single-stat slates.,RP,Cole Sands (43773581),Cole Sands,43773581,P,4000,MIN@MIL 08/07/2026 07:40PM ET,08/07/2026 07:40PM ET,MIN,MIL,away,1.42,663485,Cole Sands,mapped,identity_name_team_map,Proposed from review candidates; basis=exact normalized name + team; role-compatible; statcast_pitcher_2026; confidence=high; sources=statcast_pitcher_2026
2026-08-07,2026-08-07T14:33:53.319605+00:00,2026-08-07,DraftKings official lineup CSV,https://www.draftkings.com/lineup/getavailableplayerscsv?contestTypeId=9&draftGroupId=151692,151692,9,Selected largest-prize regular Classic MLB draft group after excluding Turbo/Night/qualifier/satellite/showdown/snake/single-stat slates.,RP,Kyle Hurt (43773582),Kyle Hurt,43773582,P,4000,LAD@ARI 08/07/2026 09:40PM ET,08/07/2026 09:40PM ET,LAD,ARI,away,3.31,,,needs_review_new_player,identity_name_team_map,No reviewed normalized-name/team identity alias; do not auto-guess.
2026-08-07,2026-08-07T14:33:53.319605+00:00,2026-08-07,DraftKings official lineup CSV,https://www.draftkings.com/lineup/getavailableplayerscsv?contestTypeId=9&draftGroupId=151692,151692,9,Selected largest-prize regular Classic MLB draft group after excluding Turbo/Night/qualifier/satellite/showdown/snake/single-stat slates.,RP,Mason Miller (43773583),Mason Miller,43773583,P,4000,HOU@SD 08/07/2026 09:40PM ET,08/07/2026 09:40PM ET,SD,HOU,home,5.93,695243,Mason Miller,mapped,identity_name_team_map,Stable identity seed from old DK-ID map. Pilot join status: matched via normalized_name_team
2026-08-07,2026-08-07T14:33:53.319605+00:00,2026-08-07,DraftKings official lineup CSV,https://www.draftkings.com/lineup/getavailableplayerscsv?contestTypeId=9&draftGroupId=151692,151692,9,Selected largest-prize regular Classic MLB draft group after excluding Turbo/Night/qualifier/satellite/showdown/snake/single-stat slates.,RP,Daniel Palencia (43773584),Daniel Palencia,43773584,P,4000,CHC@KC 08/07/2026 08:10PM ET,08/07/2026 08:10PM ET,CHC,KC,away,3.14,694037,Daniel Palencia,mapped,identity_name_team_map,Stable identity seed from old DK-ID map. Pilot join status: matched via normalized_name_team
2026-08-07,2026-08-07T14:33:53.319605+00:00,2026-08-07,DraftKings official lineup CSV,https://www.draftkings.com/lineup/getavailableplayerscsv?contestTypeId=9&draftGroupId=151692,151692,9,Selected largest-prize regular Classic MLB draft group after excluding Turbo/Night/qualifier/satellite/showdown/snake/single-stat slates.,RP,Justin Sterner (43773585),Justin Sterner,43773585,P,4000,ATH@BOS 08/07/2026 07:10PM ET,08/07/2026 07:10PM ET,ATH,BOS,away,1.97,686993,Justin Sterner,mapped,identity_name_team_map,Stable identity seed from old DK-ID map. Pilot join status: matched via normalized_name_team
2026-08-07,2026-08-07T14:33:53.319605+00:00,2026-08-07,DraftKings official lineup CSV,https://www.draftkings.com/lineup/getavailableplayerscsv?contestTypeId=9&draftGroupId=151692,151692,9,Selected largest-prize regular Classic MLB draft group after excluding Turbo/Night/qualifier/satellite/showdown/snake/single-stat slates.,RP,Aroldis Chapman (43773586),Aroldis Chapman,43773586,P,4000,ATH@BOS 08/07/2026 07:10PM ET,08/07/2026 07:10PM ET,BOS,ATH,home,3.77,,,needs_review_new_player,identity_name_team_map,No reviewed normalized-name/team identity alias; do not auto-guess.
2026-08-07,2026-08-07T14:33:53.319605+00:00,2026-08-07,DraftKings official lineup CSV,https://www.draftkings.com/lineup/getavailableplayerscsv?contestTypeId=9&draftGroupId=151692,151692,9,Selected largest-prize regular Classic MLB draft group after excluding Turbo/Night/qualifier/satellite/showdown/snake/single-stat slates.,RP,Angel Zerpa (43773587),Angel Zerpa,43773587,P,4000,MIN@MIL 08/07/2026 07:40PM ET,08/07/2026 07:40PM ET,MIL,MIN,home,1.11,672582,Angel Zerpa,mapped,identity_name_team_map,Stable identity seed from old DK-ID map. Pilot join status: matched via normalized_name_team
2026-08-07,2026-08-07T14:33:53.319605+00:00,2026-08-07,DraftKings official lineup CSV,https://www.draftkings.com/lineup/getavailableplayerscsv?contestTypeId=9&draftGroupId=151692,151692,9,Selected largest-prize regular Classic MLB draft group after excluding Turbo/Night/qualifier/satellite/showdown/snake/single-stat slates.,RP,Randy Rodriguez (43773588),Randy Rodriguez,43773588,P,4000,DET@SF 08/07/2026 10:15PM ET,08/07/2026 10:15PM ET,SF,DET,home,0,678495,Randy Rodríguez,mapped,identity_name_team_map,Stable identity seed from old DK-ID map. Pilot join status: matched_people_search_name via mlb_people_search_normalized_name
2026-08-07,2026-08-07T14:33:53.319605+00:00,2026-08-07,DraftKings official lineup CSV,https://www.draftkings.com/lineup/getavailableplayerscsv?contestTypeId=9&draftGroupId=151692,151692,9,Selected largest-prize regular Classic MLB draft group after excluding Turbo/Night/qualifier/satellite/showdown/snake/single-stat slates.,RP,Tyler Uberstine (43773589),Tyler Uberstine,43773589,P,4000,ATL@NYY 08/07/2026 07:05PM ET,08/07/2026 07:05PM ET,ATL,NYY,away,5.6,,,needs_review_new_player,identity_name_team_map,No reviewed normalized-name/team identity alias; do not auto-guess.
2026-08-07,2026-08-07T14:33:53.319605+00:00,2026-08-07,DraftKings official lineup CSV,https://www.draftkings.com/lineup/getavailableplayerscsv?contestTypeId=9&draftGroupId=151692,151692,9,Selected largest-prize regular Classic MLB draft group after excluding Turbo/Night/qualifier/satellite/showdown/snake/single-stat slates.,RP,Tyler Kinley (43773590),Tyler Kinley,43773590,P,4000,ATL@NYY 08/07/2026 07:05PM ET,08/07/2026 07:05PM ET,ATL,NYY,away,2.72,641755,Tyler Kinley,mapped,identity_name_team_map,Stable identity seed from old DK-ID map. Pilot join status: matched via normalized_name_team
2026-08-07,2026-08-07T14:33:53.319605+00:00,2026-08-07,DraftKings official lineup CSV,https://www.draftkings.com/lineup/getavailableplayerscsv?contestTypeId=9&draftGroupId=151692,151692,9,Selected largest-prize regular Classic MLB draft group after excluding Turbo/Night/qualifier/satellite/showdown/snake/single-stat slates.,RP,Seranthony Dominguez (43773591),Seranthony Dominguez,43773591,P,4000,TB@SEA 08/07/2026 09:45PM ET,08/07/2026 09:45PM ET,SEA,TB,home,2.72,622554,Seranthony Domínguez,needs_review_team_change,identity_name_unique_mlbam,Name maps to one reviewed MLBAM identity but not this DK team; review as team-change/new alias before trusting automation.
2026-08-07,2026-08-07T14:33:53.319605+00:00,2026-08-07,DraftKings official lineup CSV,https://www.draftkings.com/lineup/getavailableplayerscsv?contestTypeId=9&draftGroupId=151692,151692,9,Selected largest-prize regular Classic MLB draft group after excluding Turbo/Night/qualifier/satellite/showdown/snake/single-stat slates.,RP,Logan VanWey (43773592),Logan VanWey,43773592,P,4000,HOU@SD 08/07/2026 09:40PM ET,08/07/2026 09:40PM ET,HOU,SD,away,4.5,701121,Logan VanWey,mapped,identity_name_team_map,Stable identity seed from old DK-ID map. Pilot join status: matched via normalized_name_team
2026-08-07,2026-08-07T14:33:53.319605+00:00,2026-08-07,DraftKings official lineup CSV,https://www.draftkings.com/lineup/getavailableplayerscsv?contestTypeId=9&draftGroupId=151692,151692,9,Selected largest-prize regular Classic MLB draft group after excluding Turbo/Night/qualifier/satellite/showdown/snake/single-stat slates.,RP,Jordan Romano (43773593),Jordan Romano,43773593,P,4000,COL@STL 08/07/2026 08:15PM ET,08/07/2026 08:15PM ET,COL,STL,away,2.12,,,needs_review_new_player,identity_name_team_map,No reviewed normalized-name/team identity alias; do not auto-guess.
2026-08-07,2026-08-07T14:33:53.319605+00:00,2026-08-07,DraftKings official lineup CSV,https://www.draftkings.com/lineup/getavailableplayerscsv?contestTypeId=9&draftGroupId=151692,151692,9,Selected largest-prize regular Classic MLB draft group after excluding Turbo/Night/qualifier/satellite/showdown/snake/single-stat slates.,RP,Tyler Davis (43773594),Tyler Davis,43773594,P,4000,CLE@CWS 08/07/2026 07:40PM ET,08/07/2026 07:40PM ET,CWS,CLE,home,2.84,699823,Tyler Davis,mapped,identity_name_team_map,Stable identity seed from old DK-ID map. Pilot join status: matched via normalized_name_team
2026-08-07,2026-08-07T14:33:53.319605+00:00,2026-08-07,DraftKings official lineup CSV,https://www.draftkings.com/lineup/getavailableplayerscsv?contestTypeId=9&draftGroupId=151692,151692,9,Selected largest-prize regular Classic MLB draft group after excluding Turbo/Night/qualifier/satellite/showdown/snake/single-stat slates.,RP,Robert Garcia (43773595),Robert Garcia,43773595,P,4000,BAL@TEX 08/07/2026 08:15PM ET,08/07/2026 08:15PM ET,TEX,BAL,home,1.87,676395,Robert Garcia,mapped,identity_name_team_map,Stable identity seed from old DK-ID map. Pilot join status: matched via normalized_name_team
2026-08-07,2026-08-07T14:33:53.319605+00:00,2026-08-07,DraftKings official lineup CSV,https://www.draftkings.com/lineup/getavailableplayerscsv?contestTypeId=9&draftGroupId=151692,151692,9,Selected largest-prize regular Classic MLB draft group after excluding Turbo/Night/qualifier/satellite/showdown/snake/single-stat slates.,RP,Josh Walker (43773596),Josh Walker,43773596,P,4000,BAL@TEX 08/07/2026 08:15PM ET,08/07/2026 08:15PM ET,BAL,TEX,away,2.89,,,needs_review_new_player,identity_name_team_map,No reviewed normalized-name/team identity alias; do not auto-guess.
2026-08-07,2026-08-07T14:33:53.319605+00:00,2026-08-07,DraftKings official lineup CSV,https://www.draftkings.com/lineup/getavailableplayerscsv?contestTypeId=9&draftGroupId=151692,151692,9,Selected largest-prize regular Classic MLB draft group after excluding Turbo/Night/qualifier/satellite/showdown/snake/single-stat slates.,RP,Porter Hodge (43773597),Porter Hodge,43773597,P,4000,CHC@KC 08/07/2026 08:10PM ET,08/07/2026 08:10PM ET,CHC,KC,away,0,687863,Porter Hodge,mapped,identity_name_team_map,Stable identity seed from old DK-ID map. Pilot join status: matched_people_search_name via mlb_people_search_normalized_name
2026-08-07,2026-08-07T14:33:53.319605+00:00,2026-08-07,DraftKings official lineup CSV,https://www.draftkings.com/lineup/getavailableplayerscsv?contestTypeId=9&draftGroupId=151692,151692,9,Selected largest-prize regular Classic MLB draft group after excluding Turbo/Night/qualifier/satellite/showdown/snake/single-stat slates.,RP,Alex Lange (43773598),Alex Lange,43773598,P,4000,CHC@KC 08/07/2026 08:10PM ET,08/07/2026 08:10PM ET,KC,CHC,home,2.18,656638,Alex Lange,mapped,identity_name_team_map,Stable identity seed from old DK-ID map. Pilot join status: matched via normalized_name_team
2026-08-07,2026-08-07T14:33:53.319605+00:00,2026-08-07,DraftKings official lineup CSV,https://www.draftkings.com/lineup/getavailableplayerscsv?contestTypeId=9&draftGroupId=151692,151692,9,Selected largest-prize regular Classic MLB draft group after excluding Turbo/Night/qualifier/satellite/showdown/snake/single-stat slates.,RP,Tommy Nance (43773599),Tommy Nance,43773599,P,4000,MIN@MIL 08/07/2026 07:40PM ET,08/07/2026 07:40PM ET,MIN,MIL,away,2.96,667297,Tommy Nance,needs_review_team_change,identity_name_unique_mlbam,Name maps to one reviewed MLBAM identity but not this DK team; review as team-change/new alias before trusting automation.
2026-08-07,2026-08-07T14:33:53.319605+00:00,2026-08-07,DraftKings official lineup CSV,https://www.draftkings.com/lineup/getavailableplayerscsv?contestTypeId=9&draftGroupId=151692,151692,9,Selected largest-prize regular Classic MLB draft group after excluding Turbo/Night/qualifier/satellite/showdown/snake/single-stat slates.,RP,Tyler Samaniego (43773600),Tyler Samaniego,43773600,P,4000,ATH@BOS 08/07/2026 07:10PM ET,08/07/2026 07:10PM ET,BOS,ATH,home,2.43,,,needs_review_new_player,identity_name_team_map,No reviewed normalized-name/team identity alias; do not auto-guess.
2026-08-07,2026-08-07T14:33:53.319605+00:00,2026-08-07,DraftKings official lineup CSV,https://www.draftkings.com/lineup/getavailableplayerscsv?contestTypeId=9&draftGroupId=151692,151692,9,Selected largest-prize regular Classic MLB draft group after excluding Turbo/Night/qualifier/satellite/showdown/snake/single-stat slates.,RP,Bennett Sousa (43773601),Bennett Sousa,43773601,P,4000,HOU@SD 08/07/2026 09:40PM ET,08/07/2026 09:40PM ET,HOU,SD,away,2.02,656986,Bennett Sousa,mapped,identity_name_team_map,Stable identity seed from old DK-ID map. Pilot join status: matched via normalized_name_team
2026-08-07,2026-08-07T14:33:53.319605+00:00,2026-08-07,DraftKings official lineup CSV,https://www.draftkings.com/lineup/getavailableplayerscsv?contestTypeId=9&draftGroupId=151692,151692,9,Selected largest-prize regular Classic MLB draft group after excluding Turbo/Night/qualifier/satellite/showdown/snake/single-stat slates.,RP,Steven Cruz (43773602),Steven Cruz,43773602,P,4000,CHC@KC 08/07/2026 08:10PM ET,08/07/2026 08:10PM ET,KC,CHC,home,3.18,674444,Steven Cruz,mapped,identity_name_team_map,Stable identity seed from old DK-ID map. Pilot join status: matched via normalized_name_team
2026-08-07,2026-08-07T14:33:53.319605+00:00,2026-08-07,DraftKings official lineup CSV,https://www.draftkings.com/lineup/getavailableplayerscsv?contestTypeId=9&draftGroupId=151692,151692,9,Selected largest-prize regular Classic MLB draft group after excluding Turbo/Night/qualifier/satellite/showdown/snake/single-stat slates.,RP,Joe La Sorsa (43773603),Joe La Sorsa,43773603,P,4000,ATH@BOS 08/07/2026 07:10PM ET,08/07/2026 07:10PM ET,BOS,ATH,home,0.15,,,needs_review_new_player,identity_name_team_map,No reviewed normalized-name/team identity alias; do not auto-guess.
2026-08-07,2026-08-07T14:33:53.319605+00:00,2026-08-07,DraftKings official lineup CSV,https://www.draftkings.com/lineup/getavailableplayerscsv?contestTypeId=9&draftGroupId=151692,151692,9,Selected largest-prize regular Classic MLB draft group after excluding Turbo/Night/qualifier/satellite/showdown/snake/single-stat slates.,RP,Phil Maton (43773604),Phil Maton,43773604,P,4000,CHC@KC 08/07/2026 08:10PM ET,08/07/2026 08:10PM ET,CHC,KC,away,1.72,664208,Phil Maton,mapped,identity_name_team_map,Stable identity seed from old DK-ID map. Pilot join status: matched via normalized_name_team
2026-08-07,2026-08-07T14:33:53.319605+00:00,2026-08-07,DraftKings official lineup CSV,https://www.draftkings.com/lineup/getavailableplayerscsv?contestTypeId=9&draftGroupId=151692,151692,9,Selected largest-prize regular Classic MLB draft group after excluding Turbo/Night/qualifier/satellite/showdown/snake/single-stat slates.,RP,Ryan Fernandez (43773605),Ryan Fernandez,43773605,P,4000,COL@STL 08/07/2026 08:15PM ET,08/07/2026 08:15PM ET,STL,COL,home,5.02,681676,Ryan Fernandez,mapped,identity_name_team_map,Stable identity seed from old DK-ID map. Pilot join status: matched via normalized_name_team
2026-08-07,2026-08-07T14:33:53.319605+00:00,2026-08-07,DraftKings official lineup CSV,https://www.draftkings.com/lineup/getavailableplayerscsv?contestTypeId=9&draftGroupId=151692,151692,9,Selected largest-prize regular Classic MLB draft group after excluding Turbo/Night/qualifier/satellite/showdown/snake/single-stat slates.,RP,Jason Adam (43773606),Jason Adam,43773606,P,4000,HOU@SD 08/07/2026 09:40PM ET,08/07/2026 09:40PM ET,SD,HOU,home,2.3,592094,Jason Adam,mapped,identity_name_team_map,Stable identity seed from old DK-ID map. Pilot join status: matched via normalized_name_team
2026-08-07,2026-08-07T14:33:53.319605+00:00,2026-08-07,DraftKings official lineup CSV,https://www.draftkings.com/lineup/getavailableplayerscsv?contestTypeId=9&draftGroupId=151692,151692,9,Selected largest-prize regular Classic MLB draft group after excluding Turbo/Night/qualifier/satellite/showdown/snake/single-stat slates.,RP,Nick Raquet (43773607),Nick Raquet,43773607,P,4000,BAL@TEX 08/07/2026 08:15PM ET,08/07/2026 08:15PM ET,BAL,TEX,away,0.16,,,needs_review_new_player,identity_name_team_map,No reviewed normalized-name/team identity alias; do not auto-guess.
2026-08-07,2026-08-07T14:33:53.319605+00:00,2026-08-07,DraftKings official lineup CSV,https://www.draftkings.com/lineup/getavailableplayerscsv?contestTypeId=9&draftGroupId=151692,151692,9,Selected largest-prize regular Classic MLB draft group after excluding Turbo/Night/qualifier/satellite/showdown/snake/single-stat slates.,RP,Josh Hader (43773608),Josh Hader,43773608,P,4000,HOU@SD 08/07/2026 09:40PM ET,08/07/2026 09:40PM ET,HOU,SD,away,4.54,623352,Josh Hader,mapped,identity_name_team_map,Stable identity seed from old DK-ID map. Pilot join status: matched via normalized_name_team
2026-08-07,2026-08-07T14:33:53.319605+00:00,2026-08-07,DraftKings official lineup CSV,https://www.draftkings.com/lineup/getavailableplayerscsv?contestTypeId=9&draftGroupId=151692,151692,9,Selected largest-prize regular Classic MLB draft group after excluding Turbo/Night/qualifier/satellite/showdown/snake/single-stat slates.,RP,Samy Natera Jr. (43773609),Samy Natera Jr.,43773609,P,4000,LAA@MIA 08/07/2026 07:10PM ET,08/07/2026 07:10PM ET,LAA,MIA,away,5.26,696519,Samy Natera Jr.,mapped,identity_name_team_map,Stable identity seed from old DK-ID map. Pilot join status: matched via normalized_name_team
2026-08-07,2026-08-07T14:33:53.319605+00:00,2026-08-07,DraftKings official lineup CSV,https://www.draftkings.com/lineup/getavailableplayerscsv?contestTypeId=9&draftGroupId=151692,151692,9,Selected largest-prize regular Classic MLB draft group after excluding Turbo/Night/qualifier/satellite/showdown/snake/single-stat slates.,RP,Ricky Vanasco (43773610),Ricky Vanasco,43773610,P,4000,DET@SF 08/07/2026 10:15PM ET,08/07/2026 10:15PM ET,DET,SF,away,-2.35,676568,Ricky Vanasco,mapped,identity_name_team_map,Proposed from review candidates; basis=exact normalized name + team; role-compatible; statcast_pitcher_2026; confidence=high; sources=statcast_pitcher_2026
2026-08-07,2026-08-07T14:33:53.319605+00:00,2026-08-07,DraftKings official lineup CSV,https://www.draftkings.com/lineup/getavailableplayerscsv?contestTypeId=9&draftGroupId=151692,151692,9,Selected largest-prize regular Classic MLB draft group after excluding Turbo/Night/qualifier/satellite/showdown/snake/single-stat slates.,RP,Will Vest (43773611),Will Vest,43773611,P,4000,DET@SF 08/07/2026 10:15PM ET,08/07/2026 10:15PM ET,DET,SF,away,2.44,676684,Will Vest,mapped,identity_name_team_map,Proposed from review candidates; basis=exact normalized name + team; role-compatible; statcast_pitcher_2026; confidence=high; sources=statcast_pitcher_2026
2026-08-07,2026-08-07T14:33:53.319605+00:00,2026-08-07,DraftKings official lineup CSV,https://www.draftkings.com/lineup/getavailableplayerscsv?contestTypeId=9&draftGroupId=151692,151692,9,Selected largest-prize regular Classic MLB draft group after excluding Turbo/Night/qualifier/satellite/showdown/snake/single-stat slates.,RP,Hunter Bigge (43773612),Hunter Bigge,43773612,P,4000,TB@SEA 08/07/2026 09:45PM ET,08/07/2026 09:45PM ET,TB,SEA,away,1.59,,,needs_review_new_player,identity_name_team_map,No reviewed normalized-name/team identity alias; do not auto-guess.
2026-08-07,2026-08-07T14:33:53.319605+00:00,2026-08-07,DraftKings official lineup CSV,https://www.draftkings.com/lineup/getavailableplayerscsv?contestTypeId=9&draftGroupId=151692,151692,9,Selected largest-prize regular Classic MLB draft group after excluding Turbo/Night/qualifier/satellite/showdown/snake/single-stat slates.,RP,Jakob Junis (43773613),Jakob Junis,43773613,P,4000,BAL@TEX 08/07/2026 08:15PM ET,08/07/2026 08:15PM ET,TEX,BAL,home,2.84,596001,Jakob Junis,mapped,identity_name_team_map,Stable identity seed from old DK-ID map. Pilot join status: matched via normalized_name_team
2026-08-07,2026-08-07T14:33:53.319605+00:00,2026-08-07,DraftKings official lineup CSV,https://www.draftkings.com/lineup/getavailableplayerscsv?contestTypeId=9&draftGroupId=151692,151692,9,Selected largest-prize regular Classic MLB draft group after excluding Turbo/Night/qualifier/satellite/showdown/snake/single-stat slates.,SP,Miguel Ullola (43773614),Miguel Ullola,43773614,P,4000,HOU@SD 08/07/2026 09:40PM ET,08/07/2026 09:40PM ET,HOU,SD,away,5.42,699044,Miguel Ullola,mapped,identity_name_team_map,Stable identity seed from old DK-ID map. Pilot join status: matched_people_search_name via mlb_people_search_normalized_name
2026-08-07,2026-08-07T14:33:53.319605+00:00,2026-08-07,DraftKings official lineup CSV,https://www.draftkings.com/lineup/getavailableplayerscsv?contestTypeId=9&draftGroupId=151692,151692,9,Selected largest-prize regular Classic MLB draft group after excluding Turbo/Night/qualifier/satellite/showdown/snake/single-stat slates.,RP,Garrett Acton (43773615),Garrett Acton,43773615,P,4000,MIN@MIL 08/07/2026 07:40PM ET,08/07/2026 07:40PM ET,MIN,MIL,away,7.05,670183,Garrett Acton,mapped,identity_name_team_map,Proposed from review candidates; basis=exact normalized name + team; role-compatible; statcast_pitcher_2026; confidence=high; sources=statcast_pitcher_2026
2026-08-07,2026-08-07T14:33:53.319605+00:00,2026-08-07,DraftKings official lineup CSV,https://www.draftkings.com/lineup/getavailableplayerscsv?contestTypeId=9&draftGroupId=151692,151692,9,Selected largest-prize regular Classic MLB draft group after excluding Turbo/Night/qualifier/satellite/showdown/snake/single-stat slates.,RP,Tyler Holton (43773616),Tyler Holton,43773616,P,4000,DET@SF 08/07/2026 10:15PM ET,08/07/2026 10:15PM ET,DET,SF,away,2.55,663947,Tyler Holton,mapped,identity_name_team_map,Proposed from review candidates; basis=exact normalized name + team; role-compatible; statcast_pitcher_2026; confidence=high; sources=statcast_pitcher_2026
2026-08-07,2026-08-07T14:33:53.319605+00:00,2026-08-07,DraftKings official lineup CSV,https://www.draftkings.com/lineup/getavailableplayerscsv?contestTypeId=9&draftGroupId=151692,151692,9,Selected largest-prize regular Classic MLB draft group after excluding Turbo/Night/qualifier/satellite/showdown/snake/single-stat slates.,RP,John Schreiber (43773617),John Schreiber,43773617,P,4000,CHC@KC 08/07/2026 08:10PM ET,08/07/2026 08:10PM ET,KC,CHC,home,1.89,670167,John Schreiber,mapped,identity_name_team_map,Stable identity seed from old DK-ID map. Pilot join status: matched via normalized_name_team
2026-08-07,2026-08-07T14:33:53.319605+00:00,2026-08-07,DraftKings official lineup CSV,https://www.draftkings.com/lineup/getavailableplayerscsv?contestTypeId=9&draftGroupId=151692,151692,9,Selected largest-prize regular Classic MLB draft group after excluding Turbo/Night/qualifier/satellite/showdown/snake/single-stat slates.,RP,Andrew Saalfrank (43773618),Andrew Saalfrank,43773618,P,4000,LAD@ARI 08/07/2026 09:40PM ET,08/07/2026 09:40PM ET,ARI,LAD,home,0,,,needs_review_new_player,identity_name_team_map,No reviewed normalized-name/team identity alias; do not auto-guess.
2026-08-07,2026-08-07T14:33:53.319605+00:00,2026-08-07,DraftKings official lineup CSV,https://www.draftkings.com/lineup/getavailableplayerscsv?contestTypeId=9&draftGroupId=151692,151692,9,Selected largest-prize regular Classic MLB draft group after excluding Turbo/Night/qualifier/satellite/showdown/snake/single-stat slates.,RP,Jimmy Herget (43773619),Jimmy Herget,43773619,P,4000,COL@STL 08/07/2026 08:15PM ET,08/07/2026 08:15PM ET,COL,STL,away,1.66,623474,Jimmy Herget,mapped,identity_name_team_map,Stable identity seed from old DK-ID map. Pilot join status: matched via normalized_name_team
2026-08-07,2026-08-07T14:33:53.319605+00:00,2026-08-07,DraftKings official lineup CSV,https://www.draftkings.com/lineup/getavailableplayerscsv?contestTypeId=9&draftGroupId=151692,151692,9,Selected largest-prize regular Classic MLB draft group after excluding Turbo/Night/qualifier/satellite/showdown/snake/single-stat slates.,RP,Colin Selby (43773620),Colin Selby,43773620,P,4000,BAL@TEX 08/07/2026 08:15PM ET,08/07/2026 08:15PM ET,BAL,TEX,away,0,,,needs_review_new_player,identity_name_team_map,No reviewed normalized-name/team identity alias; do not auto-guess.
2026-08-07,2026-08-07T14:33:53.319605+00:00,2026-08-07,DraftKings official lineup CSV,https://www.draftkings.com/lineup/getavailableplayerscsv?contestTypeId=9&draftGroupId=151692,151692,9,Selected largest-prize regular Classic MLB draft group after excluding Turbo/Night/qualifier/satellite/showdown/snake/single-stat slates.,RP,Will Klein (43773621),Will Klein,43773621,P,4000,LAD@ARI 08/07/2026 09:40PM ET,08/07/2026 09:40PM ET,LAD,ARI,away,3.58,,,needs_review_new_player,identity_name_team_map,No reviewed normalized-name/team identity alias; do not auto-guess.
2026-08-07,2026-08-07T14:33:53.319605+00:00,2026-08-07,DraftKings official lineup CSV,https://www.draftkings.com/lineup/getavailableplayerscsv?contestTypeId=9&draftGroupId=151692,151692,9,Selected largest-prize regular Classic MLB draft group after excluding Turbo/Night/qualifier/satellite/showdown/snake/single-stat slates.,RP,Michael Grove (43773622),Michael Grove,43773622,P,4000,TB@SEA 08/07/2026 09:45PM ET,08/07/2026 09:45PM ET,TB,SEA,away,8.12,,,needs_review_new_player,identity_name_team_map,No reviewed normalized-name/team identity alias; do not auto-guess.
2026-08-07,2026-08-07T14:33:53.319605+00:00,2026-08-07,DraftKings official lineup CSV,https://www.draftkings.com/lineup/getavailableplayerscsv?contestTypeId=9&draftGroupId=151692,151692,9,Selected largest-prize regular Classic MLB draft group after excluding Turbo/Night/qualifier/satellite/showdown/snake/single-stat slates.,RP,Greg Weissert (43773623),Greg Weissert,43773623,P,4000,ATH@BOS 08/07/2026 07:10PM ET,08/07/2026 07:10PM ET,BOS,ATH,home,2.65,,,needs_review_new_player,identity_name_team_map,No reviewed normalized-name/team identity alias; do not auto-guess.
2026-08-07,2026-08-07T14:33:53.319605+00:00,2026-08-07,DraftKings official lineup CSV,https://www.draftkings.com/lineup/getavailableplayerscsv?contestTypeId=9&draftGroupId=151692,151692,9,Selected largest-prize regular Classic MLB draft group after excluding Turbo/Night/qualifier/satellite/showdown/snake/single-stat slates.,RP,Matt Festa (43773624),Matt Festa,43773624,P,4000,CLE@CWS 08/07/2026 07:40PM ET,08/07/2026 07:40PM ET,CLE,CWS,away,2.69,,,needs_review_new_player,identity_name_team_map,No reviewed normalized-name/team identity alias; do not auto-guess.
2026-08-07,2026-08-07T14:33:53.319605+00:00,2026-08-07,DraftKings official lineup CSV,https://www.draftkings.com/lineup/getavailableplayerscsv?contestTypeId=9&draftGroupId=151692,151692,9,Selected largest-prize regular Classic MLB draft group after excluding Turbo/Night/qualifier/satellite/showdown/snake/single-stat slates.,RP,Jaden Hill (43773625),Jaden Hill,43773625,P,4000,COL@STL 08/07/2026 08:15PM ET,08/07/2026 08:15PM ET,COL,STL,away,1.81,677955,Jaden Hill,mapped,identity_name_team_map,Stable identity seed from old DK-ID map. Pilot join status: matched via normalized_name_team
2026-08-07,2026-08-07T14:33:53.319605+00:00,2026-08-07,DraftKings official lineup CSV,https://www.draftkings.com/lineup/getavailableplayerscsv?contestTypeId=9&draftGroupId=151692,151692,9,Selected largest-prize regular Classic MLB draft group after excluding Turbo/Night/qualifier/satellite/showdown/snake/single-stat slates.,RP,Enmanuel De Jesus (43773626),Enmanuel De Jesus,43773626,P,4000,DET@SF 08/07/2026 10:15PM ET,08/07/2026 10:15PM ET,DET,SF,away,4.22,646241,Enmanuel De Jesus,mapped,identity_name_team_map,Proposed from review candidates; basis=exact normalized name + team; role-compatible; statcast_pitcher_2026; confidence=high; sources=statcast_pitcher_2026
2026-08-07,2026-08-07T14:33:53.319605+00:00,2026-08-07,DraftKings official lineup CSV,https://www.draftkings.com/lineup/getavailableplayerscsv?contestTypeId=9&draftGroupId=151692,151692,9,Selected largest-prize regular Classic MLB draft group after excluding Turbo/Night/qualifier/satellite/showdown/snake/single-stat slates.,RP,Mark Leiter Jr. (43773627),Mark Leiter Jr.,43773627,P,4000,ATH@BOS 08/07/2026 07:10PM ET,08/07/2026 07:10PM ET,ATH,BOS,away,2.54,643410,Mark Leiter Jr.,mapped,identity_name_team_map,Stable identity seed from old DK-ID map. Pilot join status: matched via normalized_name_team
2026-08-07,2026-08-07T14:33:53.319605+00:00,2026-08-07,DraftKings official lineup CSV,https://www.draftkings.com/lineup/getavailableplayerscsv?contestTypeId=9&draftGroupId=151692,151692,9,Selected largest-prize regular Classic MLB draft group after excluding Turbo/Night/qualifier/satellite/showdown/snake/single-stat slates.,RP,Drey Jameson (43773628),Drey Jameson,43773628,P,4000,LAD@ARI 08/07/2026 09:40PM ET,08/07/2026 09:40PM ET,ARI,LAD,home,2.86,,,needs_review_new_player,identity_name_team_map,No reviewed normalized-name/team identity alias; do not auto-guess.
2026-08-07,2026-08-07T14:33:53.319605+00:00,2026-08-07,DraftKings official lineup CSV,https://www.draftkings.com/lineup/getavailableplayerscsv?contestTypeId=9&draftGroupId=151692,151692,9,Selected largest-prize regular Classic MLB draft group after excluding Turbo/Night/qualifier/satellite/showdown/snake/single-stat slates.,RP,Ryan Zeferjahn (43773629),Ryan Zeferjahn,43773629,P,4000,CHC@KC 08/07/2026 08:10PM ET,08/07/2026 08:10PM ET,CHC,KC,away,4.32,666171,Ryan Zeferjahn,needs_review_team_change,identity_name_unique_mlbam,Name maps to one reviewed MLBAM identity but not this DK team; review as team-change/new alias before trusting automation.
2026-08-07,2026-08-07T14:33:53.319605+00:00,2026-08-07,DraftKings official lineup CSV,https://www.draftkings.com/lineup/getavailableplayerscsv?contestTypeId=9&draftGroupId=151692,151692,9,Selected largest-prize regular Classic MLB draft group after excluding Turbo/Night/qualifier/satellite/showdown/snake/single-stat slates.,RP,Yosver Zulueta (43773630),Yosver Zulueta,43773630,P,4000,BAL@TEX 08/07/2026 08:15PM ET,08/07/2026 08:15PM ET,BAL,TEX,away,0,,,needs_review_new_player,identity_name_team_map,No reviewed normalized-name/team identity alias; do not auto-guess.
2026-08-07,2026-08-07T14:33:53.319605+00:00,2026-08-07,DraftKings official lineup CSV,https://www.draftkings.com/lineup/getavailableplayerscsv?contestTypeId=9&draftGroupId=151692,151692,9,Selected largest-prize regular Classic MLB draft group after excluding Turbo/Night/qualifier/satellite/showdown/snake/single-stat slates.,RP,Jose Fermin (43773631),Jose Fermin,43773631,P,4000,LAA@MIA 08/07/2026 07:10PM ET,08/07/2026 07:10PM ET,LAA,MIA,away,3.82,820862,José Fermin,mapped,identity_name_team_map,Stable identity seed from old DK-ID map. Pilot join status: matched via normalized_name_team
2026-08-07,2026-08-07T14:33:53.319605+00:00,2026-08-07,DraftKings official lineup CSV,https://www.draftkings.com/lineup/getavailableplayerscsv?contestTypeId=9&draftGroupId=151692,151692,9,Selected largest-prize regular Classic MLB draft group after excluding Turbo/Night/qualifier/satellite/showdown/snake/single-stat slates.,RP,Peter Strzelecki (43773632),Peter Strzelecki,43773632,P,4000,COL@STL 08/07/2026 08:15PM ET,08/07/2026 08:15PM ET,STL,COL,home,1.23,,,needs_review_new_player,identity_name_team_map,No reviewed normalized-name/team identity alias; do not auto-guess.
2026-08-07,2026-08-07T14:33:53.319605+00:00,2026-08-07,DraftKings official lineup CSV,https://www.draftkings.com/lineup/getavailableplayerscsv?contestTypeId=9&draftGroupId=151692,151692,9,Selected largest-prize regular Classic MLB draft group after excluding Turbo/Night/qualifier/satellite/showdown/snake/single-stat slates.,RP,Carter Baumler (43773633),Carter Baumler,43773633,P,4000,BAL@TEX 08/07/2026 08:15PM ET,08/07/2026 08:15PM ET,TEX,BAL,home,3.54,691945,Carter Baumler,mapped,identity_name_team_map,Stable identity seed from old DK-ID map. Pilot join status: matched via normalized_name_team
2026-08-07,2026-08-07T14:33:53.319605+00:00,2026-08-07,DraftKings official lineup CSV,https://www.draftkings.com/lineup/getavailableplayerscsv?contestTypeId=9&draftGroupId=151692,151692,9,Selected largest-prize regular Classic MLB draft group after excluding Turbo/Night/qualifier/satellite/showdown/snake/single-stat slates.,RP,Tyler Zuber (43773634),Tyler Zuber,43773634,P,4000,LAA@MIA 08/07/2026 07:10PM ET,08/07/2026 07:10PM ET,MIA,LAA,home,2.62,676604,Tyler Zuber,mapped,identity_name_team_map,Proposed from review candidates; basis=exact normalized name + team; role-compatible; statcast_pitcher_2026; confidence=high; sources=statcast_pitcher_2026
2026-08-07,2026-08-07T14:33:53.319605+00:00,2026-08-07,DraftKings official lineup CSV,https://www.draftkings.com/lineup/getavailableplayerscsv?contestTypeId=9&draftGroupId=151692,151692,9,Selected largest-prize regular Classic MLB draft group after excluding Turbo/Night/qualifier/satellite/showdown/snake/single-stat slates.,RP,Aaron Ashby (43773635),Aaron Ashby,43773635,P,4000,MIN@MIL 08/07/2026 07:40PM ET,08/07/2026 07:40PM ET,MIL,MIN,home,4.88,676879,Aaron Ashby,mapped,identity_name_team_map,Stable identity seed from old DK-ID map. Pilot join status: matched via normalized_name_team
2026-08-07,2026-08-07T14:33:53.319605+00:00,2026-08-07,DraftKings official lineup CSV,https://www.draftkings.com/lineup/getavailableplayerscsv?contestTypeId=9&draftGroupId=151692,151692,9,Selected largest-prize regular Classic MLB draft group after excluding Turbo/Night/qualifier/satellite/showdown/snake/single-stat slates.,RP,Cameron Foster (43773636),Cameron Foster,43773636,P,4000,BAL@TEX 08/07/2026 08:15PM ET,08/07/2026 08:15PM ET,BAL,TEX,away,0.88,,,needs_review_new_player,identity_name_team_map,No reviewed normalized-name/team identity alias; do not auto-guess.
2026-08-07,2026-08-07T14:33:53.319605+00:00,2026-08-07,DraftKings official lineup CSV,https://www.draftkings.com/lineup/getavailableplayerscsv?contestTypeId=9&draftGroupId=151692,151692,9,Selected largest-prize regular Classic MLB draft group after excluding Turbo/Night/qualifier/satellite/showdown/snake/single-stat slates.,RP,Enyel De Los Santos (43773637),Enyel De Los Santos,43773637,P,4000,HOU@SD 08/07/2026 09:40PM ET,08/07/2026 09:40PM ET,HOU,SD,away,2.71,660853,Enyel De Los Santos,mapped,identity_name_team_map,Stable identity seed from old DK-ID map. Pilot join status: matched via normalized_name_team
2026-08-07,2026-08-07T14:33:53.319605+00:00,2026-08-07,DraftKings official lineup CSV,https://www.draftkings.com/lineup/getavailableplayerscsv?contestTypeId=9&draftGroupId=151692,151692,9,Selected largest-prize regular Classic MLB draft group after excluding Turbo/Night/qualifier/satellite/showdown/snake/single-stat slates.,RP,Scott Blewett (43773638),Scott Blewett,43773638,P,4000,ATH@BOS 08/07/2026 07:10PM ET,08/07/2026 07:10PM ET,ATH,BOS,away,4.78,,,needs_review_new_player,identity_name_team_map,No reviewed normalized-name/team identity alias; do not auto-guess.
2026-08-07,2026-08-07T14:33:53.319605+00:00,2026-08-07,DraftKings official lineup CSV,https://www.draftkings.com/lineup/getavailableplayerscsv?contestTypeId=9&draftGroupId=151692,151692,9,Selected largest-prize regular Classic MLB draft group after excluding Turbo/Night/qualifier/satellite/showdown/snake/single-stat slates.,RP,Jacob Webb (43773639),Jacob Webb,43773639,P,4000,CHC@KC 08/07/2026 08:10PM ET,08/07/2026 08:10PM ET,CHC,KC,away,3.48,657097,Jacob Webb,mapped,identity_name_team_map,Stable identity seed from old DK-ID map. Pilot join status: matched via normalized_name_team
2026-08-07,2026-08-07T14:33:53.319605+00:00,2026-08-07,DraftKings official lineup CSV,https://www.draftkings.com/lineup/getavailableplayerscsv?contestTypeId=9&draftGroupId=151692,151692,9,Selected largest-prize regular Classic MLB draft group after excluding Turbo/Night/qualifier/satellite/showdown/snake/single-stat slates.,RP,Rob Zastryzny (43773640),Rob Zastryzny,43773640,P,4000,MIN@MIL 08/07/2026 07:40PM ET,08/07/2026 07:40PM ET,MIL,MIN,home,0,642239,Rob Zastryzny,mapped,identity_name_team_map,Stable identity seed from old DK-ID map. Pilot join status: matched_people_search_name via mlb_people_search_normalized_name
2026-08-07,2026-08-07T14:33:53.319605+00:00,2026-08-07,DraftKings official lineup CSV,https://www.draftkings.com/lineup/getavailableplayerscsv?contestTypeId=9&draftGroupId=151692,151692,9,Selected largest-prize regular Classic MLB draft group after excluding Turbo/Night/qualifier/satellite/showdown/snake/single-stat slates.,RP,Will Kempner (43773641),Will Kempner,43773641,P,4000,LAA@MIA 08/07/2026 07:10PM ET,08/07/2026 07:10PM ET,MIA,LAA,home,4.82,,,needs_review_new_player,identity_name_team_map,No reviewed normalized-name/team identity alias; do not auto-guess.
2026-08-07,2026-08-07T14:33:53.319605+00:00,2026-08-07,DraftKings official lineup CSV,https://www.draftkings.com/lineup/getavailableplayerscsv?contestTypeId=9&draftGroupId=151692,151692,9,Selected largest-prize regular Classic MLB draft group after excluding Turbo/Night/qualifier/satellite/showdown/snake/single-stat slates.,RP,Bailey Horn (43773642),Bailey Horn,43773642,P,4000,DET@SF 08/07/2026 10:15PM ET,08/07/2026 10:15PM ET,DET,SF,away,0,,,needs_review_new_player,identity_name_team_map,No reviewed normalized-name/team identity alias; do not auto-guess.
2026-08-07,2026-08-07T14:33:53.319605+00:00,2026-08-07,DraftKings official lineup CSV,https://www.draftkings.com/lineup/getavailableplayerscsv?contestTypeId=9&draftGroupId=151692,151692,9,Selected largest-prize regular Classic MLB draft group after excluding Turbo/Night/qualifier/satellite/showdown/snake/single-stat slates.,RP,Hayden Juenger (43773643),Hayden Juenger,43773643,P,4000,ATH@BOS 08/07/2026 07:10PM ET,08/07/2026 07:10PM ET,ATH,BOS,away,1.38,696522,Hayden Juenger,needs_review_team_change,identity_name_unique_mlbam,Name maps to one reviewed MLBAM identity but not this DK team; review as team-change/new alias before trusting automation.
2026-08-07,2026-08-07T14:33:53.319605+00:00,2026-08-07,DraftKings official lineup CSV,https://www.draftkings.com/lineup/getavailableplayerscsv?contestTypeId=9&draftGroupId=151692,151692,9,Selected largest-prize regular Classic MLB draft group after excluding Turbo/Night/qualifier/satellite/showdown/snake/single-stat slates.,RP,Ben Peoples (43773644),Ben Peoples,43773644,P,4000,BAL@TEX 08/07/2026 08:15PM ET,08/07/2026 08:15PM ET,TEX,BAL,home,2.11,,,needs_review_new_player,identity_name_team_map,No reviewed normalized-name/team identity alias; do not auto-guess.
2026-08-07,2026-08-07T14:33:53.319605+00:00,2026-08-07,DraftKings official lineup CSV,https://www.draftkings.com/lineup/getavailableplayerscsv?contestTypeId=9&draftGroupId=151692,151692,9,Selected largest-prize regular Classic MLB draft group after excluding Turbo/Night/qualifier/satellite/showdown/snake/single-stat slates.,RP,Michael Rucker (43773645),Michael Rucker,43773645,P,4000,TB@SEA 08/07/2026 09:45PM ET,08/07/2026 09:45PM ET,SEA,TB,home,3.25,,,needs_review_new_player,identity_name_team_map,No reviewed normalized-name/team identity alias; do not auto-guess.
2026-08-07,2026-08-07T14:33:53.319605+00:00,2026-08-07,DraftKings official lineup CSV,https://www.draftkings.com/lineup/getavailableplayerscsv?contestTypeId=9&draftGroupId=151692,151692,9,Selected largest-prize regular Classic MLB draft group after excluding Turbo/Night/qualifier/satellite/showdown/snake/single-stat slates.,RP,Andres Munoz (43773646),Andres Munoz,43773646,P,4000,TB@SEA 08/07/2026 09:45PM ET,08/07/2026 09:45PM ET,SEA,TB,home,4.01,,,needs_review_new_player,identity_name_team_map,No reviewed normalized-name/team identity alias; do not auto-guess.
2026-08-07,2026-08-07T14:33:53.319605+00:00,2026-08-07,DraftKings official lineup CSV,https://www.draftkings.com/lineup/getavailableplayerscsv?contestTypeId=9&draftGroupId=151692,151692,9,Selected largest-prize regular Classic MLB draft group after excluding Turbo/Night/qualifier/satellite/showdown/snake/single-stat slates.,RP,Colin Holderman (43773647),Colin Holderman,43773647,P,4000,CLE@CWS 08/07/2026 07:40PM ET,08/07/2026 07:40PM ET,CLE,CWS,away,3.83,,,needs_review_new_player,identity_name_team_map,No reviewed normalized-name/team identity alias; do not auto-guess.
2026-08-07,2026-08-07T14:33:53.319605+00:00,2026-08-07,DraftKings official lineup CSV,https://www.draftkings.com/lineup/getavailableplayerscsv?contestTypeId=9&draftGroupId=151692,151692,9,Selected largest-prize regular Classic MLB draft group after excluding Turbo/Night/qualifier/satellite/showdown/snake/single-stat slates.,RP,Travis Adams (43773648),Travis Adams,43773648,P,4000,MIN@MIL 08/07/2026 07:40PM ET,08/07/2026 07:40PM ET,MIN,MIL,away,3.5,701519,Travis Adams,mapped,identity_name_team_map,Proposed from review candidates; basis=exact normalized name + team; role-compatible; statcast_pitcher_2026; confidence=high; sources=statcast_pitcher_2026
2026-08-07,2026-08-07T14:33:53.319605+00:00,2026-08-07,DraftKings official lineup CSV,https://www.draftkings.com/lineup/getavailableplayerscsv?contestTypeId=9&draftGroupId=151692,151692,9,Selected largest-prize regular Classic MLB draft group after excluding Turbo/Night/qualifier/satellite/showdown/snake/single-stat slates.,RP,Brian Fitzpatrick (43773649),Brian Fitzpatrick,43773649,P,4000,MIN@MIL 08/07/2026 07:40PM ET,08/07/2026 07:40PM ET,MIL,MIN,home,3.4,702153,Brian Fitzpatrick,mapped,identity_name_team_map,Stable identity seed from old DK-ID map. Pilot join status: matched via normalized_name_team
2026-08-07,2026-08-07T14:33:53.319605+00:00,2026-08-07,DraftKings official lineup CSV,https://www.draftkings.com/lineup/getavailableplayerscsv?contestTypeId=9&draftGroupId=151692,151692,9,Selected largest-prize regular Classic MLB draft group after excluding Turbo/Night/qualifier/satellite/showdown/snake/single-stat slates.,RP,Ryan Walker (43773650),Ryan Walker,43773650,P,4000,DET@SF 08/07/2026 10:15PM ET,08/07/2026 10:15PM ET,SF,DET,home,0.88,676254,Ryan Walker,mapped,identity_name_team_map,Stable identity seed from old DK-ID map. Pilot join status: matched via normalized_name_team
2026-08-07,2026-08-07T14:33:53.319605+00:00,2026-08-07,DraftKings official lineup CSV,https://www.draftkings.com/lineup/getavailableplayerscsv?contestTypeId=9&draftGroupId=151692,151692,9,Selected largest-prize regular Classic MLB draft group after excluding Turbo/Night/qualifier/satellite/showdown/snake/single-stat slates.,RP,Edgardo Henriquez (43773651),Edgardo Henriquez,43773651,P,4000,LAD@ARI 08/07/2026 09:40PM ET,08/07/2026 09:40PM ET,LAD,ARI,away,3.37,,,needs_review_new_player,identity_name_team_map,No reviewed normalized-name/team identity alias; do not auto-guess.
2026-08-07,2026-08-07T14:33:53.319605+00:00,2026-08-07,DraftKings official lineup CSV,https://www.draftkings.com/lineup/getavailableplayerscsv?contestTypeId=9&draftGroupId=151692,151692,9,Selected largest-prize regular Classic MLB draft group after excluding Turbo/Night/qualifier/satellite/showdown/snake/single-stat slates.,RP,Kody Funderburk (43773652),Kody Funderburk,43773652,P,4000,MIN@MIL 08/07/2026 07:40PM ET,08/07/2026 07:40PM ET,MIN,MIL,away,2.56,681892,Kody Funderburk,mapped,identity_name_team_map,Proposed from review candidates; basis=exact normalized name + team; role-compatible; statcast_pitcher_2026; confidence=high; sources=statcast_pitcher_2026
2026-08-07,2026-08-07T14:33:53.319605+00:00,2026-08-07,DraftKings official lineup CSV,https://www.draftkings.com/lineup/getavailableplayerscsv?contestTypeId=9&draftGroupId=151692,151692,9,Selected largest-prize regular Classic MLB draft group after excluding Turbo/Night/qualifier/satellite/showdown/snake/single-stat slates.,RP,Eli Morgan (43773653),Eli Morgan,43773653,P,4000,CHC@KC 08/07/2026 08:10PM ET,08/07/2026 08:10PM ET,KC,CHC,home,2.03,669212,Eli Morgan,mapped,identity_name_team_map,Stable identity seed from old DK-ID map. Pilot join status: matched via normalized_name_team
2026-08-07,2026-08-07T14:33:53.319605+00:00,2026-08-07,DraftKings official lineup CSV,https://www.draftkings.com/lineup/getavailableplayerscsv?contestTypeId=9&draftGroupId=151692,151692,9,Selected largest-prize regular Classic MLB draft group after excluding Turbo/Night/qualifier/satellite/showdown/snake/single-stat slates.,RP,Luke Murphy (43773654),Luke Murphy,43773654,P,4000,LAA@MIA 08/07/2026 07:10PM ET,08/07/2026 07:10PM ET,LAA,MIA,away,4.37,,,needs_review_new_player,identity_name_team_map,No reviewed normalized-name/team identity alias; do not auto-guess.
2026-08-07,2026-08-07T14:33:53.319605+00:00,2026-08-07,DraftKings official lineup CSV,https://www.draftkings.com/lineup/getavailableplayerscsv?contestTypeId=9&draftGroupId=151692,151692,9,Selected largest-prize regular Classic MLB draft group after excluding Turbo/Night/qualifier/satellite/showdown/snake/single-stat slates.,RP,Ben Casparius (43773655),Ben Casparius,43773655,P,4000,LAD@ARI 08/07/2026 09:40PM ET,08/07/2026 09:40PM ET,LAD,ARI,away,0.5,,,needs_review_new_player,identity_name_team_map,No reviewed normalized-name/team identity alias; do not auto-guess.
2026-08-07,2026-08-07T14:33:53.319605+00:00,2026-08-07,DraftKings official lineup CSV,https://www.draftkings.com/lineup/getavailableplayerscsv?contestTypeId=9&draftGroupId=151692,151692,9,Selected largest-prize regular Classic MLB draft group after excluding Turbo/Night/qualifier/satellite/showdown/snake/single-stat slates.,RP,Ben Joyce (43773656),Ben Joyce,43773656,P,4000,LAA@MIA 08/07/2026 07:10PM ET,08/07/2026 07:10PM ET,LAA,MIA,away,3.65,690829,Ben Joyce,mapped,identity_name_team_map,Stable identity seed from old DK-ID map. Pilot join status: matched_people_search_name via mlb_people_search_normalized_name
2026-08-07,2026-08-07T14:33:53.319605+00:00,2026-08-07,DraftKings official lineup CSV,https://www.draftkings.com/lineup/getavailableplayerscsv?contestTypeId=9&draftGroupId=151692,151692,9,Selected largest-prize regular Classic MLB draft group after excluding Turbo/Night/qualifier/satellite/showdown/snake/single-stat slates.,RP,Chris Murphy (43773657),Chris Murphy,43773657,P,4000,CLE@CWS 08/07/2026 07:40PM ET,08/07/2026 07:40PM ET,CWS,CLE,home,2.84,669684,Chris Murphy,mapped,identity_name_team_map,Stable identity seed from old DK-ID map. Pilot join status: matched via normalized_name_team
2026-08-07,2026-08-07T14:33:53.319605+00:00,2026-08-07,DraftKings official lineup CSV,https://www.draftkings.com/lineup/getavailableplayerscsv?contestTypeId=9&draftGroupId=151692,151692,9,Selected largest-prize regular Classic MLB draft group after excluding Turbo/Night/qualifier/satellite/showdown/snake/single-stat slates.,RP,Cam Booser (43773658),Cam Booser,43773658,P,4000,TB@SEA 08/07/2026 09:45PM ET,08/07/2026 09:45PM ET,TB,SEA,away,4.22,,,needs_review_new_player,identity_name_team_map,No reviewed normalized-name/team identity alias; do not auto-guess.
2026-08-07,2026-08-07T14:33:53.319605+00:00,2026-08-07,DraftKings official lineup CSV,https://www.draftkings.com/lineup/getavailableplayerscsv?contestTypeId=9&draftGroupId=151692,151692,9,Selected largest-prize regular Classic MLB draft group after excluding Turbo/Night/qualifier/satellite/showdown/snake/single-stat slates.,RP,Ryne Stanek (43773659),Ryne Stanek,43773659,P,4000,COL@STL 08/07/2026 08:15PM ET,08/07/2026 08:15PM ET,STL,COL,home,2.39,592773,Ryne Stanek,mapped,identity_name_team_map,Stable identity seed from old DK-ID map. Pilot join status: matched via normalized_name_team
2026-08-07,2026-08-07T14:33:53.319605+00:00,2026-08-07,DraftKings official lineup CSV,https://www.draftkings.com/lineup/getavailableplayerscsv?contestTypeId=9&draftGroupId=151692,151692,9,Selected largest-prize regular Classic MLB draft group after excluding Turbo/Night/qualifier/satellite/showdown/snake/single-stat slates.,RP,Justin Slaten (43773660),Justin Slaten,43773660,P,4000,ATH@BOS 08/07/2026 07:10PM ET,08/07/2026 07:10PM ET,BOS,ATH,home,2.85,,,needs_review_new_player,identity_name_team_map,No reviewed normalized-name/team identity alias; do not auto-guess.
2026-08-07,2026-08-07T14:33:53.319605+00:00,2026-08-07,DraftKings official lineup CSV,https://www.draftkings.com/lineup/getavailableplayerscsv?contestTypeId=9&draftGroupId=151692,151692,9,Selected largest-prize regular Classic MLB draft group after excluding Turbo/Night/qualifier/satellite/showdown/snake/single-stat slates.,RP,Adrian Morejon (43773661),Adrian Morejon,43773661,P,4000,HOU@SD 08/07/2026 09:40PM ET,08/07/2026 09:40PM ET,SD,HOU,home,4.41,670970,Adrian Morejon,mapped,identity_name_team_map,Stable identity seed from old DK-ID map. Pilot join status: matched via normalized_name_team
2026-08-07,2026-08-07T14:33:53.319605+00:00,2026-08-07,DraftKings official lineup CSV,https://www.draftkings.com/lineup/getavailableplayerscsv?contestTypeId=9&draftGroupId=151692,151692,9,Selected largest-prize regular Classic MLB draft group after excluding Turbo/Night/qualifier/satellite/showdown/snake/single-stat slates.,RP,Bryan Baker (43773662),Bryan Baker,43773662,P,4000,TB@SEA 08/07/2026 09:45PM ET,08/07/2026 09:45PM ET,TB,SEA,away,3.54,,,needs_review_new_player,identity_name_team_map,No reviewed normalized-name/team identity alias; do not auto-guess.
2026-08-07,2026-08-07T14:33:53.319605+00:00,2026-08-07,DraftKings official lineup CSV,https://www.draftkings.com/lineup/getavailableplayerscsv?contestTypeId=9&draftGroupId=151692,151692,9,Selected largest-prize regular Classic MLB draft group after excluding Turbo/Night/qualifier/satellite/showdown/snake/single-stat slates.,RP,Drew Rom (43773663),Drew Rom,43773663,P,4000,MIN@MIL 08/07/2026 07:40PM ET,08/07/2026 07:40PM ET,MIL,MIN,home,5.75,680723,Drew Rom,mapped,identity_name_team_map,Stable identity seed from old DK-ID map. Pilot join status: matched via normalized_name_team
2026-08-07,2026-08-07T14:33:53.319605+00:00,2026-08-07,DraftKings official lineup CSV,https://www.draftkings.com/lineup/getavailableplayerscsv?contestTypeId=9&draftGroupId=151692,151692,9,Selected largest-prize regular Classic MLB draft group after excluding Turbo/Night/qualifier/satellite/showdown/snake/single-stat slates.,RP,Codi Heuer (43773664),Codi Heuer,43773664,P,4000,BAL@TEX 08/07/2026 08:15PM ET,08/07/2026 08:15PM ET,BAL,TEX,away,1.62,,,needs_review_new_player,identity_name_team_map,No reviewed normalized-name/team identity alias; do not auto-guess.
2026-08-07,2026-08-07T14:33:53.319605+00:00,2026-08-07,DraftKings official lineup CSV,https://www.draftkings.com/lineup/getavailableplayerscsv?contestTypeId=9&draftGroupId=151692,151692,9,Selected largest-prize regular Classic MLB draft group after excluding Turbo/Night/qualifier/satellite/showdown/snake/single-stat slates.,RP,A.J. Puk (43773665),A.J. Puk,43773665,P,4000,LAD@ARI 08/07/2026 09:40PM ET,08/07/2026 09:40PM ET,ARI,LAD,home,0,,,needs_review_new_player,identity_name_team_map,No reviewed normalized-name/team identity alias; do not auto-guess.
2026-08-07,2026-08-07T14:33:53.319605+00:00,2026-08-07,DraftKings official lineup CSV,https://www.draftkings.com/lineup/getavailableplayerscsv?contestTypeId=9&draftGroupId=151692,151692,9,Selected largest-prize regular Classic MLB draft group after excluding Turbo/Night/qualifier/satellite/showdown/snake/single-stat slates.,RP,Shaun Anderson (43773666),Shaun Anderson,43773666,P,4000,LAA@MIA 08/07/2026 07:10PM ET,08/07/2026 07:10PM ET,LAA,MIA,away,3.78,,,needs_review_new_player,identity_name_team_map,No reviewed normalized-name/team identity alias; do not auto-guess.
2026-08-07,2026-08-07T14:33:53.319605+00:00,2026-08-07,DraftKings official lineup CSV,https://www.draftkings.com/lineup/getavailableplayerscsv?contestTypeId=9&draftGroupId=151692,151692,9,Selected largest-prize regular Classic MLB draft group after excluding Turbo/Night/qualifier/satellite/showdown/snake/single-stat slates.,RP,James Karinchak (43773667),James Karinchak,43773667,P,4000,ATL@NYY 08/07/2026 07:05PM ET,08/07/2026 07:05PM ET,ATL,NYY,away,3.15,,,needs_review_new_player,identity_name_team_map,No reviewed normalized-name/team identity alias; do not auto-guess.
2026-08-07,2026-08-07T14:33:53.319605+00:00,2026-08-07,DraftKings official lineup CSV,https://www.draftkings.com/lineup/getavailableplayerscsv?contestTypeId=9&draftGroupId=151692,151692,9,Selected largest-prize regular Classic MLB draft group after excluding Turbo/Night/qualifier/satellite/showdown/snake/single-stat slates.,RP,Dylan Lee (43773668),Dylan Lee,43773668,P,4000,ATL@NYY 08/07/2026 07:05PM ET,08/07/2026 07:05PM ET,ATL,NYY,away,4.06,669276,Dylan Lee,mapped,identity_name_team_map,Stable identity seed from old DK-ID map. Pilot join status: matched via normalized_name_team
2026-08-07,2026-08-07T14:33:53.319605+00:00,2026-08-07,DraftKings official lineup CSV,https://www.draftkings.com/lineup/getavailableplayerscsv?contestTypeId=9&draftGroupId=151692,151692,9,Selected largest-prize regular Classic MLB draft group after excluding Turbo/Night/qualifier/satellite/showdown/snake/single-stat slates.,C,Cal Raleigh (43772636),Cal Raleigh,43772636,C,3900,TB@SEA 08/07/2026 09:45PM ET,08/07/2026 09:45PM ET,SEA,TB,home,5.89,,,needs_review_new_player,identity_name_team_map,No reviewed normalized-name/team identity alias; do not auto-guess.
2026-08-07,2026-08-07T14:33:53.319605+00:00,2026-08-07,DraftKings official lineup CSV,https://www.draftkings.com/lineup/getavailableplayerscsv?contestTypeId=9&draftGroupId=151692,151692,9,Selected largest-prize regular Classic MLB draft group after excluding Turbo/Night/qualifier/satellite/showdown/snake/single-stat slates.,1B,Bryce Eldridge (43772637),Bryce Eldridge,43772637,1B,3900,DET@SF 08/07/2026 10:15PM ET,08/07/2026 10:15PM ET,SF,DET,home,7.04,805811,Bryce Eldridge,mapped,identity_name_team_map,Stable identity seed from old DK-ID map. Pilot join status: matched via normalized_name_team
2026-08-07,2026-08-07T14:33:53.319605+00:00,2026-08-07,DraftKings official lineup CSV,https://www.draftkings.com/lineup/getavailableplayerscsv?contestTypeId=9&draftGroupId=151692,151692,9,Selected largest-prize regular Classic MLB draft group after excluding Turbo/Night/qualifier/satellite/showdown/snake/single-stat slates.,2B,Jose Altuve (43772638),Jose Altuve,43772638,2B,3900,HOU@SD 08/07/2026 09:40PM ET,08/07/2026 09:40PM ET,HOU,SD,away,6.98,514888,Jose Altuve,mapped,identity_name_team_map,Stable identity seed from old DK-ID map. Pilot join status: matched via normalized_name_team
2026-08-07,2026-08-07T14:33:53.319605+00:00,2026-08-07,DraftKings official lineup CSV,https://www.draftkings.com/lineup/getavailableplayerscsv?contestTypeId=9&draftGroupId=151692,151692,9,Selected largest-prize regular Classic MLB draft group after excluding Turbo/Night/qualifier/satellite/showdown/snake/single-stat slates.,2B,Xavier Edwards (43772639),Xavier Edwards,43772639,2B,3900,LAA@MIA 08/07/2026 07:10PM ET,08/07/2026 07:10PM ET,MIA,LAA,home,7.37,669364,Xavier Edwards,mapped,identity_name_team_map,Proposed from review candidates; basis=exact normalized name + team; role-compatible; hr-distance-latest.json|statcast_batter_des_2026; confidence=high; sources=hr-distance-latest.json|statcast_batter_des_2026
2026-08-07,2026-08-07T14:33:53.319605+00:00,2026-08-07,DraftKings official lineup CSV,https://www.draftkings.com/lineup/getavailableplayerscsv?contestTypeId=9&draftGroupId=151692,151692,9,Selected largest-prize regular Classic MLB draft group after excluding Turbo/Night/qualifier/satellite/showdown/snake/single-stat slates.,3B/SS,Ezequiel Duran (43772640),Ezequiel Duran,43772640,3B/SS,3900,BAL@TEX 08/07/2026 08:15PM ET,08/07/2026 08:15PM ET,TEX,BAL,home,7.43,677649,Ezequiel Duran,mapped,identity_name_team_map,Stable identity seed from old DK-ID map. Pilot join status: matched via normalized_name_team
2026-08-07,2026-08-07T14:33:53.319605+00:00,2026-08-07,DraftKings official lineup CSV,https://www.draftkings.com/lineup/getavailableplayerscsv?contestTypeId=9&draftGroupId=151692,151692,9,Selected largest-prize regular Classic MLB draft group after excluding Turbo/Night/qualifier/satellite/showdown/snake/single-stat slates.,C,Dalton Rushing (43772906),Dalton Rushing,43772906,C,3900,LAD@ARI 08/07/2026 09:40PM ET,08/07/2026 09:40PM ET,LAD,ARI,away,6.39,,,needs_review_new_player,identity_name_team_map,No reviewed normalized-name/team identity alias; do not auto-guess.
2026-08-07,2026-08-07T14:33:53.319605+00:00,2026-08-07,DraftKings official lineup CSV,https://www.draftkings.com/lineup/getavailableplayerscsv?contestTypeId=9&draftGroupId=151692,151692,9,Selected largest-prize regular Classic MLB draft group after excluding Turbo/Night/qualifier/satellite/showdown/snake/single-stat slates.,2B,Nico Hoerner (43772642),Nico Hoerner,43772642,2B,3800,CHC@KC 08/07/2026 08:10PM ET,08/07/2026 08:10PM ET,CHC,KC,away,7.29,663538,Nico Hoerner,mapped,identity_name_team_map,Stable identity seed from old DK-ID map. Pilot join status: matched via normalized_name_team
2026-08-07,2026-08-07T14:33:53.319605+00:00,2026-08-07,DraftKings official lineup CSV,https://www.draftkings.com/lineup/getavailableplayerscsv?contestTypeId=9&draftGroupId=151692,151692,9,Selected largest-prize regular Classic MLB draft group after excluding Turbo/Night/qualifier/satellite/showdown/snake/single-stat slates.,3B,Brooks Lee (43772643),Brooks Lee,43772643,3B,3800,MIN@MIL 08/07/2026 07:40PM ET,08/07/2026 07:40PM ET,MIN,MIL,away,7.03,686797,Brooks Lee,mapped,identity_name_team_map,Proposed from review candidates; basis=exact normalized name + team; role-compatible; hr-distance-latest.json|statcast_batter_des_2026; confidence=high; sources=hr-distance-latest.json|statcast_batter_des_2026
2026-08-07,2026-08-07T14:33:53.319605+00:00,2026-08-07,DraftKings official lineup CSV,https://www.draftkings.com/lineup/getavailableplayerscsv?contestTypeId=9&draftGroupId=151692,151692,9,Selected largest-prize regular Classic MLB draft group after excluding Turbo/Night/qualifier/satellite/showdown/snake/single-stat slates.,OF,Jarren Duran (43772644),Jarren Duran,43772644,OF,3800,ATH@BOS 08/07/2026 07:10PM ET,08/07/2026 07:10PM ET,BOS,ATH,home,7.15,,,needs_review_new_player,identity_name_team_map,No reviewed normalized-name/team identity alias; do not auto-guess.
2026-08-07,2026-08-07T14:33:53.319605+00:00,2026-08-07,DraftKings official lineup CSV,https://www.draftkings.com/lineup/getavailableplayerscsv?contestTypeId=9&draftGroupId=151692,151692,9,Selected largest-prize regular Classic MLB draft group after excluding Turbo/Night/qualifier/satellite/showdown/snake/single-stat slates.,OF,Victor Mesa Jr. (43772645),Victor Mesa Jr.,43772645,OF,3800,TB@SEA 08/07/2026 09:45PM ET,08/07/2026 09:45PM ET,TB,SEA,away,5.75,,,needs_review_new_player,identity_name_team_map,No reviewed normalized-name/team identity alias; do not auto-guess.
2026-08-07,2026-08-07T14:33:53.319605+00:00,2026-08-07,DraftKings official lineup CSV,https://www.draftkings.com/lineup/getavailableplayerscsv?contestTypeId=9&draftGroupId=151692,151692,9,Selected largest-prize regular Classic MLB draft group after excluding Turbo/Night/qualifier/satellite/showdown/snake/single-stat slates.,OF,Heriberto Hernandez (43772646),Heriberto Hernandez,43772646,OF,3800,LAA@MIA 08/07/2026 07:10PM ET,08/07/2026 07:10PM ET,MIA,LAA,home,6.78,681715,Heriberto Hernández,mapped,identity_name_team_map,Proposed from review candidates; basis=exact normalized name + team; role-compatible; statcast_batter_des_2026; confidence=high; sources=statcast_batter_des_2026
2026-08-07,2026-08-07T14:33:53.319605+00:00,2026-08-07,DraftKings official lineup CSV,https://www.draftkings.com/lineup/getavailableplayerscsv?contestTypeId=9&draftGroupId=151692,151692,9,Selected largest-prize regular Classic MLB draft group after excluding Turbo/Night/qualifier/satellite/showdown/snake/single-stat slates.,OF,Dominic Canzone (43772647),Dominic Canzone,43772647,OF,3800,TB@SEA 08/07/2026 09:45PM ET,08/07/2026 09:45PM ET,SEA,TB,home,6.39,,,needs_review_new_player,identity_name_team_map,No reviewed normalized-name/team identity alias; do not auto-guess.
2026-08-07,2026-08-07T14:33:53.319605+00:00,2026-08-07,DraftKings official lineup CSV,https://www.draftkings.com/lineup/getavailableplayerscsv?contestTypeId=9&draftGroupId=151692,151692,9,Selected largest-prize regular Classic MLB draft group after excluding Turbo/Night/qualifier/satellite/showdown/snake/single-stat slates.,2B,Michael Massey (43772648),Michael Massey,43772648,2B,3800,CHC@KC 08/07/2026 08:10PM ET,08/07/2026 08:10PM ET,KC,CHC,home,5.55,686681,Michael Massey,mapped,identity_name_team_map,Stable identity seed from old DK-ID map. Pilot join status: matched via normalized_name_team
2026-08-07,2026-08-07T14:33:53.319605+00:00,2026-08-07,DraftKings official lineup CSV,https://www.draftkings.com/lineup/getavailableplayerscsv?contestTypeId=9&draftGroupId=151692,151692,9,Selected largest-prize regular Classic MLB draft group after excluding Turbo/Night/qualifier/satellite/showdown/snake/single-stat slates.,SS,Dansby Swanson (43772649),Dansby Swanson,43772649,SS,3800,CHC@KC 08/07/2026 08:10PM ET,08/07/2026 08:10PM ET,CHC,KC,away,7.65,621020,Dansby Swanson,mapped,identity_name_team_map,Stable identity seed from old DK-ID map. Pilot join status: matched via normalized_name_team
2026-08-07,2026-08-07T14:33:53.319605+00:00,2026-08-07,DraftKings official lineup CSV,https://www.draftkings.com/lineup/getavailableplayerscsv?contestTypeId=9&draftGroupId=151692,151692,9,Selected largest-prize regular Classic MLB draft group after excluding Turbo/Night/qualifier/satellite/showdown/snake/single-stat slates.,3B,Nolan Arenado (43772650),Nolan Arenado,43772650,3B,3800,LAD@ARI 08/07/2026 09:40PM ET,08/07/2026 09:40PM ET,ARI,LAD,home,6.8,,,needs_review_new_player,identity_name_team_map,No reviewed normalized-name/team identity alias; do not auto-guess.
2026-08-07,2026-08-07T14:33:53.319605+00:00,2026-08-07,DraftKings official lineup CSV,https://www.draftkings.com/lineup/getavailableplayerscsv?contestTypeId=9&draftGroupId=151692,151692,9,Selected largest-prize regular Classic MLB draft group after excluding Turbo/Night/qualifier/satellite/showdown/snake/single-stat slates.,SS,Brayan Rocchio (43772651),Brayan Rocchio,43772651,SS,3800,CLE@CWS 08/07/2026 07:40PM ET,08/07/2026 07:40PM ET,CLE,CWS,away,6.66,,,needs_review_new_player,identity_name_team_map,No reviewed normalized-name/team identity alias; do not auto-guess.
2026-08-07,2026-08-07T14:33:53.319605+00:00,2026-08-07,DraftKings official lineup CSV,https://www.draftkings.com/lineup/getavailableplayerscsv?contestTypeId=9&draftGroupId=151692,151692,9,Selected largest-prize regular Classic MLB draft group after excluding Turbo/Night/qualifier/satellite/showdown/snake/single-stat slates.,OF,Brandon Nimmo (43772652),Brandon Nimmo,43772652,OF,3800,BAL@TEX 08/07/2026 08:15PM ET,08/07/2026 08:15PM ET,TEX,BAL,home,7.34,607043,Brandon Nimmo,mapped,identity_name_team_map,Stable identity seed from old DK-ID map. Pilot join status: matched via normalized_name_team
2026-08-07,2026-08-07T14:33:53.319605+00:00,2026-08-07,DraftKings official lineup CSV,https://www.draftkings.com/lineup/getavailableplayerscsv?contestTypeId=9&draftGroupId=151692,151692,9,Selected largest-prize regular Classic MLB draft group after excluding Turbo/Night/qualifier/satellite/showdown/snake/single-stat slates.,1B,Christian Walker (43772653),Christian Walker,43772653,1B,3800,HOU@SD 08/07/2026 09:40PM ET,08/07/2026 09:40PM ET,HOU,SD,away,7.52,572233,Christian Walker,mapped,identity_name_team_map,Stable identity seed from old DK-ID map. Pilot join status: matched via normalized_name_team
2026-08-07,2026-08-07T14:33:53.319605+00:00,2026-08-07,DraftKings official lineup CSV,https://www.draftkings.com/lineup/getavailableplayerscsv?contestTypeId=9&draftGroupId=151692,151692,9,Selected largest-prize regular Classic MLB draft group after excluding Turbo/Night/qualifier/satellite/showdown/snake/single-stat slates.,C,Gary Sanchez (43772654),Gary Sanchez,43772654,C,3800,MIN@MIL 08/07/2026 07:40PM ET,08/07/2026 07:40PM ET,MIL,MIN,home,6.22,596142,Gary Sánchez,mapped,identity_name_team_map,Stable identity seed from old DK-ID map. Pilot join status: matched via normalized_name_team
2026-08-07,2026-08-07T14:33:53.319605+00:00,2026-08-07,DraftKings official lineup CSV,https://www.draftkings.com/lineup/getavailableplayerscsv?contestTypeId=9&draftGroupId=151692,151692,9,Selected largest-prize regular Classic MLB draft group after excluding Turbo/Night/qualifier/satellite/showdown/snake/single-stat slates.,OF,Jung Hoo Lee (43772655),Jung Hoo Lee,43772655,OF,3700,DET@SF 08/07/2026 10:15PM ET,08/07/2026 10:15PM ET,SF,DET,home,7.36,808982,Jung Hoo Lee,mapped,identity_name_team_map,Stable identity seed from old DK-ID map. Pilot join status: matched via normalized_name_team
2026-08-07,2026-08-07T14:33:53.319605+00:00,2026-08-07,DraftKings official lineup CSV,https://www.draftkings.com/lineup/getavailableplayerscsv?contestTypeId=9&draftGroupId=151692,151692,9,Selected largest-prize regular Classic MLB draft group after excluding Turbo/Night/qualifier/satellite/showdown/snake/single-stat slates.,SS,Cooper Pratt (43772656),Cooper Pratt,43772656,SS,3700,MIN@MIL 08/07/2026 07:40PM ET,08/07/2026 07:40PM ET,MIL,MIN,home,7.19,806198,Cooper Pratt,mapped,identity_name_team_map,Stable identity seed from old DK-ID map. Pilot join status: matched_people_search_name via mlb_people_search_normalized_name
2026-08-07,2026-08-07T14:33:53.319605+00:00,2026-08-07,DraftKings official lineup CSV,https://www.draftkings.com/lineup/getavailableplayerscsv?contestTypeId=9&draftGroupId=151692,151692,9,Selected largest-prize regular Classic MLB draft group after excluding Turbo/Night/qualifier/satellite/showdown/snake/single-stat slates.,OF,Jo Adell (43772657),Jo Adell,43772657,OF,3700,CLE@CWS 08/07/2026 07:40PM ET,08/07/2026 07:40PM ET,CLE,CWS,away,6.66,666176,Jo Adell,needs_review_team_change,identity_name_unique_mlbam,Name maps to one reviewed MLBAM identity but not this DK team; review as team-change/new alias before trusting automation.
2026-08-07,2026-08-07T14:33:53.319605+00:00,2026-08-07,DraftKings official lineup CSV,https://www.draftkings.com/lineup/getavailableplayerscsv?contestTypeId=9&draftGroupId=151692,151692,9,Selected largest-prize regular Classic MLB draft group after excluding Turbo/Night/qualifier/satellite/showdown/snake/single-stat slates.,3B,Austin Riley (43772658),Austin Riley,43772658,3B,3700,ATL@NYY 08/07/2026 07:05PM ET,08/07/2026 07:05PM ET,ATL,NYY,away,6.42,663586,Austin Riley,mapped,identity_name_team_map,Stable identity seed from old DK-ID map. Pilot join status: matched via normalized_name_team
2026-08-07,2026-08-07T14:33:53.319605+00:00,2026-08-07,DraftKings official lineup CSV,https://www.draftkings.com/lineup/getavailableplayerscsv?contestTypeId=9&draftGroupId=151692,151692,9,Selected largest-prize regular Classic MLB draft group after excluding Turbo/Night/qualifier/satellite/showdown/snake/single-stat slates.,2B,Justin Foscue (43772659),Justin Foscue,43772659,2B,3700,BAL@TEX 08/07/2026 08:15PM ET,08/07/2026 08:15PM ET,TEX,BAL,home,4.39,679822,Justin Foscue,mapped,identity_name_team_map,Stable identity seed from old DK-ID map. Pilot join status: matched via normalized_name_team
2026-08-07,2026-08-07T14:33:53.319605+00:00,2026-08-07,DraftKings official lineup CSV,https://www.draftkings.com/lineup/getavailableplayerscsv?contestTypeId=9&draftGroupId=151692,151692,9,Selected largest-prize regular Classic MLB draft group after excluding Turbo/Night/qualifier/satellite/showdown/snake/single-stat slates.,SS,Xander Bogaerts (43772660),Xander Bogaerts,43772660,SS,3700,HOU@SD 08/07/2026 09:40PM ET,08/07/2026 09:40PM ET,SD,HOU,home,6.44,593428,Xander Bogaerts,mapped,identity_name_team_map,Stable identity seed from old DK-ID map. Pilot join status: matched via normalized_name_team
2026-08-07,2026-08-07T14:33:53.319605+00:00,2026-08-07,DraftKings official lineup CSV,https://www.draftkings.com/lineup/getavailableplayerscsv?contestTypeId=9&draftGroupId=151692,151692,9,Selected largest-prize regular Classic MLB draft group after excluding Turbo/Night/qualifier/satellite/showdown/snake/single-stat slates.,1B,Rhys Hoskins (43772661),Rhys Hoskins,43772661,1B,3700,CLE@CWS 08/07/2026 07:40PM ET,08/07/2026 07:40PM ET,CLE,CWS,away,5.42,,,needs_review_new_player,identity_name_team_map,No reviewed normalized-name/team identity alias; do not auto-guess.
2026-08-07,2026-08-07T14:33:53.319605+00:00,2026-08-07,DraftKings official lineup CSV,https://www.draftkings.com/lineup/getavailableplayerscsv?contestTypeId=9&draftGroupId=151692,151692,9,Selected largest-prize regular Classic MLB draft group after excluding Turbo/Night/qualifier/satellite/showdown/snake/single-stat slates.,C,Jonah Heim (43772662),Jonah Heim,43772662,C,3700,ATH@BOS 08/07/2026 07:10PM ET,08/07/2026 07:10PM ET,ATH,BOS,away,6.25,641680,Jonah Heim,mapped,identity_name_team_map,Stable identity seed from old DK-ID map. Pilot join status: matched via normalized_name_team
2026-08-07,2026-08-07T14:33:53.319605+00:00,2026-08-07,DraftKings official lineup CSV,https://www.draftkings.com/lineup/getavailableplayerscsv?contestTypeId=9&draftGroupId=151692,151692,9,Selected largest-prize regular Classic MLB draft group after excluding Turbo/Night/qualifier/satellite/showdown/snake/single-stat slates.,C,Kyle Teel (43772907),Kyle Teel,43772907,C,3700,CLE@CWS 08/07/2026 07:40PM ET,08/07/2026 07:40PM ET,CWS,CLE,home,6,691019,Kyle Teel,mapped,identity_name_team_map,Stable identity seed from old DK-ID map. Pilot join status: matched_people_search_name via mlb_people_search_normalized_name
2026-08-07,2026-08-07T14:33:53.319605+00:00,2026-08-07,DraftKings official lineup CSV,https://www.draftkings.com/lineup/getavailableplayerscsv?contestTypeId=9&draftGroupId=151692,151692,9,Selected largest-prize regular Classic MLB draft group after excluding Turbo/Night/qualifier/satellite/showdown/snake/single-stat slates.,3B,Caleb Durbin (43772663),Caleb Durbin,43772663,3B,3600,ATH@BOS 08/07/2026 07:10PM ET,08/07/2026 07:10PM ET,BOS,ATH,home,6.96,,,needs_review_new_player,identity_name_team_map,No reviewed normalized-name/team identity alias; do not auto-guess.
2026-08-07,2026-08-07T14:33:53.319605+00:00,2026-08-07,DraftKings official lineup CSV,https://www.draftkings.com/lineup/getavailableplayerscsv?contestTypeId=9&draftGroupId=151692,151692,9,Selected largest-prize regular Classic MLB draft group after excluding Turbo/Night/qualifier/satellite/showdown/snake/single-stat slates.,OF,Cedric Mullins (43772664),Cedric Mullins,43772664,OF,3600,TB@SEA 08/07/2026 09:45PM ET,08/07/2026 09:45PM ET,TB,SEA,away,6.38,,,needs_review_new_player,identity_name_team_map,No reviewed normalized-name/team identity alias; do not auto-guess.
2026-08-07,2026-08-07T14:33:53.319605+00:00,2026-08-07,DraftKings official lineup CSV,https://www.draftkings.com/lineup/getavailableplayerscsv?contestTypeId=9&draftGroupId=151692,151692,9,Selected largest-prize regular Classic MLB draft group after excluding Turbo/Night/qualifier/satellite/showdown/snake/single-stat slates.,OF,Teoscar Hernandez (43772665),Teoscar Hernandez,43772665,OF,3600,LAD@ARI 08/07/2026 09:40PM ET,08/07/2026 09:40PM ET,LAD,ARI,away,7.01,,,needs_review_new_player,identity_name_team_map,No reviewed normalized-name/team identity alias; do not auto-guess.
2026-08-07,2026-08-07T14:33:53.319605+00:00,2026-08-07,DraftKings official lineup CSV,https://www.draftkings.com/lineup/getavailableplayerscsv?contestTypeId=9&draftGroupId=151692,151692,9,Selected largest-prize regular Classic MLB draft group after excluding Turbo/Night/qualifier/satellite/showdown/snake/single-stat slates.,2B,Cole Young (43772666),Cole Young,43772666,2B,3600,TB@SEA 08/07/2026 09:45PM ET,08/07/2026 09:45PM ET,SEA,TB,home,6.72,,,needs_review_new_player,identity_name_team_map,No reviewed normalized-name/team identity alias; do not auto-guess.
2026-08-07,2026-08-07T14:33:53.319605+00:00,2026-08-07,DraftKings official lineup CSV,https://www.draftkings.com/lineup/getavailableplayerscsv?contestTypeId=9&draftGroupId=151692,151692,9,Selected largest-prize regular Classic MLB draft group after excluding Turbo/Night/qualifier/satellite/showdown/snake/single-stat slates.,OF,Trevor Larnach (43772667),Trevor Larnach,43772667,OF,3600,MIN@MIL 08/07/2026 07:40PM ET,08/07/2026 07:40PM ET,MIN,MIL,away,6.71,663616,Trevor Larnach,mapped,identity_name_team_map,Proposed from review candidates; basis=exact normalized name + team; role-compatible; hr-distance-latest.json|statcast_batter_des_2026; confidence=high; sources=hr-distance-latest.json|statcast_batter_des_2026
2026-08-07,2026-08-07T14:33:53.319605+00:00,2026-08-07,DraftKings official lineup CSV,https://www.draftkings.com/lineup/getavailableplayerscsv?contestTypeId=9&draftGroupId=151692,151692,9,Selected largest-prize regular Classic MLB draft group after excluding Turbo/Night/qualifier/satellite/showdown/snake/single-stat slates.,2B,Chase Meidroth (43772668),Chase Meidroth,43772668,2B,3600,CLE@CWS 08/07/2026 07:40PM ET,08/07/2026 07:40PM ET,CWS,CLE,home,7.03,805367,Chase Meidroth,mapped,identity_name_team_map,Stable identity seed from old DK-ID map. Pilot join status: matched via normalized_name_team
2026-08-07,2026-08-07T14:33:53.319605+00:00,2026-08-07,DraftKings official lineup CSV,https://www.draftkings.com/lineup/getavailableplayerscsv?contestTypeId=9&draftGroupId=151692,151692,9,Selected largest-prize regular Classic MLB draft group after excluding Turbo/Night/qualifier/satellite/showdown/snake/single-stat slates.,1B,Josh Bell (43772669),Josh Bell,43772669,1B,3600,MIN@MIL 08/07/2026 07:40PM ET,08/07/2026 07:40PM ET,MIN,MIL,away,6.98,605137,Josh Bell,mapped,identity_name_team_map,Proposed from review candidates; basis=exact normalized name + team; role-compatible; hr-distance-latest.json|statcast_batter_des_2026; confidence=high; sources=hr-distance-latest.json|statcast_batter_des_2026
2026-08-07,2026-08-07T14:33:53.319605+00:00,2026-08-07,DraftKings official lineup CSV,https://www.draftkings.com/lineup/getavailableplayerscsv?contestTypeId=9&draftGroupId=151692,151692,9,Selected largest-prize regular Classic MLB draft group after excluding Turbo/Night/qualifier/satellite/showdown/snake/single-stat slates.,C,Yainer Diaz (43772670),Yainer Diaz,43772670,C,3600,HOU@SD 08/07/2026 09:40PM ET,08/07/2026 09:40PM ET,HOU,SD,away,6.4,673237,Yainer Diaz,mapped,identity_name_team_map,Stable identity seed from old DK-ID map. Pilot join status: matched via normalized_name_team
2026-08-07,2026-08-07T14:33:53.319605+00:00,2026-08-07,DraftKings official lineup CSV,https://www.draftkings.com/lineup/getavailableplayerscsv?contestTypeId=9&draftGroupId=151692,151692,9,Selected largest-prize regular Classic MLB draft group after excluding Turbo/Night/qualifier/satellite/showdown/snake/single-stat slates.,SS,Andruw Monasterio (43772671),Andruw Monasterio,43772671,SS,3600,ATH@BOS 08/07/2026 07:10PM ET,08/07/2026 07:10PM ET,BOS,ATH,home,5.72,,,needs_review_new_player,identity_name_team_map,No reviewed normalized-name/team identity alias; do not auto-guess.
2026-08-07,2026-08-07T14:33:53.319605+00:00,2026-08-07,DraftKings official lineup CSV,https://www.draftkings.com/lineup/getavailableplayerscsv?contestTypeId=9&draftGroupId=151692,151692,9,Selected largest-prize regular Classic MLB draft group after excluding Turbo/Night/qualifier/satellite/showdown/snake/single-stat slates.,1B/2B,Ildemaro Vargas (43772672),Ildemaro Vargas,43772672,1B/2B,3500,LAD@ARI 08/07/2026 09:40PM ET,08/07/2026 09:40PM ET,ARI,LAD,home,6.26,,,needs_review_new_player,identity_name_team_map,No reviewed normalized-name/team identity alias; do not auto-guess.
2026-08-07,2026-08-07T14:33:53.319605+00:00,2026-08-07,DraftKings official lineup CSV,https://www.draftkings.com/lineup/getavailableplayerscsv?contestTypeId=9&draftGroupId=151692,151692,9,Selected largest-prize regular Classic MLB draft group after excluding Turbo/Night/qualifier/satellite/showdown/snake/single-stat slates.,OF,John Rave (43772674),John Rave,43772674,OF,3500,CHC@KC 08/07/2026 08:10PM ET,08/07/2026 08:10PM ET,KC,CHC,home,5.38,670231,John Rave,mapped,identity_name_team_map,Stable identity seed from old DK-ID map. Pilot join status: matched_people_search_name via mlb_people_search_normalized_name
2026-08-07,2026-08-07T14:33:53.319605+00:00,2026-08-07,DraftKings official lineup CSV,https://www.draftkings.com/lineup/getavailableplayerscsv?contestTypeId=9&draftGroupId=151692,151692,9,Selected largest-prize regular Classic MLB draft group after excluding Turbo/Night/qualifier/satellite/showdown/snake/single-stat slates.,2B/3B,Vaughn Grissom (43772675),Vaughn Grissom,43772675,2B/3B,3500,LAA@MIA 08/07/2026 07:10PM ET,08/07/2026 07:10PM ET,LAA,MIA,away,6.53,687093,Vaughn Grissom,mapped,identity_name_team_map,Stable identity seed from old DK-ID map. Pilot join status: matched via normalized_name_team
2026-08-07,2026-08-07T14:33:53.319605+00:00,2026-08-07,DraftKings official lineup CSV,https://www.draftkings.com/lineup/getavailableplayerscsv?contestTypeId=9&draftGroupId=151692,151692,9,Selected largest-prize regular Classic MLB draft group after excluding Turbo/Night/qualifier/satellite/showdown/snake/single-stat slates.,OF,Luis Lara (43772677),Luis Lara,43772677,OF,3500,MIN@MIL 08/07/2026 07:40PM ET,08/07/2026 07:40PM ET,MIL,MIN,home,5.71,,,needs_review_new_player,identity_name_team_map,No reviewed normalized-name/team identity alias; do not auto-guess.
2026-08-07,2026-08-07T14:33:53.319605+00:00,2026-08-07,DraftKings official lineup CSV,https://www.draftkings.com/lineup/getavailableplayerscsv?contestTypeId=9&draftGroupId=151692,151692,9,Selected largest-prize regular Classic MLB draft group after excluding Turbo/Night/qualifier/satellite/showdown/snake/single-stat slates.,OF,Esteury Ruiz (43772678),Esteury Ruiz,43772678,OF,3500,LAA@MIA 08/07/2026 07:10PM ET,08/07/2026 07:10PM ET,MIA,LAA,home,5.61,665923,Esteury Ruiz,mapped,identity_name_team_map,Proposed from review candidates; basis=exact normalized name + team; role-compatible; statcast_batter_des_2026; confidence=high; sources=statcast_batter_des_2026
2026-08-07,2026-08-07T14:33:53.319605+00:00,2026-08-07,DraftKings official lineup CSV,https://www.draftkings.com/lineup/getavailableplayerscsv?contestTypeId=9&draftGroupId=151692,151692,9,Selected largest-prize regular Classic MLB draft group after excluding Turbo/Night/qualifier/satellite/showdown/snake/single-stat slates.,C,Carson Kelly (43772679),Carson Kelly,43772679,C,3500,CHC@KC 08/07/2026 08:10PM ET,08/07/2026 08:10PM ET,CHC,KC,away,5.95,608348,Carson Kelly,mapped,identity_name_team_map,Stable identity seed from old DK-ID map. Pilot join status: matched via normalized_name_team
2026-08-07,2026-08-07T14:33:53.319605+00:00,2026-08-07,DraftKings official lineup CSV,https://www.draftkings.com/lineup/getavailableplayerscsv?contestTypeId=9&draftGroupId=151692,151692,9,Selected largest-prize regular Classic MLB draft group after excluding Turbo/Night/qualifier/satellite/showdown/snake/single-stat slates.,SS,Masyn Winn (43772680),Masyn Winn,43772680,SS,3500,COL@STL 08/07/2026 08:15PM ET,08/07/2026 08:15PM ET,STL,COL,home,6.06,691026,Masyn Winn,mapped,identity_name_team_map,Stable identity seed from old DK-ID map. Pilot join status: matched via normalized_name_team
2026-08-07,2026-08-07T14:33:53.319605+00:00,2026-08-07,DraftKings official lineup CSV,https://www.draftkings.com/lineup/getavailableplayerscsv?contestTypeId=9&draftGroupId=151692,151692,9,Selected largest-prize regular Classic MLB draft group after excluding Turbo/Night/qualifier/satellite/showdown/snake/single-stat slates.,OF,Lane Thomas (43772681),Lane Thomas,43772681,OF,3500,ATL@NYY 08/07/2026 07:05PM ET,08/07/2026 07:05PM ET,ATL,NYY,away,5.66,657041,Lane Thomas,needs_review_team_change,identity_name_unique_mlbam,Name maps to one reviewed MLBAM identity but not this DK team; review as team-change/new alias before trusting automation.
2026-08-07,2026-08-07T14:33:53.319605+00:00,2026-08-07,DraftKings official lineup CSV,https://www.draftkings.com/lineup/getavailableplayerscsv?contestTypeId=9&draftGroupId=151692,151692,9,Selected largest-prize regular Classic MLB draft group after excluding Turbo/Night/qualifier/satellite/showdown/snake/single-stat slates.,1B,Jake Burger (43772682),Jake Burger,43772682,1B,3500,BAL@TEX 08/07/2026 08:15PM ET,08/07/2026 08:15PM ET,TEX,BAL,home,6.96,669394,Jake Burger,mapped,identity_name_team_map,Stable identity seed from old DK-ID map. Pilot join status: matched via normalized_name_team
2026-08-07,2026-08-07T14:33:53.319605+00:00,2026-08-07,DraftKings official lineup CSV,https://www.draftkings.com/lineup/getavailableplayerscsv?contestTypeId=9&draftGroupId=151692,151692,9,Selected largest-prize regular Classic MLB draft group after excluding Turbo/Night/qualifier/satellite/showdown/snake/single-stat slates.,1B,Paul Goldschmidt (43772683),Paul Goldschmidt,43772683,1B,3500,ATL@NYY 08/07/2026 07:05PM ET,08/07/2026 07:05PM ET,NYY,ATL,home,6.79,,,needs_review_new_player,identity_name_team_map,No reviewed normalized-name/team identity alias; do not auto-guess.
2026-08-07,2026-08-07T14:33:53.319605+00:00,2026-08-07,DraftKings official lineup CSV,https://www.draftkings.com/lineup/getavailableplayerscsv?contestTypeId=9&draftGroupId=151692,151692,9,Selected largest-prize regular Classic MLB draft group after excluding Turbo/Night/qualifier/satellite/showdown/snake/single-stat slates.,OF,Braden Montgomery (43772684),Braden Montgomery,43772684,OF,3500,CLE@CWS 08/07/2026 07:40PM ET,08/07/2026 07:40PM ET,CWS,CLE,home,6.49,695731,Braden Montgomery,mapped,identity_name_team_map,Resolved via MLB Stats API all-players list and Pipeline prospect board context; DK team CWS.
2026-08-07,2026-08-07T14:33:53.319605+00:00,2026-08-07,DraftKings official lineup CSV,https://www.draftkings.com/lineup/getavailableplayerscsv?contestTypeId=9&draftGroupId=151692,151692,9,Selected largest-prize regular Classic MLB draft group after excluding Turbo/Night/qualifier/satellite/showdown/snake/single-stat slates.,OF,Kerry Carpenter (43772908),Kerry Carpenter,43772908,OF,3500,DET@SF 08/07/2026 10:15PM ET,08/07/2026 10:15PM ET,DET,SF,away,5.27,681481,Kerry Carpenter,mapped,identity_name_team_map,Proposed from review candidates; basis=exact normalized name + team; role-compatible; statcast_batter_des_2026; confidence=high; sources=statcast_batter_des_2026
2026-08-07,2026-08-07T14:33:53.319605+00:00,2026-08-07,DraftKings official lineup CSV,https://www.draftkings.com/lineup/getavailableplayerscsv?contestTypeId=9&draftGroupId=151692,151692,9,Selected largest-prize regular Classic MLB draft group after excluding Turbo/Night/qualifier/satellite/showdown/snake/single-stat slates.,SS,Trevor Story (43772909),Trevor Story,43772909,SS,3500,ATH@BOS 08/07/2026 07:10PM ET,08/07/2026 07:10PM ET,BOS,ATH,home,5.98,,,needs_review_new_player,identity_name_team_map,No reviewed normalized-name/team identity alias; do not auto-guess.
2026-08-07,2026-08-07T14:33:53.319605+00:00,2026-08-07,DraftKings official lineup CSV,https://www.draftkings.com/lineup/getavailableplayerscsv?contestTypeId=9&draftGroupId=151692,151692,9,Selected largest-prize regular Classic MLB draft group after excluding Turbo/Night/qualifier/satellite/showdown/snake/single-stat slates.,OF,Jasson Dominguez (43772910),Jasson Dominguez,43772910,OF,3500,ATL@NYY 08/07/2026 07:05PM ET,08/07/2026 07:05PM ET,NYY,ATL,home,6.24,,,needs_review_new_player,identity_name_team_map,No reviewed normalized-name/team identity alias; do not auto-guess.
2026-08-07,2026-08-07T14:33:53.319605+00:00,2026-08-07,DraftKings official lineup CSV,https://www.draftkings.com/lineup/getavailableplayerscsv?contestTypeId=9&draftGroupId=151692,151692,9,Selected largest-prize regular Classic MLB draft group after excluding Turbo/Night/qualifier/satellite/showdown/snake/single-stat slates.,C,Luis Campusano (43772685),Luis Campusano,43772685,C,3400,HOU@SD 08/07/2026 09:40PM ET,08/07/2026 09:40PM ET,SD,HOU,home,6.13,669134,Luis Campusano,mapped,identity_name_team_map,Stable identity seed from old DK-ID map. Pilot join status: matched via normalized_name_team
2026-08-07,2026-08-07T14:33:53.319605+00:00,2026-08-07,DraftKings official lineup CSV,https://www.draftkings.com/lineup/getavailableplayerscsv?contestTypeId=9&draftGroupId=151692,151692,9,Selected largest-prize regular Classic MLB draft group after excluding Turbo/Night/qualifier/satellite/showdown/snake/single-stat slates.,3B/OF,Kike Hernandez (43772686),Kike Hernandez,43772686,3B/OF,3400,LAD@ARI 08/07/2026 09:40PM ET,08/07/2026 09:40PM ET,LAD,ARI,away,4.25,,,needs_review_new_player,identity_name_team_map,No reviewed normalized-name/team identity alias; do not auto-guess.
2026-08-07,2026-08-07T14:33:53.319605+00:00,2026-08-07,DraftKings official lineup CSV,https://www.draftkings.com/lineup/getavailableplayerscsv?contestTypeId=9&draftGroupId=151692,151692,9,Selected largest-prize regular Classic MLB draft group after excluding Turbo/Night/qualifier/satellite/showdown/snake/single-stat slates.,OF,Steven Kwan (43772688),Steven Kwan,43772688,OF,3400,CLE@CWS 08/07/2026 07:40PM ET,08/07/2026 07:40PM ET,CLE,CWS,away,5.81,,,needs_review_new_player,identity_name_team_map,No reviewed normalized-name/team identity alias; do not auto-guess.
2026-08-07,2026-08-07T14:33:53.319605+00:00,2026-08-07,DraftKings official lineup CSV,https://www.draftkings.com/lineup/getavailableplayerscsv?contestTypeId=9&draftGroupId=151692,151692,9,Selected largest-prize regular Classic MLB draft group after excluding Turbo/Night/qualifier/satellite/showdown/snake/single-stat slates.,2B/SS,Ben Williamson (43772689),Ben Williamson,43772689,2B/SS,3400,TB@SEA 08/07/2026 09:45PM ET,08/07/2026 09:45PM ET,TB,SEA,away,5.08,,,needs_review_new_player,identity_name_team_map,No reviewed normalized-name/team identity alias; do not auto-guess.
2026-08-07,2026-08-07T14:33:53.319605+00:00,2026-08-07,DraftKings official lineup CSV,https://www.draftkings.com/lineup/getavailableplayerscsv?contestTypeId=9&draftGroupId=151692,151692,9,Selected largest-prize regular Classic MLB draft group after excluding Turbo/Night/qualifier/satellite/showdown/snake/single-stat slates.,1B,Josh Naylor (43772691),Josh Naylor,43772691,1B,3400,TB@SEA 08/07/2026 09:45PM ET,08/07/2026 09:45PM ET,SEA,TB,home,7.12,,,needs_review_new_player,identity_name_team_map,No reviewed normalized-name/team identity alias; do not auto-guess.
2026-08-07,2026-08-07T14:33:53.319605+00:00,2026-08-07,DraftKings official lineup CSV,https://www.draftkings.com/lineup/getavailableplayerscsv?contestTypeId=9&draftGroupId=151692,151692,9,Selected largest-prize regular Classic MLB draft group after excluding Turbo/Night/qualifier/satellite/showdown/snake/single-stat slates.,OF,Taylor Trammell (43772692),Taylor Trammell,43772692,OF,3400,HOU@SD 08/07/2026 09:40PM ET,08/07/2026 09:40PM ET,HOU,SD,away,5.15,666211,Taylor Trammell,mapped,identity_name_team_map,Stable identity seed from old DK-ID map. Pilot join status: matched via normalized_name_team
2026-08-07,2026-08-07T14:33:53.319605+00:00,2026-08-07,DraftKings official lineup CSV,https://www.draftkings.com/lineup/getavailableplayerscsv?contestTypeId=9&draftGroupId=151692,151692,9,Selected largest-prize regular Classic MLB draft group after excluding Turbo/Night/qualifier/satellite/showdown/snake/single-stat slates.,OF,Lars Nootbaar (43772693),Lars Nootbaar,43772693,OF,3400,LAD@ARI 08/07/2026 09:40PM ET,08/07/2026 09:40PM ET,ARI,LAD,home,5.84,663457,Lars Nootbaar,needs_review_team_change,identity_name_unique_mlbam,Name maps to one reviewed MLBAM identity but not this DK team; review as team-change/new alias before trusting automation.
2026-08-07,2026-08-07T14:33:53.319605+00:00,2026-08-07,DraftKings official lineup CSV,https://www.draftkings.com/lineup/getavailableplayerscsv?contestTypeId=9&draftGroupId=151692,151692,9,Selected largest-prize regular Classic MLB draft group after excluding Turbo/Night/qualifier/satellite/showdown/snake/single-stat slates.,3B,Matt Chapman (43772911),Matt Chapman,43772911,3B,3400,DET@SF 08/07/2026 10:15PM ET,08/07/2026 10:15PM ET,SF,DET,home,6.44,656305,Matt Chapman,mapped,identity_name_team_map,Stable identity seed from old DK-ID map. Pilot join status: matched via normalized_name_team
2026-08-07,2026-08-07T14:33:53.319605+00:00,2026-08-07,DraftKings official lineup CSV,https://www.draftkings.com/lineup/getavailableplayerscsv?contestTypeId=9&draftGroupId=151692,151692,9,Selected largest-prize regular Classic MLB draft group after excluding Turbo/Night/qualifier/satellite/showdown/snake/single-stat slates.,2B/3B,Joshua Kuroda-Grauer (43772912),Joshua Kuroda-Grauer,43772912,2B/3B,3400,ATH@BOS 08/07/2026 07:10PM ET,08/07/2026 07:10PM ET,ATH,BOS,away,7.75,,,needs_review_new_player,identity_name_team_map,No reviewed normalized-name/team identity alias; do not auto-guess.
2026-08-07,2026-08-07T14:33:53.319605+00:00,2026-08-07,DraftKings official lineup CSV,https://www.draftkings.com/lineup/getavailableplayerscsv?contestTypeId=9&draftGroupId=151692,151692,9,Selected largest-prize regular Classic MLB draft group after excluding Turbo/Night/qualifier/satellite/showdown/snake/single-stat slates.,3B/SS,Jose Caballero (43772694),Jose Caballero,43772694,3B/SS,3300,ATL@NYY 08/07/2026 07:05PM ET,08/07/2026 07:05PM ET,NYY,ATL,home,6.96,,,needs_review_new_player,identity_name_team_map,No reviewed normalized-name/team identity alias; do not auto-guess.
2026-08-07,2026-08-07T14:33:53.319605+00:00,2026-08-07,DraftKings official lineup CSV,https://www.draftkings.com/lineup/getavailableplayerscsv?contestTypeId=9&draftGroupId=151692,151692,9,Selected largest-prize regular Classic MLB draft group after excluding Turbo/Night/qualifier/satellite/showdown/snake/single-stat slates.,1B/C,Salvador Perez (43772696),Salvador Perez,43772696,C/1B,3300,CHC@KC 08/07/2026 08:10PM ET,08/07/2026 08:10PM ET,KC,CHC,home,6.06,521692,Salvador Perez,mapped,identity_name_team_map,Stable identity seed from old DK-ID map. Pilot join status: matched via normalized_name_team
2026-08-07,2026-08-07T14:33:53.319605+00:00,2026-08-07,DraftKings official lineup CSV,https://www.draftkings.com/lineup/getavailableplayerscsv?contestTypeId=9&draftGroupId=151692,151692,9,Selected largest-prize regular Classic MLB draft group after excluding Turbo/Night/qualifier/satellite/showdown/snake/single-stat slates.,2B/3B,Pedro Ramirez (43772698),Pedro Ramirez,43772698,2B/3B,3300,CHC@KC 08/07/2026 08:10PM ET,08/07/2026 08:10PM ET,CHC,KC,away,5.33,699393,Pedro Ramírez,mapped,identity_name_team_map,Stable identity seed from old DK-ID map. Pilot join status: matched via normalized_name_team
2026-08-07,2026-08-07T14:33:53.319605+00:00,2026-08-07,DraftKings official lineup CSV,https://www.draftkings.com/lineup/getavailableplayerscsv?contestTypeId=9&draftGroupId=151692,151692,9,Selected largest-prize regular Classic MLB draft group after excluding Turbo/Night/qualifier/satellite/showdown/snake/single-stat slates.,1B,Joc Pederson (43772700),Joc Pederson,43772700,1B,3300,BAL@TEX 08/07/2026 08:15PM ET,08/07/2026 08:15PM ET,TEX,BAL,home,6.46,592626,Joc Pederson,mapped,identity_name_team_map,Stable identity seed from old DK-ID map. Pilot join status: matched via normalized_name_team
2026-08-07,2026-08-07T14:33:53.319605+00:00,2026-08-07,DraftKings official lineup CSV,https://www.draftkings.com/lineup/getavailableplayerscsv?contestTypeId=9&draftGroupId=151692,151692,9,Selected largest-prize regular Classic MLB draft group after excluding Turbo/Night/qualifier/satellite/showdown/snake/single-stat slates.,OF,Brenton Doyle (43772701),Brenton Doyle,43772701,OF,3300,CLE@CWS 08/07/2026 07:40PM ET,08/07/2026 07:40PM ET,CWS,CLE,home,4.75,686668,Brenton Doyle,needs_review_team_change,identity_name_unique_mlbam,Name maps to one reviewed MLBAM identity but not this DK team; review as team-change/new alias before trusting automation.
2026-08-07,2026-08-07T14:33:53.319605+00:00,2026-08-07,DraftKings official lineup CSV,https://www.draftkings.com/lineup/getavailableplayerscsv?contestTypeId=9&draftGroupId=151692,151692,9,Selected largest-prize regular Classic MLB draft group after excluding Turbo/Night/qualifier/satellite/showdown/snake/single-stat slates.,OF,Max Clark (43772702),Max Clark,43772702,OF,3300,DET@SF 08/07/2026 10:15PM ET,08/07/2026 10:15PM ET,DET,SF,away,10.17,,,needs_review_new_player,identity_name_team_map,No reviewed normalized-name/team identity alias; do not auto-guess.
2026-08-07,2026-08-07T14:33:53.319605+00:00,2026-08-07,DraftKings official lineup CSV,https://www.draftkings.com/lineup/getavailableplayerscsv?contestTypeId=9&draftGroupId=151692,151692,9,Selected largest-prize regular Classic MLB draft group after excluding Turbo/Night/qualifier/satellite/showdown/snake/single-stat slates.,2B,Anthony Seigler (43772703),Anthony Seigler,43772703,2B,3300,ATH@BOS 08/07/2026 07:10PM ET,08/07/2026 07:10PM ET,BOS,ATH,home,5.92,,,needs_review_new_player,identity_name_team_map,No reviewed normalized-name/team identity alias; do not auto-guess.
2026-08-07,2026-08-07T14:33:53.319605+00:00,2026-08-07,DraftKings official lineup CSV,https://www.draftkings.com/lineup/getavailableplayerscsv?contestTypeId=9&draftGroupId=151692,151692,9,Selected largest-prize regular Classic MLB draft group after excluding Turbo/Night/qualifier/satellite/showdown/snake/single-stat slates.,3B,Brendan Donovan (43772704),Brendan Donovan,43772704,3B,3300,TB@SEA 08/07/2026 09:45PM ET,08/07/2026 09:45PM ET,SEA,TB,home,6.56,,,needs_review_new_player,identity_name_team_map,No reviewed normalized-name/team identity alias; do not auto-guess.
2026-08-07,2026-08-07T14:33:53.319605+00:00,2026-08-07,DraftKings official lineup CSV,https://www.draftkings.com/lineup/getavailableplayerscsv?contestTypeId=9&draftGroupId=151692,151692,9,Selected largest-prize regular Classic MLB draft group after excluding Turbo/Night/qualifier/satellite/showdown/snake/single-stat slates.,1B,Nathaniel Lowe (43772705),Nathaniel Lowe,43772705,1B,3300,CLE@CWS 08/07/2026 07:40PM ET,08/07/2026 07:40PM ET,CLE,CWS,away,6.2,663993,Nathaniel Lowe,needs_review_team_change,identity_name_unique_mlbam,Name maps to one reviewed MLBAM identity but not this DK team; review as team-change/new alias before trusting automation.
2026-08-07,2026-08-07T14:33:53.319605+00:00,2026-08-07,DraftKings official lineup CSV,https://www.draftkings.com/lineup/getavailableplayerscsv?contestTypeId=9&draftGroupId=151692,151692,9,Selected largest-prize regular Classic MLB draft group after excluding Turbo/Night/qualifier/satellite/showdown/snake/single-stat slates.,OF,Carlos Cortes (43772706),Carlos Cortes,43772706,OF,3300,ATH@BOS 08/07/2026 07:10PM ET,08/07/2026 07:10PM ET,ATH,BOS,away,4.95,666126,Carlos Cortes,mapped,identity_name_team_map,Stable identity seed from old DK-ID map. Pilot join status: matched via normalized_name_team
2026-08-07,2026-08-07T14:33:53.319605+00:00,2026-08-07,DraftKings official lineup CSV,https://www.draftkings.com/lineup/getavailableplayerscsv?contestTypeId=9&draftGroupId=151692,151692,9,Selected largest-prize regular Classic MLB draft group after excluding Turbo/Night/qualifier/satellite/showdown/snake/single-stat slates.,OF,Luke Keaschall (43772707),Luke Keaschall,43772707,OF,3300,MIN@MIL 08/07/2026 07:40PM ET,08/07/2026 07:40PM ET,MIN,MIL,away,6.63,807712,Luke Keaschall,mapped,identity_name_team_map,Proposed from review candidates; basis=exact normalized name + team; role-compatible; hr-distance-latest.json|statcast_batter_des_2026; confidence=high; sources=hr-distance-latest.json|statcast_batter_des_2026
2026-08-07,2026-08-07T14:33:53.319605+00:00,2026-08-07,DraftKings official lineup CSV,https://www.draftkings.com/lineup/getavailableplayerscsv?contestTypeId=9&draftGroupId=151692,151692,9,Selected largest-prize regular Classic MLB draft group after excluding Turbo/Night/qualifier/satellite/showdown/snake/single-stat slates.,OF,Jakob Marsee (43772708),Jakob Marsee,43772708,OF,3300,LAA@MIA 08/07/2026 07:10PM ET,08/07/2026 07:10PM ET,MIA,LAA,home,6.22,805300,Jakob Marsee,mapped,identity_name_team_map,Proposed from review candidates; basis=exact normalized name + team; role-compatible; hr-distance-latest.json|statcast_batter_des_2026; confidence=high; sources=hr-distance-latest.json|statcast_batter_des_2026
2026-08-07,2026-08-07T14:33:53.319605+00:00,2026-08-07,DraftKings official lineup CSV,https://www.draftkings.com/lineup/getavailableplayerscsv?contestTypeId=9&draftGroupId=151692,151692,9,Selected largest-prize regular Classic MLB draft group after excluding Turbo/Night/qualifier/satellite/showdown/snake/single-stat slates.,3B/OF,Jose Fermin (43772709),Jose Fermin,43772709,3B/OF,3300,COL@STL 08/07/2026 08:15PM ET,08/07/2026 08:15PM ET,STL,COL,home,4.44,665877,José Fermín,mapped,identity_name_team_map,Stable identity seed from old DK-ID map. Pilot join status: matched via normalized_name_team
2026-08-07,2026-08-07T14:33:53.319605+00:00,2026-08-07,DraftKings official lineup CSV,https://www.draftkings.com/lineup/getavailableplayerscsv?contestTypeId=9&draftGroupId=151692,151692,9,Selected largest-prize regular Classic MLB draft group after excluding Turbo/Night/qualifier/satellite/showdown/snake/single-stat slates.,OF,Max Kepler (43772711),Max Kepler,43772711,OF,3300,LAD@ARI 08/07/2026 09:40PM ET,08/07/2026 09:40PM ET,ARI,LAD,home,5.17,,,needs_review_new_player,identity_name_team_map,No reviewed normalized-name/team identity alias; do not auto-guess.
2026-08-07,2026-08-07T14:33:53.319605+00:00,2026-08-07,DraftKings official lineup CSV,https://www.draftkings.com/lineup/getavailableplayerscsv?contestTypeId=9&draftGroupId=151692,151692,9,Selected largest-prize regular Classic MLB draft group after excluding Turbo/Night/qualifier/satellite/showdown/snake/single-stat slates.,OF,Michael Conforto (43772712),Michael Conforto,43772712,OF,3300,CHC@KC 08/07/2026 08:10PM ET,08/07/2026 08:10PM ET,CHC,KC,away,4.64,624424,Michael Conforto,mapped,identity_name_team_map,Stable identity seed from old DK-ID map. Pilot join status: matched via normalized_name_team
2026-08-07,2026-08-07T14:33:53.319605+00:00,2026-08-07,DraftKings official lineup CSV,https://www.draftkings.com/lineup/getavailableplayerscsv?contestTypeId=9&draftGroupId=151692,151692,9,Selected largest-prize regular Classic MLB draft group after excluding Turbo/Night/qualifier/satellite/showdown/snake/single-stat slates.,OF,Spencer Jones (43772713),Spencer Jones,43772713,OF,3300,ATL@NYY 08/07/2026 07:05PM ET,08/07/2026 07:05PM ET,NYY,ATL,home,4.69,,,needs_review_new_player,identity_name_team_map,No reviewed normalized-name/team identity alias; do not auto-guess.
2026-08-07,2026-08-07T14:33:53.319605+00:00,2026-08-07,DraftKings official lineup CSV,https://www.draftkings.com/lineup/getavailableplayerscsv?contestTypeId=9&draftGroupId=151692,151692,9,Selected largest-prize regular Classic MLB draft group after excluding Turbo/Night/qualifier/satellite/showdown/snake/single-stat slates.,2B,Jackson Holliday (43772714),Jackson Holliday,43772714,2B,3300,BAL@TEX 08/07/2026 08:15PM ET,08/07/2026 08:15PM ET,BAL,TEX,away,5.49,,,needs_review_new_player,identity_name_team_map,No reviewed normalized-name/team identity alias; do not auto-guess.
2026-08-07,2026-08-07T14:33:53.319605+00:00,2026-08-07,DraftKings official lineup CSV,https://www.draftkings.com/lineup/getavailableplayerscsv?contestTypeId=9&draftGroupId=151692,151692,9,Selected largest-prize regular Classic MLB draft group after excluding Turbo/Night/qualifier/satellite/showdown/snake/single-stat slates.,1B/3B,Jose Fernandez (43772914),Jose Fernandez,43772914,1B/3B,3300,LAD@ARI 08/07/2026 09:40PM ET,08/07/2026 09:40PM ET,ARI,LAD,home,5.24,,,needs_review_new_player,identity_name_team_map,No reviewed normalized-name/team identity alias; do not auto-guess.
2026-08-07,2026-08-07T14:33:53.319605+00:00,2026-08-07,DraftKings official lineup CSV,https://www.draftkings.com/lineup/getavailableplayerscsv?contestTypeId=9&draftGroupId=151692,151692,9,Selected largest-prize regular Classic MLB draft group after excluding Turbo/Night/qualifier/satellite/showdown/snake/single-stat slates.,SS,Tyler Tolbert (43772715),Tyler Tolbert,43772715,SS,3200,CHC@KC 08/07/2026 08:10PM ET,08/07/2026 08:10PM ET,KC,CHC,home,4.96,686475,Tyler Tolbert,mapped,identity_name_team_map,Stable identity seed from old DK-ID map. Pilot join status: matched via normalized_name_team
2026-08-07,2026-08-07T14:33:53.319605+00:00,2026-08-07,DraftKings official lineup CSV,https://www.draftkings.com/lineup/getavailableplayerscsv?contestTypeId=9&draftGroupId=151692,151692,9,Selected largest-prize regular Classic MLB draft group after excluding Turbo/Night/qualifier/satellite/showdown/snake/single-stat slates.,C,Daniel Susac (43772716),Daniel Susac,43772716,C,3200,DET@SF 08/07/2026 10:15PM ET,08/07/2026 10:15PM ET,SF,DET,home,4.9,691740,Daniel Susac,mapped,identity_name_team_map,Stable identity seed from old DK-ID map. Pilot join status: matched via normalized_name_team
2026-08-07,2026-08-07T14:33:53.319605+00:00,2026-08-07,DraftKings official lineup CSV,https://www.draftkings.com/lineup/getavailableplayerscsv?contestTypeId=9&draftGroupId=151692,151692,9,Selected largest-prize regular Classic MLB draft group after excluding Turbo/Night/qualifier/satellite/showdown/snake/single-stat slates.,1B,Andrew Vaughn (43772717),Andrew Vaughn,43772717,1B,3200,MIN@MIL 08/07/2026 07:40PM ET,08/07/2026 07:40PM ET,MIL,MIN,home,6.01,683734,Andrew Vaughn,mapped,identity_name_team_map,Stable identity seed from old DK-ID map. Pilot join status: matched via normalized_name_team
2026-08-07,2026-08-07T14:33:53.319605+00:00,2026-08-07,DraftKings official lineup CSV,https://www.draftkings.com/lineup/getavailableplayerscsv?contestTypeId=9&draftGroupId=151692,151692,9,Selected largest-prize regular Classic MLB draft group after excluding Turbo/Night/qualifier/satellite/showdown/snake/single-stat slates.,3B,Colt Keith (43772718),Colt Keith,43772718,3B,3200,DET@SF 08/07/2026 10:15PM ET,08/07/2026 10:15PM ET,DET,SF,away,5.44,690993,Colt Keith,mapped,identity_name_team_map,Proposed from review candidates; basis=exact normalized name + team; role-compatible; hr-distance-latest.json|statcast_batter_des_2026; confidence=high; sources=hr-distance-latest.json|statcast_batter_des_2026
2026-08-07,2026-08-07T14:33:53.319605+00:00,2026-08-07,DraftKings official lineup CSV,https://www.draftkings.com/lineup/getavailableplayerscsv?contestTypeId=9&draftGroupId=151692,151692,9,Selected largest-prize regular Classic MLB draft group after excluding Turbo/Night/qualifier/satellite/showdown/snake/single-stat slates.,2B/OF,Tyler Freeman (43772719),Tyler Freeman,43772719,2B/OF,3200,COL@STL 08/07/2026 08:15PM ET,08/07/2026 08:15PM ET,COL,STL,away,5.36,671289,Tyler Freeman,mapped,identity_name_team_map,Stable identity seed from old DK-ID map. Pilot join status: matched via normalized_name_team
2026-08-07,2026-08-07T14:33:53.319605+00:00,2026-08-07,DraftKings official lineup CSV,https://www.draftkings.com/lineup/getavailableplayerscsv?contestTypeId=9&draftGroupId=151692,151692,9,Selected largest-prize regular Classic MLB draft group after excluding Turbo/Night/qualifier/satellite/showdown/snake/single-stat slates.,2B,Richie Palacios (43772721),Richie Palacios,43772721,2B,3200,TB@SEA 08/07/2026 09:45PM ET,08/07/2026 09:45PM ET,TB,SEA,away,5.51,,,needs_review_new_player,identity_name_team_map,No reviewed normalized-name/team identity alias; do not auto-guess.
2026-08-07,2026-08-07T14:33:53.319605+00:00,2026-08-07,DraftKings official lineup CSV,https://www.draftkings.com/lineup/getavailableplayerscsv?contestTypeId=9&draftGroupId=151692,151692,9,Selected largest-prize regular Classic MLB draft group after excluding Turbo/Night/qualifier/satellite/showdown/snake/single-stat slates.,OF,Drew Gilbert (43772722),Drew Gilbert,43772722,OF,3200,DET@SF 08/07/2026 10:15PM ET,08/07/2026 10:15PM ET,SF,DET,home,4.3,687551,Drew Gilbert,mapped,identity_name_team_map,Stable identity seed from old DK-ID map. Pilot join status: matched via normalized_name_team
2026-08-07,2026-08-07T14:33:53.319605+00:00,2026-08-07,DraftKings official lineup CSV,https://www.draftkings.com/lineup/getavailableplayerscsv?contestTypeId=9&draftGroupId=151692,151692,9,Selected largest-prize regular Classic MLB draft group after excluding Turbo/Night/qualifier/satellite/showdown/snake/single-stat slates.,1B,Nolan Schanuel (43772723),Nolan Schanuel,43772723,1B,3200,LAA@MIA 08/07/2026 07:10PM ET,08/07/2026 07:10PM ET,LAA,MIA,away,6.3,694384,Nolan Schanuel,mapped,identity_name_team_map,Stable identity seed from old DK-ID map. Pilot join status: matched via normalized_name_team
2026-08-07,2026-08-07T14:33:53.319605+00:00,2026-08-07,DraftKings official lineup CSV,https://www.draftkings.com/lineup/getavailableplayerscsv?contestTypeId=9&draftGroupId=151692,151692,9,Selected largest-prize regular Classic MLB draft group after excluding Turbo/Night/qualifier/satellite/showdown/snake/single-stat slates.,3B,Javier Sanoja (43772724),Javier Sanoja,43772724,3B,3200,LAA@MIA 08/07/2026 07:10PM ET,08/07/2026 07:10PM ET,MIA,LAA,home,5.22,691594,Javier Sanoja,mapped,identity_name_team_map,Proposed from review candidates; basis=exact normalized name + team; role-compatible; hr-distance-latest.json|statcast_batter_des_2026; confidence=high; sources=hr-distance-latest.json|statcast_batter_des_2026
2026-08-07,2026-08-07T14:33:53.319605+00:00,2026-08-07,DraftKings official lineup CSV,https://www.draftkings.com/lineup/getavailableplayerscsv?contestTypeId=9&draftGroupId=151692,151692,9,Selected largest-prize regular Classic MLB draft group after excluding Turbo/Night/qualifier/satellite/showdown/snake/single-stat slates.,OF,Henry Bolte (43772725),Henry Bolte,43772725,OF,3200,ATH@BOS 08/07/2026 07:10PM ET,08/07/2026 07:10PM ET,ATH,BOS,away,6.07,703607,Henry Bolte,mapped,identity_name_team_map,Stable identity seed from old DK-ID map. Pilot join status: matched via normalized_name_team
2026-08-07,2026-08-07T14:33:53.319605+00:00,2026-08-07,DraftKings official lineup CSV,https://www.draftkings.com/lineup/getavailableplayerscsv?contestTypeId=9&draftGroupId=151692,151692,9,Selected largest-prize regular Classic MLB draft group after excluding Turbo/Night/qualifier/satellite/showdown/snake/single-stat slates.,3B,David Hamilton (43772726),David Hamilton,43772726,3B,3200,MIN@MIL 08/07/2026 07:40PM ET,08/07/2026 07:40PM ET,MIL,MIN,home,5.52,666152,David Hamilton,mapped,identity_name_team_map,Stable identity seed from old DK-ID map. Pilot join status: matched via normalized_name_team
2026-08-07,2026-08-07T14:33:53.319605+00:00,2026-08-07,DraftKings official lineup CSV,https://www.draftkings.com/lineup/getavailableplayerscsv?contestTypeId=9&draftGroupId=151692,151692,9,Selected largest-prize regular Classic MLB draft group after excluding Turbo/Night/qualifier/satellite/showdown/snake/single-stat slates.,OF,Evan Carter (43772727),Evan Carter,43772727,OF,3200,BAL@TEX 08/07/2026 08:15PM ET,08/07/2026 08:15PM ET,TEX,BAL,home,5.67,694497,Evan Carter,mapped,identity_name_team_map,Stable identity seed from old DK-ID map. Pilot join status: matched via normalized_name_team
2026-08-07,2026-08-07T14:33:53.319605+00:00,2026-08-07,DraftKings official lineup CSV,https://www.draftkings.com/lineup/getavailableplayerscsv?contestTypeId=9&draftGroupId=151692,151692,9,Selected largest-prize regular Classic MLB draft group after excluding Turbo/Night/qualifier/satellite/showdown/snake/single-stat slates.,OF,Nelson Velazquez (43772728),Nelson Velazquez,43772728,OF,3200,COL@STL 08/07/2026 08:15PM ET,08/07/2026 08:15PM ET,STL,COL,home,4.24,676369,Nelson Velázquez,mapped,identity_name_team_map,Stable identity seed from old DK-ID map. Pilot join status: matched via normalized_name_team
2026-08-07,2026-08-07T14:33:53.319605+00:00,2026-08-07,DraftKings official lineup CSV,https://www.draftkings.com/lineup/getavailableplayerscsv?contestTypeId=9&draftGroupId=151692,151692,9,Selected largest-prize regular Classic MLB draft group after excluding Turbo/Night/qualifier/satellite/showdown/snake/single-stat slates.,OF,Daulton Varsho (43772729),Daulton Varsho,43772729,OF,3200,HOU@SD 08/07/2026 09:40PM ET,08/07/2026 09:40PM ET,HOU,SD,away,5.88,662139,Daulton Varsho,needs_review_team_change,identity_name_unique_mlbam,Name maps to one reviewed MLBAM identity but not this DK team; review as team-change/new alias before trusting automation.
2026-08-07,2026-08-07T14:33:53.319605+00:00,2026-08-07,DraftKings official lineup CSV,https://www.draftkings.com/lineup/getavailableplayerscsv?contestTypeId=9&draftGroupId=151692,151692,9,Selected largest-prize regular Classic MLB draft group after excluding Turbo/Night/qualifier/satellite/showdown/snake/single-stat slates.,OF,Gavin Sheets (43772730),Gavin Sheets,43772730,OF,3200,HOU@SD 08/07/2026 09:40PM ET,08/07/2026 09:40PM ET,SD,HOU,home,5.76,657757,Gavin Sheets,mapped,identity_name_team_map,Stable identity seed from old DK-ID map. Pilot join status: matched via normalized_name_team
2026-08-07,2026-08-07T14:33:53.319605+00:00,2026-08-07,DraftKings official lineup CSV,https://www.draftkings.com/lineup/getavailableplayerscsv?contestTypeId=9&draftGroupId=151692,151692,9,Selected largest-prize regular Classic MLB draft group after excluding Turbo/Night/qualifier/satellite/showdown/snake/single-stat slates.,OF,Andrew Benintendi (43772731),Andrew Benintendi,43772731,OF,3200,CLE@CWS 08/07/2026 07:40PM ET,08/07/2026 07:40PM ET,CWS,CLE,home,6.2,643217,Andrew Benintendi,mapped,identity_name_team_map,Stable identity seed from old DK-ID map. Pilot join status: matched via normalized_name_team
2026-08-07,2026-08-07T14:33:53.319605+00:00,2026-08-07,DraftKings official lineup CSV,https://www.draftkings.com/lineup/getavailableplayerscsv?contestTypeId=9&draftGroupId=151692,151692,9,Selected largest-prize regular Classic MLB draft group after excluding Turbo/Night/qualifier/satellite/showdown/snake/single-stat slates.,3B/SS,Shay Whitcomb (43772916),Shay Whitcomb,43772916,3B/SS,3200,HOU@SD 08/07/2026 09:40PM ET,08/07/2026 09:40PM ET,HOU,SD,away,2.29,694376,Shay Whitcomb,mapped,identity_name_team_map,Stable identity seed from old DK-ID map. Pilot join status: matched via normalized_name_team
2026-08-07,2026-08-07T14:33:53.319605+00:00,2026-08-07,DraftKings official lineup CSV,https://www.draftkings.com/lineup/getavailableplayerscsv?contestTypeId=9&draftGroupId=151692,151692,9,Selected largest-prize regular Classic MLB draft group after excluding Turbo/Night/qualifier/satellite/showdown/snake/single-stat slates.,OF,Samad Taylor (43772918),Samad Taylor,43772918,OF,3200,HOU@SD 08/07/2026 09:40PM ET,08/07/2026 09:40PM ET,SD,HOU,home,7.88,669392,Samad Taylor,mapped,identity_name_team_map,Stable identity seed from old DK-ID map. Pilot join status: matched via normalized_name_team
2026-08-07,2026-08-07T14:33:53.319605+00:00,2026-08-07,DraftKings official lineup CSV,https://www.draftkings.com/lineup/getavailableplayerscsv?contestTypeId=9&draftGroupId=151692,151692,9,Selected largest-prize regular Classic MLB draft group after excluding Turbo/Night/qualifier/satellite/showdown/snake/single-stat slates.,1B/3B,Connor Norby (43772919),Connor Norby,43772919,1B/3B,3200,COL@STL 08/07/2026 08:15PM ET,08/07/2026 08:15PM ET,COL,STL,away,5.15,681393,Connor Norby,needs_review_team_change,identity_name_unique_mlbam,Name maps to one reviewed MLBAM identity but not this DK team; review as team-change/new alias before trusting automation.
2026-08-07,2026-08-07T14:33:53.319605+00:00,2026-08-07,DraftKings official lineup CSV,https://www.draftkings.com/lineup/getavailableplayerscsv?contestTypeId=9&draftGroupId=151692,151692,9,Selected largest-prize regular Classic MLB draft group after excluding Turbo/Night/qualifier/satellite/showdown/snake/single-stat slates.,SS,Ryan Kreidler (43772732),Ryan Kreidler,43772732,SS,3100,MIN@MIL 08/07/2026 07:40PM ET,08/07/2026 07:40PM ET,MIN,MIL,away,4.75,668952,Ryan Kreidler,mapped,identity_name_team_map,Proposed from review candidates; basis=exact normalized name + team; role-compatible; statcast_batter_des_2026; confidence=high; sources=statcast_batter_des_2026
2026-08-07,2026-08-07T14:33:53.319605+00:00,2026-08-07,DraftKings official lineup CSV,https://www.draftkings.com/lineup/getavailableplayerscsv?contestTypeId=9&draftGroupId=151692,151692,9,Selected largest-prize regular Classic MLB draft group after excluding Turbo/Night/qualifier/satellite/showdown/snake/single-stat slates.,1B/OF,Dominic Smith (43772733),Dominic Smith,43772733,1B/OF,3100,ATL@NYY 08/07/2026 07:05PM ET,08/07/2026 07:05PM ET,ATL,NYY,away,5.18,642086,Dominic Smith,mapped,identity_name_team_map,Stable identity seed from old DK-ID map. Pilot join status: matched via normalized_name_team
2026-08-07,2026-08-07T14:33:53.319605+00:00,2026-08-07,DraftKings official lineup CSV,https://www.draftkings.com/lineup/getavailableplayerscsv?contestTypeId=9&draftGroupId=151692,151692,9,Selected largest-prize regular Classic MLB draft group after excluding Turbo/Night/qualifier/satellite/showdown/snake/single-stat slates.,OF,Austin Martin (43772735),Austin Martin,43772735,OF,3100,MIN@MIL 08/07/2026 07:40PM ET,08/07/2026 07:40PM ET,MIN,MIL,away,4.76,668885,Austin Martin,mapped,identity_name_team_map,Proposed from review candidates; basis=exact normalized name + team; role-compatible; hr-distance-latest.json|statcast_batter_des_2026; confidence=high; sources=hr-distance-latest.json|statcast_batter_des_2026
2026-08-07,2026-08-07T14:33:53.319605+00:00,2026-08-07,DraftKings official lineup CSV,https://www.draftkings.com/lineup/getavailableplayerscsv?contestTypeId=9&draftGroupId=151692,151692,9,Selected largest-prize regular Classic MLB draft group after excluding Turbo/Night/qualifier/satellite/showdown/snake/single-stat slates.,2B/3B,Hao-Yu Lee (43772736),Hao-Yu Lee,43772736,2B/3B,3100,DET@SF 08/07/2026 10:15PM ET,08/07/2026 10:15PM ET,DET,SF,away,4.6,701678,Hao-Yu Lee,mapped,identity_name_team_map,Proposed from review candidates; basis=exact normalized name + team; role-compatible; statcast_batter_des_2026; confidence=high; sources=statcast_batter_des_2026
2026-08-07,2026-08-07T14:33:53.319605+00:00,2026-08-07,DraftKings official lineup CSV,https://www.draftkings.com/lineup/getavailableplayerscsv?contestTypeId=9&draftGroupId=151692,151692,9,Selected largest-prize regular Classic MLB draft group after excluding Turbo/Night/qualifier/satellite/showdown/snake/single-stat slates.,2B,Nick Sogard (43772738),Nick Sogard,43772738,2B,3100,ATH@BOS 08/07/2026 07:10PM ET,08/07/2026 07:10PM ET,BOS,ATH,home,5.47,,,needs_review_new_player,identity_name_team_map,No reviewed normalized-name/team identity alias; do not auto-guess.
2026-08-07,2026-08-07T14:33:53.319605+00:00,2026-08-07,DraftKings official lineup CSV,https://www.draftkings.com/lineup/getavailableplayerscsv?contestTypeId=9&draftGroupId=151692,151692,9,Selected largest-prize regular Classic MLB draft group after excluding Turbo/Night/qualifier/satellite/showdown/snake/single-stat slates.,OF,Troy Johnston (43772739),Troy Johnston,43772739,OF,3100,COL@STL 08/07/2026 08:15PM ET,08/07/2026 08:15PM ET,COL,STL,away,5.82,687859,Troy Johnston,mapped,identity_name_team_map,Stable identity seed from old DK-ID map. Pilot join status: matched via normalized_name_team
2026-08-07,2026-08-07T14:33:53.319605+00:00,2026-08-07,DraftKings official lineup CSV,https://www.draftkings.com/lineup/getavailableplayerscsv?contestTypeId=9&draftGroupId=151692,151692,9,Selected largest-prize regular Classic MLB draft group after excluding Turbo/Night/qualifier/satellite/showdown/snake/single-stat slates.,OF,Griffin Conine (43772740),Griffin Conine,43772740,OF,3100,LAA@MIA 08/07/2026 07:10PM ET,08/07/2026 07:10PM ET,MIA,LAA,home,6.47,665052,Griffin Conine,mapped,identity_name_team_map,Proposed from review candidates; basis=exact normalized name + team; role-compatible; statcast_batter_des_2026; confidence=high; sources=statcast_batter_des_2026
2026-08-07,2026-08-07T14:33:53.319605+00:00,2026-08-07,DraftKings official lineup CSV,https://www.draftkings.com/lineup/getavailableplayerscsv?contestTypeId=9&draftGroupId=151692,151692,9,Selected largest-prize regular Classic MLB draft group after excluding Turbo/Night/qualifier/satellite/showdown/snake/single-stat slates.,OF,Brandon Lockridge (43772741),Brandon Lockridge,43772741,OF,3100,MIN@MIL 08/07/2026 07:40PM ET,08/07/2026 07:40PM ET,MIL,MIN,home,5.86,663604,Brandon Lockridge,mapped,identity_name_team_map,Stable identity seed from old DK-ID map. Pilot join status: matched via normalized_name_team
2026-08-07,2026-08-07T14:33:53.319605+00:00,2026-08-07,DraftKings official lineup CSV,https://www.draftkings.com/lineup/getavailableplayerscsv?contestTypeId=9&draftGroupId=151692,151692,9,Selected largest-prize regular Classic MLB draft group after excluding Turbo/Night/qualifier/satellite/showdown/snake/single-stat slates.,OF,Lawrence Butler (43772742),Lawrence Butler,43772742,OF,3100,ATH@BOS 08/07/2026 07:10PM ET,08/07/2026 07:10PM ET,ATH,BOS,away,4.95,671732,Lawrence Butler,mapped,identity_name_team_map,Stable identity seed from old DK-ID map. Pilot join status: matched via normalized_name_team
2026-08-07,2026-08-07T14:33:53.319605+00:00,2026-08-07,DraftKings official lineup CSV,https://www.draftkings.com/lineup/getavailableplayerscsv?contestTypeId=9&draftGroupId=151692,151692,9,Selected largest-prize regular Classic MLB draft group after excluding Turbo/Night/qualifier/satellite/showdown/snake/single-stat slates.,3B/OF,Nick Loftin (43772743),Nick Loftin,43772743,3B/OF,3100,CHC@KC 08/07/2026 08:10PM ET,08/07/2026 08:10PM ET,KC,CHC,home,5.72,679845,Nick Loftin,mapped,identity_name_team_map,Stable identity seed from old DK-ID map. Pilot join status: matched via normalized_name_team
2026-08-07,2026-08-07T14:33:53.319605+00:00,2026-08-07,DraftKings official lineup CSV,https://www.draftkings.com/lineup/getavailableplayerscsv?contestTypeId=9&draftGroupId=151692,151692,9,Selected largest-prize regular Classic MLB draft group after excluding Turbo/Night/qualifier/satellite/showdown/snake/single-stat slates.,C,Joey Bart (43772745),Joey Bart,43772745,C,3100,CLE@CWS 08/07/2026 07:40PM ET,08/07/2026 07:40PM ET,CWS,CLE,home,4.32,,,needs_review_new_player,identity_name_team_map,No reviewed normalized-name/team identity alias; do not auto-guess.
2026-08-07,2026-08-07T14:33:53.319605+00:00,2026-08-07,DraftKings official lineup CSV,https://www.draftkings.com/lineup/getavailableplayerscsv?contestTypeId=9&draftGroupId=151692,151692,9,Selected largest-prize regular Classic MLB draft group after excluding Turbo/Night/qualifier/satellite/showdown/snake/single-stat slates.,OF,Ryan Waldschmidt (43772746),Ryan Waldschmidt,43772746,OF,3100,LAD@ARI 08/07/2026 09:40PM ET,08/07/2026 09:40PM ET,ARI,LAD,home,6.04,,,needs_review_new_player,identity_name_team_map,No reviewed normalized-name/team identity alias; do not auto-guess.
2026-08-07,2026-08-07T14:33:53.319605+00:00,2026-08-07,DraftKings official lineup CSV,https://www.draftkings.com/lineup/getavailableplayerscsv?contestTypeId=9&draftGroupId=151692,151692,9,Selected largest-prize regular Classic MLB draft group after excluding Turbo/Night/qualifier/satellite/showdown/snake/single-stat slates.,OF,Nathan Church (43772747),Nathan Church,43772747,OF,3100,COL@STL 08/07/2026 08:15PM ET,08/07/2026 08:15PM ET,STL,COL,home,5.28,701675,Nathan Church,mapped,identity_name_team_map,Stable identity seed from old DK-ID map. Pilot join status: matched via normalized_name_team
2026-08-07,2026-08-07T14:33:53.319605+00:00,2026-08-07,DraftKings official lineup CSV,https://www.draftkings.com/lineup/getavailableplayerscsv?contestTypeId=9&draftGroupId=151692,151692,9,Selected largest-prize regular Classic MLB draft group after excluding Turbo/Night/qualifier/satellite/showdown/snake/single-stat slates.,OF,Jose Siri (43772748),Jose Siri,43772748,OF,3100,LAA@MIA 08/07/2026 07:10PM ET,08/07/2026 07:10PM ET,LAA,MIA,away,4.33,642350,Jose Siri,mapped,identity_name_team_map,Stable identity seed from old DK-ID map. Pilot join status: matched via normalized_name_team
2026-08-07,2026-08-07T14:33:53.319605+00:00,2026-08-07,DraftKings official lineup CSV,https://www.draftkings.com/lineup/getavailableplayerscsv?contestTypeId=9&draftGroupId=151692,151692,9,Selected largest-prize regular Classic MLB draft group after excluding Turbo/Night/qualifier/satellite/showdown/snake/single-stat slates.,3B,Coby Mayo (43772749),Coby Mayo,43772749,3B,3100,BAL@TEX 08/07/2026 08:15PM ET,08/07/2026 08:15PM ET,BAL,TEX,away,5.79,,,needs_review_new_player,identity_name_team_map,No reviewed normalized-name/team identity alias; do not auto-guess.
2026-08-07,2026-08-07T14:33:53.319605+00:00,2026-08-07,DraftKings official lineup CSV,https://www.draftkings.com/lineup/getavailableplayerscsv?contestTypeId=9&draftGroupId=151692,151692,9,Selected largest-prize regular Classic MLB draft group after excluding Turbo/Night/qualifier/satellite/showdown/snake/single-stat slates.,C,Austin Hedges (43772750),Austin Hedges,43772750,C,3100,CLE@CWS 08/07/2026 07:40PM ET,08/07/2026 07:40PM ET,CLE,CWS,away,4.56,,,needs_review_new_player,identity_name_team_map,No reviewed normalized-name/team identity alias; do not auto-guess.
2026-08-07,2026-08-07T14:33:53.319605+00:00,2026-08-07,DraftKings official lineup CSV,https://www.draftkings.com/lineup/getavailableplayerscsv?contestTypeId=9&draftGroupId=151692,151692,9,Selected largest-prize regular Classic MLB draft group after excluding Turbo/Night/qualifier/satellite/showdown/snake/single-stat slates.,2B,Jonathan India (43772921),Jonathan India,43772921,2B,3100,CHC@KC 08/07/2026 08:10PM ET,08/07/2026 08:10PM ET,KC,CHC,home,5.41,663697,Jonathan India,mapped,identity_name_team_map,Stable identity seed from old DK-ID map. Pilot join status: matched via normalized_name_team
2026-08-07,2026-08-07T14:33:53.319605+00:00,2026-08-07,DraftKings official lineup CSV,https://www.draftkings.com/lineup/getavailableplayerscsv?contestTypeId=9&draftGroupId=151692,151692,9,Selected largest-prize regular Classic MLB draft group after excluding Turbo/Night/qualifier/satellite/showdown/snake/single-stat slates.,OF,Max Schuemann (43772922),Max Schuemann,43772922,OF,3100,ATL@NYY 08/07/2026 07:05PM ET,08/07/2026 07:05PM ET,NYY,ATL,home,3.98,,,needs_review_new_player,identity_name_team_map,No reviewed normalized-name/team identity alias; do not auto-guess.
2026-08-07,2026-08-07T14:33:53.319605+00:00,2026-08-07,DraftKings official lineup CSV,https://www.draftkings.com/lineup/getavailableplayerscsv?contestTypeId=9&draftGroupId=151692,151692,9,Selected largest-prize regular Classic MLB draft group after excluding Turbo/Night/qualifier/satellite/showdown/snake/single-stat slates.,2B,Jake Cronenworth (43772751),Jake Cronenworth,43772751,2B,3000,HOU@SD 08/07/2026 09:40PM ET,08/07/2026 09:40PM ET,SD,HOU,home,5.39,630105,Jake Cronenworth,mapped,identity_name_team_map,Stable identity seed from old DK-ID map. Pilot join status: matched via normalized_name_team
2026-08-07,2026-08-07T14:33:53.319605+00:00,2026-08-07,DraftKings official lineup CSV,https://www.draftkings.com/lineup/getavailableplayerscsv?contestTypeId=9&draftGroupId=151692,151692,9,Selected largest-prize regular Classic MLB draft group after excluding Turbo/Night/qualifier/satellite/showdown/snake/single-stat slates.,OF/SS,Javier Baez (43772752),Javier Baez,43772752,SS/OF,3000,DET@SF 08/07/2026 10:15PM ET,08/07/2026 10:15PM ET,DET,SF,away,6.23,595879,Javier Báez,mapped,identity_name_team_map,Proposed from review candidates; basis=exact normalized name + team; role-compatible; statcast_batter_des_2026; confidence=high; sources=statcast_batter_des_2026
2026-08-07,2026-08-07T14:33:53.319605+00:00,2026-08-07,DraftKings official lineup CSV,https://www.draftkings.com/lineup/getavailableplayerscsv?contestTypeId=9&draftGroupId=151692,151692,9,Selected largest-prize regular Classic MLB draft group after excluding Turbo/Night/qualifier/satellite/showdown/snake/single-stat slates.,OF,Masataka Yoshida (43772754),Masataka Yoshida,43772754,OF,3000,ATH@BOS 08/07/2026 07:10PM ET,08/07/2026 07:10PM ET,BOS,ATH,home,5.45,,,needs_review_new_player,identity_name_team_map,No reviewed normalized-name/team identity alias; do not auto-guess.
2026-08-07,2026-08-07T14:33:53.319605+00:00,2026-08-07,DraftKings official lineup CSV,https://www.draftkings.com/lineup/getavailableplayerscsv?contestTypeId=9&draftGroupId=151692,151692,9,Selected largest-prize regular Classic MLB draft group after excluding Turbo/Night/qualifier/satellite/showdown/snake/single-stat slates.,3B,Kyle Karros (43772755),Kyle Karros,43772755,3B,3000,COL@STL 08/07/2026 08:15PM ET,08/07/2026 08:15PM ET,COL,STL,away,6.48,691720,Kyle Karros,mapped,identity_name_team_map,Stable identity seed from old DK-ID map. Pilot join status: matched via normalized_name_team
2026-08-07,2026-08-07T14:33:53.319605+00:00,2026-08-07,DraftKings official lineup CSV,https://www.draftkings.com/lineup/getavailableplayerscsv?contestTypeId=9&draftGroupId=151692,151692,9,Selected largest-prize regular Classic MLB draft group after excluding Turbo/Night/qualifier/satellite/showdown/snake/single-stat slates.,SS,Taylor Walls (43772756),Taylor Walls,43772756,SS,3000,TB@SEA 08/07/2026 09:45PM ET,08/07/2026 09:45PM ET,TB,SEA,away,5.52,,,needs_review_new_player,identity_name_team_map,No reviewed normalized-name/team identity alias; do not auto-guess.
2026-08-07,2026-08-07T14:33:53.319605+00:00,2026-08-07,DraftKings official lineup CSV,https://www.draftkings.com/lineup/getavailableplayerscsv?contestTypeId=9&draftGroupId=151692,151692,9,Selected largest-prize regular Classic MLB draft group after excluding Turbo/Night/qualifier/satellite/showdown/snake/single-stat slates.,C,Jhonny Pereda (43772757),Jhonny Pereda,43772757,C,3000,TB@SEA 08/07/2026 09:45PM ET,08/07/2026 09:45PM ET,SEA,TB,home,4.95,,,needs_review_new_player,identity_name_team_map,No reviewed normalized-name/team identity alias; do not auto-guess.
2026-08-07,2026-08-07T14:33:53.319605+00:00,2026-08-07,DraftKings official lineup CSV,https://www.draftkings.com/lineup/getavailableplayerscsv?contestTypeId=9&draftGroupId=151692,151692,9,Selected largest-prize regular Classic MLB draft group after excluding Turbo/Night/qualifier/satellite/showdown/snake/single-stat slates.,OF,Isaac Collins (43772758),Isaac Collins,43772758,OF,3000,CHC@KC 08/07/2026 08:10PM ET,08/07/2026 08:10PM ET,KC,CHC,home,5.79,686555,Isaac Collins,mapped,identity_name_team_map,Stable identity seed from old DK-ID map. Pilot join status: matched via normalized_name_team
2026-08-07,2026-08-07T14:33:53.319605+00:00,2026-08-07,DraftKings official lineup CSV,https://www.draftkings.com/lineup/getavailableplayerscsv?contestTypeId=9&draftGroupId=151692,151692,9,Selected largest-prize regular Classic MLB draft group after excluding Turbo/Night/qualifier/satellite/showdown/snake/single-stat slates.,OF,Randal Grichuk (43772759),Randal Grichuk,43772759,OF,3000,CLE@CWS 08/07/2026 07:40PM ET,08/07/2026 07:40PM ET,CWS,CLE,home,4.38,545341,Randal Grichuk,mapped,identity_name_team_map,Stable identity seed from old DK-ID map. Pilot join status: matched via normalized_name_team
2026-08-07,2026-08-07T14:33:53.319605+00:00,2026-08-07,DraftKings official lineup CSV,https://www.draftkings.com/lineup/getavailableplayerscsv?contestTypeId=9&draftGroupId=151692,151692,9,Selected largest-prize regular Classic MLB draft group after excluding Turbo/Night/qualifier/satellite/showdown/snake/single-stat slates.,C,Agustin Ramirez (43772760),Agustin Ramirez,43772760,C,3000,LAA@MIA 08/07/2026 07:10PM ET,08/07/2026 07:10PM ET,MIA,LAA,home,6.26,682663,Agustín Ramírez,mapped,identity_name_team_map,Proposed from review candidates; basis=exact normalized name + team; role-compatible; statcast_batter_des_2026; confidence=high; sources=statcast_batter_des_2026
2026-08-07,2026-08-07T14:33:53.319605+00:00,2026-08-07,DraftKings official lineup CSV,https://www.draftkings.com/lineup/getavailableplayerscsv?contestTypeId=9&draftGroupId=151692,151692,9,Selected largest-prize regular Classic MLB draft group after excluding Turbo/Night/qualifier/satellite/showdown/snake/single-stat slates.,OF,Cam Smith (43772761),Cam Smith,43772761,OF,3000,HOU@SD 08/07/2026 09:40PM ET,08/07/2026 09:40PM ET,HOU,SD,away,5.93,701358,Cam Smith,mapped,identity_name_team_map,Stable identity seed from old DK-ID map. Pilot join status: matched via normalized_name_team
2026-08-07,2026-08-07T14:33:53.319605+00:00,2026-08-07,DraftKings official lineup CSV,https://www.draftkings.com/lineup/getavailableplayerscsv?contestTypeId=9&draftGroupId=151692,151692,9,Selected largest-prize regular Classic MLB draft group after excluding Turbo/Night/qualifier/satellite/showdown/snake/single-stat slates.,1B/OF,Tim Tawa (43772762),Tim Tawa,43772762,1B/OF,3000,LAD@ARI 08/07/2026 09:40PM ET,08/07/2026 09:40PM ET,ARI,LAD,home,4.95,,,needs_review_new_player,identity_name_team_map,No reviewed normalized-name/team identity alias; do not auto-guess.
2026-08-07,2026-08-07T14:33:53.319605+00:00,2026-08-07,DraftKings official lineup CSV,https://www.draftkings.com/lineup/getavailableplayerscsv?contestTypeId=9&draftGroupId=151692,151692,9,Selected largest-prize regular Classic MLB draft group after excluding Turbo/Night/qualifier/satellite/showdown/snake/single-stat slates.,OF,Tyrone Taylor (43772764),Tyrone Taylor,43772764,OF,3000,CHC@KC 08/07/2026 08:10PM ET,08/07/2026 08:10PM ET,CHC,KC,away,4.54,621438,Tyrone Taylor,needs_review_team_change,identity_name_unique_mlbam,Name maps to one reviewed MLBAM identity but not this DK team; review as team-change/new alias before trusting automation.
2026-08-07,2026-08-07T14:33:53.319605+00:00,2026-08-07,DraftKings official lineup CSV,https://www.draftkings.com/lineup/getavailableplayerscsv?contestTypeId=9&draftGroupId=151692,151692,9,Selected largest-prize regular Classic MLB draft group after excluding Turbo/Night/qualifier/satellite/showdown/snake/single-stat slates.,OF,Bryan Torres (43772765),Bryan Torres,43772765,OF,3000,COL@STL 08/07/2026 08:15PM ET,08/07/2026 08:15PM ET,STL,COL,home,3.83,663494,Bryan Torres,mapped,identity_name_team_map,Stable identity seed from old DK-ID map. Pilot join status: matched via normalized_name_team
2026-08-07,2026-08-07T14:33:53.319605+00:00,2026-08-07,DraftKings official lineup CSV,https://www.draftkings.com/lineup/getavailableplayerscsv?contestTypeId=9&draftGroupId=151692,151692,9,Selected largest-prize regular Classic MLB draft group after excluding Turbo/Night/qualifier/satellite/showdown/snake/single-stat slates.,OF,Wade Meckler (43772766),Wade Meckler,43772766,OF,3000,LAA@MIA 08/07/2026 07:10PM ET,08/07/2026 07:10PM ET,LAA,MIA,away,5.68,685133,Wade Meckler,mapped,identity_name_team_map,Stable identity seed from old DK-ID map. Pilot join status: matched via normalized_name_team
2026-08-07,2026-08-07T14:33:53.319605+00:00,2026-08-07,DraftKings official lineup CSV,https://www.draftkings.com/lineup/getavailableplayerscsv?contestTypeId=9&draftGroupId=151692,151692,9,Selected largest-prize regular Classic MLB draft group after excluding Turbo/Night/qualifier/satellite/showdown/snake/single-stat slates.,2B,Osleivis Basabe (43772767),Osleivis Basabe,43772767,2B,3000,DET@SF 08/07/2026 10:15PM ET,08/07/2026 10:15PM ET,SF,DET,home,9.29,,,needs_review_new_player,identity_name_team_map,No reviewed normalized-name/team identity alias; do not auto-guess.
2026-08-07,2026-08-07T14:33:53.319605+00:00,2026-08-07,DraftKings official lineup CSV,https://www.draftkings.com/lineup/getavailableplayerscsv?contestTypeId=9&draftGroupId=151692,151692,9,Selected largest-prize regular Classic MLB draft group after excluding Turbo/Night/qualifier/satellite/showdown/snake/single-stat slates.,OF,Leody Taveras (43772768),Leody Taveras,43772768,OF,3000,BAL@TEX 08/07/2026 08:15PM ET,08/07/2026 08:15PM ET,BAL,TEX,away,5.79,,,needs_review_new_player,identity_name_team_map,No reviewed normalized-name/team identity alias; do not auto-guess.
2026-08-07,2026-08-07T14:33:53.319605+00:00,2026-08-07,DraftKings official lineup CSV,https://www.draftkings.com/lineup/getavailableplayerscsv?contestTypeId=9&draftGroupId=151692,151692,9,Selected largest-prize regular Classic MLB draft group after excluding Turbo/Night/qualifier/satellite/showdown/snake/single-stat slates.,3B,Amed Rosario (43772769),Amed Rosario,43772769,3B,3000,ATL@NYY 08/07/2026 07:05PM ET,08/07/2026 07:05PM ET,NYY,ATL,home,5.08,,,needs_review_new_player,identity_name_team_map,No reviewed normalized-name/team identity alias; do not auto-guess.
2026-08-07,2026-08-07T14:33:53.319605+00:00,2026-08-07,DraftKings official lineup CSV,https://www.draftkings.com/lineup/getavailableplayerscsv?contestTypeId=9&draftGroupId=151692,151692,9,Selected largest-prize regular Classic MLB draft group after excluding Turbo/Night/qualifier/satellite/showdown/snake/single-stat slates.,C,Joe Mack (43772770),Joe Mack,43772770,C,3000,LAA@MIA 08/07/2026 07:10PM ET,08/07/2026 07:10PM ET,MIA,LAA,home,5.67,691788,Joe Mack,mapped,identity_name_team_map,Proposed from review candidates; basis=exact normalized name + team; role-compatible; statcast_batter_des_2026; confidence=high; sources=statcast_batter_des_2026
2026-08-07,2026-08-07T14:33:53.319605+00:00,2026-08-07,DraftKings official lineup CSV,https://www.draftkings.com/lineup/getavailableplayerscsv?contestTypeId=9&draftGroupId=151692,151692,9,Selected largest-prize regular Classic MLB draft group after excluding Turbo/Night/qualifier/satellite/showdown/snake/single-stat slates.,OF,Matt Vierling (43772923),Matt Vierling,43772923,OF,3000,DET@SF 08/07/2026 10:15PM ET,08/07/2026 10:15PM ET,DET,SF,away,4.5,663837,Matt Vierling,mapped,identity_name_team_map,Proposed from review candidates; basis=exact normalized name + team; role-compatible; hr-distance-latest.json|statcast_batter_des_2026; confidence=high; sources=hr-distance-latest.json|statcast_batter_des_2026
2026-08-07,2026-08-07T14:33:53.319605+00:00,2026-08-07,DraftKings official lineup CSV,https://www.draftkings.com/lineup/getavailableplayerscsv?contestTypeId=9&draftGroupId=151692,151692,9,Selected largest-prize regular Classic MLB draft group after excluding Turbo/Night/qualifier/satellite/showdown/snake/single-stat slates.,OF,Wenceel Perez (43772924),Wenceel Perez,43772924,OF,3000,DET@SF 08/07/2026 10:15PM ET,08/07/2026 10:15PM ET,DET,SF,away,5.09,672761,Wenceel Pérez,mapped,identity_name_team_map,Proposed from review candidates; basis=exact normalized name + team; role-compatible; hr-distance-latest.json|statcast_batter_des_2026; confidence=high; sources=hr-distance-latest.json|statcast_batter_des_2026
2026-08-07,2026-08-07T14:33:53.319605+00:00,2026-08-07,DraftKings official lineup CSV,https://www.draftkings.com/lineup/getavailableplayerscsv?contestTypeId=9&draftGroupId=151692,151692,9,Selected largest-prize regular Classic MLB draft group after excluding Turbo/Night/qualifier/satellite/showdown/snake/single-stat slates.,2B,Hyeseong Kim (43772925),Hyeseong Kim,43772925,2B,3000,LAD@ARI 08/07/2026 09:40PM ET,08/07/2026 09:40PM ET,LAD,ARI,away,4.91,,,needs_review_new_player,identity_name_team_map,No reviewed normalized-name/team identity alias; do not auto-guess.
2026-08-07,2026-08-07T14:33:53.319605+00:00,2026-08-07,DraftKings official lineup CSV,https://www.draftkings.com/lineup/getavailableplayerscsv?contestTypeId=9&draftGroupId=151692,151692,9,Selected largest-prize regular Classic MLB draft group after excluding Turbo/Night/qualifier/satellite/showdown/snake/single-stat slates.,3B/SS,J.P. Crawford (43772926),J.P. Crawford,43772926,3B/SS,3000,TB@SEA 08/07/2026 09:45PM ET,08/07/2026 09:45PM ET,SEA,TB,home,6.18,,,needs_review_new_player,identity_name_team_map,No reviewed normalized-name/team identity alias; do not auto-guess.
2026-08-07,2026-08-07T14:33:53.319605+00:00,2026-08-07,DraftKings official lineup CSV,https://www.draftkings.com/lineup/getavailableplayerscsv?contestTypeId=9&draftGroupId=151692,151692,9,Selected largest-prize regular Classic MLB draft group after excluding Turbo/Night/qualifier/satellite/showdown/snake/single-stat slates.,OF,Jordan Lawlar (43772928),Jordan Lawlar,43772928,OF,3000,LAD@ARI 08/07/2026 09:40PM ET,08/07/2026 09:40PM ET,ARI,LAD,home,8.25,,,needs_review_new_player,identity_name_team_map,No reviewed normalized-name/team identity alias; do not auto-guess.
2026-08-07,2026-08-07T14:33:53.319605+00:00,2026-08-07,DraftKings official lineup CSV,https://www.draftkings.com/lineup/getavailableplayerscsv?contestTypeId=9&draftGroupId=151692,151692,9,Selected largest-prize regular Classic MLB draft group after excluding Turbo/Night/qualifier/satellite/showdown/snake/single-stat slates.,C,Adrian Del Castillo (43772929),Adrian Del Castillo,43772929,C,3000,LAD@ARI 08/07/2026 09:40PM ET,08/07/2026 09:40PM ET,ARI,LAD,home,4.73,,,needs_review_new_player,identity_name_team_map,No reviewed normalized-name/team identity alias; do not auto-guess.
2026-08-07,2026-08-07T14:33:53.319605+00:00,2026-08-07,DraftKings official lineup CSV,https://www.draftkings.com/lineup/getavailableplayerscsv?contestTypeId=9&draftGroupId=151692,151692,9,Selected largest-prize regular Classic MLB draft group after excluding Turbo/Night/qualifier/satellite/showdown/snake/single-stat slates.,OF,Jake Meyers (43772930),Jake Meyers,43772930,OF,3000,HOU@SD 08/07/2026 09:40PM ET,08/07/2026 09:40PM ET,HOU,SD,away,3.67,676694,Jake Meyers,mapped,identity_name_team_map,Stable identity seed from old DK-ID map. Pilot join status: matched via normalized_name_team
2026-08-07,2026-08-07T14:33:53.319605+00:00,2026-08-07,DraftKings official lineup CSV,https://www.draftkings.com/lineup/getavailableplayerscsv?contestTypeId=9&draftGroupId=151692,151692,9,Selected largest-prize regular Classic MLB draft group after excluding Turbo/Night/qualifier/satellite/showdown/snake/single-stat slates.,OF,Jake Fraley (43772931),Jake Fraley,43772931,OF,3000,TB@SEA 08/07/2026 09:45PM ET,08/07/2026 09:45PM ET,TB,SEA,away,4.93,,,needs_review_new_player,identity_name_team_map,No reviewed normalized-name/team identity alias; do not auto-guess.
2026-08-07,2026-08-07T14:33:53.319605+00:00,2026-08-07,DraftKings official lineup CSV,https://www.draftkings.com/lineup/getavailableplayerscsv?contestTypeId=9&draftGroupId=151692,151692,9,Selected largest-prize regular Classic MLB draft group after excluding Turbo/Night/qualifier/satellite/showdown/snake/single-stat slates.,C,Braxton Fulford (43772932),Braxton Fulford,43772932,C,3000,COL@STL 08/07/2026 08:15PM ET,08/07/2026 08:15PM ET,COL,STL,away,3,690924,Braxton Fulford,mapped,identity_name_team_map,Stable identity seed from old DK-ID map. Pilot join status: matched via normalized_name_team
2026-08-07,2026-08-07T14:33:53.319605+00:00,2026-08-07,DraftKings official lineup CSV,https://www.draftkings.com/lineup/getavailableplayerscsv?contestTypeId=9&draftGroupId=151692,151692,9,Selected largest-prize regular Classic MLB draft group after excluding Turbo/Night/qualifier/satellite/showdown/snake/single-stat slates.,OF/SS,Mauricio Dubon (43772771),Mauricio Dubon,43772771,SS/OF,2900,ATL@NYY 08/07/2026 07:05PM ET,08/07/2026 07:05PM ET,ATL,NYY,away,6.96,643289,Mauricio Dubón,mapped,identity_name_team_map,Stable identity seed from old DK-ID map. Pilot join status: matched via normalized_name_team
2026-08-07,2026-08-07T14:33:53.319605+00:00,2026-08-07,DraftKings official lineup CSV,https://www.draftkings.com/lineup/getavailableplayerscsv?contestTypeId=9&draftGroupId=151692,151692,9,Selected largest-prize regular Classic MLB draft group after excluding Turbo/Night/qualifier/satellite/showdown/snake/single-stat slates.,C,Elias Diaz (43772773),Elias Diaz,43772773,C,2900,BAL@TEX 08/07/2026 08:15PM ET,08/07/2026 08:15PM ET,TEX,BAL,home,4.23,553869,Elias Díaz,mapped,identity_name_team_map,Stable identity seed from old DK-ID map. Pilot join status: matched via normalized_name_team
2026-08-07,2026-08-07T14:33:53.319605+00:00,2026-08-07,DraftKings official lineup CSV,https://www.draftkings.com/lineup/getavailableplayerscsv?contestTypeId=9&draftGroupId=151692,151692,9,Selected largest-prize regular Classic MLB draft group after excluding Turbo/Night/qualifier/satellite/showdown/snake/single-stat slates.,2B,Donovan Walton (43772774),Donovan Walton,43772774,2B,2900,ATH@BOS 08/07/2026 07:10PM ET,08/07/2026 07:10PM ET,ATH,BOS,away,5.02,622268,Donovan Walton,needs_review_team_change,identity_name_unique_mlbam,Name maps to one reviewed MLBAM identity but not this DK team; review as team-change/new alias before trusting automation.
2026-08-07,2026-08-07T14:33:53.319605+00:00,2026-08-07,DraftKings official lineup CSV,https://www.draftkings.com/lineup/getavailableplayerscsv?contestTypeId=9&draftGroupId=151692,151692,9,Selected largest-prize regular Classic MLB draft group after excluding Turbo/Night/qualifier/satellite/showdown/snake/single-stat slates.,SS,Ezequiel Tovar (43772775),Ezequiel Tovar,43772775,SS,2900,COL@STL 08/07/2026 08:15PM ET,08/07/2026 08:15PM ET,COL,STL,away,5.15,678662,Ezequiel Tovar,mapped,identity_name_team_map,Stable identity seed from old DK-ID map. Pilot join status: matched via normalized_name_team
2026-08-07,2026-08-07T14:33:53.319605+00:00,2026-08-07,DraftKings official lineup CSV,https://www.draftkings.com/lineup/getavailableplayerscsv?contestTypeId=9&draftGroupId=151692,151692,9,Selected largest-prize regular Classic MLB draft group after excluding Turbo/Night/qualifier/satellite/showdown/snake/single-stat slates.,OF,Owen Caissie (43772776),Owen Caissie,43772776,OF,2900,LAA@MIA 08/07/2026 07:10PM ET,08/07/2026 07:10PM ET,MIA,LAA,home,5.9,683357,Owen Caissie,mapped,identity_name_team_map,Proposed from review candidates; basis=exact normalized name + team; role-compatible; statcast_batter_des_2026; confidence=high; sources=statcast_batter_des_2026
2026-08-07,2026-08-07T14:33:53.319605+00:00,2026-08-07,DraftKings official lineup CSV,https://www.draftkings.com/lineup/getavailableplayerscsv?contestTypeId=9&draftGroupId=151692,151692,9,Selected largest-prize regular Classic MLB draft group after excluding Turbo/Night/qualifier/satellite/showdown/snake/single-stat slates.,1B/OF,LaMonte Wade Jr. (43772777),LaMonte Wade Jr.,43772777,1B/OF,2900,HOU@SD 08/07/2026 09:40PM ET,08/07/2026 09:40PM ET,HOU,SD,away,5.92,664774,LaMonte Wade Jr.,mapped,identity_name_team_map,Stable identity seed from old DK-ID map. Pilot join status: matched via normalized_name_team
2026-08-07,2026-08-07T14:33:53.319605+00:00,2026-08-07,DraftKings official lineup CSV,https://www.draftkings.com/lineup/getavailableplayerscsv?contestTypeId=9&draftGroupId=151692,151692,9,Selected largest-prize regular Classic MLB draft group after excluding Turbo/Night/qualifier/satellite/showdown/snake/single-stat slates.,3B,Max Muncy (43772779),Max Muncy,43772779,3B,2900,ATH@BOS 08/07/2026 07:10PM ET,08/07/2026 07:10PM ET,ATH,BOS,away,6,691777,Max Muncy,mapped,identity_name_team_map,Stable identity seed from old DK-ID map. Pilot join status: matched via normalized_name_team
2026-08-07,2026-08-07T14:33:53.319605+00:00,2026-08-07,DraftKings official lineup CSV,https://www.draftkings.com/lineup/getavailableplayerscsv?contestTypeId=9&draftGroupId=151692,151692,9,Selected largest-prize regular Classic MLB draft group after excluding Turbo/Night/qualifier/satellite/showdown/snake/single-stat slates.,2B,Jeremiah Jackson (43772780),Jeremiah Jackson,43772780,2B,2900,BAL@TEX 08/07/2026 08:15PM ET,08/07/2026 08:15PM ET,BAL,TEX,away,4.8,,,needs_review_new_player,identity_name_team_map,No reviewed normalized-name/team identity alias; do not auto-guess.
2026-08-07,2026-08-07T14:33:53.319605+00:00,2026-08-07,DraftKings official lineup CSV,https://www.draftkings.com/lineup/getavailableplayerscsv?contestTypeId=9&draftGroupId=151692,151692,9,Selected largest-prize regular Classic MLB draft group after excluding Turbo/Night/qualifier/satellite/showdown/snake/single-stat slates.,OF,Alejandro Osuna (43772781),Alejandro Osuna,43772781,OF,2900,BAL@TEX 08/07/2026 08:15PM ET,08/07/2026 08:15PM ET,TEX,BAL,home,4.52,696030,Alejandro Osuna,mapped,identity_name_team_map,Stable identity seed from old DK-ID map. Pilot join status: matched via normalized_name_team
2026-08-07,2026-08-07T14:33:53.319605+00:00,2026-08-07,DraftKings official lineup CSV,https://www.draftkings.com/lineup/getavailableplayerscsv?contestTypeId=9&draftGroupId=151692,151692,9,Selected largest-prize regular Classic MLB draft group after excluding Turbo/Night/qualifier/satellite/showdown/snake/single-stat slates.,OF,Tristan Peters (43772782),Tristan Peters,43772782,OF,2900,CLE@CWS 08/07/2026 07:40PM ET,08/07/2026 07:40PM ET,CWS,CLE,home,5.33,671976,Tristan Peters,mapped,identity_name_team_map,Stable identity seed from old DK-ID map. Pilot join status: matched via normalized_name_team
2026-08-07,2026-08-07T14:33:53.319605+00:00,2026-08-07,DraftKings official lineup CSV,https://www.draftkings.com/lineup/getavailableplayerscsv?contestTypeId=9&draftGroupId=151692,151692,9,Selected largest-prize regular Classic MLB draft group after excluding Turbo/Night/qualifier/satellite/showdown/snake/single-stat slates.,C,Miguel Amaya (43772783),Miguel Amaya,43772783,C,2900,CHC@KC 08/07/2026 08:10PM ET,08/07/2026 08:10PM ET,CHC,KC,away,4.75,665804,Miguel Amaya,mapped,identity_name_team_map,Stable identity seed from old DK-ID map. Pilot join status: matched via normalized_name_team
2026-08-07,2026-08-07T14:33:53.319605+00:00,2026-08-07,DraftKings official lineup CSV,https://www.draftkings.com/lineup/getavailableplayerscsv?contestTypeId=9&draftGroupId=151692,151692,9,Selected largest-prize regular Classic MLB draft group after excluding Turbo/Night/qualifier/satellite/showdown/snake/single-stat slates.,C,Nick Fortes (43772784),Nick Fortes,43772784,C,2900,TB@SEA 08/07/2026 09:45PM ET,08/07/2026 09:45PM ET,TB,SEA,away,4.75,,,needs_review_new_player,identity_name_team_map,No reviewed normalized-name/team identity alias; do not auto-guess.
2026-08-07,2026-08-07T14:33:53.319605+00:00,2026-08-07,DraftKings official lineup CSV,https://www.draftkings.com/lineup/getavailableplayerscsv?contestTypeId=9&draftGroupId=151692,151692,9,Selected largest-prize regular Classic MLB draft group after excluding Turbo/Night/qualifier/satellite/showdown/snake/single-stat slates.,1B/2B,Romy Gonzalez (43772933),Romy Gonzalez,43772933,1B/2B,2900,ATH@BOS 08/07/2026 07:10PM ET,08/07/2026 07:10PM ET,BOS,ATH,home,5.32,,,needs_review_new_player,identity_name_team_map,No reviewed normalized-name/team identity alias; do not auto-guess.
2026-08-07,2026-08-07T14:33:53.319605+00:00,2026-08-07,DraftKings official lineup CSV,https://www.draftkings.com/lineup/getavailableplayerscsv?contestTypeId=9&draftGroupId=151692,151692,9,Selected largest-prize regular Classic MLB draft group after excluding Turbo/Night/qualifier/satellite/showdown/snake/single-stat slates.,OF,Sal Frelick (43772935),Sal Frelick,43772935,OF,2900,MIN@MIL 08/07/2026 07:40PM ET,08/07/2026 07:40PM ET,MIL,MIN,home,5.21,686217,Sal Frelick,mapped,identity_name_team_map,Stable identity seed from old DK-ID map. Pilot join status: matched via normalized_name_team
2026-08-07,2026-08-07T14:33:53.319605+00:00,2026-08-07,DraftKings official lineup CSV,https://www.draftkings.com/lineup/getavailableplayerscsv?contestTypeId=9&draftGroupId=151692,151692,9,Selected largest-prize regular Classic MLB draft group after excluding Turbo/Night/qualifier/satellite/showdown/snake/single-stat slates.,3B,Nolan Gorman (43772936),Nolan Gorman,43772936,3B,2900,COL@STL 08/07/2026 08:15PM ET,08/07/2026 08:15PM ET,STL,COL,home,5.07,669357,Nolan Gorman,mapped,identity_name_team_map,Stable identity seed from old DK-ID map. Pilot join status: matched via normalized_name_team
2026-08-07,2026-08-07T14:33:53.319605+00:00,2026-08-07,DraftKings official lineup CSV,https://www.draftkings.com/lineup/getavailableplayerscsv?contestTypeId=9&draftGroupId=151692,151692,9,Selected largest-prize regular Classic MLB draft group after excluding Turbo/Night/qualifier/satellite/showdown/snake/single-stat slates.,OF,Lourdes Gurriel Jr. (43772937),Lourdes Gurriel Jr.,43772937,OF,2900,LAD@ARI 08/07/2026 09:40PM ET,08/07/2026 09:40PM ET,ARI,LAD,home,4.96,,,needs_review_new_player,identity_name_team_map,No reviewed normalized-name/team identity alias; do not auto-guess.
2026-08-07,2026-08-07T14:33:53.319605+00:00,2026-08-07,DraftKings official lineup CSV,https://www.draftkings.com/lineup/getavailableplayerscsv?contestTypeId=9&draftGroupId=151692,151692,9,Selected largest-prize regular Classic MLB draft group after excluding Turbo/Night/qualifier/satellite/showdown/snake/single-stat slates.,OF,Luke Raley (43772938),Luke Raley,43772938,OF,2900,TB@SEA 08/07/2026 09:45PM ET,08/07/2026 09:45PM ET,SEA,TB,home,5.11,,,needs_review_new_player,identity_name_team_map,No reviewed normalized-name/team identity alias; do not auto-guess.
2026-08-07,2026-08-07T14:33:53.319605+00:00,2026-08-07,DraftKings official lineup CSV,https://www.draftkings.com/lineup/getavailableplayerscsv?contestTypeId=9&draftGroupId=151692,151692,9,Selected largest-prize regular Classic MLB draft group after excluding Turbo/Night/qualifier/satellite/showdown/snake/single-stat slates.,OF,Gavin Lux (43772939),Gavin Lux,43772939,OF,2900,TB@SEA 08/07/2026 09:45PM ET,08/07/2026 09:45PM ET,TB,SEA,away,0,,,needs_review_new_player,identity_name_team_map,No reviewed normalized-name/team identity alias; do not auto-guess.
2026-08-07,2026-08-07T14:33:53.319605+00:00,2026-08-07,DraftKings official lineup CSV,https://www.draftkings.com/lineup/getavailableplayerscsv?contestTypeId=9&draftGroupId=151692,151692,9,Selected largest-prize regular Classic MLB draft group after excluding Turbo/Night/qualifier/satellite/showdown/snake/single-stat slates.,SS,Anthony Volpe (43772940),Anthony Volpe,43772940,SS,2900,ATL@NYY 08/07/2026 07:05PM ET,08/07/2026 07:05PM ET,NYY,ATL,home,5.48,,,needs_review_new_player,identity_name_team_map,No reviewed normalized-name/team identity alias; do not auto-guess.
2026-08-07,2026-08-07T14:33:53.319605+00:00,2026-08-07,DraftKings official lineup CSV,https://www.draftkings.com/lineup/getavailableplayerscsv?contestTypeId=9&draftGroupId=151692,151692,9,Selected largest-prize regular Classic MLB draft group after excluding Turbo/Night/qualifier/satellite/showdown/snake/single-stat slates.,3B/SS,Sung-Mun Song (43772785),Sung-Mun Song,43772785,3B/SS,2800,HOU@SD 08/07/2026 09:40PM ET,08/07/2026 09:40PM ET,SD,HOU,home,4.29,823550,Sung-Mun Song,mapped,identity_name_team_map,Stable identity seed from old DK-ID map. Pilot join status: matched via normalized_name_team
2026-08-07,2026-08-07T14:33:53.319605+00:00,2026-08-07,DraftKings official lineup CSV,https://www.draftkings.com/lineup/getavailableplayerscsv?contestTypeId=9&draftGroupId=151692,151692,9,Selected largest-prize regular Classic MLB draft group after excluding Turbo/Night/qualifier/satellite/showdown/snake/single-stat slates.,3B/SS,Joey Ortiz (43772787),Joey Ortiz,43772787,3B/SS,2800,MIN@MIL 08/07/2026 07:40PM ET,08/07/2026 07:40PM ET,MIL,MIN,home,4.7,687401,Joey Ortiz,mapped,identity_name_team_map,Stable identity seed from old DK-ID map. Pilot join status: matched via normalized_name_team
2026-08-07,2026-08-07T14:33:53.319605+00:00,2026-08-07,DraftKings official lineup CSV,https://www.draftkings.com/lineup/getavailableplayerscsv?contestTypeId=9&draftGroupId=151692,151692,9,Selected largest-prize regular Classic MLB draft group after excluding Turbo/Night/qualifier/satellite/showdown/snake/single-stat slates.,3B,Denzer Guzman (43772789),Denzer Guzman,43772789,3B,2800,LAA@MIA 08/07/2026 07:10PM ET,08/07/2026 07:10PM ET,LAA,MIA,away,5.51,694203,Denzer Guzman,mapped,identity_name_team_map,Stable identity seed from old DK-ID map. Pilot join status: matched via normalized_name_team
2026-08-07,2026-08-07T14:33:53.319605+00:00,2026-08-07,DraftKings official lineup CSV,https://www.draftkings.com/lineup/getavailableplayerscsv?contestTypeId=9&draftGroupId=151692,151692,9,Selected largest-prize regular Classic MLB draft group after excluding Turbo/Night/qualifier/satellite/showdown/snake/single-stat slates.,2B,Oswald Peraza (43772790),Oswald Peraza,43772790,2B,2800,LAA@MIA 08/07/2026 07:10PM ET,08/07/2026 07:10PM ET,LAA,MIA,away,4.97,672724,Oswald Peraza,mapped,identity_name_team_map,Stable identity seed from old DK-ID map. Pilot join status: matched via normalized_name_team
2026-08-07,2026-08-07T14:33:53.319605+00:00,2026-08-07,DraftKings official lineup CSV,https://www.draftkings.com/lineup/getavailableplayerscsv?contestTypeId=9&draftGroupId=151692,151692,9,Selected largest-prize regular Classic MLB draft group after excluding Turbo/Night/qualifier/satellite/showdown/snake/single-stat slates.,1B/OF,Ryan Vilade (43772791),Ryan Vilade,43772791,1B/OF,2800,TB@SEA 08/07/2026 09:45PM ET,08/07/2026 09:45PM ET,TB,SEA,away,5.72,,,needs_review_new_player,identity_name_team_map,No reviewed normalized-name/team identity alias; do not auto-guess.
2026-08-07,2026-08-07T14:33:53.319605+00:00,2026-08-07,DraftKings official lineup CSV,https://www.draftkings.com/lineup/getavailableplayerscsv?contestTypeId=9&draftGroupId=151692,151692,9,Selected largest-prize regular Classic MLB draft group after excluding Turbo/Night/qualifier/satellite/showdown/snake/single-stat slates.,C,James McCann (43772793),James McCann,43772793,C,2800,LAD@ARI 08/07/2026 09:40PM ET,08/07/2026 09:40PM ET,ARI,LAD,home,6.19,,,needs_review_new_player,identity_name_team_map,No reviewed normalized-name/team identity alias; do not auto-guess.
2026-08-07,2026-08-07T14:33:53.319605+00:00,2026-08-07,DraftKings official lineup CSV,https://www.draftkings.com/lineup/getavailableplayerscsv?contestTypeId=9&draftGroupId=151692,151692,9,Selected largest-prize regular Classic MLB draft group after excluding Turbo/Night/qualifier/satellite/showdown/snake/single-stat slates.,3B,Tommy White (43772794),Tommy White,43772794,3B,2800,ATH@BOS 08/07/2026 07:10PM ET,08/07/2026 07:10PM ET,ATH,BOS,away,4.67,,,needs_review_new_player,identity_name_team_map,No reviewed normalized-name/team identity alias; do not auto-guess.
2026-08-07,2026-08-07T14:33:53.319605+00:00,2026-08-07,DraftKings official lineup CSV,https://www.draftkings.com/lineup/getavailableplayerscsv?contestTypeId=9&draftGroupId=151692,151692,9,Selected largest-prize regular Classic MLB draft group after excluding Turbo/Night/qualifier/satellite/showdown/snake/single-stat slates.,OF,Mike Yastrzemski (43772795),Mike Yastrzemski,43772795,OF,2800,ATL@NYY 08/07/2026 07:05PM ET,08/07/2026 07:05PM ET,ATL,NYY,away,4.76,573262,Mike Yastrzemski,mapped,identity_name_team_map,Stable identity seed from old DK-ID map. Pilot join status: matched via normalized_name_team
2026-08-07,2026-08-07T14:33:53.319605+00:00,2026-08-07,DraftKings official lineup CSV,https://www.draftkings.com/lineup/getavailableplayerscsv?contestTypeId=9&draftGroupId=151692,151692,9,Selected largest-prize regular Classic MLB draft group after excluding Turbo/Night/qualifier/satellite/showdown/snake/single-stat slates.,OF,Tyler O'Neill (43772796),Tyler O'Neill,43772796,OF,2800,BAL@TEX 08/07/2026 08:15PM ET,08/07/2026 08:15PM ET,BAL,TEX,away,4.79,,,needs_review_new_player,identity_name_team_map,No reviewed normalized-name/team identity alias; do not auto-guess.
2026-08-07,2026-08-07T14:33:53.319605+00:00,2026-08-07,DraftKings official lineup CSV,https://www.draftkings.com/lineup/getavailableplayerscsv?contestTypeId=9&draftGroupId=151692,151692,9,Selected largest-prize regular Classic MLB draft group after excluding Turbo/Night/qualifier/satellite/showdown/snake/single-stat slates.,1B/C,Victor Caratini (43772797),Victor Caratini,43772797,C/1B,2800,MIN@MIL 08/07/2026 07:40PM ET,08/07/2026 07:40PM ET,MIN,MIL,away,5.21,605170,Víctor Caratini,mapped,identity_name_team_map,Proposed from review candidates; basis=exact normalized name + team; role-compatible; hr-distance-latest.json|statcast_batter_des_2026; confidence=high; sources=hr-distance-latest.json|statcast_batter_des_2026
2026-08-07,2026-08-07T14:33:53.319605+00:00,2026-08-07,DraftKings official lineup CSV,https://www.draftkings.com/lineup/getavailableplayerscsv?contestTypeId=9&draftGroupId=151692,151692,9,Selected largest-prize regular Classic MLB draft group after excluding Turbo/Night/qualifier/satellite/showdown/snake/single-stat slates.,C,Moises Ballesteros (43772799),Moises Ballesteros,43772799,C,2800,LAA@MIA 08/07/2026 07:10PM ET,08/07/2026 07:10PM ET,LAA,MIA,away,4.6,694208,Moisés Ballesteros,needs_review_team_change,identity_name_unique_mlbam,Name maps to one reviewed MLBAM identity but not this DK team; review as team-change/new alias before trusting automation.
2026-08-07,2026-08-07T14:33:53.319605+00:00,2026-08-07,DraftKings official lineup CSV,https://www.draftkings.com/lineup/getavailableplayerscsv?contestTypeId=9&draftGroupId=151692,151692,9,Selected largest-prize regular Classic MLB draft group after excluding Turbo/Night/qualifier/satellite/showdown/snake/single-stat slates.,C,Brian Serven (43772800),Brian Serven,43772800,C,2800,ATH@BOS 08/07/2026 07:10PM ET,08/07/2026 07:10PM ET,ATH,BOS,away,5,,,needs_review_new_player,identity_name_team_map,No reviewed normalized-name/team identity alias; do not auto-guess.
2026-08-07,2026-08-07T14:33:53.319605+00:00,2026-08-07,DraftKings official lineup CSV,https://www.draftkings.com/lineup/getavailableplayerscsv?contestTypeId=9&draftGroupId=151692,151692,9,Selected largest-prize regular Classic MLB draft group after excluding Turbo/Night/qualifier/satellite/showdown/snake/single-stat slates.,C/OF,Jesus Rodriguez (43772941),Jesus Rodriguez,43772941,C/OF,2800,DET@SF 08/07/2026 10:15PM ET,08/07/2026 10:15PM ET,SF,DET,home,4.68,683679,Jesus Rodriguez,mapped,identity_name_team_map,Stable identity seed from old DK-ID map. Pilot join status: matched via normalized_name_team
2026-08-07,2026-08-07T14:33:53.319605+00:00,2026-08-07,DraftKings official lineup CSV,https://www.draftkings.com/lineup/getavailableplayerscsv?contestTypeId=9&draftGroupId=151692,151692,9,Selected largest-prize regular Classic MLB draft group after excluding Turbo/Night/qualifier/satellite/showdown/snake/single-stat slates.,3B,Ramon Urias (43772943),Ramon Urias,43772943,3B,2800,COL@STL 08/07/2026 08:15PM ET,08/07/2026 08:15PM ET,STL,COL,home,3.8,602104,Ramón Urías,mapped,identity_name_team_map,Stable identity seed from old DK-ID map. Pilot join status: matched via normalized_name_team
2026-08-07,2026-08-07T14:33:53.319605+00:00,2026-08-07,DraftKings official lineup CSV,https://www.draftkings.com/lineup/getavailableplayerscsv?contestTypeId=9&draftGroupId=151692,151692,9,Selected largest-prize regular Classic MLB draft group after excluding Turbo/Night/qualifier/satellite/showdown/snake/single-stat slates.,3B/OF,Miguel Andujar (43772944),Miguel Andujar,43772944,3B/OF,2800,HOU@SD 08/07/2026 09:40PM ET,08/07/2026 09:40PM ET,SD,HOU,home,5.45,609280,Miguel Andujar,mapped,identity_name_team_map,Stable identity seed from old DK-ID map. Pilot join status: matched via normalized_name_team
2026-08-07,2026-08-07T14:33:53.319605+00:00,2026-08-07,DraftKings official lineup CSV,https://www.draftkings.com/lineup/getavailableplayerscsv?contestTypeId=9&draftGroupId=151692,151692,9,Selected largest-prize regular Classic MLB draft group after excluding Turbo/Night/qualifier/satellite/showdown/snake/single-stat slates.,OF,Sterlin Thompson (43772946),Sterlin Thompson,43772946,OF,2800,COL@STL 08/07/2026 08:15PM ET,08/07/2026 08:15PM ET,COL,STL,away,4.44,694514,Sterlin Thompson,mapped,identity_name_team_map,Stable identity seed from old DK-ID map. Pilot join status: matched via normalized_name_team
2026-08-07,2026-08-07T14:33:53.319605+00:00,2026-08-07,DraftKings official lineup CSV,https://www.draftkings.com/lineup/getavailableplayerscsv?contestTypeId=9&draftGroupId=151692,151692,9,Selected largest-prize regular Classic MLB draft group after excluding Turbo/Night/qualifier/satellite/showdown/snake/single-stat slates.,SS,Colt Emerson (43772801),Colt Emerson,43772801,SS,2700,TB@SEA 08/07/2026 09:45PM ET,08/07/2026 09:45PM ET,SEA,TB,home,5.38,,,needs_review_new_player,identity_name_team_map,No reviewed normalized-name/team identity alias; do not auto-guess.
2026-08-07,2026-08-07T14:33:53.319605+00:00,2026-08-07,DraftKings official lineup CSV,https://www.draftkings.com/lineup/getavailableplayerscsv?contestTypeId=9&draftGroupId=151692,151692,9,Selected largest-prize regular Classic MLB draft group after excluding Turbo/Night/qualifier/satellite/showdown/snake/single-stat slates.,3B,Josh Rojas (43772802),Josh Rojas,43772802,3B,2700,CHC@KC 08/07/2026 08:10PM ET,08/07/2026 08:10PM ET,KC,CHC,home,3.46,668942,Josh Rojas,mapped,identity_name_team_map,Stable identity seed from old DK-ID map. Pilot join status: matched via normalized_name_team
2026-08-07,2026-08-07T14:33:53.319605+00:00,2026-08-07,DraftKings official lineup CSV,https://www.draftkings.com/lineup/getavailableplayerscsv?contestTypeId=9&draftGroupId=151692,151692,9,Selected largest-prize regular Classic MLB draft group after excluding Turbo/Night/qualifier/satellite/showdown/snake/single-stat slates.,OF,Zach McKinstry (43772803),Zach McKinstry,43772803,OF,2700,DET@SF 08/07/2026 10:15PM ET,08/07/2026 10:15PM ET,DET,SF,away,4.63,656716,Zach McKinstry,mapped,identity_name_team_map,Proposed from review candidates; basis=exact normalized name + team; role-compatible; statcast_batter_des_2026; confidence=high; sources=statcast_batter_des_2026
2026-08-07,2026-08-07T14:33:53.319605+00:00,2026-08-07,DraftKings official lineup CSV,https://www.draftkings.com/lineup/getavailableplayerscsv?contestTypeId=9&draftGroupId=151692,151692,9,Selected largest-prize regular Classic MLB draft group after excluding Turbo/Night/qualifier/satellite/showdown/snake/single-stat slates.,OF,Alex Call (43772804),Alex Call,43772804,OF,2700,LAD@ARI 08/07/2026 09:40PM ET,08/07/2026 09:40PM ET,LAD,ARI,away,3.51,,,needs_review_new_player,identity_name_team_map,No reviewed normalized-name/team identity alias; do not auto-guess.
2026-08-07,2026-08-07T14:33:53.319605+00:00,2026-08-07,DraftKings official lineup CSV,https://www.draftkings.com/lineup/getavailableplayerscsv?contestTypeId=9&draftGroupId=151692,151692,9,Selected largest-prize regular Classic MLB draft group after excluding Turbo/Night/qualifier/satellite/showdown/snake/single-stat slates.,C,Sean Murphy (43772805),Sean Murphy,43772805,C,2700,ATL@NYY 08/07/2026 07:05PM ET,08/07/2026 07:05PM ET,ATL,NYY,away,1.6,669221,Sean Murphy,mapped,identity_name_team_map,Stable identity seed from old DK-ID map. Pilot join status: matched via normalized_name_team
2026-08-07,2026-08-07T14:33:53.319605+00:00,2026-08-07,DraftKings official lineup CSV,https://www.draftkings.com/lineup/getavailableplayerscsv?contestTypeId=9&draftGroupId=151692,151692,9,Selected largest-prize regular Classic MLB draft group after excluding Turbo/Night/qualifier/satellite/showdown/snake/single-stat slates.,C,Freddy Fermin (43772806),Freddy Fermin,43772806,C,2700,HOU@SD 08/07/2026 09:40PM ET,08/07/2026 09:40PM ET,SD,HOU,home,3.49,666023,Freddy Fermin,mapped,identity_name_team_map,Stable identity seed from old DK-ID map. Pilot join status: matched via normalized_name_team
2026-08-07,2026-08-07T14:33:53.319605+00:00,2026-08-07,DraftKings official lineup CSV,https://www.draftkings.com/lineup/getavailableplayerscsv?contestTypeId=9&draftGroupId=151692,151692,9,Selected largest-prize regular Classic MLB draft group after excluding Turbo/Night/qualifier/satellite/showdown/snake/single-stat slates.,OF,Dylan Beavers (43772807),Dylan Beavers,43772807,OF,2700,BAL@TEX 08/07/2026 08:15PM ET,08/07/2026 08:15PM ET,BAL,TEX,away,5.26,,,needs_review_new_player,identity_name_team_map,No reviewed normalized-name/team identity alias; do not auto-guess.
2026-08-07,2026-08-07T14:33:53.319605+00:00,2026-08-07,DraftKings official lineup CSV,https://www.draftkings.com/lineup/getavailableplayerscsv?contestTypeId=9&draftGroupId=151692,151692,9,Selected largest-prize regular Classic MLB draft group after excluding Turbo/Night/qualifier/satellite/showdown/snake/single-stat slates.,C,Brett Sullivan (43772808),Brett Sullivan,43772808,C,2700,COL@STL 08/07/2026 08:15PM ET,08/07/2026 08:15PM ET,COL,STL,away,4.19,664954,Brett Sullivan,mapped,identity_name_team_map,Stable identity seed from old DK-ID map. Pilot join status: matched via normalized_name_team
2026-08-07,2026-08-07T14:33:53.319605+00:00,2026-08-07,DraftKings official lineup CSV,https://www.draftkings.com/lineup/getavailableplayerscsv?contestTypeId=9&draftGroupId=151692,151692,9,Selected largest-prize regular Classic MLB draft group after excluding Turbo/Night/qualifier/satellite/showdown/snake/single-stat slates.,SS,George Lombard Jr. (43772809),George Lombard Jr.,43772809,SS,2700,ATL@NYY 08/07/2026 07:05PM ET,08/07/2026 07:05PM ET,NYY,ATL,home,9.5,,,needs_review_new_player,identity_name_team_map,No reviewed normalized-name/team identity alias; do not auto-guess.
2026-08-07,2026-08-07T14:33:53.319605+00:00,2026-08-07,DraftKings official lineup CSV,https://www.draftkings.com/lineup/getavailableplayerscsv?contestTypeId=9&draftGroupId=151692,151692,9,Selected largest-prize regular Classic MLB draft group after excluding Turbo/Night/qualifier/satellite/showdown/snake/single-stat slates.,OF,Matt Wallner (43772947),Matt Wallner,43772947,OF,2700,MIN@MIL 08/07/2026 07:40PM ET,08/07/2026 07:40PM ET,MIN,MIL,away,5.06,670242,Matt Wallner,mapped,identity_name_team_map,Proposed from review candidates; basis=exact normalized name + team; role-compatible; statcast_batter_des_2026; confidence=high; sources=statcast_batter_des_2026
2026-08-07,2026-08-07T14:33:53.319605+00:00,2026-08-07,DraftKings official lineup CSV,https://www.draftkings.com/lineup/getavailableplayerscsv?contestTypeId=9&draftGroupId=151692,151692,9,Selected largest-prize regular Classic MLB draft group after excluding Turbo/Night/qualifier/satellite/showdown/snake/single-stat slates.,OF,Parker Meadows (43772948),Parker Meadows,43772948,OF,2700,DET@SF 08/07/2026 10:15PM ET,08/07/2026 10:15PM ET,DET,SF,away,5.42,678009,Parker Meadows,mapped,identity_name_team_map,Proposed from review candidates; basis=exact normalized name + team; role-compatible; statcast_batter_des_2026; confidence=high; sources=statcast_batter_des_2026
2026-08-07,2026-08-07T14:33:53.319605+00:00,2026-08-07,DraftKings official lineup CSV,https://www.draftkings.com/lineup/getavailableplayerscsv?contestTypeId=9&draftGroupId=151692,151692,9,Selected largest-prize regular Classic MLB draft group after excluding Turbo/Night/qualifier/satellite/showdown/snake/single-stat slates.,OF,Nate Eaton (43772949),Nate Eaton,43772949,OF,2700,ATH@BOS 08/07/2026 07:10PM ET,08/07/2026 07:10PM ET,BOS,ATH,home,4.5,,,needs_review_new_player,identity_name_team_map,No reviewed normalized-name/team identity alias; do not auto-guess.
2026-08-07,2026-08-07T14:33:53.319605+00:00,2026-08-07,DraftKings official lineup CSV,https://www.draftkings.com/lineup/getavailableplayerscsv?contestTypeId=9&draftGroupId=151692,151692,9,Selected largest-prize regular Classic MLB draft group after excluding Turbo/Night/qualifier/satellite/showdown/snake/single-stat slates.,OF,Tyler Black (43772950),Tyler Black,43772950,OF,2700,MIN@MIL 08/07/2026 07:40PM ET,08/07/2026 07:40PM ET,MIL,MIN,home,6.11,672012,Tyler Black,mapped,identity_name_team_map,Stable identity seed from old DK-ID map. Pilot join status: matched via normalized_name_team
2026-08-07,2026-08-07T14:33:53.319605+00:00,2026-08-07,DraftKings official lineup CSV,https://www.draftkings.com/lineup/getavailableplayerscsv?contestTypeId=9&draftGroupId=151692,151692,9,Selected largest-prize regular Classic MLB draft group after excluding Turbo/Night/qualifier/satellite/showdown/snake/single-stat slates.,OF,Blake Perkins (43772951),Blake Perkins,43772951,OF,2700,CLE@CWS 08/07/2026 07:40PM ET,08/07/2026 07:40PM ET,CLE,CWS,away,2.69,663368,Blake Perkins,needs_review_team_change,identity_name_unique_mlbam,Name maps to one reviewed MLBAM identity but not this DK team; review as team-change/new alias before trusting automation.
2026-08-07,2026-08-07T14:33:53.319605+00:00,2026-08-07,DraftKings official lineup CSV,https://www.draftkings.com/lineup/getavailableplayerscsv?contestTypeId=9&draftGroupId=151692,151692,9,Selected largest-prize regular Classic MLB draft group after excluding Turbo/Night/qualifier/satellite/showdown/snake/single-stat slates.,C,Danny Jansen (43772952),Danny Jansen,43772952,C,2700,BAL@TEX 08/07/2026 08:15PM ET,08/07/2026 08:15PM ET,TEX,BAL,home,4.58,643376,Danny Jansen,mapped,identity_name_team_map,Stable identity seed from old DK-ID map. Pilot join status: matched via normalized_name_team
2026-08-07,2026-08-07T14:33:53.319605+00:00,2026-08-07,DraftKings official lineup CSV,https://www.draftkings.com/lineup/getavailableplayerscsv?contestTypeId=9&draftGroupId=151692,151692,9,Selected largest-prize regular Classic MLB draft group after excluding Turbo/Night/qualifier/satellite/showdown/snake/single-stat slates.,OF,Matt Shaw (43772953),Matt Shaw,43772953,OF,2700,CHC@KC 08/07/2026 08:10PM ET,08/07/2026 08:10PM ET,CHC,KC,away,4.93,807713,Matt Shaw,mapped,identity_name_team_map,Stable identity seed from old DK-ID map. Pilot join status: matched via normalized_name_team
2026-08-07,2026-08-07T14:33:53.319605+00:00,2026-08-07,DraftKings official lineup CSV,https://www.draftkings.com/lineup/getavailableplayerscsv?contestTypeId=9&draftGroupId=151692,151692,9,Selected largest-prize regular Classic MLB draft group after excluding Turbo/Night/qualifier/satellite/showdown/snake/single-stat slates.,OF,Joey Loperfido (43772954),Joey Loperfido,43772954,OF,2700,HOU@SD 08/07/2026 09:40PM ET,08/07/2026 09:40PM ET,HOU,SD,away,4.41,694388,Joey Loperfido,mapped,identity_name_team_map,Stable identity seed from old DK-ID map. Pilot join status: matched via normalized_name_team
2026-08-07,2026-08-07T14:33:53.319605+00:00,2026-08-07,DraftKings official lineup CSV,https://www.draftkings.com/lineup/getavailableplayerscsv?contestTypeId=9&draftGroupId=151692,151692,9,Selected largest-prize regular Classic MLB draft group after excluding Turbo/Night/qualifier/satellite/showdown/snake/single-stat slates.,OF,Tommy Troy (43772955),Tommy Troy,43772955,OF,2700,LAD@ARI 08/07/2026 09:40PM ET,08/07/2026 09:40PM ET,ARI,LAD,home,5.46,,,needs_review_new_player,identity_name_team_map,No reviewed normalized-name/team identity alias; do not auto-guess.
2026-08-07,2026-08-07T14:33:53.319605+00:00,2026-08-07,DraftKings official lineup CSV,https://www.draftkings.com/lineup/getavailableplayerscsv?contestTypeId=9&draftGroupId=151692,151692,9,Selected largest-prize regular Classic MLB draft group after excluding Turbo/Night/qualifier/satellite/showdown/snake/single-stat slates.,2B/SS,Nicky Lopez (43772810),Nicky Lopez,43772810,2B/SS,2600,BAL@TEX 08/07/2026 08:15PM ET,08/07/2026 08:15PM ET,TEX,BAL,home,4.47,670032,Nicky Lopez,mapped,identity_name_team_map,Stable identity seed from old DK-ID map. Pilot join status: matched via normalized_name_team
2026-08-07,2026-08-07T14:33:53.319605+00:00,2026-08-07,DraftKings official lineup CSV,https://www.draftkings.com/lineup/getavailableplayerscsv?contestTypeId=9&draftGroupId=151692,151692,9,Selected largest-prize regular Classic MLB draft group after excluding Turbo/Night/qualifier/satellite/showdown/snake/single-stat slates.,1B,Tyler Locklear (43772812),Tyler Locklear,43772812,1B,2600,LAD@ARI 08/07/2026 09:40PM ET,08/07/2026 09:40PM ET,ARI,LAD,home,7.6,,,needs_review_new_player,identity_name_team_map,No reviewed normalized-name/team identity alias; do not auto-guess.
2026-08-07,2026-08-07T14:33:53.319605+00:00,2026-08-07,DraftKings official lineup CSV,https://www.draftkings.com/lineup/getavailableplayerscsv?contestTypeId=9&draftGroupId=151692,151692,9,Selected largest-prize regular Classic MLB draft group after excluding Turbo/Night/qualifier/satellite/showdown/snake/single-stat slates.,3B,Leo Jimenez (43772813),Leo Jimenez,43772813,3B,2600,LAA@MIA 08/07/2026 07:10PM ET,08/07/2026 07:10PM ET,MIA,LAA,home,3.88,677870,Leo Jiménez,mapped,identity_name_team_map,Proposed from review candidates; basis=exact normalized name + team; role-compatible; statcast_batter_des_2026; confidence=high; sources=statcast_batter_des_2026
2026-08-07,2026-08-07T14:33:53.319605+00:00,2026-08-07,DraftKings official lineup CSV,https://www.draftkings.com/lineup/getavailableplayerscsv?contestTypeId=9&draftGroupId=151692,151692,9,Selected largest-prize regular Classic MLB draft group after excluding Turbo/Night/qualifier/satellite/showdown/snake/single-stat slates.,2B/SS,Alika Williams (43772814),Alika Williams,43772814,2B/SS,2600,ATH@BOS 08/07/2026 07:10PM ET,08/07/2026 07:10PM ET,ATH,BOS,away,3.45,675961,Alika Williams,mapped,identity_name_team_map,Stable identity seed from old DK-ID map. Pilot join status: matched via normalized_name_team
2026-08-07,2026-08-07T14:33:53.319605+00:00,2026-08-07,DraftKings official lineup CSV,https://www.draftkings.com/lineup/getavailableplayerscsv?contestTypeId=9&draftGroupId=151692,151692,9,Selected largest-prize regular Classic MLB draft group after excluding Turbo/Night/qualifier/satellite/showdown/snake/single-stat slates.,2B,Edouard Julien (43772816),Edouard Julien,43772816,2B,2600,COL@STL 08/07/2026 08:15PM ET,08/07/2026 08:15PM ET,COL,STL,away,4.71,666397,Edouard Julien,mapped,identity_name_team_map,Stable identity seed from old DK-ID map. Pilot join status: matched via normalized_name_team
2026-08-07,2026-08-07T14:33:53.319605+00:00,2026-08-07,DraftKings official lineup CSV,https://www.draftkings.com/lineup/getavailableplayerscsv?contestTypeId=9&draftGroupId=151692,151692,9,Selected largest-prize regular Classic MLB draft group after excluding Turbo/Night/qualifier/satellite/showdown/snake/single-stat slates.,C,Connor Wong (43772817),Connor Wong,43772817,C,2600,ATH@BOS 08/07/2026 07:10PM ET,08/07/2026 07:10PM ET,BOS,ATH,home,4.9,,,needs_review_new_player,identity_name_team_map,No reviewed normalized-name/team identity alias; do not auto-guess.
2026-08-07,2026-08-07T14:33:53.319605+00:00,2026-08-07,DraftKings official lineup CSV,https://www.draftkings.com/lineup/getavailableplayerscsv?contestTypeId=9&draftGroupId=151692,151692,9,Selected largest-prize regular Classic MLB draft group after excluding Turbo/Night/qualifier/satellite/showdown/snake/single-stat slates.,C,Patrick Bailey (43772818),Patrick Bailey,43772818,C,2600,CLE@CWS 08/07/2026 07:40PM ET,08/07/2026 07:40PM ET,CLE,CWS,away,4.05,,,needs_review_new_player,identity_name_team_map,No reviewed normalized-name/team identity alias; do not auto-guess.
2026-08-07,2026-08-07T14:33:53.319605+00:00,2026-08-07,DraftKings official lineup CSV,https://www.draftkings.com/lineup/getavailableplayerscsv?contestTypeId=9&draftGroupId=151692,151692,9,Selected largest-prize regular Classic MLB draft group after excluding Turbo/Night/qualifier/satellite/showdown/snake/single-stat slates.,C,Pedro Pages (43772819),Pedro Pages,43772819,C,2600,COL@STL 08/07/2026 08:15PM ET,08/07/2026 08:15PM ET,STL,COL,home,3.34,686780,Pedro Pagés,mapped,identity_name_team_map,Stable identity seed from old DK-ID map. Pilot join status: matched via normalized_name_team
2026-08-07,2026-08-07T14:33:53.319605+00:00,2026-08-07,DraftKings official lineup CSV,https://www.draftkings.com/lineup/getavailableplayerscsv?contestTypeId=9&draftGroupId=151692,151692,9,Selected largest-prize regular Classic MLB draft group after excluding Turbo/Night/qualifier/satellite/showdown/snake/single-stat slates.,C,Mickey Gasper (43772956),Mickey Gasper,43772956,C,2600,ATH@BOS 08/07/2026 07:10PM ET,08/07/2026 07:10PM ET,BOS,ATH,home,4.38,,,needs_review_new_player,identity_name_team_map,No reviewed normalized-name/team identity alias; do not auto-guess.
2026-08-07,2026-08-07T14:33:53.319605+00:00,2026-08-07,DraftKings official lineup CSV,https://www.draftkings.com/lineup/getavailableplayerscsv?contestTypeId=9&draftGroupId=151692,151692,9,Selected largest-prize regular Classic MLB draft group after excluding Turbo/Night/qualifier/satellite/showdown/snake/single-stat slates.,1B,Kyle Manzardo (43772957),Kyle Manzardo,43772957,1B,2600,CLE@CWS 08/07/2026 07:40PM ET,08/07/2026 07:40PM ET,CLE,CWS,away,5.48,,,needs_review_new_player,identity_name_team_map,No reviewed normalized-name/team identity alias; do not auto-guess.
2026-08-07,2026-08-07T14:33:53.319605+00:00,2026-08-07,DraftKings official lineup CSV,https://www.draftkings.com/lineup/getavailableplayerscsv?contestTypeId=9&draftGroupId=151692,151692,9,Selected largest-prize regular Classic MLB draft group after excluding Turbo/Night/qualifier/satellite/showdown/snake/single-stat slates.,SS,Marcelo Mayer (43772958),Marcelo Mayer,43772958,SS,2600,DET@SF 08/07/2026 10:15PM ET,08/07/2026 10:15PM ET,SF,DET,home,4.44,,,needs_review_new_player,identity_name_team_map,No reviewed normalized-name/team identity alias; do not auto-guess.
2026-08-07,2026-08-07T14:33:53.319605+00:00,2026-08-07,DraftKings official lineup CSV,https://www.draftkings.com/lineup/getavailableplayerscsv?contestTypeId=9&draftGroupId=151692,151692,9,Selected largest-prize regular Classic MLB draft group after excluding Turbo/Night/qualifier/satellite/showdown/snake/single-stat slates.,3B,Yoan Moncada (43772959),Yoan Moncada,43772959,3B,2600,LAA@MIA 08/07/2026 07:10PM ET,08/07/2026 07:10PM ET,LAA,MIA,away,4.2,660162,Yoán Moncada,mapped,identity_name_team_map,Stable identity seed from old DK-ID map. Pilot join status: matched via normalized_name_team
2026-08-07,2026-08-07T14:33:53.319605+00:00,2026-08-07,DraftKings official lineup CSV,https://www.draftkings.com/lineup/getavailableplayerscsv?contestTypeId=9&draftGroupId=151692,151692,9,Selected largest-prize regular Classic MLB draft group after excluding Turbo/Night/qualifier/satellite/showdown/snake/single-stat slates.,OF,Brooks Baldwin (43772960),Brooks Baldwin,43772960,OF,2600,CLE@CWS 08/07/2026 07:40PM ET,08/07/2026 07:40PM ET,CWS,CLE,home,0,681460,Brooks Baldwin,mapped,identity_name_team_map,Stable identity seed from old DK-ID map. Pilot join status: matched_people_search_name via mlb_people_search_normalized_name
2026-08-07,2026-08-07T14:33:53.319605+00:00,2026-08-07,DraftKings official lineup CSV,https://www.draftkings.com/lineup/getavailableplayerscsv?contestTypeId=9&draftGroupId=151692,151692,9,Selected largest-prize regular Classic MLB draft group after excluding Turbo/Night/qualifier/satellite/showdown/snake/single-stat slates.,OF,Brewer Hicklen (43772961),Brewer Hicklen,43772961,OF,2600,ATL@NYY 08/07/2026 07:05PM ET,08/07/2026 07:05PM ET,ATL,NYY,away,6.62,,,needs_review_new_player,identity_name_team_map,No reviewed normalized-name/team identity alias; do not auto-guess.
2026-08-07,2026-08-07T14:33:53.319605+00:00,2026-08-07,DraftKings official lineup CSV,https://www.draftkings.com/lineup/getavailableplayerscsv?contestTypeId=9&draftGroupId=151692,151692,9,Selected largest-prize regular Classic MLB draft group after excluding Turbo/Night/qualifier/satellite/showdown/snake/single-stat slates.,SS,Jim Jarvis (43772820),Jim Jarvis,43772820,SS,2500,ATL@NYY 08/07/2026 07:05PM ET,08/07/2026 07:05PM ET,ATL,NYY,away,4.82,805347,Jim Jarvis,mapped,identity_name_team_map,Stable identity seed from old DK-ID map. Pilot join status: matched via normalized_name_team
2026-08-07,2026-08-07T14:33:53.319605+00:00,2026-08-07,DraftKings official lineup CSV,https://www.draftkings.com/lineup/getavailableplayerscsv?contestTypeId=9&draftGroupId=151692,151692,9,Selected largest-prize regular Classic MLB draft group after excluding Turbo/Night/qualifier/satellite/showdown/snake/single-stat slates.,1B/C,Alex Jackson (43772821),Alex Jackson,43772821,C/1B,2500,MIN@MIL 08/07/2026 07:40PM ET,08/07/2026 07:40PM ET,MIN,MIL,away,4.04,656577,Alex Jackson,mapped,identity_name_team_map,Proposed from review candidates; basis=exact normalized name + team; role-compatible; statcast_batter_des_2026; confidence=high; sources=statcast_batter_des_2026
2026-08-07,2026-08-07T14:33:53.319605+00:00,2026-08-07,DraftKings official lineup CSV,https://www.draftkings.com/lineup/getavailableplayerscsv?contestTypeId=9&draftGroupId=151692,151692,9,Selected largest-prize regular Classic MLB draft group after excluding Turbo/Night/qualifier/satellite/showdown/snake/single-stat slates.,OF,James Outman (43772823),James Outman,43772823,OF,2500,DET@SF 08/07/2026 10:15PM ET,08/07/2026 10:15PM ET,DET,SF,away,3.01,,,needs_review_new_player,identity_name_team_map,No reviewed normalized-name/team identity alias; do not auto-guess.
2026-08-07,2026-08-07T14:33:53.319605+00:00,2026-08-07,DraftKings official lineup CSV,https://www.draftkings.com/lineup/getavailableplayerscsv?contestTypeId=9&draftGroupId=151692,151692,9,Selected largest-prize regular Classic MLB draft group after excluding Turbo/Night/qualifier/satellite/showdown/snake/single-stat slates.,OF,Starling Marte (43772824),Starling Marte,43772824,OF,2500,CHC@KC 08/07/2026 08:10PM ET,08/07/2026 08:10PM ET,KC,CHC,home,3.85,516782,Starling Marte,mapped,identity_name_team_map,Stable identity seed from old DK-ID map. Pilot join status: matched via normalized_name_team
2026-08-07,2026-08-07T14:33:53.319605+00:00,2026-08-07,DraftKings official lineup CSV,https://www.draftkings.com/lineup/getavailableplayerscsv?contestTypeId=9&draftGroupId=151692,151692,9,Selected largest-prize regular Classic MLB draft group after excluding Turbo/Night/qualifier/satellite/showdown/snake/single-stat slates.,OF,Grant McCray (43772825),Grant McCray,43772825,OF,2500,DET@SF 08/07/2026 10:15PM ET,08/07/2026 10:15PM ET,SF,DET,home,3.67,687529,Grant McCray,mapped,identity_name_team_map,Stable identity seed from old DK-ID map. Pilot join status: matched_people_search_name via mlb_people_search_normalized_name
2026-08-07,2026-08-07T14:33:53.319605+00:00,2026-08-07,DraftKings official lineup CSV,https://www.draftkings.com/lineup/getavailableplayerscsv?contestTypeId=9&draftGroupId=151692,151692,9,Selected largest-prize regular Classic MLB draft group after excluding Turbo/Night/qualifier/satellite/showdown/snake/single-stat slates.,OF,Josh Lowe (43772826),Josh Lowe,43772826,OF,2500,LAA@MIA 08/07/2026 07:10PM ET,08/07/2026 07:10PM ET,LAA,MIA,away,4.42,666139,Josh Lowe,mapped,identity_name_team_map,Stable identity seed from old DK-ID map. Pilot join status: matched via normalized_name_team
2026-08-07,2026-08-07T14:33:53.319605+00:00,2026-08-07,DraftKings official lineup CSV,https://www.draftkings.com/lineup/getavailableplayerscsv?contestTypeId=9&draftGroupId=151692,151692,9,Selected largest-prize regular Classic MLB draft group after excluding Turbo/Night/qualifier/satellite/showdown/snake/single-stat slates.,2B/SS,Miguel Rojas (43772827),Miguel Rojas,43772827,2B/SS,2500,LAD@ARI 08/07/2026 09:40PM ET,08/07/2026 09:40PM ET,LAD,ARI,away,3.7,,,needs_review_new_player,identity_name_team_map,No reviewed normalized-name/team identity alias; do not auto-guess.
2026-08-07,2026-08-07T14:33:53.319605+00:00,2026-08-07,DraftKings official lineup CSV,https://www.draftkings.com/lineup/getavailableplayerscsv?contestTypeId=9&draftGroupId=151692,151692,9,Selected largest-prize regular Classic MLB draft group after excluding Turbo/Night/qualifier/satellite/showdown/snake/single-stat slates.,3B/OF,Weston Wilson (43772829),Weston Wilson,43772829,3B/OF,2500,TB@SEA 08/07/2026 09:45PM ET,08/07/2026 09:45PM ET,SEA,TB,home,3.77,,,needs_review_new_player,identity_name_team_map,No reviewed normalized-name/team identity alias; do not auto-guess.
2026-08-07,2026-08-07T14:33:53.319605+00:00,2026-08-07,DraftKings official lineup CSV,https://www.draftkings.com/lineup/getavailableplayerscsv?contestTypeId=9&draftGroupId=151692,151692,9,Selected largest-prize regular Classic MLB draft group after excluding Turbo/Night/qualifier/satellite/showdown/snake/single-stat slates.,OF,Jorge Barrosa (43772831),Jorge Barrosa,43772831,OF,2500,LAD@ARI 08/07/2026 09:40PM ET,08/07/2026 09:40PM ET,ARI,LAD,home,2.67,,,needs_review_new_player,identity_name_team_map,No reviewed normalized-name/team identity alias; do not auto-guess.
2026-08-07,2026-08-07T14:33:53.319605+00:00,2026-08-07,DraftKings official lineup CSV,https://www.draftkings.com/lineup/getavailableplayerscsv?contestTypeId=9&draftGroupId=151692,151692,9,Selected largest-prize regular Classic MLB draft group after excluding Turbo/Night/qualifier/satellite/showdown/snake/single-stat slates.,C,Christian Vazquez (43772832),Christian Vazquez,43772832,C,2500,HOU@SD 08/07/2026 09:40PM ET,08/07/2026 09:40PM ET,HOU,SD,away,4.34,543877,Christian Vázquez,mapped,identity_name_team_map,Stable identity seed from old DK-ID map. Pilot join status: matched via normalized_name_team
2026-08-07,2026-08-07T14:33:53.319605+00:00,2026-08-07,DraftKings official lineup CSV,https://www.draftkings.com/lineup/getavailableplayerscsv?contestTypeId=9&draftGroupId=151692,151692,9,Selected largest-prize regular Classic MLB draft group after excluding Turbo/Night/qualifier/satellite/showdown/snake/single-stat slates.,OF,Jase Bowen (43772833),Jase Bowen,43772833,OF,2500,HOU@SD 08/07/2026 09:40PM ET,08/07/2026 09:40PM ET,SD,HOU,home,2.31,687749,Jase Bowen,mapped,identity_name_team_map,Stable identity seed from old DK-ID map. Pilot join status: matched via normalized_name_team
2026-08-07,2026-08-07T14:33:53.319605+00:00,2026-08-07,DraftKings official lineup CSV,https://www.draftkings.com/lineup/getavailableplayerscsv?contestTypeId=9&draftGroupId=151692,151692,9,Selected largest-prize regular Classic MLB draft group after excluding Turbo/Night/qualifier/satellite/showdown/snake/single-stat slates.,C,Brian Navarreto (43772834),Brian Navarreto,43772834,C,2500,LAA@MIA 08/07/2026 07:10PM ET,08/07/2026 07:10PM ET,MIA,LAA,home,2.22,,,needs_review_new_player,identity_name_team_map,No reviewed normalized-name/team identity alias; do not auto-guess.
2026-08-07,2026-08-07T14:33:53.319605+00:00,2026-08-07,DraftKings official lineup CSV,https://www.draftkings.com/lineup/getavailableplayerscsv?contestTypeId=9&draftGroupId=151692,151692,9,Selected largest-prize regular Classic MLB draft group after excluding Turbo/Night/qualifier/satellite/showdown/snake/single-stat slates.,OF,Colton Cowser (43772835),Colton Cowser,43772835,OF,2500,BAL@TEX 08/07/2026 08:15PM ET,08/07/2026 08:15PM ET,BAL,TEX,away,4.29,,,needs_review_new_player,identity_name_team_map,No reviewed normalized-name/team identity alias; do not auto-guess.
2026-08-07,2026-08-07T14:33:53.319605+00:00,2026-08-07,DraftKings official lineup CSV,https://www.draftkings.com/lineup/getavailableplayerscsv?contestTypeId=9&draftGroupId=151692,151692,9,Selected largest-prize regular Classic MLB draft group after excluding Turbo/Night/qualifier/satellite/showdown/snake/single-stat slates.,3B,Ryan McMahon (43772836),Ryan McMahon,43772836,3B,2500,ATL@NYY 08/07/2026 07:05PM ET,08/07/2026 07:05PM ET,NYY,ATL,home,4.4,,,needs_review_new_player,identity_name_team_map,No reviewed normalized-name/team identity alias; do not auto-guess.
2026-08-07,2026-08-07T14:33:53.319605+00:00,2026-08-07,DraftKings official lineup CSV,https://www.draftkings.com/lineup/getavailableplayerscsv?contestTypeId=9&draftGroupId=151692,151692,9,Selected largest-prize regular Classic MLB draft group after excluding Turbo/Night/qualifier/satellite/showdown/snake/single-stat slates.,C,Hunter Feduccia (43772837),Hunter Feduccia,43772837,C,2500,LAD@ARI 08/07/2026 09:40PM ET,08/07/2026 09:40PM ET,LAD,ARI,away,3.48,,,needs_review_new_player,identity_name_team_map,No reviewed normalized-name/team identity alias; do not auto-guess.
2026-08-07,2026-08-07T14:33:53.319605+00:00,2026-08-07,DraftKings official lineup CSV,https://www.draftkings.com/lineup/getavailableplayerscsv?contestTypeId=9&draftGroupId=151692,151692,9,Selected largest-prize regular Classic MLB draft group after excluding Turbo/Night/qualifier/satellite/showdown/snake/single-stat slates.,2B/SS,Isiah Kiner-Falefa (43772962),Isiah Kiner-Falefa,43772962,2B/SS,2500,ATH@BOS 08/07/2026 07:10PM ET,08/07/2026 07:10PM ET,BOS,ATH,home,5.19,,,needs_review_new_player,identity_name_team_map,No reviewed normalized-name/team identity alias; do not auto-guess.
2026-08-07,2026-08-07T14:33:53.319605+00:00,2026-08-07,DraftKings official lineup CSV,https://www.draftkings.com/lineup/getavailableplayerscsv?contestTypeId=9&draftGroupId=151692,151692,9,Selected largest-prize regular Classic MLB draft group after excluding Turbo/Night/qualifier/satellite/showdown/snake/single-stat slates.,OF,Ryan Ward (43772964),Ryan Ward,43772964,OF,2500,LAD@ARI 08/07/2026 09:40PM ET,08/07/2026 09:40PM ET,LAD,ARI,away,5.75,,,needs_review_new_player,identity_name_team_map,No reviewed normalized-name/team identity alias; do not auto-guess.
2026-08-07,2026-08-07T14:33:53.319605+00:00,2026-08-07,DraftKings official lineup CSV,https://www.draftkings.com/lineup/getavailableplayerscsv?contestTypeId=9&draftGroupId=151692,151692,9,Selected largest-prize regular Classic MLB draft group after excluding Turbo/Night/qualifier/satellite/showdown/snake/single-stat slates.,OF,Victor Bericoto (43772965),Victor Bericoto,43772965,OF,2500,DET@SF 08/07/2026 10:15PM ET,08/07/2026 10:15PM ET,SF,DET,home,5.17,682674,Victor Bericoto,mapped,identity_name_team_map,Stable identity seed from old DK-ID map. Pilot join status: matched via normalized_name_team
2026-08-07,2026-08-07T14:33:53.319605+00:00,2026-08-07,DraftKings official lineup CSV,https://www.draftkings.com/lineup/getavailableplayerscsv?contestTypeId=9&draftGroupId=151692,151692,9,Selected largest-prize regular Classic MLB draft group after excluding Turbo/Night/qualifier/satellite/showdown/snake/single-stat slates.,OF,Akil Baddoo (43772966),Akil Baddoo,43772966,OF,2500,MIN@MIL 08/07/2026 07:40PM ET,08/07/2026 07:40PM ET,MIL,MIN,home,0,668731,Akil Baddoo,mapped,identity_name_team_map,Stable identity seed from old DK-ID map. Pilot join status: matched_people_search_name via mlb_people_search_normalized_name
2026-08-07,2026-08-07T14:33:53.319605+00:00,2026-08-07,DraftKings official lineup CSV,https://www.draftkings.com/lineup/getavailableplayerscsv?contestTypeId=9&draftGroupId=151692,151692,9,Selected largest-prize regular Classic MLB draft group after excluding Turbo/Night/qualifier/satellite/showdown/snake/single-stat slates.,C,Kyle Higashioka (43772967),Kyle Higashioka,43772967,C,2500,BAL@TEX 08/07/2026 08:15PM ET,08/07/2026 08:15PM ET,TEX,BAL,home,4.88,543309,Kyle Higashioka,mapped,identity_name_team_map,Stable identity seed from old DK-ID map. Pilot join status: matched via normalized_name_team
2026-08-07,2026-08-07T14:33:53.319605+00:00,2026-08-07,DraftKings official lineup CSV,https://www.draftkings.com/lineup/getavailableplayerscsv?contestTypeId=9&draftGroupId=151692,151692,9,Selected largest-prize regular Classic MLB draft group after excluding Turbo/Night/qualifier/satellite/showdown/snake/single-stat slates.,3B,Blaze Alexander (43772968),Blaze Alexander,43772968,3B,2500,BAL@TEX 08/07/2026 08:15PM ET,08/07/2026 08:15PM ET,BAL,TEX,away,5.78,,,needs_review_new_player,identity_name_team_map,No reviewed normalized-name/team identity alias; do not auto-guess.
2026-08-07,2026-08-07T14:33:53.319605+00:00,2026-08-07,DraftKings official lineup CSV,https://www.draftkings.com/lineup/getavailableplayerscsv?contestTypeId=9&draftGroupId=151692,151692,9,Selected largest-prize regular Classic MLB draft group after excluding Turbo/Night/qualifier/satellite/showdown/snake/single-stat slates.,SS,Luisangel Acuna (43772838),Luisangel Acuna,43772838,SS,2400,CLE@CWS 08/07/2026 07:40PM ET,08/07/2026 07:40PM ET,CWS,CLE,home,3.61,682668,Luisangel Acuña,mapped,identity_name_team_map,Stable identity seed from old DK-ID map. Pilot join status: matched via normalized_name_team
2026-08-07,2026-08-07T14:33:53.319605+00:00,2026-08-07,DraftKings official lineup CSV,https://www.draftkings.com/lineup/getavailableplayerscsv?contestTypeId=9&draftGroupId=151692,151692,9,Selected largest-prize regular Classic MLB draft group after excluding Turbo/Night/qualifier/satellite/showdown/snake/single-stat slates.,1B/2B,Jeff McNeil (43772839),Jeff McNeil,43772839,1B/2B,2400,ATH@BOS 08/07/2026 07:10PM ET,08/07/2026 07:10PM ET,ATH,BOS,away,4.83,643446,Jeff McNeil,mapped,identity_name_team_map,Stable identity seed from old DK-ID map. Pilot join status: matched via normalized_name_team
2026-08-07,2026-08-07T14:33:53.319605+00:00,2026-08-07,DraftKings official lineup CSV,https://www.draftkings.com/lineup/getavailableplayerscsv?contestTypeId=9&draftGroupId=151692,151692,9,Selected largest-prize regular Classic MLB draft group after excluding Turbo/Night/qualifier/satellite/showdown/snake/single-stat slates.,OF,Kyle Isbel (43772841),Kyle Isbel,43772841,OF,2400,CHC@KC 08/07/2026 08:10PM ET,08/07/2026 08:10PM ET,KC,CHC,home,4.7,664728,Kyle Isbel,mapped,identity_name_team_map,Stable identity seed from old DK-ID map. Pilot join status: matched via normalized_name_team
2026-08-07,2026-08-07T14:33:53.319605+00:00,2026-08-07,DraftKings official lineup CSV,https://www.draftkings.com/lineup/getavailableplayerscsv?contestTypeId=9&draftGroupId=151692,151692,9,Selected largest-prize regular Classic MLB draft group after excluding Turbo/Night/qualifier/satellite/showdown/snake/single-stat slates.,OF,Eli White (43772842),Eli White,43772842,OF,2400,ATH@BOS 08/07/2026 07:10PM ET,08/07/2026 07:10PM ET,BOS,ATH,home,3.75,642201,Eli White,needs_review_team_change,identity_name_unique_mlbam,Name maps to one reviewed MLBAM identity but not this DK team; review as team-change/new alias before trusting automation.
2026-08-07,2026-08-07T14:33:53.319605+00:00,2026-08-07,DraftKings official lineup CSV,https://www.draftkings.com/lineup/getavailableplayerscsv?contestTypeId=9&draftGroupId=151692,151692,9,Selected largest-prize regular Classic MLB draft group after excluding Turbo/Night/qualifier/satellite/showdown/snake/single-stat slates.,OF,Petey Halpin (43772843),Petey Halpin,43772843,OF,2400,CLE@CWS 08/07/2026 07:40PM ET,08/07/2026 07:40PM ET,CLE,CWS,away,4.04,,,needs_review_new_player,identity_name_team_map,No reviewed normalized-name/team identity alias; do not auto-guess.
2026-08-07,2026-08-07T14:33:53.319605+00:00,2026-08-07,DraftKings official lineup CSV,https://www.draftkings.com/lineup/getavailableplayerscsv?contestTypeId=9&draftGroupId=151692,151692,9,Selected largest-prize regular Classic MLB draft group after excluding Turbo/Night/qualifier/satellite/showdown/snake/single-stat slates.,OF,Victor Robles (43772844),Victor Robles,43772844,OF,2400,TB@SEA 08/07/2026 09:45PM ET,08/07/2026 09:45PM ET,SEA,TB,home,3.23,,,needs_review_new_player,identity_name_team_map,No reviewed normalized-name/team identity alias; do not auto-guess.
2026-08-07,2026-08-07T14:33:53.319605+00:00,2026-08-07,DraftKings official lineup CSV,https://www.draftkings.com/lineup/getavailableplayerscsv?contestTypeId=9&draftGroupId=151692,151692,9,Selected largest-prize regular Classic MLB draft group after excluding Turbo/Night/qualifier/satellite/showdown/snake/single-stat slates.,C,Travis d'Arnaud (43772845),Travis d'Arnaud,43772845,C,2400,LAA@MIA 08/07/2026 07:10PM ET,08/07/2026 07:10PM ET,LAA,MIA,away,3.44,518595,Travis d'Arnaud,mapped,identity_name_team_map,Stable identity seed from old DK-ID map. Pilot join status: matched via normalized_name_team
2026-08-07,2026-08-07T14:33:53.319605+00:00,2026-08-07,DraftKings official lineup CSV,https://www.draftkings.com/lineup/getavailableplayerscsv?contestTypeId=9&draftGroupId=151692,151692,9,Selected largest-prize regular Classic MLB draft group after excluding Turbo/Night/qualifier/satellite/showdown/snake/single-stat slates.,C,Drew Cavanaugh (43772846),Drew Cavanaugh,43772846,C,2400,DET@SF 08/07/2026 10:15PM ET,08/07/2026 10:15PM ET,SF,DET,home,3.25,,,needs_review_new_player,identity_name_team_map,No reviewed normalized-name/team identity alias; do not auto-guess.
2026-08-07,2026-08-07T14:33:53.319605+00:00,2026-08-07,DraftKings official lineup CSV,https://www.draftkings.com/lineup/getavailableplayerscsv?contestTypeId=9&draftGroupId=151692,151692,9,Selected largest-prize regular Classic MLB draft group after excluding Turbo/Night/qualifier/satellite/showdown/snake/single-stat slates.,3B,Blaze Jordan (43772847),Blaze Jordan,43772847,3B,2400,COL@STL 08/07/2026 08:15PM ET,08/07/2026 08:15PM ET,STL,COL,home,5.27,,,needs_review_new_player,identity_name_team_map,No reviewed normalized-name/team identity alias; do not auto-guess.
2026-08-07,2026-08-07T14:33:53.319605+00:00,2026-08-07,DraftKings official lineup CSV,https://www.draftkings.com/lineup/getavailableplayerscsv?contestTypeId=9&draftGroupId=151692,151692,9,Selected largest-prize regular Classic MLB draft group after excluding Turbo/Night/qualifier/satellite/showdown/snake/single-stat slates.,OF,Jordan Beck (43772848),Jordan Beck,43772848,OF,2400,COL@STL 08/07/2026 08:15PM ET,08/07/2026 08:15PM ET,COL,STL,away,4.25,687597,Jordan Beck,mapped,identity_name_team_map,Stable identity seed from old DK-ID map. Pilot join status: matched via normalized_name_team
2026-08-07,2026-08-07T14:33:53.319605+00:00,2026-08-07,DraftKings official lineup CSV,https://www.draftkings.com/lineup/getavailableplayerscsv?contestTypeId=9&draftGroupId=151692,151692,9,Selected largest-prize regular Classic MLB draft group after excluding Turbo/Night/qualifier/satellite/showdown/snake/single-stat slates.,C,Ali Sanchez (43772849),Ali Sanchez,43772849,C,2400,ATL@NYY 08/07/2026 07:05PM ET,08/07/2026 07:05PM ET,NYY,ATL,home,2.69,,,needs_review_new_player,identity_name_team_map,No reviewed normalized-name/team identity alias; do not auto-guess.
2026-08-07,2026-08-07T14:33:53.319605+00:00,2026-08-07,DraftKings official lineup CSV,https://www.draftkings.com/lineup/getavailableplayerscsv?contestTypeId=9&draftGroupId=151692,151692,9,Selected largest-prize regular Classic MLB draft group after excluding Turbo/Night/qualifier/satellite/showdown/snake/single-stat slates.,2B/3B,Gage Workman (43772850),Gage Workman,43772850,2B/3B,2400,HOU@SD 08/07/2026 09:40PM ET,08/07/2026 09:40PM ET,SD,HOU,home,3.61,669398,Gage Workman,needs_review_team_change,identity_name_unique_mlbam,Name maps to one reviewed MLBAM identity but not this DK team; review as team-change/new alias before trusting automation.
2026-08-07,2026-08-07T14:33:53.319605+00:00,2026-08-07,DraftKings official lineup CSV,https://www.draftkings.com/lineup/getavailableplayerscsv?contestTypeId=9&draftGroupId=151692,151692,9,Selected largest-prize regular Classic MLB draft group after excluding Turbo/Night/qualifier/satellite/showdown/snake/single-stat slates.,OF,David Fry (43772969),David Fry,43772969,OF,2400,CLE@CWS 08/07/2026 07:40PM ET,08/07/2026 07:40PM ET,CLE,CWS,away,3.32,,,needs_review_new_player,identity_name_team_map,No reviewed normalized-name/team identity alias; do not auto-guess.
2026-08-07,2026-08-07T14:33:53.319605+00:00,2026-08-07,DraftKings official lineup CSV,https://www.draftkings.com/lineup/getavailableplayerscsv?contestTypeId=9&draftGroupId=151692,151692,9,Selected largest-prize regular Classic MLB draft group after excluding Turbo/Night/qualifier/satellite/showdown/snake/single-stat slates.,OF,Victor Scott II (43772970),Victor Scott II,43772970,OF,2400,COL@STL 08/07/2026 08:15PM ET,08/07/2026 08:15PM ET,STL,COL,home,4.08,687363,Victor Scott II,mapped,identity_name_team_map,Stable identity seed from old DK-ID map. Pilot join status: matched via normalized_name_team
2026-08-07,2026-08-07T14:33:53.319605+00:00,2026-08-07,DraftKings official lineup CSV,https://www.draftkings.com/lineup/getavailableplayerscsv?contestTypeId=9&draftGroupId=151692,151692,9,Selected largest-prize regular Classic MLB draft group after excluding Turbo/Night/qualifier/satellite/showdown/snake/single-stat slates.,OF,Zach Cole (43772971),Zach Cole,43772971,OF,2400,HOU@SD 08/07/2026 09:40PM ET,08/07/2026 09:40PM ET,HOU,SD,away,3.95,805904,Zach Cole,mapped,identity_name_team_map,Stable identity seed from old DK-ID map. Pilot join status: matched via normalized_name_team
2026-08-07,2026-08-07T14:33:53.319605+00:00,2026-08-07,DraftKings official lineup CSV,https://www.draftkings.com/lineup/getavailableplayerscsv?contestTypeId=9&draftGroupId=151692,151692,9,Selected largest-prize regular Classic MLB draft group after excluding Turbo/Night/qualifier/satellite/showdown/snake/single-stat slates.,SS,Nick Allen (43772852),Nick Allen,43772852,SS,2300,HOU@SD 08/07/2026 09:40PM ET,08/07/2026 09:40PM ET,HOU,SD,away,2.87,669397,Nick Allen,mapped,identity_name_team_map,Stable identity seed from old DK-ID map. Pilot join status: matched via normalized_name_team
2026-08-07,2026-08-07T14:33:53.319605+00:00,2026-08-07,DraftKings official lineup CSV,https://www.draftkings.com/lineup/getavailableplayerscsv?contestTypeId=9&draftGroupId=151692,151692,9,Selected largest-prize regular Classic MLB draft group after excluding Turbo/Night/qualifier/satellite/showdown/snake/single-stat slates.,C,Drew Romo (43772853),Drew Romo,43772853,C,2300,CLE@CWS 08/07/2026 07:40PM ET,08/07/2026 07:40PM ET,CWS,CLE,home,3.91,691011,Drew Romo,mapped,identity_name_team_map,Stable identity seed from old DK-ID map. Pilot join status: matched via normalized_name_team
2026-08-07,2026-08-07T14:33:53.319605+00:00,2026-08-07,DraftKings official lineup CSV,https://www.draftkings.com/lineup/getavailableplayerscsv?contestTypeId=9&draftGroupId=151692,151692,9,Selected largest-prize regular Classic MLB draft group after excluding Turbo/Night/qualifier/satellite/showdown/snake/single-stat slates.,OF,Ben Malgeri (43772854),Ben Malgeri,43772854,OF,2300,DET@SF 08/07/2026 10:15PM ET,08/07/2026 10:15PM ET,DET,SF,away,4.14,,,needs_review_new_player,identity_name_team_map,No reviewed normalized-name/team identity alias; do not auto-guess.
2026-08-07,2026-08-07T14:33:53.319605+00:00,2026-08-07,DraftKings official lineup CSV,https://www.draftkings.com/lineup/getavailableplayerscsv?contestTypeId=9&draftGroupId=151692,151692,9,Selected largest-prize regular Classic MLB draft group after excluding Turbo/Night/qualifier/satellite/showdown/snake/single-stat slates.,OF,Jahmai Jones (43772855),Jahmai Jones,43772855,OF,2300,ATH@BOS 08/07/2026 07:10PM ET,08/07/2026 07:10PM ET,BOS,ATH,home,2.53,663330,Jahmai Jones,needs_review_team_change,identity_name_unique_mlbam,Name maps to one reviewed MLBAM identity but not this DK team; review as team-change/new alias before trusting automation.
2026-08-07,2026-08-07T14:33:53.319605+00:00,2026-08-07,DraftKings official lineup CSV,https://www.draftkings.com/lineup/getavailableplayerscsv?contestTypeId=9&draftGroupId=151692,151692,9,Selected largest-prize regular Classic MLB draft group after excluding Turbo/Night/qualifier/satellite/showdown/snake/single-stat slates.,C,Luke Maile (43772856),Luke Maile,43772856,C,2300,CHC@KC 08/07/2026 08:10PM ET,08/07/2026 08:10PM ET,KC,CHC,home,7.4,,,needs_review_new_player,identity_name_team_map,No reviewed normalized-name/team identity alias; do not auto-guess.
2026-08-07,2026-08-07T14:33:53.319605+00:00,2026-08-07,DraftKings official lineup CSV,https://www.draftkings.com/lineup/getavailableplayerscsv?contestTypeId=9&draftGroupId=151692,151692,9,Selected largest-prize regular Classic MLB draft group after excluding Turbo/Night/qualifier/satellite/showdown/snake/single-stat slates.,C,Jimmy Crooks (43772857),Jimmy Crooks,43772857,C,2300,COL@STL 08/07/2026 08:15PM ET,08/07/2026 08:15PM ET,STL,COL,home,3.79,699625,Jimmy Crooks,mapped,identity_name_team_map,Stable identity seed from old DK-ID map. Pilot join status: matched via normalized_name_team
2026-08-07,2026-08-07T14:33:53.319605+00:00,2026-08-07,DraftKings official lineup CSV,https://www.draftkings.com/lineup/getavailableplayerscsv?contestTypeId=9&draftGroupId=151692,151692,9,Selected largest-prize regular Classic MLB draft group after excluding Turbo/Night/qualifier/satellite/showdown/snake/single-stat slates.,3B,Angel Genao (43772858),Angel Genao,43772858,3B,2300,CLE@CWS 08/07/2026 07:40PM ET,08/07/2026 07:40PM ET,CLE,CWS,away,10.5,,,needs_review_new_player,identity_name_team_map,No reviewed normalized-name/team identity alias; do not auto-guess.
2026-08-07,2026-08-07T14:33:53.319605+00:00,2026-08-07,DraftKings official lineup CSV,https://www.draftkings.com/lineup/getavailableplayerscsv?contestTypeId=9&draftGroupId=151692,151692,9,Selected largest-prize regular Classic MLB draft group after excluding Turbo/Night/qualifier/satellite/showdown/snake/single-stat slates.,SS,Trey Sweeney (43772972),Trey Sweeney,43772972,SS,2300,DET@SF 08/07/2026 10:15PM ET,08/07/2026 10:15PM ET,DET,SF,away,0,,,needs_review_new_player,identity_name_team_map,No reviewed normalized-name/team identity alias; do not auto-guess.
2026-08-07,2026-08-07T14:33:53.319605+00:00,2026-08-07,DraftKings official lineup CSV,https://www.draftkings.com/lineup/getavailableplayerscsv?contestTypeId=9&draftGroupId=151692,151692,9,Selected largest-prize regular Classic MLB draft group after excluding Turbo/Night/qualifier/satellite/showdown/snake/single-stat slates.,2B,Alex Freeland (43772973),Alex Freeland,43772973,2B,2300,LAD@ARI 08/07/2026 09:40PM ET,08/07/2026 09:40PM ET,LAD,ARI,away,4.38,,,needs_review_new_player,identity_name_team_map,No reviewed normalized-name/team identity alias; do not auto-guess.
2026-08-07,2026-08-07T14:33:53.319605+00:00,2026-08-07,DraftKings official lineup CSV,https://www.draftkings.com/lineup/getavailableplayerscsv?contestTypeId=9&draftGroupId=151692,151692,9,Selected largest-prize regular Classic MLB draft group after excluding Turbo/Night/qualifier/satellite/showdown/snake/single-stat slates.,OF,Kahlil Watson (43772974),Kahlil Watson,43772974,OF,2300,CLE@CWS 08/07/2026 07:40PM ET,08/07/2026 07:40PM ET,CLE,CWS,away,6.18,,,needs_review_new_player,identity_name_team_map,No reviewed normalized-name/team identity alias; do not auto-guess.
2026-08-07,2026-08-07T14:33:53.319605+00:00,2026-08-07,DraftKings official lineup CSV,https://www.draftkings.com/lineup/getavailableplayerscsv?contestTypeId=9&draftGroupId=151692,151692,9,Selected largest-prize regular Classic MLB draft group after excluding Turbo/Night/qualifier/satellite/showdown/snake/single-stat slates.,C,Bo Naylor (43772975),Bo Naylor,43772975,C,2300,MIN@MIL 08/07/2026 07:40PM ET,08/07/2026 07:40PM ET,MIL,MIN,home,3.14,,,needs_review_new_player,identity_name_team_map,No reviewed normalized-name/team identity alias; do not auto-guess.
2026-08-07,2026-08-07T14:33:53.319605+00:00,2026-08-07,DraftKings official lineup CSV,https://www.draftkings.com/lineup/getavailableplayerscsv?contestTypeId=9&draftGroupId=151692,151692,9,Selected largest-prize regular Classic MLB draft group after excluding Turbo/Night/qualifier/satellite/showdown/snake/single-stat slates.,2B/3B,Will Wilson (43772976),Will Wilson,43772976,2B/3B,2300,TB@SEA 08/07/2026 09:45PM ET,08/07/2026 09:45PM ET,SEA,TB,home,9,,,needs_review_new_player,identity_name_team_map,No reviewed normalized-name/team identity alias; do not auto-guess.
2026-08-07,2026-08-07T14:33:53.319605+00:00,2026-08-07,DraftKings official lineup CSV,https://www.draftkings.com/lineup/getavailableplayerscsv?contestTypeId=9&draftGroupId=151692,151692,9,Selected largest-prize regular Classic MLB draft group after excluding Turbo/Night/qualifier/satellite/showdown/snake/single-stat slates.,3B,Graham Pauley (43772978),Graham Pauley,43772978,3B,2300,LAA@MIA 08/07/2026 07:10PM ET,08/07/2026 07:10PM ET,MIA,LAA,home,3.34,688363,Graham Pauley,mapped,identity_name_team_map,Proposed from review candidates; basis=exact normalized name + team; role-compatible; statcast_batter_des_2026; confidence=high; sources=statcast_batter_des_2026
2026-08-07,2026-08-07T14:33:53.319605+00:00,2026-08-07,DraftKings official lineup CSV,https://www.draftkings.com/lineup/getavailableplayerscsv?contestTypeId=9&draftGroupId=151692,151692,9,Selected largest-prize regular Classic MLB draft group after excluding Turbo/Night/qualifier/satellite/showdown/snake/single-stat slates.,SS,Tristan Gray (43772859),Tristan Gray,43772859,SS,2200,MIN@MIL 08/07/2026 07:40PM ET,08/07/2026 07:40PM ET,MIN,MIL,away,4.2,656484,Tristan Gray,mapped,identity_name_team_map,Proposed from review candidates; basis=exact normalized name + team; role-compatible; statcast_batter_des_2026; confidence=high; sources=statcast_batter_des_2026
2026-08-07,2026-08-07T14:33:53.319605+00:00,2026-08-07,DraftKings official lineup CSV,https://www.draftkings.com/lineup/getavailableplayerscsv?contestTypeId=9&draftGroupId=151692,151692,9,Selected largest-prize regular Classic MLB draft group after excluding Turbo/Night/qualifier/satellite/showdown/snake/single-stat slates.,2B/3B,Jonathan Ornelas (43772860),Jonathan Ornelas,43772860,2B/3B,2200,ATH@BOS 08/07/2026 07:10PM ET,08/07/2026 07:10PM ET,ATH,BOS,away,2,,,needs_review_new_player,identity_name_team_map,No reviewed normalized-name/team identity alias; do not auto-guess.
2026-08-07,2026-08-07T14:33:53.319605+00:00,2026-08-07,DraftKings official lineup CSV,https://www.draftkings.com/lineup/getavailableplayerscsv?contestTypeId=9&draftGroupId=151692,151692,9,Selected largest-prize regular Classic MLB draft group after excluding Turbo/Night/qualifier/satellite/showdown/snake/single-stat slates.,C,Jake Rogers (43772862),Jake Rogers,43772862,C,2200,ATH@BOS 08/07/2026 07:10PM ET,08/07/2026 07:10PM ET,BOS,ATH,home,3.92,668670,Jake Rogers,needs_review_team_change,identity_name_unique_mlbam,Name maps to one reviewed MLBAM identity but not this DK team; review as team-change/new alias before trusting automation.
2026-08-07,2026-08-07T14:33:53.319605+00:00,2026-08-07,DraftKings official lineup CSV,https://www.draftkings.com/lineup/getavailableplayerscsv?contestTypeId=9&draftGroupId=151692,151692,9,Selected largest-prize regular Classic MLB draft group after excluding Turbo/Night/qualifier/satellite/showdown/snake/single-stat slates.,C,Ben Rortvedt (43772863),Ben Rortvedt,43772863,C,2200,LAD@ARI 08/07/2026 09:40PM ET,08/07/2026 09:40PM ET,LAD,ARI,away,0,,,needs_review_new_player,identity_name_team_map,No reviewed normalized-name/team identity alias; do not auto-guess.
2026-08-07,2026-08-07T14:33:53.319605+00:00,2026-08-07,DraftKings official lineup CSV,https://www.draftkings.com/lineup/getavailableplayerscsv?contestTypeId=9&draftGroupId=151692,151692,9,Selected largest-prize regular Classic MLB draft group after excluding Turbo/Night/qualifier/satellite/showdown/snake/single-stat slates.,2B/OF,Cam Cauley (43772864),Cam Cauley,43772864,2B/OF,2200,BAL@TEX 08/07/2026 08:15PM ET,08/07/2026 08:15PM ET,TEX,BAL,home,3.17,,,needs_review_new_player,identity_name_team_map,No reviewed normalized-name/team identity alias; do not auto-guess.
2026-08-07,2026-08-07T14:33:53.319605+00:00,2026-08-07,DraftKings official lineup CSV,https://www.draftkings.com/lineup/getavailableplayerscsv?contestTypeId=9&draftGroupId=151692,151692,9,Selected largest-prize regular Classic MLB draft group after excluding Turbo/Night/qualifier/satellite/showdown/snake/single-stat slates.,3B,Buddy Kennedy (43772866),Buddy Kennedy,43772866,3B,2200,DET@SF 08/07/2026 10:15PM ET,08/07/2026 10:15PM ET,SF,DET,home,1.07,671083,Buddy Kennedy,mapped,identity_name_team_map,Stable identity seed from old DK-ID map. Pilot join status: matched via normalized_name_team
2026-08-07,2026-08-07T14:33:53.319605+00:00,2026-08-07,DraftKings official lineup CSV,https://www.draftkings.com/lineup/getavailableplayerscsv?contestTypeId=9&draftGroupId=151692,151692,9,Selected largest-prize regular Classic MLB draft group after excluding Turbo/Night/qualifier/satellite/showdown/snake/single-stat slates.,OF,Zach Dezenzo (43772867),Zach Dezenzo,43772867,OF,2200,HOU@SD 08/07/2026 09:40PM ET,08/07/2026 09:40PM ET,HOU,SD,away,3.14,701305,Zach Dezenzo,mapped,identity_name_team_map,Stable identity seed from old DK-ID map. Pilot join status: matched via normalized_name_team
2026-08-07,2026-08-07T14:33:53.319605+00:00,2026-08-07,DraftKings official lineup CSV,https://www.draftkings.com/lineup/getavailableplayerscsv?contestTypeId=9&draftGroupId=151692,151692,9,Selected largest-prize regular Classic MLB draft group after excluding Turbo/Night/qualifier/satellite/showdown/snake/single-stat slates.,C,Yohel Pozo (43772868),Yohel Pozo,43772868,C,2200,BAL@TEX 08/07/2026 08:15PM ET,08/07/2026 08:15PM ET,BAL,TEX,away,2.5,650968,Yohel Pozo,needs_review_team_change,identity_name_unique_mlbam,Name maps to one reviewed MLBAM identity but not this DK team; review as team-change/new alias before trusting automation.
2026-08-07,2026-08-07T14:33:53.319605+00:00,2026-08-07,DraftKings official lineup CSV,https://www.draftkings.com/lineup/getavailableplayerscsv?contestTypeId=9&draftGroupId=151692,151692,9,Selected largest-prize regular Classic MLB draft group after excluding Turbo/Night/qualifier/satellite/showdown/snake/single-stat slates.,SS,Tsung-Che Cheng (43772979),Tsung-Che Cheng,43772979,SS,2200,ATH@BOS 08/07/2026 07:10PM ET,08/07/2026 07:10PM ET,BOS,ATH,home,4.57,,,needs_review_new_player,identity_name_team_map,No reviewed normalized-name/team identity alias; do not auto-guess.
2026-08-07,2026-08-07T14:33:53.319605+00:00,2026-08-07,DraftKings official lineup CSV,https://www.draftkings.com/lineup/getavailableplayerscsv?contestTypeId=9&draftGroupId=151692,151692,9,Selected largest-prize regular Classic MLB draft group after excluding Turbo/Night/qualifier/satellite/showdown/snake/single-stat slates.,3B/SS,Christian Koss (43772869),Christian Koss,43772869,3B/SS,2100,DET@SF 08/07/2026 10:15PM ET,08/07/2026 10:15PM ET,SF,DET,home,1.96,683766,Christian Koss,mapped,identity_name_team_map,Stable identity seed from old DK-ID map. Pilot join status: matched via normalized_name_team
2026-08-07,2026-08-07T14:33:53.319605+00:00,2026-08-07,DraftKings official lineup CSV,https://www.draftkings.com/lineup/getavailableplayerscsv?contestTypeId=9&draftGroupId=151692,151692,9,Selected largest-prize regular Classic MLB draft group after excluding Turbo/Night/qualifier/satellite/showdown/snake/single-stat slates.,C,Austin Wells (43772871),Austin Wells,43772871,C,2100,ATL@NYY 08/07/2026 07:05PM ET,08/07/2026 07:05PM ET,NYY,ATL,home,4.01,,,needs_review_new_player,identity_name_team_map,No reviewed normalized-name/team identity alias; do not auto-guess.
2026-08-07,2026-08-07T14:33:53.319605+00:00,2026-08-07,DraftKings official lineup CSV,https://www.draftkings.com/lineup/getavailableplayerscsv?contestTypeId=9&draftGroupId=151692,151692,9,Selected largest-prize regular Classic MLB draft group after excluding Turbo/Night/qualifier/satellite/showdown/snake/single-stat slates.,2B,Adam Frazier (43772872),Adam Frazier,43772872,2B,2100,LAA@MIA 08/07/2026 07:10PM ET,08/07/2026 07:10PM ET,LAA,MIA,away,3.07,624428,Adam Frazier,mapped,identity_name_team_map,Stable identity seed from old DK-ID map. Pilot join status: matched via normalized_name_team
2026-08-07,2026-08-07T14:33:53.319605+00:00,2026-08-07,DraftKings official lineup CSV,https://www.draftkings.com/lineup/getavailableplayerscsv?contestTypeId=9&draftGroupId=151692,151692,9,Selected largest-prize regular Classic MLB draft group after excluding Turbo/Night/qualifier/satellite/showdown/snake/single-stat slates.,OF,Alan Roden (43772873),Alan Roden,43772873,OF,2100,MIN@MIL 08/07/2026 07:40PM ET,08/07/2026 07:40PM ET,MIN,MIL,away,3.6,702176,Alan Roden,mapped,identity_name_team_map,Proposed from review candidates; basis=exact normalized name + team; role-compatible; statcast_batter_des_2026; confidence=high; sources=statcast_batter_des_2026
2026-08-07,2026-08-07T14:33:53.319605+00:00,2026-08-07,DraftKings official lineup CSV,https://www.draftkings.com/lineup/getavailableplayerscsv?contestTypeId=9&draftGroupId=151692,151692,9,Selected largest-prize regular Classic MLB draft group after excluding Turbo/Night/qualifier/satellite/showdown/snake/single-stat slates.,2B,Nate Furman (43772874),Nate Furman,43772874,2B,2100,DET@SF 08/07/2026 10:15PM ET,08/07/2026 10:15PM ET,SF,DET,home,1,,,needs_review_new_player,identity_name_team_map,No reviewed normalized-name/team identity alias; do not auto-guess.
2026-08-07,2026-08-07T14:33:53.319605+00:00,2026-08-07,DraftKings official lineup CSV,https://www.draftkings.com/lineup/getavailableplayerscsv?contestTypeId=9&draftGroupId=151692,151692,9,Selected largest-prize regular Classic MLB draft group after excluding Turbo/Night/qualifier/satellite/showdown/snake/single-stat slates.,C,Carlos Narvaez (43772875),Carlos Narvaez,43772875,C,2100,BAL@TEX 08/07/2026 08:15PM ET,08/07/2026 08:15PM ET,BAL,TEX,away,3.53,,,needs_review_new_player,identity_name_team_map,No reviewed normalized-name/team identity alias; do not auto-guess.
2026-08-07,2026-08-07T14:33:53.319605+00:00,2026-08-07,DraftKings official lineup CSV,https://www.draftkings.com/lineup/getavailableplayerscsv?contestTypeId=9&draftGroupId=151692,151692,9,Selected largest-prize regular Classic MLB draft group after excluding Turbo/Night/qualifier/satellite/showdown/snake/single-stat slates.,3B,Leo Rivas (43772876),Leo Rivas,43772876,3B,2100,TB@SEA 08/07/2026 09:45PM ET,08/07/2026 09:45PM ET,SEA,TB,home,3.2,,,needs_review_new_player,identity_name_team_map,No reviewed normalized-name/team identity alias; do not auto-guess.
2026-08-07,2026-08-07T14:33:53.319605+00:00,2026-08-07,DraftKings official lineup CSV,https://www.draftkings.com/lineup/getavailableplayerscsv?contestTypeId=9&draftGroupId=151692,151692,9,Selected largest-prize regular Classic MLB draft group after excluding Turbo/Night/qualifier/satellite/showdown/snake/single-stat slates.,OF,Harrison Bader (43772980),Harrison Bader,43772980,OF,2100,DET@SF 08/07/2026 10:15PM ET,08/07/2026 10:15PM ET,SF,DET,home,5.17,664056,Harrison Bader,mapped,identity_name_team_map,Stable identity seed from old DK-ID map. Pilot join status: matched via normalized_name_team
2026-08-07,2026-08-07T14:33:53.319605+00:00,2026-08-07,DraftKings official lineup CSV,https://www.draftkings.com/lineup/getavailableplayerscsv?contestTypeId=9&draftGroupId=151692,151692,9,Selected largest-prize regular Classic MLB draft group after excluding Turbo/Night/qualifier/satellite/showdown/snake/single-stat slates.,OF,Jonah Cox (43772981),Jonah Cox,43772981,OF,2100,DET@SF 08/07/2026 10:15PM ET,08/07/2026 10:15PM ET,SF,DET,home,2.96,813841,Jonah Cox,mapped,identity_name_team_map,Stable identity seed from old DK-ID map. Pilot join status: matched via normalized_name_team
2026-08-07,2026-08-07T14:33:53.319605+00:00,2026-08-07,DraftKings official lineup CSV,https://www.draftkings.com/lineup/getavailableplayerscsv?contestTypeId=9&draftGroupId=151692,151692,9,Selected largest-prize regular Classic MLB draft group after excluding Turbo/Night/qualifier/satellite/showdown/snake/single-stat slates.,SS,Eddys Leonard (43772877),Eddys Leonard,43772877,SS,2000,DET@SF 08/07/2026 10:15PM ET,08/07/2026 10:15PM ET,SF,DET,home,2.5,,,needs_review_new_player,identity_name_team_map,No reviewed normalized-name/team identity alias; do not auto-guess.
2026-08-07,2026-08-07T14:33:53.319605+00:00,2026-08-07,DraftKings official lineup CSV,https://www.draftkings.com/lineup/getavailableplayerscsv?contestTypeId=9&draftGroupId=151692,151692,9,Selected largest-prize regular Classic MLB draft group after excluding Turbo/Night/qualifier/satellite/showdown/snake/single-stat slates.,C,Tyler Heineman (43772878),Tyler Heineman,43772878,C,2000,LAA@MIA 08/07/2026 07:10PM ET,08/07/2026 07:10PM ET,LAA,MIA,away,2.57,623168,Tyler Heineman,needs_review_team_change,identity_name_unique_mlbam,Name maps to one reviewed MLBAM identity but not this DK team; review as team-change/new alias before trusting automation.
2026-08-07,2026-08-07T14:33:53.319605+00:00,2026-08-07,DraftKings official lineup CSV,https://www.draftkings.com/lineup/getavailableplayerscsv?contestTypeId=9&draftGroupId=151692,151692,9,Selected largest-prize regular Classic MLB draft group after excluding Turbo/Night/qualifier/satellite/showdown/snake/single-stat slates.,OF,Christian Franklin (43772879),Christian Franklin,43772879,OF,2000,BAL@TEX 08/07/2026 08:15PM ET,08/07/2026 08:15PM ET,BAL,TEX,away,3,681047,Christian Franklin,needs_review_team_change,identity_name_unique_mlbam,Name maps to one reviewed MLBAM identity but not this DK team; review as team-change/new alias before trusting automation.
2026-08-07,2026-08-07T14:33:53.319605+00:00,2026-08-07,DraftKings official lineup CSV,https://www.draftkings.com/lineup/getavailableplayerscsv?contestTypeId=9&draftGroupId=151692,151692,9,Selected largest-prize regular Classic MLB draft group after excluding Turbo/Night/qualifier/satellite/showdown/snake/single-stat slates.,C,Austin Wynns (43772880),Austin Wynns,43772880,C,2000,BAL@TEX 08/07/2026 08:15PM ET,08/07/2026 08:15PM ET,TEX,BAL,home,1.64,642851,Austin Wynns,needs_review_team_change,identity_name_unique_mlbam,Name maps to one reviewed MLBAM identity but not this DK team; review as team-change/new alias before trusting automation.
2026-08-07,2026-08-07T14:33:53.319605+00:00,2026-08-07,DraftKings official lineup CSV,https://www.draftkings.com/lineup/getavailableplayerscsv?contestTypeId=9&draftGroupId=151692,151692,9,Selected largest-prize regular Classic MLB draft group after excluding Turbo/Night/qualifier/satellite/showdown/snake/single-stat slates.,SS,Ha-Seong Kim (43772881),Ha-Seong Kim,43772881,SS,2000,ATL@NYY 08/07/2026 07:05PM ET,08/07/2026 07:05PM ET,ATL,NYY,away,1.93,673490,Ha-Seong Kim,mapped,identity_name_team_map,Stable identity seed from old DK-ID map. Pilot join status: matched via normalized_name_team
2026-08-07,2026-08-07T14:33:53.319605+00:00,2026-08-07,DraftKings official lineup CSV,https://www.draftkings.com/lineup/getavailableplayerscsv?contestTypeId=9&draftGroupId=151692,151692,9,Selected largest-prize regular Classic MLB draft group after excluding Turbo/Night/qualifier/satellite/showdown/snake/single-stat slates.,2B/3B,Cesar Prieto (43772882),Cesar Prieto,43772882,2B/3B,2000,COL@STL 08/07/2026 08:15PM ET,08/07/2026 08:15PM ET,STL,COL,home,0,693409,César Prieto,mapped,identity_name_team_map,Stable identity seed from old DK-ID map. Pilot join status: matched via normalized_name_team
2026-08-07,2026-08-07T14:33:53.319605+00:00,2026-08-07,DraftKings official lineup CSV,https://www.draftkings.com/lineup/getavailableplayerscsv?contestTypeId=9&draftGroupId=151692,151692,9,Selected largest-prize regular Classic MLB draft group after excluding Turbo/Night/qualifier/satellite/showdown/snake/single-stat slates.,2B/3B,James Triantos (43772884),James Triantos,43772884,2B/3B,2000,CHC@KC 08/07/2026 08:10PM ET,08/07/2026 08:10PM ET,CHC,KC,away,1.25,701649,James Triantos,mapped,identity_name_team_map,Stable identity seed from old DK-ID map. Pilot join status: matched_people_search_name via mlb_people_search_normalized_name
2026-08-07,2026-08-07T14:33:53.319605+00:00,2026-08-07,DraftKings official lineup CSV,https://www.draftkings.com/lineup/getavailableplayerscsv?contestTypeId=9&draftGroupId=151692,151692,9,Selected largest-prize regular Classic MLB draft group after excluding Turbo/Night/qualifier/satellite/showdown/snake/single-stat slates.,OF,Gabriel Gonzalez (43772982),Gabriel Gonzalez,43772982,OF,2000,MIN@MIL 08/07/2026 07:40PM ET,08/07/2026 07:40PM ET,MIN,MIL,away,9,694224,Gabriel Gonzalez,mapped,identity_name_team_map,Proposed from review candidates; basis=exact normalized name + team; role-compatible; statcast_batter_des_2026; confidence=high; sources=statcast_batter_des_2026
2026-08-07,2026-08-07T14:33:53.319605+00:00,2026-08-07,DraftKings official lineup CSV,https://www.draftkings.com/lineup/getavailableplayerscsv?contestTypeId=9&draftGroupId=151692,151692,9,Selected largest-prize regular Classic MLB draft group after excluding Turbo/Night/qualifier/satellite/showdown/snake/single-stat slates.,1B/3B,Brett Harris (43772983),Brett Harris,43772983,1B/3B,2000,ATH@BOS 08/07/2026 07:10PM ET,08/07/2026 07:10PM ET,BOS,ATH,home,1,695391,Brett Harris,needs_review_team_change,identity_name_unique_mlbam,Name maps to one reviewed MLBAM identity but not this DK team; review as team-change/new alias before trusting automation.
2026-08-07,2026-08-07T14:33:53.319605+00:00,2026-08-07,DraftKings official lineup CSV,https://www.draftkings.com/lineup/getavailableplayerscsv?contestTypeId=9&draftGroupId=151692,151692,9,Selected largest-prize regular Classic MLB draft group after excluding Turbo/Night/qualifier/satellite/showdown/snake/single-stat slates.,OF,Jacob Melton (43772985),Jacob Melton,43772985,OF,2000,TB@SEA 08/07/2026 09:45PM ET,08/07/2026 09:45PM ET,TB,SEA,away,0,,,needs_review_new_player,identity_name_team_map,No reviewed normalized-name/team identity alias; do not auto-guess.
2026-08-07,2026-08-07T14:33:53.319605+00:00,2026-08-07,DraftKings official lineup CSV,https://www.draftkings.com/lineup/getavailableplayerscsv?contestTypeId=9&draftGroupId=151692,151692,9,Selected largest-prize regular Classic MLB draft group after excluding Turbo/Night/qualifier/satellite/showdown/snake/single-stat slates.,C,Eliezer Alfonzo (43772986),Eliezer Alfonzo,43772986,C,2000,LAD@ARI 08/07/2026 09:40PM ET,08/07/2026 09:40PM ET,LAD,ARI,away,2.75,,,needs_review_new_player,identity_name_team_map,No reviewed normalized-name/team identity alias; do not auto-guess.
2026-08-07,2026-08-07T14:33:53.319605+00:00,2026-08-07,DraftKings official lineup CSV,https://www.draftkings.com/lineup/getavailableplayerscsv?contestTypeId=9&draftGroupId=151692,151692,9,Selected largest-prize regular Classic MLB draft group after excluding Turbo/Night/qualifier/satellite/showdown/snake/single-stat slates.,1B/OF,CJ Kayfus (43772987),CJ Kayfus,43772987,1B/OF,2000,CLE@CWS 08/07/2026 07:40PM ET,08/07/2026 07:40PM ET,CLE,CWS,away,4.33,,,needs_review_new_player,identity_name_team_map,No reviewed normalized-name/team identity alias; do not auto-guess.
2026-08-07,2026-08-07T14:33:53.319605+00:00,2026-08-07,DraftKings official lineup CSV,https://www.draftkings.com/lineup/getavailableplayerscsv?contestTypeId=9&draftGroupId=151692,151692,9,Selected largest-prize regular Classic MLB draft group after excluding Turbo/Night/qualifier/satellite/showdown/snake/single-stat slates.,OF,Cooper Ingle (43772989),Cooper Ingle,43772989,OF,2000,CLE@CWS 08/07/2026 07:40PM ET,08/07/2026 07:40PM ET,CLE,CWS,away,2.57,,,needs_review_new_player,identity_name_team_map,No reviewed normalized-name/team identity alias; do not auto-guess.
2026-08-07,2026-08-07T14:33:53.319605+00:00,2026-08-07,DraftKings official lineup CSV,https://www.draftkings.com/lineup/getavailableplayerscsv?contestTypeId=9&draftGroupId=151692,151692,9,Selected largest-prize regular Classic MLB draft group after excluding Turbo/Night/qualifier/satellite/showdown/snake/single-stat slates.,C,Logan Porter (43772990),Logan Porter,43772990,C,2000,LAA@MIA 08/07/2026 07:10PM ET,08/07/2026 07:10PM ET,LAA,MIA,away,4.33,,,needs_review_new_player,identity_name_team_map,No reviewed normalized-name/team identity alias; do not auto-guess.
2026-08-07,2026-08-07T14:33:53.319605+00:00,2026-08-07,DraftKings official lineup CSV,https://www.draftkings.com/lineup/getavailableplayerscsv?contestTypeId=9&draftGroupId=151692,151692,9,Selected largest-prize regular Classic MLB draft group after excluding Turbo/Night/qualifier/satellite/showdown/snake/single-stat slates.,C,Jeferson Quero (43772991),Jeferson Quero,43772991,C,2000,MIN@MIL 08/07/2026 07:40PM ET,08/07/2026 07:40PM ET,MIL,MIN,home,2,691620,Jeferson Quero,mapped,identity_name_team_map,Stable identity seed from old DK-ID map. Pilot join status: matched via normalized_name_team
2026-08-07,2026-08-07T14:33:53.319605+00:00,2026-08-07,DraftKings official lineup CSV,https://www.draftkings.com/lineup/getavailableplayerscsv?contestTypeId=9&draftGroupId=151692,151692,9,Selected largest-prize regular Classic MLB draft group after excluding Turbo/Night/qualifier/satellite/showdown/snake/single-stat slates.,3B,Nacho Alvarez Jr. (43772992),Nacho Alvarez Jr.,43772992,3B,2000,LAA@MIA 08/07/2026 07:10PM ET,08/07/2026 07:10PM ET,LAA,MIA,away,0,805373,Nacho Alvarez Jr.,needs_review_team_change,identity_name_unique_mlbam,Name maps to one reviewed MLBAM identity but not this DK team; review as team-change/new alias before trusting automation.
2026-08-07,2026-08-07T14:33:53.319605+00:00,2026-08-07,DraftKings official lineup CSV,https://www.draftkings.com/lineup/getavailableplayerscsv?contestTypeId=9&draftGroupId=151692,151692,9,Selected largest-prize regular Classic MLB draft group after excluding Turbo/Night/qualifier/satellite/showdown/snake/single-stat slates.,OF,Gustavo Campero (43772993),Gustavo Campero,43772993,OF,2000,LAA@MIA 08/07/2026 07:10PM ET,08/07/2026 07:10PM ET,LAA,MIA,away,0,672569,Gustavo Campero,mapped,identity_name_team_map,Stable identity seed from old DK-ID map. Pilot join status: matched_people_search_name via mlb_people_search_normalized_name
2026-08-07,2026-08-07T14:33:53.319605+00:00,2026-08-07,DraftKings official lineup CSV,https://www.draftkings.com/lineup/getavailableplayerscsv?contestTypeId=9&draftGroupId=151692,151692,9,Selected largest-prize regular Classic MLB draft group after excluding Turbo/Night/qualifier/satellite/showdown/snake/single-stat slates.,C,Sebastian Rivero (43772994),Sebastian Rivero,43772994,C,2000,LAA@MIA 08/07/2026 07:10PM ET,08/07/2026 07:10PM ET,LAA,MIA,away,3.12,665861,Sebastián Rivero,mapped,identity_name_team_map,Stable identity seed from old DK-ID map. Pilot join status: matched via normalized_name_team
2026-08-07,2026-08-07T14:33:53.319605+00:00,2026-08-07,DraftKings official lineup CSV,https://www.draftkings.com/lineup/getavailableplayerscsv?contestTypeId=9&draftGroupId=151692,151692,9,Selected largest-prize regular Classic MLB draft group after excluding Turbo/Night/qualifier/satellite/showdown/snake/single-stat slates.,2B/OF,Thomas Saggese (43772995),Thomas Saggese,43772995,2B/OF,2000,COL@STL 08/07/2026 08:15PM ET,08/07/2026 08:15PM ET,STL,COL,home,3.16,695336,Thomas Saggese,mapped,identity_name_team_map,Stable identity seed from old DK-ID map. Pilot join status: matched via normalized_name_team
2026-08-07,2026-08-07T14:33:53.319605+00:00,2026-08-07,DraftKings official lineup CSV,https://www.draftkings.com/lineup/getavailableplayerscsv?contestTypeId=9&draftGroupId=151692,151692,9,Selected largest-prize regular Classic MLB draft group after excluding Turbo/Night/qualifier/satellite/showdown/snake/single-stat slates.,2B,Ryan Bliss (43772997),Ryan Bliss,43772997,2B,2000,TB@SEA 08/07/2026 09:45PM ET,08/07/2026 09:45PM ET,SEA,TB,home,2.33,,,needs_review_new_player,identity_name_team_map,No reviewed normalized-name/team identity alias; do not auto-guess.
2026-08-07,2026-08-07T14:33:53.319605+00:00,2026-08-07,DraftKings official lineup CSV,https://www.draftkings.com/lineup/getavailableplayerscsv?contestTypeId=9&draftGroupId=151692,151692,9,Selected largest-prize regular Classic MLB draft group after excluding Turbo/Night/qualifier/satellite/showdown/snake/single-stat slates.,OF,Brent Rooker (43772998),Brent Rooker,43772998,OF,2000,ATH@BOS 08/07/2026 07:10PM ET,08/07/2026 07:10PM ET,ATH,BOS,away,7,667670,Brent Rooker,mapped,identity_name_team_map,Stable identity seed from old DK-ID map. Pilot join status: matched via normalized_name_team
2026-08-07,2026-08-07T14:33:53.319605+00:00,2026-08-07,DraftKings official lineup CSV,https://www.draftkings.com/lineup/getavailableplayerscsv?contestTypeId=9&draftGroupId=151692,151692,9,Selected largest-prize regular Classic MLB draft group after excluding Turbo/Night/qualifier/satellite/showdown/snake/single-stat slates.,2B/SS,Jadher Areinamo (43772999),Jadher Areinamo,43772999,2B/SS,2000,TB@SEA 08/07/2026 09:45PM ET,08/07/2026 09:45PM ET,TB,SEA,away,0,,,needs_review_new_player,identity_name_team_map,No reviewed normalized-name/team identity alias; do not auto-guess.
2026-08-07,2026-08-07T14:33:53.319605+00:00,2026-08-07,DraftKings official lineup CSV,https://www.draftkings.com/lineup/getavailableplayerscsv?contestTypeId=9&draftGroupId=151692,151692,9,Selected largest-prize regular Classic MLB draft group after excluding Turbo/Night/qualifier/satellite/showdown/snake/single-stat slates.,2B/3B,Anthony Rendon (43773001),Anthony Rendon,43773001,2B/3B,2000,LAA@MIA 08/07/2026 07:10PM ET,08/07/2026 07:10PM ET,LAA,MIA,away,0,543685,Anthony Rendon,mapped,identity_name_team_map,Stable identity seed from old DK-ID map. Pilot join status: matched_people_search_name via mlb_people_search_normalized_name
2026-08-07,2026-08-07T14:33:53.319605+00:00,2026-08-07,DraftKings official lineup CSV,https://www.draftkings.com/lineup/getavailableplayerscsv?contestTypeId=9&draftGroupId=151692,151692,9,Selected largest-prize regular Classic MLB draft group after excluding Turbo/Night/qualifier/satellite/showdown/snake/single-stat slates.,OF,Joshua Baez (43773003),Joshua Baez,43773003,OF,2000,COL@STL 08/07/2026 08:15PM ET,08/07/2026 08:15PM ET,STL,COL,home,0,695491,Joshua Báez,mapped,identity_name_team_map,Stable identity seed from old DK-ID map. Pilot join status: matched_people_search_name via mlb_people_search_normalized_name
2026-08-07,2026-08-07T14:33:53.319605+00:00,2026-08-07,DraftKings official lineup CSV,https://www.draftkings.com/lineup/getavailableplayerscsv?contestTypeId=9&draftGroupId=151692,151692,9,Selected largest-prize regular Classic MLB draft group after excluding Turbo/Night/qualifier/satellite/showdown/snake/single-stat slates.,1B/OF,Tyler Austin (43773004),Tyler Austin,43773004,1B/OF,2000,CHC@KC 08/07/2026 08:10PM ET,08/07/2026 08:10PM ET,CHC,KC,away,0,592122,Tyler Austin,mapped,identity_name_team_map,Stable identity seed from old DK-ID map. Pilot join status: matched_people_search_name via mlb_people_search_normalized_name
2026-08-07,2026-08-07T14:33:53.319605+00:00,2026-08-07,DraftKings official lineup CSV,https://www.draftkings.com/lineup/getavailableplayerscsv?contestTypeId=9&draftGroupId=151692,151692,9,Selected largest-prize regular Classic MLB draft group after excluding Turbo/Night/qualifier/satellite/showdown/snake/single-stat slates.,OF,Hendry Mendez (43773006),Hendry Mendez,43773006,OF,2000,MIN@MIL 08/07/2026 07:40PM ET,08/07/2026 07:40PM ET,MIN,MIL,away,0,,,needs_review_new_player,identity_name_team_map,No reviewed normalized-name/team identity alias; do not auto-guess.
2026-08-07,2026-08-07T14:33:53.319605+00:00,2026-08-07,DraftKings official lineup CSV,https://www.draftkings.com/lineup/getavailableplayerscsv?contestTypeId=9&draftGroupId=151692,151692,9,Selected largest-prize regular Classic MLB draft group after excluding Turbo/Night/qualifier/satellite/showdown/snake/single-stat slates.,C,Leo Bernal (43773007),Leo Bernal,43773007,C,2000,COL@STL 08/07/2026 08:15PM ET,08/07/2026 08:15PM ET,STL,COL,home,0,699024,Leo Bernal,mapped,identity_name_team_map,Stable identity seed from old DK-ID map. Pilot join status: matched_people_search_name via mlb_people_search_normalized_name
2026-08-07,2026-08-07T14:33:53.319605+00:00,2026-08-07,DraftKings official lineup CSV,https://www.draftkings.com/lineup/getavailableplayerscsv?contestTypeId=9&draftGroupId=151692,151692,9,Selected largest-prize regular Classic MLB draft group after excluding Turbo/Night/qualifier/satellite/showdown/snake/single-stat slates.,OF,Emmanuel Rodriguez (43773008),Emmanuel Rodriguez,43773008,OF,2000,MIN@MIL 08/07/2026 07:40PM ET,08/07/2026 07:40PM ET,MIN,MIL,away,0,,,needs_review_new_player,identity_name_team_map,No reviewed normalized-name/team identity alias; do not auto-guess.
2026-08-07,2026-08-07T14:33:53.319605+00:00,2026-08-07,DraftKings official lineup CSV,https://www.draftkings.com/lineup/getavailableplayerscsv?contestTypeId=9&draftGroupId=151692,151692,9,Selected largest-prize regular Classic MLB draft group after excluding Turbo/Night/qualifier/satellite/showdown/snake/single-stat slates.,SS,Jared Serna (43773009),Jared Serna,43773009,SS,2000,LAA@MIA 08/07/2026 07:10PM ET,08/07/2026 07:10PM ET,MIA,LAA,home,0,,,needs_review_new_player,identity_name_team_map,No reviewed normalized-name/team identity alias; do not auto-guess.
2026-08-07,2026-08-07T14:33:53.319605+00:00,2026-08-07,DraftKings official lineup CSV,https://www.draftkings.com/lineup/getavailableplayerscsv?contestTypeId=9&draftGroupId=151692,151692,9,Selected largest-prize regular Classic MLB draft group after excluding Turbo/Night/qualifier/satellite/showdown/snake/single-stat slates.,OF,Brennen Davis (43773010),Brennen Davis,43773010,OF,2000,TB@SEA 08/07/2026 09:45PM ET,08/07/2026 09:45PM ET,SEA,TB,home,0,,,needs_review_new_player,identity_name_team_map,No reviewed normalized-name/team identity alias; do not auto-guess.
2026-08-07,2026-08-07T14:33:53.319605+00:00,2026-08-07,DraftKings official lineup CSV,https://www.draftkings.com/lineup/getavailableplayerscsv?contestTypeId=9&draftGroupId=151692,151692,9,Selected largest-prize regular Classic MLB draft group after excluding Turbo/Night/qualifier/satellite/showdown/snake/single-stat slates.,OF,Reed Trimble (43773011),Reed Trimble,43773011,OF,2000,BAL@TEX 08/07/2026 08:15PM ET,08/07/2026 08:15PM ET,BAL,TEX,away,0,,,needs_review_new_player,identity_name_team_map,No reviewed normalized-name/team identity alias; do not auto-guess.
2026-08-07,2026-08-07T14:33:53.319605+00:00,2026-08-07,DraftKings official lineup CSV,https://www.draftkings.com/lineup/getavailableplayerscsv?contestTypeId=9&draftGroupId=151692,151692,9,Selected largest-prize regular Classic MLB draft group after excluding Turbo/Night/qualifier/satellite/showdown/snake/single-stat slates.,C,Kenny Piper (43773012),Kenny Piper,43773012,C,2000,TB@SEA 08/07/2026 09:45PM ET,08/07/2026 09:45PM ET,TB,SEA,away,7,,,needs_review_new_player,identity_name_team_map,No reviewed normalized-name/team identity alias; do not auto-guess.
2026-08-07,2026-08-07T14:33:53.319605+00:00,2026-08-07,DraftKings official lineup CSV,https://www.draftkings.com/lineup/getavailableplayerscsv?contestTypeId=9&draftGroupId=151692,151692,9,Selected largest-prize regular Classic MLB draft group after excluding Turbo/Night/qualifier/satellite/showdown/snake/single-stat slates.,C,Thayron Liranzo (43773013),Thayron Liranzo,43773013,C,2000,DET@SF 08/07/2026 10:15PM ET,08/07/2026 10:15PM ET,DET,SF,away,0,,,needs_review_new_player,identity_name_team_map,No reviewed normalized-name/team identity alias; do not auto-guess.
2026-08-07,2026-08-07T14:33:53.319605+00:00,2026-08-07,DraftKings official lineup CSV,https://www.draftkings.com/lineup/getavailableplayerscsv?contestTypeId=9&draftGroupId=151692,151692,9,Selected largest-prize regular Classic MLB draft group after excluding Turbo/Night/qualifier/satellite/showdown/snake/single-stat slates.,OF,Jurickson Profar (43773014),Jurickson Profar,43773014,OF,2000,ATL@NYY 08/07/2026 07:05PM ET,08/07/2026 07:05PM ET,ATL,NYY,away,0,595777,Jurickson Profar,mapped,identity_name_team_map,Stable identity seed from old DK-ID map. Pilot join status: matched_people_search_name via mlb_people_search_normalized_name
2026-08-07,2026-08-07T14:33:53.319605+00:00,2026-08-07,DraftKings official lineup CSV,https://www.draftkings.com/lineup/getavailableplayerscsv?contestTypeId=9&draftGroupId=151692,151692,9,Selected largest-prize regular Classic MLB draft group after excluding Turbo/Night/qualifier/satellite/showdown/snake/single-stat slates.,SS,Carlos Correa (43773015),Carlos Correa,43773015,SS,2000,HOU@SD 08/07/2026 09:40PM ET,08/07/2026 09:40PM ET,HOU,SD,away,8,621043,Carlos Correa,mapped,identity_name_team_map,Stable identity seed from old DK-ID map. Pilot join status: matched via normalized_name_team
2026-08-07,2026-08-07T14:33:53.319605+00:00,2026-08-07,DraftKings official lineup CSV,https://www.draftkings.com/lineup/getavailableplayerscsv?contestTypeId=9&draftGroupId=151692,151692,9,Selected largest-prize regular Classic MLB draft group after excluding Turbo/Night/qualifier/satellite/showdown/snake/single-stat slates.,1B,Triston Casas (43773016),Triston Casas,43773016,1B,2000,ATH@BOS 08/07/2026 07:10PM ET,08/07/2026 07:10PM ET,BOS,ATH,home,0,,,needs_review_new_player,identity_name_team_map,No reviewed normalized-name/team identity alias; do not auto-guess.
2026-08-07,2026-08-07T14:33:53.319605+00:00,2026-08-07,DraftKings official lineup CSV,https://www.draftkings.com/lineup/getavailableplayerscsv?contestTypeId=9&draftGroupId=151692,151692,9,Selected largest-prize regular Classic MLB draft group after excluding Turbo/Night/qualifier/satellite/showdown/snake/single-stat slates.,OF,Ramon Laureano (43773017),Ramon Laureano,43773017,OF,2000,HOU@SD 08/07/2026 09:40PM ET,08/07/2026 09:40PM ET,SD,HOU,home,6.58,657656,Ramón Laureano,mapped,identity_name_team_map,Stable identity seed from old DK-ID map. Pilot join status: matched via normalized_name_team
2026-08-07,2026-08-07T14:33:53.319605+00:00,2026-08-07,DraftKings official lineup CSV,https://www.draftkings.com/lineup/getavailableplayerscsv?contestTypeId=9&draftGroupId=151692,151692,9,Selected largest-prize regular Classic MLB draft group after excluding Turbo/Night/qualifier/satellite/showdown/snake/single-stat slates.,3B/OF,Kris Bryant (43773018),Kris Bryant,43773018,3B/OF,2000,COL@STL 08/07/2026 08:15PM ET,08/07/2026 08:15PM ET,COL,STL,away,0,592178,Kris Bryant,mapped,identity_name_team_map,Stable identity seed from old DK-ID map. Pilot join status: matched_people_search_name via mlb_people_search_normalized_name
2026-08-07,2026-08-07T14:33:53.319605+00:00,2026-08-07,DraftKings official lineup CSV,https://www.draftkings.com/lineup/getavailableplayerscsv?contestTypeId=9&draftGroupId=151692,151692,9,Selected largest-prize regular Classic MLB draft group after excluding Turbo/Night/qualifier/satellite/showdown/snake/single-stat slates.,2B,Kristian Campbell (43773020),Kristian Campbell,43773020,2B,2000,ATH@BOS 08/07/2026 07:10PM ET,08/07/2026 07:10PM ET,BOS,ATH,home,0,,,needs_review_new_player,identity_name_team_map,No reviewed normalized-name/team identity alias; do not auto-guess.
2026-08-07,2026-08-07T14:33:53.319605+00:00,2026-08-07,DraftKings official lineup CSV,https://www.draftkings.com/lineup/getavailableplayerscsv?contestTypeId=9&draftGroupId=151692,151692,9,Selected largest-prize regular Classic MLB draft group after excluding Turbo/Night/qualifier/satellite/showdown/snake/single-stat slates.,2B/3B,Maximo Acosta (43773021),Maximo Acosta,43773021,2B/3B,2000,LAA@MIA 08/07/2026 07:10PM ET,08/07/2026 07:10PM ET,MIA,LAA,home,0,,,needs_review_new_player,identity_name_team_map,No reviewed normalized-name/team identity alias; do not auto-guess.
2026-08-07,2026-08-07T14:33:53.319605+00:00,2026-08-07,DraftKings official lineup CSV,https://www.draftkings.com/lineup/getavailableplayerscsv?contestTypeId=9&draftGroupId=151692,151692,9,Selected largest-prize regular Classic MLB draft group after excluding Turbo/Night/qualifier/satellite/showdown/snake/single-stat slates.,2B/OF,Tyler Fitzgerald (43773023),Tyler Fitzgerald,43773023,2B/OF,2000,LAD@ARI 08/07/2026 09:40PM ET,08/07/2026 09:40PM ET,LAD,ARI,away,0,,,needs_review_new_player,identity_name_team_map,No reviewed normalized-name/team identity alias; do not auto-guess.
2026-08-07,2026-08-07T14:33:53.319605+00:00,2026-08-07,DraftKings official lineup CSV,https://www.draftkings.com/lineup/getavailableplayerscsv?contestTypeId=9&draftGroupId=151692,151692,9,Selected largest-prize regular Classic MLB draft group after excluding Turbo/Night/qualifier/satellite/showdown/snake/single-stat slates.,OF,Alek Thomas (43773025),Alek Thomas,43773025,OF,2000,LAD@ARI 08/07/2026 09:40PM ET,08/07/2026 09:40PM ET,LAD,ARI,away,5.61,,,needs_review_new_player,identity_name_team_map,No reviewed normalized-name/team identity alias; do not auto-guess.
2026-08-07,2026-08-07T14:33:53.319605+00:00,2026-08-07,DraftKings official lineup CSV,https://www.draftkings.com/lineup/getavailableplayerscsv?contestTypeId=9&draftGroupId=151692,151692,9,Selected largest-prize regular Classic MLB draft group after excluding Turbo/Night/qualifier/satellite/showdown/snake/single-stat slates.,OF,Heston Kjerstad (43773026),Heston Kjerstad,43773026,OF,2000,BAL@TEX 08/07/2026 08:15PM ET,08/07/2026 08:15PM ET,BAL,TEX,away,0,,,needs_review_new_player,identity_name_team_map,No reviewed normalized-name/team identity alias; do not auto-guess.
2026-08-07,2026-08-07T14:33:53.319605+00:00,2026-08-07,DraftKings official lineup CSV,https://www.draftkings.com/lineup/getavailableplayerscsv?contestTypeId=9&draftGroupId=151692,151692,9,Selected largest-prize regular Classic MLB draft group after excluding Turbo/Night/qualifier/satellite/showdown/snake/single-stat slates.,1B/3B,Patrick Wisdom (43773027),Patrick Wisdom,43773027,1B/3B,2000,TB@SEA 08/07/2026 09:45PM ET,08/07/2026 09:45PM ET,SEA,TB,home,2.93,,,needs_review_new_player,identity_name_team_map,No reviewed normalized-name/team identity alias; do not auto-guess.
2026-08-07,2026-08-07T14:33:53.319605+00:00,2026-08-07,DraftKings official lineup CSV,https://www.draftkings.com/lineup/getavailableplayerscsv?contestTypeId=9&draftGroupId=151692,151692,9,Selected largest-prize regular Classic MLB draft group after excluding Turbo/Night/qualifier/satellite/showdown/snake/single-stat slates.,2B/3B,Chad Stevens (43773029),Chad Stevens,43773029,2B/3B,2000,COL@STL 08/07/2026 08:15PM ET,08/07/2026 08:15PM ET,COL,STL,away,1.31,677060,Chad Stevens,mapped,identity_name_team_map,Stable identity seed from old DK-ID map. Pilot join status: matched via normalized_name_team
2026-08-07,2026-08-07T14:33:53.319605+00:00,2026-08-07,DraftKings official lineup CSV,https://www.draftkings.com/lineup/getavailableplayerscsv?contestTypeId=9&draftGroupId=151692,151692,9,Selected largest-prize regular Classic MLB draft group after excluding Turbo/Night/qualifier/satellite/showdown/snake/single-stat slates.,OF,Kyren Paris (43773031),Kyren Paris,43773031,OF,2000,LAA@MIA 08/07/2026 07:10PM ET,08/07/2026 07:10PM ET,LAA,MIA,away,0,677347,Kyren Paris,mapped,identity_name_team_map,Stable identity seed from old DK-ID map. Pilot join status: matched_people_search_name via mlb_people_search_normalized_name
2026-08-07,2026-08-07T14:33:53.319605+00:00,2026-08-07,DraftKings official lineup CSV,https://www.draftkings.com/lineup/getavailableplayerscsv?contestTypeId=9&draftGroupId=151692,151692,9,Selected largest-prize regular Classic MLB draft group after excluding Turbo/Night/qualifier/satellite/showdown/snake/single-stat slates.,1B,LuJames Groover (43773032),LuJames Groover,43773032,1B,2000,LAD@ARI 08/07/2026 09:40PM ET,08/07/2026 09:40PM ET,ARI,LAD,home,4.2,,,needs_review_new_player,identity_name_team_map,No reviewed normalized-name/team identity alias; do not auto-guess.
2026-08-07,2026-08-07T14:33:53.319605+00:00,2026-08-07,DraftKings official lineup CSV,https://www.draftkings.com/lineup/getavailableplayerscsv?contestTypeId=9&draftGroupId=151692,151692,9,Selected largest-prize regular Classic MLB draft group after excluding Turbo/Night/qualifier/satellite/showdown/snake/single-stat slates.,2B/OF,Christian Moore (43773033),Christian Moore,43773033,2B/OF,2000,LAA@MIA 08/07/2026 07:10PM ET,08/07/2026 07:10PM ET,LAA,MIA,away,2.67,695681,Christian Moore,mapped,identity_name_team_map,Stable identity seed from old DK-ID map. Pilot join status: matched_people_search_name via mlb_people_search_normalized_name
2026-08-07,2026-08-07T14:33:53.319605+00:00,2026-08-07,DraftKings official lineup CSV,https://www.draftkings.com/lineup/getavailableplayerscsv?contestTypeId=9&draftGroupId=151692,151692,9,Selected largest-prize regular Classic MLB draft group after excluding Turbo/Night/qualifier/satellite/showdown/snake/single-stat slates.,SS,Darell Hernaiz (43773035),Darell Hernaiz,43773035,SS,2000,ATH@BOS 08/07/2026 07:10PM ET,08/07/2026 07:10PM ET,ATH,BOS,away,3.79,687231,Darell Hernaiz,mapped,identity_name_team_map,Stable identity seed from old DK-ID map. Pilot join status: matched via normalized_name_team
2026-08-07,2026-08-07T14:33:53.319605+00:00,2026-08-07,DraftKings official lineup CSV,https://www.draftkings.com/lineup/getavailableplayerscsv?contestTypeId=9&draftGroupId=151692,151692,9,Selected largest-prize regular Classic MLB draft group after excluding Turbo/Night/qualifier/satellite/showdown/snake/single-stat slates.,3B/OF,Daniel Schneemann (43773036),Daniel Schneemann,43773036,3B/OF,2000,CLE@CWS 08/07/2026 07:40PM ET,08/07/2026 07:40PM ET,CLE,CWS,away,4.94,,,needs_review_new_player,identity_name_team_map,No reviewed normalized-name/team identity alias; do not auto-guess.
2026-08-07,2026-08-07T14:33:53.319605+00:00,2026-08-07,DraftKings official lineup CSV,https://www.draftkings.com/lineup/getavailableplayerscsv?contestTypeId=9&draftGroupId=151692,151692,9,Selected largest-prize regular Classic MLB draft group after excluding Turbo/Night/qualifier/satellite/showdown/snake/single-stat slates.,OF,Zac Veen (43773038),Zac Veen,43773038,OF,2000,COL@STL 08/07/2026 08:15PM ET,08/07/2026 08:15PM ET,COL,STL,away,0,691728,Zac Veen,mapped,identity_name_team_map,Stable identity seed from old DK-ID map. Pilot join status: matched_people_search_name via mlb_people_search_normalized_name
2026-08-07,2026-08-07T14:33:53.319605+00:00,2026-08-07,DraftKings official lineup CSV,https://www.draftkings.com/lineup/getavailableplayerscsv?contestTypeId=9&draftGroupId=151692,151692,9,Selected largest-prize regular Classic MLB draft group after excluding Turbo/Night/qualifier/satellite/showdown/snake/single-stat slates.,OF,Lucas Spence (43773039),Lucas Spence,43773039,OF,2000,HOU@SD 08/07/2026 09:40PM ET,08/07/2026 09:40PM ET,HOU,SD,away,3,,,needs_review_new_player,identity_name_team_map,No reviewed normalized-name/team identity alias; do not auto-guess.
2026-08-07,2026-08-07T14:33:53.319605+00:00,2026-08-07,DraftKings official lineup CSV,https://www.draftkings.com/lineup/getavailableplayerscsv?contestTypeId=9&draftGroupId=151692,151692,9,Selected largest-prize regular Classic MLB draft group after excluding Turbo/Night/qualifier/satellite/showdown/snake/single-stat slates.,OF,Brice Matthews (43773040),Brice Matthews,43773040,OF,2000,HOU@SD 08/07/2026 09:40PM ET,08/07/2026 09:40PM ET,HOU,SD,away,3.99,694728,Brice Matthews,mapped,identity_name_team_map,Stable identity seed from old DK-ID map. Pilot join status: matched via normalized_name_team
2026-08-07,2026-08-07T14:33:53.319605+00:00,2026-08-07,DraftKings official lineup CSV,https://www.draftkings.com/lineup/getavailableplayerscsv?contestTypeId=9&draftGroupId=151692,151692,9,Selected largest-prize regular Classic MLB draft group after excluding Turbo/Night/qualifier/satellite/showdown/snake/single-stat slates.,C,Logan O'Hoppe (43773041),Logan O'Hoppe,43773041,C,2000,BAL@TEX 08/07/2026 08:15PM ET,08/07/2026 08:15PM ET,TEX,BAL,home,4.23,681351,Logan O'Hoppe,needs_review_team_change,identity_name_unique_mlbam,Name maps to one reviewed MLBAM identity but not this DK team; review as team-change/new alias before trusting automation.
2026-08-07,2026-08-07T14:33:53.319605+00:00,2026-08-07,DraftKings official lineup CSV,https://www.draftkings.com/lineup/getavailableplayerscsv?contestTypeId=9&draftGroupId=151692,151692,9,Selected largest-prize regular Classic MLB draft group after excluding Turbo/Night/qualifier/satellite/showdown/snake/single-stat slates.,2B,Adael Amador (43773042),Adael Amador,43773042,2B,2000,COL@STL 08/07/2026 08:15PM ET,08/07/2026 08:15PM ET,COL,STL,away,0,691182,Adael Amador,mapped,identity_name_team_map,Stable identity seed from old DK-ID map. Pilot join status: matched_people_search_name via mlb_people_search_normalized_name
2026-08-07,2026-08-07T14:33:53.319605+00:00,2026-08-07,DraftKings official lineup CSV,https://www.draftkings.com/lineup/getavailableplayerscsv?contestTypeId=9&draftGroupId=151692,151692,9,Selected largest-prize regular Classic MLB draft group after excluding Turbo/Night/qualifier/satellite/showdown/snake/single-stat slates.,OF,Kyler Fedko (43773043),Kyler Fedko,43773043,OF,2000,MIN@MIL 08/07/2026 07:40PM ET,08/07/2026 07:40PM ET,MIN,MIL,away,0.57,,,needs_review_new_player,identity_name_team_map,No reviewed normalized-name/team identity alias; do not auto-guess.
2026-08-07,2026-08-07T14:33:53.319605+00:00,2026-08-07,DraftKings official lineup CSV,https://www.draftkings.com/lineup/getavailableplayerscsv?contestTypeId=9&draftGroupId=151692,151692,9,Selected largest-prize regular Classic MLB draft group after excluding Turbo/Night/qualifier/satellite/showdown/snake/single-stat slates.,1B/OF,Connor Joe (43773044),Connor Joe,43773044,1B/OF,2000,TB@SEA 08/07/2026 09:45PM ET,08/07/2026 09:45PM ET,SEA,TB,home,3.05,,,needs_review_new_player,identity_name_team_map,No reviewed normalized-name/team identity alias; do not auto-guess.
2026-08-07,2026-08-07T14:33:53.319605+00:00,2026-08-07,DraftKings official lineup CSV,https://www.draftkings.com/lineup/getavailableplayerscsv?contestTypeId=9&draftGroupId=151692,151692,9,Selected largest-prize regular Classic MLB draft group after excluding Turbo/Night/qualifier/satellite/showdown/snake/single-stat slates.,OF,Denzel Clarke (43773046),Denzel Clarke,43773046,OF,2000,ATH@BOS 08/07/2026 07:10PM ET,08/07/2026 07:10PM ET,ATH,BOS,away,3.04,672016,Denzel Clarke,mapped,identity_name_team_map,Stable identity seed from old DK-ID map. Pilot join status: matched via normalized_name_team
2026-08-07,2026-08-07T14:33:53.319605+00:00,2026-08-07,DraftKings official lineup CSV,https://www.draftkings.com/lineup/getavailableplayerscsv?contestTypeId=9&draftGroupId=151692,151692,9,Selected largest-prize regular Classic MLB draft group after excluding Turbo/Night/qualifier/satellite/showdown/snake/single-stat slates.,C,Collin Price (43773047),Collin Price,43773047,C,2000,HOU@SD 08/07/2026 09:40PM ET,08/07/2026 09:40PM ET,HOU,SD,away,1.71,805672,Collin Price,mapped,identity_name_team_map,Stable identity seed from old DK-ID map. Pilot join status: matched via normalized_name_team
2026-08-07,2026-08-07T14:33:53.319605+00:00,2026-08-07,DraftKings official lineup CSV,https://www.draftkings.com/lineup/getavailableplayerscsv?contestTypeId=9&draftGroupId=151692,151692,9,Selected largest-prize regular Classic MLB draft group after excluding Turbo/Night/qualifier/satellite/showdown/snake/single-stat slates.,3B,Oswaldo Cabrera (43773048),Oswaldo Cabrera,43773048,3B,2000,ATL@NYY 08/07/2026 07:05PM ET,08/07/2026 07:05PM ET,NYY,ATL,home,0,,,needs_review_new_player,identity_name_team_map,No reviewed normalized-name/team identity alias; do not auto-guess.
2026-08-07,2026-08-07T14:33:53.319605+00:00,2026-08-07,DraftKings official lineup CSV,https://www.draftkings.com/lineup/getavailableplayerscsv?contestTypeId=9&draftGroupId=151692,151692,9,Selected largest-prize regular Classic MLB draft group after excluding Turbo/Night/qualifier/satellite/showdown/snake/single-stat slates.,2B/SS,Mason McCoy (43773049),Mason McCoy,43773049,2B/SS,2000,HOU@SD 08/07/2026 09:40PM ET,08/07/2026 09:40PM ET,SD,HOU,home,0,669200,Mason McCoy,mapped,identity_name_team_map,Stable identity seed from old DK-ID map. Pilot join status: matched_people_search_name via mlb_people_search_normalized_name
2026-08-07,2026-08-07T14:33:53.319605+00:00,2026-08-07,DraftKings official lineup CSV,https://www.draftkings.com/lineup/getavailableplayerscsv?contestTypeId=9&draftGroupId=151692,151692,9,Selected largest-prize regular Classic MLB draft group after excluding Turbo/Night/qualifier/satellite/showdown/snake/single-stat slates.,OF,Bryce Teodosio (43773051),Bryce Teodosio,43773051,OF,2000,LAA@MIA 08/07/2026 07:10PM ET,08/07/2026 07:10PM ET,LAA,MIA,away,2.18,669326,Bryce Teodosio,mapped,identity_name_team_map,Stable identity seed from old DK-ID map. Pilot join status: matched via normalized_name_team
2026-08-07,2026-08-07T14:33:53.319605+00:00,2026-08-07,DraftKings official lineup CSV,https://www.draftkings.com/lineup/getavailableplayerscsv?contestTypeId=9&draftGroupId=151692,151692,9,Selected largest-prize regular Classic MLB draft group after excluding Turbo/Night/qualifier/satellite/showdown/snake/single-stat slates.,OF,Rece Hinds (43773052),Rece Hinds,43773052,OF,2000,BAL@TEX 08/07/2026 08:15PM ET,08/07/2026 08:15PM ET,BAL,TEX,away,2.77,,,needs_review_new_player,identity_name_team_map,No reviewed normalized-name/team identity alias; do not auto-guess.
2026-08-07,2026-08-07T14:33:53.319605+00:00,2026-08-07,DraftKings official lineup CSV,https://www.draftkings.com/lineup/getavailableplayerscsv?contestTypeId=9&draftGroupId=151692,151692,9,Selected largest-prize regular Classic MLB draft group after excluding Turbo/Night/qualifier/satellite/showdown/snake/single-stat slates.,OF,Michael Helman (43773053),Michael Helman,43773053,OF,2000,BAL@TEX 08/07/2026 08:15PM ET,08/07/2026 08:15PM ET,TEX,BAL,home,2.53,680737,Michael Helman,mapped,identity_name_team_map,Stable identity seed from old DK-ID map. Pilot join status: matched via normalized_name_team
2026-08-07,2026-08-07T14:33:53.319605+00:00,2026-08-07,DraftKings official lineup CSV,https://www.draftkings.com/lineup/getavailableplayerscsv?contestTypeId=9&draftGroupId=151692,151692,9,Selected largest-prize regular Classic MLB draft group after excluding Turbo/Night/qualifier/satellite/showdown/snake/single-stat slates.,C,Edgar Quero (43773054),Edgar Quero,43773054,C,2000,CLE@CWS 08/07/2026 07:40PM ET,08/07/2026 07:40PM ET,CWS,CLE,home,3.41,700337,Edgar Quero,mapped,identity_name_team_map,Stable identity seed from old DK-ID map. Pilot join status: matched via normalized_name_team
2026-08-07,2026-08-07T14:33:53.319605+00:00,2026-08-07,DraftKings official lineup CSV,https://www.draftkings.com/lineup/getavailableplayerscsv?contestTypeId=9&draftGroupId=151692,151692,9,Selected largest-prize regular Classic MLB draft group after excluding Turbo/Night/qualifier/satellite/showdown/snake/single-stat slates.,C,J.C. Escarra (43773055),J.C. Escarra,43773055,C,2000,ATL@NYY 08/07/2026 07:05PM ET,08/07/2026 07:05PM ET,NYY,ATL,home,3.28,,,needs_review_new_player,identity_name_team_map,No reviewed normalized-name/team identity alias; do not auto-guess.
2026-08-07,2026-08-07T14:33:53.319605+00:00,2026-08-07,DraftKings official lineup CSV,https://www.draftkings.com/lineup/getavailableplayerscsv?contestTypeId=9&draftGroupId=151692,151692,9,Selected largest-prize regular Classic MLB draft group after excluding Turbo/Night/qualifier/satellite/showdown/snake/single-stat slates.,OF,Junior Perez (43773056),Junior Perez,43773056,OF,2000,CLE@CWS 08/07/2026 07:40PM ET,08/07/2026 07:40PM ET,CWS,CLE,home,2.86,678577,Junior Perez,mapped,identity_name_team_map,Stable identity seed from old DK-ID map. Pilot join status: matched_people_search_name via mlb_people_search_normalized_name
2026-08-07,2026-08-07T14:33:53.319605+00:00,2026-08-07,DraftKings official lineup CSV,https://www.draftkings.com/lineup/getavailableplayerscsv?contestTypeId=9&draftGroupId=151692,151692,9,Selected largest-prize regular Classic MLB draft group after excluding Turbo/Night/qualifier/satellite/showdown/snake/single-stat slates.,2B,Will Wagner (43773057),Will Wagner,43773057,2B,2000,HOU@SD 08/07/2026 09:40PM ET,08/07/2026 09:40PM ET,SD,HOU,home,3.69,695238,Will Wagner,mapped,identity_name_team_map,Stable identity seed from old DK-ID map. Pilot join status: matched_people_search_name via mlb_people_search_normalized_name
2026-08-07,2026-08-07T14:33:53.319605+00:00,2026-08-07,DraftKings official lineup CSV,https://www.draftkings.com/lineup/getavailableplayerscsv?contestTypeId=9&draftGroupId=151692,151692,9,Selected largest-prize regular Classic MLB draft group after excluding Turbo/Night/qualifier/satellite/showdown/snake/single-stat slates.,2B/3B,Pablo Reyes (43773058),Pablo Reyes,43773058,2B/3B,2000,LAA@MIA 08/07/2026 07:10PM ET,08/07/2026 07:10PM ET,LAA,MIA,away,0,,,needs_review_new_player,identity_name_team_map,No reviewed normalized-name/team identity alias; do not auto-guess.
2026-08-07,2026-08-07T14:33:53.319605+00:00,2026-08-07,DraftKings official lineup CSV,https://www.draftkings.com/lineup/getavailableplayerscsv?contestTypeId=9&draftGroupId=151692,151692,9,Selected largest-prize regular Classic MLB draft group after excluding Turbo/Night/qualifier/satellite/showdown/snake/single-stat slates.,2B/SS,Carson Williams (43773060),Carson Williams,43773060,2B/SS,2000,TB@SEA 08/07/2026 09:45PM ET,08/07/2026 09:45PM ET,TB,SEA,away,2.75,,,needs_review_new_player,identity_name_team_map,No reviewed normalized-name/team identity alias; do not auto-guess.
2026-08-07,2026-08-07T14:33:53.319605+00:00,2026-08-07,DraftKings official lineup CSV,https://www.draftkings.com/lineup/getavailableplayerscsv?contestTypeId=9&draftGroupId=151692,151692,9,Selected largest-prize regular Classic MLB draft group after excluding Turbo/Night/qualifier/satellite/showdown/snake/single-stat slates.,3B/OF,Tanner Murray (43773062),Tanner Murray,43773062,3B/OF,2000,CLE@CWS 08/07/2026 07:40PM ET,08/07/2026 07:40PM ET,CWS,CLE,home,3.15,695020,Tanner Murray,mapped,identity_name_team_map,Stable identity seed from old DK-ID map. Pilot join status: matched via normalized_name_team
2026-08-07,2026-08-07T14:33:53.319605+00:00,2026-08-07,DraftKings official lineup CSV,https://www.draftkings.com/lineup/getavailableplayerscsv?contestTypeId=9&draftGroupId=151692,151692,9,Selected largest-prize regular Classic MLB draft group after excluding Turbo/Night/qualifier/satellite/showdown/snake/single-stat slates.,OF,DaShawn Keirsey Jr. (43773064),DaShawn Keirsey Jr.,43773064,OF,2000,ATL@NYY 08/07/2026 07:05PM ET,08/07/2026 07:05PM ET,ATL,NYY,away,0,680577,DaShawn Keirsey Jr.,mapped,identity_name_team_map,Stable identity seed from old DK-ID map. Pilot join status: matched_people_search_name via mlb_people_search_normalized_name
2026-08-07,2026-08-07T14:33:53.319605+00:00,2026-08-07,DraftKings official lineup CSV,https://www.draftkings.com/lineup/getavailableplayerscsv?contestTypeId=9&draftGroupId=151692,151692,9,Selected largest-prize regular Classic MLB draft group after excluding Turbo/Night/qualifier/satellite/showdown/snake/single-stat slates.,OF,Rikuu Nishida (43773065),Rikuu Nishida,43773065,OF,2000,CLE@CWS 08/07/2026 07:40PM ET,08/07/2026 07:40PM ET,CWS,CLE,home,2.58,807747,Rikuu Nishida,mapped,identity_name_team_map,Stable identity seed from old DK-ID map. Pilot join status: matched via normalized_name_team
2026-08-07,2026-08-07T14:33:53.319605+00:00,2026-08-07,DraftKings official lineup CSV,https://www.draftkings.com/lineup/getavailableplayerscsv?contestTypeId=9&draftGroupId=151692,151692,9,Selected largest-prize regular Classic MLB draft group after excluding Turbo/Night/qualifier/satellite/showdown/snake/single-stat slates.,1B,Deyvison De Los Santos (43773066),Deyvison De Los Santos,43773066,1B,2000,LAA@MIA 08/07/2026 07:10PM ET,08/07/2026 07:10PM ET,MIA,LAA,home,2.67,691277,Deyvison De Los Santos,mapped,identity_name_team_map,Proposed from review candidates; basis=exact normalized name + team; role-compatible; statcast_batter_des_2026; confidence=high; sources=statcast_batter_des_2026
2026-08-07,2026-08-07T14:33:53.319605+00:00,2026-08-07,DraftKings official lineup CSV,https://www.draftkings.com/lineup/getavailableplayerscsv?contestTypeId=9&draftGroupId=151692,151692,9,Selected largest-prize regular Classic MLB draft group after excluding Turbo/Night/qualifier/satellite/showdown/snake/single-stat slates.,OF,Matthew Lugo (43773067),Matthew Lugo,43773067,OF,2000,CHC@KC 08/07/2026 08:10PM ET,08/07/2026 08:10PM ET,KC,CHC,home,0,683090,Matthew Lugo,mapped,identity_name_team_map,Stable identity seed from old DK-ID map. Pilot join status: matched_people_search_name via mlb_people_search_normalized_name
2026-08-07,2026-08-07T14:33:53.319605+00:00,2026-08-07,DraftKings official lineup CSV,https://www.draftkings.com/lineup/getavailableplayerscsv?contestTypeId=9&draftGroupId=151692,151692,9,Selected largest-prize regular Classic MLB draft group after excluding Turbo/Night/qualifier/satellite/showdown/snake/single-stat slates.,C,Chadwick Tromp (43773068),Chadwick Tromp,43773068,C,2000,BAL@TEX 08/07/2026 08:15PM ET,08/07/2026 08:15PM ET,BAL,TEX,away,1.81,,,needs_review_new_player,identity_name_team_map,No reviewed normalized-name/team identity alias; do not auto-guess.
2026-08-07,2026-08-07T14:33:53.319605+00:00,2026-08-07,DraftKings official lineup CSV,https://www.draftkings.com/lineup/getavailableplayerscsv?contestTypeId=9&draftGroupId=151692,151692,9,Selected largest-prize regular Classic MLB draft group after excluding Turbo/Night/qualifier/satellite/showdown/snake/single-stat slates.,1B,Ryan Mountcastle (43773069),Ryan Mountcastle,43773069,1B,2000,BAL@TEX 08/07/2026 08:15PM ET,08/07/2026 08:15PM ET,BAL,TEX,away,2.25,,,needs_review_new_player,identity_name_team_map,No reviewed normalized-name/team identity alias; do not auto-guess.
2026-08-07,2026-08-07T14:33:53.319605+00:00,2026-08-07,DraftKings official lineup CSV,https://www.draftkings.com/lineup/getavailableplayerscsv?contestTypeId=9&draftGroupId=151692,151692,9,Selected largest-prize regular Classic MLB draft group after excluding Turbo/Night/qualifier/satellite/showdown/snake/single-stat slates.,2B,Ryan Ritter (43773070),Ryan Ritter,43773070,2B,2000,COL@STL 08/07/2026 08:15PM ET,08/07/2026 08:15PM ET,COL,STL,away,0.83,690022,Ryan Ritter,mapped,identity_name_team_map,Stable identity seed from old DK-ID map. Pilot join status: matched via normalized_name_team
2026-08-07,2026-08-07T14:33:53.319605+00:00,2026-08-07,DraftKings official lineup CSV,https://www.draftkings.com/lineup/getavailableplayerscsv?contestTypeId=9&draftGroupId=151692,151692,9,Selected largest-prize regular Classic MLB draft group after excluding Turbo/Night/qualifier/satellite/showdown/snake/single-stat slates.,2B/3B,Raynel Delgado (43773071),Raynel Delgado,43773071,2B/3B,2000,HOU@SD 08/07/2026 09:40PM ET,08/07/2026 09:40PM ET,HOU,SD,away,3.18,,,needs_review_new_player,identity_name_team_map,No reviewed normalized-name/team identity alias; do not auto-guess.
2026-08-07,2026-08-07T14:33:53.319605+00:00,2026-08-07,DraftKings official lineup CSV,https://www.draftkings.com/lineup/getavailableplayerscsv?contestTypeId=9&draftGroupId=151692,151692,9,Selected largest-prize regular Classic MLB draft group after excluding Turbo/Night/qualifier/satellite/showdown/snake/single-stat slates.,OF,Kevin Alcantara (43773073),Kevin Alcantara,43773073,OF,2000,CHC@KC 08/07/2026 08:10PM ET,08/07/2026 08:10PM ET,CHC,KC,away,2.2,682634,Kevin Alcántara,mapped,identity_name_team_map,Stable identity seed from old DK-ID map. Pilot join status: matched via normalized_name_team
2026-08-07,2026-08-07T14:33:53.319605+00:00,2026-08-07,DraftKings official lineup CSV,https://www.draftkings.com/lineup/getavailableplayerscsv?contestTypeId=9&draftGroupId=151692,151692,9,Selected largest-prize regular Classic MLB draft group after excluding Turbo/Night/qualifier/satellite/showdown/snake/single-stat slates.,C,Rodolfo Duran (43773074),Rodolfo Duran,43773074,C,2000,HOU@SD 08/07/2026 09:40PM ET,08/07/2026 09:40PM ET,SD,HOU,home,2.9,660710,Rodolfo Durán,mapped,identity_name_team_map,Stable identity seed from old DK-ID map. Pilot join status: matched via normalized_name_team
2026-08-07,2026-08-07T14:33:53.319605+00:00,2026-08-07,DraftKings official lineup CSV,https://www.draftkings.com/lineup/getavailableplayerscsv?contestTypeId=9&draftGroupId=151692,151692,9,Selected largest-prize regular Classic MLB draft group after excluding Turbo/Night/qualifier/satellite/showdown/snake/single-stat slates.,C,Blake Hunt (43773075),Blake Hunt,43773075,C,2000,HOU@SD 08/07/2026 09:40PM ET,08/07/2026 09:40PM ET,SD,HOU,home,0,,,needs_review_new_player,identity_name_team_map,No reviewed normalized-name/team identity alias; do not auto-guess.
2026-08-07,2026-08-07T14:33:53.319605+00:00,2026-08-07,DraftKings official lineup CSV,https://www.draftkings.com/lineup/getavailableplayerscsv?contestTypeId=9&draftGroupId=151692,151692,9,Selected largest-prize regular Classic MLB draft group after excluding Turbo/Night/qualifier/satellite/showdown/snake/single-stat slates.,OF,Justin Dean (43773076),Justin Dean,43773076,OF,2000,CHC@KC 08/07/2026 08:10PM ET,08/07/2026 08:10PM ET,CHC,KC,away,2.06,681909,Justin Dean,mapped,identity_name_team_map,Stable identity seed from old DK-ID map. Pilot join status: matched_people_search_name via mlb_people_search_normalized_name
2026-08-07,2026-08-07T14:33:53.319605+00:00,2026-08-07,DraftKings official lineup CSV,https://www.draftkings.com/lineup/getavailableplayerscsv?contestTypeId=9&draftGroupId=151692,151692,9,Selected largest-prize regular Classic MLB draft group after excluding Turbo/Night/qualifier/satellite/showdown/snake/single-stat slates.,3B,Jace Jung (43773077),Jace Jung,43773077,3B,2000,DET@SF 08/07/2026 10:15PM ET,08/07/2026 10:15PM ET,DET,SF,away,3,690291,Jace Jung,mapped,identity_name_team_map,Proposed from review candidates; basis=exact normalized name + team; role-compatible; statcast_batter_des_2026; confidence=high; sources=statcast_batter_des_2026
2026-08-07,2026-08-07T14:33:53.319605+00:00,2026-08-07,DraftKings official lineup CSV,https://www.draftkings.com/lineup/getavailableplayerscsv?contestTypeId=9&draftGroupId=151692,151692,9,Selected largest-prize regular Classic MLB draft group after excluding Turbo/Night/qualifier/satellite/showdown/snake/single-stat slates.,OF,Trei Cruz (43773078),Trei Cruz,43773078,OF,2000,DET@SF 08/07/2026 10:15PM ET,08/07/2026 10:15PM ET,DET,SF,away,0,669360,Trei Cruz,mapped,identity_name_team_map,Proposed from review candidates; basis=exact normalized name + team; role-compatible; statcast_batter_des_2026; confidence=high; sources=statcast_batter_des_2026
2026-08-07,2026-08-07T14:33:53.319605+00:00,2026-08-07,DraftKings official lineup CSV,https://www.draftkings.com/lineup/getavailableplayerscsv?contestTypeId=9&draftGroupId=151692,151692,9,Selected largest-prize regular Classic MLB draft group after excluding Turbo/Night/qualifier/satellite/showdown/snake/single-stat slates.,3B/SS,Oliver Dunn (43773079),Oliver Dunn,43773079,3B/SS,2000,TB@SEA 08/07/2026 09:45PM ET,08/07/2026 09:45PM ET,TB,SEA,away,1.67,,,needs_review_new_player,identity_name_team_map,No reviewed normalized-name/team identity alias; do not auto-guess.
2026-08-07,2026-08-07T14:33:53.319605+00:00,2026-08-07,DraftKings official lineup CSV,https://www.draftkings.com/lineup/getavailableplayerscsv?contestTypeId=9&draftGroupId=151692,151692,9,Selected largest-prize regular Classic MLB draft group after excluding Turbo/Night/qualifier/satellite/showdown/snake/single-stat slates.,2B,Cody Freeman (43773081),Cody Freeman,43773081,2B,2000,BAL@TEX 08/07/2026 08:15PM ET,08/07/2026 08:15PM ET,TEX,BAL,home,2.29,683227,Cody Freeman,mapped,identity_name_team_map,Stable identity seed from old DK-ID map. Pilot join status: matched via normalized_name_team
