captureDate,capturedAtUtc,slateDate,source,sourceUrl,draftGroupId,contestTypeId,selectionReason,position,namePlusId,dkName,dkPlayerId,rosterPosition,salary,gameInfo,gameDateTimeEt,teamAbbrev,opponent,homeAway,avgPointsPerGame,mlbamId,mlbName,joinStatus,joinMethod,joinNote
2026-09-16,2026-09-16T17:42:43.324112+00:00,2026-09-16,DraftKings official lineup CSV,https://www.draftkings.com/lineup/getavailableplayerscsv?contestTypeId=9&draftGroupId=153590,153590,9,Selected largest-prize regular Classic MLB draft group after excluding Turbo/Night/qualifier/satellite/showdown/snake/single-stat slates.,SP,Chris Sale (44153118),Chris Sale,44153118,P,10700,ATL@CHC 09/16/2026 07:40PM ET,09/16/2026 07:40PM ET,ATL,CHC,away,23.7,519242,Chris Sale,mapped,identity_name_team_map,Stable identity seed from old DK-ID map. Pilot join status: matched via normalized_name_team
2026-09-16,2026-09-16T17:42:43.324112+00:00,2026-09-16,DraftKings official lineup CSV,https://www.draftkings.com/lineup/getavailableplayerscsv?contestTypeId=9&draftGroupId=153590,153590,9,Selected largest-prize regular Classic MLB draft group after excluding Turbo/Night/qualifier/satellite/showdown/snake/single-stat slates.,SP,Jacob deGrom (44152771),Jacob deGrom,44152771,P,9800,BOS@TEX 09/16/2026 08:05PM ET,09/16/2026 08:05PM ET,TEX,BOS,home,19,594798,Jacob deGrom,mapped,identity_name_team_map,Stable identity seed from old DK-ID map. Pilot join status: matched via normalized_name_team
2026-09-16,2026-09-16T17:42:43.324112+00:00,2026-09-16,DraftKings official lineup CSV,https://www.draftkings.com/lineup/getavailableplayerscsv?contestTypeId=9&draftGroupId=153590,153590,9,Selected largest-prize regular Classic MLB draft group after excluding Turbo/Night/qualifier/satellite/showdown/snake/single-stat slates.,SP,Payton Tolle (44153119),Payton Tolle,44153119,P,9800,BOS@TEX 09/16/2026 08:05PM ET,09/16/2026 08:05PM ET,BOS,TEX,away,19.8,,,needs_review_new_player,identity_name_team_map,No reviewed normalized-name/team identity alias; do not auto-guess.
2026-09-16,2026-09-16T17:42:43.324112+00:00,2026-09-16,DraftKings official lineup CSV,https://www.draftkings.com/lineup/getavailableplayerscsv?contestTypeId=9&draftGroupId=153590,153590,9,Selected largest-prize regular Classic MLB draft group after excluding Turbo/Night/qualifier/satellite/showdown/snake/single-stat slates.,SP,Reid Detmers (44153120),Reid Detmers,44153120,P,9600,SEA@LAA 09/16/2026 09:38PM ET,09/16/2026 09:38PM ET,LAA,SEA,home,19,672282,Reid Detmers,mapped,identity_name_team_map,Stable identity seed from old DK-ID map. Pilot join status: matched via normalized_name_team
2026-09-16,2026-09-16T17:42:43.324112+00:00,2026-09-16,DraftKings official lineup CSV,https://www.draftkings.com/lineup/getavailableplayerscsv?contestTypeId=9&draftGroupId=153590,153590,9,Selected largest-prize regular Classic MLB draft group after excluding Turbo/Night/qualifier/satellite/showdown/snake/single-stat slates.,SP,Nolan McLean (44153121),Nolan McLean,44153121,P,9300,BAL@NYM 09/16/2026 07:10PM ET,09/16/2026 07:10PM ET,NYM,BAL,home,18.6,690997,Nolan McLean,mapped,identity_name_team_map,Stable identity seed from old DK-ID map. Pilot join status: matched via normalized_name_team
2026-09-16,2026-09-16T17:42:43.324112+00:00,2026-09-16,DraftKings official lineup CSV,https://www.draftkings.com/lineup/getavailableplayerscsv?contestTypeId=9&draftGroupId=153590,153590,9,Selected largest-prize regular Classic MLB draft group after excluding Turbo/Night/qualifier/satellite/showdown/snake/single-stat slates.,SP,Max Meyer (44153122),Max Meyer,44153122,P,9200,MIA@ARI 09/16/2026 09:40PM ET,09/16/2026 09:40PM ET,MIA,ARI,away,19.1,676974,Max Meyer,mapped,identity_name_team_map,Proposed from review candidates; basis=exact normalized name + team; role-compatible; hot-dog-stand-latest.json|statcast_pitcher_2026; confidence=high; sources=hot-dog-stand-latest.json|statcast_pitcher_2026
2026-09-16,2026-09-16T17:42:43.324112+00:00,2026-09-16,DraftKings official lineup CSV,https://www.draftkings.com/lineup/getavailableplayerscsv?contestTypeId=9&draftGroupId=153590,153590,9,Selected largest-prize regular Classic MLB draft group after excluding Turbo/Night/qualifier/satellite/showdown/snake/single-stat slates.,SP,George Kirby (44152772),George Kirby,44152772,P,9000,SEA@LAA 09/16/2026 09:38PM ET,09/16/2026 09:38PM ET,SEA,LAA,away,14.1,,,needs_review_new_player,identity_name_team_map,No reviewed normalized-name/team identity alias; do not auto-guess.
2026-09-16,2026-09-16T17:42:43.324112+00:00,2026-09-16,DraftKings official lineup CSV,https://www.draftkings.com/lineup/getavailableplayerscsv?contestTypeId=9&draftGroupId=153590,153590,9,Selected largest-prize regular Classic MLB draft group after excluding Turbo/Night/qualifier/satellite/showdown/snake/single-stat slates.,SP,Logan Gilbert (44153123),Logan Gilbert,44153123,P,9000,SEA@LAA 09/16/2026 09:38PM ET,09/16/2026 09:38PM ET,SEA,LAA,away,19.1,,,needs_review_new_player,identity_name_team_map,No reviewed normalized-name/team identity alias; do not auto-guess.
2026-09-16,2026-09-16T17:42:43.324112+00:00,2026-09-16,DraftKings official lineup CSV,https://www.draftkings.com/lineup/getavailableplayerscsv?contestTypeId=9&draftGroupId=153590,153590,9,Selected largest-prize regular Classic MLB draft group after excluding Turbo/Night/qualifier/satellite/showdown/snake/single-stat slates.,SP,Hunter Brown (44153124),Hunter Brown,44153124,P,9000,KC@HOU 09/16/2026 08:10PM ET,09/16/2026 08:10PM ET,HOU,KC,home,17.3,686613,Hunter Brown,mapped,identity_name_team_map,Stable identity seed from old DK-ID map. Pilot join status: matched via normalized_name_team
2026-09-16,2026-09-16T17:42:43.324112+00:00,2026-09-16,DraftKings official lineup CSV,https://www.draftkings.com/lineup/getavailableplayerscsv?contestTypeId=9&draftGroupId=153590,153590,9,Selected largest-prize regular Classic MLB draft group after excluding Turbo/Night/qualifier/satellite/showdown/snake/single-stat slates.,SP,Michael Wacha (44153125),Michael Wacha,44153125,P,9000,KC@HOU 09/16/2026 08:10PM ET,09/16/2026 08:10PM ET,KC,HOU,away,16.3,608379,Michael Wacha,mapped,identity_name_team_map,Stable identity seed from old DK-ID map. Pilot join status: matched via normalized_name_team
2026-09-16,2026-09-16T17:42:43.324112+00:00,2026-09-16,DraftKings official lineup CSV,https://www.draftkings.com/lineup/getavailableplayerscsv?contestTypeId=9&draftGroupId=153590,153590,9,Selected largest-prize regular Classic MLB draft group after excluding Turbo/Night/qualifier/satellite/showdown/snake/single-stat slates.,SP,Shota Imanaga (44152773),Shota Imanaga,44152773,P,8800,ATL@CHC 09/16/2026 07:40PM ET,09/16/2026 07:40PM ET,CHC,ATL,home,15.9,684007,Shota Imanaga,mapped,identity_name_team_map,Stable identity seed from old DK-ID map. Pilot join status: matched via normalized_name_team
2026-09-16,2026-09-16T17:42:43.324112+00:00,2026-09-16,DraftKings official lineup CSV,https://www.draftkings.com/lineup/getavailableplayerscsv?contestTypeId=9&draftGroupId=153590,153590,9,Selected largest-prize regular Classic MLB draft group after excluding Turbo/Night/qualifier/satellite/showdown/snake/single-stat slates.,SP,Garrett Crochet (44153126),Garrett Crochet,44153126,P,8800,BOS@TEX 09/16/2026 08:05PM ET,09/16/2026 08:05PM ET,BOS,TEX,away,13.8,,,needs_review_new_player,identity_name_team_map,No reviewed normalized-name/team identity alias; do not auto-guess.
2026-09-16,2026-09-16T17:42:43.324112+00:00,2026-09-16,DraftKings official lineup CSV,https://www.draftkings.com/lineup/getavailableplayerscsv?contestTypeId=9&draftGroupId=153590,153590,9,Selected largest-prize regular Classic MLB draft group after excluding Turbo/Night/qualifier/satellite/showdown/snake/single-stat slates.,RP,Ben Brown (44153127),Ben Brown,44153127,P,8800,ATL@CHC 09/16/2026 07:40PM ET,09/16/2026 07:40PM ET,CHC,ATL,home,11.6,676962,Ben Brown,mapped,identity_name_team_map,Stable identity seed from old DK-ID map. Pilot join status: matched via normalized_name_team
2026-09-16,2026-09-16T17:42:43.324112+00:00,2026-09-16,DraftKings official lineup CSV,https://www.draftkings.com/lineup/getavailableplayerscsv?contestTypeId=9&draftGroupId=153590,153590,9,Selected largest-prize regular Classic MLB draft group after excluding Turbo/Night/qualifier/satellite/showdown/snake/single-stat slates.,SP,Sonny Gray (44153128),Sonny Gray,44153128,P,8800,BOS@TEX 09/16/2026 08:05PM ET,09/16/2026 08:05PM ET,BOS,TEX,away,18.2,,,needs_review_new_player,identity_name_team_map,No reviewed normalized-name/team identity alias; do not auto-guess.
2026-09-16,2026-09-16T17:42:43.324112+00:00,2026-09-16,DraftKings official lineup CSV,https://www.draftkings.com/lineup/getavailableplayerscsv?contestTypeId=9&draftGroupId=153590,153590,9,Selected largest-prize regular Classic MLB draft group after excluding Turbo/Night/qualifier/satellite/showdown/snake/single-stat slates.,SP,Kevin Gausman (44153129),Kevin Gausman,44153129,P,8800,ATL@CHC 09/16/2026 07:40PM ET,09/16/2026 07:40PM ET,CHC,ATL,home,15.1,592332,Kevin Gausman,needs_review_team_change,identity_name_unique_mlbam,Name maps to one reviewed MLBAM identity but not this DK team; review as team-change/new alias before trusting automation.
2026-09-16,2026-09-16T17:42:43.324112+00:00,2026-09-16,DraftKings official lineup CSV,https://www.draftkings.com/lineup/getavailableplayerscsv?contestTypeId=9&draftGroupId=153590,153590,9,Selected largest-prize regular Classic MLB draft group after excluding Turbo/Night/qualifier/satellite/showdown/snake/single-stat slates.,SP,Nathan Eovaldi (44153130),Nathan Eovaldi,44153130,P,8800,BOS@TEX 09/16/2026 08:05PM ET,09/16/2026 08:05PM ET,TEX,BOS,home,17.1,543135,Nathan Eovaldi,mapped,identity_name_team_map,Stable identity seed from old DK-ID map. Pilot join status: matched via normalized_name_team
2026-09-16,2026-09-16T17:42:43.324112+00:00,2026-09-16,DraftKings official lineup CSV,https://www.draftkings.com/lineup/getavailableplayerscsv?contestTypeId=9&draftGroupId=153590,153590,9,Selected largest-prize regular Classic MLB draft group after excluding Turbo/Night/qualifier/satellite/showdown/snake/single-stat slates.,SP,Spencer Schwellenbach (44153131),Spencer Schwellenbach,44153131,P,8700,ATL@CHC 09/16/2026 07:40PM ET,09/16/2026 07:40PM ET,ATL,CHC,away,0,680885,Spencer Schwellenbach,mapped,identity_name_team_map,Stable identity seed from old DK-ID map. Pilot join status: matched_people_search_name via mlb_people_search_normalized_name
2026-09-16,2026-09-16T17:42:43.324112+00:00,2026-09-16,DraftKings official lineup CSV,https://www.draftkings.com/lineup/getavailableplayerscsv?contestTypeId=9&draftGroupId=153590,153590,9,Selected largest-prize regular Classic MLB draft group after excluding Turbo/Night/qualifier/satellite/showdown/snake/single-stat slates.,RP,Walbert Urena (44153132),Walbert Urena,44153132,P,8600,SEA@LAA 09/16/2026 09:38PM ET,09/16/2026 09:38PM ET,LAA,SEA,home,15.4,700712,Walbert Ureña,mapped,identity_name_team_map,Stable identity seed from old DK-ID map. Pilot join status: matched via normalized_name_team
2026-09-16,2026-09-16T17:42:43.324112+00:00,2026-09-16,DraftKings official lineup CSV,https://www.draftkings.com/lineup/getavailableplayerscsv?contestTypeId=9&draftGroupId=153590,153590,9,Selected largest-prize regular Classic MLB draft group after excluding Turbo/Night/qualifier/satellite/showdown/snake/single-stat slates.,SP,Trevor Rogers (44153133),Trevor Rogers,44153133,P,8500,BAL@NYM 09/16/2026 07:10PM ET,09/16/2026 07:10PM ET,BAL,NYM,away,14.8,,,needs_review_new_player,identity_name_team_map,No reviewed normalized-name/team identity alias; do not auto-guess.
2026-09-16,2026-09-16T17:42:43.324112+00:00,2026-09-16,DraftKings official lineup CSV,https://www.draftkings.com/lineup/getavailableplayerscsv?contestTypeId=9&draftGroupId=153590,153590,9,Selected largest-prize regular Classic MLB draft group after excluding Turbo/Night/qualifier/satellite/showdown/snake/single-stat slates.,SP,Shane Baz (44153134),Shane Baz,44153134,P,8500,BAL@NYM 09/16/2026 07:10PM ET,09/16/2026 07:10PM ET,BAL,NYM,away,14.1,,,needs_review_new_player,identity_name_team_map,No reviewed normalized-name/team identity alias; do not auto-guess.
2026-09-16,2026-09-16T17:42:43.324112+00:00,2026-09-16,DraftKings official lineup CSV,https://www.draftkings.com/lineup/getavailableplayerscsv?contestTypeId=9&draftGroupId=153590,153590,9,Selected largest-prize regular Classic MLB draft group after excluding Turbo/Night/qualifier/satellite/showdown/snake/single-stat slates.,SP,Eduardo Rodriguez (44153135),Eduardo Rodriguez,44153135,P,8400,MIA@ARI 09/16/2026 09:40PM ET,09/16/2026 09:40PM ET,ARI,MIA,home,16.5,,,needs_review_new_player,identity_name_team_map,No reviewed normalized-name/team identity alias; do not auto-guess.
2026-09-16,2026-09-16T17:42:43.324112+00:00,2026-09-16,DraftKings official lineup CSV,https://www.draftkings.com/lineup/getavailableplayerscsv?contestTypeId=9&draftGroupId=153590,153590,9,Selected largest-prize regular Classic MLB draft group after excluding Turbo/Night/qualifier/satellite/showdown/snake/single-stat slates.,SP,Jake Bennett (44152774),Jake Bennett,44152774,P,8300,BOS@TEX 09/16/2026 08:05PM ET,09/16/2026 08:05PM ET,BOS,TEX,away,15.7,,,needs_review_new_player,identity_name_team_map,No reviewed normalized-name/team identity alias; do not auto-guess.
2026-09-16,2026-09-16T17:42:43.324112+00:00,2026-09-16,DraftKings official lineup CSV,https://www.draftkings.com/lineup/getavailableplayerscsv?contestTypeId=9&draftGroupId=153590,153590,9,Selected largest-prize regular Classic MLB draft group after excluding Turbo/Night/qualifier/satellite/showdown/snake/single-stat slates.,SP,Jonah Tong (44153136),Jonah Tong,44153136,P,8300,BAL@NYM 09/16/2026 07:10PM ET,09/16/2026 07:10PM ET,NYM,BAL,home,12.7,804636,Jonah Tong,mapped,identity_name_team_map,Stable identity seed from old DK-ID map. Pilot join status: matched via normalized_name_team
2026-09-16,2026-09-16T17:42:43.324112+00:00,2026-09-16,DraftKings official lineup CSV,https://www.draftkings.com/lineup/getavailableplayerscsv?contestTypeId=9&draftGroupId=153590,153590,9,Selected largest-prize regular Classic MLB draft group after excluding Turbo/Night/qualifier/satellite/showdown/snake/single-stat slates.,RP,Cal Quantrill (44153137),Cal Quantrill,44153137,P,8300,BOS@TEX 09/16/2026 08:05PM ET,09/16/2026 08:05PM ET,TEX,BOS,home,9.7,615698,Cal Quantrill,mapped,identity_name_team_map,Stable identity seed from old DK-ID map. Pilot join status: matched via normalized_name_team
2026-09-16,2026-09-16T17:42:43.324112+00:00,2026-09-16,DraftKings official lineup CSV,https://www.draftkings.com/lineup/getavailableplayerscsv?contestTypeId=9&draftGroupId=153590,153590,9,Selected largest-prize regular Classic MLB draft group after excluding Turbo/Night/qualifier/satellite/showdown/snake/single-stat slates.,SP,Ranger Suarez (44153138),Ranger Suarez,44153138,P,8300,BOS@TEX 09/16/2026 08:05PM ET,09/16/2026 08:05PM ET,BOS,TEX,away,15.1,,,needs_review_new_player,identity_name_team_map,No reviewed normalized-name/team identity alias; do not auto-guess.
2026-09-16,2026-09-16T17:42:43.324112+00:00,2026-09-16,DraftKings official lineup CSV,https://www.draftkings.com/lineup/getavailableplayerscsv?contestTypeId=9&draftGroupId=153590,153590,9,Selected largest-prize regular Classic MLB draft group after excluding Turbo/Night/qualifier/satellite/showdown/snake/single-stat slates.,RP,Spencer Strider (44153139),Spencer Strider,44153139,P,8200,ATL@CHC 09/16/2026 07:40PM ET,09/16/2026 07:40PM ET,ATL,CHC,away,14.7,675911,Spencer Strider,mapped,identity_name_team_map,Stable identity seed from old DK-ID map. Pilot join status: matched via normalized_name_team
2026-09-16,2026-09-16T17:42:43.324112+00:00,2026-09-16,DraftKings official lineup CSV,https://www.draftkings.com/lineup/getavailableplayerscsv?contestTypeId=9&draftGroupId=153590,153590,9,Selected largest-prize regular Classic MLB draft group after excluding Turbo/Night/qualifier/satellite/showdown/snake/single-stat slates.,SP,Eury Perez (44153140),Eury Perez,44153140,P,8200,MIA@ARI 09/16/2026 09:40PM ET,09/16/2026 09:40PM ET,MIA,ARI,away,15.6,691587,Eury Pérez,mapped,identity_name_team_map,Proposed from review candidates; basis=exact normalized name + team; role-compatible; hot-dog-stand-latest.json|statcast_pitcher_2026; confidence=high; sources=hot-dog-stand-latest.json|statcast_pitcher_2026
2026-09-16,2026-09-16T17:42:43.324112+00:00,2026-09-16,DraftKings official lineup CSV,https://www.draftkings.com/lineup/getavailableplayerscsv?contestTypeId=9&draftGroupId=153590,153590,9,Selected largest-prize regular Classic MLB draft group after excluding Turbo/Night/qualifier/satellite/showdown/snake/single-stat slates.,SP,Sandy Alcantara (44153141),Sandy Alcantara,44153141,P,8200,MIA@ARI 09/16/2026 09:40PM ET,09/16/2026 09:40PM ET,MIA,ARI,away,15,645261,Sandy Alcantara,mapped,identity_name_team_map,Proposed from review candidates; basis=exact normalized name + team; role-compatible; hot-dog-stand-latest.json|statcast_pitcher_2026; confidence=high; sources=hot-dog-stand-latest.json|statcast_pitcher_2026
2026-09-16,2026-09-16T17:42:43.324112+00:00,2026-09-16,DraftKings official lineup CSV,https://www.draftkings.com/lineup/getavailableplayerscsv?contestTypeId=9&draftGroupId=153590,153590,9,Selected largest-prize regular Classic MLB draft group after excluding Turbo/Night/qualifier/satellite/showdown/snake/single-stat slates.,SP,Robbie Ray (44152775),Robbie Ray,44152775,P,8000,SD@COL 09/16/2026 08:40PM ET,09/16/2026 08:40PM ET,SD,COL,away,14.2,592662,Robbie Ray,needs_review_team_change,identity_name_unique_mlbam,Name maps to one reviewed MLBAM identity but not this DK team; review as team-change/new alias before trusting automation.
2026-09-16,2026-09-16T17:42:43.324112+00:00,2026-09-16,DraftKings official lineup CSV,https://www.draftkings.com/lineup/getavailableplayerscsv?contestTypeId=9&draftGroupId=153590,153590,9,Selected largest-prize regular Classic MLB draft group after excluding Turbo/Night/qualifier/satellite/showdown/snake/single-stat slates.,SP,Cole Ragans (44153142),Cole Ragans,44153142,P,8000,KC@HOU 09/16/2026 08:10PM ET,09/16/2026 08:10PM ET,KC,HOU,away,13.2,666142,Cole Ragans,mapped,identity_name_team_map,Stable identity seed from old DK-ID map. Pilot join status: matched via normalized_name_team
2026-09-16,2026-09-16T17:42:43.324112+00:00,2026-09-16,DraftKings official lineup CSV,https://www.draftkings.com/lineup/getavailableplayerscsv?contestTypeId=9&draftGroupId=153590,153590,9,Selected largest-prize regular Classic MLB draft group after excluding Turbo/Night/qualifier/satellite/showdown/snake/single-stat slates.,RP,Hayden Wesneski (44153143),Hayden Wesneski,44153143,P,8000,KC@HOU 09/16/2026 08:10PM ET,09/16/2026 08:10PM ET,HOU,KC,home,14.6,669713,Hayden Wesneski,mapped,identity_name_team_map,Stable identity seed from old DK-ID map. Pilot join status: matched_people_search_name via mlb_people_search_normalized_name
2026-09-16,2026-09-16T17:42:43.324112+00:00,2026-09-16,DraftKings official lineup CSV,https://www.draftkings.com/lineup/getavailableplayerscsv?contestTypeId=9&draftGroupId=153590,153590,9,Selected largest-prize regular Classic MLB draft group after excluding Turbo/Night/qualifier/satellite/showdown/snake/single-stat slates.,SP,Bryan Woo (44153144),Bryan Woo,44153144,P,8000,SEA@LAA 09/16/2026 09:38PM ET,09/16/2026 09:38PM ET,SEA,LAA,away,17.6,,,needs_review_new_player,identity_name_team_map,No reviewed normalized-name/team identity alias; do not auto-guess.
2026-09-16,2026-09-16T17:42:43.324112+00:00,2026-09-16,DraftKings official lineup CSV,https://www.draftkings.com/lineup/getavailableplayerscsv?contestTypeId=9&draftGroupId=153590,153590,9,Selected largest-prize regular Classic MLB draft group after excluding Turbo/Night/qualifier/satellite/showdown/snake/single-stat slates.,SP,Kade Anderson (44153145),Kade Anderson,44153145,P,8000,SEA@LAA 09/16/2026 09:38PM ET,09/16/2026 09:38PM ET,SEA,LAA,away,10.3,,,needs_review_new_player,identity_name_team_map,No reviewed normalized-name/team identity alias; do not auto-guess.
2026-09-16,2026-09-16T17:42:43.324112+00:00,2026-09-16,DraftKings official lineup CSV,https://www.draftkings.com/lineup/getavailableplayerscsv?contestTypeId=9&draftGroupId=153590,153590,9,Selected largest-prize regular Classic MLB draft group after excluding Turbo/Night/qualifier/satellite/showdown/snake/single-stat slates.,SP,Noah Cameron (44153146),Noah Cameron,44153146,P,8000,KC@HOU 09/16/2026 08:10PM ET,09/16/2026 08:10PM ET,KC,HOU,away,15.5,702070,Noah Cameron,mapped,identity_name_team_map,Stable identity seed from old DK-ID map. Pilot join status: matched via normalized_name_team
2026-09-16,2026-09-16T17:42:43.324112+00:00,2026-09-16,DraftKings official lineup CSV,https://www.draftkings.com/lineup/getavailableplayerscsv?contestTypeId=9&draftGroupId=153590,153590,9,Selected largest-prize regular Classic MLB draft group after excluding Turbo/Night/qualifier/satellite/showdown/snake/single-stat slates.,SP,Peter Lambert (44153147),Peter Lambert,44153147,P,8000,KC@HOU 09/16/2026 08:10PM ET,09/16/2026 08:10PM ET,HOU,KC,home,15.7,663567,Peter Lambert,mapped,identity_name_team_map,Stable identity seed from old DK-ID map. Pilot join status: matched via normalized_name_team
2026-09-16,2026-09-16T17:42:43.324112+00:00,2026-09-16,DraftKings official lineup CSV,https://www.draftkings.com/lineup/getavailableplayerscsv?contestTypeId=9&draftGroupId=153590,153590,9,Selected largest-prize regular Classic MLB draft group after excluding Turbo/Night/qualifier/satellite/showdown/snake/single-stat slates.,RP,Michael King (44153148),Michael King,44153148,P,8000,SD@COL 09/16/2026 08:40PM ET,09/16/2026 08:40PM ET,SD,COL,away,16.3,650633,Michael King,mapped,identity_name_team_map,Stable identity seed from old DK-ID map. Pilot join status: matched via normalized_name_team
2026-09-16,2026-09-16T17:42:43.324112+00:00,2026-09-16,DraftKings official lineup CSV,https://www.draftkings.com/lineup/getavailableplayerscsv?contestTypeId=9&draftGroupId=153590,153590,9,Selected largest-prize regular Classic MLB draft group after excluding Turbo/Night/qualifier/satellite/showdown/snake/single-stat slates.,SP,Nick Pivetta (44153149),Nick Pivetta,44153149,P,8000,SD@COL 09/16/2026 08:40PM ET,09/16/2026 08:40PM ET,SD,COL,away,15.2,601713,Nick Pivetta,mapped,identity_name_team_map,Stable identity seed from old DK-ID map. Pilot join status: matched via normalized_name_team
2026-09-16,2026-09-16T17:42:43.324112+00:00,2026-09-16,DraftKings official lineup CSV,https://www.draftkings.com/lineup/getavailableplayerscsv?contestTypeId=9&draftGroupId=153590,153590,9,Selected largest-prize regular Classic MLB draft group after excluding Turbo/Night/qualifier/satellite/showdown/snake/single-stat slates.,SP,Joe Musgrove (44153150),Joe Musgrove,44153150,P,8000,SD@COL 09/16/2026 08:40PM ET,09/16/2026 08:40PM ET,SD,COL,away,0,605397,Joe Musgrove,mapped,identity_name_team_map,Stable identity seed from old DK-ID map. Pilot join status: matched_people_search_name via mlb_people_search_normalized_name
2026-09-16,2026-09-16T17:42:43.324112+00:00,2026-09-16,DraftKings official lineup CSV,https://www.draftkings.com/lineup/getavailableplayerscsv?contestTypeId=9&draftGroupId=153590,153590,9,Selected largest-prize regular Classic MLB draft group after excluding Turbo/Night/qualifier/satellite/showdown/snake/single-stat slates.,SP,Corbin Burnes (44153151),Corbin Burnes,44153151,P,7900,MIA@ARI 09/16/2026 09:40PM ET,09/16/2026 09:40PM ET,ARI,MIA,home,6.9,,,needs_review_new_player,identity_name_team_map,No reviewed normalized-name/team identity alias; do not auto-guess.
2026-09-16,2026-09-16T17:42:43.324112+00:00,2026-09-16,DraftKings official lineup CSV,https://www.draftkings.com/lineup/getavailableplayerscsv?contestTypeId=9&draftGroupId=153590,153590,9,Selected largest-prize regular Classic MLB draft group after excluding Turbo/Night/qualifier/satellite/showdown/snake/single-stat slates.,SP,Michael Soroka (44153152),Michael Soroka,44153152,P,7900,MIA@ARI 09/16/2026 09:40PM ET,09/16/2026 09:40PM ET,ARI,MIA,home,15.7,,,needs_review_new_player,identity_name_team_map,No reviewed normalized-name/team identity alias; do not auto-guess.
2026-09-16,2026-09-16T17:42:43.324112+00:00,2026-09-16,DraftKings official lineup CSV,https://www.draftkings.com/lineup/getavailableplayerscsv?contestTypeId=9&draftGroupId=153590,153590,9,Selected largest-prize regular Classic MLB draft group after excluding Turbo/Night/qualifier/satellite/showdown/snake/single-stat slates.,SP,MacKenzie Gore (44153153),MacKenzie Gore,44153153,P,7800,BOS@TEX 09/16/2026 08:05PM ET,09/16/2026 08:05PM ET,TEX,BOS,home,14.2,669022,MacKenzie Gore,mapped,identity_name_team_map,Stable identity seed from old DK-ID map. Pilot join status: matched via normalized_name_team
2026-09-16,2026-09-16T17:42:43.324112+00:00,2026-09-16,DraftKings official lineup CSV,https://www.draftkings.com/lineup/getavailableplayerscsv?contestTypeId=9&draftGroupId=153590,153590,9,Selected largest-prize regular Classic MLB draft group after excluding Turbo/Night/qualifier/satellite/showdown/snake/single-stat slates.,SP,Matthew Boyd (44153154),Matthew Boyd,44153154,P,7800,ATL@CHC 09/16/2026 07:40PM ET,09/16/2026 07:40PM ET,CHC,ATL,home,13.6,571510,Matthew Boyd,mapped,identity_name_team_map,Stable identity seed from old DK-ID map. Pilot join status: matched via normalized_name_team
2026-09-16,2026-09-16T17:42:43.324112+00:00,2026-09-16,DraftKings official lineup CSV,https://www.draftkings.com/lineup/getavailableplayerscsv?contestTypeId=9&draftGroupId=153590,153590,9,Selected largest-prize regular Classic MLB draft group after excluding Turbo/Night/qualifier/satellite/showdown/snake/single-stat slates.,SP,Justin Steele (44153155),Justin Steele,44153155,P,7800,ATL@CHC 09/16/2026 07:40PM ET,09/16/2026 07:40PM ET,CHC,ATL,home,0,657006,Justin Steele,mapped,identity_name_team_map,Stable identity seed from old DK-ID map. Pilot join status: matched_people_search_name via mlb_people_search_normalized_name
2026-09-16,2026-09-16T17:42:43.324112+00:00,2026-09-16,DraftKings official lineup CSV,https://www.draftkings.com/lineup/getavailableplayerscsv?contestTypeId=9&draftGroupId=153590,153590,9,Selected largest-prize regular Classic MLB draft group after excluding Turbo/Night/qualifier/satellite/showdown/snake/single-stat slates.,SP,Javier Assad (44153156),Javier Assad,44153156,P,7800,ATL@CHC 09/16/2026 07:40PM ET,09/16/2026 07:40PM ET,CHC,ATL,home,8.3,665871,Javier Assad,mapped,identity_name_team_map,Stable identity seed from old DK-ID map. Pilot join status: matched via normalized_name_team
2026-09-16,2026-09-16T17:42:43.324112+00:00,2026-09-16,DraftKings official lineup CSV,https://www.draftkings.com/lineup/getavailableplayerscsv?contestTypeId=9&draftGroupId=153590,153590,9,Selected largest-prize regular Classic MLB draft group after excluding Turbo/Night/qualifier/satellite/showdown/snake/single-stat slates.,RP,Clay Holmes (44153157),Clay Holmes,44153157,P,7800,ATL@CHC 09/16/2026 07:40PM ET,09/16/2026 07:40PM ET,CHC,ATL,home,15.6,605280,Clay Holmes,needs_review_team_change,identity_name_unique_mlbam,Name maps to one reviewed MLBAM identity but not this DK team; review as team-change/new alias before trusting automation.
2026-09-16,2026-09-16T17:42:43.324112+00:00,2026-09-16,DraftKings official lineup CSV,https://www.draftkings.com/lineup/getavailableplayerscsv?contestTypeId=9&draftGroupId=153590,153590,9,Selected largest-prize regular Classic MLB draft group after excluding Turbo/Night/qualifier/satellite/showdown/snake/single-stat slates.,SP,Edward Cabrera (44153158),Edward Cabrera,44153158,P,7800,ATL@CHC 09/16/2026 07:40PM ET,09/16/2026 07:40PM ET,CHC,ATL,home,10.5,665795,Edward Cabrera,mapped,identity_name_team_map,Stable identity seed from old DK-ID map. Pilot join status: matched via normalized_name_team
2026-09-16,2026-09-16T17:42:43.324112+00:00,2026-09-16,DraftKings official lineup CSV,https://www.draftkings.com/lineup/getavailableplayerscsv?contestTypeId=9&draftGroupId=153590,153590,9,Selected largest-prize regular Classic MLB draft group after excluding Turbo/Night/qualifier/satellite/showdown/snake/single-stat slates.,SP,Cade Horton (44153159),Cade Horton,44153159,P,7800,ATL@CHC 09/16/2026 07:40PM ET,09/16/2026 07:40PM ET,CHC,ATL,home,10.5,690990,Cade Horton,mapped,identity_name_team_map,Stable identity seed from old DK-ID map. Pilot join status: matched via normalized_name_team
2026-09-16,2026-09-16T17:42:43.324112+00:00,2026-09-16,DraftKings official lineup CSV,https://www.draftkings.com/lineup/getavailableplayerscsv?contestTypeId=9&draftGroupId=153590,153590,9,Selected largest-prize regular Classic MLB draft group after excluding Turbo/Night/qualifier/satellite/showdown/snake/single-stat slates.,RP,Mitch Farris (44153160),Mitch Farris,44153160,P,7600,SEA@LAA 09/16/2026 09:38PM ET,09/16/2026 09:38PM ET,LAA,SEA,home,4.7,815083,Mitch Farris,mapped,identity_name_team_map,Stable identity seed from old DK-ID map. Pilot join status: matched via normalized_name_team
2026-09-16,2026-09-16T17:42:43.324112+00:00,2026-09-16,DraftKings official lineup CSV,https://www.draftkings.com/lineup/getavailableplayerscsv?contestTypeId=9&draftGroupId=153590,153590,9,Selected largest-prize regular Classic MLB draft group after excluding Turbo/Night/qualifier/satellite/showdown/snake/single-stat slates.,SP,George Klassen (44153161),George Klassen,44153161,P,7600,SEA@LAA 09/16/2026 09:38PM ET,09/16/2026 09:38PM ET,LAA,SEA,home,11.3,691946,George Klassen,mapped,identity_name_team_map,Stable identity seed from old DK-ID map. Pilot join status: matched via normalized_name_team
2026-09-16,2026-09-16T17:42:43.324112+00:00,2026-09-16,DraftKings official lineup CSV,https://www.draftkings.com/lineup/getavailableplayerscsv?contestTypeId=9&draftGroupId=153590,153590,9,Selected largest-prize regular Classic MLB draft group after excluding Turbo/Night/qualifier/satellite/showdown/snake/single-stat slates.,SP,Mason Adams (44152776),Mason Adams,44152776,P,7500,SD@COL 09/16/2026 08:40PM ET,09/16/2026 08:40PM ET,COL,SD,home,14,,,needs_review_new_player,identity_name_team_map,No reviewed normalized-name/team identity alias; do not auto-guess.
2026-09-16,2026-09-16T17:42:43.324112+00:00,2026-09-16,DraftKings official lineup CSV,https://www.draftkings.com/lineup/getavailableplayerscsv?contestTypeId=9&draftGroupId=153590,153590,9,Selected largest-prize regular Classic MLB draft group after excluding Turbo/Night/qualifier/satellite/showdown/snake/single-stat slates.,SP,Kyle Bradish (44153162),Kyle Bradish,44153162,P,7500,BAL@NYM 09/16/2026 07:10PM ET,09/16/2026 07:10PM ET,BAL,NYM,away,13,,,needs_review_new_player,identity_name_team_map,No reviewed normalized-name/team identity alias; do not auto-guess.
2026-09-16,2026-09-16T17:42:43.324112+00:00,2026-09-16,DraftKings official lineup CSV,https://www.draftkings.com/lineup/getavailableplayerscsv?contestTypeId=9&draftGroupId=153590,153590,9,Selected largest-prize regular Classic MLB draft group after excluding Turbo/Night/qualifier/satellite/showdown/snake/single-stat slates.,SP,Zach Eflin (44153163),Zach Eflin,44153163,P,7500,BAL@NYM 09/16/2026 07:10PM ET,09/16/2026 07:10PM ET,BAL,NYM,away,16.7,,,needs_review_new_player,identity_name_team_map,No reviewed normalized-name/team identity alias; do not auto-guess.
2026-09-16,2026-09-16T17:42:43.324112+00:00,2026-09-16,DraftKings official lineup CSV,https://www.draftkings.com/lineup/getavailableplayerscsv?contestTypeId=9&draftGroupId=153590,153590,9,Selected largest-prize regular Classic MLB draft group after excluding Turbo/Night/qualifier/satellite/showdown/snake/single-stat slates.,SP,Brandon Young (44153164),Brandon Young,44153164,P,7500,BAL@NYM 09/16/2026 07:10PM ET,09/16/2026 07:10PM ET,BAL,NYM,away,13.6,,,needs_review_new_player,identity_name_team_map,No reviewed normalized-name/team identity alias; do not auto-guess.
2026-09-16,2026-09-16T17:42:43.324112+00:00,2026-09-16,DraftKings official lineup CSV,https://www.draftkings.com/lineup/getavailableplayerscsv?contestTypeId=9&draftGroupId=153590,153590,9,Selected largest-prize regular Classic MLB draft group after excluding Turbo/Night/qualifier/satellite/showdown/snake/single-stat slates.,SP,Tylor Megill (44153165),Tylor Megill,44153165,P,7300,BAL@NYM 09/16/2026 07:10PM ET,09/16/2026 07:10PM ET,NYM,BAL,home,0,656731,Tylor Megill,mapped,identity_name_team_map,Stable identity seed from old DK-ID map. Pilot join status: matched_people_search_name via mlb_people_search_normalized_name
2026-09-16,2026-09-16T17:42:43.324112+00:00,2026-09-16,DraftKings official lineup CSV,https://www.draftkings.com/lineup/getavailableplayerscsv?contestTypeId=9&draftGroupId=153590,153590,9,Selected largest-prize regular Classic MLB draft group after excluding Turbo/Night/qualifier/satellite/showdown/snake/single-stat slates.,SP,Sean Manaea (44153166),Sean Manaea,44153166,P,7300,BAL@NYM 09/16/2026 07:10PM ET,09/16/2026 07:10PM ET,NYM,BAL,home,10.5,640455,Sean Manaea,mapped,identity_name_team_map,Stable identity seed from old DK-ID map. Pilot join status: matched via normalized_name_team
2026-09-16,2026-09-16T17:42:43.324112+00:00,2026-09-16,DraftKings official lineup CSV,https://www.draftkings.com/lineup/getavailableplayerscsv?contestTypeId=9&draftGroupId=153590,153590,9,Selected largest-prize regular Classic MLB draft group after excluding Turbo/Night/qualifier/satellite/showdown/snake/single-stat slates.,SP,Christian Scott (44153167),Christian Scott,44153167,P,7300,BAL@NYM 09/16/2026 07:10PM ET,09/16/2026 07:10PM ET,NYM,BAL,home,15.2,681035,Christian Scott,mapped,identity_name_team_map,Stable identity seed from old DK-ID map. Pilot join status: matched via normalized_name_team
2026-09-16,2026-09-16T17:42:43.324112+00:00,2026-09-16,DraftKings official lineup CSV,https://www.draftkings.com/lineup/getavailableplayerscsv?contestTypeId=9&draftGroupId=153590,153590,9,Selected largest-prize regular Classic MLB draft group after excluding Turbo/Night/qualifier/satellite/showdown/snake/single-stat slates.,SP,Zac Thornton (44153168),Zac Thornton,44153168,P,7300,BAL@NYM 09/16/2026 07:10PM ET,09/16/2026 07:10PM ET,NYM,BAL,home,14.1,,,needs_review_new_player,identity_name_team_map,No reviewed normalized-name/team identity alias; do not auto-guess.
2026-09-16,2026-09-16T17:42:43.324112+00:00,2026-09-16,DraftKings official lineup CSV,https://www.draftkings.com/lineup/getavailableplayerscsv?contestTypeId=9&draftGroupId=153590,153590,9,Selected largest-prize regular Classic MLB draft group after excluding Turbo/Night/qualifier/satellite/showdown/snake/single-stat slates.,RP,Jacob Latz (44153169),Jacob Latz,44153169,P,7300,BOS@TEX 09/16/2026 08:05PM ET,09/16/2026 08:05PM ET,TEX,BOS,home,4.8,656641,Jacob Latz,mapped,identity_name_team_map,Stable identity seed from old DK-ID map. Pilot join status: matched via normalized_name_team
2026-09-16,2026-09-16T17:42:43.324112+00:00,2026-09-16,DraftKings official lineup CSV,https://www.draftkings.com/lineup/getavailableplayerscsv?contestTypeId=9&draftGroupId=153590,153590,9,Selected largest-prize regular Classic MLB draft group after excluding Turbo/Night/qualifier/satellite/showdown/snake/single-stat slates.,SP,Patrick Sandoval (44153170),Patrick Sandoval,44153170,P,7300,BOS@TEX 09/16/2026 08:05PM ET,09/16/2026 08:05PM ET,BOS,TEX,away,10.9,,,needs_review_new_player,identity_name_team_map,No reviewed normalized-name/team identity alias; do not auto-guess.
2026-09-16,2026-09-16T17:42:43.324112+00:00,2026-09-16,DraftKings official lineup CSV,https://www.draftkings.com/lineup/getavailableplayerscsv?contestTypeId=9&draftGroupId=153590,153590,9,Selected largest-prize regular Classic MLB draft group after excluding Turbo/Night/qualifier/satellite/showdown/snake/single-stat slates.,SP,Tanner Houck (44153171),Tanner Houck,44153171,P,7300,BOS@TEX 09/16/2026 08:05PM ET,09/16/2026 08:05PM ET,BOS,TEX,away,0,,,needs_review_new_player,identity_name_team_map,No reviewed normalized-name/team identity alias; do not auto-guess.
2026-09-16,2026-09-16T17:42:43.324112+00:00,2026-09-16,DraftKings official lineup CSV,https://www.draftkings.com/lineup/getavailableplayerscsv?contestTypeId=9&draftGroupId=153590,153590,9,Selected largest-prize regular Classic MLB draft group after excluding Turbo/Night/qualifier/satellite/showdown/snake/single-stat slates.,SP,Kutter Crawford (44153172),Kutter Crawford,44153172,P,7300,BOS@TEX 09/16/2026 08:05PM ET,09/16/2026 08:05PM ET,BOS,TEX,away,0,,,needs_review_new_player,identity_name_team_map,No reviewed normalized-name/team identity alias; do not auto-guess.
2026-09-16,2026-09-16T17:42:43.324112+00:00,2026-09-16,DraftKings official lineup CSV,https://www.draftkings.com/lineup/getavailableplayerscsv?contestTypeId=9&draftGroupId=153590,153590,9,Selected largest-prize regular Classic MLB draft group after excluding Turbo/Night/qualifier/satellite/showdown/snake/single-stat slates.,SP,Brayan Bello (44153173),Brayan Bello,44153173,P,7300,BOS@TEX 09/16/2026 08:05PM ET,09/16/2026 08:05PM ET,BOS,TEX,away,8.9,,,needs_review_new_player,identity_name_team_map,No reviewed normalized-name/team identity alias; do not auto-guess.
2026-09-16,2026-09-16T17:42:43.324112+00:00,2026-09-16,DraftKings official lineup CSV,https://www.draftkings.com/lineup/getavailableplayerscsv?contestTypeId=9&draftGroupId=153590,153590,9,Selected largest-prize regular Classic MLB draft group after excluding Turbo/Night/qualifier/satellite/showdown/snake/single-stat slates.,SP,JR Ritchie (44152777),JR Ritchie,44152777,P,7200,ATL@CHC 09/16/2026 07:40PM ET,09/16/2026 07:40PM ET,ATL,CHC,away,9.1,702275,JR Ritchie,mapped,identity_name_team_map,Stable identity seed from old DK-ID map. Pilot join status: matched via normalized_name_team
2026-09-16,2026-09-16T17:42:43.324112+00:00,2026-09-16,DraftKings official lineup CSV,https://www.draftkings.com/lineup/getavailableplayerscsv?contestTypeId=9&draftGroupId=153590,153590,9,Selected largest-prize regular Classic MLB draft group after excluding Turbo/Night/qualifier/satellite/showdown/snake/single-stat slates.,2B/OF,Fernando Tatis Jr. (44152785),Fernando Tatis Jr.,44152785,2B/OF,7200,SD@COL 09/16/2026 08:40PM ET,09/16/2026 08:40PM ET,SD,COL,away,9.3,665487,Fernando Tatis Jr.,mapped,identity_name_team_map,Stable identity seed from old DK-ID map. Pilot join status: matched via normalized_name_team
2026-09-16,2026-09-16T17:42:43.324112+00:00,2026-09-16,DraftKings official lineup CSV,https://www.draftkings.com/lineup/getavailableplayerscsv?contestTypeId=9&draftGroupId=153590,153590,9,Selected largest-prize regular Classic MLB draft group after excluding Turbo/Night/qualifier/satellite/showdown/snake/single-stat slates.,SP,Tyler Mahle (44153174),Tyler Mahle,44153174,P,7200,ATL@CHC 09/16/2026 07:40PM ET,09/16/2026 07:40PM ET,ATL,CHC,away,14.5,641816,Tyler Mahle,needs_review_team_change,identity_name_unique_mlbam,Name maps to one reviewed MLBAM identity but not this DK team; review as team-change/new alias before trusting automation.
2026-09-16,2026-09-16T17:42:43.324112+00:00,2026-09-16,DraftKings official lineup CSV,https://www.draftkings.com/lineup/getavailableplayerscsv?contestTypeId=9&draftGroupId=153590,153590,9,Selected largest-prize regular Classic MLB draft group after excluding Turbo/Night/qualifier/satellite/showdown/snake/single-stat slates.,RP,AJ Smith-Shawver (44153175),AJ Smith-Shawver,44153175,P,7200,ATL@CHC 09/16/2026 07:40PM ET,09/16/2026 07:40PM ET,ATL,CHC,away,5.2,700363,AJ Smith-Shawver,mapped,identity_name_team_map,Stable identity seed from old DK-ID map. Pilot join status: matched_people_search_name via mlb_people_search_normalized_name
2026-09-16,2026-09-16T17:42:43.324112+00:00,2026-09-16,DraftKings official lineup CSV,https://www.draftkings.com/lineup/getavailableplayerscsv?contestTypeId=9&draftGroupId=153590,153590,9,Selected largest-prize regular Classic MLB draft group after excluding Turbo/Night/qualifier/satellite/showdown/snake/single-stat slates.,RP,Grant Holmes (44153176),Grant Holmes,44153176,P,7200,ATL@CHC 09/16/2026 07:40PM ET,09/16/2026 07:40PM ET,ATL,CHC,away,12.2,656550,Grant Holmes,mapped,identity_name_team_map,Stable identity seed from old DK-ID map. Pilot join status: matched via normalized_name_team
2026-09-16,2026-09-16T17:42:43.324112+00:00,2026-09-16,DraftKings official lineup CSV,https://www.draftkings.com/lineup/getavailableplayerscsv?contestTypeId=9&draftGroupId=153590,153590,9,Selected largest-prize regular Classic MLB draft group after excluding Turbo/Night/qualifier/satellite/showdown/snake/single-stat slates.,SP,Bryce Elder (44153177),Bryce Elder,44153177,P,7200,ATL@CHC 09/16/2026 07:40PM ET,09/16/2026 07:40PM ET,ATL,CHC,away,13.8,693821,Bryce Elder,mapped,identity_name_team_map,Stable identity seed from old DK-ID map. Pilot join status: matched via normalized_name_team
2026-09-16,2026-09-16T17:42:43.324112+00:00,2026-09-16,DraftKings official lineup CSV,https://www.draftkings.com/lineup/getavailableplayerscsv?contestTypeId=9&draftGroupId=153590,153590,9,Selected largest-prize regular Classic MLB draft group after excluding Turbo/Night/qualifier/satellite/showdown/snake/single-stat slates.,RP,Reynaldo Lopez (44153178),Reynaldo Lopez,44153178,P,7200,ATL@CHC 09/16/2026 07:40PM ET,09/16/2026 07:40PM ET,ATL,CHC,away,7.4,625643,Reynaldo López,mapped,identity_name_team_map,Stable identity seed from old DK-ID map. Pilot join status: matched via normalized_name_team
2026-09-16,2026-09-16T17:42:43.324112+00:00,2026-09-16,DraftKings official lineup CSV,https://www.draftkings.com/lineup/getavailableplayerscsv?contestTypeId=9&draftGroupId=153590,153590,9,Selected largest-prize regular Classic MLB draft group after excluding Turbo/Night/qualifier/satellite/showdown/snake/single-stat slates.,SP,Hurston Waldrep (44153179),Hurston Waldrep,44153179,P,7200,ATL@CHC 09/16/2026 07:40PM ET,09/16/2026 07:40PM ET,ATL,CHC,away,2.3,694462,Hurston Waldrep,mapped,identity_name_team_map,Stable identity seed from old DK-ID map. Pilot join status: matched_people_search_name via mlb_people_search_normalized_name
2026-09-16,2026-09-16T17:42:43.324112+00:00,2026-09-16,DraftKings official lineup CSV,https://www.draftkings.com/lineup/getavailableplayerscsv?contestTypeId=9&draftGroupId=153590,153590,9,Selected largest-prize regular Classic MLB draft group after excluding Turbo/Night/qualifier/satellite/showdown/snake/single-stat slates.,RP,Martin Perez (44153180),Martin Perez,44153180,P,7200,ATL@CHC 09/16/2026 07:40PM ET,09/16/2026 07:40PM ET,ATL,CHC,away,11.9,527048,Martín Pérez,mapped,identity_name_team_map,Stable identity seed from old DK-ID map. Pilot join status: matched via normalized_name_team
2026-09-16,2026-09-16T17:42:43.324112+00:00,2026-09-16,DraftKings official lineup CSV,https://www.draftkings.com/lineup/getavailableplayerscsv?contestTypeId=9&draftGroupId=153590,153590,9,Selected largest-prize regular Classic MLB draft group after excluding Turbo/Night/qualifier/satellite/showdown/snake/single-stat slates.,SP,Tatsuya Imai (44153181),Tatsuya Imai,44153181,P,7000,KC@HOU 09/16/2026 08:10PM ET,09/16/2026 08:10PM ET,HOU,KC,home,10.9,837227,Tatsuya Imai,mapped,identity_name_team_map,Stable identity seed from old DK-ID map. Pilot join status: matched via normalized_name_team
2026-09-16,2026-09-16T17:42:43.324112+00:00,2026-09-16,DraftKings official lineup CSV,https://www.draftkings.com/lineup/getavailableplayerscsv?contestTypeId=9&draftGroupId=153590,153590,9,Selected largest-prize regular Classic MLB draft group after excluding Turbo/Night/qualifier/satellite/showdown/snake/single-stat slates.,SP,Ronel Blanco (44153182),Ronel Blanco,44153182,P,7000,KC@HOU 09/16/2026 08:10PM ET,09/16/2026 08:10PM ET,HOU,KC,home,6.5,669854,Ronel Blanco,mapped,identity_name_team_map,Stable identity seed from old DK-ID map. Pilot join status: matched_people_search_name via mlb_people_search_normalized_name
2026-09-16,2026-09-16T17:42:43.324112+00:00,2026-09-16,DraftKings official lineup CSV,https://www.draftkings.com/lineup/getavailableplayerscsv?contestTypeId=9&draftGroupId=153590,153590,9,Selected largest-prize regular Classic MLB draft group after excluding Turbo/Night/qualifier/satellite/showdown/snake/single-stat slates.,SP,Brandon Walter (44153183),Brandon Walter,44153183,P,7000,KC@HOU 09/16/2026 08:10PM ET,09/16/2026 08:10PM ET,HOU,KC,home,0,687888,Brandon Walter,mapped,identity_name_team_map,Stable identity seed from old DK-ID map. Pilot join status: matched_people_search_name via mlb_people_search_normalized_name
2026-09-16,2026-09-16T17:42:43.324112+00:00,2026-09-16,DraftKings official lineup CSV,https://www.draftkings.com/lineup/getavailableplayerscsv?contestTypeId=9&draftGroupId=153590,153590,9,Selected largest-prize regular Classic MLB draft group after excluding Turbo/Night/qualifier/satellite/showdown/snake/single-stat slates.,SP,Bryce Miller (44153184),Bryce Miller,44153184,P,7000,SEA@LAA 09/16/2026 09:38PM ET,09/16/2026 09:38PM ET,SEA,LAA,away,14.7,,,needs_review_new_player,identity_name_team_map,No reviewed normalized-name/team identity alias; do not auto-guess.
2026-09-16,2026-09-16T17:42:43.324112+00:00,2026-09-16,DraftKings official lineup CSV,https://www.draftkings.com/lineup/getavailableplayerscsv?contestTypeId=9&draftGroupId=153590,153590,9,Selected largest-prize regular Classic MLB draft group after excluding Turbo/Night/qualifier/satellite/showdown/snake/single-stat slates.,SP,Logan Evans (44153185),Logan Evans,44153185,P,7000,SEA@LAA 09/16/2026 09:38PM ET,09/16/2026 09:38PM ET,SEA,LAA,away,0,,,needs_review_new_player,identity_name_team_map,No reviewed normalized-name/team identity alias; do not auto-guess.
2026-09-16,2026-09-16T17:42:43.324112+00:00,2026-09-16,DraftKings official lineup CSV,https://www.draftkings.com/lineup/getavailableplayerscsv?contestTypeId=9&draftGroupId=153590,153590,9,Selected largest-prize regular Classic MLB draft group after excluding Turbo/Night/qualifier/satellite/showdown/snake/single-stat slates.,SP,Emerson Hancock (44153186),Emerson Hancock,44153186,P,7000,SEA@LAA 09/16/2026 09:38PM ET,09/16/2026 09:38PM ET,SEA,LAA,away,15.3,,,needs_review_new_player,identity_name_team_map,No reviewed normalized-name/team identity alias; do not auto-guess.
2026-09-16,2026-09-16T17:42:43.324112+00:00,2026-09-16,DraftKings official lineup CSV,https://www.draftkings.com/lineup/getavailableplayerscsv?contestTypeId=9&draftGroupId=153590,153590,9,Selected largest-prize regular Classic MLB draft group after excluding Turbo/Night/qualifier/satellite/showdown/snake/single-stat slates.,SP,Walker Buehler (44153187),Walker Buehler,44153187,P,7000,SD@COL 09/16/2026 08:40PM ET,09/16/2026 08:40PM ET,SD,COL,away,11,621111,Walker Buehler,mapped,identity_name_team_map,Stable identity seed from old DK-ID map. Pilot join status: matched via normalized_name_team
2026-09-16,2026-09-16T17:42:43.324112+00:00,2026-09-16,DraftKings official lineup CSV,https://www.draftkings.com/lineup/getavailableplayerscsv?contestTypeId=9&draftGroupId=153590,153590,9,Selected largest-prize regular Classic MLB draft group after excluding Turbo/Night/qualifier/satellite/showdown/snake/single-stat slates.,SP,JP Sears (44153188),JP Sears,44153188,P,7000,SD@COL 09/16/2026 08:40PM ET,09/16/2026 08:40PM ET,SD,COL,away,9.2,676664,JP Sears,mapped,identity_name_team_map,Stable identity seed from old DK-ID map. Pilot join status: matched_people_search_name via mlb_people_search_normalized_name
2026-09-16,2026-09-16T17:42:43.324112+00:00,2026-09-16,DraftKings official lineup CSV,https://www.draftkings.com/lineup/getavailableplayerscsv?contestTypeId=9&draftGroupId=153590,153590,9,Selected largest-prize regular Classic MLB draft group after excluding Turbo/Night/qualifier/satellite/showdown/snake/single-stat slates.,SP,Randy Vasquez (44153189),Randy Vasquez,44153189,P,7000,SD@COL 09/16/2026 08:40PM ET,09/16/2026 08:40PM ET,SD,COL,away,9.3,681190,Randy Vásquez,mapped,identity_name_team_map,Stable identity seed from old DK-ID map. Pilot join status: matched via normalized_name_team
2026-09-16,2026-09-16T17:42:43.324112+00:00,2026-09-16,DraftKings official lineup CSV,https://www.draftkings.com/lineup/getavailableplayerscsv?contestTypeId=9&draftGroupId=153590,153590,9,Selected largest-prize regular Classic MLB draft group after excluding Turbo/Night/qualifier/satellite/showdown/snake/single-stat slates.,SP,Casey Mize (44153190),Casey Mize,44153190,P,7000,SD@COL 09/16/2026 08:40PM ET,09/16/2026 08:40PM ET,SD,COL,away,13.7,663554,Casey Mize,needs_review_team_change,identity_name_unique_mlbam,Name maps to one reviewed MLBAM identity but not this DK team; review as team-change/new alias before trusting automation.
2026-09-16,2026-09-16T17:42:43.324112+00:00,2026-09-16,DraftKings official lineup CSV,https://www.draftkings.com/lineup/getavailableplayerscsv?contestTypeId=9&draftGroupId=153590,153590,9,Selected largest-prize regular Classic MLB draft group after excluding Turbo/Night/qualifier/satellite/showdown/snake/single-stat slates.,SP,Lucas Giolito (44153191),Lucas Giolito,44153191,P,7000,SD@COL 09/16/2026 08:40PM ET,09/16/2026 08:40PM ET,SD,COL,away,6.2,608337,Lucas Giolito,mapped,identity_name_team_map,Stable identity seed from old DK-ID map. Pilot join status: matched via normalized_name_team
2026-09-16,2026-09-16T17:42:43.324112+00:00,2026-09-16,DraftKings official lineup CSV,https://www.draftkings.com/lineup/getavailableplayerscsv?contestTypeId=9&draftGroupId=153590,153590,9,Selected largest-prize regular Classic MLB draft group after excluding Turbo/Night/qualifier/satellite/showdown/snake/single-stat slates.,SP,Merrill Kelly (44152778),Merrill Kelly,44152778,P,6900,MIA@ARI 09/16/2026 09:40PM ET,09/16/2026 09:40PM ET,ARI,MIA,home,10.4,,,needs_review_new_player,identity_name_team_map,No reviewed normalized-name/team identity alias; do not auto-guess.
2026-09-16,2026-09-16T17:42:43.324112+00:00,2026-09-16,DraftKings official lineup CSV,https://www.draftkings.com/lineup/getavailableplayerscsv?contestTypeId=9&draftGroupId=153590,153590,9,Selected largest-prize regular Classic MLB draft group after excluding Turbo/Night/qualifier/satellite/showdown/snake/single-stat slates.,SP,Ryne Nelson (44153192),Ryne Nelson,44153192,P,6900,MIA@ARI 09/16/2026 09:40PM ET,09/16/2026 09:40PM ET,ARI,MIA,home,11.1,,,needs_review_new_player,identity_name_team_map,No reviewed normalized-name/team identity alias; do not auto-guess.
2026-09-16,2026-09-16T17:42:43.324112+00:00,2026-09-16,DraftKings official lineup CSV,https://www.draftkings.com/lineup/getavailableplayerscsv?contestTypeId=9&draftGroupId=153590,153590,9,Selected largest-prize regular Classic MLB draft group after excluding Turbo/Night/qualifier/satellite/showdown/snake/single-stat slates.,SP,Brandon Pfaadt (44153193),Brandon Pfaadt,44153193,P,6900,MIA@ARI 09/16/2026 09:40PM ET,09/16/2026 09:40PM ET,ARI,MIA,home,10.2,,,needs_review_new_player,identity_name_team_map,No reviewed normalized-name/team identity alias; do not auto-guess.
2026-09-16,2026-09-16T17:42:43.324112+00:00,2026-09-16,DraftKings official lineup CSV,https://www.draftkings.com/lineup/getavailableplayerscsv?contestTypeId=9&draftGroupId=153590,153590,9,Selected largest-prize regular Classic MLB draft group after excluding Turbo/Night/qualifier/satellite/showdown/snake/single-stat slates.,SP,Jack Leiter (44153194),Jack Leiter,44153194,P,6800,BOS@TEX 09/16/2026 08:05PM ET,09/16/2026 08:05PM ET,TEX,BOS,home,12.7,683004,Jack Leiter,mapped,identity_name_team_map,Stable identity seed from old DK-ID map. Pilot join status: matched via normalized_name_team
2026-09-16,2026-09-16T17:42:43.324112+00:00,2026-09-16,DraftKings official lineup CSV,https://www.draftkings.com/lineup/getavailableplayerscsv?contestTypeId=9&draftGroupId=153590,153590,9,Selected largest-prize regular Classic MLB draft group after excluding Turbo/Night/qualifier/satellite/showdown/snake/single-stat slates.,SP,Kumar Rocker (44153195),Kumar Rocker,44153195,P,6800,BOS@TEX 09/16/2026 08:05PM ET,09/16/2026 08:05PM ET,TEX,BOS,home,12,677958,Kumar Rocker,mapped,identity_name_team_map,Stable identity seed from old DK-ID map. Pilot join status: matched via normalized_name_team
2026-09-16,2026-09-16T17:42:43.324112+00:00,2026-09-16,DraftKings official lineup CSV,https://www.draftkings.com/lineup/getavailableplayerscsv?contestTypeId=9&draftGroupId=153590,153590,9,Selected largest-prize regular Classic MLB draft group after excluding Turbo/Night/qualifier/satellite/showdown/snake/single-stat slates.,OF,Pete Crow-Armstrong (44152787),Pete Crow-Armstrong,44152787,OF,6700,ATL@CHC 09/16/2026 07:40PM ET,09/16/2026 07:40PM ET,CHC,ATL,home,11,691718,Pete Crow-Armstrong,mapped,identity_name_team_map,Stable identity seed from old DK-ID map. Pilot join status: matched via normalized_name_team
2026-09-16,2026-09-16T17:42:43.324112+00:00,2026-09-16,DraftKings official lineup CSV,https://www.draftkings.com/lineup/getavailableplayerscsv?contestTypeId=9&draftGroupId=153590,153590,9,Selected largest-prize regular Classic MLB draft group after excluding Turbo/Night/qualifier/satellite/showdown/snake/single-stat slates.,SP,Yusei Kikuchi (44152779),Yusei Kikuchi,44152779,P,6600,SEA@LAA 09/16/2026 09:38PM ET,09/16/2026 09:38PM ET,LAA,SEA,home,11.5,579328,Yusei Kikuchi,mapped,identity_name_team_map,Stable identity seed from old DK-ID map. Pilot join status: matched via normalized_name_team
2026-09-16,2026-09-16T17:42:43.324112+00:00,2026-09-16,DraftKings official lineup CSV,https://www.draftkings.com/lineup/getavailableplayerscsv?contestTypeId=9&draftGroupId=153590,153590,9,Selected largest-prize regular Classic MLB draft group after excluding Turbo/Night/qualifier/satellite/showdown/snake/single-stat slates.,RP,Sammy Peralta (44153196),Sammy Peralta,44153196,P,6600,SEA@LAA 09/16/2026 09:38PM ET,09/16/2026 09:38PM ET,LAA,SEA,home,2.8,671111,Sammy Peralta,needs_review_team_change,identity_name_unique_mlbam,Name maps to one reviewed MLBAM identity but not this DK team; review as team-change/new alias before trusting automation.
2026-09-16,2026-09-16T17:42:43.324112+00:00,2026-09-16,DraftKings official lineup CSV,https://www.draftkings.com/lineup/getavailableplayerscsv?contestTypeId=9&draftGroupId=153590,153590,9,Selected largest-prize regular Classic MLB draft group after excluding Turbo/Night/qualifier/satellite/showdown/snake/single-stat slates.,RP,Brett Kerry (44153197),Brett Kerry,44153197,P,6600,SEA@LAA 09/16/2026 09:38PM ET,09/16/2026 09:38PM ET,LAA,SEA,home,11.7,,,needs_review_new_player,identity_name_team_map,No reviewed normalized-name/team identity alias; do not auto-guess.
2026-09-16,2026-09-16T17:42:43.324112+00:00,2026-09-16,DraftKings official lineup CSV,https://www.draftkings.com/lineup/getavailableplayerscsv?contestTypeId=9&draftGroupId=153590,153590,9,Selected largest-prize regular Classic MLB draft group after excluding Turbo/Night/qualifier/satellite/showdown/snake/single-stat slates.,SP,Grayson Rodriguez (44153198),Grayson Rodriguez,44153198,P,6600,SEA@LAA 09/16/2026 09:38PM ET,09/16/2026 09:38PM ET,LAA,SEA,home,9.3,680570,Grayson Rodriguez,mapped,identity_name_team_map,Stable identity seed from old DK-ID map. Pilot join status: matched via normalized_name_team
2026-09-16,2026-09-16T17:42:43.324112+00:00,2026-09-16,DraftKings official lineup CSV,https://www.draftkings.com/lineup/getavailableplayerscsv?contestTypeId=9&draftGroupId=153590,153590,9,Selected largest-prize regular Classic MLB draft group after excluding Turbo/Night/qualifier/satellite/showdown/snake/single-stat slates.,RP,Sam Aldegheri (44153199),Sam Aldegheri,44153199,P,6600,SEA@LAA 09/16/2026 09:38PM ET,09/16/2026 09:38PM ET,LAA,SEA,home,7.2,691951,Sam Aldegheri,mapped,identity_name_team_map,Stable identity seed from old DK-ID map. Pilot join status: matched via normalized_name_team
2026-09-16,2026-09-16T17:42:43.324112+00:00,2026-09-16,DraftKings official lineup CSV,https://www.draftkings.com/lineup/getavailableplayerscsv?contestTypeId=9&draftGroupId=153590,153590,9,Selected largest-prize regular Classic MLB draft group after excluding Turbo/Night/qualifier/satellite/showdown/snake/single-stat slates.,SP,Caden Dana (44153200),Caden Dana,44153200,P,6600,SEA@LAA 09/16/2026 09:38PM ET,09/16/2026 09:38PM ET,LAA,SEA,home,0,702674,Caden Dana,mapped,identity_name_team_map,Stable identity seed from old DK-ID map. Pilot join status: matched_people_search_name via mlb_people_search_normalized_name
2026-09-16,2026-09-16T17:42:43.324112+00:00,2026-09-16,DraftKings official lineup CSV,https://www.draftkings.com/lineup/getavailableplayerscsv?contestTypeId=9&draftGroupId=153590,153590,9,Selected largest-prize regular Classic MLB draft group after excluding Turbo/Night/qualifier/satellite/showdown/snake/single-stat slates.,RP,Ryan Johnson (44153201),Ryan Johnson,44153201,P,6600,SEA@LAA 09/16/2026 09:38PM ET,09/16/2026 09:38PM ET,LAA,SEA,home,9.5,696270,Ryan Johnson,mapped,identity_name_team_map,Stable identity seed from old DK-ID map. Pilot join status: matched via normalized_name_team
2026-09-16,2026-09-16T17:42:43.324112+00:00,2026-09-16,DraftKings official lineup CSV,https://www.draftkings.com/lineup/getavailableplayerscsv?contestTypeId=9&draftGroupId=153590,153590,9,Selected largest-prize regular Classic MLB draft group after excluding Turbo/Night/qualifier/satellite/showdown/snake/single-stat slates.,SP,Jack Kochanowicz (44153202),Jack Kochanowicz,44153202,P,6600,SEA@LAA 09/16/2026 09:38PM ET,09/16/2026 09:38PM ET,LAA,SEA,home,7.3,686799,Jack Kochanowicz,mapped,identity_name_team_map,Stable identity seed from old DK-ID map. Pilot join status: matched via normalized_name_team
2026-09-16,2026-09-16T17:42:43.324112+00:00,2026-09-16,DraftKings official lineup CSV,https://www.draftkings.com/lineup/getavailableplayerscsv?contestTypeId=9&draftGroupId=153590,153590,9,Selected largest-prize regular Classic MLB draft group after excluding Turbo/Night/qualifier/satellite/showdown/snake/single-stat slates.,SP,Cade Povich (44153203),Cade Povich,44153203,P,6500,BAL@NYM 09/16/2026 07:10PM ET,09/16/2026 07:10PM ET,BAL,NYM,away,10.5,,,needs_review_new_player,identity_name_team_map,No reviewed normalized-name/team identity alias; do not auto-guess.
2026-09-16,2026-09-16T17:42:43.324112+00:00,2026-09-16,DraftKings official lineup CSV,https://www.draftkings.com/lineup/getavailableplayerscsv?contestTypeId=9&draftGroupId=153590,153590,9,Selected largest-prize regular Classic MLB draft group after excluding Turbo/Night/qualifier/satellite/showdown/snake/single-stat slates.,RP,Cody Bradford (44153204),Cody Bradford,44153204,P,6300,BOS@TEX 09/16/2026 08:05PM ET,09/16/2026 08:05PM ET,TEX,BOS,home,6,674003,Cody Bradford,mapped,identity_name_team_map,Stable identity seed from old DK-ID map. Pilot join status: matched_people_search_name via mlb_people_search_normalized_name
2026-09-16,2026-09-16T17:42:43.324112+00:00,2026-09-16,DraftKings official lineup CSV,https://www.draftkings.com/lineup/getavailableplayerscsv?contestTypeId=9&draftGroupId=153590,153590,9,Selected largest-prize regular Classic MLB draft group after excluding Turbo/Night/qualifier/satellite/showdown/snake/single-stat slates.,RP,Eduardo Rivera (44153205),Eduardo Rivera,44153205,P,6300,BOS@TEX 09/16/2026 08:05PM ET,09/16/2026 08:05PM ET,BOS,TEX,away,5,,,needs_review_new_player,identity_name_team_map,No reviewed normalized-name/team identity alias; do not auto-guess.
2026-09-16,2026-09-16T17:42:43.324112+00:00,2026-09-16,DraftKings official lineup CSV,https://www.draftkings.com/lineup/getavailableplayerscsv?contestTypeId=9&draftGroupId=153590,153590,9,Selected largest-prize regular Classic MLB draft group after excluding Turbo/Night/qualifier/satellite/showdown/snake/single-stat slates.,SP,Johan Oviedo (44153206),Johan Oviedo,44153206,P,6300,BOS@TEX 09/16/2026 08:05PM ET,09/16/2026 08:05PM ET,BOS,TEX,away,1.5,,,needs_review_new_player,identity_name_team_map,No reviewed normalized-name/team identity alias; do not auto-guess.
2026-09-16,2026-09-16T17:42:43.324112+00:00,2026-09-16,DraftKings official lineup CSV,https://www.draftkings.com/lineup/getavailableplayerscsv?contestTypeId=9&draftGroupId=153590,153590,9,Selected largest-prize regular Classic MLB draft group after excluding Turbo/Night/qualifier/satellite/showdown/snake/single-stat slates.,RP,Jedixson Paez (44153207),Jedixson Paez,44153207,P,6300,BOS@TEX 09/16/2026 08:05PM ET,09/16/2026 08:05PM ET,BOS,TEX,away,-4.6,,,needs_review_new_player,identity_name_team_map,No reviewed normalized-name/team identity alias; do not auto-guess.
2026-09-16,2026-09-16T17:42:43.324112+00:00,2026-09-16,DraftKings official lineup CSV,https://www.draftkings.com/lineup/getavailableplayerscsv?contestTypeId=9&draftGroupId=153590,153590,9,Selected largest-prize regular Classic MLB draft group after excluding Turbo/Night/qualifier/satellite/showdown/snake/single-stat slates.,SP,Ryan Gusto (44152780),Ryan Gusto,44152780,P,6200,MIA@ARI 09/16/2026 09:40PM ET,09/16/2026 09:40PM ET,MIA,ARI,away,8.1,687473,Ryan Gusto,mapped,identity_name_team_map,Proposed from review candidates; basis=exact normalized name + team; role-compatible; statcast_pitcher_2026; confidence=high; sources=statcast_pitcher_2026
2026-09-16,2026-09-16T17:42:43.324112+00:00,2026-09-16,DraftKings official lineup CSV,https://www.draftkings.com/lineup/getavailableplayerscsv?contestTypeId=9&draftGroupId=153590,153590,9,Selected largest-prize regular Classic MLB draft group after excluding Turbo/Night/qualifier/satellite/showdown/snake/single-stat slates.,3B,Manny Machado (44152788),Manny Machado,44152788,3B,6200,SD@COL 09/16/2026 08:40PM ET,09/16/2026 08:40PM ET,SD,COL,away,7.5,592518,Manny Machado,mapped,identity_name_team_map,Stable identity seed from old DK-ID map. Pilot join status: matched via normalized_name_team
2026-09-16,2026-09-16T17:42:43.324112+00:00,2026-09-16,DraftKings official lineup CSV,https://www.draftkings.com/lineup/getavailableplayerscsv?contestTypeId=9&draftGroupId=153590,153590,9,Selected largest-prize regular Classic MLB draft group after excluding Turbo/Night/qualifier/satellite/showdown/snake/single-stat slates.,RP,Dax Fulton (44153208),Dax Fulton,44153208,P,6200,MIA@ARI 09/16/2026 09:40PM ET,09/16/2026 09:40PM ET,MIA,ARI,away,5.6,690978,Dax Fulton,mapped,identity_name_team_map,Proposed from review candidates; basis=exact normalized name + team; role-compatible; statcast_pitcher_2026; confidence=high; sources=statcast_pitcher_2026
2026-09-16,2026-09-16T17:42:43.324112+00:00,2026-09-16,DraftKings official lineup CSV,https://www.draftkings.com/lineup/getavailableplayerscsv?contestTypeId=9&draftGroupId=153590,153590,9,Selected largest-prize regular Classic MLB draft group after excluding Turbo/Night/qualifier/satellite/showdown/snake/single-stat slates.,RP,Cade Gibson (44153209),Cade Gibson,44153209,P,6200,MIA@ARI 09/16/2026 09:40PM ET,09/16/2026 09:40PM ET,MIA,ARI,away,2.4,806188,Cade Gibson,mapped,identity_name_team_map,Proposed from review candidates; basis=exact normalized name + team; role-compatible; statcast_pitcher_2026; confidence=high; sources=statcast_pitcher_2026
2026-09-16,2026-09-16T17:42:43.324112+00:00,2026-09-16,DraftKings official lineup CSV,https://www.draftkings.com/lineup/getavailableplayerscsv?contestTypeId=9&draftGroupId=153590,153590,9,Selected largest-prize regular Classic MLB draft group after excluding Turbo/Night/qualifier/satellite/showdown/snake/single-stat slates.,SP,Bradley Blalock (44153210),Bradley Blalock,44153210,P,6200,MIA@ARI 09/16/2026 09:40PM ET,09/16/2026 09:40PM ET,MIA,ARI,away,8.1,687134,Bradley Blalock,mapped,identity_name_team_map,Proposed from review candidates; basis=exact normalized name + team; role-compatible; statcast_pitcher_2026; confidence=high; sources=statcast_pitcher_2026
2026-09-16,2026-09-16T17:42:43.324112+00:00,2026-09-16,DraftKings official lineup CSV,https://www.draftkings.com/lineup/getavailableplayerscsv?contestTypeId=9&draftGroupId=153590,153590,9,Selected largest-prize regular Classic MLB draft group after excluding Turbo/Night/qualifier/satellite/showdown/snake/single-stat slates.,SP,Robby Snelling (44153211),Robby Snelling,44153211,P,6200,MIA@ARI 09/16/2026 09:40PM ET,09/16/2026 09:40PM ET,MIA,ARI,away,3.9,702281,Robby Snelling,mapped,identity_name_team_map,Proposed from review candidates; basis=exact normalized name + team; role-compatible; statcast_pitcher_2026; confidence=high; sources=statcast_pitcher_2026
2026-09-16,2026-09-16T17:42:43.324112+00:00,2026-09-16,DraftKings official lineup CSV,https://www.draftkings.com/lineup/getavailableplayerscsv?contestTypeId=9&draftGroupId=153590,153590,9,Selected largest-prize regular Classic MLB draft group after excluding Turbo/Night/qualifier/satellite/showdown/snake/single-stat slates.,SP,Adam Mazur (44153212),Adam Mazur,44153212,P,6200,MIA@ARI 09/16/2026 09:40PM ET,09/16/2026 09:40PM ET,MIA,ARI,away,0,,,needs_review_new_player,identity_name_team_map,No reviewed normalized-name/team identity alias; do not auto-guess.
2026-09-16,2026-09-16T17:42:43.324112+00:00,2026-09-16,DraftKings official lineup CSV,https://www.draftkings.com/lineup/getavailableplayerscsv?contestTypeId=9&draftGroupId=153590,153590,9,Selected largest-prize regular Classic MLB draft group after excluding Turbo/Night/qualifier/satellite/showdown/snake/single-stat slates.,RP,Janson Junk (44153213),Janson Junk,44153213,P,6200,MIA@ARI 09/16/2026 09:40PM ET,09/16/2026 09:40PM ET,MIA,ARI,away,9.5,676083,Janson Junk,mapped,identity_name_team_map,Proposed from review candidates; basis=exact normalized name + team; role-compatible; hot-dog-stand-latest.json|statcast_pitcher_2026; confidence=high; sources=hot-dog-stand-latest.json|statcast_pitcher_2026
2026-09-16,2026-09-16T17:42:43.324112+00:00,2026-09-16,DraftKings official lineup CSV,https://www.draftkings.com/lineup/getavailableplayerscsv?contestTypeId=9&draftGroupId=153590,153590,9,Selected largest-prize regular Classic MLB draft group after excluding Turbo/Night/qualifier/satellite/showdown/snake/single-stat slates.,RP,Tyler Phillips (44153214),Tyler Phillips,44153214,P,6200,MIA@ARI 09/16/2026 09:40PM ET,09/16/2026 09:40PM ET,MIA,ARI,away,8.3,663969,Tyler Phillips,mapped,identity_name_team_map,Proposed from review candidates; basis=exact normalized name + team; role-compatible; statcast_pitcher_2026; confidence=high; sources=statcast_pitcher_2026
2026-09-16,2026-09-16T17:42:43.324112+00:00,2026-09-16,DraftKings official lineup CSV,https://www.draftkings.com/lineup/getavailableplayerscsv?contestTypeId=9&draftGroupId=153590,153590,9,Selected largest-prize regular Classic MLB draft group after excluding Turbo/Night/qualifier/satellite/showdown/snake/single-stat slates.,RP,Pete Fairbanks (44153215),Pete Fairbanks,44153215,P,6200,MIA@ARI 09/16/2026 09:40PM ET,09/16/2026 09:40PM ET,MIA,ARI,away,2.8,664126,Pete Fairbanks,mapped,identity_name_team_map,Proposed from review candidates; basis=exact normalized name + team; role-compatible; statcast_pitcher_2026; confidence=high; sources=statcast_pitcher_2026
2026-09-16,2026-09-16T17:42:43.324112+00:00,2026-09-16,DraftKings official lineup CSV,https://www.draftkings.com/lineup/getavailableplayerscsv?contestTypeId=9&draftGroupId=153590,153590,9,Selected largest-prize regular Classic MLB draft group after excluding Turbo/Night/qualifier/satellite/showdown/snake/single-stat slates.,OF,Juan Soto (44152789),Juan Soto,44152789,OF,6100,BAL@NYM 09/16/2026 07:10PM ET,09/16/2026 07:10PM ET,NYM,BAL,home,9.2,665742,Juan Soto,mapped,identity_name_team_map,Stable identity seed from old DK-ID map. Pilot join status: matched via normalized_name_team
2026-09-16,2026-09-16T17:42:43.324112+00:00,2026-09-16,DraftKings official lineup CSV,https://www.draftkings.com/lineup/getavailableplayerscsv?contestTypeId=9&draftGroupId=153590,153590,9,Selected largest-prize regular Classic MLB draft group after excluding Turbo/Night/qualifier/satellite/showdown/snake/single-stat slates.,SP,Cristian Javier (44152781),Cristian Javier,44152781,P,6000,KC@HOU 09/16/2026 08:10PM ET,09/16/2026 08:10PM ET,HOU,KC,home,8.4,664299,Cristian Javier,mapped,identity_name_team_map,Stable identity seed from old DK-ID map. Pilot join status: matched via normalized_name_team
2026-09-16,2026-09-16T17:42:43.324112+00:00,2026-09-16,DraftKings official lineup CSV,https://www.draftkings.com/lineup/getavailableplayerscsv?contestTypeId=9&draftGroupId=153590,153590,9,Selected largest-prize regular Classic MLB draft group after excluding Turbo/Night/qualifier/satellite/showdown/snake/single-stat slates.,OF,Yordan Alvarez (44152790),Yordan Alvarez,44152790,OF,6000,KC@HOU 09/16/2026 08:10PM ET,09/16/2026 08:10PM ET,HOU,KC,home,9.8,670541,Yordan Alvarez,mapped,identity_name_team_map,Stable identity seed from old DK-ID map. Pilot join status: matched via normalized_name_team
2026-09-16,2026-09-16T17:42:43.324112+00:00,2026-09-16,DraftKings official lineup CSV,https://www.draftkings.com/lineup/getavailableplayerscsv?contestTypeId=9&draftGroupId=153590,153590,9,Selected largest-prize regular Classic MLB draft group after excluding Turbo/Night/qualifier/satellite/showdown/snake/single-stat slates.,RP,Ryan Bergert (44153216),Ryan Bergert,44153216,P,6000,KC@HOU 09/16/2026 08:10PM ET,09/16/2026 08:10PM ET,KC,HOU,away,0,686701,Ryan Bergert,mapped,identity_name_team_map,Stable identity seed from old DK-ID map. Pilot join status: matched_people_search_name via mlb_people_search_normalized_name
2026-09-16,2026-09-16T17:42:43.324112+00:00,2026-09-16,DraftKings official lineup CSV,https://www.draftkings.com/lineup/getavailableplayerscsv?contestTypeId=9&draftGroupId=153590,153590,9,Selected largest-prize regular Classic MLB draft group after excluding Turbo/Night/qualifier/satellite/showdown/snake/single-stat slates.,RP,Luinder Avila (44153217),Luinder Avila,44153217,P,6000,KC@HOU 09/16/2026 08:10PM ET,09/16/2026 08:10PM ET,KC,HOU,away,7,679883,Luinder Avila,mapped,identity_name_team_map,Stable identity seed from old DK-ID map. Pilot join status: matched via normalized_name_team
2026-09-16,2026-09-16T17:42:43.324112+00:00,2026-09-16,DraftKings official lineup CSV,https://www.draftkings.com/lineup/getavailableplayerscsv?contestTypeId=9&draftGroupId=153590,153590,9,Selected largest-prize regular Classic MLB draft group after excluding Turbo/Night/qualifier/satellite/showdown/snake/single-stat slates.,SP,Tony Gonsolin (44153218),Tony Gonsolin,44153218,P,6000,KC@HOU 09/16/2026 08:10PM ET,09/16/2026 08:10PM ET,KC,HOU,away,0,,,needs_review_new_player,identity_name_team_map,No reviewed normalized-name/team identity alias; do not auto-guess.
2026-09-16,2026-09-16T17:42:43.324112+00:00,2026-09-16,DraftKings official lineup CSV,https://www.draftkings.com/lineup/getavailableplayerscsv?contestTypeId=9&draftGroupId=153590,153590,9,Selected largest-prize regular Classic MLB draft group after excluding Turbo/Night/qualifier/satellite/showdown/snake/single-stat slates.,RP,Seth Lugo (44153219),Seth Lugo,44153219,P,6000,KC@HOU 09/16/2026 08:10PM ET,09/16/2026 08:10PM ET,KC,HOU,away,10.7,607625,Seth Lugo,mapped,identity_name_team_map,Stable identity seed from old DK-ID map. Pilot join status: matched via normalized_name_team
2026-09-16,2026-09-16T17:42:43.324112+00:00,2026-09-16,DraftKings official lineup CSV,https://www.draftkings.com/lineup/getavailableplayerscsv?contestTypeId=9&draftGroupId=153590,153590,9,Selected largest-prize regular Classic MLB draft group after excluding Turbo/Night/qualifier/satellite/showdown/snake/single-stat slates.,RP,Randy Dobnak (44153220),Randy Dobnak,44153220,P,6000,KC@HOU 09/16/2026 08:10PM ET,09/16/2026 08:10PM ET,KC,HOU,away,12.8,,,needs_review_new_player,identity_name_team_map,No reviewed normalized-name/team identity alias; do not auto-guess.
2026-09-16,2026-09-16T17:42:43.324112+00:00,2026-09-16,DraftKings official lineup CSV,https://www.draftkings.com/lineup/getavailableplayerscsv?contestTypeId=9&draftGroupId=153590,153590,9,Selected largest-prize regular Classic MLB draft group after excluding Turbo/Night/qualifier/satellite/showdown/snake/single-stat slates.,RP,Stephen Kolek (44153221),Stephen Kolek,44153221,P,6000,KC@HOU 09/16/2026 08:10PM ET,09/16/2026 08:10PM ET,KC,HOU,away,11.5,663568,Stephen Kolek,mapped,identity_name_team_map,Stable identity seed from old DK-ID map. Pilot join status: matched via normalized_name_team
2026-09-16,2026-09-16T17:42:43.324112+00:00,2026-09-16,DraftKings official lineup CSV,https://www.draftkings.com/lineup/getavailableplayerscsv?contestTypeId=9&draftGroupId=153590,153590,9,Selected largest-prize regular Classic MLB draft group after excluding Turbo/Night/qualifier/satellite/showdown/snake/single-stat slates.,RP,Kai-Wei Teng (44153222),Kai-Wei Teng,44153222,P,6000,KC@HOU 09/16/2026 08:10PM ET,09/16/2026 08:10PM ET,HOU,KC,home,6.2,678906,Kai-Wei Teng,mapped,identity_name_team_map,Stable identity seed from old DK-ID map. Pilot join status: matched via normalized_name_team
2026-09-16,2026-09-16T17:42:43.324112+00:00,2026-09-16,DraftKings official lineup CSV,https://www.draftkings.com/lineup/getavailableplayerscsv?contestTypeId=9&draftGroupId=153590,153590,9,Selected largest-prize regular Classic MLB draft group after excluding Turbo/Night/qualifier/satellite/showdown/snake/single-stat slates.,SP,Mike Burrows (44153223),Mike Burrows,44153223,P,6000,KC@HOU 09/16/2026 08:10PM ET,09/16/2026 08:10PM ET,HOU,KC,home,9,681347,Mike Burrows,mapped,identity_name_team_map,Stable identity seed from old DK-ID map. Pilot join status: matched via normalized_name_team
2026-09-16,2026-09-16T17:42:43.324112+00:00,2026-09-16,DraftKings official lineup CSV,https://www.draftkings.com/lineup/getavailableplayerscsv?contestTypeId=9&draftGroupId=153590,153590,9,Selected largest-prize regular Classic MLB draft group after excluding Turbo/Night/qualifier/satellite/showdown/snake/single-stat slates.,RP,Jason Alexander (44153224),Jason Alexander,44153224,P,6000,KC@HOU 09/16/2026 08:10PM ET,09/16/2026 08:10PM ET,HOU,KC,home,4.3,669920,Jason Alexander,mapped,identity_name_team_map,Stable identity seed from old DK-ID map. Pilot join status: matched via normalized_name_team
2026-09-16,2026-09-16T17:42:43.324112+00:00,2026-09-16,DraftKings official lineup CSV,https://www.draftkings.com/lineup/getavailableplayerscsv?contestTypeId=9&draftGroupId=153590,153590,9,Selected largest-prize regular Classic MLB draft group after excluding Turbo/Night/qualifier/satellite/showdown/snake/single-stat slates.,RP,AJ Blubaugh (44153225),AJ Blubaugh,44153225,P,6000,KC@HOU 09/16/2026 08:10PM ET,09/16/2026 08:10PM ET,HOU,KC,home,4.6,805123,AJ Blubaugh,mapped,identity_name_team_map,Stable identity seed from old DK-ID map. Pilot join status: matched via normalized_name_team
2026-09-16,2026-09-16T17:42:43.324112+00:00,2026-09-16,DraftKings official lineup CSV,https://www.draftkings.com/lineup/getavailableplayerscsv?contestTypeId=9&draftGroupId=153590,153590,9,Selected largest-prize regular Classic MLB draft group after excluding Turbo/Night/qualifier/satellite/showdown/snake/single-stat slates.,SP,Ethan Pecko (44153226),Ethan Pecko,44153226,P,6000,KC@HOU 09/16/2026 08:10PM ET,09/16/2026 08:10PM ET,HOU,KC,home,9,,,needs_review_new_player,identity_name_team_map,No reviewed normalized-name/team identity alias; do not auto-guess.
2026-09-16,2026-09-16T17:42:43.324112+00:00,2026-09-16,DraftKings official lineup CSV,https://www.draftkings.com/lineup/getavailableplayerscsv?contestTypeId=9&draftGroupId=153590,153590,9,Selected largest-prize regular Classic MLB draft group after excluding Turbo/Night/qualifier/satellite/showdown/snake/single-stat slates.,SP,Miguel Ullola (44153227),Miguel Ullola,44153227,P,6000,KC@HOU 09/16/2026 08:10PM ET,09/16/2026 08:10PM ET,HOU,KC,home,4.7,699044,Miguel Ullola,mapped,identity_name_team_map,Stable identity seed from old DK-ID map. Pilot join status: matched_people_search_name via mlb_people_search_normalized_name
2026-09-16,2026-09-16T17:42:43.324112+00:00,2026-09-16,DraftKings official lineup CSV,https://www.draftkings.com/lineup/getavailableplayerscsv?contestTypeId=9&draftGroupId=153590,153590,9,Selected largest-prize regular Classic MLB draft group after excluding Turbo/Night/qualifier/satellite/showdown/snake/single-stat slates.,RP,Alimber Santa (44153228),Alimber Santa,44153228,P,6000,KC@HOU 09/16/2026 08:10PM ET,09/16/2026 08:10PM ET,HOU,KC,home,4,695001,Alimber Santa,mapped,identity_name_team_map,Stable identity seed from old DK-ID map. Pilot join status: matched via normalized_name_team
2026-09-16,2026-09-16T17:42:43.324112+00:00,2026-09-16,DraftKings official lineup CSV,https://www.draftkings.com/lineup/getavailableplayerscsv?contestTypeId=9&draftGroupId=153590,153590,9,Selected largest-prize regular Classic MLB draft group after excluding Turbo/Night/qualifier/satellite/showdown/snake/single-stat slates.,C,Hunter Goodman (44152791),Hunter Goodman,44152791,C,5900,SD@COL 09/16/2026 08:40PM ET,09/16/2026 08:40PM ET,COL,SD,home,8.6,696100,Hunter Goodman,mapped,identity_name_team_map,Stable identity seed from old DK-ID map. Pilot join status: matched via normalized_name_team
2026-09-16,2026-09-16T17:42:43.324112+00:00,2026-09-16,DraftKings official lineup CSV,https://www.draftkings.com/lineup/getavailableplayerscsv?contestTypeId=9&draftGroupId=153590,153590,9,Selected largest-prize regular Classic MLB draft group after excluding Turbo/Night/qualifier/satellite/showdown/snake/single-stat slates.,SP,Mitch Bratt (44153229),Mitch Bratt,44153229,P,5900,MIA@ARI 09/16/2026 09:40PM ET,09/16/2026 09:40PM ET,ARI,MIA,home,7.6,,,needs_review_new_player,identity_name_team_map,No reviewed normalized-name/team identity alias; do not auto-guess.
2026-09-16,2026-09-16T17:42:43.324112+00:00,2026-09-16,DraftKings official lineup CSV,https://www.draftkings.com/lineup/getavailableplayerscsv?contestTypeId=9&draftGroupId=153590,153590,9,Selected largest-prize regular Classic MLB draft group after excluding Turbo/Night/qualifier/satellite/showdown/snake/single-stat slates.,SS,Bobby Witt Jr. (44152792),Bobby Witt Jr.,44152792,SS,5800,KC@HOU 09/16/2026 08:10PM ET,09/16/2026 08:10PM ET,KC,HOU,away,9.3,677951,Bobby Witt Jr.,mapped,identity_name_team_map,Stable identity seed from old DK-ID map. Pilot join status: matched via normalized_name_team
2026-09-16,2026-09-16T17:42:43.324112+00:00,2026-09-16,DraftKings official lineup CSV,https://www.draftkings.com/lineup/getavailableplayerscsv?contestTypeId=9&draftGroupId=153590,153590,9,Selected largest-prize regular Classic MLB draft group after excluding Turbo/Night/qualifier/satellite/showdown/snake/single-stat slates.,RP,Aaron Civale (44153230),Aaron Civale,44153230,P,5800,ATL@CHC 09/16/2026 07:40PM ET,09/16/2026 07:40PM ET,CHC,ATL,home,8.2,650644,Aaron Civale,needs_review_team_change,identity_name_unique_mlbam,Name maps to one reviewed MLBAM identity but not this DK team; review as team-change/new alias before trusting automation.
2026-09-16,2026-09-16T17:42:43.324112+00:00,2026-09-16,DraftKings official lineup CSV,https://www.draftkings.com/lineup/getavailableplayerscsv?contestTypeId=9&draftGroupId=153590,153590,9,Selected largest-prize regular Classic MLB draft group after excluding Turbo/Night/qualifier/satellite/showdown/snake/single-stat slates.,RP,Colin Rea (44153231),Colin Rea,44153231,P,5800,ATL@CHC 09/16/2026 07:40PM ET,09/16/2026 07:40PM ET,CHC,ATL,home,9.2,607067,Colin Rea,mapped,identity_name_team_map,Stable identity seed from old DK-ID map. Pilot join status: matched via normalized_name_team
2026-09-16,2026-09-16T17:42:43.324112+00:00,2026-09-16,DraftKings official lineup CSV,https://www.draftkings.com/lineup/getavailableplayerscsv?contestTypeId=9&draftGroupId=153590,153590,9,Selected largest-prize regular Classic MLB draft group after excluding Turbo/Night/qualifier/satellite/showdown/snake/single-stat slates.,SP,Jordan Wicks (44153232),Jordan Wicks,44153232,P,5800,ATL@CHC 09/16/2026 07:40PM ET,09/16/2026 07:40PM ET,CHC,ATL,home,0.7,696136,Jordan Wicks,mapped,identity_name_team_map,Stable identity seed from old DK-ID map. Pilot join status: matched via normalized_name_team
2026-09-16,2026-09-16T17:42:43.324112+00:00,2026-09-16,DraftKings official lineup CSV,https://www.draftkings.com/lineup/getavailableplayerscsv?contestTypeId=9&draftGroupId=153590,153590,9,Selected largest-prize regular Classic MLB draft group after excluding Turbo/Night/qualifier/satellite/showdown/snake/single-stat slates.,RP,Ethan Roberts (44153233),Ethan Roberts,44153233,P,5800,ATL@CHC 09/16/2026 07:40PM ET,09/16/2026 07:40PM ET,CHC,ATL,home,1.9,681799,Ethan Roberts,mapped,identity_name_team_map,Stable identity seed from old DK-ID map. Pilot join status: matched via normalized_name_team
2026-09-16,2026-09-16T17:42:43.324112+00:00,2026-09-16,DraftKings official lineup CSV,https://www.draftkings.com/lineup/getavailableplayerscsv?contestTypeId=9&draftGroupId=153590,153590,9,Selected largest-prize regular Classic MLB draft group after excluding Turbo/Night/qualifier/satellite/showdown/snake/single-stat slates.,SP,David Peterson (44153234),David Peterson,44153234,P,5800,ATL@CHC 09/16/2026 07:40PM ET,09/16/2026 07:40PM ET,CHC,ATL,home,10.1,656849,David Peterson,needs_review_team_change,identity_name_unique_mlbam,Name maps to one reviewed MLBAM identity but not this DK team; review as team-change/new alias before trusting automation.
2026-09-16,2026-09-16T17:42:43.324112+00:00,2026-09-16,DraftKings official lineup CSV,https://www.draftkings.com/lineup/getavailableplayerscsv?contestTypeId=9&draftGroupId=153590,153590,9,Selected largest-prize regular Classic MLB draft group after excluding Turbo/Night/qualifier/satellite/showdown/snake/single-stat slates.,SP,Braxton Garrett (44153235),Braxton Garrett,44153235,P,5800,ATL@CHC 09/16/2026 07:40PM ET,09/16/2026 07:40PM ET,CHC,ATL,home,-1.6,666129,Braxton Garrett,needs_review_team_change,identity_name_unique_mlbam,Name maps to one reviewed MLBAM identity but not this DK team; review as team-change/new alias before trusting automation.
2026-09-16,2026-09-16T17:42:43.324112+00:00,2026-09-16,DraftKings official lineup CSV,https://www.draftkings.com/lineup/getavailableplayerscsv?contestTypeId=9&draftGroupId=153590,153590,9,Selected largest-prize regular Classic MLB draft group after excluding Turbo/Night/qualifier/satellite/showdown/snake/single-stat slates.,OF,Jackson Merrill (44152793),Jackson Merrill,44152793,OF,5700,SD@COL 09/16/2026 08:40PM ET,09/16/2026 08:40PM ET,SD,COL,away,8.2,701538,Jackson Merrill,mapped,identity_name_team_map,Stable identity seed from old DK-ID map. Pilot join status: matched via normalized_name_team
2026-09-16,2026-09-16T17:42:43.324112+00:00,2026-09-16,DraftKings official lineup CSV,https://www.draftkings.com/lineup/getavailableplayerscsv?contestTypeId=9&draftGroupId=153590,153590,9,Selected largest-prize regular Classic MLB draft group after excluding Turbo/Night/qualifier/satellite/showdown/snake/single-stat slates.,3B,Alex Bregman (44152794),Alex Bregman,44152794,3B,5700,ATL@CHC 09/16/2026 07:40PM ET,09/16/2026 07:40PM ET,CHC,ATL,home,8.2,608324,Alex Bregman,mapped,identity_name_team_map,Stable identity seed from old DK-ID map. Pilot join status: matched via normalized_name_team
2026-09-16,2026-09-16T17:42:43.324112+00:00,2026-09-16,DraftKings official lineup CSV,https://www.draftkings.com/lineup/getavailableplayerscsv?contestTypeId=9&draftGroupId=153590,153590,9,Selected largest-prize regular Classic MLB draft group after excluding Turbo/Night/qualifier/satellite/showdown/snake/single-stat slates.,RP,Joey Wentz (44153236),Joey Wentz,44153236,P,5700,ATL@CHC 09/16/2026 07:40PM ET,09/16/2026 07:40PM ET,ATL,CHC,away,0,666214,Joey Wentz,mapped,identity_name_team_map,Stable identity seed from old DK-ID map. Pilot join status: matched_people_search_name via mlb_people_search_normalized_name
2026-09-16,2026-09-16T17:42:43.324112+00:00,2026-09-16,DraftKings official lineup CSV,https://www.draftkings.com/lineup/getavailableplayerscsv?contestTypeId=9&draftGroupId=153590,153590,9,Selected largest-prize regular Classic MLB draft group after excluding Turbo/Night/qualifier/satellite/showdown/snake/single-stat slates.,RP,Owen Murphy (44153237),Owen Murphy,44153237,P,5700,ATL@CHC 09/16/2026 07:40PM ET,09/16/2026 07:40PM ET,ATL,CHC,away,5.2,,,needs_review_new_player,identity_name_team_map,No reviewed normalized-name/team identity alias; do not auto-guess.
2026-09-16,2026-09-16T17:42:43.324112+00:00,2026-09-16,DraftKings official lineup CSV,https://www.draftkings.com/lineup/getavailableplayerscsv?contestTypeId=9&draftGroupId=153590,153590,9,Selected largest-prize regular Classic MLB draft group after excluding Turbo/Night/qualifier/satellite/showdown/snake/single-stat slates.,RP,Victor Mederos (44153238),Victor Mederos,44153238,P,5700,ATL@CHC 09/16/2026 07:40PM ET,09/16/2026 07:40PM ET,ATL,CHC,away,3.5,682989,Victor Mederos,mapped,identity_name_team_map,Stable identity seed from old DK-ID map. Pilot join status: matched via normalized_name_team
2026-09-16,2026-09-16T17:42:43.324112+00:00,2026-09-16,DraftKings official lineup CSV,https://www.draftkings.com/lineup/getavailableplayerscsv?contestTypeId=9&draftGroupId=153590,153590,9,Selected largest-prize regular Classic MLB draft group after excluding Turbo/Night/qualifier/satellite/showdown/snake/single-stat slates.,RP,Didier Fuentes (44153239),Didier Fuentes,44153239,P,5700,ATL@CHC 09/16/2026 07:40PM ET,09/16/2026 07:40PM ET,ATL,CHC,away,5.1,800311,Didier Fuentes,mapped,identity_name_team_map,Stable identity seed from old DK-ID map. Pilot join status: matched via normalized_name_team
2026-09-16,2026-09-16T17:42:43.324112+00:00,2026-09-16,DraftKings official lineup CSV,https://www.draftkings.com/lineup/getavailableplayerscsv?contestTypeId=9&draftGroupId=153590,153590,9,Selected largest-prize regular Classic MLB draft group after excluding Turbo/Night/qualifier/satellite/showdown/snake/single-stat slates.,OF,Ronald Acuna Jr. (44152795),Ronald Acuna Jr.,44152795,OF,5600,ATL@CHC 09/16/2026 07:40PM ET,09/16/2026 07:40PM ET,ATL,CHC,away,8.8,660670,Ronald Acuña Jr.,mapped,identity_name_team_map,Stable identity seed from old DK-ID map. Pilot join status: matched via normalized_name_team
2026-09-16,2026-09-16T17:42:43.324112+00:00,2026-09-16,DraftKings official lineup CSV,https://www.draftkings.com/lineup/getavailableplayerscsv?contestTypeId=9&draftGroupId=153590,153590,9,Selected largest-prize regular Classic MLB draft group after excluding Turbo/Night/qualifier/satellite/showdown/snake/single-stat slates.,SP,Chris Bassitt (44152782),Chris Bassitt,44152782,P,5500,BAL@NYM 09/16/2026 07:10PM ET,09/16/2026 07:10PM ET,BAL,NYM,away,9.6,,,needs_review_new_player,identity_name_team_map,No reviewed normalized-name/team identity alias; do not auto-guess.
2026-09-16,2026-09-16T17:42:43.324112+00:00,2026-09-16,DraftKings official lineup CSV,https://www.draftkings.com/lineup/getavailableplayerscsv?contestTypeId=9&draftGroupId=153590,153590,9,Selected largest-prize regular Classic MLB draft group after excluding Turbo/Night/qualifier/satellite/showdown/snake/single-stat slates.,OF,Jake McCarthy (44152796),Jake McCarthy,44152796,OF,5500,SD@COL 09/16/2026 08:40PM ET,09/16/2026 08:40PM ET,COL,SD,home,8.8,664983,Jake McCarthy,mapped,identity_name_team_map,Stable identity seed from old DK-ID map. Pilot join status: matched via normalized_name_team
2026-09-16,2026-09-16T17:42:43.324112+00:00,2026-09-16,DraftKings official lineup CSV,https://www.draftkings.com/lineup/getavailableplayerscsv?contestTypeId=9&draftGroupId=153590,153590,9,Selected largest-prize regular Classic MLB draft group after excluding Turbo/Night/qualifier/satellite/showdown/snake/single-stat slates.,RP,Luis De Leon (44153240),Luis De Leon,44153240,P,5500,BAL@NYM 09/16/2026 07:10PM ET,09/16/2026 07:10PM ET,BAL,NYM,away,3.3,,,needs_review_new_player,identity_name_team_map,No reviewed normalized-name/team identity alias; do not auto-guess.
2026-09-16,2026-09-16T17:42:43.324112+00:00,2026-09-16,DraftKings official lineup CSV,https://www.draftkings.com/lineup/getavailableplayerscsv?contestTypeId=9&draftGroupId=153590,153590,9,Selected largest-prize regular Classic MLB draft group after excluding Turbo/Night/qualifier/satellite/showdown/snake/single-stat slates.,RP,Keegan Akin (44153241),Keegan Akin,44153241,P,5500,BAL@NYM 09/16/2026 07:10PM ET,09/16/2026 07:10PM ET,BAL,NYM,away,1.5,,,needs_review_new_player,identity_name_team_map,No reviewed normalized-name/team identity alias; do not auto-guess.
2026-09-16,2026-09-16T17:42:43.324112+00:00,2026-09-16,DraftKings official lineup CSV,https://www.draftkings.com/lineup/getavailableplayerscsv?contestTypeId=9&draftGroupId=153590,153590,9,Selected largest-prize regular Classic MLB draft group after excluding Turbo/Night/qualifier/satellite/showdown/snake/single-stat slates.,SP,Trey Gibson (44153242),Trey Gibson,44153242,P,5500,BAL@NYM 09/16/2026 07:10PM ET,09/16/2026 07:10PM ET,BAL,NYM,away,5.7,,,needs_review_new_player,identity_name_team_map,No reviewed normalized-name/team identity alias; do not auto-guess.
2026-09-16,2026-09-16T17:42:43.324112+00:00,2026-09-16,DraftKings official lineup CSV,https://www.draftkings.com/lineup/getavailableplayerscsv?contestTypeId=9&draftGroupId=153590,153590,9,Selected largest-prize regular Classic MLB draft group after excluding Turbo/Night/qualifier/satellite/showdown/snake/single-stat slates.,SP,Chase Dollander (44153243),Chase Dollander,44153243,P,5500,SD@COL 09/16/2026 08:40PM ET,09/16/2026 08:40PM ET,COL,SD,home,13.1,801403,Chase Dollander,mapped,identity_name_team_map,Stable identity seed from old DK-ID map. Pilot join status: matched via normalized_name_team
2026-09-16,2026-09-16T17:42:43.324112+00:00,2026-09-16,DraftKings official lineup CSV,https://www.draftkings.com/lineup/getavailableplayerscsv?contestTypeId=9&draftGroupId=153590,153590,9,Selected largest-prize regular Classic MLB draft group after excluding Turbo/Night/qualifier/satellite/showdown/snake/single-stat slates.,RP,Zach Agnos (44153244),Zach Agnos,44153244,P,5500,SD@COL 09/16/2026 08:40PM ET,09/16/2026 08:40PM ET,COL,SD,home,2.7,688642,Zach Agnos,mapped,identity_name_team_map,Stable identity seed from old DK-ID map. Pilot join status: matched via normalized_name_team
2026-09-16,2026-09-16T17:42:43.324112+00:00,2026-09-16,DraftKings official lineup CSV,https://www.draftkings.com/lineup/getavailableplayerscsv?contestTypeId=9&draftGroupId=153590,153590,9,Selected largest-prize regular Classic MLB draft group after excluding Turbo/Night/qualifier/satellite/showdown/snake/single-stat slates.,SP,Pierson Ohl (44153245),Pierson Ohl,44153245,P,5500,SD@COL 09/16/2026 08:40PM ET,09/16/2026 08:40PM ET,COL,SD,home,0,701487,Pierson Ohl,mapped,identity_name_team_map,Stable identity seed from old DK-ID map. Pilot join status: matched_people_search_name via mlb_people_search_normalized_name
2026-09-16,2026-09-16T17:42:43.324112+00:00,2026-09-16,DraftKings official lineup CSV,https://www.draftkings.com/lineup/getavailableplayerscsv?contestTypeId=9&draftGroupId=153590,153590,9,Selected largest-prize regular Classic MLB draft group after excluding Turbo/Night/qualifier/satellite/showdown/snake/single-stat slates.,RP,Tanner Gordon (44153246),Tanner Gordon,44153246,P,5500,SD@COL 09/16/2026 08:40PM ET,09/16/2026 08:40PM ET,COL,SD,home,8.1,685299,Tanner Gordon,mapped,identity_name_team_map,Stable identity seed from old DK-ID map. Pilot join status: matched via normalized_name_team
2026-09-16,2026-09-16T17:42:43.324112+00:00,2026-09-16,DraftKings official lineup CSV,https://www.draftkings.com/lineup/getavailableplayerscsv?contestTypeId=9&draftGroupId=153590,153590,9,Selected largest-prize regular Classic MLB draft group after excluding Turbo/Night/qualifier/satellite/showdown/snake/single-stat slates.,SP,Sean Sullivan (44153247),Sean Sullivan,44153247,P,5500,SD@COL 09/16/2026 08:40PM ET,09/16/2026 08:40PM ET,COL,SD,home,1.9,,,needs_review_new_player,identity_name_team_map,No reviewed normalized-name/team identity alias; do not auto-guess.
2026-09-16,2026-09-16T17:42:43.324112+00:00,2026-09-16,DraftKings official lineup CSV,https://www.draftkings.com/lineup/getavailableplayerscsv?contestTypeId=9&draftGroupId=153590,153590,9,Selected largest-prize regular Classic MLB draft group after excluding Turbo/Night/qualifier/satellite/showdown/snake/single-stat slates.,RP,Gabriel Hughes (44153248),Gabriel Hughes,44153248,P,5500,SD@COL 09/16/2026 08:40PM ET,09/16/2026 08:40PM ET,COL,SD,home,7.4,687312,Gabriel Hughes,mapped,identity_name_team_map,Stable identity seed from old DK-ID map. Pilot join status: matched_people_search_name via mlb_people_search_normalized_name
2026-09-16,2026-09-16T17:42:43.324112+00:00,2026-09-16,DraftKings official lineup CSV,https://www.draftkings.com/lineup/getavailableplayerscsv?contestTypeId=9&draftGroupId=153590,153590,9,Selected largest-prize regular Classic MLB draft group after excluding Turbo/Night/qualifier/satellite/showdown/snake/single-stat slates.,SP,Kyle Freeland (44153249),Kyle Freeland,44153249,P,5500,SD@COL 09/16/2026 08:40PM ET,09/16/2026 08:40PM ET,COL,SD,home,8.7,607536,Kyle Freeland,mapped,identity_name_team_map,Stable identity seed from old DK-ID map. Pilot join status: matched via normalized_name_team
2026-09-16,2026-09-16T17:42:43.324112+00:00,2026-09-16,DraftKings official lineup CSV,https://www.draftkings.com/lineup/getavailableplayerscsv?contestTypeId=9&draftGroupId=153590,153590,9,Selected largest-prize regular Classic MLB draft group after excluding Turbo/Night/qualifier/satellite/showdown/snake/single-stat slates.,RP,Tomoyuki Sugano (44153250),Tomoyuki Sugano,44153250,P,5500,SD@COL 09/16/2026 08:40PM ET,09/16/2026 08:40PM ET,COL,SD,home,9,608372,Tomoyuki Sugano,mapped,identity_name_team_map,Stable identity seed from old DK-ID map. Pilot join status: matched via normalized_name_team
2026-09-16,2026-09-16T17:42:43.324112+00:00,2026-09-16,DraftKings official lineup CSV,https://www.draftkings.com/lineup/getavailableplayerscsv?contestTypeId=9&draftGroupId=153590,153590,9,Selected largest-prize regular Classic MLB draft group after excluding Turbo/Night/qualifier/satellite/showdown/snake/single-stat slates.,RP,Jose Quintana (44153251),Jose Quintana,44153251,P,5500,SD@COL 09/16/2026 08:40PM ET,09/16/2026 08:40PM ET,COL,SD,home,6.1,500779,Jose Quintana,mapped,identity_name_team_map,Stable identity seed from old DK-ID map. Pilot join status: matched via normalized_name_team
2026-09-16,2026-09-16T17:42:43.324112+00:00,2026-09-16,DraftKings official lineup CSV,https://www.draftkings.com/lineup/getavailableplayerscsv?contestTypeId=9&draftGroupId=153590,153590,9,Selected largest-prize regular Classic MLB draft group after excluding Turbo/Night/qualifier/satellite/showdown/snake/single-stat slates.,SP,Ryan Feltner (44153252),Ryan Feltner,44153252,P,5500,SD@COL 09/16/2026 08:40PM ET,09/16/2026 08:40PM ET,COL,SD,home,8.6,663372,Ryan Feltner,mapped,identity_name_team_map,Stable identity seed from old DK-ID map. Pilot join status: matched via normalized_name_team
2026-09-16,2026-09-16T17:42:43.324112+00:00,2026-09-16,DraftKings official lineup CSV,https://www.draftkings.com/lineup/getavailableplayerscsv?contestTypeId=9&draftGroupId=153590,153590,9,Selected largest-prize regular Classic MLB draft group after excluding Turbo/Night/qualifier/satellite/showdown/snake/single-stat slates.,OF,Randy Arozarena (44152797),Randy Arozarena,44152797,OF,5400,SEA@LAA 09/16/2026 09:38PM ET,09/16/2026 09:38PM ET,SEA,LAA,away,9.1,,,needs_review_new_player,identity_name_team_map,No reviewed normalized-name/team identity alias; do not auto-guess.
2026-09-16,2026-09-16T17:42:43.324112+00:00,2026-09-16,DraftKings official lineup CSV,https://www.draftkings.com/lineup/getavailableplayerscsv?contestTypeId=9&draftGroupId=153590,153590,9,Selected largest-prize regular Classic MLB draft group after excluding Turbo/Night/qualifier/satellite/showdown/snake/single-stat slates.,SP,Dylan Ray (44153253),Dylan Ray,44153253,P,5400,MIA@ARI 09/16/2026 09:40PM ET,09/16/2026 09:40PM ET,ARI,MIA,home,0,,,needs_review_new_player,identity_name_team_map,No reviewed normalized-name/team identity alias; do not auto-guess.
2026-09-16,2026-09-16T17:42:43.324112+00:00,2026-09-16,DraftKings official lineup CSV,https://www.draftkings.com/lineup/getavailableplayerscsv?contestTypeId=9&draftGroupId=153590,153590,9,Selected largest-prize regular Classic MLB draft group after excluding Turbo/Night/qualifier/satellite/showdown/snake/single-stat slates.,RP,Gerardo Carrillo (44153254),Gerardo Carrillo,44153254,P,5400,MIA@ARI 09/16/2026 09:40PM ET,09/16/2026 09:40PM ET,ARI,MIA,home,4.5,,,needs_review_new_player,identity_name_team_map,No reviewed normalized-name/team identity alias; do not auto-guess.
2026-09-16,2026-09-16T17:42:43.324112+00:00,2026-09-16,DraftKings official lineup CSV,https://www.draftkings.com/lineup/getavailableplayerscsv?contestTypeId=9&draftGroupId=153590,153590,9,Selected largest-prize regular Classic MLB draft group after excluding Turbo/Night/qualifier/satellite/showdown/snake/single-stat slates.,SP,Cristian Mena (44153255),Cristian Mena,44153255,P,5400,MIA@ARI 09/16/2026 09:40PM ET,09/16/2026 09:40PM ET,ARI,MIA,home,0,,,needs_review_new_player,identity_name_team_map,No reviewed normalized-name/team identity alias; do not auto-guess.
2026-09-16,2026-09-16T17:42:43.324112+00:00,2026-09-16,DraftKings official lineup CSV,https://www.draftkings.com/lineup/getavailableplayerscsv?contestTypeId=9&draftGroupId=153590,153590,9,Selected largest-prize regular Classic MLB draft group after excluding Turbo/Night/qualifier/satellite/showdown/snake/single-stat slates.,RP,Kohl Drake (44153256),Kohl Drake,44153256,P,5400,MIA@ARI 09/16/2026 09:40PM ET,09/16/2026 09:40PM ET,ARI,MIA,home,5.9,,,needs_review_new_player,identity_name_team_map,No reviewed normalized-name/team identity alias; do not auto-guess.
2026-09-16,2026-09-16T17:42:43.324112+00:00,2026-09-16,DraftKings official lineup CSV,https://www.draftkings.com/lineup/getavailableplayerscsv?contestTypeId=9&draftGroupId=153590,153590,9,Selected largest-prize regular Classic MLB draft group after excluding Turbo/Night/qualifier/satellite/showdown/snake/single-stat slates.,SP,Zac Gallen (44153257),Zac Gallen,44153257,P,5400,MIA@ARI 09/16/2026 09:40PM ET,09/16/2026 09:40PM ET,ARI,MIA,home,6.3,,,needs_review_new_player,identity_name_team_map,No reviewed normalized-name/team identity alias; do not auto-guess.
2026-09-16,2026-09-16T17:42:43.324112+00:00,2026-09-16,DraftKings official lineup CSV,https://www.draftkings.com/lineup/getavailableplayerscsv?contestTypeId=9&draftGroupId=153590,153590,9,Selected largest-prize regular Classic MLB draft group after excluding Turbo/Night/qualifier/satellite/showdown/snake/single-stat slates.,SP,Jose Cabrera (44153258),Jose Cabrera,44153258,P,5400,MIA@ARI 09/16/2026 09:40PM ET,09/16/2026 09:40PM ET,ARI,MIA,home,6.7,,,needs_review_new_player,identity_name_team_map,No reviewed normalized-name/team identity alias; do not auto-guess.
2026-09-16,2026-09-16T17:42:43.324112+00:00,2026-09-16,DraftKings official lineup CSV,https://www.draftkings.com/lineup/getavailableplayerscsv?contestTypeId=9&draftGroupId=153590,153590,9,Selected largest-prize regular Classic MLB draft group after excluding Turbo/Night/qualifier/satellite/showdown/snake/single-stat slates.,SP,Robert Stock (44152783),Robert Stock,44152783,P,5300,BAL@NYM 09/16/2026 07:10PM ET,09/16/2026 07:10PM ET,NYM,BAL,home,7,,,needs_review_new_player,identity_name_team_map,No reviewed normalized-name/team identity alias; do not auto-guess.
2026-09-16,2026-09-16T17:42:43.324112+00:00,2026-09-16,DraftKings official lineup CSV,https://www.draftkings.com/lineup/getavailableplayerscsv?contestTypeId=9&draftGroupId=153590,153590,9,Selected largest-prize regular Classic MLB draft group after excluding Turbo/Night/qualifier/satellite/showdown/snake/single-stat slates.,1B,Pete Alonso (44152798),Pete Alonso,44152798,1B,5300,BAL@NYM 09/16/2026 07:10PM ET,09/16/2026 07:10PM ET,BAL,NYM,away,8.8,,,needs_review_new_player,identity_name_team_map,No reviewed normalized-name/team identity alias; do not auto-guess.
2026-09-16,2026-09-16T17:42:43.324112+00:00,2026-09-16,DraftKings official lineup CSV,https://www.draftkings.com/lineup/getavailableplayerscsv?contestTypeId=9&draftGroupId=153590,153590,9,Selected largest-prize regular Classic MLB draft group after excluding Turbo/Night/qualifier/satellite/showdown/snake/single-stat slates.,OF,Jac Caglianone (44152799),Jac Caglianone,44152799,OF,5300,KC@HOU 09/16/2026 08:10PM ET,09/16/2026 08:10PM ET,KC,HOU,away,7.5,695506,Jac Caglianone,mapped,identity_name_team_map,Stable identity seed from old DK-ID map. Pilot join status: matched via normalized_name_team
2026-09-16,2026-09-16T17:42:43.324112+00:00,2026-09-16,DraftKings official lineup CSV,https://www.draftkings.com/lineup/getavailableplayerscsv?contestTypeId=9&draftGroupId=153590,153590,9,Selected largest-prize regular Classic MLB draft group after excluding Turbo/Night/qualifier/satellite/showdown/snake/single-stat slates.,SP,David Davalillo (44153259),David Davalillo,44153259,P,5300,BOS@TEX 09/16/2026 08:05PM ET,09/16/2026 08:05PM ET,TEX,BOS,home,0,699314,David Davalillo,mapped,identity_name_team_map,Stable identity seed from old DK-ID map. Pilot join status: matched_people_search_name via mlb_people_search_normalized_name
2026-09-16,2026-09-16T17:42:43.324112+00:00,2026-09-16,DraftKings official lineup CSV,https://www.draftkings.com/lineup/getavailableplayerscsv?contestTypeId=9&draftGroupId=153590,153590,9,Selected largest-prize regular Classic MLB draft group after excluding Turbo/Night/qualifier/satellite/showdown/snake/single-stat slates.,SP,Leandro Lopez (44153260),Leandro Lopez,44153260,P,5300,BOS@TEX 09/16/2026 08:05PM ET,09/16/2026 08:05PM ET,TEX,BOS,home,0,699214,Leandro Lopez,mapped,identity_name_team_map,Stable identity seed from old DK-ID map. Pilot join status: matched_people_search_name via mlb_people_search_normalized_name
2026-09-16,2026-09-16T17:42:43.324112+00:00,2026-09-16,DraftKings official lineup CSV,https://www.draftkings.com/lineup/getavailableplayerscsv?contestTypeId=9&draftGroupId=153590,153590,9,Selected largest-prize regular Classic MLB draft group after excluding Turbo/Night/qualifier/satellite/showdown/snake/single-stat slates.,SP,Jose Corniell (44153261),Jose Corniell,44153261,P,5300,BOS@TEX 09/16/2026 08:05PM ET,09/16/2026 08:05PM ET,TEX,BOS,home,-5.6,692030,Jose Corniell,mapped,identity_name_team_map,Stable identity seed from old DK-ID map. Pilot join status: matched_people_search_name via mlb_people_search_normalized_name
2026-09-16,2026-09-16T17:42:43.324112+00:00,2026-09-16,DraftKings official lineup CSV,https://www.draftkings.com/lineup/getavailableplayerscsv?contestTypeId=9&draftGroupId=153590,153590,9,Selected largest-prize regular Classic MLB draft group after excluding Turbo/Night/qualifier/satellite/showdown/snake/single-stat slates.,RP,Trevor Williams (44153262),Trevor Williams,44153262,P,5300,BOS@TEX 09/16/2026 08:05PM ET,09/16/2026 08:05PM ET,TEX,BOS,home,6,592866,Trevor Williams,needs_review_team_change,identity_name_unique_mlbam,Name maps to one reviewed MLBAM identity but not this DK team; review as team-change/new alias before trusting automation.
2026-09-16,2026-09-16T17:42:43.324112+00:00,2026-09-16,DraftKings official lineup CSV,https://www.draftkings.com/lineup/getavailableplayerscsv?contestTypeId=9&draftGroupId=153590,153590,9,Selected largest-prize regular Classic MLB draft group after excluding Turbo/Night/qualifier/satellite/showdown/snake/single-stat slates.,RP,Tyler Alexander (44153263),Tyler Alexander,44153263,P,5300,BOS@TEX 09/16/2026 08:05PM ET,09/16/2026 08:05PM ET,TEX,BOS,home,2.7,641302,Tyler Alexander,mapped,identity_name_team_map,Stable identity seed from old DK-ID map. Pilot join status: matched via normalized_name_team
2026-09-16,2026-09-16T17:42:43.324112+00:00,2026-09-16,DraftKings official lineup CSV,https://www.draftkings.com/lineup/getavailableplayerscsv?contestTypeId=9&draftGroupId=153590,153590,9,Selected largest-prize regular Classic MLB draft group after excluding Turbo/Night/qualifier/satellite/showdown/snake/single-stat slates.,RP,Chase Silseth (44153264),Chase Silseth,44153264,P,5300,BOS@TEX 09/16/2026 08:05PM ET,09/16/2026 08:05PM ET,TEX,BOS,home,2.7,681217,Chase Silseth,needs_review_team_change,identity_name_unique_mlbam,Name maps to one reviewed MLBAM identity but not this DK team; review as team-change/new alias before trusting automation.
2026-09-16,2026-09-16T17:42:43.324112+00:00,2026-09-16,DraftKings official lineup CSV,https://www.draftkings.com/lineup/getavailableplayerscsv?contestTypeId=9&draftGroupId=153590,153590,9,Selected largest-prize regular Classic MLB draft group after excluding Turbo/Night/qualifier/satellite/showdown/snake/single-stat slates.,RP,Jakob Junis (44153265),Jakob Junis,44153265,P,5300,BOS@TEX 09/16/2026 08:05PM ET,09/16/2026 08:05PM ET,TEX,BOS,home,2.3,596001,Jakob Junis,mapped,identity_name_team_map,Stable identity seed from old DK-ID map. Pilot join status: matched via normalized_name_team
2026-09-16,2026-09-16T17:42:43.324112+00:00,2026-09-16,DraftKings official lineup CSV,https://www.draftkings.com/lineup/getavailableplayerscsv?contestTypeId=9&draftGroupId=153590,153590,9,Selected largest-prize regular Classic MLB draft group after excluding Turbo/Night/qualifier/satellite/showdown/snake/single-stat slates.,SP,Jordan Montgomery (44153266),Jordan Montgomery,44153266,P,5300,BOS@TEX 09/16/2026 08:05PM ET,09/16/2026 08:05PM ET,TEX,BOS,home,4.1,656756,Jordan Montgomery,mapped,identity_name_team_map,Stable identity seed from old DK-ID map. Pilot join status: matched_people_search_name via mlb_people_search_normalized_name
2026-09-16,2026-09-16T17:42:43.324112+00:00,2026-09-16,DraftKings official lineup CSV,https://www.draftkings.com/lineup/getavailableplayerscsv?contestTypeId=9&draftGroupId=153590,153590,9,Selected largest-prize regular Classic MLB draft group after excluding Turbo/Night/qualifier/satellite/showdown/snake/single-stat slates.,RP,Cole Winn (44153267),Cole Winn,44153267,P,5300,BOS@TEX 09/16/2026 08:05PM ET,09/16/2026 08:05PM ET,TEX,BOS,home,2.4,668390,Cole Winn,mapped,identity_name_team_map,Stable identity seed from old DK-ID map. Pilot join status: matched via normalized_name_team
2026-09-16,2026-09-16T17:42:43.324112+00:00,2026-09-16,DraftKings official lineup CSV,https://www.draftkings.com/lineup/getavailableplayerscsv?contestTypeId=9&draftGroupId=153590,153590,9,Selected largest-prize regular Classic MLB draft group after excluding Turbo/Night/qualifier/satellite/showdown/snake/single-stat slates.,RP,Adam Macko (44153268),Adam Macko,44153268,P,5300,BOS@TEX 09/16/2026 08:05PM ET,09/16/2026 08:05PM ET,TEX,BOS,home,2.2,671936,Adam Macko,needs_review_team_change,identity_name_unique_mlbam,Name maps to one reviewed MLBAM identity but not this DK team; review as team-change/new alias before trusting automation.
2026-09-16,2026-09-16T17:42:43.324112+00:00,2026-09-16,DraftKings official lineup CSV,https://www.draftkings.com/lineup/getavailableplayerscsv?contestTypeId=9&draftGroupId=153590,153590,9,Selected largest-prize regular Classic MLB draft group after excluding Turbo/Night/qualifier/satellite/showdown/snake/single-stat slates.,SP,Marco Gonzales (44153269),Marco Gonzales,44153269,P,5300,BOS@TEX 09/16/2026 08:05PM ET,09/16/2026 08:05PM ET,TEX,BOS,home,4.1,,,needs_review_new_player,identity_name_team_map,No reviewed normalized-name/team identity alias; do not auto-guess.
2026-09-16,2026-09-16T17:42:43.324112+00:00,2026-09-16,DraftKings official lineup CSV,https://www.draftkings.com/lineup/getavailableplayerscsv?contestTypeId=9&draftGroupId=153590,153590,9,Selected largest-prize regular Classic MLB draft group after excluding Turbo/Night/qualifier/satellite/showdown/snake/single-stat slates.,RP,Justin Hagenman (44153270),Justin Hagenman,44153270,P,5300,BAL@NYM 09/16/2026 07:10PM ET,09/16/2026 07:10PM ET,NYM,BAL,home,3.3,663795,Justin Hagenman,mapped,identity_name_team_map,Stable identity seed from old DK-ID map. Pilot join status: matched_people_search_name via mlb_people_search_normalized_name
2026-09-16,2026-09-16T17:42:43.324112+00:00,2026-09-16,DraftKings official lineup CSV,https://www.draftkings.com/lineup/getavailableplayerscsv?contestTypeId=9&draftGroupId=153590,153590,9,Selected largest-prize regular Classic MLB draft group after excluding Turbo/Night/qualifier/satellite/showdown/snake/single-stat slates.,SP,Tobias Myers (44153271),Tobias Myers,44153271,P,5300,BAL@NYM 09/16/2026 07:10PM ET,09/16/2026 07:10PM ET,NYM,BAL,home,3,668964,Tobias Myers,mapped,identity_name_team_map,Stable identity seed from old DK-ID map. Pilot join status: matched via normalized_name_team
2026-09-16,2026-09-16T17:42:43.324112+00:00,2026-09-16,DraftKings official lineup CSV,https://www.draftkings.com/lineup/getavailableplayerscsv?contestTypeId=9&draftGroupId=153590,153590,9,Selected largest-prize regular Classic MLB draft group after excluding Turbo/Night/qualifier/satellite/showdown/snake/single-stat slates.,SP,Kodai Senga (44153272),Kodai Senga,44153272,P,5300,BAL@NYM 09/16/2026 07:10PM ET,09/16/2026 07:10PM ET,NYM,BAL,home,4.4,673540,Kodai Senga,mapped,identity_name_team_map,Stable identity seed from old DK-ID map. Pilot join status: matched via normalized_name_team
2026-09-16,2026-09-16T17:42:43.324112+00:00,2026-09-16,DraftKings official lineup CSV,https://www.draftkings.com/lineup/getavailableplayerscsv?contestTypeId=9&draftGroupId=153590,153590,9,Selected largest-prize regular Classic MLB draft group after excluding Turbo/Night/qualifier/satellite/showdown/snake/single-stat slates.,RP,Xzavion Curry (44153273),Xzavion Curry,44153273,P,5300,BAL@NYM 09/16/2026 07:10PM ET,09/16/2026 07:10PM ET,NYM,BAL,home,4.5,,,needs_review_new_player,identity_name_team_map,No reviewed normalized-name/team identity alias; do not auto-guess.
2026-09-16,2026-09-16T17:42:43.324112+00:00,2026-09-16,DraftKings official lineup CSV,https://www.draftkings.com/lineup/getavailableplayerscsv?contestTypeId=9&draftGroupId=153590,153590,9,Selected largest-prize regular Classic MLB draft group after excluding Turbo/Night/qualifier/satellite/showdown/snake/single-stat slates.,RP,Chayce McDermott (44153274),Chayce McDermott,44153274,P,5300,BAL@NYM 09/16/2026 07:10PM ET,09/16/2026 07:10PM ET,NYM,BAL,home,3.2,,,needs_review_new_player,identity_name_team_map,No reviewed normalized-name/team identity alias; do not auto-guess.
2026-09-16,2026-09-16T17:42:43.324112+00:00,2026-09-16,DraftKings official lineup CSV,https://www.draftkings.com/lineup/getavailableplayerscsv?contestTypeId=9&draftGroupId=153590,153590,9,Selected largest-prize regular Classic MLB draft group after excluding Turbo/Night/qualifier/satellite/showdown/snake/single-stat slates.,OF,Seiya Suzuki (44152800),Seiya Suzuki,44152800,OF,5200,ATL@CHC 09/16/2026 07:40PM ET,09/16/2026 07:40PM ET,CHC,ATL,home,8.7,673548,Seiya Suzuki,mapped,identity_name_team_map,Stable identity seed from old DK-ID map. Pilot join status: matched via normalized_name_team
2026-09-16,2026-09-16T17:42:43.324112+00:00,2026-09-16,DraftKings official lineup CSV,https://www.draftkings.com/lineup/getavailableplayerscsv?contestTypeId=9&draftGroupId=153590,153590,9,Selected largest-prize regular Classic MLB draft group after excluding Turbo/Night/qualifier/satellite/showdown/snake/single-stat slates.,OF,Wilyer Abreu (44152801),Wilyer Abreu,44152801,OF,5200,BOS@TEX 09/16/2026 08:05PM ET,09/16/2026 08:05PM ET,BOS,TEX,away,8,,,needs_review_new_player,identity_name_team_map,No reviewed normalized-name/team identity alias; do not auto-guess.
2026-09-16,2026-09-16T17:42:43.324112+00:00,2026-09-16,DraftKings official lineup CSV,https://www.draftkings.com/lineup/getavailableplayerscsv?contestTypeId=9&draftGroupId=153590,153590,9,Selected largest-prize regular Classic MLB draft group after excluding Turbo/Night/qualifier/satellite/showdown/snake/single-stat slates.,OF/SS,Cole Carrigg (44152802),Cole Carrigg,44152802,SS/OF,5100,SD@COL 09/16/2026 08:40PM ET,09/16/2026 08:40PM ET,COL,SD,home,8,694249,Cole Carrigg,mapped,identity_name_team_map,Proposed from review candidates; basis=exact normalized name + team; role-compatible; statcast_batter_des_2026; confidence=high; sources=statcast_batter_des_2026
2026-09-16,2026-09-16T17:42:43.324112+00:00,2026-09-16,DraftKings official lineup CSV,https://www.draftkings.com/lineup/getavailableplayerscsv?contestTypeId=9&draftGroupId=153590,153590,9,Selected largest-prize regular Classic MLB draft group after excluding Turbo/Night/qualifier/satellite/showdown/snake/single-stat slates.,1B,Matt Olson (44152804),Matt Olson,44152804,1B,5100,ATL@CHC 09/16/2026 07:40PM ET,09/16/2026 07:40PM ET,ATL,CHC,away,8.5,621566,Matt Olson,mapped,identity_name_team_map,Stable identity seed from old DK-ID map. Pilot join status: matched via normalized_name_team
2026-09-16,2026-09-16T17:42:43.324112+00:00,2026-09-16,DraftKings official lineup CSV,https://www.draftkings.com/lineup/getavailableplayerscsv?contestTypeId=9&draftGroupId=153590,153590,9,Selected largest-prize regular Classic MLB draft group after excluding Turbo/Night/qualifier/satellite/showdown/snake/single-stat slates.,RP,Daniel Lynch IV (44152784),Daniel Lynch IV,44152784,P,5000,KC@HOU 09/16/2026 08:10PM ET,09/16/2026 08:10PM ET,KC,HOU,away,3.3,663738,Daniel Lynch IV,mapped,identity_name_team_map,Stable identity seed from old DK-ID map. Pilot join status: matched via normalized_name_team
2026-09-16,2026-09-16T17:42:43.324112+00:00,2026-09-16,DraftKings official lineup CSV,https://www.draftkings.com/lineup/getavailableplayerscsv?contestTypeId=9&draftGroupId=153590,153590,9,Selected largest-prize regular Classic MLB draft group after excluding Turbo/Night/qualifier/satellite/showdown/snake/single-stat slates.,OF,Mike Trout (44152805),Mike Trout,44152805,OF,5000,SEA@LAA 09/16/2026 09:38PM ET,09/16/2026 09:38PM ET,LAA,SEA,home,8.2,545361,Mike Trout,mapped,identity_name_team_map,Stable identity seed from old DK-ID map. Pilot join status: matched via normalized_name_team
2026-09-16,2026-09-16T17:42:43.324112+00:00,2026-09-16,DraftKings official lineup CSV,https://www.draftkings.com/lineup/getavailableplayerscsv?contestTypeId=9&draftGroupId=153590,153590,9,Selected largest-prize regular Classic MLB draft group after excluding Turbo/Night/qualifier/satellite/showdown/snake/single-stat slates.,SS,Xander Bogaerts (44152806),Xander Bogaerts,44152806,SS,5000,SD@COL 09/16/2026 08:40PM ET,09/16/2026 08:40PM ET,SD,COL,away,6.4,593428,Xander Bogaerts,mapped,identity_name_team_map,Stable identity seed from old DK-ID map. Pilot join status: matched via normalized_name_team
2026-09-16,2026-09-16T17:42:43.324112+00:00,2026-09-16,DraftKings official lineup CSV,https://www.draftkings.com/lineup/getavailableplayerscsv?contestTypeId=9&draftGroupId=153590,153590,9,Selected largest-prize regular Classic MLB draft group after excluding Turbo/Night/qualifier/satellite/showdown/snake/single-stat slates.,SP,Alec Marsh (44153275),Alec Marsh,44153275,P,5000,KC@HOU 09/16/2026 08:10PM ET,09/16/2026 08:10PM ET,KC,HOU,away,0,679525,Alec Marsh,mapped,identity_name_team_map,Stable identity seed from old DK-ID map. Pilot join status: matched_people_search_name via mlb_people_search_normalized_name
2026-09-16,2026-09-16T17:42:43.324112+00:00,2026-09-16,DraftKings official lineup CSV,https://www.draftkings.com/lineup/getavailableplayerscsv?contestTypeId=9&draftGroupId=153590,153590,9,Selected largest-prize regular Classic MLB draft group after excluding Turbo/Night/qualifier/satellite/showdown/snake/single-stat slates.,SP,Ben Kudrna (44153276),Ben Kudrna,44153276,P,5000,KC@HOU 09/16/2026 08:10PM ET,09/16/2026 08:10PM ET,KC,HOU,away,0,695667,Ben Kudrna,mapped,identity_name_team_map,Stable identity seed from old DK-ID map. Pilot join status: matched_people_search_name via mlb_people_search_normalized_name
2026-09-16,2026-09-16T17:42:43.324112+00:00,2026-09-16,DraftKings official lineup CSV,https://www.draftkings.com/lineup/getavailableplayerscsv?contestTypeId=9&draftGroupId=153590,153590,9,Selected largest-prize regular Classic MLB draft group after excluding Turbo/Night/qualifier/satellite/showdown/snake/single-stat slates.,RP,Connor Thomas (44153277),Connor Thomas,44153277,P,5000,KC@HOU 09/16/2026 08:10PM ET,09/16/2026 08:10PM ET,KC,HOU,away,1,,,needs_review_new_player,identity_name_team_map,No reviewed normalized-name/team identity alias; do not auto-guess.
2026-09-16,2026-09-16T17:42:43.324112+00:00,2026-09-16,DraftKings official lineup CSV,https://www.draftkings.com/lineup/getavailableplayerscsv?contestTypeId=9&draftGroupId=153590,153590,9,Selected largest-prize regular Classic MLB draft group after excluding Turbo/Night/qualifier/satellite/showdown/snake/single-stat slates.,RP,Mitch Spence (44153278),Mitch Spence,44153278,P,5000,KC@HOU 09/16/2026 08:10PM ET,09/16/2026 08:10PM ET,KC,HOU,away,-9.3,687765,Mitch Spence,mapped,identity_name_team_map,Stable identity seed from old DK-ID map. Pilot join status: matched via normalized_name_team
2026-09-16,2026-09-16T17:42:43.324112+00:00,2026-09-16,DraftKings official lineup CSV,https://www.draftkings.com/lineup/getavailableplayerscsv?contestTypeId=9&draftGroupId=153590,153590,9,Selected largest-prize regular Classic MLB draft group after excluding Turbo/Night/qualifier/satellite/showdown/snake/single-stat slates.,RP,Mason Black (44153279),Mason Black,44153279,P,5000,KC@HOU 09/16/2026 08:10PM ET,09/16/2026 08:10PM ET,KC,HOU,away,2.8,696131,Mason Black,mapped,identity_name_team_map,Stable identity seed from old DK-ID map. Pilot join status: matched via normalized_name_team
2026-09-16,2026-09-16T17:42:43.324112+00:00,2026-09-16,DraftKings official lineup CSV,https://www.draftkings.com/lineup/getavailableplayerscsv?contestTypeId=9&draftGroupId=153590,153590,9,Selected largest-prize regular Classic MLB draft group after excluding Turbo/Night/qualifier/satellite/showdown/snake/single-stat slates.,RP,Beck Way (44153280),Beck Way,44153280,P,5000,KC@HOU 09/16/2026 08:10PM ET,09/16/2026 08:10PM ET,KC,HOU,away,2.9,694360,Beck Way,mapped,identity_name_team_map,Stable identity seed from old DK-ID map. Pilot join status: matched via normalized_name_team
2026-09-16,2026-09-16T17:42:43.324112+00:00,2026-09-16,DraftKings official lineup CSV,https://www.draftkings.com/lineup/getavailableplayerscsv?contestTypeId=9&draftGroupId=153590,153590,9,Selected largest-prize regular Classic MLB draft group after excluding Turbo/Night/qualifier/satellite/showdown/snake/single-stat slates.,RP,Jhony Brito (44153281),Jhony Brito,44153281,P,5000,SD@COL 09/16/2026 08:40PM ET,09/16/2026 08:40PM ET,SD,COL,away,4.3,666745,Jhony Brito,mapped,identity_name_team_map,Stable identity seed from old DK-ID map. Pilot join status: matched_people_search_name via mlb_people_search_normalized_name
2026-09-16,2026-09-16T17:42:43.324112+00:00,2026-09-16,DraftKings official lineup CSV,https://www.draftkings.com/lineup/getavailableplayerscsv?contestTypeId=9&draftGroupId=153590,153590,9,Selected largest-prize regular Classic MLB draft group after excluding Turbo/Night/qualifier/satellite/showdown/snake/single-stat slates.,SP,Kyle Hart (44153282),Kyle Hart,44153282,P,5000,SD@COL 09/16/2026 08:40PM ET,09/16/2026 08:40PM ET,SD,COL,away,3.4,606996,Kyle Hart,mapped,identity_name_team_map,Stable identity seed from old DK-ID map. Pilot join status: matched via normalized_name_team
2026-09-16,2026-09-16T17:42:43.324112+00:00,2026-09-16,DraftKings official lineup CSV,https://www.draftkings.com/lineup/getavailableplayerscsv?contestTypeId=9&draftGroupId=153590,153590,9,Selected largest-prize regular Classic MLB draft group after excluding Turbo/Night/qualifier/satellite/showdown/snake/single-stat slates.,SP,Griffin Canning (44153283),Griffin Canning,44153283,P,5000,SD@COL 09/16/2026 08:40PM ET,09/16/2026 08:40PM ET,SD,COL,away,6.9,656288,Griffin Canning,mapped,identity_name_team_map,Stable identity seed from old DK-ID map. Pilot join status: matched via normalized_name_team
2026-09-16,2026-09-16T17:42:43.324112+00:00,2026-09-16,DraftKings official lineup CSV,https://www.draftkings.com/lineup/getavailableplayerscsv?contestTypeId=9&draftGroupId=153590,153590,9,Selected largest-prize regular Classic MLB draft group after excluding Turbo/Night/qualifier/satellite/showdown/snake/single-stat slates.,1B,Ty France (44152807),Ty France,44152807,1B,4900,SD@COL 09/16/2026 08:40PM ET,09/16/2026 08:40PM ET,SD,COL,away,7.2,664034,Ty France,mapped,identity_name_team_map,Stable identity seed from old DK-ID map. Pilot join status: matched via normalized_name_team
2026-09-16,2026-09-16T17:42:43.324112+00:00,2026-09-16,DraftKings official lineup CSV,https://www.draftkings.com/lineup/getavailableplayerscsv?contestTypeId=9&draftGroupId=153590,153590,9,Selected largest-prize regular Classic MLB draft group after excluding Turbo/Night/qualifier/satellite/showdown/snake/single-stat slates.,OF,Corbin Carroll (44152808),Corbin Carroll,44152808,OF,4900,MIA@ARI 09/16/2026 09:40PM ET,09/16/2026 09:40PM ET,ARI,MIA,home,8.6,,,needs_review_new_player,identity_name_team_map,No reviewed normalized-name/team identity alias; do not auto-guess.
2026-09-16,2026-09-16T17:42:43.324112+00:00,2026-09-16,DraftKings official lineup CSV,https://www.draftkings.com/lineup/getavailableplayerscsv?contestTypeId=9&draftGroupId=153590,153590,9,Selected largest-prize regular Classic MLB draft group after excluding Turbo/Night/qualifier/satellite/showdown/snake/single-stat slates.,1B,Willson Contreras (44152809),Willson Contreras,44152809,1B,4900,BOS@TEX 09/16/2026 08:05PM ET,09/16/2026 08:05PM ET,BOS,TEX,away,8.5,,,needs_review_new_player,identity_name_team_map,No reviewed normalized-name/team identity alias; do not auto-guess.
2026-09-16,2026-09-16T17:42:43.324112+00:00,2026-09-16,DraftKings official lineup CSV,https://www.draftkings.com/lineup/getavailableplayerscsv?contestTypeId=9&draftGroupId=153590,153590,9,Selected largest-prize regular Classic MLB draft group after excluding Turbo/Night/qualifier/satellite/showdown/snake/single-stat slates.,SS,Gunnar Henderson (44152810),Gunnar Henderson,44152810,SS,4800,BAL@NYM 09/16/2026 07:10PM ET,09/16/2026 07:10PM ET,BAL,NYM,away,7.5,,,needs_review_new_player,identity_name_team_map,No reviewed normalized-name/team identity alias; do not auto-guess.
2026-09-16,2026-09-16T17:42:43.324112+00:00,2026-09-16,DraftKings official lineup CSV,https://www.draftkings.com/lineup/getavailableplayerscsv?contestTypeId=9&draftGroupId=153590,153590,9,Selected largest-prize regular Classic MLB draft group after excluding Turbo/Night/qualifier/satellite/showdown/snake/single-stat slates.,C,Cal Raleigh (44152811),Cal Raleigh,44152811,C,4800,SEA@LAA 09/16/2026 09:38PM ET,09/16/2026 09:38PM ET,SEA,LAA,away,6.6,,,needs_review_new_player,identity_name_team_map,No reviewed normalized-name/team identity alias; do not auto-guess.
2026-09-16,2026-09-16T17:42:43.324112+00:00,2026-09-16,DraftKings official lineup CSV,https://www.draftkings.com/lineup/getavailableplayerscsv?contestTypeId=9&draftGroupId=153590,153590,9,Selected largest-prize regular Classic MLB draft group after excluding Turbo/Night/qualifier/satellite/showdown/snake/single-stat slates.,OF,Samad Taylor (44152812),Samad Taylor,44152812,OF,4700,SD@COL 09/16/2026 08:40PM ET,09/16/2026 08:40PM ET,SD,COL,away,7.2,669392,Samad Taylor,mapped,identity_name_team_map,Stable identity seed from old DK-ID map. Pilot join status: matched via normalized_name_team
2026-09-16,2026-09-16T17:42:43.324112+00:00,2026-09-16,DraftKings official lineup CSV,https://www.draftkings.com/lineup/getavailableplayerscsv?contestTypeId=9&draftGroupId=153590,153590,9,Selected largest-prize regular Classic MLB draft group after excluding Turbo/Night/qualifier/satellite/showdown/snake/single-stat slates.,OF,Mickey Moniak (44152813),Mickey Moniak,44152813,OF,4700,SD@COL 09/16/2026 08:40PM ET,09/16/2026 08:40PM ET,COL,SD,home,7,666160,Mickey Moniak,mapped,identity_name_team_map,Stable identity seed from old DK-ID map. Pilot join status: matched via normalized_name_team
2026-09-16,2026-09-16T17:42:43.324112+00:00,2026-09-16,DraftKings official lineup CSV,https://www.draftkings.com/lineup/getavailableplayerscsv?contestTypeId=9&draftGroupId=153590,153590,9,Selected largest-prize regular Classic MLB draft group after excluding Turbo/Night/qualifier/satellite/showdown/snake/single-stat slates.,OF,Roman Anthony (44152814),Roman Anthony,44152814,OF,4700,BOS@TEX 09/16/2026 08:05PM ET,09/16/2026 08:05PM ET,BOS,TEX,away,6.7,,,needs_review_new_player,identity_name_team_map,No reviewed normalized-name/team identity alias; do not auto-guess.
2026-09-16,2026-09-16T17:42:43.324112+00:00,2026-09-16,DraftKings official lineup CSV,https://www.draftkings.com/lineup/getavailableplayerscsv?contestTypeId=9&draftGroupId=153590,153590,9,Selected largest-prize regular Classic MLB draft group after excluding Turbo/Night/qualifier/satellite/showdown/snake/single-stat slates.,SS,Francisco Lindor (44152815),Francisco Lindor,44152815,SS,4600,BAL@NYM 09/16/2026 07:10PM ET,09/16/2026 07:10PM ET,NYM,BAL,home,8,596019,Francisco Lindor,mapped,identity_name_team_map,Stable identity seed from old DK-ID map. Pilot join status: matched via normalized_name_team
2026-09-16,2026-09-16T17:42:43.324112+00:00,2026-09-16,DraftKings official lineup CSV,https://www.draftkings.com/lineup/getavailableplayerscsv?contestTypeId=9&draftGroupId=153590,153590,9,Selected largest-prize regular Classic MLB draft group after excluding Turbo/Night/qualifier/satellite/showdown/snake/single-stat slates.,SS,Zach Neto (44152816),Zach Neto,44152816,SS,4500,SEA@LAA 09/16/2026 09:38PM ET,09/16/2026 09:38PM ET,LAA,SEA,home,8.6,687263,Zach Neto,mapped,identity_name_team_map,Stable identity seed from old DK-ID map. Pilot join status: matched via normalized_name_team
2026-09-16,2026-09-16T17:42:43.324112+00:00,2026-09-16,DraftKings official lineup CSV,https://www.draftkings.com/lineup/getavailableplayerscsv?contestTypeId=9&draftGroupId=153590,153590,9,Selected largest-prize regular Classic MLB draft group after excluding Turbo/Night/qualifier/satellite/showdown/snake/single-stat slates.,C,Drake Baldwin (44152817),Drake Baldwin,44152817,C,4500,ATL@CHC 09/16/2026 07:40PM ET,09/16/2026 07:40PM ET,ATL,CHC,away,8.4,686948,Drake Baldwin,mapped,identity_name_team_map,Stable identity seed from old DK-ID map. Pilot join status: matched via normalized_name_team
2026-09-16,2026-09-16T17:42:43.324112+00:00,2026-09-16,DraftKings official lineup CSV,https://www.draftkings.com/lineup/getavailableplayerscsv?contestTypeId=9&draftGroupId=153590,153590,9,Selected largest-prize regular Classic MLB draft group after excluding Turbo/Night/qualifier/satellite/showdown/snake/single-stat slates.,OF,Wyatt Langford (44152818),Wyatt Langford,44152818,OF,4500,BOS@TEX 09/16/2026 08:05PM ET,09/16/2026 08:05PM ET,TEX,BOS,home,8,694671,Wyatt Langford,mapped,identity_name_team_map,Stable identity seed from old DK-ID map. Pilot join status: matched via normalized_name_team
2026-09-16,2026-09-16T17:42:43.324112+00:00,2026-09-16,DraftKings official lineup CSV,https://www.draftkings.com/lineup/getavailableplayerscsv?contestTypeId=9&draftGroupId=153590,153590,9,Selected largest-prize regular Classic MLB draft group after excluding Turbo/Night/qualifier/satellite/showdown/snake/single-stat slates.,2B,Adael Amador (44152819),Adael Amador,44152819,2B,4500,SD@COL 09/16/2026 08:40PM ET,09/16/2026 08:40PM ET,COL,SD,home,9,691182,Adael Amador,mapped,identity_name_team_map,Stable identity seed from old DK-ID map. Pilot join status: matched_people_search_name via mlb_people_search_normalized_name
2026-09-16,2026-09-16T17:42:43.324112+00:00,2026-09-16,DraftKings official lineup CSV,https://www.draftkings.com/lineup/getavailableplayerscsv?contestTypeId=9&draftGroupId=153590,153590,9,Selected largest-prize regular Classic MLB draft group after excluding Turbo/Night/qualifier/satellite/showdown/snake/single-stat slates.,SS,Jeremy Pena (44152820),Jeremy Pena,44152820,SS,4400,KC@HOU 09/16/2026 08:10PM ET,09/16/2026 08:10PM ET,HOU,KC,home,8.5,665161,Jeremy Peña,mapped,identity_name_team_map,Stable identity seed from old DK-ID map. Pilot join status: matched via normalized_name_team
2026-09-16,2026-09-16T17:42:43.324112+00:00,2026-09-16,DraftKings official lineup CSV,https://www.draftkings.com/lineup/getavailableplayerscsv?contestTypeId=9&draftGroupId=153590,153590,9,Selected largest-prize regular Classic MLB draft group after excluding Turbo/Night/qualifier/satellite/showdown/snake/single-stat slates.,2B,Ketel Marte (44152821),Ketel Marte,44152821,2B,4400,MIA@ARI 09/16/2026 09:40PM ET,09/16/2026 09:40PM ET,ARI,MIA,home,7.9,,,needs_review_new_player,identity_name_team_map,No reviewed normalized-name/team identity alias; do not auto-guess.
2026-09-16,2026-09-16T17:42:43.324112+00:00,2026-09-16,DraftKings official lineup CSV,https://www.draftkings.com/lineup/getavailableplayerscsv?contestTypeId=9&draftGroupId=153590,153590,9,Selected largest-prize regular Classic MLB draft group after excluding Turbo/Night/qualifier/satellite/showdown/snake/single-stat slates.,C,Luis Campusano (44152822),Luis Campusano,44152822,C,4400,SD@COL 09/16/2026 08:40PM ET,09/16/2026 08:40PM ET,SD,COL,away,6.1,669134,Luis Campusano,mapped,identity_name_team_map,Stable identity seed from old DK-ID map. Pilot join status: matched via normalized_name_team
2026-09-16,2026-09-16T17:42:43.324112+00:00,2026-09-16,DraftKings official lineup CSV,https://www.draftkings.com/lineup/getavailableplayerscsv?contestTypeId=9&draftGroupId=153590,153590,9,Selected largest-prize regular Classic MLB draft group after excluding Turbo/Night/qualifier/satellite/showdown/snake/single-stat slates.,1B,TJ Rumfield (44152823),TJ Rumfield,44152823,1B,4400,SD@COL 09/16/2026 08:40PM ET,09/16/2026 08:40PM ET,COL,SD,home,7.4,681198,TJ Rumfield,mapped,identity_name_team_map,Stable identity seed from old DK-ID map. Pilot join status: matched via normalized_name_team
2026-09-16,2026-09-16T17:42:43.324112+00:00,2026-09-16,DraftKings official lineup CSV,https://www.draftkings.com/lineup/getavailableplayerscsv?contestTypeId=9&draftGroupId=153590,153590,9,Selected largest-prize regular Classic MLB draft group after excluding Turbo/Night/qualifier/satellite/showdown/snake/single-stat slates.,SS,Corey Seager (44152824),Corey Seager,44152824,SS,4300,BOS@TEX 09/16/2026 08:05PM ET,09/16/2026 08:05PM ET,TEX,BOS,home,7.6,608369,Corey Seager,mapped,identity_name_team_map,Stable identity seed from old DK-ID map. Pilot join status: matched via normalized_name_team
2026-09-16,2026-09-16T17:42:43.324112+00:00,2026-09-16,DraftKings official lineup CSV,https://www.draftkings.com/lineup/getavailableplayerscsv?contestTypeId=9&draftGroupId=153590,153590,9,Selected largest-prize regular Classic MLB draft group after excluding Turbo/Night/qualifier/satellite/showdown/snake/single-stat slates.,3B,Christian Encarnacion-Strand (44152825),Christian Encarnacion-Strand,44152825,3B,4300,BAL@NYM 09/16/2026 07:10PM ET,09/16/2026 07:10PM ET,BAL,NYM,away,7.1,,,needs_review_new_player,identity_name_team_map,No reviewed normalized-name/team identity alias; do not auto-guess.
2026-09-16,2026-09-16T17:42:43.324112+00:00,2026-09-16,DraftKings official lineup CSV,https://www.draftkings.com/lineup/getavailableplayerscsv?contestTypeId=9&draftGroupId=153590,153590,9,Selected largest-prize regular Classic MLB draft group after excluding Turbo/Night/qualifier/satellite/showdown/snake/single-stat slates.,OF,Julio Rodriguez (44152826),Julio Rodriguez,44152826,OF,4300,SEA@LAA 09/16/2026 09:38PM ET,09/16/2026 09:38PM ET,SEA,LAA,away,7.6,,,needs_review_new_player,identity_name_team_map,No reviewed normalized-name/team identity alias; do not auto-guess.
2026-09-16,2026-09-16T17:42:43.324112+00:00,2026-09-16,DraftKings official lineup CSV,https://www.draftkings.com/lineup/getavailableplayerscsv?contestTypeId=9&draftGroupId=153590,153590,9,Selected largest-prize regular Classic MLB draft group after excluding Turbo/Night/qualifier/satellite/showdown/snake/single-stat slates.,1B,Kyle Stowers (44152827),Kyle Stowers,44152827,1B,4300,MIA@ARI 09/16/2026 09:40PM ET,09/16/2026 09:40PM ET,MIA,ARI,away,7.5,669065,Kyle Stowers,mapped,identity_name_team_map,Proposed from review candidates; basis=exact normalized name + team; role-compatible; hr-distance-latest.json|statcast_batter_des_2026; confidence=high; sources=hr-distance-latest.json|statcast_batter_des_2026
2026-09-16,2026-09-16T17:42:43.324112+00:00,2026-09-16,DraftKings official lineup CSV,https://www.draftkings.com/lineup/getavailableplayerscsv?contestTypeId=9&draftGroupId=153590,153590,9,Selected largest-prize regular Classic MLB draft group after excluding Turbo/Night/qualifier/satellite/showdown/snake/single-stat slates.,3B,Willi Castro (44153010),Willi Castro,44153010,3B,4300,SD@COL 09/16/2026 08:40PM ET,09/16/2026 08:40PM ET,COL,SD,home,7.2,650489,Willi Castro,mapped,identity_name_team_map,Stable identity seed from old DK-ID map. Pilot join status: matched via normalized_name_team
2026-09-16,2026-09-16T17:42:43.324112+00:00,2026-09-16,DraftKings official lineup CSV,https://www.draftkings.com/lineup/getavailableplayerscsv?contestTypeId=9&draftGroupId=153590,153590,9,Selected largest-prize regular Classic MLB draft group after excluding Turbo/Night/qualifier/satellite/showdown/snake/single-stat slates.,OF,Ceddanne Rafaela (44153011),Ceddanne Rafaela,44153011,OF,4300,BOS@TEX 09/16/2026 08:05PM ET,09/16/2026 08:05PM ET,BOS,TEX,away,7.9,,,needs_review_new_player,identity_name_team_map,No reviewed normalized-name/team identity alias; do not auto-guess.
2026-09-16,2026-09-16T17:42:43.324112+00:00,2026-09-16,DraftKings official lineup CSV,https://www.draftkings.com/lineup/getavailableplayerscsv?contestTypeId=9&draftGroupId=153590,153590,9,Selected largest-prize regular Classic MLB draft group after excluding Turbo/Night/qualifier/satellite/showdown/snake/single-stat slates.,SS,Otto Lopez (44152828),Otto Lopez,44152828,SS,4200,MIA@ARI 09/16/2026 09:40PM ET,09/16/2026 09:40PM ET,MIA,ARI,away,8.6,672640,Otto Lopez,mapped,identity_name_team_map,Proposed from review candidates; basis=exact normalized name + team; role-compatible; hr-distance-latest.json|statcast_batter_des_2026; confidence=high; sources=hr-distance-latest.json|statcast_batter_des_2026
2026-09-16,2026-09-16T17:42:43.324112+00:00,2026-09-16,DraftKings official lineup CSV,https://www.draftkings.com/lineup/getavailableplayerscsv?contestTypeId=9&draftGroupId=153590,153590,9,Selected largest-prize regular Classic MLB draft group after excluding Turbo/Night/qualifier/satellite/showdown/snake/single-stat slates.,C,Carter Jensen (44152829),Carter Jensen,44152829,C,4200,KC@HOU 09/16/2026 08:10PM ET,09/16/2026 08:10PM ET,KC,HOU,away,7.3,695600,Carter Jensen,mapped,identity_name_team_map,Stable identity seed from old DK-ID map. Pilot join status: matched via normalized_name_team
2026-09-16,2026-09-16T17:42:43.324112+00:00,2026-09-16,DraftKings official lineup CSV,https://www.draftkings.com/lineup/getavailableplayerscsv?contestTypeId=9&draftGroupId=153590,153590,9,Selected largest-prize regular Classic MLB draft group after excluding Turbo/Night/qualifier/satellite/showdown/snake/single-stat slates.,OF,Michael Harris II (44152830),Michael Harris II,44152830,OF,4200,ATL@CHC 09/16/2026 07:40PM ET,09/16/2026 07:40PM ET,ATL,CHC,away,7.8,671739,Michael Harris II,mapped,identity_name_team_map,Stable identity seed from old DK-ID map. Pilot join status: matched via normalized_name_team
2026-09-16,2026-09-16T17:42:43.324112+00:00,2026-09-16,DraftKings official lineup CSV,https://www.draftkings.com/lineup/getavailableplayerscsv?contestTypeId=9&draftGroupId=153590,153590,9,Selected largest-prize regular Classic MLB draft group after excluding Turbo/Night/qualifier/satellite/showdown/snake/single-stat slates.,1B,Michael Busch (44152831),Michael Busch,44152831,1B,4200,ATL@CHC 09/16/2026 07:40PM ET,09/16/2026 07:40PM ET,CHC,ATL,home,7.4,683737,Michael Busch,mapped,identity_name_team_map,Stable identity seed from old DK-ID map. Pilot join status: matched via normalized_name_team
2026-09-16,2026-09-16T17:42:43.324112+00:00,2026-09-16,DraftKings official lineup CSV,https://www.draftkings.com/lineup/getavailableplayerscsv?contestTypeId=9&draftGroupId=153590,153590,9,Selected largest-prize regular Classic MLB draft group after excluding Turbo/Night/qualifier/satellite/showdown/snake/single-stat slates.,2B/3B,Connor Norby (44152832),Connor Norby,44152832,2B/3B,4200,SD@COL 09/16/2026 08:40PM ET,09/16/2026 08:40PM ET,COL,SD,home,5.9,681393,Connor Norby,needs_review_team_change,identity_name_unique_mlbam,Name maps to one reviewed MLBAM identity but not this DK team; review as team-change/new alias before trusting automation.
2026-09-16,2026-09-16T17:42:43.324112+00:00,2026-09-16,DraftKings official lineup CSV,https://www.draftkings.com/lineup/getavailableplayerscsv?contestTypeId=9&draftGroupId=153590,153590,9,Selected largest-prize regular Classic MLB draft group after excluding Turbo/Night/qualifier/satellite/showdown/snake/single-stat slates.,1B/2B,Jake Cronenworth (44152834),Jake Cronenworth,44152834,1B/2B,4100,SD@COL 09/16/2026 08:40PM ET,09/16/2026 08:40PM ET,SD,COL,away,5.3,630105,Jake Cronenworth,mapped,identity_name_team_map,Stable identity seed from old DK-ID map. Pilot join status: matched via normalized_name_team
2026-09-16,2026-09-16T17:42:43.324112+00:00,2026-09-16,DraftKings official lineup CSV,https://www.draftkings.com/lineup/getavailableplayerscsv?contestTypeId=9&draftGroupId=153590,153590,9,Selected largest-prize regular Classic MLB draft group after excluding Turbo/Night/qualifier/satellite/showdown/snake/single-stat slates.,OF,Carson Benge (44152836),Carson Benge,44152836,OF,4100,BAL@NYM 09/16/2026 07:10PM ET,09/16/2026 07:10PM ET,NYM,BAL,home,7.7,701807,Carson Benge,mapped,identity_name_team_map,Stable identity seed from old DK-ID map. Pilot join status: matched via normalized_name_team
2026-09-16,2026-09-16T17:42:43.324112+00:00,2026-09-16,DraftKings official lineup CSV,https://www.draftkings.com/lineup/getavailableplayerscsv?contestTypeId=9&draftGroupId=153590,153590,9,Selected largest-prize regular Classic MLB draft group after excluding Turbo/Night/qualifier/satellite/showdown/snake/single-stat slates.,3B/OF,Ezequiel Duran (44152837),Ezequiel Duran,44152837,3B/OF,4100,BOS@TEX 09/16/2026 08:05PM ET,09/16/2026 08:05PM ET,TEX,BOS,home,7.3,677649,Ezequiel Duran,mapped,identity_name_team_map,Stable identity seed from old DK-ID map. Pilot join status: matched via normalized_name_team
2026-09-16,2026-09-16T17:42:43.324112+00:00,2026-09-16,DraftKings official lineup CSV,https://www.draftkings.com/lineup/getavailableplayerscsv?contestTypeId=9&draftGroupId=153590,153590,9,Selected largest-prize regular Classic MLB draft group after excluding Turbo/Night/qualifier/satellite/showdown/snake/single-stat slates.,2B,Jose Altuve (44152839),Jose Altuve,44152839,2B,4000,KC@HOU 09/16/2026 08:10PM ET,09/16/2026 08:10PM ET,HOU,KC,home,6.8,514888,Jose Altuve,mapped,identity_name_team_map,Stable identity seed from old DK-ID map. Pilot join status: matched via normalized_name_team
2026-09-16,2026-09-16T17:42:43.324112+00:00,2026-09-16,DraftKings official lineup CSV,https://www.draftkings.com/lineup/getavailableplayerscsv?contestTypeId=9&draftGroupId=153590,153590,9,Selected largest-prize regular Classic MLB draft group after excluding Turbo/Night/qualifier/satellite/showdown/snake/single-stat slates.,3B,Coby Mayo (44152840),Coby Mayo,44152840,3B,4000,BAL@NYM 09/16/2026 07:10PM ET,09/16/2026 07:10PM ET,BAL,NYM,away,6.5,,,needs_review_new_player,identity_name_team_map,No reviewed normalized-name/team identity alias; do not auto-guess.
2026-09-16,2026-09-16T17:42:43.324112+00:00,2026-09-16,DraftKings official lineup CSV,https://www.draftkings.com/lineup/getavailableplayerscsv?contestTypeId=9&draftGroupId=153590,153590,9,Selected largest-prize regular Classic MLB draft group after excluding Turbo/Night/qualifier/satellite/showdown/snake/single-stat slates.,OF,Heriberto Hernandez (44152841),Heriberto Hernandez,44152841,OF,4000,MIA@ARI 09/16/2026 09:40PM ET,09/16/2026 09:40PM ET,MIA,ARI,away,7.2,681715,Heriberto Hernández,mapped,identity_name_team_map,Proposed from review candidates; basis=exact normalized name + team; role-compatible; statcast_batter_des_2026; confidence=high; sources=statcast_batter_des_2026
2026-09-16,2026-09-16T17:42:43.324112+00:00,2026-09-16,DraftKings official lineup CSV,https://www.draftkings.com/lineup/getavailableplayerscsv?contestTypeId=9&draftGroupId=153590,153590,9,Selected largest-prize regular Classic MLB draft group after excluding Turbo/Night/qualifier/satellite/showdown/snake/single-stat slates.,3B,Bo Bichette (44152842),Bo Bichette,44152842,3B,4000,BAL@NYM 09/16/2026 07:10PM ET,09/16/2026 07:10PM ET,NYM,BAL,home,6.9,666182,Bo Bichette,mapped,identity_name_team_map,Stable identity seed from old DK-ID map. Pilot join status: matched via normalized_name_team
2026-09-16,2026-09-16T17:42:43.324112+00:00,2026-09-16,DraftKings official lineup CSV,https://www.draftkings.com/lineup/getavailableplayerscsv?contestTypeId=9&draftGroupId=153590,153590,9,Selected largest-prize regular Classic MLB draft group after excluding Turbo/Night/qualifier/satellite/showdown/snake/single-stat slates.,OF,Ian Happ (44152843),Ian Happ,44152843,OF,4000,ATL@CHC 09/16/2026 07:40PM ET,09/16/2026 07:40PM ET,CHC,ATL,home,7.2,664023,Ian Happ,mapped,identity_name_team_map,Stable identity seed from old DK-ID map. Pilot join status: matched via normalized_name_team
2026-09-16,2026-09-16T17:42:43.324112+00:00,2026-09-16,DraftKings official lineup CSV,https://www.draftkings.com/lineup/getavailableplayerscsv?contestTypeId=9&draftGroupId=153590,153590,9,Selected largest-prize regular Classic MLB draft group after excluding Turbo/Night/qualifier/satellite/showdown/snake/single-stat slates.,1B,Mickey Gasper (44152844),Mickey Gasper,44152844,1B,4000,BOS@TEX 09/16/2026 08:05PM ET,09/16/2026 08:05PM ET,BOS,TEX,away,6.6,,,needs_review_new_player,identity_name_team_map,No reviewed normalized-name/team identity alias; do not auto-guess.
2026-09-16,2026-09-16T17:42:43.324112+00:00,2026-09-16,DraftKings official lineup CSV,https://www.draftkings.com/lineup/getavailableplayerscsv?contestTypeId=9&draftGroupId=153590,153590,9,Selected largest-prize regular Classic MLB draft group after excluding Turbo/Night/qualifier/satellite/showdown/snake/single-stat slates.,3B/SS,Maikel Garcia (44153012),Maikel Garcia,44153012,3B/SS,4000,KC@HOU 09/16/2026 08:10PM ET,09/16/2026 08:10PM ET,KC,HOU,away,6.9,672580,Maikel Garcia,mapped,identity_name_team_map,Stable identity seed from old DK-ID map. Pilot join status: matched via normalized_name_team
2026-09-16,2026-09-16T17:42:43.324112+00:00,2026-09-16,DraftKings official lineup CSV,https://www.draftkings.com/lineup/getavailableplayerscsv?contestTypeId=9&draftGroupId=153590,153590,9,Selected largest-prize regular Classic MLB draft group after excluding Turbo/Night/qualifier/satellite/showdown/snake/single-stat slates.,SS,Dansby Swanson (44153014),Dansby Swanson,44153014,SS,4000,ATL@CHC 09/16/2026 07:40PM ET,09/16/2026 07:40PM ET,CHC,ATL,home,7.6,621020,Dansby Swanson,mapped,identity_name_team_map,Stable identity seed from old DK-ID map. Pilot join status: matched via normalized_name_team
2026-09-16,2026-09-16T17:42:43.324112+00:00,2026-09-16,DraftKings official lineup CSV,https://www.draftkings.com/lineup/getavailableplayerscsv?contestTypeId=9&draftGroupId=153590,153590,9,Selected largest-prize regular Classic MLB draft group after excluding Turbo/Night/qualifier/satellite/showdown/snake/single-stat slates.,2B/3B,Curtis Mead (44153015),Curtis Mead,44153015,2B/3B,4000,BOS@TEX 09/16/2026 08:05PM ET,09/16/2026 08:05PM ET,BOS,TEX,away,7.8,678554,Curtis Mead,needs_review_team_change,identity_name_unique_mlbam,Name maps to one reviewed MLBAM identity but not this DK team; review as team-change/new alias before trusting automation.
2026-09-16,2026-09-16T17:42:43.324112+00:00,2026-09-16,DraftKings official lineup CSV,https://www.draftkings.com/lineup/getavailableplayerscsv?contestTypeId=9&draftGroupId=153590,153590,9,Selected largest-prize regular Classic MLB draft group after excluding Turbo/Night/qualifier/satellite/showdown/snake/single-stat slates.,RP,RJ Petit (44153284),RJ Petit,44153284,P,4000,SD@COL 09/16/2026 08:40PM ET,09/16/2026 08:40PM ET,COL,SD,home,0,696275,RJ Petit,mapped,identity_name_team_map,Stable identity seed from old DK-ID map. Pilot join status: matched_people_search_name via mlb_people_search_normalized_name
2026-09-16,2026-09-16T17:42:43.324112+00:00,2026-09-16,DraftKings official lineup CSV,https://www.draftkings.com/lineup/getavailableplayerscsv?contestTypeId=9&draftGroupId=153590,153590,9,Selected largest-prize regular Classic MLB draft group after excluding Turbo/Night/qualifier/satellite/showdown/snake/single-stat slates.,RP,Cameron Weston (44153285),Cameron Weston,44153285,P,4000,BAL@NYM 09/16/2026 07:10PM ET,09/16/2026 07:10PM ET,NYM,BAL,home,3.7,,,needs_review_new_player,identity_name_team_map,No reviewed normalized-name/team identity alias; do not auto-guess.
2026-09-16,2026-09-16T17:42:43.324112+00:00,2026-09-16,DraftKings official lineup CSV,https://www.draftkings.com/lineup/getavailableplayerscsv?contestTypeId=9&draftGroupId=153590,153590,9,Selected largest-prize regular Classic MLB draft group after excluding Turbo/Night/qualifier/satellite/showdown/snake/single-stat slates.,RP,Blake Burkhalter (44153286),Blake Burkhalter,44153286,P,4000,ATL@CHC 09/16/2026 07:40PM ET,09/16/2026 07:40PM ET,ATL,CHC,away,1.1,,,needs_review_new_player,identity_name_team_map,No reviewed normalized-name/team identity alias; do not auto-guess.
2026-09-16,2026-09-16T17:42:43.324112+00:00,2026-09-16,DraftKings official lineup CSV,https://www.draftkings.com/lineup/getavailableplayerscsv?contestTypeId=9&draftGroupId=153590,153590,9,Selected largest-prize regular Classic MLB draft group after excluding Turbo/Night/qualifier/satellite/showdown/snake/single-stat slates.,RP,Antoine Kelly (44153287),Antoine Kelly,44153287,P,4000,ATL@CHC 09/16/2026 07:40PM ET,09/16/2026 07:40PM ET,CHC,ATL,home,4.4,,,needs_review_new_player,identity_name_team_map,No reviewed normalized-name/team identity alias; do not auto-guess.
2026-09-16,2026-09-16T17:42:43.324112+00:00,2026-09-16,DraftKings official lineup CSV,https://www.draftkings.com/lineup/getavailableplayerscsv?contestTypeId=9&draftGroupId=153590,153590,9,Selected largest-prize regular Classic MLB draft group after excluding Turbo/Night/qualifier/satellite/showdown/snake/single-stat slates.,RP,Joe Jimenez (44153288),Joe Jimenez,44153288,P,4000,ATL@CHC 09/16/2026 07:40PM ET,09/16/2026 07:40PM ET,ATL,CHC,away,0,641729,Joe Jiménez,mapped,identity_name_team_map,Stable identity seed from old DK-ID map. Pilot join status: matched_people_search_name via mlb_people_search_normalized_name
2026-09-16,2026-09-16T17:42:43.324112+00:00,2026-09-16,DraftKings official lineup CSV,https://www.draftkings.com/lineup/getavailableplayerscsv?contestTypeId=9&draftGroupId=153590,153590,9,Selected largest-prize regular Classic MLB draft group after excluding Turbo/Night/qualifier/satellite/showdown/snake/single-stat slates.,RP,Troy Watson (44153289),Troy Watson,44153289,P,4000,SEA@LAA 09/16/2026 09:38PM ET,09/16/2026 09:38PM ET,SEA,LAA,away,0,,,needs_review_new_player,identity_name_team_map,No reviewed normalized-name/team identity alias; do not auto-guess.
2026-09-16,2026-09-16T17:42:43.324112+00:00,2026-09-16,DraftKings official lineup CSV,https://www.draftkings.com/lineup/getavailableplayerscsv?contestTypeId=9&draftGroupId=153590,153590,9,Selected largest-prize regular Classic MLB draft group after excluding Turbo/Night/qualifier/satellite/showdown/snake/single-stat slates.,RP,James McArthur (44153290),James McArthur,44153290,P,4000,KC@HOU 09/16/2026 08:10PM ET,09/16/2026 08:10PM ET,KC,HOU,away,0,663704,James McArthur,mapped,identity_name_team_map,Stable identity seed from old DK-ID map. Pilot join status: matched_people_search_name via mlb_people_search_normalized_name
2026-09-16,2026-09-16T17:42:43.324112+00:00,2026-09-16,DraftKings official lineup CSV,https://www.draftkings.com/lineup/getavailableplayerscsv?contestTypeId=9&draftGroupId=153590,153590,9,Selected largest-prize regular Classic MLB draft group after excluding Turbo/Night/qualifier/satellite/showdown/snake/single-stat slates.,RP,Robinson Ortiz (44153291),Robinson Ortiz,44153291,P,4000,SEA@LAA 09/16/2026 09:38PM ET,09/16/2026 09:38PM ET,SEA,LAA,away,0,,,needs_review_new_player,identity_name_team_map,No reviewed normalized-name/team identity alias; do not auto-guess.
2026-09-16,2026-09-16T17:42:43.324112+00:00,2026-09-16,DraftKings official lineup CSV,https://www.draftkings.com/lineup/getavailableplayerscsv?contestTypeId=9&draftGroupId=153590,153590,9,Selected largest-prize regular Classic MLB draft group after excluding Turbo/Night/qualifier/satellite/showdown/snake/single-stat slates.,SP,Steven Zobac (44153292),Steven Zobac,44153292,P,4000,KC@HOU 09/16/2026 08:10PM ET,09/16/2026 08:10PM ET,KC,HOU,away,0,686632,Steven Zobac,mapped,identity_name_team_map,Stable identity seed from old DK-ID map. Pilot join status: matched_people_search_name via mlb_people_search_normalized_name
2026-09-16,2026-09-16T17:42:43.324112+00:00,2026-09-16,DraftKings official lineup CSV,https://www.draftkings.com/lineup/getavailableplayerscsv?contestTypeId=9&draftGroupId=153590,153590,9,Selected largest-prize regular Classic MLB draft group after excluding Turbo/Night/qualifier/satellite/showdown/snake/single-stat slates.,RP,Tyler Beede (44153293),Tyler Beede,44153293,P,4000,ATL@CHC 09/16/2026 07:40PM ET,09/16/2026 07:40PM ET,CHC,ATL,home,0,,,needs_review_new_player,identity_name_team_map,No reviewed normalized-name/team identity alias; do not auto-guess.
2026-09-16,2026-09-16T17:42:43.324112+00:00,2026-09-16,DraftKings official lineup CSV,https://www.draftkings.com/lineup/getavailableplayerscsv?contestTypeId=9&draftGroupId=153590,153590,9,Selected largest-prize regular Classic MLB draft group after excluding Turbo/Night/qualifier/satellite/showdown/snake/single-stat slates.,RP,Eiberson Castellano (44153294),Eiberson Castellano,44153294,P,4000,SD@COL 09/16/2026 08:40PM ET,09/16/2026 08:40PM ET,COL,SD,home,7.8,,,needs_review_new_player,identity_name_team_map,No reviewed normalized-name/team identity alias; do not auto-guess.
2026-09-16,2026-09-16T17:42:43.324112+00:00,2026-09-16,DraftKings official lineup CSV,https://www.draftkings.com/lineup/getavailableplayerscsv?contestTypeId=9&draftGroupId=153590,153590,9,Selected largest-prize regular Classic MLB draft group after excluding Turbo/Night/qualifier/satellite/showdown/snake/single-stat slates.,RP,Garrett Hawkins (44153295),Garrett Hawkins,44153295,P,4000,SD@COL 09/16/2026 08:40PM ET,09/16/2026 08:40PM ET,SD,COL,away,0,678184,Garrett Hawkins,mapped,identity_name_team_map,Stable identity seed from old DK-ID map. Pilot join status: matched_people_search_name via mlb_people_search_normalized_name
2026-09-16,2026-09-16T17:42:43.324112+00:00,2026-09-16,DraftKings official lineup CSV,https://www.draftkings.com/lineup/getavailableplayerscsv?contestTypeId=9&draftGroupId=153590,153590,9,Selected largest-prize regular Classic MLB draft group after excluding Turbo/Night/qualifier/satellite/showdown/snake/single-stat slates.,RP,Blake Adams (44153296),Blake Adams,44153296,P,4000,SD@COL 09/16/2026 08:40PM ET,09/16/2026 08:40PM ET,COL,SD,home,-12,,,needs_review_new_player,identity_name_team_map,No reviewed normalized-name/team identity alias; do not auto-guess.
2026-09-16,2026-09-16T17:42:43.324112+00:00,2026-09-16,DraftKings official lineup CSV,https://www.draftkings.com/lineup/getavailableplayerscsv?contestTypeId=9&draftGroupId=153590,153590,9,Selected largest-prize regular Classic MLB draft group after excluding Turbo/Night/qualifier/satellite/showdown/snake/single-stat slates.,RP,Winston Santos (44153297),Winston Santos,44153297,P,4000,BOS@TEX 09/16/2026 08:05PM ET,09/16/2026 08:05PM ET,TEX,BOS,home,0.7,692437,Winston Santos,mapped,identity_name_team_map,Stable identity seed from old DK-ID map. Pilot join status: matched_people_search_name via mlb_people_search_normalized_name
2026-09-16,2026-09-16T17:42:43.324112+00:00,2026-09-16,DraftKings official lineup CSV,https://www.draftkings.com/lineup/getavailableplayerscsv?contestTypeId=9&draftGroupId=153590,153590,9,Selected largest-prize regular Classic MLB draft group after excluding Turbo/Night/qualifier/satellite/showdown/snake/single-stat slates.,SP,McCade Brown (44153298),McCade Brown,44153298,P,4000,SD@COL 09/16/2026 08:40PM ET,09/16/2026 08:40PM ET,COL,SD,home,0,685326,McCade Brown,mapped,identity_name_team_map,Stable identity seed from old DK-ID map. Pilot join status: matched_people_search_name via mlb_people_search_normalized_name
2026-09-16,2026-09-16T17:42:43.324112+00:00,2026-09-16,DraftKings official lineup CSV,https://www.draftkings.com/lineup/getavailableplayerscsv?contestTypeId=9&draftGroupId=153590,153590,9,Selected largest-prize regular Classic MLB draft group after excluding Turbo/Night/qualifier/satellite/showdown/snake/single-stat slates.,RP,John King (44153299),John King,44153299,P,4000,MIA@ARI 09/16/2026 09:40PM ET,09/16/2026 09:40PM ET,MIA,ARI,away,2.5,667463,John King,mapped,identity_name_team_map,Proposed from review candidates; basis=exact normalized name + team; role-compatible; statcast_pitcher_2026; confidence=high; sources=statcast_pitcher_2026
2026-09-16,2026-09-16T17:42:43.324112+00:00,2026-09-16,DraftKings official lineup CSV,https://www.draftkings.com/lineup/getavailableplayerscsv?contestTypeId=9&draftGroupId=153590,153590,9,Selected largest-prize regular Classic MLB draft group after excluding Turbo/Night/qualifier/satellite/showdown/snake/single-stat slates.,RP,Mason Miller (44153300),Mason Miller,44153300,P,4000,SD@COL 09/16/2026 08:40PM ET,09/16/2026 08:40PM ET,SD,COL,away,5.8,695243,Mason Miller,mapped,identity_name_team_map,Stable identity seed from old DK-ID map. Pilot join status: matched via normalized_name_team
2026-09-16,2026-09-16T17:42:43.324112+00:00,2026-09-16,DraftKings official lineup CSV,https://www.draftkings.com/lineup/getavailableplayerscsv?contestTypeId=9&draftGroupId=153590,153590,9,Selected largest-prize regular Classic MLB draft group after excluding Turbo/Night/qualifier/satellite/showdown/snake/single-stat slates.,RP,Yennier Cano (44153301),Yennier Cano,44153301,P,4000,BAL@NYM 09/16/2026 07:10PM ET,09/16/2026 07:10PM ET,BAL,NYM,away,2.1,,,needs_review_new_player,identity_name_team_map,No reviewed normalized-name/team identity alias; do not auto-guess.
2026-09-16,2026-09-16T17:42:43.324112+00:00,2026-09-16,DraftKings official lineup CSV,https://www.draftkings.com/lineup/getavailableplayerscsv?contestTypeId=9&draftGroupId=153590,153590,9,Selected largest-prize regular Classic MLB draft group after excluding Turbo/Night/qualifier/satellite/showdown/snake/single-stat slates.,RP,Nick Mears (44153302),Nick Mears,44153302,P,4000,KC@HOU 09/16/2026 08:10PM ET,09/16/2026 08:10PM ET,KC,HOU,away,2,683232,Nick Mears,mapped,identity_name_team_map,Stable identity seed from old DK-ID map. Pilot join status: matched via normalized_name_team
2026-09-16,2026-09-16T17:42:43.324112+00:00,2026-09-16,DraftKings official lineup CSV,https://www.draftkings.com/lineup/getavailableplayerscsv?contestTypeId=9&draftGroupId=153590,153590,9,Selected largest-prize regular Classic MLB draft group after excluding Turbo/Night/qualifier/satellite/showdown/snake/single-stat slates.,RP,Andrew Kittredge (44153303),Andrew Kittredge,44153303,P,4000,BAL@NYM 09/16/2026 07:10PM ET,09/16/2026 07:10PM ET,BAL,NYM,away,2.2,,,needs_review_new_player,identity_name_team_map,No reviewed normalized-name/team identity alias; do not auto-guess.
2026-09-16,2026-09-16T17:42:43.324112+00:00,2026-09-16,DraftKings official lineup CSV,https://www.draftkings.com/lineup/getavailableplayerscsv?contestTypeId=9&draftGroupId=153590,153590,9,Selected largest-prize regular Classic MLB draft group after excluding Turbo/Night/qualifier/satellite/showdown/snake/single-stat slates.,RP,Wyatt Olds (44153304),Wyatt Olds,44153304,P,4000,BOS@TEX 09/16/2026 08:05PM ET,09/16/2026 08:05PM ET,BOS,TEX,away,5.1,,,needs_review_new_player,identity_name_team_map,No reviewed normalized-name/team identity alias; do not auto-guess.
2026-09-16,2026-09-16T17:42:43.324112+00:00,2026-09-16,DraftKings official lineup CSV,https://www.draftkings.com/lineup/getavailableplayerscsv?contestTypeId=9&draftGroupId=153590,153590,9,Selected largest-prize regular Classic MLB draft group after excluding Turbo/Night/qualifier/satellite/showdown/snake/single-stat slates.,RP,Mark Manfredi (44153305),Mark Manfredi,44153305,P,4000,SD@COL 09/16/2026 08:40PM ET,09/16/2026 08:40PM ET,COL,SD,home,3.3,,,needs_review_new_player,identity_name_team_map,No reviewed normalized-name/team identity alias; do not auto-guess.
2026-09-16,2026-09-16T17:42:43.324112+00:00,2026-09-16,DraftKings official lineup CSV,https://www.draftkings.com/lineup/getavailableplayerscsv?contestTypeId=9&draftGroupId=153590,153590,9,Selected largest-prize regular Classic MLB draft group after excluding Turbo/Night/qualifier/satellite/showdown/snake/single-stat slates.,RP,Joey Gerber (44153306),Joey Gerber,44153306,P,4000,BAL@NYM 09/16/2026 07:10PM ET,09/16/2026 07:10PM ET,NYM,BAL,home,3,680702,Joey Gerber,mapped,identity_name_team_map,Stable identity seed from old DK-ID map. Pilot join status: matched via normalized_name_team
2026-09-16,2026-09-16T17:42:43.324112+00:00,2026-09-16,DraftKings official lineup CSV,https://www.draftkings.com/lineup/getavailableplayerscsv?contestTypeId=9&draftGroupId=153590,153590,9,Selected largest-prize regular Classic MLB draft group after excluding Turbo/Night/qualifier/satellite/showdown/snake/single-stat slates.,RP,Alex Lange (44153307),Alex Lange,44153307,P,4000,KC@HOU 09/16/2026 08:10PM ET,09/16/2026 08:10PM ET,KC,HOU,away,2.1,656638,Alex Lange,mapped,identity_name_team_map,Stable identity seed from old DK-ID map. Pilot join status: matched via normalized_name_team
2026-09-16,2026-09-16T17:42:43.324112+00:00,2026-09-16,DraftKings official lineup CSV,https://www.draftkings.com/lineup/getavailableplayerscsv?contestTypeId=9&draftGroupId=153590,153590,9,Selected largest-prize regular Classic MLB draft group after excluding Turbo/Night/qualifier/satellite/showdown/snake/single-stat slates.,RP,Raisel Iglesias (44153308),Raisel Iglesias,44153308,P,4000,ATL@CHC 09/16/2026 07:40PM ET,09/16/2026 07:40PM ET,ATL,CHC,away,3.1,628452,Raisel Iglesias,mapped,identity_name_team_map,Stable identity seed from old DK-ID map. Pilot join status: matched via normalized_name_team
2026-09-16,2026-09-16T17:42:43.324112+00:00,2026-09-16,DraftKings official lineup CSV,https://www.draftkings.com/lineup/getavailableplayerscsv?contestTypeId=9&draftGroupId=153590,153590,9,Selected largest-prize regular Classic MLB draft group after excluding Turbo/Night/qualifier/satellite/showdown/snake/single-stat slates.,RP,Jose A. Ferrer (44153309),Jose A. Ferrer,44153309,P,4000,SEA@LAA 09/16/2026 09:38PM ET,09/16/2026 09:38PM ET,SEA,LAA,away,2.1,,,needs_review_new_player,identity_name_team_map,No reviewed normalized-name/team identity alias; do not auto-guess.
2026-09-16,2026-09-16T17:42:43.324112+00:00,2026-09-16,DraftKings official lineup CSV,https://www.draftkings.com/lineup/getavailableplayerscsv?contestTypeId=9&draftGroupId=153590,153590,9,Selected largest-prize regular Classic MLB draft group after excluding Turbo/Night/qualifier/satellite/showdown/snake/single-stat slates.,RP,Carlos Estevez (44153310),Carlos Estevez,44153310,P,4000,KC@HOU 09/16/2026 08:10PM ET,09/16/2026 08:10PM ET,KC,HOU,away,-14.9,608032,Carlos Estévez,mapped,identity_name_team_map,Stable identity seed from old DK-ID map. Pilot join status: matched via normalized_name_team
2026-09-16,2026-09-16T17:42:43.324112+00:00,2026-09-16,DraftKings official lineup CSV,https://www.draftkings.com/lineup/getavailableplayerscsv?contestTypeId=9&draftGroupId=153590,153590,9,Selected largest-prize regular Classic MLB draft group after excluding Turbo/Night/qualifier/satellite/showdown/snake/single-stat slates.,RP,Cameron Foster (44153311),Cameron Foster,44153311,P,4000,BAL@NYM 09/16/2026 07:10PM ET,09/16/2026 07:10PM ET,BAL,NYM,away,0.9,,,needs_review_new_player,identity_name_team_map,No reviewed normalized-name/team identity alias; do not auto-guess.
2026-09-16,2026-09-16T17:42:43.324112+00:00,2026-09-16,DraftKings official lineup CSV,https://www.draftkings.com/lineup/getavailableplayerscsv?contestTypeId=9&draftGroupId=153590,153590,9,Selected largest-prize regular Classic MLB draft group after excluding Turbo/Night/qualifier/satellite/showdown/snake/single-stat slates.,RP,Aroldis Chapman (44153312),Aroldis Chapman,44153312,P,4000,BOS@TEX 09/16/2026 08:05PM ET,09/16/2026 08:05PM ET,BOS,TEX,away,3.9,,,needs_review_new_player,identity_name_team_map,No reviewed normalized-name/team identity alias; do not auto-guess.
2026-09-16,2026-09-16T17:42:43.324112+00:00,2026-09-16,DraftKings official lineup CSV,https://www.draftkings.com/lineup/getavailableplayerscsv?contestTypeId=9&draftGroupId=153590,153590,9,Selected largest-prize regular Classic MLB draft group after excluding Turbo/Night/qualifier/satellite/showdown/snake/single-stat slates.,RP,Dylan Dodd (44153313),Dylan Dodd,44153313,P,4000,ATL@CHC 09/16/2026 07:40PM ET,09/16/2026 07:40PM ET,ATL,CHC,away,3.7,689266,Dylan Dodd,mapped,identity_name_team_map,Stable identity seed from old DK-ID map. Pilot join status: matched via normalized_name_team
2026-09-16,2026-09-16T17:42:43.324112+00:00,2026-09-16,DraftKings official lineup CSV,https://www.draftkings.com/lineup/getavailableplayerscsv?contestTypeId=9&draftGroupId=153590,153590,9,Selected largest-prize regular Classic MLB draft group after excluding Turbo/Night/qualifier/satellite/showdown/snake/single-stat slates.,RP,Michael Petersen (44153314),Michael Petersen,44153314,P,4000,MIA@ARI 09/16/2026 09:40PM ET,09/16/2026 09:40PM ET,MIA,ARI,away,3.5,656848,Michael Petersen,mapped,identity_name_team_map,Proposed from review candidates; basis=exact normalized name + team; role-compatible; statcast_pitcher_2026; confidence=high; sources=statcast_pitcher_2026
2026-09-16,2026-09-16T17:42:43.324112+00:00,2026-09-16,DraftKings official lineup CSV,https://www.draftkings.com/lineup/getavailableplayerscsv?contestTypeId=9&draftGroupId=153590,153590,9,Selected largest-prize regular Classic MLB draft group after excluding Turbo/Night/qualifier/satellite/showdown/snake/single-stat slates.,RP,Spencer Bivens (44153315),Spencer Bivens,44153315,P,4000,KC@HOU 09/16/2026 08:10PM ET,09/16/2026 08:10PM ET,KC,HOU,away,0.6,702352,Spencer Bivens,needs_review_team_change,identity_name_unique_mlbam,Name maps to one reviewed MLBAM identity but not this DK team; review as team-change/new alias before trusting automation.
2026-09-16,2026-09-16T17:42:43.324112+00:00,2026-09-16,DraftKings official lineup CSV,https://www.draftkings.com/lineup/getavailableplayerscsv?contestTypeId=9&draftGroupId=153590,153590,9,Selected largest-prize regular Classic MLB draft group after excluding Turbo/Night/qualifier/satellite/showdown/snake/single-stat slates.,RP,Dedniel Nunez (44153316),Dedniel Nunez,44153316,P,4000,BAL@NYM 09/16/2026 07:10PM ET,09/16/2026 07:10PM ET,NYM,BAL,home,2.9,673380,Dedniel Núñez,mapped,identity_name_team_map,Stable identity seed from old DK-ID map. Pilot join status: matched_people_search_name via mlb_people_search_normalized_name
2026-09-16,2026-09-16T17:42:43.324112+00:00,2026-09-16,DraftKings official lineup CSV,https://www.draftkings.com/lineup/getavailableplayerscsv?contestTypeId=9&draftGroupId=153590,153590,9,Selected largest-prize regular Classic MLB draft group after excluding Turbo/Night/qualifier/satellite/showdown/snake/single-stat slates.,RP,Luke Little (44153317),Luke Little,44153317,P,4000,KC@HOU 09/16/2026 08:10PM ET,09/16/2026 08:10PM ET,KC,HOU,away,1.1,681432,Luke Little,needs_review_team_change,identity_name_unique_mlbam,Name maps to one reviewed MLBAM identity but not this DK team; review as team-change/new alias before trusting automation.
2026-09-16,2026-09-16T17:42:43.324112+00:00,2026-09-16,DraftKings official lineup CSV,https://www.draftkings.com/lineup/getavailableplayerscsv?contestTypeId=9&draftGroupId=153590,153590,9,Selected largest-prize regular Classic MLB draft group after excluding Turbo/Night/qualifier/satellite/showdown/snake/single-stat slates.,RP,Calvin Faucher (44153318),Calvin Faucher,44153318,P,4000,MIA@ARI 09/16/2026 09:40PM ET,09/16/2026 09:40PM ET,MIA,ARI,away,3,676534,Calvin Faucher,mapped,identity_name_team_map,Proposed from review candidates; basis=exact normalized name + team; role-compatible; statcast_pitcher_2026; confidence=high; sources=statcast_pitcher_2026
2026-09-16,2026-09-16T17:42:43.324112+00:00,2026-09-16,DraftKings official lineup CSV,https://www.draftkings.com/lineup/getavailableplayerscsv?contestTypeId=9&draftGroupId=153590,153590,9,Selected largest-prize regular Classic MLB draft group after excluding Turbo/Night/qualifier/satellite/showdown/snake/single-stat slates.,RP,Alex Hoppe (44153319),Alex Hoppe,44153319,P,4000,BAL@NYM 09/16/2026 07:10PM ET,09/16/2026 07:10PM ET,BAL,NYM,away,2.7,,,needs_review_new_player,identity_name_team_map,No reviewed normalized-name/team identity alias; do not auto-guess.
2026-09-16,2026-09-16T17:42:43.324112+00:00,2026-09-16,DraftKings official lineup CSV,https://www.draftkings.com/lineup/getavailableplayerscsv?contestTypeId=9&draftGroupId=153590,153590,9,Selected largest-prize regular Classic MLB draft group after excluding Turbo/Night/qualifier/satellite/showdown/snake/single-stat slates.,RP,Drey Jameson (44153320),Drey Jameson,44153320,P,4000,MIA@ARI 09/16/2026 09:40PM ET,09/16/2026 09:40PM ET,ARI,MIA,home,2.5,,,needs_review_new_player,identity_name_team_map,No reviewed normalized-name/team identity alias; do not auto-guess.
2026-09-16,2026-09-16T17:42:43.324112+00:00,2026-09-16,DraftKings official lineup CSV,https://www.draftkings.com/lineup/getavailableplayerscsv?contestTypeId=9&draftGroupId=153590,153590,9,Selected largest-prize regular Classic MLB draft group after excluding Turbo/Night/qualifier/satellite/showdown/snake/single-stat slates.,RP,Gabe Speier (44153321),Gabe Speier,44153321,P,4000,SEA@LAA 09/16/2026 09:38PM ET,09/16/2026 09:38PM ET,SEA,LAA,away,2.5,,,needs_review_new_player,identity_name_team_map,No reviewed normalized-name/team identity alias; do not auto-guess.
2026-09-16,2026-09-16T17:42:43.324112+00:00,2026-09-16,DraftKings official lineup CSV,https://www.draftkings.com/lineup/getavailableplayerscsv?contestTypeId=9&draftGroupId=153590,153590,9,Selected largest-prize regular Classic MLB draft group after excluding Turbo/Night/qualifier/satellite/showdown/snake/single-stat slates.,RP,Jonathan Loaisiga (44153322),Jonathan Loaisiga,44153322,P,4000,MIA@ARI 09/16/2026 09:40PM ET,09/16/2026 09:40PM ET,ARI,MIA,home,3,,,needs_review_new_player,identity_name_team_map,No reviewed normalized-name/team identity alias; do not auto-guess.
2026-09-16,2026-09-16T17:42:43.324112+00:00,2026-09-16,DraftKings official lineup CSV,https://www.draftkings.com/lineup/getavailableplayerscsv?contestTypeId=9&draftGroupId=153590,153590,9,Selected largest-prize regular Classic MLB draft group after excluding Turbo/Night/qualifier/satellite/showdown/snake/single-stat slates.,RP,Dennis Santana (44153323),Dennis Santana,44153323,P,4000,MIA@ARI 09/16/2026 09:40PM ET,09/16/2026 09:40PM ET,ARI,MIA,home,2.2,,,needs_review_new_player,identity_name_team_map,No reviewed normalized-name/team identity alias; do not auto-guess.
2026-09-16,2026-09-16T17:42:43.324112+00:00,2026-09-16,DraftKings official lineup CSV,https://www.draftkings.com/lineup/getavailableplayerscsv?contestTypeId=9&draftGroupId=153590,153590,9,Selected largest-prize regular Classic MLB draft group after excluding Turbo/Night/qualifier/satellite/showdown/snake/single-stat slates.,RP,Jimmy Herget (44153324),Jimmy Herget,44153324,P,4000,SD@COL 09/16/2026 08:40PM ET,09/16/2026 08:40PM ET,COL,SD,home,1.7,623474,Jimmy Herget,mapped,identity_name_team_map,Stable identity seed from old DK-ID map. Pilot join status: matched via normalized_name_team
2026-09-16,2026-09-16T17:42:43.324112+00:00,2026-09-16,DraftKings official lineup CSV,https://www.draftkings.com/lineup/getavailableplayerscsv?contestTypeId=9&draftGroupId=153590,153590,9,Selected largest-prize regular Classic MLB draft group after excluding Turbo/Night/qualifier/satellite/showdown/snake/single-stat slates.,RP,Tyler Samaniego (44153325),Tyler Samaniego,44153325,P,4000,BOS@TEX 09/16/2026 08:05PM ET,09/16/2026 08:05PM ET,BOS,TEX,away,2.4,,,needs_review_new_player,identity_name_team_map,No reviewed normalized-name/team identity alias; do not auto-guess.
2026-09-16,2026-09-16T17:42:43.324112+00:00,2026-09-16,DraftKings official lineup CSV,https://www.draftkings.com/lineup/getavailableplayerscsv?contestTypeId=9&draftGroupId=153590,153590,9,Selected largest-prize regular Classic MLB draft group after excluding Turbo/Night/qualifier/satellite/showdown/snake/single-stat slates.,RP,Steven Okert (44153326),Steven Okert,44153326,P,4000,KC@HOU 09/16/2026 08:10PM ET,09/16/2026 08:10PM ET,HOU,KC,home,3.6,595345,Steven Okert,mapped,identity_name_team_map,Stable identity seed from old DK-ID map. Pilot join status: matched via normalized_name_team
2026-09-16,2026-09-16T17:42:43.324112+00:00,2026-09-16,DraftKings official lineup CSV,https://www.draftkings.com/lineup/getavailableplayerscsv?contestTypeId=9&draftGroupId=153590,153590,9,Selected largest-prize regular Classic MLB draft group after excluding Turbo/Night/qualifier/satellite/showdown/snake/single-stat slates.,RP,Zack Kelly (44153327),Zack Kelly,44153327,P,4000,BOS@TEX 09/16/2026 08:05PM ET,09/16/2026 08:05PM ET,BOS,TEX,away,2.2,,,needs_review_new_player,identity_name_team_map,No reviewed normalized-name/team identity alias; do not auto-guess.
2026-09-16,2026-09-16T17:42:43.324112+00:00,2026-09-16,DraftKings official lineup CSV,https://www.draftkings.com/lineup/getavailableplayerscsv?contestTypeId=9&draftGroupId=153590,153590,9,Selected largest-prize regular Classic MLB draft group after excluding Turbo/Night/qualifier/satellite/showdown/snake/single-stat slates.,RP,Easton McGee (44153328),Easton McGee,44153328,P,4000,KC@HOU 09/16/2026 08:10PM ET,09/16/2026 08:10PM ET,KC,HOU,away,1.4,668834,Easton McGee,needs_review_team_change,identity_name_unique_mlbam,Name maps to one reviewed MLBAM identity but not this DK team; review as team-change/new alias before trusting automation.
2026-09-16,2026-09-16T17:42:43.324112+00:00,2026-09-16,DraftKings official lineup CSV,https://www.draftkings.com/lineup/getavailableplayerscsv?contestTypeId=9&draftGroupId=153590,153590,9,Selected largest-prize regular Classic MLB draft group after excluding Turbo/Night/qualifier/satellite/showdown/snake/single-stat slates.,RP,Erik Miller (44153329),Erik Miller,44153329,P,4000,BOS@TEX 09/16/2026 08:05PM ET,09/16/2026 08:05PM ET,BOS,TEX,away,3.8,669062,Erik Miller,needs_review_team_change,identity_name_unique_mlbam,Name maps to one reviewed MLBAM identity but not this DK team; review as team-change/new alias before trusting automation.
2026-09-16,2026-09-16T17:42:43.324112+00:00,2026-09-16,DraftKings official lineup CSV,https://www.draftkings.com/lineup/getavailableplayerscsv?contestTypeId=9&draftGroupId=153590,153590,9,Selected largest-prize regular Classic MLB draft group after excluding Turbo/Night/qualifier/satellite/showdown/snake/single-stat slates.,RP,Josh Hader (44153330),Josh Hader,44153330,P,4000,KC@HOU 09/16/2026 08:10PM ET,09/16/2026 08:10PM ET,HOU,KC,home,4.6,623352,Josh Hader,mapped,identity_name_team_map,Stable identity seed from old DK-ID map. Pilot join status: matched via normalized_name_team
2026-09-16,2026-09-16T17:42:43.324112+00:00,2026-09-16,DraftKings official lineup CSV,https://www.draftkings.com/lineup/getavailableplayerscsv?contestTypeId=9&draftGroupId=153590,153590,9,Selected largest-prize regular Classic MLB draft group after excluding Turbo/Night/qualifier/satellite/showdown/snake/single-stat slates.,RP,Jalen Beeks (44153331),Jalen Beeks,44153331,P,4000,BOS@TEX 09/16/2026 08:05PM ET,09/16/2026 08:05PM ET,TEX,BOS,home,2.2,656222,Jalen Beeks,mapped,identity_name_team_map,Stable identity seed from old DK-ID map. Pilot join status: matched via normalized_name_team
2026-09-16,2026-09-16T17:42:43.324112+00:00,2026-09-16,DraftKings official lineup CSV,https://www.draftkings.com/lineup/getavailableplayerscsv?contestTypeId=9&draftGroupId=153590,153590,9,Selected largest-prize regular Classic MLB draft group after excluding Turbo/Night/qualifier/satellite/showdown/snake/single-stat slates.,RP,Cam Sanders (44153332),Cam Sanders,44153332,P,4000,BAL@NYM 09/16/2026 07:10PM ET,09/16/2026 07:10PM ET,BAL,NYM,away,3,,,needs_review_new_player,identity_name_team_map,No reviewed normalized-name/team identity alias; do not auto-guess.
2026-09-16,2026-09-16T17:42:43.324112+00:00,2026-09-16,DraftKings official lineup CSV,https://www.draftkings.com/lineup/getavailableplayerscsv?contestTypeId=9&draftGroupId=153590,153590,9,Selected largest-prize regular Classic MLB draft group after excluding Turbo/Night/qualifier/satellite/showdown/snake/single-stat slates.,RP,Josh Simpson (44153333),Josh Simpson,44153333,P,4000,SEA@LAA 09/16/2026 09:38PM ET,09/16/2026 09:38PM ET,SEA,LAA,away,1.4,,,needs_review_new_player,identity_name_team_map,No reviewed normalized-name/team identity alias; do not auto-guess.
2026-09-16,2026-09-16T17:42:43.324112+00:00,2026-09-16,DraftKings official lineup CSV,https://www.draftkings.com/lineup/getavailableplayerscsv?contestTypeId=9&draftGroupId=153590,153590,9,Selected largest-prize regular Classic MLB draft group after excluding Turbo/Night/qualifier/satellite/showdown/snake/single-stat slates.,RP,Will Kempner (44153334),Will Kempner,44153334,P,4000,MIA@ARI 09/16/2026 09:40PM ET,09/16/2026 09:40PM ET,MIA,ARI,away,4.8,,,needs_review_new_player,identity_name_team_map,No reviewed normalized-name/team identity alias; do not auto-guess.
2026-09-16,2026-09-16T17:42:43.324112+00:00,2026-09-16,DraftKings official lineup CSV,https://www.draftkings.com/lineup/getavailableplayerscsv?contestTypeId=9&draftGroupId=153590,153590,9,Selected largest-prize regular Classic MLB draft group after excluding Turbo/Night/qualifier/satellite/showdown/snake/single-stat slates.,RP,Dylan Ross (44153335),Dylan Ross,44153335,P,4000,BAL@NYM 09/16/2026 07:10PM ET,09/16/2026 07:10PM ET,NYM,BAL,home,2.3,697811,Dylan Ross,mapped,identity_name_team_map,Stable identity seed from old DK-ID map. Pilot join status: matched_people_search_name via mlb_people_search_normalized_name
2026-09-16,2026-09-16T17:42:43.324112+00:00,2026-09-16,DraftKings official lineup CSV,https://www.draftkings.com/lineup/getavailableplayerscsv?contestTypeId=9&draftGroupId=153590,153590,9,Selected largest-prize regular Classic MLB draft group after excluding Turbo/Night/qualifier/satellite/showdown/snake/single-stat slates.,RP,Adrian Morejon (44153336),Adrian Morejon,44153336,P,4000,SD@COL 09/16/2026 08:40PM ET,09/16/2026 08:40PM ET,SD,COL,away,4.4,670970,Adrian Morejon,mapped,identity_name_team_map,Stable identity seed from old DK-ID map. Pilot join status: matched via normalized_name_team
2026-09-16,2026-09-16T17:42:43.324112+00:00,2026-09-16,DraftKings official lineup CSV,https://www.draftkings.com/lineup/getavailableplayerscsv?contestTypeId=9&draftGroupId=153590,153590,9,Selected largest-prize regular Classic MLB draft group after excluding Turbo/Night/qualifier/satellite/showdown/snake/single-stat slates.,RP,Michael Rucker (44153337),Michael Rucker,44153337,P,4000,SEA@LAA 09/16/2026 09:38PM ET,09/16/2026 09:38PM ET,SEA,LAA,away,2.8,,,needs_review_new_player,identity_name_team_map,No reviewed normalized-name/team identity alias; do not auto-guess.
2026-09-16,2026-09-16T17:42:43.324112+00:00,2026-09-16,DraftKings official lineup CSV,https://www.draftkings.com/lineup/getavailableplayerscsv?contestTypeId=9&draftGroupId=153590,153590,9,Selected largest-prize regular Classic MLB draft group after excluding Turbo/Night/qualifier/satellite/showdown/snake/single-stat slates.,RP,Carter Baumler (44153338),Carter Baumler,44153338,P,4000,BOS@TEX 09/16/2026 08:05PM ET,09/16/2026 08:05PM ET,TEX,BOS,home,3.5,691945,Carter Baumler,mapped,identity_name_team_map,Stable identity seed from old DK-ID map. Pilot join status: matched via normalized_name_team
2026-09-16,2026-09-16T17:42:43.324112+00:00,2026-09-16,DraftKings official lineup CSV,https://www.draftkings.com/lineup/getavailableplayerscsv?contestTypeId=9&draftGroupId=153590,153590,9,Selected largest-prize regular Classic MLB draft group after excluding Turbo/Night/qualifier/satellite/showdown/snake/single-stat slates.,RP,Jose Cuas (44153339),Jose Cuas,44153339,P,4000,KC@HOU 09/16/2026 08:10PM ET,09/16/2026 08:10PM ET,KC,HOU,away,2.7,,,needs_review_new_player,identity_name_team_map,No reviewed normalized-name/team identity alias; do not auto-guess.
2026-09-16,2026-09-16T17:42:43.324112+00:00,2026-09-16,DraftKings official lineup CSV,https://www.draftkings.com/lineup/getavailableplayerscsv?contestTypeId=9&draftGroupId=153590,153590,9,Selected largest-prize regular Classic MLB draft group after excluding Turbo/Night/qualifier/satellite/showdown/snake/single-stat slates.,RP,Jayden Murray (44153340),Jayden Murray,44153340,P,4000,ATL@CHC 09/16/2026 07:40PM ET,09/16/2026 07:40PM ET,CHC,ATL,home,1,681151,Jayden Murray,needs_review_team_change,identity_name_unique_mlbam,Name maps to one reviewed MLBAM identity but not this DK team; review as team-change/new alias before trusting automation.
2026-09-16,2026-09-16T17:42:43.324112+00:00,2026-09-16,DraftKings official lineup CSV,https://www.draftkings.com/lineup/getavailableplayerscsv?contestTypeId=9&draftGroupId=153590,153590,9,Selected largest-prize regular Classic MLB draft group after excluding Turbo/Night/qualifier/satellite/showdown/snake/single-stat slates.,RP,Shelby Miller (44153341),Shelby Miller,44153341,P,4000,ATL@CHC 09/16/2026 07:40PM ET,09/16/2026 07:40PM ET,CHC,ATL,home,0,571946,Shelby Miller,mapped,identity_name_team_map,Stable identity seed from old DK-ID map. Pilot join status: matched_people_search_name via mlb_people_search_normalized_name
2026-09-16,2026-09-16T17:42:43.324112+00:00,2026-09-16,DraftKings official lineup CSV,https://www.draftkings.com/lineup/getavailableplayerscsv?contestTypeId=9&draftGroupId=153590,153590,9,Selected largest-prize regular Classic MLB draft group after excluding Turbo/Night/qualifier/satellite/showdown/snake/single-stat slates.,RP,Devin Williams (44153342),Devin Williams,44153342,P,4000,BAL@NYM 09/16/2026 07:10PM ET,09/16/2026 07:10PM ET,NYM,BAL,home,2.9,642207,Devin Williams,mapped,identity_name_team_map,Stable identity seed from old DK-ID map. Pilot join status: matched via normalized_name_team
2026-09-16,2026-09-16T17:42:43.324112+00:00,2026-09-16,DraftKings official lineup CSV,https://www.draftkings.com/lineup/getavailableplayerscsv?contestTypeId=9&draftGroupId=153590,153590,9,Selected largest-prize regular Classic MLB draft group after excluding Turbo/Night/qualifier/satellite/showdown/snake/single-stat slates.,RP,Emiliano Teodo (44153343),Emiliano Teodo,44153343,P,4000,BOS@TEX 09/16/2026 08:05PM ET,09/16/2026 08:05PM ET,TEX,BOS,home,-1.3,693713,Emiliano Teodo,mapped,identity_name_team_map,Stable identity seed from old DK-ID map. Pilot join status: matched_people_search_name via mlb_people_search_normalized_name
2026-09-16,2026-09-16T17:42:43.324112+00:00,2026-09-16,DraftKings official lineup CSV,https://www.draftkings.com/lineup/getavailableplayerscsv?contestTypeId=9&draftGroupId=153590,153590,9,Selected largest-prize regular Classic MLB draft group after excluding Turbo/Night/qualifier/satellite/showdown/snake/single-stat slates.,RP,Reed Garrett (44153344),Reed Garrett,44153344,P,4000,BAL@NYM 09/16/2026 07:10PM ET,09/16/2026 07:10PM ET,NYM,BAL,home,0,657585,Reed Garrett,mapped,identity_name_team_map,Stable identity seed from old DK-ID map. Pilot join status: matched_people_search_name via mlb_people_search_normalized_name
2026-09-16,2026-09-16T17:42:43.324112+00:00,2026-09-16,DraftKings official lineup CSV,https://www.draftkings.com/lineup/getavailableplayerscsv?contestTypeId=9&draftGroupId=153590,153590,9,Selected largest-prize regular Classic MLB draft group after excluding Turbo/Night/qualifier/satellite/showdown/snake/single-stat slates.,RP,Joe La Sorsa (44153345),Joe La Sorsa,44153345,P,4000,BOS@TEX 09/16/2026 08:05PM ET,09/16/2026 08:05PM ET,BOS,TEX,away,0.2,,,needs_review_new_player,identity_name_team_map,No reviewed normalized-name/team identity alias; do not auto-guess.
2026-09-16,2026-09-16T17:42:43.324112+00:00,2026-09-16,DraftKings official lineup CSV,https://www.draftkings.com/lineup/getavailableplayerscsv?contestTypeId=9&draftGroupId=153590,153590,9,Selected largest-prize regular Classic MLB draft group after excluding Turbo/Night/qualifier/satellite/showdown/snake/single-stat slates.,RP,Ben Peoples (44153346),Ben Peoples,44153346,P,4000,BOS@TEX 09/16/2026 08:05PM ET,09/16/2026 08:05PM ET,TEX,BOS,home,2.1,,,needs_review_new_player,identity_name_team_map,No reviewed normalized-name/team identity alias; do not auto-guess.
2026-09-16,2026-09-16T17:42:43.324112+00:00,2026-09-16,DraftKings official lineup CSV,https://www.draftkings.com/lineup/getavailableplayerscsv?contestTypeId=9&draftGroupId=153590,153590,9,Selected largest-prize regular Classic MLB draft group after excluding Turbo/Night/qualifier/satellite/showdown/snake/single-stat slates.,RP,Porter Hodge (44153347),Porter Hodge,44153347,P,4000,ATL@CHC 09/16/2026 07:40PM ET,09/16/2026 07:40PM ET,CHC,ATL,home,0,687863,Porter Hodge,mapped,identity_name_team_map,Stable identity seed from old DK-ID map. Pilot join status: matched_people_search_name via mlb_people_search_normalized_name
2026-09-16,2026-09-16T17:42:43.324112+00:00,2026-09-16,DraftKings official lineup CSV,https://www.draftkings.com/lineup/getavailableplayerscsv?contestTypeId=9&draftGroupId=153590,153590,9,Selected largest-prize regular Classic MLB draft group after excluding Turbo/Night/qualifier/satellite/showdown/snake/single-stat slates.,RP,Yosver Zulueta (44153348),Yosver Zulueta,44153348,P,4000,BAL@NYM 09/16/2026 07:10PM ET,09/16/2026 07:10PM ET,BAL,NYM,away,0,,,needs_review_new_player,identity_name_team_map,No reviewed normalized-name/team identity alias; do not auto-guess.
2026-09-16,2026-09-16T17:42:43.324112+00:00,2026-09-16,DraftKings official lineup CSV,https://www.draftkings.com/lineup/getavailableplayerscsv?contestTypeId=9&draftGroupId=153590,153590,9,Selected largest-prize regular Classic MLB draft group after excluding Turbo/Night/qualifier/satellite/showdown/snake/single-stat slates.,RP,Kevin Ginkel (44153349),Kevin Ginkel,44153349,P,4000,MIA@ARI 09/16/2026 09:40PM ET,09/16/2026 09:40PM ET,ARI,MIA,home,2.9,,,needs_review_new_player,identity_name_team_map,No reviewed normalized-name/team identity alias; do not auto-guess.
2026-09-16,2026-09-16T17:42:43.324112+00:00,2026-09-16,DraftKings official lineup CSV,https://www.draftkings.com/lineup/getavailableplayerscsv?contestTypeId=9&draftGroupId=153590,153590,9,Selected largest-prize regular Classic MLB draft group after excluding Turbo/Night/qualifier/satellite/showdown/snake/single-stat slates.,RP,Daniel Palencia (44153350),Daniel Palencia,44153350,P,4000,ATL@CHC 09/16/2026 07:40PM ET,09/16/2026 07:40PM ET,CHC,ATL,home,2.5,694037,Daniel Palencia,mapped,identity_name_team_map,Stable identity seed from old DK-ID map. Pilot join status: matched via normalized_name_team
2026-09-16,2026-09-16T17:42:43.324112+00:00,2026-09-16,DraftKings official lineup CSV,https://www.draftkings.com/lineup/getavailableplayerscsv?contestTypeId=9&draftGroupId=153590,153590,9,Selected largest-prize regular Classic MLB draft group after excluding Turbo/Night/qualifier/satellite/showdown/snake/single-stat slates.,RP,Nate Lavender (44153351),Nate Lavender,44153351,P,4000,BAL@NYM 09/16/2026 07:10PM ET,09/16/2026 07:10PM ET,NYM,BAL,home,4.2,,,needs_review_new_player,identity_name_team_map,No reviewed normalized-name/team identity alias; do not auto-guess.
2026-09-16,2026-09-16T17:42:43.324112+00:00,2026-09-16,DraftKings official lineup CSV,https://www.draftkings.com/lineup/getavailableplayerscsv?contestTypeId=9&draftGroupId=153590,153590,9,Selected largest-prize regular Classic MLB draft group after excluding Turbo/Night/qualifier/satellite/showdown/snake/single-stat slates.,RP,Taylor Clarke (44153352),Taylor Clarke,44153352,P,4000,MIA@ARI 09/16/2026 09:40PM ET,09/16/2026 09:40PM ET,ARI,MIA,home,2.5,,,needs_review_new_player,identity_name_team_map,No reviewed normalized-name/team identity alias; do not auto-guess.
2026-09-16,2026-09-16T17:42:43.324112+00:00,2026-09-16,DraftKings official lineup CSV,https://www.draftkings.com/lineup/getavailableplayerscsv?contestTypeId=9&draftGroupId=153590,153590,9,Selected largest-prize regular Classic MLB draft group after excluding Turbo/Night/qualifier/satellite/showdown/snake/single-stat slates.,RP,James Karinchak (44153353),James Karinchak,44153353,P,4000,ATL@CHC 09/16/2026 07:40PM ET,09/16/2026 07:40PM ET,ATL,CHC,away,3.2,,,needs_review_new_player,identity_name_team_map,No reviewed normalized-name/team identity alias; do not auto-guess.
2026-09-16,2026-09-16T17:42:43.324112+00:00,2026-09-16,DraftKings official lineup CSV,https://www.draftkings.com/lineup/getavailableplayerscsv?contestTypeId=9&draftGroupId=153590,153590,9,Selected largest-prize regular Classic MLB draft group after excluding Turbo/Night/qualifier/satellite/showdown/snake/single-stat slates.,RP,Steven Cruz (44153354),Steven Cruz,44153354,P,4000,KC@HOU 09/16/2026 08:10PM ET,09/16/2026 08:10PM ET,KC,HOU,away,3,674444,Steven Cruz,mapped,identity_name_team_map,Stable identity seed from old DK-ID map. Pilot join status: matched via normalized_name_team
2026-09-16,2026-09-16T17:42:43.324112+00:00,2026-09-16,DraftKings official lineup CSV,https://www.draftkings.com/lineup/getavailableplayerscsv?contestTypeId=9&draftGroupId=153590,153590,9,Selected largest-prize regular Classic MLB draft group after excluding Turbo/Night/qualifier/satellite/showdown/snake/single-stat slates.,RP,David Morgan (44153355),David Morgan,44153355,P,4000,SD@COL 09/16/2026 08:40PM ET,09/16/2026 08:40PM ET,SD,COL,away,2.9,688158,David Morgan,mapped,identity_name_team_map,Stable identity seed from old DK-ID map. Pilot join status: matched via normalized_name_team
2026-09-16,2026-09-16T17:42:43.324112+00:00,2026-09-16,DraftKings official lineup CSV,https://www.draftkings.com/lineup/getavailableplayerscsv?contestTypeId=9&draftGroupId=153590,153590,9,Selected largest-prize regular Classic MLB draft group after excluding Turbo/Night/qualifier/satellite/showdown/snake/single-stat slates.,RP,A.J. Puk (44153356),A.J. Puk,44153356,P,4000,MIA@ARI 09/16/2026 09:40PM ET,09/16/2026 09:40PM ET,ARI,MIA,home,0,,,needs_review_new_player,identity_name_team_map,No reviewed normalized-name/team identity alias; do not auto-guess.
2026-09-16,2026-09-16T17:42:43.324112+00:00,2026-09-16,DraftKings official lineup CSV,https://www.draftkings.com/lineup/getavailableplayerscsv?contestTypeId=9&draftGroupId=153590,153590,9,Selected largest-prize regular Classic MLB draft group after excluding Turbo/Night/qualifier/satellite/showdown/snake/single-stat slates.,RP,Lucas Erceg (44153357),Lucas Erceg,44153357,P,4000,KC@HOU 09/16/2026 08:10PM ET,09/16/2026 08:10PM ET,KC,HOU,away,1.4,668674,Lucas Erceg,mapped,identity_name_team_map,Stable identity seed from old DK-ID map. Pilot join status: matched via normalized_name_team
2026-09-16,2026-09-16T17:42:43.324112+00:00,2026-09-16,DraftKings official lineup CSV,https://www.draftkings.com/lineup/getavailableplayerscsv?contestTypeId=9&draftGroupId=153590,153590,9,Selected largest-prize regular Classic MLB draft group after excluding Turbo/Night/qualifier/satellite/showdown/snake/single-stat slates.,RP,Jose Fermin (44153358),Jose Fermin,44153358,P,4000,SEA@LAA 09/16/2026 09:38PM ET,09/16/2026 09:38PM ET,LAA,SEA,home,3.5,820862,José Fermin,mapped,identity_name_team_map,Stable identity seed from old DK-ID map. Pilot join status: matched via normalized_name_team
2026-09-16,2026-09-16T17:42:43.324112+00:00,2026-09-16,DraftKings official lineup CSV,https://www.draftkings.com/lineup/getavailableplayerscsv?contestTypeId=9&draftGroupId=153590,153590,9,Selected largest-prize regular Classic MLB draft group after excluding Turbo/Night/qualifier/satellite/showdown/snake/single-stat slates.,RP,Aaron Bummer (44153359),Aaron Bummer,44153359,P,4000,KC@HOU 09/16/2026 08:10PM ET,09/16/2026 08:10PM ET,KC,HOU,away,0.4,,,needs_review_new_player,identity_name_team_map,No reviewed normalized-name/team identity alias; do not auto-guess.
2026-09-16,2026-09-16T17:42:43.324112+00:00,2026-09-16,DraftKings official lineup CSV,https://www.draftkings.com/lineup/getavailableplayerscsv?contestTypeId=9&draftGroupId=153590,153590,9,Selected largest-prize regular Classic MLB draft group after excluding Turbo/Night/qualifier/satellite/showdown/snake/single-stat slates.,RP,Ryan Helsley (44153360),Ryan Helsley,44153360,P,4000,BAL@NYM 09/16/2026 07:10PM ET,09/16/2026 07:10PM ET,BAL,NYM,away,2.9,,,needs_review_new_player,identity_name_team_map,No reviewed normalized-name/team identity alias; do not auto-guess.
2026-09-16,2026-09-16T17:42:43.324112+00:00,2026-09-16,DraftKings official lineup CSV,https://www.draftkings.com/lineup/getavailableplayerscsv?contestTypeId=9&draftGroupId=153590,153590,9,Selected largest-prize regular Classic MLB draft group after excluding Turbo/Night/qualifier/satellite/showdown/snake/single-stat slates.,RP,Hayden Harris (44153361),Hayden Harris,44153361,P,4000,SD@COL 09/16/2026 08:40PM ET,09/16/2026 08:40PM ET,COL,SD,home,0,802686,Hayden Harris,needs_review_team_change,identity_name_unique_mlbam,Name maps to one reviewed MLBAM identity but not this DK team; review as team-change/new alias before trusting automation.
2026-09-16,2026-09-16T17:42:43.324112+00:00,2026-09-16,DraftKings official lineup CSV,https://www.draftkings.com/lineup/getavailableplayerscsv?contestTypeId=9&draftGroupId=153590,153590,9,Selected largest-prize regular Classic MLB draft group after excluding Turbo/Night/qualifier/satellite/showdown/snake/single-stat slates.,RP,Chris Martin (44153362),Chris Martin,44153362,P,4000,BOS@TEX 09/16/2026 08:05PM ET,09/16/2026 08:05PM ET,TEX,BOS,home,0.5,455119,Chris Martin,mapped,identity_name_team_map,Stable identity seed from old DK-ID map. Pilot join status: matched via normalized_name_team
2026-09-16,2026-09-16T17:42:43.324112+00:00,2026-09-16,DraftKings official lineup CSV,https://www.draftkings.com/lineup/getavailableplayerscsv?contestTypeId=9&draftGroupId=153590,153590,9,Selected largest-prize regular Classic MLB draft group after excluding Turbo/Night/qualifier/satellite/showdown/snake/single-stat slates.,RP,Jason Adam (44153363),Jason Adam,44153363,P,4000,SD@COL 09/16/2026 08:40PM ET,09/16/2026 08:40PM ET,SD,COL,away,2.3,592094,Jason Adam,mapped,identity_name_team_map,Stable identity seed from old DK-ID map. Pilot join status: matched via normalized_name_team
2026-09-16,2026-09-16T17:42:43.324112+00:00,2026-09-16,DraftKings official lineup CSV,https://www.draftkings.com/lineup/getavailableplayerscsv?contestTypeId=9&draftGroupId=153590,153590,9,Selected largest-prize regular Classic MLB draft group after excluding Turbo/Night/qualifier/satellite/showdown/snake/single-stat slates.,RP,Ronny Henriquez (44153364),Ronny Henriquez,44153364,P,4000,MIA@ARI 09/16/2026 09:40PM ET,09/16/2026 09:40PM ET,MIA,ARI,away,0,,,needs_review_new_player,identity_name_team_map,No reviewed normalized-name/team identity alias; do not auto-guess.
2026-09-16,2026-09-16T17:42:43.324112+00:00,2026-09-16,DraftKings official lineup CSV,https://www.draftkings.com/lineup/getavailableplayerscsv?contestTypeId=9&draftGroupId=153590,153590,9,Selected largest-prize regular Classic MLB draft group after excluding Turbo/Night/qualifier/satellite/showdown/snake/single-stat slates.,RP,Seranthony Dominguez (44153365),Seranthony Dominguez,44153365,P,4000,SEA@LAA 09/16/2026 09:38PM ET,09/16/2026 09:38PM ET,SEA,LAA,away,2.8,622554,Seranthony Domínguez,needs_review_team_change,identity_name_unique_mlbam,Name maps to one reviewed MLBAM identity but not this DK team; review as team-change/new alias before trusting automation.
2026-09-16,2026-09-16T17:42:43.324112+00:00,2026-09-16,DraftKings official lineup CSV,https://www.draftkings.com/lineup/getavailableplayerscsv?contestTypeId=9&draftGroupId=153590,153590,9,Selected largest-prize regular Classic MLB draft group after excluding Turbo/Night/qualifier/satellite/showdown/snake/single-stat slates.,RP,Luke Murphy (44153366),Luke Murphy,44153366,P,4000,SEA@LAA 09/16/2026 09:38PM ET,09/16/2026 09:38PM ET,LAA,SEA,home,1.9,,,needs_review_new_player,identity_name_team_map,No reviewed normalized-name/team identity alias; do not auto-guess.
2026-09-16,2026-09-16T17:42:43.324112+00:00,2026-09-16,DraftKings official lineup CSV,https://www.draftkings.com/lineup/getavailableplayerscsv?contestTypeId=9&draftGroupId=153590,153590,9,Selected largest-prize regular Classic MLB draft group after excluding Turbo/Night/qualifier/satellite/showdown/snake/single-stat slates.,RP,Andrew Saalfrank (44153367),Andrew Saalfrank,44153367,P,4000,MIA@ARI 09/16/2026 09:40PM ET,09/16/2026 09:40PM ET,ARI,MIA,home,0,,,needs_review_new_player,identity_name_team_map,No reviewed normalized-name/team identity alias; do not auto-guess.
2026-09-16,2026-09-16T17:42:43.324112+00:00,2026-09-16,DraftKings official lineup CSV,https://www.draftkings.com/lineup/getavailableplayerscsv?contestTypeId=9&draftGroupId=153590,153590,9,Selected largest-prize regular Classic MLB draft group after excluding Turbo/Night/qualifier/satellite/showdown/snake/single-stat slates.,RP,Jeff Criswell (44153368),Jeff Criswell,44153368,P,4000,SD@COL 09/16/2026 08:40PM ET,09/16/2026 08:40PM ET,COL,SD,home,2.3,676105,Jeff Criswell,mapped,identity_name_team_map,Stable identity seed from old DK-ID map. Pilot join status: matched_people_search_name via mlb_people_search_normalized_name
2026-09-16,2026-09-16T17:42:43.324112+00:00,2026-09-16,DraftKings official lineup CSV,https://www.draftkings.com/lineup/getavailableplayerscsv?contestTypeId=9&draftGroupId=153590,153590,9,Selected largest-prize regular Classic MLB draft group after excluding Turbo/Night/qualifier/satellite/showdown/snake/single-stat slates.,RP,Ricky Vanasco (44153369),Ricky Vanasco,44153369,P,4000,ATL@CHC 09/16/2026 07:40PM ET,09/16/2026 07:40PM ET,ATL,CHC,away,-2.4,676568,Ricky Vanasco,needs_review_team_change,identity_name_unique_mlbam,Name maps to one reviewed MLBAM identity but not this DK team; review as team-change/new alias before trusting automation.
2026-09-16,2026-09-16T17:42:43.324112+00:00,2026-09-16,DraftKings official lineup CSV,https://www.draftkings.com/lineup/getavailableplayerscsv?contestTypeId=9&draftGroupId=153590,153590,9,Selected largest-prize regular Classic MLB draft group after excluding Turbo/Night/qualifier/satellite/showdown/snake/single-stat slates.,RP,Nick Frasso (44153370),Nick Frasso,44153370,P,4000,SD@COL 09/16/2026 08:40PM ET,09/16/2026 08:40PM ET,COL,SD,home,2.1,,,needs_review_new_player,identity_name_team_map,No reviewed normalized-name/team identity alias; do not auto-guess.
2026-09-16,2026-09-16T17:42:43.324112+00:00,2026-09-16,DraftKings official lineup CSV,https://www.draftkings.com/lineup/getavailableplayerscsv?contestTypeId=9&draftGroupId=153590,153590,9,Selected largest-prize regular Classic MLB draft group after excluding Turbo/Night/qualifier/satellite/showdown/snake/single-stat slates.,RP,Kade Strowd (44153371),Kade Strowd,44153371,P,4000,MIA@ARI 09/16/2026 09:40PM ET,09/16/2026 09:40PM ET,ARI,MIA,home,0.9,,,needs_review_new_player,identity_name_team_map,No reviewed normalized-name/team identity alias; do not auto-guess.
2026-09-16,2026-09-16T17:42:43.324112+00:00,2026-09-16,DraftKings official lineup CSV,https://www.draftkings.com/lineup/getavailableplayerscsv?contestTypeId=9&draftGroupId=153590,153590,9,Selected largest-prize regular Classic MLB draft group after excluding Turbo/Night/qualifier/satellite/showdown/snake/single-stat slates.,RP,Robert Suarez (44153372),Robert Suarez,44153372,P,4000,ATL@CHC 09/16/2026 07:40PM ET,09/16/2026 07:40PM ET,ATL,CHC,away,3.9,663158,Robert Suarez,mapped,identity_name_team_map,Stable identity seed from old DK-ID map. Pilot join status: matched via normalized_name_team
2026-09-16,2026-09-16T17:42:43.324112+00:00,2026-09-16,DraftKings official lineup CSV,https://www.draftkings.com/lineup/getavailableplayerscsv?contestTypeId=9&draftGroupId=153590,153590,9,Selected largest-prize regular Classic MLB draft group after excluding Turbo/Night/qualifier/satellite/showdown/snake/single-stat slates.,RP,Anthony Bender (44153373),Anthony Bender,44153373,P,4000,MIA@ARI 09/16/2026 09:40PM ET,09/16/2026 09:40PM ET,MIA,ARI,away,3.5,669622,Anthony Bender,mapped,identity_name_team_map,Proposed from review candidates; basis=exact normalized name + team; role-compatible; statcast_pitcher_2026; confidence=high; sources=statcast_pitcher_2026
2026-09-16,2026-09-16T17:42:43.324112+00:00,2026-09-16,DraftKings official lineup CSV,https://www.draftkings.com/lineup/getavailableplayerscsv?contestTypeId=9&draftGroupId=153590,153590,9,Selected largest-prize regular Classic MLB draft group after excluding Turbo/Night/qualifier/satellite/showdown/snake/single-stat slates.,RP,Blake Walston (44153374),Blake Walston,44153374,P,4000,MIA@ARI 09/16/2026 09:40PM ET,09/16/2026 09:40PM ET,ARI,MIA,home,5.2,,,needs_review_new_player,identity_name_team_map,No reviewed normalized-name/team identity alias; do not auto-guess.
2026-09-16,2026-09-16T17:42:43.324112+00:00,2026-09-16,DraftKings official lineup CSV,https://www.draftkings.com/lineup/getavailableplayerscsv?contestTypeId=9&draftGroupId=153590,153590,9,Selected largest-prize regular Classic MLB draft group after excluding Turbo/Night/qualifier/satellite/showdown/snake/single-stat slates.,RP,Yaramil Hiraldo (44153375),Yaramil Hiraldo,44153375,P,4000,BAL@NYM 09/16/2026 07:10PM ET,09/16/2026 07:10PM ET,BAL,NYM,away,2.6,,,needs_review_new_player,identity_name_team_map,No reviewed normalized-name/team identity alias; do not auto-guess.
2026-09-16,2026-09-16T17:42:43.324112+00:00,2026-09-16,DraftKings official lineup CSV,https://www.draftkings.com/lineup/getavailableplayerscsv?contestTypeId=9&draftGroupId=153590,153590,9,Selected largest-prize regular Classic MLB draft group after excluding Turbo/Night/qualifier/satellite/showdown/snake/single-stat slates.,RP,Jacob Webb (44153376),Jacob Webb,44153376,P,4000,ATL@CHC 09/16/2026 07:40PM ET,09/16/2026 07:40PM ET,CHC,ATL,home,3.1,657097,Jacob Webb,mapped,identity_name_team_map,Stable identity seed from old DK-ID map. Pilot join status: matched via normalized_name_team
2026-09-16,2026-09-16T17:42:43.324112+00:00,2026-09-16,DraftKings official lineup CSV,https://www.draftkings.com/lineup/getavailableplayerscsv?contestTypeId=9&draftGroupId=153590,153590,9,Selected largest-prize regular Classic MLB draft group after excluding Turbo/Night/qualifier/satellite/showdown/snake/single-stat slates.,RP,Patrick Monteverde (44153377),Patrick Monteverde,44153377,P,4000,MIA@ARI 09/16/2026 09:40PM ET,09/16/2026 09:40PM ET,MIA,ARI,away,1.4,,,needs_review_new_player,identity_name_team_map,No reviewed normalized-name/team identity alias; do not auto-guess.
2026-09-16,2026-09-16T17:42:43.324112+00:00,2026-09-16,DraftKings official lineup CSV,https://www.draftkings.com/lineup/getavailableplayerscsv?contestTypeId=9&draftGroupId=153590,153590,9,Selected largest-prize regular Classic MLB draft group after excluding Turbo/Night/qualifier/satellite/showdown/snake/single-stat slates.,RP,Carlos Duran (44153378),Carlos Duran,44153378,P,4000,KC@HOU 09/16/2026 08:10PM ET,09/16/2026 08:10PM ET,KC,HOU,away,1,,,needs_review_new_player,identity_name_team_map,No reviewed normalized-name/team identity alias; do not auto-guess.
2026-09-16,2026-09-16T17:42:43.324112+00:00,2026-09-16,DraftKings official lineup CSV,https://www.draftkings.com/lineup/getavailableplayerscsv?contestTypeId=9&draftGroupId=153590,153590,9,Selected largest-prize regular Classic MLB draft group after excluding Turbo/Night/qualifier/satellite/showdown/snake/single-stat slates.,RP,Nolan Hoffman (44153379),Nolan Hoffman,44153379,P,4000,KC@HOU 09/16/2026 08:10PM ET,09/16/2026 08:10PM ET,KC,HOU,away,1.9,676510,Nolan Hoffman,needs_review_team_change,identity_name_unique_mlbam,Name maps to one reviewed MLBAM identity but not this DK team; review as team-change/new alias before trusting automation.
2026-09-16,2026-09-16T17:42:43.324112+00:00,2026-09-16,DraftKings official lineup CSV,https://www.draftkings.com/lineup/getavailableplayerscsv?contestTypeId=9&draftGroupId=153590,153590,9,Selected largest-prize regular Classic MLB draft group after excluding Turbo/Night/qualifier/satellite/showdown/snake/single-stat slates.,RP,Anthony Nunez (44153380),Anthony Nunez,44153380,P,4000,BAL@NYM 09/16/2026 07:10PM ET,09/16/2026 07:10PM ET,BAL,NYM,away,3.5,,,needs_review_new_player,identity_name_team_map,No reviewed normalized-name/team identity alias; do not auto-guess.
2026-09-16,2026-09-16T17:42:43.324112+00:00,2026-09-16,DraftKings official lineup CSV,https://www.draftkings.com/lineup/getavailableplayerscsv?contestTypeId=9&draftGroupId=153590,153590,9,Selected largest-prize regular Classic MLB draft group after excluding Turbo/Night/qualifier/satellite/showdown/snake/single-stat slates.,RP,Brandyn Garcia (44153381),Brandyn Garcia,44153381,P,4000,MIA@ARI 09/16/2026 09:40PM ET,09/16/2026 09:40PM ET,ARI,MIA,home,3.2,,,needs_review_new_player,identity_name_team_map,No reviewed normalized-name/team identity alias; do not auto-guess.
2026-09-16,2026-09-16T17:42:43.324112+00:00,2026-09-16,DraftKings official lineup CSV,https://www.draftkings.com/lineup/getavailableplayerscsv?contestTypeId=9&draftGroupId=153590,153590,9,Selected largest-prize regular Classic MLB draft group after excluding Turbo/Night/qualifier/satellite/showdown/snake/single-stat slates.,RP,Robby Ahlstrom (44153382),Robby Ahlstrom,44153382,P,4000,BOS@TEX 09/16/2026 08:05PM ET,09/16/2026 08:05PM ET,TEX,BOS,home,1.9,695239,Robby Ahlstrom,mapped,identity_name_team_map,Stable identity seed from old DK-ID map. Pilot join status: matched via normalized_name_team
2026-09-16,2026-09-16T17:42:43.324112+00:00,2026-09-16,DraftKings official lineup CSV,https://www.draftkings.com/lineup/getavailableplayerscsv?contestTypeId=9&draftGroupId=153590,153590,9,Selected largest-prize regular Classic MLB draft group after excluding Turbo/Night/qualifier/satellite/showdown/snake/single-stat slates.,RP,Ryan Thompson (44153383),Ryan Thompson,44153383,P,4000,MIA@ARI 09/16/2026 09:40PM ET,09/16/2026 09:40PM ET,ARI,MIA,home,1.9,,,needs_review_new_player,identity_name_team_map,No reviewed normalized-name/team identity alias; do not auto-guess.
2026-09-16,2026-09-16T17:42:43.324112+00:00,2026-09-16,DraftKings official lineup CSV,https://www.draftkings.com/lineup/getavailableplayerscsv?contestTypeId=9&draftGroupId=153590,153590,9,Selected largest-prize regular Classic MLB draft group after excluding Turbo/Night/qualifier/satellite/showdown/snake/single-stat slates.,RP,Hoby Milner (44153384),Hoby Milner,44153384,P,4000,SEA@LAA 09/16/2026 09:38PM ET,09/16/2026 09:38PM ET,SEA,LAA,away,1.6,571948,Hoby Milner,needs_review_team_change,identity_name_unique_mlbam,Name maps to one reviewed MLBAM identity but not this DK team; review as team-change/new alias before trusting automation.
2026-09-16,2026-09-16T17:42:43.324112+00:00,2026-09-16,DraftKings official lineup CSV,https://www.draftkings.com/lineup/getavailableplayerscsv?contestTypeId=9&draftGroupId=153590,153590,9,Selected largest-prize regular Classic MLB draft group after excluding Turbo/Night/qualifier/satellite/showdown/snake/single-stat slates.,RP,Matt Brash (44153385),Matt Brash,44153385,P,4000,SEA@LAA 09/16/2026 09:38PM ET,09/16/2026 09:38PM ET,SEA,LAA,away,3.4,,,needs_review_new_player,identity_name_team_map,No reviewed normalized-name/team identity alias; do not auto-guess.
2026-09-16,2026-09-16T17:42:43.324112+00:00,2026-09-16,DraftKings official lineup CSV,https://www.draftkings.com/lineup/getavailableplayerscsv?contestTypeId=9&draftGroupId=153590,153590,9,Selected largest-prize regular Classic MLB draft group after excluding Turbo/Night/qualifier/satellite/showdown/snake/single-stat slates.,RP,Justin Martinez (44153386),Justin Martinez,44153386,P,4000,MIA@ARI 09/16/2026 09:40PM ET,09/16/2026 09:40PM ET,ARI,MIA,home,4.9,,,needs_review_new_player,identity_name_team_map,No reviewed normalized-name/team identity alias; do not auto-guess.
2026-09-16,2026-09-16T17:42:43.324112+00:00,2026-09-16,DraftKings official lineup CSV,https://www.draftkings.com/lineup/getavailableplayerscsv?contestTypeId=9&draftGroupId=153590,153590,9,Selected largest-prize regular Classic MLB draft group after excluding Turbo/Night/qualifier/satellite/showdown/snake/single-stat slates.,RP,Jordan Romano (44153387),Jordan Romano,44153387,P,4000,SD@COL 09/16/2026 08:40PM ET,09/16/2026 08:40PM ET,COL,SD,home,2.1,,,needs_review_new_player,identity_name_team_map,No reviewed normalized-name/team identity alias; do not auto-guess.
2026-09-16,2026-09-16T17:42:43.324112+00:00,2026-09-16,DraftKings official lineup CSV,https://www.draftkings.com/lineup/getavailableplayerscsv?contestTypeId=9&draftGroupId=153590,153590,9,Selected largest-prize regular Classic MLB draft group after excluding Turbo/Night/qualifier/satellite/showdown/snake/single-stat slates.,RP,Yuki Matsui (44153388),Yuki Matsui,44153388,P,4000,SD@COL 09/16/2026 08:40PM ET,09/16/2026 08:40PM ET,SD,COL,away,4.2,673513,Yuki Matsui,mapped,identity_name_team_map,Stable identity seed from old DK-ID map. Pilot join status: matched via normalized_name_team
2026-09-16,2026-09-16T17:42:43.324112+00:00,2026-09-16,DraftKings official lineup CSV,https://www.draftkings.com/lineup/getavailableplayerscsv?contestTypeId=9&draftGroupId=153590,153590,9,Selected largest-prize regular Classic MLB draft group after excluding Turbo/Night/qualifier/satellite/showdown/snake/single-stat slates.,RP,Anthony Gose (44153389),Anthony Gose,44153389,P,4000,KC@HOU 09/16/2026 08:10PM ET,09/16/2026 08:10PM ET,KC,HOU,away,2.1,,,needs_review_new_player,identity_name_team_map,No reviewed normalized-name/team identity alias; do not auto-guess.
2026-09-16,2026-09-16T17:42:43.324112+00:00,2026-09-16,DraftKings official lineup CSV,https://www.draftkings.com/lineup/getavailableplayerscsv?contestTypeId=9&draftGroupId=153590,153590,9,Selected largest-prize regular Classic MLB draft group after excluding Turbo/Night/qualifier/satellite/showdown/snake/single-stat slates.,RP,Ryan Rolison (44153390),Ryan Rolison,44153390,P,4000,ATL@CHC 09/16/2026 07:40PM ET,09/16/2026 07:40PM ET,CHC,ATL,home,3.5,669020,Ryan Rolison,mapped,identity_name_team_map,Stable identity seed from old DK-ID map. Pilot join status: matched via normalized_name_team
2026-09-16,2026-09-16T17:42:43.324112+00:00,2026-09-16,DraftKings official lineup CSV,https://www.draftkings.com/lineup/getavailableplayerscsv?contestTypeId=9&draftGroupId=153590,153590,9,Selected largest-prize regular Classic MLB draft group after excluding Turbo/Night/qualifier/satellite/showdown/snake/single-stat slates.,RP,Josh Walker (44153391),Josh Walker,44153391,P,4000,BAL@NYM 09/16/2026 07:10PM ET,09/16/2026 07:10PM ET,BAL,NYM,away,3.2,,,needs_review_new_player,identity_name_team_map,No reviewed normalized-name/team identity alias; do not auto-guess.
2026-09-16,2026-09-16T17:42:43.324112+00:00,2026-09-16,DraftKings official lineup CSV,https://www.draftkings.com/lineup/getavailableplayerscsv?contestTypeId=9&draftGroupId=153590,153590,9,Selected largest-prize regular Classic MLB draft group after excluding Turbo/Night/qualifier/satellite/showdown/snake/single-stat slates.,RP,Andres Munoz (44153392),Andres Munoz,44153392,P,4000,SEA@LAA 09/16/2026 09:38PM ET,09/16/2026 09:38PM ET,SEA,LAA,away,3.9,,,needs_review_new_player,identity_name_team_map,No reviewed normalized-name/team identity alias; do not auto-guess.
2026-09-16,2026-09-16T17:42:43.324112+00:00,2026-09-16,DraftKings official lineup CSV,https://www.draftkings.com/lineup/getavailableplayerscsv?contestTypeId=9&draftGroupId=153590,153590,9,Selected largest-prize regular Classic MLB draft group after excluding Turbo/Night/qualifier/satellite/showdown/snake/single-stat slates.,RP,Nate Pearson (44153393),Nate Pearson,44153393,P,4000,KC@HOU 09/16/2026 08:10PM ET,09/16/2026 08:10PM ET,KC,HOU,away,3.4,663878,Nate Pearson,needs_review_team_change,identity_name_unique_mlbam,Name maps to one reviewed MLBAM identity but not this DK team; review as team-change/new alias before trusting automation.
2026-09-16,2026-09-16T17:42:43.324112+00:00,2026-09-16,DraftKings official lineup CSV,https://www.draftkings.com/lineup/getavailableplayerscsv?contestTypeId=9&draftGroupId=153590,153590,9,Selected largest-prize regular Classic MLB draft group after excluding Turbo/Night/qualifier/satellite/showdown/snake/single-stat slates.,RP,Dylan Lee (44153394),Dylan Lee,44153394,P,4000,ATL@CHC 09/16/2026 07:40PM ET,09/16/2026 07:40PM ET,ATL,CHC,away,3.5,669276,Dylan Lee,mapped,identity_name_team_map,Stable identity seed from old DK-ID map. Pilot join status: matched via normalized_name_team
2026-09-16,2026-09-16T17:42:43.324112+00:00,2026-09-16,DraftKings official lineup CSV,https://www.draftkings.com/lineup/getavailableplayerscsv?contestTypeId=9&draftGroupId=153590,153590,9,Selected largest-prize regular Classic MLB draft group after excluding Turbo/Night/qualifier/satellite/showdown/snake/single-stat slates.,RP,Ryan Zeferjahn (44153395),Ryan Zeferjahn,44153395,P,4000,ATL@CHC 09/16/2026 07:40PM ET,09/16/2026 07:40PM ET,CHC,ATL,home,3.7,666171,Ryan Zeferjahn,needs_review_team_change,identity_name_unique_mlbam,Name maps to one reviewed MLBAM identity but not this DK team; review as team-change/new alias before trusting automation.
2026-09-16,2026-09-16T17:42:43.324112+00:00,2026-09-16,DraftKings official lineup CSV,https://www.draftkings.com/lineup/getavailableplayerscsv?contestTypeId=9&draftGroupId=153590,153590,9,Selected largest-prize regular Classic MLB draft group after excluding Turbo/Night/qualifier/satellite/showdown/snake/single-stat slates.,RP,Rico Garcia (44153396),Rico Garcia,44153396,P,4000,BAL@NYM 09/16/2026 07:10PM ET,09/16/2026 07:10PM ET,BAL,NYM,away,3,,,needs_review_new_player,identity_name_team_map,No reviewed normalized-name/team identity alias; do not auto-guess.
2026-09-16,2026-09-16T17:42:43.324112+00:00,2026-09-16,DraftKings official lineup CSV,https://www.draftkings.com/lineup/getavailableplayerscsv?contestTypeId=9&draftGroupId=153590,153590,9,Selected largest-prize regular Classic MLB draft group after excluding Turbo/Night/qualifier/satellite/showdown/snake/single-stat slates.,RP,Sam Bachman (44153397),Sam Bachman,44153397,P,4000,SEA@LAA 09/16/2026 09:38PM ET,09/16/2026 09:38PM ET,LAA,SEA,home,2.9,696147,Sam Bachman,mapped,identity_name_team_map,Stable identity seed from old DK-ID map. Pilot join status: matched via normalized_name_team
2026-09-16,2026-09-16T17:42:43.324112+00:00,2026-09-16,DraftKings official lineup CSV,https://www.draftkings.com/lineup/getavailableplayerscsv?contestTypeId=9&draftGroupId=153590,153590,9,Selected largest-prize regular Classic MLB draft group after excluding Turbo/Night/qualifier/satellite/showdown/snake/single-stat slates.,RP,Hunter Stratton (44153398),Hunter Stratton,44153398,P,4000,SD@COL 09/16/2026 08:40PM ET,09/16/2026 08:40PM ET,SD,COL,away,2,676702,Hunter Stratton,needs_review_team_change,identity_name_unique_mlbam,Name maps to one reviewed MLBAM identity but not this DK team; review as team-change/new alias before trusting automation.
2026-09-16,2026-09-16T17:42:43.324112+00:00,2026-09-16,DraftKings official lineup CSV,https://www.draftkings.com/lineup/getavailableplayerscsv?contestTypeId=9&draftGroupId=153590,153590,9,Selected largest-prize regular Classic MLB draft group after excluding Turbo/Night/qualifier/satellite/showdown/snake/single-stat slates.,RP,Connor Seabold (44153399),Connor Seabold,44153399,P,4000,KC@HOU 09/16/2026 08:10PM ET,09/16/2026 08:10PM ET,KC,HOU,away,2.1,657756,Connor Seabold,needs_review_team_change,identity_name_unique_mlbam,Name maps to one reviewed MLBAM identity but not this DK team; review as team-change/new alias before trusting automation.
2026-09-16,2026-09-16T17:42:43.324112+00:00,2026-09-16,DraftKings official lineup CSV,https://www.draftkings.com/lineup/getavailableplayerscsv?contestTypeId=9&draftGroupId=153590,153590,9,Selected largest-prize regular Classic MLB draft group after excluding Turbo/Night/qualifier/satellite/showdown/snake/single-stat slates.,RP,Cole Wilcox (44153400),Cole Wilcox,44153400,P,4000,SEA@LAA 09/16/2026 09:38PM ET,09/16/2026 09:38PM ET,SEA,LAA,away,2.8,,,needs_review_new_player,identity_name_team_map,No reviewed normalized-name/team identity alias; do not auto-guess.
2026-09-16,2026-09-16T17:42:43.324112+00:00,2026-09-16,DraftKings official lineup CSV,https://www.draftkings.com/lineup/getavailableplayerscsv?contestTypeId=9&draftGroupId=153590,153590,9,Selected largest-prize regular Classic MLB draft group after excluding Turbo/Night/qualifier/satellite/showdown/snake/single-stat slates.,RP,Garrett Whitlock (44153401),Garrett Whitlock,44153401,P,4000,BOS@TEX 09/16/2026 08:05PM ET,09/16/2026 08:05PM ET,BOS,TEX,away,4.1,,,needs_review_new_player,identity_name_team_map,No reviewed normalized-name/team identity alias; do not auto-guess.
2026-09-16,2026-09-16T17:42:43.324112+00:00,2026-09-16,DraftKings official lineup CSV,https://www.draftkings.com/lineup/getavailableplayerscsv?contestTypeId=9&draftGroupId=153590,153590,9,Selected largest-prize regular Classic MLB draft group after excluding Turbo/Night/qualifier/satellite/showdown/snake/single-stat slates.,RP,TJ Shook (44153402),TJ Shook,44153402,P,4000,SD@COL 09/16/2026 08:40PM ET,09/16/2026 08:40PM ET,COL,SD,home,1.8,669298,TJ Shook,mapped,identity_name_team_map,Stable identity seed from old DK-ID map. Pilot join status: matched via normalized_name_team
2026-09-16,2026-09-16T17:42:43.324112+00:00,2026-09-16,DraftKings official lineup CSV,https://www.draftkings.com/lineup/getavailableplayerscsv?contestTypeId=9&draftGroupId=153590,153590,9,Selected largest-prize regular Classic MLB draft group after excluding Turbo/Night/qualifier/satellite/showdown/snake/single-stat slates.,RP,Victor Vodnik (44153403),Victor Vodnik,44153403,P,4000,MIA@ARI 09/16/2026 09:40PM ET,09/16/2026 09:40PM ET,MIA,ARI,away,1.9,680767,Victor Vodnik,needs_review_team_change,identity_name_unique_mlbam,Name maps to one reviewed MLBAM identity but not this DK team; review as team-change/new alias before trusting automation.
2026-09-16,2026-09-16T17:42:43.324112+00:00,2026-09-16,DraftKings official lineup CSV,https://www.draftkings.com/lineup/getavailableplayerscsv?contestTypeId=9&draftGroupId=153590,153590,9,Selected largest-prize regular Classic MLB draft group after excluding Turbo/Night/qualifier/satellite/showdown/snake/single-stat slates.,RP,Austin Warren (44153404),Austin Warren,44153404,P,4000,BAL@NYM 09/16/2026 07:10PM ET,09/16/2026 07:10PM ET,NYM,BAL,home,3.5,681810,Austin Warren,mapped,identity_name_team_map,Stable identity seed from old DK-ID map. Pilot join status: matched via normalized_name_team
2026-09-16,2026-09-16T17:42:43.324112+00:00,2026-09-16,DraftKings official lineup CSV,https://www.draftkings.com/lineup/getavailableplayerscsv?contestTypeId=9&draftGroupId=153590,153590,9,Selected largest-prize regular Classic MLB draft group after excluding Turbo/Night/qualifier/satellite/showdown/snake/single-stat slates.,RP,Grant Wolfram (44153405),Grant Wolfram,44153405,P,4000,BAL@NYM 09/16/2026 07:10PM ET,09/16/2026 07:10PM ET,BAL,NYM,away,2.8,,,needs_review_new_player,identity_name_team_map,No reviewed normalized-name/team identity alias; do not auto-guess.
2026-09-16,2026-09-16T17:42:43.324112+00:00,2026-09-16,DraftKings official lineup CSV,https://www.draftkings.com/lineup/getavailableplayerscsv?contestTypeId=9&draftGroupId=153590,153590,9,Selected largest-prize regular Classic MLB draft group after excluding Turbo/Night/qualifier/satellite/showdown/snake/single-stat slates.,RP,Alek Jacob (44153406),Alek Jacob,44153406,P,4000,SD@COL 09/16/2026 08:40PM ET,09/16/2026 08:40PM ET,SD,COL,away,5.5,689690,Alek Jacob,mapped,identity_name_team_map,Stable identity seed from old DK-ID map. Pilot join status: matched via normalized_name_team
2026-09-16,2026-09-16T17:42:43.324112+00:00,2026-09-16,DraftKings official lineup CSV,https://www.draftkings.com/lineup/getavailableplayerscsv?contestTypeId=9&draftGroupId=153590,153590,9,Selected largest-prize regular Classic MLB draft group after excluding Turbo/Night/qualifier/satellite/showdown/snake/single-stat slates.,RP,Caleb Thielbar (44153407),Caleb Thielbar,44153407,P,4000,ATL@CHC 09/16/2026 07:40PM ET,09/16/2026 07:40PM ET,CHC,ATL,home,2.6,573204,Caleb Thielbar,mapped,identity_name_team_map,Stable identity seed from old DK-ID map. Pilot join status: matched via normalized_name_team
2026-09-16,2026-09-16T17:42:43.324112+00:00,2026-09-16,DraftKings official lineup CSV,https://www.draftkings.com/lineup/getavailableplayerscsv?contestTypeId=9&draftGroupId=153590,153590,9,Selected largest-prize regular Classic MLB draft group after excluding Turbo/Night/qualifier/satellite/showdown/snake/single-stat slates.,RP,Wikelman Gonzalez (44153408),Wikelman Gonzalez,44153408,P,4000,MIA@ARI 09/16/2026 09:40PM ET,09/16/2026 09:40PM ET,MIA,ARI,away,0,682790,Wikelman González,needs_review_team_change,identity_name_unique_mlbam,Name maps to one reviewed MLBAM identity but not this DK team; review as team-change/new alias before trusting automation.
2026-09-16,2026-09-16T17:42:43.324112+00:00,2026-09-16,DraftKings official lineup CSV,https://www.draftkings.com/lineup/getavailableplayerscsv?contestTypeId=9&draftGroupId=153590,153590,9,Selected largest-prize regular Classic MLB draft group after excluding Turbo/Night/qualifier/satellite/showdown/snake/single-stat slates.,RP,Andrew Nardi (44153409),Andrew Nardi,44153409,P,4000,MIA@ARI 09/16/2026 09:40PM ET,09/16/2026 09:40PM ET,MIA,ARI,away,2.8,677053,Andrew Nardi,mapped,identity_name_team_map,Proposed from review candidates; basis=exact normalized name + team; role-compatible; statcast_pitcher_2026; confidence=high; sources=statcast_pitcher_2026
2026-09-16,2026-09-16T17:42:43.324112+00:00,2026-09-16,DraftKings official lineup CSV,https://www.draftkings.com/lineup/getavailableplayerscsv?contestTypeId=9&draftGroupId=153590,153590,9,Selected largest-prize regular Classic MLB draft group after excluding Turbo/Night/qualifier/satellite/showdown/snake/single-stat slates.,RP,Tyler Uberstine (44153410),Tyler Uberstine,44153410,P,4000,ATL@CHC 09/16/2026 07:40PM ET,09/16/2026 07:40PM ET,ATL,CHC,away,5.6,,,needs_review_new_player,identity_name_team_map,No reviewed normalized-name/team identity alias; do not auto-guess.
2026-09-16,2026-09-16T17:42:43.324112+00:00,2026-09-16,DraftKings official lineup CSV,https://www.draftkings.com/lineup/getavailableplayerscsv?contestTypeId=9&draftGroupId=153590,153590,9,Selected largest-prize regular Classic MLB draft group after excluding Turbo/Night/qualifier/satellite/showdown/snake/single-stat slates.,RP,Brent Suter (44153411),Brent Suter,44153411,P,4000,ATL@CHC 09/16/2026 07:40PM ET,09/16/2026 07:40PM ET,ATL,CHC,away,4.2,608718,Brent Suter,needs_review_team_change,identity_name_unique_mlbam,Name maps to one reviewed MLBAM identity but not this DK team; review as team-change/new alias before trusting automation.
2026-09-16,2026-09-16T17:42:43.324112+00:00,2026-09-16,DraftKings official lineup CSV,https://www.draftkings.com/lineup/getavailableplayerscsv?contestTypeId=9&draftGroupId=153590,153590,9,Selected largest-prize regular Classic MLB draft group after excluding Turbo/Night/qualifier/satellite/showdown/snake/single-stat slates.,RP,Troy Taylor (44153412),Troy Taylor,44153412,P,4000,SEA@LAA 09/16/2026 09:38PM ET,09/16/2026 09:38PM ET,SEA,LAA,away,0,,,needs_review_new_player,identity_name_team_map,No reviewed normalized-name/team identity alias; do not auto-guess.
2026-09-16,2026-09-16T17:42:43.324112+00:00,2026-09-16,DraftKings official lineup CSV,https://www.draftkings.com/lineup/getavailableplayerscsv?contestTypeId=9&draftGroupId=153590,153590,9,Selected largest-prize regular Classic MLB draft group after excluding Turbo/Night/qualifier/satellite/showdown/snake/single-stat slates.,RP,Bryan Abreu (44153413),Bryan Abreu,44153413,P,4000,KC@HOU 09/16/2026 08:10PM ET,09/16/2026 08:10PM ET,HOU,KC,home,3.4,650556,Bryan Abreu,mapped,identity_name_team_map,Stable identity seed from old DK-ID map. Pilot join status: matched via normalized_name_team
2026-09-16,2026-09-16T17:42:43.324112+00:00,2026-09-16,DraftKings official lineup CSV,https://www.draftkings.com/lineup/getavailableplayerscsv?contestTypeId=9&draftGroupId=153590,153590,9,Selected largest-prize regular Classic MLB draft group after excluding Turbo/Night/qualifier/satellite/showdown/snake/single-stat slates.,RP,Alec Gamboa (44153414),Alec Gamboa,44153414,P,4000,BOS@TEX 09/16/2026 08:05PM ET,09/16/2026 08:05PM ET,BOS,TEX,away,4.7,,,needs_review_new_player,identity_name_team_map,No reviewed normalized-name/team identity alias; do not auto-guess.
2026-09-16,2026-09-16T17:42:43.324112+00:00,2026-09-16,DraftKings official lineup CSV,https://www.draftkings.com/lineup/getavailableplayerscsv?contestTypeId=9&draftGroupId=153590,153590,9,Selected largest-prize regular Classic MLB draft group after excluding Turbo/Night/qualifier/satellite/showdown/snake/single-stat slates.,RP,Brandan Bidois (44153415),Brandan Bidois,44153415,P,4000,MIA@ARI 09/16/2026 09:40PM ET,09/16/2026 09:40PM ET,MIA,ARI,away,2.3,,,needs_review_new_player,identity_name_team_map,No reviewed normalized-name/team identity alias; do not auto-guess.
2026-09-16,2026-09-16T17:42:43.324112+00:00,2026-09-16,DraftKings official lineup CSV,https://www.draftkings.com/lineup/getavailableplayerscsv?contestTypeId=9&draftGroupId=153590,153590,9,Selected largest-prize regular Classic MLB draft group after excluding Turbo/Night/qualifier/satellite/showdown/snake/single-stat slates.,RP,Ryan Watson (44153416),Ryan Watson,44153416,P,4000,SEA@LAA 09/16/2026 09:38PM ET,09/16/2026 09:38PM ET,LAA,SEA,home,3.2,,,needs_review_new_player,identity_name_team_map,No reviewed normalized-name/team identity alias; do not auto-guess.
2026-09-16,2026-09-16T17:42:43.324112+00:00,2026-09-16,DraftKings official lineup CSV,https://www.draftkings.com/lineup/getavailableplayerscsv?contestTypeId=9&draftGroupId=153590,153590,9,Selected largest-prize regular Classic MLB draft group after excluding Turbo/Night/qualifier/satellite/showdown/snake/single-stat slates.,RP,Tyron Guerrero (44153417),Tyron Guerrero,44153417,P,4000,BOS@TEX 09/16/2026 08:05PM ET,09/16/2026 08:05PM ET,BOS,TEX,away,2.8,,,needs_review_new_player,identity_name_team_map,No reviewed normalized-name/team identity alias; do not auto-guess.
2026-09-16,2026-09-16T17:42:43.324112+00:00,2026-09-16,DraftKings official lineup CSV,https://www.draftkings.com/lineup/getavailableplayerscsv?contestTypeId=9&draftGroupId=153590,153590,9,Selected largest-prize regular Classic MLB draft group after excluding Turbo/Night/qualifier/satellite/showdown/snake/single-stat slates.,RP,Jeremiah Estrada (44153418),Jeremiah Estrada,44153418,P,4000,SD@COL 09/16/2026 08:40PM ET,09/16/2026 08:40PM ET,SD,COL,away,3.3,669093,Jeremiah Estrada,mapped,identity_name_team_map,Stable identity seed from old DK-ID map. Pilot join status: matched via normalized_name_team
2026-09-16,2026-09-16T17:42:43.324112+00:00,2026-09-16,DraftKings official lineup CSV,https://www.draftkings.com/lineup/getavailableplayerscsv?contestTypeId=9&draftGroupId=153590,153590,9,Selected largest-prize regular Classic MLB draft group after excluding Turbo/Night/qualifier/satellite/showdown/snake/single-stat slates.,RP,Blas Castano (44153419),Blas Castano,44153419,P,4000,SD@COL 09/16/2026 08:40PM ET,09/16/2026 08:40PM ET,COL,SD,home,4.4,680604,Blas Castaño,mapped,identity_name_team_map,Stable identity seed from old DK-ID map. Pilot join status: matched via normalized_name_team
2026-09-16,2026-09-16T17:42:43.324112+00:00,2026-09-16,DraftKings official lineup CSV,https://www.draftkings.com/lineup/getavailableplayerscsv?contestTypeId=9&draftGroupId=153590,153590,9,Selected largest-prize regular Classic MLB draft group after excluding Turbo/Night/qualifier/satellite/showdown/snake/single-stat slates.,RP,Trent Thornton (44153420),Trent Thornton,44153420,P,4000,ATL@CHC 09/16/2026 07:40PM ET,09/16/2026 07:40PM ET,CHC,ATL,home,2.5,663423,Trent Thornton,mapped,identity_name_team_map,Stable identity seed from old DK-ID map. Pilot join status: matched via normalized_name_team
2026-09-16,2026-09-16T17:42:43.324112+00:00,2026-09-16,DraftKings official lineup CSV,https://www.draftkings.com/lineup/getavailableplayerscsv?contestTypeId=9&draftGroupId=153590,153590,9,Selected largest-prize regular Classic MLB draft group after excluding Turbo/Night/qualifier/satellite/showdown/snake/single-stat slates.,RP,Nick Davila (44153421),Nick Davila,44153421,P,4000,SEA@LAA 09/16/2026 09:38PM ET,09/16/2026 09:38PM ET,SEA,LAA,away,1.4,,,needs_review_new_player,identity_name_team_map,No reviewed normalized-name/team identity alias; do not auto-guess.
2026-09-16,2026-09-16T17:42:43.324112+00:00,2026-09-16,DraftKings official lineup CSV,https://www.draftkings.com/lineup/getavailableplayerscsv?contestTypeId=9&draftGroupId=153590,153590,9,Selected largest-prize regular Classic MLB draft group after excluding Turbo/Night/qualifier/satellite/showdown/snake/single-stat slates.,RP,Matt Strahm (44153422),Matt Strahm,44153422,P,4000,KC@HOU 09/16/2026 08:10PM ET,09/16/2026 08:10PM ET,KC,HOU,away,1.6,621381,Matt Strahm,mapped,identity_name_team_map,Stable identity seed from old DK-ID map. Pilot join status: matched via normalized_name_team
2026-09-16,2026-09-16T17:42:43.324112+00:00,2026-09-16,DraftKings official lineup CSV,https://www.draftkings.com/lineup/getavailableplayerscsv?contestTypeId=9&draftGroupId=153590,153590,9,Selected largest-prize regular Classic MLB draft group after excluding Turbo/Night/qualifier/satellite/showdown/snake/single-stat slates.,RP,Juan Mejia (44153423),Juan Mejia,44153423,P,4000,SD@COL 09/16/2026 08:40PM ET,09/16/2026 08:40PM ET,COL,SD,home,2.1,675848,Juan Mejia,mapped,identity_name_team_map,Stable identity seed from old DK-ID map. Pilot join status: matched via normalized_name_team
2026-09-16,2026-09-16T17:42:43.324112+00:00,2026-09-16,DraftKings official lineup CSV,https://www.draftkings.com/lineup/getavailableplayerscsv?contestTypeId=9&draftGroupId=153590,153590,9,Selected largest-prize regular Classic MLB draft group after excluding Turbo/Night/qualifier/satellite/showdown/snake/single-stat slates.,RP,Codi Heuer (44153424),Codi Heuer,44153424,P,4000,BAL@NYM 09/16/2026 07:10PM ET,09/16/2026 07:10PM ET,BAL,NYM,away,1.6,,,needs_review_new_player,identity_name_team_map,No reviewed normalized-name/team identity alias; do not auto-guess.
2026-09-16,2026-09-16T17:42:43.324112+00:00,2026-09-16,DraftKings official lineup CSV,https://www.draftkings.com/lineup/getavailableplayerscsv?contestTypeId=9&draftGroupId=153590,153590,9,Selected largest-prize regular Classic MLB draft group after excluding Turbo/Night/qualifier/satellite/showdown/snake/single-stat slates.,RP,Robert Garcia (44153425),Robert Garcia,44153425,P,4000,BOS@TEX 09/16/2026 08:05PM ET,09/16/2026 08:05PM ET,TEX,BOS,home,2.7,676395,Robert Garcia,mapped,identity_name_team_map,Stable identity seed from old DK-ID map. Pilot join status: matched via normalized_name_team
2026-09-16,2026-09-16T17:42:43.324112+00:00,2026-09-16,DraftKings official lineup CSV,https://www.draftkings.com/lineup/getavailableplayerscsv?contestTypeId=9&draftGroupId=153590,153590,9,Selected largest-prize regular Classic MLB draft group after excluding Turbo/Night/qualifier/satellite/showdown/snake/single-stat slates.,RP,Welinton Herrera (44153426),Welinton Herrera,44153426,P,4000,SD@COL 09/16/2026 08:40PM ET,09/16/2026 08:40PM ET,COL,SD,home,2.5,700327,Welinton Herrera,mapped,identity_name_team_map,Stable identity seed from old DK-ID map. Pilot join status: matched via normalized_name_team
2026-09-16,2026-09-16T17:42:43.324112+00:00,2026-09-16,DraftKings official lineup CSV,https://www.draftkings.com/lineup/getavailableplayerscsv?contestTypeId=9&draftGroupId=153590,153590,9,Selected largest-prize regular Classic MLB draft group after excluding Turbo/Night/qualifier/satellite/showdown/snake/single-stat slates.,RP,Enyel De Los Santos (44153427),Enyel De Los Santos,44153427,P,4000,KC@HOU 09/16/2026 08:10PM ET,09/16/2026 08:10PM ET,HOU,KC,home,2.6,660853,Enyel De Los Santos,mapped,identity_name_team_map,Stable identity seed from old DK-ID map. Pilot join status: matched via normalized_name_team
2026-09-16,2026-09-16T17:42:43.324112+00:00,2026-09-16,DraftKings official lineup CSV,https://www.draftkings.com/lineup/getavailableplayerscsv?contestTypeId=9&draftGroupId=153590,153590,9,Selected largest-prize regular Classic MLB draft group after excluding Turbo/Night/qualifier/satellite/showdown/snake/single-stat slates.,RP,Hunter Harvey (44153428),Hunter Harvey,44153428,P,4000,ATL@CHC 09/16/2026 07:40PM ET,09/16/2026 07:40PM ET,CHC,ATL,home,1.9,640451,Hunter Harvey,mapped,identity_name_team_map,Stable identity seed from old DK-ID map. Pilot join status: matched via normalized_name_team
2026-09-16,2026-09-16T17:42:43.324112+00:00,2026-09-16,DraftKings official lineup CSV,https://www.draftkings.com/lineup/getavailableplayerscsv?contestTypeId=9&draftGroupId=153590,153590,9,Selected largest-prize regular Classic MLB draft group after excluding Turbo/Night/qualifier/satellite/showdown/snake/single-stat slates.,RP,Riley Martin (44153429),Riley Martin,44153429,P,4000,ATL@CHC 09/16/2026 07:40PM ET,09/16/2026 07:40PM ET,CHC,ATL,home,3.8,702303,Riley Martin,mapped,identity_name_team_map,Stable identity seed from old DK-ID map. Pilot join status: matched via normalized_name_team
2026-09-16,2026-09-16T17:42:43.324112+00:00,2026-09-16,DraftKings official lineup CSV,https://www.draftkings.com/lineup/getavailableplayerscsv?contestTypeId=9&draftGroupId=153590,153590,9,Selected largest-prize regular Classic MLB draft group after excluding Turbo/Night/qualifier/satellite/showdown/snake/single-stat slates.,RP,Jefry Yan (44153430),Jefry Yan,44153430,P,4000,BAL@NYM 09/16/2026 07:10PM ET,09/16/2026 07:10PM ET,NYM,BAL,home,2.8,,,needs_review_new_player,identity_name_team_map,No reviewed normalized-name/team identity alias; do not auto-guess.
2026-09-16,2026-09-16T17:42:43.324112+00:00,2026-09-16,DraftKings official lineup CSV,https://www.draftkings.com/lineup/getavailableplayerscsv?contestTypeId=9&draftGroupId=153590,153590,9,Selected largest-prize regular Classic MLB draft group after excluding Turbo/Night/qualifier/satellite/showdown/snake/single-stat slates.,RP,Tyler Ferguson (44153431),Tyler Ferguson,44153431,P,4000,ATL@CHC 09/16/2026 07:40PM ET,09/16/2026 07:40PM ET,CHC,ATL,home,2.7,621053,Tyler Ferguson,mapped,identity_name_team_map,"Stable identity seed from old DK-ID map. Pilot team mismatch: DK CHC, active MLB list ATH; selected same-name MLBAM."
2026-09-16,2026-09-16T17:42:43.324112+00:00,2026-09-16,DraftKings official lineup CSV,https://www.draftkings.com/lineup/getavailableplayerscsv?contestTypeId=9&draftGroupId=153590,153590,9,Selected largest-prize regular Classic MLB draft group after excluding Turbo/Night/qualifier/satellite/showdown/snake/single-stat slates.,RP,Eduard Bazardo (44153432),Eduard Bazardo,44153432,P,4000,SEA@LAA 09/16/2026 09:38PM ET,09/16/2026 09:38PM ET,SEA,LAA,away,2.5,,,needs_review_new_player,identity_name_team_map,No reviewed normalized-name/team identity alias; do not auto-guess.
2026-09-16,2026-09-16T17:42:43.324112+00:00,2026-09-16,DraftKings official lineup CSV,https://www.draftkings.com/lineup/getavailableplayerscsv?contestTypeId=9&draftGroupId=153590,153590,9,Selected largest-prize regular Classic MLB draft group after excluding Turbo/Night/qualifier/satellite/showdown/snake/single-stat slates.,RP,Tayler Saucedo (44153433),Tayler Saucedo,44153433,P,4000,SEA@LAA 09/16/2026 09:38PM ET,09/16/2026 09:38PM ET,LAA,SEA,home,2.6,642048,Tayler Saucedo,mapped,identity_name_team_map,Stable identity seed from old DK-ID map. Pilot join status: matched via normalized_name_team
2026-09-16,2026-09-16T17:42:43.324112+00:00,2026-09-16,DraftKings official lineup CSV,https://www.draftkings.com/lineup/getavailableplayerscsv?contestTypeId=9&draftGroupId=153590,153590,9,Selected largest-prize regular Classic MLB draft group after excluding Turbo/Night/qualifier/satellite/showdown/snake/single-stat slates.,RP,Jovani Moran (44153434),Jovani Moran,44153434,P,4000,BOS@TEX 09/16/2026 08:05PM ET,09/16/2026 08:05PM ET,BOS,TEX,away,4.2,,,needs_review_new_player,identity_name_team_map,No reviewed normalized-name/team identity alias; do not auto-guess.
2026-09-16,2026-09-16T17:42:43.324112+00:00,2026-09-16,DraftKings official lineup CSV,https://www.draftkings.com/lineup/getavailableplayerscsv?contestTypeId=9&draftGroupId=153590,153590,9,Selected largest-prize regular Classic MLB draft group after excluding Turbo/Night/qualifier/satellite/showdown/snake/single-stat slates.,RP,Gavin Hollowell (44153435),Gavin Hollowell,44153435,P,4000,ATL@CHC 09/16/2026 07:40PM ET,09/16/2026 07:40PM ET,CHC,ATL,home,2.7,668970,Gavin Hollowell,mapped,identity_name_team_map,Stable identity seed from old DK-ID map. Pilot join status: matched via normalized_name_team
2026-09-16,2026-09-16T17:42:43.324112+00:00,2026-09-16,DraftKings official lineup CSV,https://www.draftkings.com/lineup/getavailableplayerscsv?contestTypeId=9&draftGroupId=153590,153590,9,Selected largest-prize regular Classic MLB draft group after excluding Turbo/Night/qualifier/satellite/showdown/snake/single-stat slates.,RP,Zach Brzykcy (44153436),Zach Brzykcy,44153436,P,4000,MIA@ARI 09/16/2026 09:40PM ET,09/16/2026 09:40PM ET,MIA,ARI,away,2.9,694350,Zach Brzykcy,mapped,identity_name_team_map,Proposed from review candidates; basis=exact normalized name + team; role-compatible; statcast_pitcher_2026; confidence=high; sources=statcast_pitcher_2026
2026-09-16,2026-09-16T17:42:43.324112+00:00,2026-09-16,DraftKings official lineup CSV,https://www.draftkings.com/lineup/getavailableplayerscsv?contestTypeId=9&draftGroupId=153590,153590,9,Selected largest-prize regular Classic MLB draft group after excluding Turbo/Night/qualifier/satellite/showdown/snake/single-stat slates.,RP,Jack Ralston (44153437),Jack Ralston,44153437,P,4000,MIA@ARI 09/16/2026 09:40PM ET,09/16/2026 09:40PM ET,MIA,ARI,away,2.2,,,needs_review_new_player,identity_name_team_map,No reviewed normalized-name/team identity alias; do not auto-guess.
2026-09-16,2026-09-16T17:42:43.324112+00:00,2026-09-16,DraftKings official lineup CSV,https://www.draftkings.com/lineup/getavailableplayerscsv?contestTypeId=9&draftGroupId=153590,153590,9,Selected largest-prize regular Classic MLB draft group after excluding Turbo/Night/qualifier/satellite/showdown/snake/single-stat slates.,RP,Logan VanWey (44153438),Logan VanWey,44153438,P,4000,KC@HOU 09/16/2026 08:10PM ET,09/16/2026 08:10PM ET,HOU,KC,home,4.5,701121,Logan VanWey,mapped,identity_name_team_map,Stable identity seed from old DK-ID map. Pilot join status: matched via normalized_name_team
2026-09-16,2026-09-16T17:42:43.324112+00:00,2026-09-16,DraftKings official lineup CSV,https://www.draftkings.com/lineup/getavailableplayerscsv?contestTypeId=9&draftGroupId=153590,153590,9,Selected largest-prize regular Classic MLB draft group after excluding Turbo/Night/qualifier/satellite/showdown/snake/single-stat slates.,RP,Rolddy Munoz (44153439),Rolddy Munoz,44153439,P,4000,ATL@CHC 09/16/2026 07:40PM ET,09/16/2026 07:40PM ET,ATL,CHC,away,0.9,691548,Rolddy Muñoz,mapped,identity_name_team_map,Stable identity seed from old DK-ID map. Pilot join status: matched via normalized_name_team
2026-09-16,2026-09-16T17:42:43.324112+00:00,2026-09-16,DraftKings official lineup CSV,https://www.draftkings.com/lineup/getavailableplayerscsv?contestTypeId=9&draftGroupId=153590,153590,9,Selected largest-prize regular Classic MLB draft group after excluding Turbo/Night/qualifier/satellite/showdown/snake/single-stat slates.,RP,Trevor Martin (44153440),Trevor Martin,44153440,P,4000,SEA@LAA 09/16/2026 09:38PM ET,09/16/2026 09:38PM ET,LAA,SEA,home,2.7,,,needs_review_new_player,identity_name_team_map,No reviewed normalized-name/team identity alias; do not auto-guess.
2026-09-16,2026-09-16T17:42:43.324112+00:00,2026-09-16,DraftKings official lineup CSV,https://www.draftkings.com/lineup/getavailableplayerscsv?contestTypeId=9&draftGroupId=153590,153590,9,Selected largest-prize regular Classic MLB draft group after excluding Turbo/Night/qualifier/satellite/showdown/snake/single-stat slates.,RP,Bryan King (44153441),Bryan King,44153441,P,4000,KC@HOU 09/16/2026 08:10PM ET,09/16/2026 08:10PM ET,HOU,KC,home,1.9,687911,Bryan King,mapped,identity_name_team_map,Stable identity seed from old DK-ID map. Pilot join status: matched via normalized_name_team
2026-09-16,2026-09-16T17:42:43.324112+00:00,2026-09-16,DraftKings official lineup CSV,https://www.draftkings.com/lineup/getavailableplayerscsv?contestTypeId=9&draftGroupId=153590,153590,9,Selected largest-prize regular Classic MLB draft group after excluding Turbo/Night/qualifier/satellite/showdown/snake/single-stat slates.,RP,Bryan Hoeing (44153442),Bryan Hoeing,44153442,P,4000,SD@COL 09/16/2026 08:40PM ET,09/16/2026 08:40PM ET,SD,COL,away,0,663773,Bryan Hoeing,mapped,identity_name_team_map,Stable identity seed from old DK-ID map. Pilot join status: matched_people_search_name via mlb_people_search_normalized_name
2026-09-16,2026-09-16T17:42:43.324112+00:00,2026-09-16,DraftKings official lineup CSV,https://www.draftkings.com/lineup/getavailableplayerscsv?contestTypeId=9&draftGroupId=153590,153590,9,Selected largest-prize regular Classic MLB draft group after excluding Turbo/Night/qualifier/satellite/showdown/snake/single-stat slates.,RP,Jaden Hill (44153443),Jaden Hill,44153443,P,4000,SD@COL 09/16/2026 08:40PM ET,09/16/2026 08:40PM ET,COL,SD,home,1.8,677955,Jaden Hill,mapped,identity_name_team_map,Stable identity seed from old DK-ID map. Pilot join status: matched via normalized_name_team
2026-09-16,2026-09-16T17:42:43.324112+00:00,2026-09-16,DraftKings official lineup CSV,https://www.draftkings.com/lineup/getavailableplayerscsv?contestTypeId=9&draftGroupId=153590,153590,9,Selected largest-prize regular Classic MLB draft group after excluding Turbo/Night/qualifier/satellite/showdown/snake/single-stat slates.,RP,Juan Morillo (44153444),Juan Morillo,44153444,P,4000,MIA@ARI 09/16/2026 09:40PM ET,09/16/2026 09:40PM ET,ARI,MIA,home,3.4,,,needs_review_new_player,identity_name_team_map,No reviewed normalized-name/team identity alias; do not auto-guess.
2026-09-16,2026-09-16T17:42:43.324112+00:00,2026-09-16,DraftKings official lineup CSV,https://www.draftkings.com/lineup/getavailableplayerscsv?contestTypeId=9&draftGroupId=153590,153590,9,Selected largest-prize regular Classic MLB draft group after excluding Turbo/Night/qualifier/satellite/showdown/snake/single-stat slates.,RP,Jack Weisenburger (44153445),Jack Weisenburger,44153445,P,4000,BAL@NYM 09/16/2026 07:10PM ET,09/16/2026 07:10PM ET,NYM,BAL,home,4.9,,,needs_review_new_player,identity_name_team_map,No reviewed normalized-name/team identity alias; do not auto-guess.
2026-09-16,2026-09-16T17:42:43.324112+00:00,2026-09-16,DraftKings official lineup CSV,https://www.draftkings.com/lineup/getavailableplayerscsv?contestTypeId=9&draftGroupId=153590,153590,9,Selected largest-prize regular Classic MLB draft group after excluding Turbo/Night/qualifier/satellite/showdown/snake/single-stat slates.,RP,Cooper Criswell (44153446),Cooper Criswell,44153446,P,4000,SEA@LAA 09/16/2026 09:38PM ET,09/16/2026 09:38PM ET,SEA,LAA,away,2.9,,,needs_review_new_player,identity_name_team_map,No reviewed normalized-name/team identity alias; do not auto-guess.
2026-09-16,2026-09-16T17:42:43.324112+00:00,2026-09-16,DraftKings official lineup CSV,https://www.draftkings.com/lineup/getavailableplayerscsv?contestTypeId=9&draftGroupId=153590,153590,9,Selected largest-prize regular Classic MLB draft group after excluding Turbo/Night/qualifier/satellite/showdown/snake/single-stat slates.,RP,Gavin Collyer (44153447),Gavin Collyer,44153447,P,4000,BOS@TEX 09/16/2026 08:05PM ET,09/16/2026 08:05PM ET,TEX,BOS,home,2.2,686560,Gavin Collyer,mapped,identity_name_team_map,Stable identity seed from old DK-ID map. Pilot join status: matched via normalized_name_team
2026-09-16,2026-09-16T17:42:43.324112+00:00,2026-09-16,DraftKings official lineup CSV,https://www.draftkings.com/lineup/getavailableplayerscsv?contestTypeId=9&draftGroupId=153590,153590,9,Selected largest-prize regular Classic MLB draft group after excluding Turbo/Night/qualifier/satellite/showdown/snake/single-stat slates.,RP,Peyton Gray (44153448),Peyton Gray,44153448,P,4000,BOS@TEX 09/16/2026 08:05PM ET,09/16/2026 08:05PM ET,TEX,BOS,home,3.6,682608,Peyton Gray,mapped,identity_name_team_map,Stable identity seed from old DK-ID map. Pilot join status: matched via normalized_name_team
2026-09-16,2026-09-16T17:42:43.324112+00:00,2026-09-16,DraftKings official lineup CSV,https://www.draftkings.com/lineup/getavailableplayerscsv?contestTypeId=9&draftGroupId=153590,153590,9,Selected largest-prize regular Classic MLB draft group after excluding Turbo/Night/qualifier/satellite/showdown/snake/single-stat slates.,RP,Brennan Bernardino (44153449),Brennan Bernardino,44153449,P,4000,SD@COL 09/16/2026 08:40PM ET,09/16/2026 08:40PM ET,COL,SD,home,2.2,657514,Brennan Bernardino,mapped,identity_name_team_map,Stable identity seed from old DK-ID map. Pilot join status: matched via normalized_name_team
2026-09-16,2026-09-16T17:42:43.324112+00:00,2026-09-16,DraftKings official lineup CSV,https://www.draftkings.com/lineup/getavailableplayerscsv?contestTypeId=9&draftGroupId=153590,153590,9,Selected largest-prize regular Classic MLB draft group after excluding Turbo/Night/qualifier/satellite/showdown/snake/single-stat slates.,RP,Wandy Peralta (44153450),Wandy Peralta,44153450,P,4000,SD@COL 09/16/2026 08:40PM ET,09/16/2026 08:40PM ET,SD,COL,away,2.4,593974,Wandy Peralta,mapped,identity_name_team_map,Stable identity seed from old DK-ID map. Pilot join status: matched via normalized_name_team
2026-09-16,2026-09-16T17:42:43.324112+00:00,2026-09-16,DraftKings official lineup CSV,https://www.draftkings.com/lineup/getavailableplayerscsv?contestTypeId=9&draftGroupId=153590,153590,9,Selected largest-prize regular Classic MLB draft group after excluding Turbo/Night/qualifier/satellite/showdown/snake/single-stat slates.,RP,Jonathan Pintaro (44153451),Jonathan Pintaro,44153451,P,4000,BAL@NYM 09/16/2026 07:10PM ET,09/16/2026 07:10PM ET,NYM,BAL,home,4,702752,Jonathan Pintaro,mapped,identity_name_team_map,Stable identity seed from old DK-ID map. Pilot join status: matched via normalized_name_team
2026-09-16,2026-09-16T17:42:43.324112+00:00,2026-09-16,DraftKings official lineup CSV,https://www.draftkings.com/lineup/getavailableplayerscsv?contestTypeId=9&draftGroupId=153590,153590,9,Selected largest-prize regular Classic MLB draft group after excluding Turbo/Night/qualifier/satellite/showdown/snake/single-stat slates.,RP,Bennett Sousa (44153452),Bennett Sousa,44153452,P,4000,KC@HOU 09/16/2026 08:10PM ET,09/16/2026 08:10PM ET,HOU,KC,home,1.9,656986,Bennett Sousa,mapped,identity_name_team_map,Stable identity seed from old DK-ID map. Pilot join status: matched via normalized_name_team
2026-09-16,2026-09-16T17:42:43.324112+00:00,2026-09-16,DraftKings official lineup CSV,https://www.draftkings.com/lineup/getavailableplayerscsv?contestTypeId=9&draftGroupId=153590,153590,9,Selected largest-prize regular Classic MLB draft group after excluding Turbo/Night/qualifier/satellite/showdown/snake/single-stat slates.,RP,Bradgley Rodriguez (44153453),Bradgley Rodriguez,44153453,P,4000,SD@COL 09/16/2026 08:40PM ET,09/16/2026 08:40PM ET,SD,COL,away,3.6,699134,Bradgley Rodriguez,mapped,identity_name_team_map,Stable identity seed from old DK-ID map. Pilot join status: matched via normalized_name_team
2026-09-16,2026-09-16T17:42:43.324112+00:00,2026-09-16,DraftKings official lineup CSV,https://www.draftkings.com/lineup/getavailableplayerscsv?contestTypeId=9&draftGroupId=153590,153590,9,Selected largest-prize regular Classic MLB draft group after excluding Turbo/Night/qualifier/satellite/showdown/snake/single-stat slates.,RP,Robert Stephenson (44153454),Robert Stephenson,44153454,P,4000,SEA@LAA 09/16/2026 09:38PM ET,09/16/2026 09:38PM ET,LAA,SEA,home,0,596112,Robert Stephenson,mapped,identity_name_team_map,Stable identity seed from old DK-ID map. Pilot join status: matched_people_search_name via mlb_people_search_normalized_name
2026-09-16,2026-09-16T17:42:43.324112+00:00,2026-09-16,DraftKings official lineup CSV,https://www.draftkings.com/lineup/getavailableplayerscsv?contestTypeId=9&draftGroupId=153590,153590,9,Selected largest-prize regular Classic MLB draft group after excluding Turbo/Night/qualifier/satellite/showdown/snake/single-stat slates.,RP,Juan Burgos (44153455),Juan Burgos,44153455,P,4000,MIA@ARI 09/16/2026 09:40PM ET,09/16/2026 09:40PM ET,ARI,MIA,home,1.3,,,needs_review_new_player,identity_name_team_map,No reviewed normalized-name/team identity alias; do not auto-guess.
2026-09-16,2026-09-16T17:42:43.324112+00:00,2026-09-16,DraftKings official lineup CSV,https://www.draftkings.com/lineup/getavailableplayerscsv?contestTypeId=9&draftGroupId=153590,153590,9,Selected largest-prize regular Classic MLB draft group after excluding Turbo/Night/qualifier/satellite/showdown/snake/single-stat slates.,RP,Craig Kimbrel (44153456),Craig Kimbrel,44153456,P,4000,KC@HOU 09/16/2026 08:10PM ET,09/16/2026 08:10PM ET,KC,HOU,away,2.2,,,needs_review_new_player,identity_name_team_map,No reviewed normalized-name/team identity alias; do not auto-guess.
2026-09-16,2026-09-16T17:42:43.324112+00:00,2026-09-16,DraftKings official lineup CSV,https://www.draftkings.com/lineup/getavailableplayerscsv?contestTypeId=9&draftGroupId=153590,153590,9,Selected largest-prize regular Classic MLB draft group after excluding Turbo/Night/qualifier/satellite/showdown/snake/single-stat slates.,RP,Ray Kerr (44153457),Ray Kerr,44153457,P,4000,ATL@CHC 09/16/2026 07:40PM ET,09/16/2026 07:40PM ET,ATL,CHC,away,6.1,,,needs_review_new_player,identity_name_team_map,No reviewed normalized-name/team identity alias; do not auto-guess.
2026-09-16,2026-09-16T17:42:43.324112+00:00,2026-09-16,DraftKings official lineup CSV,https://www.draftkings.com/lineup/getavailableplayerscsv?contestTypeId=9&draftGroupId=153590,153590,9,Selected largest-prize regular Classic MLB draft group after excluding Turbo/Night/qualifier/satellite/showdown/snake/single-stat slates.,RP,Derek Law (44153458),Derek Law,44153458,P,4000,MIA@ARI 09/16/2026 09:40PM ET,09/16/2026 09:40PM ET,ARI,MIA,home,3.1,,,needs_review_new_player,identity_name_team_map,No reviewed normalized-name/team identity alias; do not auto-guess.
2026-09-16,2026-09-16T17:42:43.324112+00:00,2026-09-16,DraftKings official lineup CSV,https://www.draftkings.com/lineup/getavailableplayerscsv?contestTypeId=9&draftGroupId=153590,153590,9,Selected largest-prize regular Classic MLB draft group after excluding Turbo/Night/qualifier/satellite/showdown/snake/single-stat slates.,RP,Justin Slaten (44153459),Justin Slaten,44153459,P,4000,BOS@TEX 09/16/2026 08:05PM ET,09/16/2026 08:05PM ET,BOS,TEX,away,2.7,,,needs_review_new_player,identity_name_team_map,No reviewed normalized-name/team identity alias; do not auto-guess.
2026-09-16,2026-09-16T17:42:43.324112+00:00,2026-09-16,DraftKings official lineup CSV,https://www.draftkings.com/lineup/getavailableplayerscsv?contestTypeId=9&draftGroupId=153590,153590,9,Selected largest-prize regular Classic MLB draft group after excluding Turbo/Night/qualifier/satellite/showdown/snake/single-stat slates.,RP,Cionel Perez (44153460),Cionel Perez,44153460,P,4000,BAL@NYM 09/16/2026 07:10PM ET,09/16/2026 07:10PM ET,NYM,BAL,home,3,672335,Cionel Pérez,mapped,identity_name_team_map,Stable identity seed from old DK-ID map. Pilot join status: matched via normalized_name_team
2026-09-16,2026-09-16T17:42:43.324112+00:00,2026-09-16,DraftKings official lineup CSV,https://www.draftkings.com/lineup/getavailableplayerscsv?contestTypeId=9&draftGroupId=153590,153590,9,Selected largest-prize regular Classic MLB draft group after excluding Turbo/Night/qualifier/satellite/showdown/snake/single-stat slates.,RP,Colin Selby (44153461),Colin Selby,44153461,P,4000,BAL@NYM 09/16/2026 07:10PM ET,09/16/2026 07:10PM ET,BAL,NYM,away,0,,,needs_review_new_player,identity_name_team_map,No reviewed normalized-name/team identity alias; do not auto-guess.
2026-09-16,2026-09-16T17:42:43.324112+00:00,2026-09-16,DraftKings official lineup CSV,https://www.draftkings.com/lineup/getavailableplayerscsv?contestTypeId=9&draftGroupId=153590,153590,9,Selected largest-prize regular Classic MLB draft group after excluding Turbo/Night/qualifier/satellite/showdown/snake/single-stat slates.,RP,Daniel Duarte (44153462),Daniel Duarte,44153462,P,4000,BAL@NYM 09/16/2026 07:10PM ET,09/16/2026 07:10PM ET,NYM,BAL,home,4.4,650960,Daniel Duarte,mapped,identity_name_team_map,Stable identity seed from old DK-ID map. Pilot join status: matched via normalized_name_team
2026-09-16,2026-09-16T17:42:43.324112+00:00,2026-09-16,DraftKings official lineup CSV,https://www.draftkings.com/lineup/getavailableplayerscsv?contestTypeId=9&draftGroupId=153590,153590,9,Selected largest-prize regular Classic MLB draft group after excluding Turbo/Night/qualifier/satellite/showdown/snake/single-stat slates.,RP,Ben Joyce (44153463),Ben Joyce,44153463,P,4000,SEA@LAA 09/16/2026 09:38PM ET,09/16/2026 09:38PM ET,LAA,SEA,home,2.9,690829,Ben Joyce,mapped,identity_name_team_map,Stable identity seed from old DK-ID map. Pilot join status: matched_people_search_name via mlb_people_search_normalized_name
2026-09-16,2026-09-16T17:42:43.324112+00:00,2026-09-16,DraftKings official lineup CSV,https://www.draftkings.com/lineup/getavailableplayerscsv?contestTypeId=9&draftGroupId=153590,153590,9,Selected largest-prize regular Classic MLB draft group after excluding Turbo/Night/qualifier/satellite/showdown/snake/single-stat slates.,RP,Carlos Vargas (44153464),Carlos Vargas,44153464,P,4000,SEA@LAA 09/16/2026 09:38PM ET,09/16/2026 09:38PM ET,SEA,LAA,away,3,,,needs_review_new_player,identity_name_team_map,No reviewed normalized-name/team identity alias; do not auto-guess.
2026-09-16,2026-09-16T17:42:43.324112+00:00,2026-09-16,DraftKings official lineup CSV,https://www.draftkings.com/lineup/getavailableplayerscsv?contestTypeId=9&draftGroupId=153590,153590,9,Selected largest-prize regular Classic MLB draft group after excluding Turbo/Night/qualifier/satellite/showdown/snake/single-stat slates.,RP,Josh White (44153465),Josh White,44153465,P,4000,MIA@ARI 09/16/2026 09:40PM ET,09/16/2026 09:40PM ET,MIA,ARI,away,-10.1,687985,Josh White,mapped,identity_name_team_map,Proposed from review candidates; basis=exact normalized name + team; role-compatible; statcast_pitcher_2026; confidence=high; sources=statcast_pitcher_2026
2026-09-16,2026-09-16T17:42:43.324112+00:00,2026-09-16,DraftKings official lineup CSV,https://www.draftkings.com/lineup/getavailableplayerscsv?contestTypeId=9&draftGroupId=153590,153590,9,Selected largest-prize regular Classic MLB draft group after excluding Turbo/Night/qualifier/satellite/showdown/snake/single-stat slates.,RP,Blake Weiman (44153466),Blake Weiman,44153466,P,4000,SEA@LAA 09/16/2026 09:38PM ET,09/16/2026 09:38PM ET,LAA,SEA,home,2.8,,,needs_review_new_player,identity_name_team_map,No reviewed normalized-name/team identity alias; do not auto-guess.
2026-09-16,2026-09-16T17:42:43.324112+00:00,2026-09-16,DraftKings official lineup CSV,https://www.draftkings.com/lineup/getavailableplayerscsv?contestTypeId=9&draftGroupId=153590,153590,9,Selected largest-prize regular Classic MLB draft group after excluding Turbo/Night/qualifier/satellite/showdown/snake/single-stat slates.,RP,Felix Bautista (44153467),Felix Bautista,44153467,P,4000,BAL@NYM 09/16/2026 07:10PM ET,09/16/2026 07:10PM ET,BAL,NYM,away,0,,,needs_review_new_player,identity_name_team_map,No reviewed normalized-name/team identity alias; do not auto-guess.
2026-09-16,2026-09-16T17:42:43.324112+00:00,2026-09-16,DraftKings official lineup CSV,https://www.draftkings.com/lineup/getavailableplayerscsv?contestTypeId=9&draftGroupId=153590,153590,9,Selected largest-prize regular Classic MLB draft group after excluding Turbo/Night/qualifier/satellite/showdown/snake/single-stat slates.,RP,Phil Maton (44153468),Phil Maton,44153468,P,4000,ATL@CHC 09/16/2026 07:40PM ET,09/16/2026 07:40PM ET,CHC,ATL,home,1.7,664208,Phil Maton,mapped,identity_name_team_map,Stable identity seed from old DK-ID map. Pilot join status: matched via normalized_name_team
2026-09-16,2026-09-16T17:42:43.324112+00:00,2026-09-16,DraftKings official lineup CSV,https://www.draftkings.com/lineup/getavailableplayerscsv?contestTypeId=9&draftGroupId=153590,153590,9,Selected largest-prize regular Classic MLB draft group after excluding Turbo/Night/qualifier/satellite/showdown/snake/single-stat slates.,RP,Raymond Burgos (44153469),Raymond Burgos,44153469,P,4000,BOS@TEX 09/16/2026 08:05PM ET,09/16/2026 08:05PM ET,BOS,TEX,away,5.2,,,needs_review_new_player,identity_name_team_map,No reviewed normalized-name/team identity alias; do not auto-guess.
2026-09-16,2026-09-16T17:42:43.324112+00:00,2026-09-16,DraftKings official lineup CSV,https://www.draftkings.com/lineup/getavailableplayerscsv?contestTypeId=9&draftGroupId=153590,153590,9,Selected largest-prize regular Classic MLB draft group after excluding Turbo/Night/qualifier/satellite/showdown/snake/single-stat slates.,RP,Josh Ekness (44153470),Josh Ekness,44153470,P,4000,MIA@ARI 09/16/2026 09:40PM ET,09/16/2026 09:40PM ET,MIA,ARI,away,2.2,694795,Josh Ekness,mapped,identity_name_team_map,Proposed from review candidates; basis=exact normalized name + team; role-compatible; statcast_pitcher_2026; confidence=high; sources=statcast_pitcher_2026
2026-09-16,2026-09-16T17:42:43.324112+00:00,2026-09-16,DraftKings official lineup CSV,https://www.draftkings.com/lineup/getavailableplayerscsv?contestTypeId=9&draftGroupId=153590,153590,9,Selected largest-prize regular Classic MLB draft group after excluding Turbo/Night/qualifier/satellite/showdown/snake/single-stat slates.,RP,Samy Natera Jr. (44153471),Samy Natera Jr.,44153471,P,4000,SEA@LAA 09/16/2026 09:38PM ET,09/16/2026 09:38PM ET,LAA,SEA,home,4.5,696519,Samy Natera Jr.,mapped,identity_name_team_map,Stable identity seed from old DK-ID map. Pilot join status: matched via normalized_name_team
2026-09-16,2026-09-16T17:42:43.324112+00:00,2026-09-16,DraftKings official lineup CSV,https://www.draftkings.com/lineup/getavailableplayerscsv?contestTypeId=9&draftGroupId=153590,153590,9,Selected largest-prize regular Classic MLB draft group after excluding Turbo/Night/qualifier/satellite/showdown/snake/single-stat slates.,RP,Greg Weissert (44153472),Greg Weissert,44153472,P,4000,BOS@TEX 09/16/2026 08:05PM ET,09/16/2026 08:05PM ET,BOS,TEX,away,2.7,,,needs_review_new_player,identity_name_team_map,No reviewed normalized-name/team identity alias; do not auto-guess.
2026-09-16,2026-09-16T17:42:43.324112+00:00,2026-09-16,DraftKings official lineup CSV,https://www.draftkings.com/lineup/getavailableplayerscsv?contestTypeId=9&draftGroupId=153590,153590,9,Selected largest-prize regular Classic MLB draft group after excluding Turbo/Night/qualifier/satellite/showdown/snake/single-stat slates.,RP,Tyler Zuber (44153473),Tyler Zuber,44153473,P,4000,MIA@ARI 09/16/2026 09:40PM ET,09/16/2026 09:40PM ET,MIA,ARI,away,2.3,676604,Tyler Zuber,mapped,identity_name_team_map,Proposed from review candidates; basis=exact normalized name + team; role-compatible; statcast_pitcher_2026; confidence=high; sources=statcast_pitcher_2026
2026-09-16,2026-09-16T17:42:43.324112+00:00,2026-09-16,DraftKings official lineup CSV,https://www.draftkings.com/lineup/getavailableplayerscsv?contestTypeId=9&draftGroupId=153590,153590,9,Selected largest-prize regular Classic MLB draft group after excluding Turbo/Night/qualifier/satellite/showdown/snake/single-stat slates.,2B,Ozzie Albies (44152845),Ozzie Albies,44152845,2B,3900,ATL@CHC 09/16/2026 07:40PM ET,09/16/2026 07:40PM ET,ATL,CHC,away,7,645277,Ozzie Albies,mapped,identity_name_team_map,Stable identity seed from old DK-ID map. Pilot join status: matched via normalized_name_team
2026-09-16,2026-09-16T17:42:43.324112+00:00,2026-09-16,DraftKings official lineup CSV,https://www.draftkings.com/lineup/getavailableplayerscsv?contestTypeId=9&draftGroupId=153590,153590,9,Selected largest-prize regular Classic MLB draft group after excluding Turbo/Night/qualifier/satellite/showdown/snake/single-stat slates.,1B/3B,Vaughn Grissom (44152846),Vaughn Grissom,44152846,1B/3B,3900,SEA@LAA 09/16/2026 09:38PM ET,09/16/2026 09:38PM ET,LAA,SEA,home,6.4,687093,Vaughn Grissom,mapped,identity_name_team_map,Stable identity seed from old DK-ID map. Pilot join status: matched via normalized_name_team
2026-09-16,2026-09-16T17:42:43.324112+00:00,2026-09-16,DraftKings official lineup CSV,https://www.draftkings.com/lineup/getavailableplayerscsv?contestTypeId=9&draftGroupId=153590,153590,9,Selected largest-prize regular Classic MLB draft group after excluding Turbo/Night/qualifier/satellite/showdown/snake/single-stat slates.,OF,Brandon Nimmo (44152848),Brandon Nimmo,44152848,OF,3900,BOS@TEX 09/16/2026 08:05PM ET,09/16/2026 08:05PM ET,TEX,BOS,home,6.9,607043,Brandon Nimmo,mapped,identity_name_team_map,Stable identity seed from old DK-ID map. Pilot join status: matched via normalized_name_team
2026-09-16,2026-09-16T17:42:43.324112+00:00,2026-09-16,DraftKings official lineup CSV,https://www.draftkings.com/lineup/getavailableplayerscsv?contestTypeId=9&draftGroupId=153590,153590,9,Selected largest-prize regular Classic MLB draft group after excluding Turbo/Night/qualifier/satellite/showdown/snake/single-stat slates.,C,Gabriel Moreno (44152849),Gabriel Moreno,44152849,C,3900,MIA@ARI 09/16/2026 09:40PM ET,09/16/2026 09:40PM ET,ARI,MIA,home,8.2,,,needs_review_new_player,identity_name_team_map,No reviewed normalized-name/team identity alias; do not auto-guess.
2026-09-16,2026-09-16T17:42:43.324112+00:00,2026-09-16,DraftKings official lineup CSV,https://www.draftkings.com/lineup/getavailableplayerscsv?contestTypeId=9&draftGroupId=153590,153590,9,Selected largest-prize regular Classic MLB draft group after excluding Turbo/Night/qualifier/satellite/showdown/snake/single-stat slates.,OF,Austin Hays (44152850),Austin Hays,44152850,OF,3900,SD@COL 09/16/2026 08:40PM ET,09/16/2026 08:40PM ET,SD,COL,away,4.9,669720,Austin Hays,needs_review_team_change,identity_name_unique_mlbam,Name maps to one reviewed MLBAM identity but not this DK team; review as team-change/new alias before trusting automation.
2026-09-16,2026-09-16T17:42:43.324112+00:00,2026-09-16,DraftKings official lineup CSV,https://www.draftkings.com/lineup/getavailableplayerscsv?contestTypeId=9&draftGroupId=153590,153590,9,Selected largest-prize regular Classic MLB draft group after excluding Turbo/Night/qualifier/satellite/showdown/snake/single-stat slates.,OF,Jarren Duran (44152851),Jarren Duran,44152851,OF,3900,BOS@TEX 09/16/2026 08:05PM ET,09/16/2026 08:05PM ET,BOS,TEX,away,6.8,,,needs_review_new_player,identity_name_team_map,No reviewed normalized-name/team identity alias; do not auto-guess.
2026-09-16,2026-09-16T17:42:43.324112+00:00,2026-09-16,DraftKings official lineup CSV,https://www.draftkings.com/lineup/getavailableplayerscsv?contestTypeId=9&draftGroupId=153590,153590,9,Selected largest-prize regular Classic MLB draft group after excluding Turbo/Night/qualifier/satellite/showdown/snake/single-stat slates.,1B/OF,Griffin Conine (44152852),Griffin Conine,44152852,1B/OF,3800,MIA@ARI 09/16/2026 09:40PM ET,09/16/2026 09:40PM ET,MIA,ARI,away,6.9,665052,Griffin Conine,mapped,identity_name_team_map,Proposed from review candidates; basis=exact normalized name + team; role-compatible; statcast_batter_des_2026; confidence=high; sources=statcast_batter_des_2026
2026-09-16,2026-09-16T17:42:43.324112+00:00,2026-09-16,DraftKings official lineup CSV,https://www.draftkings.com/lineup/getavailableplayerscsv?contestTypeId=9&draftGroupId=153590,153590,9,Selected largest-prize regular Classic MLB draft group after excluding Turbo/Night/qualifier/satellite/showdown/snake/single-stat slates.,C,Samuel Basallo (44152854),Samuel Basallo,44152854,C,3800,BAL@NYM 09/16/2026 07:10PM ET,09/16/2026 07:10PM ET,BAL,NYM,away,5.8,,,needs_review_new_player,identity_name_team_map,No reviewed normalized-name/team identity alias; do not auto-guess.
2026-09-16,2026-09-16T17:42:43.324112+00:00,2026-09-16,DraftKings official lineup CSV,https://www.draftkings.com/lineup/getavailableplayerscsv?contestTypeId=9&draftGroupId=153590,153590,9,Selected largest-prize regular Classic MLB draft group after excluding Turbo/Night/qualifier/satellite/showdown/snake/single-stat slates.,3B,Josh Jung (44152855),Josh Jung,44152855,3B,3800,BOS@TEX 09/16/2026 08:05PM ET,09/16/2026 08:05PM ET,TEX,BOS,home,7.3,673962,Josh Jung,mapped,identity_name_team_map,Stable identity seed from old DK-ID map. Pilot join status: matched via normalized_name_team
2026-09-16,2026-09-16T17:42:43.324112+00:00,2026-09-16,DraftKings official lineup CSV,https://www.draftkings.com/lineup/getavailableplayerscsv?contestTypeId=9&draftGroupId=153590,153590,9,Selected largest-prize regular Classic MLB draft group after excluding Turbo/Night/qualifier/satellite/showdown/snake/single-stat slates.,2B,Xavier Edwards (44152856),Xavier Edwards,44152856,2B,3800,MIA@ARI 09/16/2026 09:40PM ET,09/16/2026 09:40PM ET,MIA,ARI,away,7.2,669364,Xavier Edwards,mapped,identity_name_team_map,Proposed from review candidates; basis=exact normalized name + team; role-compatible; hr-distance-latest.json|statcast_batter_des_2026; confidence=high; sources=hr-distance-latest.json|statcast_batter_des_2026
2026-09-16,2026-09-16T17:42:43.324112+00:00,2026-09-16,DraftKings official lineup CSV,https://www.draftkings.com/lineup/getavailableplayerscsv?contestTypeId=9&draftGroupId=153590,153590,9,Selected largest-prize regular Classic MLB draft group after excluding Turbo/Night/qualifier/satellite/showdown/snake/single-stat slates.,OF,Dominic Canzone (44152857),Dominic Canzone,44152857,OF,3800,SEA@LAA 09/16/2026 09:38PM ET,09/16/2026 09:38PM ET,SEA,LAA,away,6.7,,,needs_review_new_player,identity_name_team_map,No reviewed normalized-name/team identity alias; do not auto-guess.
2026-09-16,2026-09-16T17:42:43.324112+00:00,2026-09-16,DraftKings official lineup CSV,https://www.draftkings.com/lineup/getavailableplayerscsv?contestTypeId=9&draftGroupId=153590,153590,9,Selected largest-prize regular Classic MLB draft group after excluding Turbo/Night/qualifier/satellite/showdown/snake/single-stat slates.,1B,Vinnie Pasquantino (44152858),Vinnie Pasquantino,44152858,1B,3700,KC@HOU 09/16/2026 08:10PM ET,09/16/2026 08:10PM ET,KC,HOU,away,7,686469,Vinnie Pasquantino,mapped,identity_name_team_map,Stable identity seed from old DK-ID map. Pilot join status: matched via normalized_name_team
2026-09-16,2026-09-16T17:42:43.324112+00:00,2026-09-16,DraftKings official lineup CSV,https://www.draftkings.com/lineup/getavailableplayerscsv?contestTypeId=9&draftGroupId=153590,153590,9,Selected largest-prize regular Classic MLB draft group after excluding Turbo/Night/qualifier/satellite/showdown/snake/single-stat slates.,3B,Isaac Paredes (44152859),Isaac Paredes,44152859,3B,3700,KC@HOU 09/16/2026 08:10PM ET,09/16/2026 08:10PM ET,HOU,KC,home,7.4,670623,Isaac Paredes,mapped,identity_name_team_map,Stable identity seed from old DK-ID map. Pilot join status: matched via normalized_name_team
2026-09-16,2026-09-16T17:42:43.324112+00:00,2026-09-16,DraftKings official lineup CSV,https://www.draftkings.com/lineup/getavailableplayerscsv?contestTypeId=9&draftGroupId=153590,153590,9,Selected largest-prize regular Classic MLB draft group after excluding Turbo/Night/qualifier/satellite/showdown/snake/single-stat slates.,3B,Austin Riley (44152860),Austin Riley,44152860,3B,3700,ATL@CHC 09/16/2026 07:40PM ET,09/16/2026 07:40PM ET,ATL,CHC,away,6.3,663586,Austin Riley,mapped,identity_name_team_map,Stable identity seed from old DK-ID map. Pilot join status: matched via normalized_name_team
2026-09-16,2026-09-16T17:42:43.324112+00:00,2026-09-16,DraftKings official lineup CSV,https://www.draftkings.com/lineup/getavailableplayerscsv?contestTypeId=9&draftGroupId=153590,153590,9,Selected largest-prize regular Classic MLB draft group after excluding Turbo/Night/qualifier/satellite/showdown/snake/single-stat slates.,SS,Geraldo Perdomo (44152861),Geraldo Perdomo,44152861,SS,3700,MIA@ARI 09/16/2026 09:40PM ET,09/16/2026 09:40PM ET,ARI,MIA,home,7.1,,,needs_review_new_player,identity_name_team_map,No reviewed normalized-name/team identity alias; do not auto-guess.
2026-09-16,2026-09-16T17:42:43.324112+00:00,2026-09-16,DraftKings official lineup CSV,https://www.draftkings.com/lineup/getavailableplayerscsv?contestTypeId=9&draftGroupId=153590,153590,9,Selected largest-prize regular Classic MLB draft group after excluding Turbo/Night/qualifier/satellite/showdown/snake/single-stat slates.,C,Adley Rutschman (44152862),Adley Rutschman,44152862,C,3700,BOS@TEX 09/16/2026 08:05PM ET,09/16/2026 08:05PM ET,BOS,TEX,away,7.2,,,needs_review_new_player,identity_name_team_map,No reviewed normalized-name/team identity alias; do not auto-guess.
2026-09-16,2026-09-16T17:42:43.324112+00:00,2026-09-16,DraftKings official lineup CSV,https://www.draftkings.com/lineup/getavailableplayerscsv?contestTypeId=9&draftGroupId=153590,153590,9,Selected largest-prize regular Classic MLB draft group after excluding Turbo/Night/qualifier/satellite/showdown/snake/single-stat slates.,OF,Mike Tauchman (44153017),Mike Tauchman,44153017,OF,3700,BAL@NYM 09/16/2026 07:10PM ET,09/16/2026 07:10PM ET,NYM,BAL,home,0,,,needs_review_new_player,identity_name_team_map,No reviewed normalized-name/team identity alias; do not auto-guess.
2026-09-16,2026-09-16T17:42:43.324112+00:00,2026-09-16,DraftKings official lineup CSV,https://www.draftkings.com/lineup/getavailableplayerscsv?contestTypeId=9&draftGroupId=153590,153590,9,Selected largest-prize regular Classic MLB draft group after excluding Turbo/Night/qualifier/satellite/showdown/snake/single-stat slates.,SS,Nico Hoerner (44152863),Nico Hoerner,44152863,SS,3600,ATL@CHC 09/16/2026 07:40PM ET,09/16/2026 07:40PM ET,CHC,ATL,home,7.1,663538,Nico Hoerner,mapped,identity_name_team_map,Stable identity seed from old DK-ID map. Pilot join status: matched via normalized_name_team
2026-09-16,2026-09-16T17:42:43.324112+00:00,2026-09-16,DraftKings official lineup CSV,https://www.draftkings.com/lineup/getavailableplayerscsv?contestTypeId=9&draftGroupId=153590,153590,9,Selected largest-prize regular Classic MLB draft group after excluding Turbo/Night/qualifier/satellite/showdown/snake/single-stat slates.,2B/3B,Javier Sanoja (44152864),Javier Sanoja,44152864,2B/3B,3600,MIA@ARI 09/16/2026 09:40PM ET,09/16/2026 09:40PM ET,MIA,ARI,away,6.3,691594,Javier Sanoja,mapped,identity_name_team_map,Proposed from review candidates; basis=exact normalized name + team; role-compatible; hr-distance-latest.json|statcast_batter_des_2026; confidence=high; sources=hr-distance-latest.json|statcast_batter_des_2026
2026-09-16,2026-09-16T17:42:43.324112+00:00,2026-09-16,DraftKings official lineup CSV,https://www.draftkings.com/lineup/getavailableplayerscsv?contestTypeId=9&draftGroupId=153590,153590,9,Selected largest-prize regular Classic MLB draft group after excluding Turbo/Night/qualifier/satellite/showdown/snake/single-stat slates.,1B,Jake Burger (44152866),Jake Burger,44152866,1B,3600,BOS@TEX 09/16/2026 08:05PM ET,09/16/2026 08:05PM ET,TEX,BOS,home,7,669394,Jake Burger,mapped,identity_name_team_map,Stable identity seed from old DK-ID map. Pilot join status: matched via normalized_name_team
2026-09-16,2026-09-16T17:42:43.324112+00:00,2026-09-16,DraftKings official lineup CSV,https://www.draftkings.com/lineup/getavailableplayerscsv?contestTypeId=9&draftGroupId=153590,153590,9,Selected largest-prize regular Classic MLB draft group after excluding Turbo/Night/qualifier/satellite/showdown/snake/single-stat slates.,OF,Troy Johnston (44152867),Troy Johnston,44152867,OF,3600,SD@COL 09/16/2026 08:40PM ET,09/16/2026 08:40PM ET,COL,SD,home,5.8,687859,Troy Johnston,mapped,identity_name_team_map,Stable identity seed from old DK-ID map. Pilot join status: matched via normalized_name_team
2026-09-16,2026-09-16T17:42:43.324112+00:00,2026-09-16,DraftKings official lineup CSV,https://www.draftkings.com/lineup/getavailableplayerscsv?contestTypeId=9&draftGroupId=153590,153590,9,Selected largest-prize regular Classic MLB draft group after excluding Turbo/Night/qualifier/satellite/showdown/snake/single-stat slates.,OF,A.J. Ewing (44152868),A.J. Ewing,44152868,OF,3600,BAL@NYM 09/16/2026 07:10PM ET,09/16/2026 07:10PM ET,NYM,BAL,home,7.3,805999,A.J. Ewing,mapped,identity_name_team_map,Stable identity seed from old DK-ID map. Pilot join status: matched via normalized_name_team
2026-09-16,2026-09-16T17:42:43.324112+00:00,2026-09-16,DraftKings official lineup CSV,https://www.draftkings.com/lineup/getavailableplayerscsv?contestTypeId=9&draftGroupId=153590,153590,9,Selected largest-prize regular Classic MLB draft group after excluding Turbo/Night/qualifier/satellite/showdown/snake/single-stat slates.,1B,Josh Naylor (44152869),Josh Naylor,44152869,1B,3600,SEA@LAA 09/16/2026 09:38PM ET,09/16/2026 09:38PM ET,SEA,LAA,away,7.1,,,needs_review_new_player,identity_name_team_map,No reviewed normalized-name/team identity alias; do not auto-guess.
2026-09-16,2026-09-16T17:42:43.324112+00:00,2026-09-16,DraftKings official lineup CSV,https://www.draftkings.com/lineup/getavailableplayerscsv?contestTypeId=9&draftGroupId=153590,153590,9,Selected largest-prize regular Classic MLB draft group after excluding Turbo/Night/qualifier/satellite/showdown/snake/single-stat slates.,2B,Pedro Ramirez (44152870),Pedro Ramirez,44152870,2B,3600,ATL@CHC 09/16/2026 07:40PM ET,09/16/2026 07:40PM ET,CHC,ATL,home,6.1,699393,Pedro Ramírez,mapped,identity_name_team_map,Stable identity seed from old DK-ID map. Pilot join status: matched via normalized_name_team
2026-09-16,2026-09-16T17:42:43.324112+00:00,2026-09-16,DraftKings official lineup CSV,https://www.draftkings.com/lineup/getavailableplayerscsv?contestTypeId=9&draftGroupId=153590,153590,9,Selected largest-prize regular Classic MLB draft group after excluding Turbo/Night/qualifier/satellite/showdown/snake/single-stat slates.,C,Carson Kelly (44152871),Carson Kelly,44152871,C,3600,ATL@CHC 09/16/2026 07:40PM ET,09/16/2026 07:40PM ET,CHC,ATL,home,6,608348,Carson Kelly,mapped,identity_name_team_map,Stable identity seed from old DK-ID map. Pilot join status: matched via normalized_name_team
2026-09-16,2026-09-16T17:42:43.324112+00:00,2026-09-16,DraftKings official lineup CSV,https://www.draftkings.com/lineup/getavailableplayerscsv?contestTypeId=9&draftGroupId=153590,153590,9,Selected largest-prize regular Classic MLB draft group after excluding Turbo/Night/qualifier/satellite/showdown/snake/single-stat slates.,SS,Carlos Correa (44153018),Carlos Correa,44153018,SS,3600,KC@HOU 09/16/2026 08:10PM ET,09/16/2026 08:10PM ET,HOU,KC,home,8,621043,Carlos Correa,mapped,identity_name_team_map,Stable identity seed from old DK-ID map. Pilot join status: matched via normalized_name_team
2026-09-16,2026-09-16T17:42:43.324112+00:00,2026-09-16,DraftKings official lineup CSV,https://www.draftkings.com/lineup/getavailableplayerscsv?contestTypeId=9&draftGroupId=153590,153590,9,Selected largest-prize regular Classic MLB draft group after excluding Turbo/Night/qualifier/satellite/showdown/snake/single-stat slates.,OF,Wade Meckler (44152872),Wade Meckler,44152872,OF,3500,SEA@LAA 09/16/2026 09:38PM ET,09/16/2026 09:38PM ET,LAA,SEA,home,5.9,685133,Wade Meckler,mapped,identity_name_team_map,Stable identity seed from old DK-ID map. Pilot join status: matched via normalized_name_team
2026-09-16,2026-09-16T17:42:43.324112+00:00,2026-09-16,DraftKings official lineup CSV,https://www.draftkings.com/lineup/getavailableplayerscsv?contestTypeId=9&draftGroupId=153590,153590,9,Selected largest-prize regular Classic MLB draft group after excluding Turbo/Night/qualifier/satellite/showdown/snake/single-stat slates.,2B,Jackson Holliday (44152873),Jackson Holliday,44152873,2B,3500,BAL@NYM 09/16/2026 07:10PM ET,09/16/2026 07:10PM ET,BAL,NYM,away,5.6,,,needs_review_new_player,identity_name_team_map,No reviewed normalized-name/team identity alias; do not auto-guess.
2026-09-16,2026-09-16T17:42:43.324112+00:00,2026-09-16,DraftKings official lineup CSV,https://www.draftkings.com/lineup/getavailableplayerscsv?contestTypeId=9&draftGroupId=153590,153590,9,Selected largest-prize regular Classic MLB draft group after excluding Turbo/Night/qualifier/satellite/showdown/snake/single-stat slates.,1B,Christian Walker (44152874),Christian Walker,44152874,1B,3500,KC@HOU 09/16/2026 08:10PM ET,09/16/2026 08:10PM ET,HOU,KC,home,6.8,572233,Christian Walker,mapped,identity_name_team_map,Stable identity seed from old DK-ID map. Pilot join status: matched via normalized_name_team
2026-09-16,2026-09-16T17:42:43.324112+00:00,2026-09-16,DraftKings official lineup CSV,https://www.draftkings.com/lineup/getavailableplayerscsv?contestTypeId=9&draftGroupId=153590,153590,9,Selected largest-prize regular Classic MLB draft group after excluding Turbo/Night/qualifier/satellite/showdown/snake/single-stat slates.,3B,Kyle Karros (44152875),Kyle Karros,44152875,3B,3500,SD@COL 09/16/2026 08:40PM ET,09/16/2026 08:40PM ET,COL,SD,home,6.4,691720,Kyle Karros,mapped,identity_name_team_map,Stable identity seed from old DK-ID map. Pilot join status: matched via normalized_name_team
2026-09-16,2026-09-16T17:42:43.324112+00:00,2026-09-16,DraftKings official lineup CSV,https://www.draftkings.com/lineup/getavailableplayerscsv?contestTypeId=9&draftGroupId=153590,153590,9,Selected largest-prize regular Classic MLB draft group after excluding Turbo/Night/qualifier/satellite/showdown/snake/single-stat slates.,OF,Joc Pederson (44152876),Joc Pederson,44152876,OF,3500,BOS@TEX 09/16/2026 08:05PM ET,09/16/2026 08:05PM ET,TEX,BOS,home,6,592626,Joc Pederson,mapped,identity_name_team_map,Stable identity seed from old DK-ID map. Pilot join status: matched via normalized_name_team
2026-09-16,2026-09-16T17:42:43.324112+00:00,2026-09-16,DraftKings official lineup CSV,https://www.draftkings.com/lineup/getavailableplayerscsv?contestTypeId=9&draftGroupId=153590,153590,9,Selected largest-prize regular Classic MLB draft group after excluding Turbo/Night/qualifier/satellite/showdown/snake/single-stat slates.,C,Ethan Salas (44152877),Ethan Salas,44152877,C,3500,SD@COL 09/16/2026 08:40PM ET,09/16/2026 08:40PM ET,SD,COL,away,1.3,,,needs_review_new_player,identity_name_team_map,No reviewed normalized-name/team identity alias; do not auto-guess.
2026-09-16,2026-09-16T17:42:43.324112+00:00,2026-09-16,DraftKings official lineup CSV,https://www.draftkings.com/lineup/getavailableplayerscsv?contestTypeId=9&draftGroupId=153590,153590,9,Selected largest-prize regular Classic MLB draft group after excluding Turbo/Night/qualifier/satellite/showdown/snake/single-stat slates.,OF,Esteury Ruiz (44152878),Esteury Ruiz,44152878,OF,3500,MIA@ARI 09/16/2026 09:40PM ET,09/16/2026 09:40PM ET,MIA,ARI,away,5.1,665923,Esteury Ruiz,mapped,identity_name_team_map,Proposed from review candidates; basis=exact normalized name + team; role-compatible; statcast_batter_des_2026; confidence=high; sources=statcast_batter_des_2026
2026-09-16,2026-09-16T17:42:43.324112+00:00,2026-09-16,DraftKings official lineup CSV,https://www.draftkings.com/lineup/getavailableplayerscsv?contestTypeId=9&draftGroupId=153590,153590,9,Selected largest-prize regular Classic MLB draft group after excluding Turbo/Night/qualifier/satellite/showdown/snake/single-stat slates.,3B,Nolan Arenado (44152879),Nolan Arenado,44152879,3B,3500,MIA@ARI 09/16/2026 09:40PM ET,09/16/2026 09:40PM ET,ARI,MIA,home,7.1,,,needs_review_new_player,identity_name_team_map,No reviewed normalized-name/team identity alias; do not auto-guess.
2026-09-16,2026-09-16T17:42:43.324112+00:00,2026-09-16,DraftKings official lineup CSV,https://www.draftkings.com/lineup/getavailableplayerscsv?contestTypeId=9&draftGroupId=153590,153590,9,Selected largest-prize regular Classic MLB draft group after excluding Turbo/Night/qualifier/satellite/showdown/snake/single-stat slates.,OF,Lazaro Montes (44152880),Lazaro Montes,44152880,OF,3500,SEA@LAA 09/16/2026 09:38PM ET,09/16/2026 09:38PM ET,SEA,LAA,away,5.8,,,needs_review_new_player,identity_name_team_map,No reviewed normalized-name/team identity alias; do not auto-guess.
2026-09-16,2026-09-16T17:42:43.324112+00:00,2026-09-16,DraftKings official lineup CSV,https://www.draftkings.com/lineup/getavailableplayerscsv?contestTypeId=9&draftGroupId=153590,153590,9,Selected largest-prize regular Classic MLB draft group after excluding Turbo/Night/qualifier/satellite/showdown/snake/single-stat slates.,OF,Jose Siri (44152881),Jose Siri,44152881,OF,3400,SEA@LAA 09/16/2026 09:38PM ET,09/16/2026 09:38PM ET,LAA,SEA,home,4.2,642350,Jose Siri,mapped,identity_name_team_map,Stable identity seed from old DK-ID map. Pilot join status: matched via normalized_name_team
2026-09-16,2026-09-16T17:42:43.324112+00:00,2026-09-16,DraftKings official lineup CSV,https://www.draftkings.com/lineup/getavailableplayerscsv?contestTypeId=9&draftGroupId=153590,153590,9,Selected largest-prize regular Classic MLB draft group after excluding Turbo/Night/qualifier/satellite/showdown/snake/single-stat slates.,OF,Dustin Harris (44152882),Dustin Harris,44152882,OF,3400,SD@COL 09/16/2026 08:40PM ET,09/16/2026 08:40PM ET,SD,COL,away,6,,,needs_review_new_player,identity_name_team_map,No reviewed normalized-name/team identity alias; do not auto-guess.
2026-09-16,2026-09-16T17:42:43.324112+00:00,2026-09-16,DraftKings official lineup CSV,https://www.draftkings.com/lineup/getavailableplayerscsv?contestTypeId=9&draftGroupId=153590,153590,9,Selected largest-prize regular Classic MLB draft group after excluding Turbo/Night/qualifier/satellite/showdown/snake/single-stat slates.,2B,Justin Foscue (44152883),Justin Foscue,44152883,2B,3400,BOS@TEX 09/16/2026 08:05PM ET,09/16/2026 08:05PM ET,TEX,BOS,home,4.7,679822,Justin Foscue,mapped,identity_name_team_map,Stable identity seed from old DK-ID map. Pilot join status: matched via normalized_name_team
2026-09-16,2026-09-16T17:42:43.324112+00:00,2026-09-16,DraftKings official lineup CSV,https://www.draftkings.com/lineup/getavailableplayerscsv?contestTypeId=9&draftGroupId=153590,153590,9,Selected largest-prize regular Classic MLB draft group after excluding Turbo/Night/qualifier/satellite/showdown/snake/single-stat slates.,OF/SS,Mauricio Dubon (44152884),Mauricio Dubon,44152884,SS/OF,3400,ATL@CHC 09/16/2026 07:40PM ET,09/16/2026 07:40PM ET,ATL,CHC,away,6.6,643289,Mauricio Dubón,mapped,identity_name_team_map,Stable identity seed from old DK-ID map. Pilot join status: matched via normalized_name_team
2026-09-16,2026-09-16T17:42:43.324112+00:00,2026-09-16,DraftKings official lineup CSV,https://www.draftkings.com/lineup/getavailableplayerscsv?contestTypeId=9&draftGroupId=153590,153590,9,Selected largest-prize regular Classic MLB draft group after excluding Turbo/Night/qualifier/satellite/showdown/snake/single-stat slates.,1B/3B,Mark Vientos (44152886),Mark Vientos,44152886,1B/3B,3400,BAL@NYM 09/16/2026 07:10PM ET,09/16/2026 07:10PM ET,NYM,BAL,home,5.5,668901,Mark Vientos,mapped,identity_name_team_map,Stable identity seed from old DK-ID map. Pilot join status: matched via normalized_name_team
2026-09-16,2026-09-16T17:42:43.324112+00:00,2026-09-16,DraftKings official lineup CSV,https://www.draftkings.com/lineup/getavailableplayerscsv?contestTypeId=9&draftGroupId=153590,153590,9,Selected largest-prize regular Classic MLB draft group after excluding Turbo/Night/qualifier/satellite/showdown/snake/single-stat slates.,OF,Jakob Marsee (44152888),Jakob Marsee,44152888,OF,3400,MIA@ARI 09/16/2026 09:40PM ET,09/16/2026 09:40PM ET,MIA,ARI,away,6.7,805300,Jakob Marsee,mapped,identity_name_team_map,Proposed from review candidates; basis=exact normalized name + team; role-compatible; hr-distance-latest.json|statcast_batter_des_2026; confidence=high; sources=hr-distance-latest.json|statcast_batter_des_2026
2026-09-16,2026-09-16T17:42:43.324112+00:00,2026-09-16,DraftKings official lineup CSV,https://www.draftkings.com/lineup/getavailableplayerscsv?contestTypeId=9&draftGroupId=153590,153590,9,Selected largest-prize regular Classic MLB draft group after excluding Turbo/Night/qualifier/satellite/showdown/snake/single-stat slates.,C,Brett Sullivan (44152889),Brett Sullivan,44152889,C,3400,SD@COL 09/16/2026 08:40PM ET,09/16/2026 08:40PM ET,COL,SD,home,4.6,664954,Brett Sullivan,mapped,identity_name_team_map,Stable identity seed from old DK-ID map. Pilot join status: matched via normalized_name_team
2026-09-16,2026-09-16T17:42:43.324112+00:00,2026-09-16,DraftKings official lineup CSV,https://www.draftkings.com/lineup/getavailableplayerscsv?contestTypeId=9&draftGroupId=153590,153590,9,Selected largest-prize regular Classic MLB draft group after excluding Turbo/Night/qualifier/satellite/showdown/snake/single-stat slates.,1B/2B,Nick Sogard (44152890),Nick Sogard,44152890,1B/2B,3400,BOS@TEX 09/16/2026 08:05PM ET,09/16/2026 08:05PM ET,BOS,TEX,away,6.8,,,needs_review_new_player,identity_name_team_map,No reviewed normalized-name/team identity alias; do not auto-guess.
2026-09-16,2026-09-16T17:42:43.324112+00:00,2026-09-16,DraftKings official lineup CSV,https://www.draftkings.com/lineup/getavailableplayerscsv?contestTypeId=9&draftGroupId=153590,153590,9,Selected largest-prize regular Classic MLB draft group after excluding Turbo/Night/qualifier/satellite/showdown/snake/single-stat slates.,1B/2B,Romy Gonzalez (44153019),Romy Gonzalez,44153019,1B/2B,3400,BOS@TEX 09/16/2026 08:05PM ET,09/16/2026 08:05PM ET,BOS,TEX,away,5.3,,,needs_review_new_player,identity_name_team_map,No reviewed normalized-name/team identity alias; do not auto-guess.
2026-09-16,2026-09-16T17:42:43.324112+00:00,2026-09-16,DraftKings official lineup CSV,https://www.draftkings.com/lineup/getavailableplayerscsv?contestTypeId=9&draftGroupId=153590,153590,9,Selected largest-prize regular Classic MLB draft group after excluding Turbo/Night/qualifier/satellite/showdown/snake/single-stat slates.,1B/2B,Ildemaro Vargas (44152892),Ildemaro Vargas,44152892,1B/2B,3300,MIA@ARI 09/16/2026 09:40PM ET,09/16/2026 09:40PM ET,ARI,MIA,home,5.8,,,needs_review_new_player,identity_name_team_map,No reviewed normalized-name/team identity alias; do not auto-guess.
2026-09-16,2026-09-16T17:42:43.324112+00:00,2026-09-16,DraftKings official lineup CSV,https://www.draftkings.com/lineup/getavailableplayerscsv?contestTypeId=9&draftGroupId=153590,153590,9,Selected largest-prize regular Classic MLB draft group after excluding Turbo/Night/qualifier/satellite/showdown/snake/single-stat slates.,OF,Dylan Beavers (44152894),Dylan Beavers,44152894,OF,3300,BAL@NYM 09/16/2026 07:10PM ET,09/16/2026 07:10PM ET,BAL,NYM,away,5.6,,,needs_review_new_player,identity_name_team_map,No reviewed normalized-name/team identity alias; do not auto-guess.
2026-09-16,2026-09-16T17:42:43.324112+00:00,2026-09-16,DraftKings official lineup CSV,https://www.draftkings.com/lineup/getavailableplayerscsv?contestTypeId=9&draftGroupId=153590,153590,9,Selected largest-prize regular Classic MLB draft group after excluding Turbo/Night/qualifier/satellite/showdown/snake/single-stat slates.,2B,Marcus Semien (44152895),Marcus Semien,44152895,2B,3300,BAL@NYM 09/16/2026 07:10PM ET,09/16/2026 07:10PM ET,NYM,BAL,home,5.9,543760,Marcus Semien,mapped,identity_name_team_map,Stable identity seed from old DK-ID map. Pilot join status: matched via normalized_name_team
2026-09-16,2026-09-16T17:42:43.324112+00:00,2026-09-16,DraftKings official lineup CSV,https://www.draftkings.com/lineup/getavailableplayerscsv?contestTypeId=9&draftGroupId=153590,153590,9,Selected largest-prize regular Classic MLB draft group after excluding Turbo/Night/qualifier/satellite/showdown/snake/single-stat slates.,OF,Evan Carter (44152896),Evan Carter,44152896,OF,3300,BOS@TEX 09/16/2026 08:05PM ET,09/16/2026 08:05PM ET,TEX,BOS,home,5.1,694497,Evan Carter,mapped,identity_name_team_map,Stable identity seed from old DK-ID map. Pilot join status: matched via normalized_name_team
2026-09-16,2026-09-16T17:42:43.324112+00:00,2026-09-16,DraftKings official lineup CSV,https://www.draftkings.com/lineup/getavailableplayerscsv?contestTypeId=9&draftGroupId=153590,153590,9,Selected largest-prize regular Classic MLB draft group after excluding Turbo/Night/qualifier/satellite/showdown/snake/single-stat slates.,3B,Jose Fernandez (44152897),Jose Fernandez,44152897,3B,3300,MIA@ARI 09/16/2026 09:40PM ET,09/16/2026 09:40PM ET,ARI,MIA,home,5.2,,,needs_review_new_player,identity_name_team_map,No reviewed normalized-name/team identity alias; do not auto-guess.
2026-09-16,2026-09-16T17:42:43.324112+00:00,2026-09-16,DraftKings official lineup CSV,https://www.draftkings.com/lineup/getavailableplayerscsv?contestTypeId=9&draftGroupId=153590,153590,9,Selected largest-prize regular Classic MLB draft group after excluding Turbo/Night/qualifier/satellite/showdown/snake/single-stat slates.,OF,Luis Robert Jr. (44153021),Luis Robert Jr.,44153021,OF,3300,BAL@NYM 09/16/2026 07:10PM ET,09/16/2026 07:10PM ET,BAL,NYM,away,6.3,673357,Luis Robert Jr.,needs_review_team_change,identity_name_unique_mlbam,Name maps to one reviewed MLBAM identity but not this DK team; review as team-change/new alias before trusting automation.
2026-09-16,2026-09-16T17:42:43.324112+00:00,2026-09-16,DraftKings official lineup CSV,https://www.draftkings.com/lineup/getavailableplayerscsv?contestTypeId=9&draftGroupId=153590,153590,9,Selected largest-prize regular Classic MLB draft group after excluding Turbo/Night/qualifier/satellite/showdown/snake/single-stat slates.,1B/OF,Gavin Sheets (44153022),Gavin Sheets,44153022,1B/OF,3300,SD@COL 09/16/2026 08:40PM ET,09/16/2026 08:40PM ET,SD,COL,away,5.5,657757,Gavin Sheets,mapped,identity_name_team_map,Stable identity seed from old DK-ID map. Pilot join status: matched via normalized_name_team
2026-09-16,2026-09-16T17:42:43.324112+00:00,2026-09-16,DraftKings official lineup CSV,https://www.draftkings.com/lineup/getavailableplayerscsv?contestTypeId=9&draftGroupId=153590,153590,9,Selected largest-prize regular Classic MLB draft group after excluding Turbo/Night/qualifier/satellite/showdown/snake/single-stat slates.,OF,Sterlin Thompson (44153024),Sterlin Thompson,44153024,OF,3300,SD@COL 09/16/2026 08:40PM ET,09/16/2026 08:40PM ET,COL,SD,home,4.4,694514,Sterlin Thompson,mapped,identity_name_team_map,Stable identity seed from old DK-ID map. Pilot join status: matched via normalized_name_team
2026-09-16,2026-09-16T17:42:43.324112+00:00,2026-09-16,DraftKings official lineup CSV,https://www.draftkings.com/lineup/getavailableplayerscsv?contestTypeId=9&draftGroupId=153590,153590,9,Selected largest-prize regular Classic MLB draft group after excluding Turbo/Night/qualifier/satellite/showdown/snake/single-stat slates.,C,Agustin Ramirez (44152898),Agustin Ramirez,44152898,C,3200,MIA@ARI 09/16/2026 09:40PM ET,09/16/2026 09:40PM ET,MIA,ARI,away,5.5,682663,Agustín Ramírez,mapped,identity_name_team_map,Proposed from review candidates; basis=exact normalized name + team; role-compatible; statcast_batter_des_2026; confidence=high; sources=statcast_batter_des_2026
2026-09-16,2026-09-16T17:42:43.324112+00:00,2026-09-16,DraftKings official lineup CSV,https://www.draftkings.com/lineup/getavailableplayerscsv?contestTypeId=9&draftGroupId=153590,153590,9,Selected largest-prize regular Classic MLB draft group after excluding Turbo/Night/qualifier/satellite/showdown/snake/single-stat slates.,2B,Cole Young (44152899),Cole Young,44152899,2B,3200,SEA@LAA 09/16/2026 09:38PM ET,09/16/2026 09:38PM ET,SEA,LAA,away,6.4,,,needs_review_new_player,identity_name_team_map,No reviewed normalized-name/team identity alias; do not auto-guess.
2026-09-16,2026-09-16T17:42:43.324112+00:00,2026-09-16,DraftKings official lineup CSV,https://www.draftkings.com/lineup/getavailableplayerscsv?contestTypeId=9&draftGroupId=153590,153590,9,Selected largest-prize regular Classic MLB draft group after excluding Turbo/Night/qualifier/satellite/showdown/snake/single-stat slates.,1B/OF,Tim Tawa (44152900),Tim Tawa,44152900,1B/OF,3200,MIA@ARI 09/16/2026 09:40PM ET,09/16/2026 09:40PM ET,ARI,MIA,home,5.8,,,needs_review_new_player,identity_name_team_map,No reviewed normalized-name/team identity alias; do not auto-guess.
2026-09-16,2026-09-16T17:42:43.324112+00:00,2026-09-16,DraftKings official lineup CSV,https://www.draftkings.com/lineup/getavailableplayerscsv?contestTypeId=9&draftGroupId=153590,153590,9,Selected largest-prize regular Classic MLB draft group after excluding Turbo/Night/qualifier/satellite/showdown/snake/single-stat slates.,C,Yainer Diaz (44152902),Yainer Diaz,44152902,C,3200,KC@HOU 09/16/2026 08:10PM ET,09/16/2026 08:10PM ET,HOU,KC,home,6,673237,Yainer Diaz,mapped,identity_name_team_map,Stable identity seed from old DK-ID map. Pilot join status: matched via normalized_name_team
2026-09-16,2026-09-16T17:42:43.324112+00:00,2026-09-16,DraftKings official lineup CSV,https://www.draftkings.com/lineup/getavailableplayerscsv?contestTypeId=9&draftGroupId=153590,153590,9,Selected largest-prize regular Classic MLB draft group after excluding Turbo/Night/qualifier/satellite/showdown/snake/single-stat slates.,OF,Zac Veen (44152903),Zac Veen,44152903,OF,3200,SD@COL 09/16/2026 08:40PM ET,09/16/2026 08:40PM ET,COL,SD,home,4.3,691728,Zac Veen,mapped,identity_name_team_map,Stable identity seed from old DK-ID map. Pilot join status: matched_people_search_name via mlb_people_search_normalized_name
2026-09-16,2026-09-16T17:42:43.324112+00:00,2026-09-16,DraftKings official lineup CSV,https://www.draftkings.com/lineup/getavailableplayerscsv?contestTypeId=9&draftGroupId=153590,153590,9,Selected largest-prize regular Classic MLB draft group after excluding Turbo/Night/qualifier/satellite/showdown/snake/single-stat slates.,OF,Brewer Hicklen (44152904),Brewer Hicklen,44152904,OF,3200,ATL@CHC 09/16/2026 07:40PM ET,09/16/2026 07:40PM ET,ATL,CHC,away,4.6,,,needs_review_new_player,identity_name_team_map,No reviewed normalized-name/team identity alias; do not auto-guess.
2026-09-16,2026-09-16T17:42:43.324112+00:00,2026-09-16,DraftKings official lineup CSV,https://www.draftkings.com/lineup/getavailableplayerscsv?contestTypeId=9&draftGroupId=153590,153590,9,Selected largest-prize regular Classic MLB draft group after excluding Turbo/Night/qualifier/satellite/showdown/snake/single-stat slates.,3B,Caleb Durbin (44152905),Caleb Durbin,44152905,3B,3200,BOS@TEX 09/16/2026 08:05PM ET,09/16/2026 08:05PM ET,BOS,TEX,away,6.8,,,needs_review_new_player,identity_name_team_map,No reviewed normalized-name/team identity alias; do not auto-guess.
2026-09-16,2026-09-16T17:42:43.324112+00:00,2026-09-16,DraftKings official lineup CSV,https://www.draftkings.com/lineup/getavailableplayerscsv?contestTypeId=9&draftGroupId=153590,153590,9,Selected largest-prize regular Classic MLB draft group after excluding Turbo/Night/qualifier/satellite/showdown/snake/single-stat slates.,SS,Trevor Story (44152906),Trevor Story,44152906,SS,3200,BOS@TEX 09/16/2026 08:05PM ET,09/16/2026 08:05PM ET,BOS,TEX,away,6.2,,,needs_review_new_player,identity_name_team_map,No reviewed normalized-name/team identity alias; do not auto-guess.
2026-09-16,2026-09-16T17:42:43.324112+00:00,2026-09-16,DraftKings official lineup CSV,https://www.draftkings.com/lineup/getavailableplayerscsv?contestTypeId=9&draftGroupId=153590,153590,9,Selected largest-prize regular Classic MLB draft group after excluding Turbo/Night/qualifier/satellite/showdown/snake/single-stat slates.,C,Freddy Fermin (44152907),Freddy Fermin,44152907,C,3100,SD@COL 09/16/2026 08:40PM ET,09/16/2026 08:40PM ET,SD,COL,away,3.5,666023,Freddy Fermin,mapped,identity_name_team_map,Stable identity seed from old DK-ID map. Pilot join status: matched via normalized_name_team
2026-09-16,2026-09-16T17:42:43.324112+00:00,2026-09-16,DraftKings official lineup CSV,https://www.draftkings.com/lineup/getavailableplayerscsv?contestTypeId=9&draftGroupId=153590,153590,9,Selected largest-prize regular Classic MLB draft group after excluding Turbo/Night/qualifier/satellite/showdown/snake/single-stat slates.,2B/3B,Oswald Peraza (44152908),Oswald Peraza,44152908,2B/3B,3100,SEA@LAA 09/16/2026 09:38PM ET,09/16/2026 09:38PM ET,LAA,SEA,home,4.6,672724,Oswald Peraza,mapped,identity_name_team_map,Stable identity seed from old DK-ID map. Pilot join status: matched via normalized_name_team
2026-09-16,2026-09-16T17:42:43.324112+00:00,2026-09-16,DraftKings official lineup CSV,https://www.draftkings.com/lineup/getavailableplayerscsv?contestTypeId=9&draftGroupId=153590,153590,9,Selected largest-prize regular Classic MLB draft group after excluding Turbo/Night/qualifier/satellite/showdown/snake/single-stat slates.,1B,Salvador Perez (44152910),Salvador Perez,44152910,1B,3100,KC@HOU 09/16/2026 08:10PM ET,09/16/2026 08:10PM ET,KC,HOU,away,6.2,521692,Salvador Perez,mapped,identity_name_team_map,Stable identity seed from old DK-ID map. Pilot join status: matched via normalized_name_team
2026-09-16,2026-09-16T17:42:43.324112+00:00,2026-09-16,DraftKings official lineup CSV,https://www.draftkings.com/lineup/getavailableplayerscsv?contestTypeId=9&draftGroupId=153590,153590,9,Selected largest-prize regular Classic MLB draft group after excluding Turbo/Night/qualifier/satellite/showdown/snake/single-stat slates.,OF,John Rave (44152911),John Rave,44152911,OF,3100,KC@HOU 09/16/2026 08:10PM ET,09/16/2026 08:10PM ET,KC,HOU,away,5.9,670231,John Rave,mapped,identity_name_team_map,Stable identity seed from old DK-ID map. Pilot join status: matched_people_search_name via mlb_people_search_normalized_name
2026-09-16,2026-09-16T17:42:43.324112+00:00,2026-09-16,DraftKings official lineup CSV,https://www.draftkings.com/lineup/getavailableplayerscsv?contestTypeId=9&draftGroupId=153590,153590,9,Selected largest-prize regular Classic MLB draft group after excluding Turbo/Night/qualifier/satellite/showdown/snake/single-stat slates.,OF,Leody Taveras (44152912),Leody Taveras,44152912,OF,3100,BAL@NYM 09/16/2026 07:10PM ET,09/16/2026 07:10PM ET,BAL,NYM,away,5.6,,,needs_review_new_player,identity_name_team_map,No reviewed normalized-name/team identity alias; do not auto-guess.
2026-09-16,2026-09-16T17:42:43.324112+00:00,2026-09-16,DraftKings official lineup CSV,https://www.draftkings.com/lineup/getavailableplayerscsv?contestTypeId=9&draftGroupId=153590,153590,9,Selected largest-prize regular Classic MLB draft group after excluding Turbo/Night/qualifier/satellite/showdown/snake/single-stat slates.,OF,Daulton Varsho (44152913),Daulton Varsho,44152913,OF,3100,KC@HOU 09/16/2026 08:10PM ET,09/16/2026 08:10PM ET,HOU,KC,home,5.7,662139,Daulton Varsho,needs_review_team_change,identity_name_unique_mlbam,Name maps to one reviewed MLBAM identity but not this DK team; review as team-change/new alias before trusting automation.
2026-09-16,2026-09-16T17:42:43.324112+00:00,2026-09-16,DraftKings official lineup CSV,https://www.draftkings.com/lineup/getavailableplayerscsv?contestTypeId=9&draftGroupId=153590,153590,9,Selected largest-prize regular Classic MLB draft group after excluding Turbo/Night/qualifier/satellite/showdown/snake/single-stat slates.,C,Francisco Alvarez (44152914),Francisco Alvarez,44152914,C,3100,BAL@NYM 09/16/2026 07:10PM ET,09/16/2026 07:10PM ET,NYM,BAL,home,5.6,682626,Francisco Alvarez,mapped,identity_name_team_map,Stable identity seed from old DK-ID map. Pilot join status: matched via normalized_name_team
2026-09-16,2026-09-16T17:42:43.324112+00:00,2026-09-16,DraftKings official lineup CSV,https://www.draftkings.com/lineup/getavailableplayerscsv?contestTypeId=9&draftGroupId=153590,153590,9,Selected largest-prize regular Classic MLB draft group after excluding Turbo/Night/qualifier/satellite/showdown/snake/single-stat slates.,OF,Michael Conforto (44152915),Michael Conforto,44152915,OF,3100,ATL@CHC 09/16/2026 07:40PM ET,09/16/2026 07:40PM ET,CHC,ATL,home,5,624424,Michael Conforto,mapped,identity_name_team_map,Stable identity seed from old DK-ID map. Pilot join status: matched via normalized_name_team
2026-09-16,2026-09-16T17:42:43.324112+00:00,2026-09-16,DraftKings official lineup CSV,https://www.draftkings.com/lineup/getavailableplayerscsv?contestTypeId=9&draftGroupId=153590,153590,9,Selected largest-prize regular Classic MLB draft group after excluding Turbo/Night/qualifier/satellite/showdown/snake/single-stat slates.,OF,Jase Bowen (44152916),Jase Bowen,44152916,OF,3100,SD@COL 09/16/2026 08:40PM ET,09/16/2026 08:40PM ET,SD,COL,away,2,687749,Jase Bowen,mapped,identity_name_team_map,Stable identity seed from old DK-ID map. Pilot join status: matched via normalized_name_team
2026-09-16,2026-09-16T17:42:43.324112+00:00,2026-09-16,DraftKings official lineup CSV,https://www.draftkings.com/lineup/getavailableplayerscsv?contestTypeId=9&draftGroupId=153590,153590,9,Selected largest-prize regular Classic MLB draft group after excluding Turbo/Night/qualifier/satellite/showdown/snake/single-stat slates.,OF,Taylor Ward (44152917),Taylor Ward,44152917,OF,3100,SEA@LAA 09/16/2026 09:38PM ET,09/16/2026 09:38PM ET,SEA,LAA,away,6.2,,,needs_review_new_player,identity_name_team_map,No reviewed normalized-name/team identity alias; do not auto-guess.
2026-09-16,2026-09-16T17:42:43.324112+00:00,2026-09-16,DraftKings official lineup CSV,https://www.draftkings.com/lineup/getavailableplayerscsv?contestTypeId=9&draftGroupId=153590,153590,9,Selected largest-prize regular Classic MLB draft group after excluding Turbo/Night/qualifier/satellite/showdown/snake/single-stat slates.,SS,J.P. Crawford (44152918),J.P. Crawford,44152918,SS,3100,SEA@LAA 09/16/2026 09:38PM ET,09/16/2026 09:38PM ET,SEA,LAA,away,6.3,,,needs_review_new_player,identity_name_team_map,No reviewed normalized-name/team identity alias; do not auto-guess.
2026-09-16,2026-09-16T17:42:43.324112+00:00,2026-09-16,DraftKings official lineup CSV,https://www.draftkings.com/lineup/getavailableplayerscsv?contestTypeId=9&draftGroupId=153590,153590,9,Selected largest-prize regular Classic MLB draft group after excluding Turbo/Night/qualifier/satellite/showdown/snake/single-stat slates.,2B,Jonathan India (44153025),Jonathan India,44153025,2B,3100,KC@HOU 09/16/2026 08:10PM ET,09/16/2026 08:10PM ET,KC,HOU,away,5.4,663697,Jonathan India,mapped,identity_name_team_map,Stable identity seed from old DK-ID map. Pilot join status: matched via normalized_name_team
2026-09-16,2026-09-16T17:42:43.324112+00:00,2026-09-16,DraftKings official lineup CSV,https://www.draftkings.com/lineup/getavailableplayerscsv?contestTypeId=9&draftGroupId=153590,153590,9,Selected largest-prize regular Classic MLB draft group after excluding Turbo/Night/qualifier/satellite/showdown/snake/single-stat slates.,3B/OF,Miguel Andujar (44153026),Miguel Andujar,44153026,3B/OF,3100,SD@COL 09/16/2026 08:40PM ET,09/16/2026 08:40PM ET,SD,COL,away,5.4,609280,Miguel Andujar,mapped,identity_name_team_map,Stable identity seed from old DK-ID map. Pilot join status: matched via normalized_name_team
2026-09-16,2026-09-16T17:42:43.324112+00:00,2026-09-16,DraftKings official lineup CSV,https://www.draftkings.com/lineup/getavailableplayerscsv?contestTypeId=9&draftGroupId=153590,153590,9,Selected largest-prize regular Classic MLB draft group after excluding Turbo/Night/qualifier/satellite/showdown/snake/single-stat slates.,C,Adrian Del Castillo (44153028),Adrian Del Castillo,44153028,C,3100,MIA@ARI 09/16/2026 09:40PM ET,09/16/2026 09:40PM ET,ARI,MIA,home,4.5,,,needs_review_new_player,identity_name_team_map,No reviewed normalized-name/team identity alias; do not auto-guess.
2026-09-16,2026-09-16T17:42:43.324112+00:00,2026-09-16,DraftKings official lineup CSV,https://www.draftkings.com/lineup/getavailableplayerscsv?contestTypeId=9&draftGroupId=153590,153590,9,Selected largest-prize regular Classic MLB draft group after excluding Turbo/Night/qualifier/satellite/showdown/snake/single-stat slates.,C,Danny Jansen (44152919),Danny Jansen,44152919,C,3000,BOS@TEX 09/16/2026 08:05PM ET,09/16/2026 08:05PM ET,TEX,BOS,home,4.9,643376,Danny Jansen,mapped,identity_name_team_map,Stable identity seed from old DK-ID map. Pilot join status: matched via normalized_name_team
2026-09-16,2026-09-16T17:42:43.324112+00:00,2026-09-16,DraftKings official lineup CSV,https://www.draftkings.com/lineup/getavailableplayerscsv?contestTypeId=9&draftGroupId=153590,153590,9,Selected largest-prize regular Classic MLB draft group after excluding Turbo/Night/qualifier/satellite/showdown/snake/single-stat slates.,C,James McCann (44152920),James McCann,44152920,C,3000,MIA@ARI 09/16/2026 09:40PM ET,09/16/2026 09:40PM ET,ARI,MIA,home,5.4,,,needs_review_new_player,identity_name_team_map,No reviewed normalized-name/team identity alias; do not auto-guess.
2026-09-16,2026-09-16T17:42:43.324112+00:00,2026-09-16,DraftKings official lineup CSV,https://www.draftkings.com/lineup/getavailableplayerscsv?contestTypeId=9&draftGroupId=153590,153590,9,Selected largest-prize regular Classic MLB draft group after excluding Turbo/Night/qualifier/satellite/showdown/snake/single-stat slates.,2B/OF,Tyler Tolbert (44152921),Tyler Tolbert,44152921,2B/OF,3000,KC@HOU 09/16/2026 08:10PM ET,09/16/2026 08:10PM ET,KC,HOU,away,4.6,686475,Tyler Tolbert,mapped,identity_name_team_map,Stable identity seed from old DK-ID map. Pilot join status: matched via normalized_name_team
2026-09-16,2026-09-16T17:42:43.324112+00:00,2026-09-16,DraftKings official lineup CSV,https://www.draftkings.com/lineup/getavailableplayerscsv?contestTypeId=9&draftGroupId=153590,153590,9,Selected largest-prize regular Classic MLB draft group after excluding Turbo/Night/qualifier/satellite/showdown/snake/single-stat slates.,OF,Cam Smith (44152923),Cam Smith,44152923,OF,3000,KC@HOU 09/16/2026 08:10PM ET,09/16/2026 08:10PM ET,HOU,KC,home,6,701358,Cam Smith,mapped,identity_name_team_map,Stable identity seed from old DK-ID map. Pilot join status: matched via normalized_name_team
2026-09-16,2026-09-16T17:42:43.324112+00:00,2026-09-16,DraftKings official lineup CSV,https://www.draftkings.com/lineup/getavailableplayerscsv?contestTypeId=9&draftGroupId=153590,153590,9,Selected largest-prize regular Classic MLB draft group after excluding Turbo/Night/qualifier/satellite/showdown/snake/single-stat slates.,OF,Tyrone Taylor (44152924),Tyrone Taylor,44152924,OF,3000,ATL@CHC 09/16/2026 07:40PM ET,09/16/2026 07:40PM ET,CHC,ATL,home,5,621438,Tyrone Taylor,needs_review_team_change,identity_name_unique_mlbam,Name maps to one reviewed MLBAM identity but not this DK team; review as team-change/new alias before trusting automation.
2026-09-16,2026-09-16T17:42:43.324112+00:00,2026-09-16,DraftKings official lineup CSV,https://www.draftkings.com/lineup/getavailableplayerscsv?contestTypeId=9&draftGroupId=153590,153590,9,Selected largest-prize regular Classic MLB draft group after excluding Turbo/Night/qualifier/satellite/showdown/snake/single-stat slates.,3B/SS,Sung-Mun Song (44152925),Sung-Mun Song,44152925,3B/SS,3000,SD@COL 09/16/2026 08:40PM ET,09/16/2026 08:40PM ET,SD,COL,away,3.6,823550,Sung-Mun Song,mapped,identity_name_team_map,Stable identity seed from old DK-ID map. Pilot join status: matched via normalized_name_team
2026-09-16,2026-09-16T17:42:43.324112+00:00,2026-09-16,DraftKings official lineup CSV,https://www.draftkings.com/lineup/getavailableplayerscsv?contestTypeId=9&draftGroupId=153590,153590,9,Selected largest-prize regular Classic MLB draft group after excluding Turbo/Night/qualifier/satellite/showdown/snake/single-stat slates.,1B,Jared Young (44152927),Jared Young,44152927,1B,3000,BAL@NYM 09/16/2026 07:10PM ET,09/16/2026 07:10PM ET,NYM,BAL,home,5.9,676724,Jared Young,mapped,identity_name_team_map,Stable identity seed from old DK-ID map. Pilot join status: matched via normalized_name_team
2026-09-16,2026-09-16T17:42:43.324112+00:00,2026-09-16,DraftKings official lineup CSV,https://www.draftkings.com/lineup/getavailableplayerscsv?contestTypeId=9&draftGroupId=153590,153590,9,Selected largest-prize regular Classic MLB draft group after excluding Turbo/Night/qualifier/satellite/showdown/snake/single-stat slates.,OF,Jesus Sanchez (44153029),Jesus Sanchez,44153029,OF,3000,MIA@ARI 09/16/2026 09:40PM ET,09/16/2026 09:40PM ET,ARI,MIA,home,4.8,660821,Jesús Sánchez,needs_review_team_change,identity_name_unique_mlbam,Name maps to one reviewed MLBAM identity but not this DK team; review as team-change/new alias before trusting automation.
2026-09-16,2026-09-16T17:42:43.324112+00:00,2026-09-16,DraftKings official lineup CSV,https://www.draftkings.com/lineup/getavailableplayerscsv?contestTypeId=9&draftGroupId=153590,153590,9,Selected largest-prize regular Classic MLB draft group after excluding Turbo/Night/qualifier/satellite/showdown/snake/single-stat slates.,1B,Nolan Schanuel (44153030),Nolan Schanuel,44153030,1B,3000,SEA@LAA 09/16/2026 09:38PM ET,09/16/2026 09:38PM ET,LAA,SEA,home,6.5,694384,Nolan Schanuel,mapped,identity_name_team_map,Stable identity seed from old DK-ID map. Pilot join status: matched via normalized_name_team
2026-09-16,2026-09-16T17:42:43.324112+00:00,2026-09-16,DraftKings official lineup CSV,https://www.draftkings.com/lineup/getavailableplayerscsv?contestTypeId=9&draftGroupId=153590,153590,9,Selected largest-prize regular Classic MLB draft group after excluding Turbo/Night/qualifier/satellite/showdown/snake/single-stat slates.,OF,Lane Thomas (44153031),Lane Thomas,44153031,OF,3000,ATL@CHC 09/16/2026 07:40PM ET,09/16/2026 07:40PM ET,ATL,CHC,away,5.3,657041,Lane Thomas,needs_review_team_change,identity_name_unique_mlbam,Name maps to one reviewed MLBAM identity but not this DK team; review as team-change/new alias before trusting automation.
2026-09-16,2026-09-16T17:42:43.324112+00:00,2026-09-16,DraftKings official lineup CSV,https://www.draftkings.com/lineup/getavailableplayerscsv?contestTypeId=9&draftGroupId=153590,153590,9,Selected largest-prize regular Classic MLB draft group after excluding Turbo/Night/qualifier/satellite/showdown/snake/single-stat slates.,2B,Anthony Seigler (44153032),Anthony Seigler,44153032,2B,3000,BOS@TEX 09/16/2026 08:05PM ET,09/16/2026 08:05PM ET,BOS,TEX,away,5.7,,,needs_review_new_player,identity_name_team_map,No reviewed normalized-name/team identity alias; do not auto-guess.
2026-09-16,2026-09-16T17:42:43.324112+00:00,2026-09-16,DraftKings official lineup CSV,https://www.draftkings.com/lineup/getavailableplayerscsv?contestTypeId=9&draftGroupId=153590,153590,9,Selected largest-prize regular Classic MLB draft group after excluding Turbo/Night/qualifier/satellite/showdown/snake/single-stat slates.,1B/C,Moises Ballesteros (44152928),Moises Ballesteros,44152928,C/1B,2900,SEA@LAA 09/16/2026 09:38PM ET,09/16/2026 09:38PM ET,LAA,SEA,home,4.7,694208,Moisés Ballesteros,needs_review_team_change,identity_name_unique_mlbam,Name maps to one reviewed MLBAM identity but not this DK team; review as team-change/new alias before trusting automation.
2026-09-16,2026-09-16T17:42:43.324112+00:00,2026-09-16,DraftKings official lineup CSV,https://www.draftkings.com/lineup/getavailableplayerscsv?contestTypeId=9&draftGroupId=153590,153590,9,Selected largest-prize regular Classic MLB draft group after excluding Turbo/Night/qualifier/satellite/showdown/snake/single-stat slates.,2B/OF,Jeremiah Jackson (44152930),Jeremiah Jackson,44152930,2B/OF,2900,BAL@NYM 09/16/2026 07:10PM ET,09/16/2026 07:10PM ET,BAL,NYM,away,4.4,,,needs_review_new_player,identity_name_team_map,No reviewed normalized-name/team identity alias; do not auto-guess.
2026-09-16,2026-09-16T17:42:43.324112+00:00,2026-09-16,DraftKings official lineup CSV,https://www.draftkings.com/lineup/getavailableplayerscsv?contestTypeId=9&draftGroupId=153590,153590,9,Selected largest-prize regular Classic MLB draft group after excluding Turbo/Night/qualifier/satellite/showdown/snake/single-stat slates.,2B,Michael Massey (44152932),Michael Massey,44152932,2B,2900,KC@HOU 09/16/2026 08:10PM ET,09/16/2026 08:10PM ET,KC,HOU,away,5.6,686681,Michael Massey,mapped,identity_name_team_map,Stable identity seed from old DK-ID map. Pilot join status: matched via normalized_name_team
2026-09-16,2026-09-16T17:42:43.324112+00:00,2026-09-16,DraftKings official lineup CSV,https://www.draftkings.com/lineup/getavailableplayerscsv?contestTypeId=9&draftGroupId=153590,153590,9,Selected largest-prize regular Classic MLB draft group after excluding Turbo/Night/qualifier/satellite/showdown/snake/single-stat slates.,OF,Taylor Trammell (44152933),Taylor Trammell,44152933,OF,2900,KC@HOU 09/16/2026 08:10PM ET,09/16/2026 08:10PM ET,HOU,KC,home,4.4,666211,Taylor Trammell,mapped,identity_name_team_map,Stable identity seed from old DK-ID map. Pilot join status: matched via normalized_name_team
2026-09-16,2026-09-16T17:42:43.324112+00:00,2026-09-16,DraftKings official lineup CSV,https://www.draftkings.com/lineup/getavailableplayerscsv?contestTypeId=9&draftGroupId=153590,153590,9,Selected largest-prize regular Classic MLB draft group after excluding Turbo/Night/qualifier/satellite/showdown/snake/single-stat slates.,3B,Denzer Guzman (44152934),Denzer Guzman,44152934,3B,2900,SEA@LAA 09/16/2026 09:38PM ET,09/16/2026 09:38PM ET,LAA,SEA,home,4.9,694203,Denzer Guzman,mapped,identity_name_team_map,Stable identity seed from old DK-ID map. Pilot join status: matched via normalized_name_team
2026-09-16,2026-09-16T17:42:43.324112+00:00,2026-09-16,DraftKings official lineup CSV,https://www.draftkings.com/lineup/getavailableplayerscsv?contestTypeId=9&draftGroupId=153590,153590,9,Selected largest-prize regular Classic MLB draft group after excluding Turbo/Night/qualifier/satellite/showdown/snake/single-stat slates.,OF,Jordan Lawlar (44152935),Jordan Lawlar,44152935,OF,2900,MIA@ARI 09/16/2026 09:40PM ET,09/16/2026 09:40PM ET,ARI,MIA,home,6.4,,,needs_review_new_player,identity_name_team_map,No reviewed normalized-name/team identity alias; do not auto-guess.
2026-09-16,2026-09-16T17:42:43.324112+00:00,2026-09-16,DraftKings official lineup CSV,https://www.draftkings.com/lineup/getavailableplayerscsv?contestTypeId=9&draftGroupId=153590,153590,9,Selected largest-prize regular Classic MLB draft group after excluding Turbo/Night/qualifier/satellite/showdown/snake/single-stat slates.,3B,Weston Wilson (44152936),Weston Wilson,44152936,3B,2900,SEA@LAA 09/16/2026 09:38PM ET,09/16/2026 09:38PM ET,SEA,LAA,away,4.1,,,needs_review_new_player,identity_name_team_map,No reviewed normalized-name/team identity alias; do not auto-guess.
2026-09-16,2026-09-16T17:42:43.324112+00:00,2026-09-16,DraftKings official lineup CSV,https://www.draftkings.com/lineup/getavailableplayerscsv?contestTypeId=9&draftGroupId=153590,153590,9,Selected largest-prize regular Classic MLB draft group after excluding Turbo/Night/qualifier/satellite/showdown/snake/single-stat slates.,SS,Andruw Monasterio (44152937),Andruw Monasterio,44152937,SS,2900,BOS@TEX 09/16/2026 08:05PM ET,09/16/2026 08:05PM ET,BOS,TEX,away,5.2,,,needs_review_new_player,identity_name_team_map,No reviewed normalized-name/team identity alias; do not auto-guess.
2026-09-16,2026-09-16T17:42:43.324112+00:00,2026-09-16,DraftKings official lineup CSV,https://www.draftkings.com/lineup/getavailableplayerscsv?contestTypeId=9&draftGroupId=153590,153590,9,Selected largest-prize regular Classic MLB draft group after excluding Turbo/Night/qualifier/satellite/showdown/snake/single-stat slates.,OF,Owen Caissie (44153033),Owen Caissie,44153033,OF,2900,MIA@ARI 09/16/2026 09:40PM ET,09/16/2026 09:40PM ET,MIA,ARI,away,5.7,683357,Owen Caissie,mapped,identity_name_team_map,Proposed from review candidates; basis=exact normalized name + team; role-compatible; statcast_batter_des_2026; confidence=high; sources=statcast_batter_des_2026
2026-09-16,2026-09-16T17:42:43.324112+00:00,2026-09-16,DraftKings official lineup CSV,https://www.draftkings.com/lineup/getavailableplayerscsv?contestTypeId=9&draftGroupId=153590,153590,9,Selected largest-prize regular Classic MLB draft group after excluding Turbo/Night/qualifier/satellite/showdown/snake/single-stat slates.,2B/3B,Gage Workman (44153034),Gage Workman,44153034,2B/3B,2900,SD@COL 09/16/2026 08:40PM ET,09/16/2026 08:40PM ET,SD,COL,away,3.6,669398,Gage Workman,needs_review_team_change,identity_name_unique_mlbam,Name maps to one reviewed MLBAM identity but not this DK team; review as team-change/new alias before trusting automation.
2026-09-16,2026-09-16T17:42:43.324112+00:00,2026-09-16,DraftKings official lineup CSV,https://www.draftkings.com/lineup/getavailableplayerscsv?contestTypeId=9&draftGroupId=153590,153590,9,Selected largest-prize regular Classic MLB draft group after excluding Turbo/Night/qualifier/satellite/showdown/snake/single-stat slates.,OF,Luke Raley (44153036),Luke Raley,44153036,OF,2900,SEA@LAA 09/16/2026 09:38PM ET,09/16/2026 09:38PM ET,SEA,LAA,away,5.1,,,needs_review_new_player,identity_name_team_map,No reviewed normalized-name/team identity alias; do not auto-guess.
2026-09-16,2026-09-16T17:42:43.324112+00:00,2026-09-16,DraftKings official lineup CSV,https://www.draftkings.com/lineup/getavailableplayerscsv?contestTypeId=9&draftGroupId=153590,153590,9,Selected largest-prize regular Classic MLB draft group after excluding Turbo/Night/qualifier/satellite/showdown/snake/single-stat slates.,SS,Ezequiel Tovar (44152938),Ezequiel Tovar,44152938,SS,2800,SD@COL 09/16/2026 08:40PM ET,09/16/2026 08:40PM ET,COL,SD,home,5,678662,Ezequiel Tovar,mapped,identity_name_team_map,Stable identity seed from old DK-ID map. Pilot join status: matched via normalized_name_team
2026-09-16,2026-09-16T17:42:43.324112+00:00,2026-09-16,DraftKings official lineup CSV,https://www.draftkings.com/lineup/getavailableplayerscsv?contestTypeId=9&draftGroupId=153590,153590,9,Selected largest-prize regular Classic MLB draft group after excluding Turbo/Night/qualifier/satellite/showdown/snake/single-stat slates.,2B/OF,Matt Shaw (44152939),Matt Shaw,44152939,2B/OF,2800,ATL@CHC 09/16/2026 07:40PM ET,09/16/2026 07:40PM ET,CHC,ATL,home,4.8,807713,Matt Shaw,mapped,identity_name_team_map,Stable identity seed from old DK-ID map. Pilot join status: matched via normalized_name_team
2026-09-16,2026-09-16T17:42:43.324112+00:00,2026-09-16,DraftKings official lineup CSV,https://www.draftkings.com/lineup/getavailableplayerscsv?contestTypeId=9&draftGroupId=153590,153590,9,Selected largest-prize regular Classic MLB draft group after excluding Turbo/Night/qualifier/satellite/showdown/snake/single-stat slates.,1B/2B,Brett Baty (44152941),Brett Baty,44152941,1B/2B,2800,BAL@NYM 09/16/2026 07:10PM ET,09/16/2026 07:10PM ET,NYM,BAL,home,5.2,683146,Brett Baty,mapped,identity_name_team_map,Stable identity seed from old DK-ID map. Pilot join status: matched via normalized_name_team
2026-09-16,2026-09-16T17:42:43.324112+00:00,2026-09-16,DraftKings official lineup CSV,https://www.draftkings.com/lineup/getavailableplayerscsv?contestTypeId=9&draftGroupId=153590,153590,9,Selected largest-prize regular Classic MLB draft group after excluding Turbo/Night/qualifier/satellite/showdown/snake/single-stat slates.,1B/OF,Dominic Smith (44152943),Dominic Smith,44152943,1B/OF,2800,ATL@CHC 09/16/2026 07:40PM ET,09/16/2026 07:40PM ET,ATL,CHC,away,4.6,642086,Dominic Smith,mapped,identity_name_team_map,Stable identity seed from old DK-ID map. Pilot join status: matched via normalized_name_team
2026-09-16,2026-09-16T17:42:43.324112+00:00,2026-09-16,DraftKings official lineup CSV,https://www.draftkings.com/lineup/getavailableplayerscsv?contestTypeId=9&draftGroupId=153590,153590,9,Selected largest-prize regular Classic MLB draft group after excluding Turbo/Night/qualifier/satellite/showdown/snake/single-stat slates.,C,Yohel Pozo (44152945),Yohel Pozo,44152945,C,2800,BAL@NYM 09/16/2026 07:10PM ET,09/16/2026 07:10PM ET,BAL,NYM,away,2.2,650968,Yohel Pozo,needs_review_team_change,identity_name_unique_mlbam,Name maps to one reviewed MLBAM identity but not this DK team; review as team-change/new alias before trusting automation.
2026-09-16,2026-09-16T17:42:43.324112+00:00,2026-09-16,DraftKings official lineup CSV,https://www.draftkings.com/lineup/getavailableplayerscsv?contestTypeId=9&draftGroupId=153590,153590,9,Selected largest-prize regular Classic MLB draft group after excluding Turbo/Night/qualifier/satellite/showdown/snake/single-stat slates.,C,Miguel Amaya (44152946),Miguel Amaya,44152946,C,2800,ATL@CHC 09/16/2026 07:40PM ET,09/16/2026 07:40PM ET,CHC,ATL,home,5,665804,Miguel Amaya,mapped,identity_name_team_map,Stable identity seed from old DK-ID map. Pilot join status: matched via normalized_name_team
2026-09-16,2026-09-16T17:42:43.324112+00:00,2026-09-16,DraftKings official lineup CSV,https://www.draftkings.com/lineup/getavailableplayerscsv?contestTypeId=9&draftGroupId=153590,153590,9,Selected largest-prize regular Classic MLB draft group after excluding Turbo/Night/qualifier/satellite/showdown/snake/single-stat slates.,3B,Graham Pauley (44152947),Graham Pauley,44152947,3B,2800,MIA@ARI 09/16/2026 09:40PM ET,09/16/2026 09:40PM ET,MIA,ARI,away,4.3,688363,Graham Pauley,mapped,identity_name_team_map,Proposed from review candidates; basis=exact normalized name + team; role-compatible; statcast_batter_des_2026; confidence=high; sources=statcast_batter_des_2026
2026-09-16,2026-09-16T17:42:43.324112+00:00,2026-09-16,DraftKings official lineup CSV,https://www.draftkings.com/lineup/getavailableplayerscsv?contestTypeId=9&draftGroupId=153590,153590,9,Selected largest-prize regular Classic MLB draft group after excluding Turbo/Night/qualifier/satellite/showdown/snake/single-stat slates.,OF,Jordan Beck (44152948),Jordan Beck,44152948,OF,2800,SD@COL 09/16/2026 08:40PM ET,09/16/2026 08:40PM ET,COL,SD,home,3.7,687597,Jordan Beck,mapped,identity_name_team_map,Stable identity seed from old DK-ID map. Pilot join status: matched via normalized_name_team
2026-09-16,2026-09-16T17:42:43.324112+00:00,2026-09-16,DraftKings official lineup CSV,https://www.draftkings.com/lineup/getavailableplayerscsv?contestTypeId=9&draftGroupId=153590,153590,9,Selected largest-prize regular Classic MLB draft group after excluding Turbo/Night/qualifier/satellite/showdown/snake/single-stat slates.,2B/3B,Blaze Alexander (44153037),Blaze Alexander,44153037,2B/3B,2800,BAL@NYM 09/16/2026 07:10PM ET,09/16/2026 07:10PM ET,BAL,NYM,away,5.7,,,needs_review_new_player,identity_name_team_map,No reviewed normalized-name/team identity alias; do not auto-guess.
2026-09-16,2026-09-16T17:42:43.324112+00:00,2026-09-16,DraftKings official lineup CSV,https://www.draftkings.com/lineup/getavailableplayerscsv?contestTypeId=9&draftGroupId=153590,153590,9,Selected largest-prize regular Classic MLB draft group after excluding Turbo/Night/qualifier/satellite/showdown/snake/single-stat slates.,3B,Brendan Donovan (44153039),Brendan Donovan,44153039,3B,2800,SEA@LAA 09/16/2026 09:38PM ET,09/16/2026 09:38PM ET,SEA,LAA,away,6.5,,,needs_review_new_player,identity_name_team_map,No reviewed normalized-name/team identity alias; do not auto-guess.
2026-09-16,2026-09-16T17:42:43.324112+00:00,2026-09-16,DraftKings official lineup CSV,https://www.draftkings.com/lineup/getavailableplayerscsv?contestTypeId=9&draftGroupId=153590,153590,9,Selected largest-prize regular Classic MLB draft group after excluding Turbo/Night/qualifier/satellite/showdown/snake/single-stat slates.,OF,Masataka Yoshida (44153040),Masataka Yoshida,44153040,OF,2800,BOS@TEX 09/16/2026 08:05PM ET,09/16/2026 08:05PM ET,BOS,TEX,away,5.6,,,needs_review_new_player,identity_name_team_map,No reviewed normalized-name/team identity alias; do not auto-guess.
2026-09-16,2026-09-16T17:42:43.324112+00:00,2026-09-16,DraftKings official lineup CSV,https://www.draftkings.com/lineup/getavailableplayerscsv?contestTypeId=9&draftGroupId=153590,153590,9,Selected largest-prize regular Classic MLB draft group after excluding Turbo/Night/qualifier/satellite/showdown/snake/single-stat slates.,2B,Michael Arroyo (44152949),Michael Arroyo,44152949,2B,2700,SEA@LAA 09/16/2026 09:38PM ET,09/16/2026 09:38PM ET,SEA,LAA,away,7.7,,,needs_review_new_player,identity_name_team_map,No reviewed normalized-name/team identity alias; do not auto-guess.
2026-09-16,2026-09-16T17:42:43.324112+00:00,2026-09-16,DraftKings official lineup CSV,https://www.draftkings.com/lineup/getavailableplayerscsv?contestTypeId=9&draftGroupId=153590,153590,9,Selected largest-prize regular Classic MLB draft group after excluding Turbo/Night/qualifier/satellite/showdown/snake/single-stat slates.,2B/3B,Nick Loftin (44152950),Nick Loftin,44152950,2B/3B,2700,KC@HOU 09/16/2026 08:10PM ET,09/16/2026 08:10PM ET,KC,HOU,away,5.6,679845,Nick Loftin,mapped,identity_name_team_map,Stable identity seed from old DK-ID map. Pilot join status: matched via normalized_name_team
2026-09-16,2026-09-16T17:42:43.324112+00:00,2026-09-16,DraftKings official lineup CSV,https://www.draftkings.com/lineup/getavailableplayerscsv?contestTypeId=9&draftGroupId=153590,153590,9,Selected largest-prize regular Classic MLB draft group after excluding Turbo/Night/qualifier/satellite/showdown/snake/single-stat slates.,1B/OF,LaMonte Wade Jr. (44152952),LaMonte Wade Jr.,44152952,1B/OF,2700,KC@HOU 09/16/2026 08:10PM ET,09/16/2026 08:10PM ET,HOU,KC,home,4.1,664774,LaMonte Wade Jr.,mapped,identity_name_team_map,Stable identity seed from old DK-ID map. Pilot join status: matched via normalized_name_team
2026-09-16,2026-09-16T17:42:43.324112+00:00,2026-09-16,DraftKings official lineup CSV,https://www.draftkings.com/lineup/getavailableplayerscsv?contestTypeId=9&draftGroupId=153590,153590,9,Selected largest-prize regular Classic MLB draft group after excluding Turbo/Night/qualifier/satellite/showdown/snake/single-stat slates.,OF,Josh Lowe (44152954),Josh Lowe,44152954,OF,2700,SEA@LAA 09/16/2026 09:38PM ET,09/16/2026 09:38PM ET,LAA,SEA,home,4.7,666139,Josh Lowe,mapped,identity_name_team_map,Stable identity seed from old DK-ID map. Pilot join status: matched via normalized_name_team
2026-09-16,2026-09-16T17:42:43.324112+00:00,2026-09-16,DraftKings official lineup CSV,https://www.draftkings.com/lineup/getavailableplayerscsv?contestTypeId=9&draftGroupId=153590,153590,9,Selected largest-prize regular Classic MLB draft group after excluding Turbo/Night/qualifier/satellite/showdown/snake/single-stat slates.,OF,Lars Nootbaar (44152955),Lars Nootbaar,44152955,OF,2700,MIA@ARI 09/16/2026 09:40PM ET,09/16/2026 09:40PM ET,ARI,MIA,home,5.9,663457,Lars Nootbaar,needs_review_team_change,identity_name_unique_mlbam,Name maps to one reviewed MLBAM identity but not this DK team; review as team-change/new alias before trusting automation.
2026-09-16,2026-09-16T17:42:43.324112+00:00,2026-09-16,DraftKings official lineup CSV,https://www.draftkings.com/lineup/getavailableplayerscsv?contestTypeId=9&draftGroupId=153590,153590,9,Selected largest-prize regular Classic MLB draft group after excluding Turbo/Night/qualifier/satellite/showdown/snake/single-stat slates.,C,Sean Murphy (44152956),Sean Murphy,44152956,C,2700,ATL@CHC 09/16/2026 07:40PM ET,09/16/2026 07:40PM ET,ATL,CHC,away,5.3,669221,Sean Murphy,mapped,identity_name_team_map,Stable identity seed from old DK-ID map. Pilot join status: matched via normalized_name_team
2026-09-16,2026-09-16T17:42:43.324112+00:00,2026-09-16,DraftKings official lineup CSV,https://www.draftkings.com/lineup/getavailableplayerscsv?contestTypeId=9&draftGroupId=153590,153590,9,Selected largest-prize regular Classic MLB draft group after excluding Turbo/Night/qualifier/satellite/showdown/snake/single-stat slates.,OF,Nate Eaton (44152957),Nate Eaton,44152957,OF,2700,BOS@TEX 09/16/2026 08:05PM ET,09/16/2026 08:05PM ET,BOS,TEX,away,4,,,needs_review_new_player,identity_name_team_map,No reviewed normalized-name/team identity alias; do not auto-guess.
2026-09-16,2026-09-16T17:42:43.324112+00:00,2026-09-16,DraftKings official lineup CSV,https://www.draftkings.com/lineup/getavailableplayerscsv?contestTypeId=9&draftGroupId=153590,153590,9,Selected largest-prize regular Classic MLB draft group after excluding Turbo/Night/qualifier/satellite/showdown/snake/single-stat slates.,2B/SS,Mason McCoy (44153041),Mason McCoy,44153041,2B/SS,2700,SD@COL 09/16/2026 08:40PM ET,09/16/2026 08:40PM ET,SD,COL,away,0,669200,Mason McCoy,mapped,identity_name_team_map,Stable identity seed from old DK-ID map. Pilot join status: matched_people_search_name via mlb_people_search_normalized_name
2026-09-16,2026-09-16T17:42:43.324112+00:00,2026-09-16,DraftKings official lineup CSV,https://www.draftkings.com/lineup/getavailableplayerscsv?contestTypeId=9&draftGroupId=153590,153590,9,Selected largest-prize regular Classic MLB draft group after excluding Turbo/Night/qualifier/satellite/showdown/snake/single-stat slates.,1B,Tyler Locklear (44153043),Tyler Locklear,44153043,1B,2700,MIA@ARI 09/16/2026 09:40PM ET,09/16/2026 09:40PM ET,ARI,MIA,home,5.7,,,needs_review_new_player,identity_name_team_map,No reviewed normalized-name/team identity alias; do not auto-guess.
2026-09-16,2026-09-16T17:42:43.324112+00:00,2026-09-16,DraftKings official lineup CSV,https://www.draftkings.com/lineup/getavailableplayerscsv?contestTypeId=9&draftGroupId=153590,153590,9,Selected largest-prize regular Classic MLB draft group after excluding Turbo/Night/qualifier/satellite/showdown/snake/single-stat slates.,SS,Colt Emerson (44153044),Colt Emerson,44153044,SS,2700,SEA@LAA 09/16/2026 09:38PM ET,09/16/2026 09:38PM ET,SEA,LAA,away,5,,,needs_review_new_player,identity_name_team_map,No reviewed normalized-name/team identity alias; do not auto-guess.
2026-09-16,2026-09-16T17:42:43.324112+00:00,2026-09-16,DraftKings official lineup CSV,https://www.draftkings.com/lineup/getavailableplayerscsv?contestTypeId=9&draftGroupId=153590,153590,9,Selected largest-prize regular Classic MLB draft group after excluding Turbo/Night/qualifier/satellite/showdown/snake/single-stat slates.,C,Joe Mack (44152958),Joe Mack,44152958,C,2600,MIA@ARI 09/16/2026 09:40PM ET,09/16/2026 09:40PM ET,MIA,ARI,away,5.3,691788,Joe Mack,mapped,identity_name_team_map,Proposed from review candidates; basis=exact normalized name + team; role-compatible; statcast_batter_des_2026; confidence=high; sources=statcast_batter_des_2026
2026-09-16,2026-09-16T17:42:43.324112+00:00,2026-09-16,DraftKings official lineup CSV,https://www.draftkings.com/lineup/getavailableplayerscsv?contestTypeId=9&draftGroupId=153590,153590,9,Selected largest-prize regular Classic MLB draft group after excluding Turbo/Night/qualifier/satellite/showdown/snake/single-stat slates.,OF,Isaac Collins (44152959),Isaac Collins,44152959,OF,2600,KC@HOU 09/16/2026 08:10PM ET,09/16/2026 08:10PM ET,KC,HOU,away,5.3,686555,Isaac Collins,mapped,identity_name_team_map,Stable identity seed from old DK-ID map. Pilot join status: matched via normalized_name_team
2026-09-16,2026-09-16T17:42:43.324112+00:00,2026-09-16,DraftKings official lineup CSV,https://www.draftkings.com/lineup/getavailableplayerscsv?contestTypeId=9&draftGroupId=153590,153590,9,Selected largest-prize regular Classic MLB draft group after excluding Turbo/Night/qualifier/satellite/showdown/snake/single-stat slates.,OF,Rece Hinds (44152960),Rece Hinds,44152960,OF,2600,BAL@NYM 09/16/2026 07:10PM ET,09/16/2026 07:10PM ET,BAL,NYM,away,2.8,,,needs_review_new_player,identity_name_team_map,No reviewed normalized-name/team identity alias; do not auto-guess.
2026-09-16,2026-09-16T17:42:43.324112+00:00,2026-09-16,DraftKings official lineup CSV,https://www.draftkings.com/lineup/getavailableplayerscsv?contestTypeId=9&draftGroupId=153590,153590,9,Selected largest-prize regular Classic MLB draft group after excluding Turbo/Night/qualifier/satellite/showdown/snake/single-stat slates.,3B,Cody Freeman (44152961),Cody Freeman,44152961,3B,2600,BOS@TEX 09/16/2026 08:05PM ET,09/16/2026 08:05PM ET,TEX,BOS,home,3.8,683227,Cody Freeman,mapped,identity_name_team_map,Stable identity seed from old DK-ID map. Pilot join status: matched via normalized_name_team
2026-09-16,2026-09-16T17:42:43.324112+00:00,2026-09-16,DraftKings official lineup CSV,https://www.draftkings.com/lineup/getavailableplayerscsv?contestTypeId=9&draftGroupId=153590,153590,9,Selected largest-prize regular Classic MLB draft group after excluding Turbo/Night/qualifier/satellite/showdown/snake/single-stat slates.,2B/3B,Gabriel Arias (44152962),Gabriel Arias,44152962,2B/3B,2600,ATL@CHC 09/16/2026 07:40PM ET,09/16/2026 07:40PM ET,CHC,ATL,home,4.7,,,needs_review_new_player,identity_name_team_map,No reviewed normalized-name/team identity alias; do not auto-guess.
2026-09-16,2026-09-16T17:42:43.324112+00:00,2026-09-16,DraftKings official lineup CSV,https://www.draftkings.com/lineup/getavailableplayerscsv?contestTypeId=9&draftGroupId=153590,153590,9,Selected largest-prize regular Classic MLB draft group after excluding Turbo/Night/qualifier/satellite/showdown/snake/single-stat slates.,OF,Tommy Troy (44152964),Tommy Troy,44152964,OF,2600,MIA@ARI 09/16/2026 09:40PM ET,09/16/2026 09:40PM ET,ARI,MIA,home,4.8,,,needs_review_new_player,identity_name_team_map,No reviewed normalized-name/team identity alias; do not auto-guess.
2026-09-16,2026-09-16T17:42:43.324112+00:00,2026-09-16,DraftKings official lineup CSV,https://www.draftkings.com/lineup/getavailableplayerscsv?contestTypeId=9&draftGroupId=153590,153590,9,Selected largest-prize regular Classic MLB draft group after excluding Turbo/Night/qualifier/satellite/showdown/snake/single-stat slates.,2B,Jared Serna (44152965),Jared Serna,44152965,2B,2600,MIA@ARI 09/16/2026 09:40PM ET,09/16/2026 09:40PM ET,MIA,ARI,away,2.8,,,needs_review_new_player,identity_name_team_map,No reviewed normalized-name/team identity alias; do not auto-guess.
2026-09-16,2026-09-16T17:42:43.324112+00:00,2026-09-16,DraftKings official lineup CSV,https://www.draftkings.com/lineup/getavailableplayerscsv?contestTypeId=9&draftGroupId=153590,153590,9,Selected largest-prize regular Classic MLB draft group after excluding Turbo/Night/qualifier/satellite/showdown/snake/single-stat slates.,OF,Victor Robles (44152966),Victor Robles,44152966,OF,2600,SEA@LAA 09/16/2026 09:38PM ET,09/16/2026 09:38PM ET,SEA,LAA,away,3.6,,,needs_review_new_player,identity_name_team_map,No reviewed normalized-name/team identity alias; do not auto-guess.
2026-09-16,2026-09-16T17:42:43.324112+00:00,2026-09-16,DraftKings official lineup CSV,https://www.draftkings.com/lineup/getavailableplayerscsv?contestTypeId=9&draftGroupId=153590,153590,9,Selected largest-prize regular Classic MLB draft group after excluding Turbo/Night/qualifier/satellite/showdown/snake/single-stat slates.,OF,Tyler O'Neill (44153045),Tyler O'Neill,44153045,OF,2600,BAL@NYM 09/16/2026 07:10PM ET,09/16/2026 07:10PM ET,BAL,NYM,away,4.8,,,needs_review_new_player,identity_name_team_map,No reviewed normalized-name/team identity alias; do not auto-guess.
2026-09-16,2026-09-16T17:42:43.324112+00:00,2026-09-16,DraftKings official lineup CSV,https://www.draftkings.com/lineup/getavailableplayerscsv?contestTypeId=9&draftGroupId=153590,153590,9,Selected largest-prize regular Classic MLB draft group after excluding Turbo/Night/qualifier/satellite/showdown/snake/single-stat slates.,OF,Gustavo Campero (44153046),Gustavo Campero,44153046,OF,2600,SEA@LAA 09/16/2026 09:38PM ET,09/16/2026 09:38PM ET,LAA,SEA,home,4.5,672569,Gustavo Campero,mapped,identity_name_team_map,Stable identity seed from old DK-ID map. Pilot join status: matched_people_search_name via mlb_people_search_normalized_name
2026-09-16,2026-09-16T17:42:43.324112+00:00,2026-09-16,DraftKings official lineup CSV,https://www.draftkings.com/lineup/getavailableplayerscsv?contestTypeId=9&draftGroupId=153590,153590,9,Selected largest-prize regular Classic MLB draft group after excluding Turbo/Night/qualifier/satellite/showdown/snake/single-stat slates.,2B/3B,Will Wilson (44153047),Will Wilson,44153047,2B/3B,2600,SEA@LAA 09/16/2026 09:38PM ET,09/16/2026 09:38PM ET,SEA,LAA,away,9,,,needs_review_new_player,identity_name_team_map,No reviewed normalized-name/team identity alias; do not auto-guess.
2026-09-16,2026-09-16T17:42:43.324112+00:00,2026-09-16,DraftKings official lineup CSV,https://www.draftkings.com/lineup/getavailableplayerscsv?contestTypeId=9&draftGroupId=153590,153590,9,Selected largest-prize regular Classic MLB draft group after excluding Turbo/Night/qualifier/satellite/showdown/snake/single-stat slates.,C,Braxton Fulford (44153049),Braxton Fulford,44153049,C,2600,SD@COL 09/16/2026 08:40PM ET,09/16/2026 08:40PM ET,COL,SD,home,2.9,690924,Braxton Fulford,mapped,identity_name_team_map,Stable identity seed from old DK-ID map. Pilot join status: matched via normalized_name_team
2026-09-16,2026-09-16T17:42:43.324112+00:00,2026-09-16,DraftKings official lineup CSV,https://www.draftkings.com/lineup/getavailableplayerscsv?contestTypeId=9&draftGroupId=153590,153590,9,Selected largest-prize regular Classic MLB draft group after excluding Turbo/Night/qualifier/satellite/showdown/snake/single-stat slates.,C,Luis Torrens (44152967),Luis Torrens,44152967,C,2500,BAL@NYM 09/16/2026 07:10PM ET,09/16/2026 07:10PM ET,NYM,BAL,home,5.3,620443,Luis Torrens,mapped,identity_name_team_map,Stable identity seed from old DK-ID map. Pilot join status: matched via normalized_name_team
2026-09-16,2026-09-16T17:42:43.324112+00:00,2026-09-16,DraftKings official lineup CSV,https://www.draftkings.com/lineup/getavailableplayerscsv?contestTypeId=9&draftGroupId=153590,153590,9,Selected largest-prize regular Classic MLB draft group after excluding Turbo/Night/qualifier/satellite/showdown/snake/single-stat slates.,OF,Nelson Velazquez (44152968),Nelson Velazquez,44152968,OF,2500,KC@HOU 09/16/2026 08:10PM ET,09/16/2026 08:10PM ET,HOU,KC,home,4,676369,Nelson Velázquez,needs_review_team_change,identity_name_unique_mlbam,Name maps to one reviewed MLBAM identity but not this DK team; review as team-change/new alias before trusting automation.
2026-09-16,2026-09-16T17:42:43.324112+00:00,2026-09-16,DraftKings official lineup CSV,https://www.draftkings.com/lineup/getavailableplayerscsv?contestTypeId=9&draftGroupId=153590,153590,9,Selected largest-prize regular Classic MLB draft group after excluding Turbo/Night/qualifier/satellite/showdown/snake/single-stat slates.,OF,Colton Cowser (44152969),Colton Cowser,44152969,OF,2500,BAL@NYM 09/16/2026 07:10PM ET,09/16/2026 07:10PM ET,BAL,NYM,away,4.5,,,needs_review_new_player,identity_name_team_map,No reviewed normalized-name/team identity alias; do not auto-guess.
2026-09-16,2026-09-16T17:42:43.324112+00:00,2026-09-16,DraftKings official lineup CSV,https://www.draftkings.com/lineup/getavailableplayerscsv?contestTypeId=9&draftGroupId=153590,153590,9,Selected largest-prize regular Classic MLB draft group after excluding Turbo/Night/qualifier/satellite/showdown/snake/single-stat slates.,2B,Adam Frazier (44152970),Adam Frazier,44152970,2B,2500,SEA@LAA 09/16/2026 09:38PM ET,09/16/2026 09:38PM ET,LAA,SEA,home,3.2,624428,Adam Frazier,mapped,identity_name_team_map,Stable identity seed from old DK-ID map. Pilot join status: matched via normalized_name_team
2026-09-16,2026-09-16T17:42:43.324112+00:00,2026-09-16,DraftKings official lineup CSV,https://www.draftkings.com/lineup/getavailableplayerscsv?contestTypeId=9&draftGroupId=153590,153590,9,Selected largest-prize regular Classic MLB draft group after excluding Turbo/Night/qualifier/satellite/showdown/snake/single-stat slates.,OF,Kyle Isbel (44152971),Kyle Isbel,44152971,OF,2500,KC@HOU 09/16/2026 08:10PM ET,09/16/2026 08:10PM ET,KC,HOU,away,4.7,664728,Kyle Isbel,mapped,identity_name_team_map,Stable identity seed from old DK-ID map. Pilot join status: matched via normalized_name_team
2026-09-16,2026-09-16T17:42:43.324112+00:00,2026-09-16,DraftKings official lineup CSV,https://www.draftkings.com/lineup/getavailableplayerscsv?contestTypeId=9&draftGroupId=153590,153590,9,Selected largest-prize regular Classic MLB draft group after excluding Turbo/Night/qualifier/satellite/showdown/snake/single-stat slates.,OF,Mike Yastrzemski (44152972),Mike Yastrzemski,44152972,OF,2500,ATL@CHC 09/16/2026 07:40PM ET,09/16/2026 07:40PM ET,ATL,CHC,away,4.6,573262,Mike Yastrzemski,mapped,identity_name_team_map,Stable identity seed from old DK-ID map. Pilot join status: matched via normalized_name_team
2026-09-16,2026-09-16T17:42:43.324112+00:00,2026-09-16,DraftKings official lineup CSV,https://www.draftkings.com/lineup/getavailableplayerscsv?contestTypeId=9&draftGroupId=153590,153590,9,Selected largest-prize regular Classic MLB draft group after excluding Turbo/Night/qualifier/satellite/showdown/snake/single-stat slates.,OF,Ryan Waldschmidt (44152973),Ryan Waldschmidt,44152973,OF,2500,MIA@ARI 09/16/2026 09:40PM ET,09/16/2026 09:40PM ET,ARI,MIA,home,5.5,,,needs_review_new_player,identity_name_team_map,No reviewed normalized-name/team identity alias; do not auto-guess.
2026-09-16,2026-09-16T17:42:43.324112+00:00,2026-09-16,DraftKings official lineup CSV,https://www.draftkings.com/lineup/getavailableplayerscsv?contestTypeId=9&draftGroupId=153590,153590,9,Selected largest-prize regular Classic MLB draft group after excluding Turbo/Night/qualifier/satellite/showdown/snake/single-stat slates.,C,Jhonny Pereda (44152974),Jhonny Pereda,44152974,C,2500,SEA@LAA 09/16/2026 09:38PM ET,09/16/2026 09:38PM ET,SEA,LAA,away,5,,,needs_review_new_player,identity_name_team_map,No reviewed normalized-name/team identity alias; do not auto-guess.
2026-09-16,2026-09-16T17:42:43.324112+00:00,2026-09-16,DraftKings official lineup CSV,https://www.draftkings.com/lineup/getavailableplayerscsv?contestTypeId=9&draftGroupId=153590,153590,9,Selected largest-prize regular Classic MLB draft group after excluding Turbo/Night/qualifier/satellite/showdown/snake/single-stat slates.,3B,Vimael Machin (44152975),Vimael Machin,44152975,3B,2500,SD@COL 09/16/2026 08:40PM ET,09/16/2026 08:40PM ET,COL,SD,home,3,,,needs_review_new_player,identity_name_team_map,No reviewed normalized-name/team identity alias; do not auto-guess.
2026-09-16,2026-09-16T17:42:43.324112+00:00,2026-09-16,DraftKings official lineup CSV,https://www.draftkings.com/lineup/getavailableplayerscsv?contestTypeId=9&draftGroupId=153590,153590,9,Selected largest-prize regular Classic MLB draft group after excluding Turbo/Night/qualifier/satellite/showdown/snake/single-stat slates.,2B/SS,Isiah Kiner-Falefa (44152976),Isiah Kiner-Falefa,44152976,2B/SS,2500,BOS@TEX 09/16/2026 08:05PM ET,09/16/2026 08:05PM ET,BOS,TEX,away,5,,,needs_review_new_player,identity_name_team_map,No reviewed normalized-name/team identity alias; do not auto-guess.
2026-09-16,2026-09-16T17:42:43.324112+00:00,2026-09-16,DraftKings official lineup CSV,https://www.draftkings.com/lineup/getavailableplayerscsv?contestTypeId=9&draftGroupId=153590,153590,9,Selected largest-prize regular Classic MLB draft group after excluding Turbo/Night/qualifier/satellite/showdown/snake/single-stat slates.,2B/3B,Raynel Delgado (44153050),Raynel Delgado,44153050,2B/3B,2500,KC@HOU 09/16/2026 08:10PM ET,09/16/2026 08:10PM ET,HOU,KC,home,3.1,,,needs_review_new_player,identity_name_team_map,No reviewed normalized-name/team identity alias; do not auto-guess.
2026-09-16,2026-09-16T17:42:43.324112+00:00,2026-09-16,DraftKings official lineup CSV,https://www.draftkings.com/lineup/getavailableplayerscsv?contestTypeId=9&draftGroupId=153590,153590,9,Selected largest-prize regular Classic MLB draft group after excluding Turbo/Night/qualifier/satellite/showdown/snake/single-stat slates.,C,Kyle Higashioka (44153052),Kyle Higashioka,44153052,C,2500,BOS@TEX 09/16/2026 08:05PM ET,09/16/2026 08:05PM ET,TEX,BOS,home,4.9,543309,Kyle Higashioka,mapped,identity_name_team_map,Stable identity seed from old DK-ID map. Pilot join status: matched via normalized_name_team
2026-09-16,2026-09-16T17:42:43.324112+00:00,2026-09-16,DraftKings official lineup CSV,https://www.draftkings.com/lineup/getavailableplayerscsv?contestTypeId=9&draftGroupId=153590,153590,9,Selected largest-prize regular Classic MLB draft group after excluding Turbo/Night/qualifier/satellite/showdown/snake/single-stat slates.,SS,Jim Jarvis (44153053),Jim Jarvis,44153053,SS,2500,ATL@CHC 09/16/2026 07:40PM ET,09/16/2026 07:40PM ET,ATL,CHC,away,4,805347,Jim Jarvis,mapped,identity_name_team_map,Stable identity seed from old DK-ID map. Pilot join status: matched via normalized_name_team
2026-09-16,2026-09-16T17:42:43.324112+00:00,2026-09-16,DraftKings official lineup CSV,https://www.draftkings.com/lineup/getavailableplayerscsv?contestTypeId=9&draftGroupId=153590,153590,9,Selected largest-prize regular Classic MLB draft group after excluding Turbo/Night/qualifier/satellite/showdown/snake/single-stat slates.,2B,Ryan Bliss (44153054),Ryan Bliss,44153054,2B,2500,SEA@LAA 09/16/2026 09:38PM ET,09/16/2026 09:38PM ET,SEA,LAA,away,2.3,,,needs_review_new_player,identity_name_team_map,No reviewed normalized-name/team identity alias; do not auto-guess.
2026-09-16,2026-09-16T17:42:43.324112+00:00,2026-09-16,DraftKings official lineup CSV,https://www.draftkings.com/lineup/getavailableplayerscsv?contestTypeId=9&draftGroupId=153590,153590,9,Selected largest-prize regular Classic MLB draft group after excluding Turbo/Night/qualifier/satellite/showdown/snake/single-stat slates.,1B,LuJames Groover (44153055),LuJames Groover,44153055,1B,2500,MIA@ARI 09/16/2026 09:40PM ET,09/16/2026 09:40PM ET,ARI,MIA,home,4.2,,,needs_review_new_player,identity_name_team_map,No reviewed normalized-name/team identity alias; do not auto-guess.
2026-09-16,2026-09-16T17:42:43.324112+00:00,2026-09-16,DraftKings official lineup CSV,https://www.draftkings.com/lineup/getavailableplayerscsv?contestTypeId=9&draftGroupId=153590,153590,9,Selected largest-prize regular Classic MLB draft group after excluding Turbo/Night/qualifier/satellite/showdown/snake/single-stat slates.,OF,Eli White (44153056),Eli White,44153056,OF,2500,BOS@TEX 09/16/2026 08:05PM ET,09/16/2026 08:05PM ET,BOS,TEX,away,3.9,642201,Eli White,needs_review_team_change,identity_name_unique_mlbam,Name maps to one reviewed MLBAM identity but not this DK team; review as team-change/new alias before trusting automation.
2026-09-16,2026-09-16T17:42:43.324112+00:00,2026-09-16,DraftKings official lineup CSV,https://www.draftkings.com/lineup/getavailableplayerscsv?contestTypeId=9&draftGroupId=153590,153590,9,Selected largest-prize regular Classic MLB draft group after excluding Turbo/Night/qualifier/satellite/showdown/snake/single-stat slates.,C,Elias Diaz (44152978),Elias Diaz,44152978,C,2400,BOS@TEX 09/16/2026 08:05PM ET,09/16/2026 08:05PM ET,TEX,BOS,home,4.2,553869,Elias Díaz,mapped,identity_name_team_map,Stable identity seed from old DK-ID map. Pilot join status: matched via normalized_name_team
2026-09-16,2026-09-16T17:42:43.324112+00:00,2026-09-16,DraftKings official lineup CSV,https://www.draftkings.com/lineup/getavailableplayerscsv?contestTypeId=9&draftGroupId=153590,153590,9,Selected largest-prize regular Classic MLB draft group after excluding Turbo/Night/qualifier/satellite/showdown/snake/single-stat slates.,3B,Josh Rojas (44152979),Josh Rojas,44152979,3B,2400,KC@HOU 09/16/2026 08:10PM ET,09/16/2026 08:10PM ET,KC,HOU,away,3.7,668942,Josh Rojas,mapped,identity_name_team_map,Stable identity seed from old DK-ID map. Pilot join status: matched via normalized_name_team
2026-09-16,2026-09-16T17:42:43.324112+00:00,2026-09-16,DraftKings official lineup CSV,https://www.draftkings.com/lineup/getavailableplayerscsv?contestTypeId=9&draftGroupId=153590,153590,9,Selected largest-prize regular Classic MLB draft group after excluding Turbo/Night/qualifier/satellite/showdown/snake/single-stat slates.,C,Christian Vazquez (44152980),Christian Vazquez,44152980,C,2400,KC@HOU 09/16/2026 08:10PM ET,09/16/2026 08:10PM ET,HOU,KC,home,4.1,543877,Christian Vázquez,mapped,identity_name_team_map,Stable identity seed from old DK-ID map. Pilot join status: matched via normalized_name_team
2026-09-16,2026-09-16T17:42:43.324112+00:00,2026-09-16,DraftKings official lineup CSV,https://www.draftkings.com/lineup/getavailableplayerscsv?contestTypeId=9&draftGroupId=153590,153590,9,Selected largest-prize regular Classic MLB draft group after excluding Turbo/Night/qualifier/satellite/showdown/snake/single-stat slates.,2B,Christian Moore (44152981),Christian Moore,44152981,2B,2400,SEA@LAA 09/16/2026 09:38PM ET,09/16/2026 09:38PM ET,LAA,SEA,home,4.1,695681,Christian Moore,mapped,identity_name_team_map,Stable identity seed from old DK-ID map. Pilot join status: matched_people_search_name via mlb_people_search_normalized_name
2026-09-16,2026-09-16T17:42:43.324112+00:00,2026-09-16,DraftKings official lineup CSV,https://www.draftkings.com/lineup/getavailableplayerscsv?contestTypeId=9&draftGroupId=153590,153590,9,Selected largest-prize regular Classic MLB draft group after excluding Turbo/Night/qualifier/satellite/showdown/snake/single-stat slates.,OF,Jahmai Jones (44152982),Jahmai Jones,44152982,OF,2400,BOS@TEX 09/16/2026 08:05PM ET,09/16/2026 08:05PM ET,BOS,TEX,away,3,663330,Jahmai Jones,needs_review_team_change,identity_name_unique_mlbam,Name maps to one reviewed MLBAM identity but not this DK team; review as team-change/new alias before trusting automation.
2026-09-16,2026-09-16T17:42:43.324112+00:00,2026-09-16,DraftKings official lineup CSV,https://www.draftkings.com/lineup/getavailableplayerscsv?contestTypeId=9&draftGroupId=153590,153590,9,Selected largest-prize regular Classic MLB draft group after excluding Turbo/Night/qualifier/satellite/showdown/snake/single-stat slates.,1B,Pavin Smith (44152983),Pavin Smith,44152983,1B,2400,MIA@ARI 09/16/2026 09:40PM ET,09/16/2026 09:40PM ET,ARI,MIA,home,3.4,,,needs_review_new_player,identity_name_team_map,No reviewed normalized-name/team identity alias; do not auto-guess.
2026-09-16,2026-09-16T17:42:43.324112+00:00,2026-09-16,DraftKings official lineup CSV,https://www.draftkings.com/lineup/getavailableplayerscsv?contestTypeId=9&draftGroupId=153590,153590,9,Selected largest-prize regular Classic MLB draft group after excluding Turbo/Night/qualifier/satellite/showdown/snake/single-stat slates.,2B/3B,Maximo Acosta (44153057),Maximo Acosta,44153057,2B/3B,2400,MIA@ARI 09/16/2026 09:40PM ET,09/16/2026 09:40PM ET,MIA,ARI,away,0,,,needs_review_new_player,identity_name_team_map,No reviewed normalized-name/team identity alias; do not auto-guess.
2026-09-16,2026-09-16T17:42:43.324112+00:00,2026-09-16,DraftKings official lineup CSV,https://www.draftkings.com/lineup/getavailableplayerscsv?contestTypeId=9&draftGroupId=153590,153590,9,Selected largest-prize regular Classic MLB draft group after excluding Turbo/Night/qualifier/satellite/showdown/snake/single-stat slates.,C,Logan O'Hoppe (44153059),Logan O'Hoppe,44153059,C,2400,BOS@TEX 09/16/2026 08:05PM ET,09/16/2026 08:05PM ET,TEX,BOS,home,4.1,681351,Logan O'Hoppe,needs_review_team_change,identity_name_unique_mlbam,Name maps to one reviewed MLBAM identity but not this DK team; review as team-change/new alias before trusting automation.
2026-09-16,2026-09-16T17:42:43.324112+00:00,2026-09-16,DraftKings official lineup CSV,https://www.draftkings.com/lineup/getavailableplayerscsv?contestTypeId=9&draftGroupId=153590,153590,9,Selected largest-prize regular Classic MLB draft group after excluding Turbo/Night/qualifier/satellite/showdown/snake/single-stat slates.,2B,Nicky Lopez (44152984),Nicky Lopez,44152984,2B,2300,BOS@TEX 09/16/2026 08:05PM ET,09/16/2026 08:05PM ET,TEX,BOS,home,3.9,670032,Nicky Lopez,mapped,identity_name_team_map,Stable identity seed from old DK-ID map. Pilot join status: matched via normalized_name_team
2026-09-16,2026-09-16T17:42:43.324112+00:00,2026-09-16,DraftKings official lineup CSV,https://www.draftkings.com/lineup/getavailableplayerscsv?contestTypeId=9&draftGroupId=153590,153590,9,Selected largest-prize regular Classic MLB draft group after excluding Turbo/Night/qualifier/satellite/showdown/snake/single-stat slates.,OF,Heston Kjerstad (44152985),Heston Kjerstad,44152985,OF,2300,BAL@NYM 09/16/2026 07:10PM ET,09/16/2026 07:10PM ET,BAL,NYM,away,2.2,,,needs_review_new_player,identity_name_team_map,No reviewed normalized-name/team identity alias; do not auto-guess.
2026-09-16,2026-09-16T17:42:43.324112+00:00,2026-09-16,DraftKings official lineup CSV,https://www.draftkings.com/lineup/getavailableplayerscsv?contestTypeId=9&draftGroupId=153590,153590,9,Selected largest-prize regular Classic MLB draft group after excluding Turbo/Night/qualifier/satellite/showdown/snake/single-stat slates.,C,Tyler Heineman (44152986),Tyler Heineman,44152986,C,2300,SEA@LAA 09/16/2026 09:38PM ET,09/16/2026 09:38PM ET,LAA,SEA,home,2.3,623168,Tyler Heineman,needs_review_team_change,identity_name_unique_mlbam,Name maps to one reviewed MLBAM identity but not this DK team; review as team-change/new alias before trusting automation.
2026-09-16,2026-09-16T17:42:43.324112+00:00,2026-09-16,DraftKings official lineup CSV,https://www.draftkings.com/lineup/getavailableplayerscsv?contestTypeId=9&draftGroupId=153590,153590,9,Selected largest-prize regular Classic MLB draft group after excluding Turbo/Night/qualifier/satellite/showdown/snake/single-stat slates.,C,Brian Navarreto (44152987),Brian Navarreto,44152987,C,2300,MIA@ARI 09/16/2026 09:40PM ET,09/16/2026 09:40PM ET,MIA,ARI,away,2.1,,,needs_review_new_player,identity_name_team_map,No reviewed normalized-name/team identity alias; do not auto-guess.
2026-09-16,2026-09-16T17:42:43.324112+00:00,2026-09-16,DraftKings official lineup CSV,https://www.draftkings.com/lineup/getavailableplayerscsv?contestTypeId=9&draftGroupId=153590,153590,9,Selected largest-prize regular Classic MLB draft group after excluding Turbo/Night/qualifier/satellite/showdown/snake/single-stat slates.,3B/SS,Brock Rodden (44152988),Brock Rodden,44152988,3B/SS,2300,SEA@LAA 09/16/2026 09:38PM ET,09/16/2026 09:38PM ET,SEA,LAA,away,3.3,,,needs_review_new_player,identity_name_team_map,No reviewed normalized-name/team identity alias; do not auto-guess.
2026-09-16,2026-09-16T17:42:43.324112+00:00,2026-09-16,DraftKings official lineup CSV,https://www.draftkings.com/lineup/getavailableplayerscsv?contestTypeId=9&draftGroupId=153590,153590,9,Selected largest-prize regular Classic MLB draft group after excluding Turbo/Night/qualifier/satellite/showdown/snake/single-stat slates.,OF,Brice Matthews (44153060),Brice Matthews,44153060,OF,2300,KC@HOU 09/16/2026 08:10PM ET,09/16/2026 08:10PM ET,HOU,KC,home,4,694728,Brice Matthews,mapped,identity_name_team_map,Stable identity seed from old DK-ID map. Pilot join status: matched via normalized_name_team
2026-09-16,2026-09-16T17:42:43.324112+00:00,2026-09-16,DraftKings official lineup CSV,https://www.draftkings.com/lineup/getavailableplayerscsv?contestTypeId=9&draftGroupId=153590,153590,9,Selected largest-prize regular Classic MLB draft group after excluding Turbo/Night/qualifier/satellite/showdown/snake/single-stat slates.,OF,Christian Franklin (44153061),Christian Franklin,44153061,OF,2300,BAL@NYM 09/16/2026 07:10PM ET,09/16/2026 07:10PM ET,BAL,NYM,away,3.2,681047,Christian Franklin,needs_review_team_change,identity_name_unique_mlbam,Name maps to one reviewed MLBAM identity but not this DK team; review as team-change/new alias before trusting automation.
2026-09-16,2026-09-16T17:42:43.324112+00:00,2026-09-16,DraftKings official lineup CSV,https://www.draftkings.com/lineup/getavailableplayerscsv?contestTypeId=9&draftGroupId=153590,153590,9,Selected largest-prize regular Classic MLB draft group after excluding Turbo/Night/qualifier/satellite/showdown/snake/single-stat slates.,C,Willie MacIver (44153062),Willie MacIver,44153062,C,2300,SEA@LAA 09/16/2026 09:38PM ET,09/16/2026 09:38PM ET,SEA,LAA,away,0,680862,Willie MacIver,needs_review_team_change,identity_name_unique_mlbam,Name maps to one reviewed MLBAM identity but not this DK team; review as team-change/new alias before trusting automation.
2026-09-16,2026-09-16T17:42:43.324112+00:00,2026-09-16,DraftKings official lineup CSV,https://www.draftkings.com/lineup/getavailableplayerscsv?contestTypeId=9&draftGroupId=153590,153590,9,Selected largest-prize regular Classic MLB draft group after excluding Turbo/Night/qualifier/satellite/showdown/snake/single-stat slates.,1B/3B,Kyle Farmer (44152990),Kyle Farmer,44152990,1B/3B,2200,ATL@CHC 09/16/2026 07:40PM ET,09/16/2026 07:40PM ET,ATL,CHC,away,1.8,571657,Kyle Farmer,mapped,identity_name_team_map,Stable identity seed from old DK-ID map. Pilot join status: matched via normalized_name_team
2026-09-16,2026-09-16T17:42:43.324112+00:00,2026-09-16,DraftKings official lineup CSV,https://www.draftkings.com/lineup/getavailableplayerscsv?contestTypeId=9&draftGroupId=153590,153590,9,Selected largest-prize regular Classic MLB draft group after excluding Turbo/Night/qualifier/satellite/showdown/snake/single-stat slates.,2B/SS,Nick Allen (44152992),Nick Allen,44152992,2B/SS,2200,KC@HOU 09/16/2026 08:10PM ET,09/16/2026 08:10PM ET,HOU,KC,home,2.9,669397,Nick Allen,mapped,identity_name_team_map,Stable identity seed from old DK-ID map. Pilot join status: matched via normalized_name_team
2026-09-16,2026-09-16T17:42:43.324112+00:00,2026-09-16,DraftKings official lineup CSV,https://www.draftkings.com/lineup/getavailableplayerscsv?contestTypeId=9&draftGroupId=153590,153590,9,Selected largest-prize regular Classic MLB draft group after excluding Turbo/Night/qualifier/satellite/showdown/snake/single-stat slates.,C,Luke Maile (44152994),Luke Maile,44152994,C,2200,KC@HOU 09/16/2026 08:10PM ET,09/16/2026 08:10PM ET,KC,HOU,away,3.1,,,needs_review_new_player,identity_name_team_map,No reviewed normalized-name/team identity alias; do not auto-guess.
2026-09-16,2026-09-16T17:42:43.324112+00:00,2026-09-16,DraftKings official lineup CSV,https://www.draftkings.com/lineup/getavailableplayerscsv?contestTypeId=9&draftGroupId=153590,153590,9,Selected largest-prize regular Classic MLB draft group after excluding Turbo/Night/qualifier/satellite/showdown/snake/single-stat slates.,OF,Jorge Barrosa (44152995),Jorge Barrosa,44152995,OF,2200,KC@HOU 09/16/2026 08:10PM ET,09/16/2026 08:10PM ET,HOU,KC,home,2.5,,,needs_review_new_player,identity_name_team_map,No reviewed normalized-name/team identity alias; do not auto-guess.
2026-09-16,2026-09-16T17:42:43.324112+00:00,2026-09-16,DraftKings official lineup CSV,https://www.draftkings.com/lineup/getavailableplayerscsv?contestTypeId=9&draftGroupId=153590,153590,9,Selected largest-prize regular Classic MLB draft group after excluding Turbo/Night/qualifier/satellite/showdown/snake/single-stat slates.,OF,Nick Morabito (44152996),Nick Morabito,44152996,OF,2200,BAL@NYM 09/16/2026 07:10PM ET,09/16/2026 07:10PM ET,NYM,BAL,home,3.4,703492,Nick Morabito,mapped,identity_name_team_map,Stable identity seed from old DK-ID map. Pilot join status: matched via normalized_name_team
2026-09-16,2026-09-16T17:42:43.324112+00:00,2026-09-16,DraftKings official lineup CSV,https://www.draftkings.com/lineup/getavailableplayerscsv?contestTypeId=9&draftGroupId=153590,153590,9,Selected largest-prize regular Classic MLB draft group after excluding Turbo/Night/qualifier/satellite/showdown/snake/single-stat slates.,C,Connor Wong (44152997),Connor Wong,44152997,C,2200,BOS@TEX 09/16/2026 08:05PM ET,09/16/2026 08:05PM ET,BOS,TEX,away,4.8,,,needs_review_new_player,identity_name_team_map,No reviewed normalized-name/team identity alias; do not auto-guess.
2026-09-16,2026-09-16T17:42:43.324112+00:00,2026-09-16,DraftKings official lineup CSV,https://www.draftkings.com/lineup/getavailableplayerscsv?contestTypeId=9&draftGroupId=153590,153590,9,Selected largest-prize regular Classic MLB draft group after excluding Turbo/Night/qualifier/satellite/showdown/snake/single-stat slates.,1B,Christopher Morel (44152998),Christopher Morel,44152998,1B,2200,BAL@NYM 09/16/2026 07:10PM ET,09/16/2026 07:10PM ET,NYM,BAL,home,3.2,666624,Christopher Morel,needs_review_team_change,identity_name_unique_mlbam,Name maps to one reviewed MLBAM identity but not this DK team; review as team-change/new alias before trusting automation.
2026-09-16,2026-09-16T17:42:43.324112+00:00,2026-09-16,DraftKings official lineup CSV,https://www.draftkings.com/lineup/getavailableplayerscsv?contestTypeId=9&draftGroupId=153590,153590,9,Selected largest-prize regular Classic MLB draft group after excluding Turbo/Night/qualifier/satellite/showdown/snake/single-stat slates.,OF,Joey Loperfido (44153063),Joey Loperfido,44153063,OF,2200,KC@HOU 09/16/2026 08:10PM ET,09/16/2026 08:10PM ET,HOU,KC,home,4.4,694388,Joey Loperfido,mapped,identity_name_team_map,Stable identity seed from old DK-ID map. Pilot join status: matched via normalized_name_team
2026-09-16,2026-09-16T17:42:43.324112+00:00,2026-09-16,DraftKings official lineup CSV,https://www.draftkings.com/lineup/getavailableplayerscsv?contestTypeId=9&draftGroupId=153590,153590,9,Selected largest-prize regular Classic MLB draft group after excluding Turbo/Night/qualifier/satellite/showdown/snake/single-stat slates.,OF,Alejandro Osuna (44153064),Alejandro Osuna,44153064,OF,2200,BOS@TEX 09/16/2026 08:05PM ET,09/16/2026 08:05PM ET,TEX,BOS,home,4.4,696030,Alejandro Osuna,mapped,identity_name_team_map,Stable identity seed from old DK-ID map. Pilot join status: matched via normalized_name_team
2026-09-16,2026-09-16T17:42:43.324112+00:00,2026-09-16,DraftKings official lineup CSV,https://www.draftkings.com/lineup/getavailableplayerscsv?contestTypeId=9&draftGroupId=153590,153590,9,Selected largest-prize regular Classic MLB draft group after excluding Turbo/Night/qualifier/satellite/showdown/snake/single-stat slates.,C,Travis d'Arnaud (44152999),Travis d'Arnaud,44152999,C,2100,SEA@LAA 09/16/2026 09:38PM ET,09/16/2026 09:38PM ET,LAA,SEA,home,2.8,518595,Travis d'Arnaud,mapped,identity_name_team_map,Stable identity seed from old DK-ID map. Pilot join status: matched via normalized_name_team
2026-09-16,2026-09-16T17:42:43.324112+00:00,2026-09-16,DraftKings official lineup CSV,https://www.draftkings.com/lineup/getavailableplayerscsv?contestTypeId=9&draftGroupId=153590,153590,9,Selected largest-prize regular Classic MLB draft group after excluding Turbo/Night/qualifier/satellite/showdown/snake/single-stat slates.,SS,Ha-Seong Kim (44153000),Ha-Seong Kim,44153000,SS,2100,ATL@CHC 09/16/2026 07:40PM ET,09/16/2026 07:40PM ET,ATL,CHC,away,2.6,673490,Ha-Seong Kim,mapped,identity_name_team_map,Stable identity seed from old DK-ID map. Pilot join status: matched via normalized_name_team
2026-09-16,2026-09-16T17:42:43.324112+00:00,2026-09-16,DraftKings official lineup CSV,https://www.draftkings.com/lineup/getavailableplayerscsv?contestTypeId=9&draftGroupId=153590,153590,9,Selected largest-prize regular Classic MLB draft group after excluding Turbo/Night/qualifier/satellite/showdown/snake/single-stat slates.,2B/OF,Cam Cauley (44153001),Cam Cauley,44153001,2B/OF,2100,BOS@TEX 09/16/2026 08:05PM ET,09/16/2026 08:05PM ET,TEX,BOS,home,2.7,,,needs_review_new_player,identity_name_team_map,No reviewed normalized-name/team identity alias; do not auto-guess.
2026-09-16,2026-09-16T17:42:43.324112+00:00,2026-09-16,DraftKings official lineup CSV,https://www.draftkings.com/lineup/getavailableplayerscsv?contestTypeId=9&draftGroupId=153590,153590,9,Selected largest-prize regular Classic MLB draft group after excluding Turbo/Night/qualifier/satellite/showdown/snake/single-stat slates.,1B,Deyvison De Los Santos (44153003),Deyvison De Los Santos,44153003,1B,2100,MIA@ARI 09/16/2026 09:40PM ET,09/16/2026 09:40PM ET,MIA,ARI,away,1.9,691277,Deyvison De Los Santos,mapped,identity_name_team_map,Proposed from review candidates; basis=exact normalized name + team; role-compatible; statcast_batter_des_2026; confidence=high; sources=statcast_batter_des_2026
2026-09-16,2026-09-16T17:42:43.324112+00:00,2026-09-16,DraftKings official lineup CSV,https://www.draftkings.com/lineup/getavailableplayerscsv?contestTypeId=9&draftGroupId=153590,153590,9,Selected largest-prize regular Classic MLB draft group after excluding Turbo/Night/qualifier/satellite/showdown/snake/single-stat slates.,OF,Matthew Lugo (44153004),Matthew Lugo,44153004,OF,2000,KC@HOU 09/16/2026 08:10PM ET,09/16/2026 08:10PM ET,KC,HOU,away,0.9,683090,Matthew Lugo,mapped,identity_name_team_map,Stable identity seed from old DK-ID map. Pilot join status: matched_people_search_name via mlb_people_search_normalized_name
2026-09-16,2026-09-16T17:42:43.324112+00:00,2026-09-16,DraftKings official lineup CSV,https://www.draftkings.com/lineup/getavailableplayerscsv?contestTypeId=9&draftGroupId=153590,153590,9,Selected largest-prize regular Classic MLB draft group after excluding Turbo/Night/qualifier/satellite/showdown/snake/single-stat slates.,1B,BJ Murray Jr. (44153005),BJ Murray Jr.,44153005,1B,2000,ATL@CHC 09/16/2026 07:40PM ET,09/16/2026 07:40PM ET,CHC,ATL,home,0.4,,,needs_review_new_player,identity_name_team_map,No reviewed normalized-name/team identity alias; do not auto-guess.
2026-09-16,2026-09-16T17:42:43.324112+00:00,2026-09-16,DraftKings official lineup CSV,https://www.draftkings.com/lineup/getavailableplayerscsv?contestTypeId=9&draftGroupId=153590,153590,9,Selected largest-prize regular Classic MLB draft group after excluding Turbo/Night/qualifier/satellite/showdown/snake/single-stat slates.,C,Carlos Narvaez (44153006),Carlos Narvaez,44153006,C,2000,BAL@NYM 09/16/2026 07:10PM ET,09/16/2026 07:10PM ET,BAL,NYM,away,3,,,needs_review_new_player,identity_name_team_map,No reviewed normalized-name/team identity alias; do not auto-guess.
2026-09-16,2026-09-16T17:42:43.324112+00:00,2026-09-16,DraftKings official lineup CSV,https://www.draftkings.com/lineup/getavailableplayerscsv?contestTypeId=9&draftGroupId=153590,153590,9,Selected largest-prize regular Classic MLB draft group after excluding Turbo/Night/qualifier/satellite/showdown/snake/single-stat slates.,OF,Kyren Paris (44153007),Kyren Paris,44153007,OF,2000,SEA@LAA 09/16/2026 09:38PM ET,09/16/2026 09:38PM ET,LAA,SEA,home,0.8,677347,Kyren Paris,mapped,identity_name_team_map,Stable identity seed from old DK-ID map. Pilot join status: matched_people_search_name via mlb_people_search_normalized_name
2026-09-16,2026-09-16T17:42:43.324112+00:00,2026-09-16,DraftKings official lineup CSV,https://www.draftkings.com/lineup/getavailableplayerscsv?contestTypeId=9&draftGroupId=153590,153590,9,Selected largest-prize regular Classic MLB draft group after excluding Turbo/Night/qualifier/satellite/showdown/snake/single-stat slates.,OF,DaShawn Keirsey Jr. (44153008),DaShawn Keirsey Jr.,44153008,OF,2000,ATL@CHC 09/16/2026 07:40PM ET,09/16/2026 07:40PM ET,ATL,CHC,away,3.5,680577,DaShawn Keirsey Jr.,mapped,identity_name_team_map,Stable identity seed from old DK-ID map. Pilot join status: matched_people_search_name via mlb_people_search_normalized_name
2026-09-16,2026-09-16T17:42:43.324112+00:00,2026-09-16,DraftKings official lineup CSV,https://www.draftkings.com/lineup/getavailableplayerscsv?contestTypeId=9&draftGroupId=153590,153590,9,Selected largest-prize regular Classic MLB draft group after excluding Turbo/Night/qualifier/satellite/showdown/snake/single-stat slates.,OF,Cristian Pache (44153009),Cristian Pache,44153009,OF,2000,BAL@NYM 09/16/2026 07:10PM ET,09/16/2026 07:10PM ET,NYM,BAL,home,0.5,,,needs_review_new_player,identity_name_team_map,No reviewed normalized-name/team identity alias; do not auto-guess.
2026-09-16,2026-09-16T17:42:43.324112+00:00,2026-09-16,DraftKings official lineup CSV,https://www.draftkings.com/lineup/getavailableplayerscsv?contestTypeId=9&draftGroupId=153590,153590,9,Selected largest-prize regular Classic MLB draft group after excluding Turbo/Night/qualifier/satellite/showdown/snake/single-stat slates.,OF,Zach Cole (44153065),Zach Cole,44153065,OF,2000,KC@HOU 09/16/2026 08:10PM ET,09/16/2026 08:10PM ET,HOU,KC,home,3.9,805904,Zach Cole,mapped,identity_name_team_map,Stable identity seed from old DK-ID map. Pilot join status: matched via normalized_name_team
2026-09-16,2026-09-16T17:42:43.324112+00:00,2026-09-16,DraftKings official lineup CSV,https://www.draftkings.com/lineup/getavailableplayerscsv?contestTypeId=9&draftGroupId=153590,153590,9,Selected largest-prize regular Classic MLB draft group after excluding Turbo/Night/qualifier/satellite/showdown/snake/single-stat slates.,3B,Jordan Westburg (44153066),Jordan Westburg,44153066,3B,2000,BAL@NYM 09/16/2026 07:10PM ET,09/16/2026 07:10PM ET,BAL,NYM,away,0,,,needs_review_new_player,identity_name_team_map,No reviewed normalized-name/team identity alias; do not auto-guess.
2026-09-16,2026-09-16T17:42:43.324112+00:00,2026-09-16,DraftKings official lineup CSV,https://www.draftkings.com/lineup/getavailableplayerscsv?contestTypeId=9&draftGroupId=153590,153590,9,Selected largest-prize regular Classic MLB draft group after excluding Turbo/Night/qualifier/satellite/showdown/snake/single-stat slates.,1B,Ryan Mountcastle (44153067),Ryan Mountcastle,44153067,1B,2000,BAL@NYM 09/16/2026 07:10PM ET,09/16/2026 07:10PM ET,BAL,NYM,away,2.3,,,needs_review_new_player,identity_name_team_map,No reviewed normalized-name/team identity alias; do not auto-guess.
2026-09-16,2026-09-16T17:42:43.324112+00:00,2026-09-16,DraftKings official lineup CSV,https://www.draftkings.com/lineup/getavailableplayerscsv?contestTypeId=9&draftGroupId=153590,153590,9,Selected largest-prize regular Classic MLB draft group after excluding Turbo/Night/qualifier/satellite/showdown/snake/single-stat slates.,C,Logan Porter (44153068),Logan Porter,44153068,C,2000,SEA@LAA 09/16/2026 09:38PM ET,09/16/2026 09:38PM ET,LAA,SEA,home,4.3,,,needs_review_new_player,identity_name_team_map,No reviewed normalized-name/team identity alias; do not auto-guess.
2026-09-16,2026-09-16T17:42:43.324112+00:00,2026-09-16,DraftKings official lineup CSV,https://www.draftkings.com/lineup/getavailableplayerscsv?contestTypeId=9&draftGroupId=153590,153590,9,Selected largest-prize regular Classic MLB draft group after excluding Turbo/Night/qualifier/satellite/showdown/snake/single-stat slates.,3B,Nacho Alvarez Jr. (44153069),Nacho Alvarez Jr.,44153069,3B,2000,SEA@LAA 09/16/2026 09:38PM ET,09/16/2026 09:38PM ET,LAA,SEA,home,0,805373,Nacho Alvarez Jr.,needs_review_team_change,identity_name_unique_mlbam,Name maps to one reviewed MLBAM identity but not this DK team; review as team-change/new alias before trusting automation.
2026-09-16,2026-09-16T17:42:43.324112+00:00,2026-09-16,DraftKings official lineup CSV,https://www.draftkings.com/lineup/getavailableplayerscsv?contestTypeId=9&draftGroupId=153590,153590,9,Selected largest-prize regular Classic MLB draft group after excluding Turbo/Night/qualifier/satellite/showdown/snake/single-stat slates.,C,Sebastian Rivero (44153070),Sebastian Rivero,44153070,C,2000,SEA@LAA 09/16/2026 09:38PM ET,09/16/2026 09:38PM ET,LAA,SEA,home,3.1,665861,Sebastián Rivero,mapped,identity_name_team_map,Stable identity seed from old DK-ID map. Pilot join status: matched via normalized_name_team
2026-09-16,2026-09-16T17:42:43.324112+00:00,2026-09-16,DraftKings official lineup CSV,https://www.draftkings.com/lineup/getavailableplayerscsv?contestTypeId=9&draftGroupId=153590,153590,9,Selected largest-prize regular Classic MLB draft group after excluding Turbo/Night/qualifier/satellite/showdown/snake/single-stat slates.,OF,Bryce Teodosio (44153071),Bryce Teodosio,44153071,OF,2000,SEA@LAA 09/16/2026 09:38PM ET,09/16/2026 09:38PM ET,LAA,SEA,home,2.2,669326,Bryce Teodosio,mapped,identity_name_team_map,Stable identity seed from old DK-ID map. Pilot join status: matched via normalized_name_team
2026-09-16,2026-09-16T17:42:43.324112+00:00,2026-09-16,DraftKings official lineup CSV,https://www.draftkings.com/lineup/getavailableplayerscsv?contestTypeId=9&draftGroupId=153590,153590,9,Selected largest-prize regular Classic MLB draft group after excluding Turbo/Night/qualifier/satellite/showdown/snake/single-stat slates.,OF,Michael Helman (44153072),Michael Helman,44153072,OF,2000,BOS@TEX 09/16/2026 08:05PM ET,09/16/2026 08:05PM ET,TEX,BOS,home,2.5,680737,Michael Helman,mapped,identity_name_team_map,Stable identity seed from old DK-ID map. Pilot join status: matched via normalized_name_team
2026-09-16,2026-09-16T17:42:43.324112+00:00,2026-09-16,DraftKings official lineup CSV,https://www.draftkings.com/lineup/getavailableplayerscsv?contestTypeId=9&draftGroupId=153590,153590,9,Selected largest-prize regular Classic MLB draft group after excluding Turbo/Night/qualifier/satellite/showdown/snake/single-stat slates.,1B/OF,Tyler Austin (44153073),Tyler Austin,44153073,1B/OF,2000,ATL@CHC 09/16/2026 07:40PM ET,09/16/2026 07:40PM ET,CHC,ATL,home,0,592122,Tyler Austin,mapped,identity_name_team_map,Stable identity seed from old DK-ID map. Pilot join status: matched_people_search_name via mlb_people_search_normalized_name
2026-09-16,2026-09-16T17:42:43.324112+00:00,2026-09-16,DraftKings official lineup CSV,https://www.draftkings.com/lineup/getavailableplayerscsv?contestTypeId=9&draftGroupId=153590,153590,9,Selected largest-prize regular Classic MLB draft group after excluding Turbo/Night/qualifier/satellite/showdown/snake/single-stat slates.,C,Logan Driscoll (44153075),Logan Driscoll,44153075,C,2000,MIA@ARI 09/16/2026 09:40PM ET,09/16/2026 09:40PM ET,MIA,ARI,away,0,,,needs_review_new_player,identity_name_team_map,No reviewed normalized-name/team identity alias; do not auto-guess.
2026-09-16,2026-09-16T17:42:43.324112+00:00,2026-09-16,DraftKings official lineup CSV,https://www.draftkings.com/lineup/getavailableplayerscsv?contestTypeId=9&draftGroupId=153590,153590,9,Selected largest-prize regular Classic MLB draft group after excluding Turbo/Night/qualifier/satellite/showdown/snake/single-stat slates.,2B/3B,Anthony Rendon (44153076),Anthony Rendon,44153076,2B/3B,2000,SEA@LAA 09/16/2026 09:38PM ET,09/16/2026 09:38PM ET,LAA,SEA,home,0,543685,Anthony Rendon,mapped,identity_name_team_map,Stable identity seed from old DK-ID map. Pilot join status: matched_people_search_name via mlb_people_search_normalized_name
2026-09-16,2026-09-16T17:42:43.324112+00:00,2026-09-16,DraftKings official lineup CSV,https://www.draftkings.com/lineup/getavailableplayerscsv?contestTypeId=9&draftGroupId=153590,153590,9,Selected largest-prize regular Classic MLB draft group after excluding Turbo/Night/qualifier/satellite/showdown/snake/single-stat slates.,OF,Reed Trimble (44153078),Reed Trimble,44153078,OF,2000,BAL@NYM 09/16/2026 07:10PM ET,09/16/2026 07:10PM ET,BAL,NYM,away,0,,,needs_review_new_player,identity_name_team_map,No reviewed normalized-name/team identity alias; do not auto-guess.
2026-09-16,2026-09-16T17:42:43.324112+00:00,2026-09-16,DraftKings official lineup CSV,https://www.draftkings.com/lineup/getavailableplayerscsv?contestTypeId=9&draftGroupId=153590,153590,9,Selected largest-prize regular Classic MLB draft group after excluding Turbo/Night/qualifier/satellite/showdown/snake/single-stat slates.,2B/3B,Christian Arroyo (44153079),Christian Arroyo,44153079,2B/3B,2000,BAL@NYM 09/16/2026 07:10PM ET,09/16/2026 07:10PM ET,NYM,BAL,home,0,,,needs_review_new_player,identity_name_team_map,No reviewed normalized-name/team identity alias; do not auto-guess.
2026-09-16,2026-09-16T17:42:43.324112+00:00,2026-09-16,DraftKings official lineup CSV,https://www.draftkings.com/lineup/getavailableplayerscsv?contestTypeId=9&draftGroupId=153590,153590,9,Selected largest-prize regular Classic MLB draft group after excluding Turbo/Night/qualifier/satellite/showdown/snake/single-stat slates.,OF,Brennen Davis (44153081),Brennen Davis,44153081,OF,2000,SEA@LAA 09/16/2026 09:38PM ET,09/16/2026 09:38PM ET,SEA,LAA,away,0,,,needs_review_new_player,identity_name_team_map,No reviewed normalized-name/team identity alias; do not auto-guess.
2026-09-16,2026-09-16T17:42:43.324112+00:00,2026-09-16,DraftKings official lineup CSV,https://www.draftkings.com/lineup/getavailableplayerscsv?contestTypeId=9&draftGroupId=153590,153590,9,Selected largest-prize regular Classic MLB draft group after excluding Turbo/Night/qualifier/satellite/showdown/snake/single-stat slates.,OF,Jurickson Profar (44153082),Jurickson Profar,44153082,OF,2000,ATL@CHC 09/16/2026 07:40PM ET,09/16/2026 07:40PM ET,ATL,CHC,away,0,595777,Jurickson Profar,mapped,identity_name_team_map,Stable identity seed from old DK-ID map. Pilot join status: matched_people_search_name via mlb_people_search_normalized_name
2026-09-16,2026-09-16T17:42:43.324112+00:00,2026-09-16,DraftKings official lineup CSV,https://www.draftkings.com/lineup/getavailableplayerscsv?contestTypeId=9&draftGroupId=153590,153590,9,Selected largest-prize regular Classic MLB draft group after excluding Turbo/Night/qualifier/satellite/showdown/snake/single-stat slates.,1B,Triston Casas (44153083),Triston Casas,44153083,1B,2000,BOS@TEX 09/16/2026 08:05PM ET,09/16/2026 08:05PM ET,BOS,TEX,away,0,,,needs_review_new_player,identity_name_team_map,No reviewed normalized-name/team identity alias; do not auto-guess.
2026-09-16,2026-09-16T17:42:43.324112+00:00,2026-09-16,DraftKings official lineup CSV,https://www.draftkings.com/lineup/getavailableplayerscsv?contestTypeId=9&draftGroupId=153590,153590,9,Selected largest-prize regular Classic MLB draft group after excluding Turbo/Night/qualifier/satellite/showdown/snake/single-stat slates.,OF,Luis Rengifo (44153084),Luis Rengifo,44153084,OF,2000,SD@COL 09/16/2026 08:40PM ET,09/16/2026 08:40PM ET,SD,COL,away,5.5,650859,Luis Rengifo,needs_review_team_change,identity_name_unique_mlbam,Name maps to one reviewed MLBAM identity but not this DK team; review as team-change/new alias before trusting automation.
2026-09-16,2026-09-16T17:42:43.324112+00:00,2026-09-16,DraftKings official lineup CSV,https://www.draftkings.com/lineup/getavailableplayerscsv?contestTypeId=9&draftGroupId=153590,153590,9,Selected largest-prize regular Classic MLB draft group after excluding Turbo/Night/qualifier/satellite/showdown/snake/single-stat slates.,OF,Ramon Laureano (44153085),Ramon Laureano,44153085,OF,2000,SD@COL 09/16/2026 08:40PM ET,09/16/2026 08:40PM ET,SD,COL,away,6.6,657656,Ramón Laureano,mapped,identity_name_team_map,Stable identity seed from old DK-ID map. Pilot join status: matched via normalized_name_team
2026-09-16,2026-09-16T17:42:43.324112+00:00,2026-09-16,DraftKings official lineup CSV,https://www.draftkings.com/lineup/getavailableplayerscsv?contestTypeId=9&draftGroupId=153590,153590,9,Selected largest-prize regular Classic MLB draft group after excluding Turbo/Night/qualifier/satellite/showdown/snake/single-stat slates.,3B/OF,Kris Bryant (44153086),Kris Bryant,44153086,3B/OF,2000,SD@COL 09/16/2026 08:40PM ET,09/16/2026 08:40PM ET,COL,SD,home,0,592178,Kris Bryant,mapped,identity_name_team_map,Stable identity seed from old DK-ID map. Pilot join status: matched_people_search_name via mlb_people_search_normalized_name
2026-09-16,2026-09-16T17:42:43.324112+00:00,2026-09-16,DraftKings official lineup CSV,https://www.draftkings.com/lineup/getavailableplayerscsv?contestTypeId=9&draftGroupId=153590,153590,9,Selected largest-prize regular Classic MLB draft group after excluding Turbo/Night/qualifier/satellite/showdown/snake/single-stat slates.,2B,Kristian Campbell (44153088),Kristian Campbell,44153088,2B,2000,BOS@TEX 09/16/2026 08:05PM ET,09/16/2026 08:05PM ET,BOS,TEX,away,0,,,needs_review_new_player,identity_name_team_map,No reviewed normalized-name/team identity alias; do not auto-guess.
2026-09-16,2026-09-16T17:42:43.324112+00:00,2026-09-16,DraftKings official lineup CSV,https://www.draftkings.com/lineup/getavailableplayerscsv?contestTypeId=9&draftGroupId=153590,153590,9,Selected largest-prize regular Classic MLB draft group after excluding Turbo/Night/qualifier/satellite/showdown/snake/single-stat slates.,2B/3B,Chad Stevens (44153089),Chad Stevens,44153089,2B/3B,2000,SD@COL 09/16/2026 08:40PM ET,09/16/2026 08:40PM ET,COL,SD,home,1.3,677060,Chad Stevens,mapped,identity_name_team_map,Stable identity seed from old DK-ID map. Pilot join status: matched via normalized_name_team
2026-09-16,2026-09-16T17:42:43.324112+00:00,2026-09-16,DraftKings official lineup CSV,https://www.draftkings.com/lineup/getavailableplayerscsv?contestTypeId=9&draftGroupId=153590,153590,9,Selected largest-prize regular Classic MLB draft group after excluding Turbo/Night/qualifier/satellite/showdown/snake/single-stat slates.,3B,Yoan Moncada (44153091),Yoan Moncada,44153091,3B,2000,SEA@LAA 09/16/2026 09:38PM ET,09/16/2026 09:38PM ET,LAA,SEA,home,4.2,660162,Yoán Moncada,mapped,identity_name_team_map,Stable identity seed from old DK-ID map. Pilot join status: matched via normalized_name_team
2026-09-16,2026-09-16T17:42:43.324112+00:00,2026-09-16,DraftKings official lineup CSV,https://www.draftkings.com/lineup/getavailableplayerscsv?contestTypeId=9&draftGroupId=153590,153590,9,Selected largest-prize regular Classic MLB draft group after excluding Turbo/Night/qualifier/satellite/showdown/snake/single-stat slates.,OF,Zach Dezenzo (44153092),Zach Dezenzo,44153092,OF,2000,KC@HOU 09/16/2026 08:10PM ET,09/16/2026 08:10PM ET,HOU,KC,home,3.1,701305,Zach Dezenzo,mapped,identity_name_team_map,Stable identity seed from old DK-ID map. Pilot join status: matched via normalized_name_team
2026-09-16,2026-09-16T17:42:43.324112+00:00,2026-09-16,DraftKings official lineup CSV,https://www.draftkings.com/lineup/getavailableplayerscsv?contestTypeId=9&draftGroupId=153590,153590,9,Selected largest-prize regular Classic MLB draft group after excluding Turbo/Night/qualifier/satellite/showdown/snake/single-stat slates.,2B/SS,Ryan Ritter (44153093),Ryan Ritter,44153093,2B/SS,2000,SD@COL 09/16/2026 08:40PM ET,09/16/2026 08:40PM ET,COL,SD,home,1.1,690022,Ryan Ritter,mapped,identity_name_team_map,Stable identity seed from old DK-ID map. Pilot join status: matched via normalized_name_team
2026-09-16,2026-09-16T17:42:43.324112+00:00,2026-09-16,DraftKings official lineup CSV,https://www.draftkings.com/lineup/getavailableplayerscsv?contestTypeId=9&draftGroupId=153590,153590,9,Selected largest-prize regular Classic MLB draft group after excluding Turbo/Night/qualifier/satellite/showdown/snake/single-stat slates.,OF,Lucas Spence (44153095),Lucas Spence,44153095,OF,2000,KC@HOU 09/16/2026 08:10PM ET,09/16/2026 08:10PM ET,HOU,KC,home,3,,,needs_review_new_player,identity_name_team_map,No reviewed normalized-name/team identity alias; do not auto-guess.
2026-09-16,2026-09-16T17:42:43.324112+00:00,2026-09-16,DraftKings official lineup CSV,https://www.draftkings.com/lineup/getavailableplayerscsv?contestTypeId=9&draftGroupId=153590,153590,9,Selected largest-prize regular Classic MLB draft group after excluding Turbo/Night/qualifier/satellite/showdown/snake/single-stat slates.,1B/3B,Leo Jimenez (44153096),Leo Jimenez,44153096,1B/3B,2000,MIA@ARI 09/16/2026 09:40PM ET,09/16/2026 09:40PM ET,MIA,ARI,away,3.7,677870,Leo Jiménez,mapped,identity_name_team_map,Proposed from review candidates; basis=exact normalized name + team; role-compatible; statcast_batter_des_2026; confidence=high; sources=statcast_batter_des_2026
2026-09-16,2026-09-16T17:42:43.324112+00:00,2026-09-16,DraftKings official lineup CSV,https://www.draftkings.com/lineup/getavailableplayerscsv?contestTypeId=9&draftGroupId=153590,153590,9,Selected largest-prize regular Classic MLB draft group after excluding Turbo/Night/qualifier/satellite/showdown/snake/single-stat slates.,SS,Tsung-Che Cheng (44153098),Tsung-Che Cheng,44153098,SS,2000,BOS@TEX 09/16/2026 08:05PM ET,09/16/2026 08:05PM ET,BOS,TEX,away,4.6,,,needs_review_new_player,identity_name_team_map,No reviewed normalized-name/team identity alias; do not auto-guess.
2026-09-16,2026-09-16T17:42:43.324112+00:00,2026-09-16,DraftKings official lineup CSV,https://www.draftkings.com/lineup/getavailableplayerscsv?contestTypeId=9&draftGroupId=153590,153590,9,Selected largest-prize regular Classic MLB draft group after excluding Turbo/Night/qualifier/satellite/showdown/snake/single-stat slates.,C,Collin Price (44153099),Collin Price,44153099,C,2000,KC@HOU 09/16/2026 08:10PM ET,09/16/2026 08:10PM ET,HOU,KC,home,1.7,805672,Collin Price,mapped,identity_name_team_map,Stable identity seed from old DK-ID map. Pilot join status: matched via normalized_name_team
2026-09-16,2026-09-16T17:42:43.324112+00:00,2026-09-16,DraftKings official lineup CSV,https://www.draftkings.com/lineup/getavailableplayerscsv?contestTypeId=9&draftGroupId=153590,153590,9,Selected largest-prize regular Classic MLB draft group after excluding Turbo/Night/qualifier/satellite/showdown/snake/single-stat slates.,OF,Jake Meyers (44153100),Jake Meyers,44153100,OF,2000,KC@HOU 09/16/2026 08:10PM ET,09/16/2026 08:10PM ET,HOU,KC,home,3.5,676694,Jake Meyers,mapped,identity_name_team_map,Stable identity seed from old DK-ID map. Pilot join status: matched via normalized_name_team
2026-09-16,2026-09-16T17:42:43.324112+00:00,2026-09-16,DraftKings official lineup CSV,https://www.draftkings.com/lineup/getavailableplayerscsv?contestTypeId=9&draftGroupId=153590,153590,9,Selected largest-prize regular Classic MLB draft group after excluding Turbo/Night/qualifier/satellite/showdown/snake/single-stat slates.,2B,Will Wagner (44153101),Will Wagner,44153101,2B,2000,SD@COL 09/16/2026 08:40PM ET,09/16/2026 08:40PM ET,SD,COL,away,3.7,695238,Will Wagner,mapped,identity_name_team_map,Stable identity seed from old DK-ID map. Pilot join status: matched_people_search_name via mlb_people_search_normalized_name
2026-09-16,2026-09-16T17:42:43.324112+00:00,2026-09-16,DraftKings official lineup CSV,https://www.draftkings.com/lineup/getavailableplayerscsv?contestTypeId=9&draftGroupId=153590,153590,9,Selected largest-prize regular Classic MLB draft group after excluding Turbo/Night/qualifier/satellite/showdown/snake/single-stat slates.,2B/3B,Jorge Polanco (44153102),Jorge Polanco,44153102,2B/3B,2000,BAL@NYM 09/16/2026 07:10PM ET,09/16/2026 07:10PM ET,NYM,BAL,home,3.5,593871,Jorge Polanco,mapped,identity_name_team_map,Stable identity seed from old DK-ID map. Pilot join status: matched via normalized_name_team
2026-09-16,2026-09-16T17:42:43.324112+00:00,2026-09-16,DraftKings official lineup CSV,https://www.draftkings.com/lineup/getavailableplayerscsv?contestTypeId=9&draftGroupId=153590,153590,9,Selected largest-prize regular Classic MLB draft group after excluding Turbo/Night/qualifier/satellite/showdown/snake/single-stat slates.,1B,Eric Wagaman (44153104),Eric Wagaman,44153104,1B,2000,BAL@NYM 09/16/2026 07:10PM ET,09/16/2026 07:10PM ET,NYM,BAL,home,2.7,676572,Eric Wagaman,mapped,identity_name_team_map,Stable identity seed from old DK-ID map. Pilot join status: matched via normalized_name_team
2026-09-16,2026-09-16T17:42:43.324112+00:00,2026-09-16,DraftKings official lineup CSV,https://www.draftkings.com/lineup/getavailableplayerscsv?contestTypeId=9&draftGroupId=153590,153590,9,Selected largest-prize regular Classic MLB draft group after excluding Turbo/Night/qualifier/satellite/showdown/snake/single-stat slates.,C,Hayden Senger (44153105),Hayden Senger,44153105,C,2000,BAL@NYM 09/16/2026 07:10PM ET,09/16/2026 07:10PM ET,NYM,BAL,home,3,663584,Hayden Senger,mapped,identity_name_team_map,Stable identity seed from old DK-ID map. Pilot join status: matched via normalized_name_team
2026-09-16,2026-09-16T17:42:43.324112+00:00,2026-09-16,DraftKings official lineup CSV,https://www.draftkings.com/lineup/getavailableplayerscsv?contestTypeId=9&draftGroupId=153590,153590,9,Selected largest-prize regular Classic MLB draft group after excluding Turbo/Night/qualifier/satellite/showdown/snake/single-stat slates.,OF,Kevin Alcantara (44153106),Kevin Alcantara,44153106,OF,2000,ATL@CHC 09/16/2026 07:40PM ET,09/16/2026 07:40PM ET,CHC,ATL,home,2.2,682634,Kevin Alcántara,mapped,identity_name_team_map,Stable identity seed from old DK-ID map. Pilot join status: matched via normalized_name_team
2026-09-16,2026-09-16T17:42:43.324112+00:00,2026-09-16,DraftKings official lineup CSV,https://www.draftkings.com/lineup/getavailableplayerscsv?contestTypeId=9&draftGroupId=153590,153590,9,Selected largest-prize regular Classic MLB draft group after excluding Turbo/Night/qualifier/satellite/showdown/snake/single-stat slates.,1B/3B,Patrick Wisdom (44153107),Patrick Wisdom,44153107,1B/3B,2000,SEA@LAA 09/16/2026 09:38PM ET,09/16/2026 09:38PM ET,SEA,LAA,away,2.3,,,needs_review_new_player,identity_name_team_map,No reviewed normalized-name/team identity alias; do not auto-guess.
2026-09-16,2026-09-16T17:42:43.324112+00:00,2026-09-16,DraftKings official lineup CSV,https://www.draftkings.com/lineup/getavailableplayerscsv?contestTypeId=9&draftGroupId=153590,153590,9,Selected largest-prize regular Classic MLB draft group after excluding Turbo/Night/qualifier/satellite/showdown/snake/single-stat slates.,SS,Ronny Mauricio (44153109),Ronny Mauricio,44153109,SS,2000,BAL@NYM 09/16/2026 07:10PM ET,09/16/2026 07:10PM ET,NYM,BAL,home,2.8,677595,Ronny Mauricio,mapped,identity_name_team_map,Stable identity seed from old DK-ID map. Pilot join status: matched via normalized_name_team
2026-09-16,2026-09-16T17:42:43.324112+00:00,2026-09-16,DraftKings official lineup CSV,https://www.draftkings.com/lineup/getavailableplayerscsv?contestTypeId=9&draftGroupId=153590,153590,9,Selected largest-prize regular Classic MLB draft group after excluding Turbo/Night/qualifier/satellite/showdown/snake/single-stat slates.,OF,Justin Dean (44153110),Justin Dean,44153110,OF,2000,ATL@CHC 09/16/2026 07:40PM ET,09/16/2026 07:40PM ET,CHC,ATL,home,2.1,681909,Justin Dean,mapped,identity_name_team_map,Stable identity seed from old DK-ID map. Pilot join status: matched_people_search_name via mlb_people_search_normalized_name
2026-09-16,2026-09-16T17:42:43.324112+00:00,2026-09-16,DraftKings official lineup CSV,https://www.draftkings.com/lineup/getavailableplayerscsv?contestTypeId=9&draftGroupId=153590,153590,9,Selected largest-prize regular Classic MLB draft group after excluding Turbo/Night/qualifier/satellite/showdown/snake/single-stat slates.,SS,Jacob Amaya (44153111),Jacob Amaya,44153111,SS,2000,MIA@ARI 09/16/2026 09:40PM ET,09/16/2026 09:40PM ET,ARI,MIA,home,0,,,needs_review_new_player,identity_name_team_map,No reviewed normalized-name/team identity alias; do not auto-guess.
2026-09-16,2026-09-16T17:42:43.324112+00:00,2026-09-16,DraftKings official lineup CSV,https://www.draftkings.com/lineup/getavailableplayerscsv?contestTypeId=9&draftGroupId=153590,153590,9,Selected largest-prize regular Classic MLB draft group after excluding Turbo/Night/qualifier/satellite/showdown/snake/single-stat slates.,C,Blake Hunt (44153112),Blake Hunt,44153112,C,2000,SD@COL 09/16/2026 08:40PM ET,09/16/2026 08:40PM ET,SD,COL,away,0,,,needs_review_new_player,identity_name_team_map,No reviewed normalized-name/team identity alias; do not auto-guess.
2026-09-16,2026-09-16T17:42:43.324112+00:00,2026-09-16,DraftKings official lineup CSV,https://www.draftkings.com/lineup/getavailableplayerscsv?contestTypeId=9&draftGroupId=153590,153590,9,Selected largest-prize regular Classic MLB draft group after excluding Turbo/Night/qualifier/satellite/showdown/snake/single-stat slates.,C,Rodolfo Duran (44153113),Rodolfo Duran,44153113,C,2000,SD@COL 09/16/2026 08:40PM ET,09/16/2026 08:40PM ET,SD,COL,away,2.9,660710,Rodolfo Durán,mapped,identity_name_team_map,Stable identity seed from old DK-ID map. Pilot join status: matched via normalized_name_team
2026-09-16,2026-09-16T17:42:43.324112+00:00,2026-09-16,DraftKings official lineup CSV,https://www.draftkings.com/lineup/getavailableplayerscsv?contestTypeId=9&draftGroupId=153590,153590,9,Selected largest-prize regular Classic MLB draft group after excluding Turbo/Night/qualifier/satellite/showdown/snake/single-stat slates.,2B/3B,James Triantos (44153114),James Triantos,44153114,2B/3B,2000,ATL@CHC 09/16/2026 07:40PM ET,09/16/2026 07:40PM ET,CHC,ATL,home,1.3,701649,James Triantos,mapped,identity_name_team_map,Stable identity seed from old DK-ID map. Pilot join status: matched_people_search_name via mlb_people_search_normalized_name
2026-09-16,2026-09-16T17:42:43.324112+00:00,2026-09-16,DraftKings official lineup CSV,https://www.draftkings.com/lineup/getavailableplayerscsv?contestTypeId=9&draftGroupId=153590,153590,9,Selected largest-prize regular Classic MLB draft group after excluding Turbo/Night/qualifier/satellite/showdown/snake/single-stat slates.,3B/SS,Leo Rivas (44153116),Leo Rivas,44153116,3B/SS,2000,SEA@LAA 09/16/2026 09:38PM ET,09/16/2026 09:38PM ET,SEA,LAA,away,3.1,,,needs_review_new_player,identity_name_team_map,No reviewed normalized-name/team identity alias; do not auto-guess.
