captureDate,capturedAtUtc,slateDate,source,sourceUrl,draftGroupId,contestTypeId,selectionReason,position,namePlusId,dkName,dkPlayerId,rosterPosition,salary,gameInfo,gameDateTimeEt,teamAbbrev,opponent,homeAway,avgPointsPerGame,mlbamId,mlbName,joinStatus,joinMethod,joinNote
2026-06-19,2026-06-19T16:19:46.381495+00:00,2026-06-19,DraftKings official lineup CSV,https://www.draftkings.com/lineup/getavailableplayerscsv?contestTypeId=9&draftGroupId=149344,149344,9,Selected largest-prize regular Classic MLB draft group after excluding Turbo/Night/qualifier/satellite/showdown/snake/single-stat slates.,SP,Jacob Misiorowski (43320668),Jacob Misiorowski,43320668,P,12500,MIL@ATL 06/19/2026 07:15PM ET,06/19/2026 07:15PM ET,MIL,ATL,away,30.44,694819,Jacob Misiorowski,mapped,identity_name_team_map,Stable identity seed from old DK-ID map. Pilot join status: matched via normalized_name_team
2026-06-19,2026-06-19T16:19:46.381495+00:00,2026-06-19,DraftKings official lineup CSV,https://www.draftkings.com/lineup/getavailableplayerscsv?contestTypeId=9&draftGroupId=149344,149344,9,Selected largest-prize regular Classic MLB draft group after excluding Turbo/Night/qualifier/satellite/showdown/snake/single-stat slates.,SP,Tyler Glasnow (43321268),Tyler Glasnow,43321268,P,11800,BAL@LAD 06/19/2026 10:10PM ET,06/19/2026 10:10PM ET,LAD,BAL,home,22.21,,,needs_review_new_player,identity_name_team_map,No reviewed normalized-name/team identity alias; do not auto-guess.
2026-06-19,2026-06-19T16:19:46.381495+00:00,2026-06-19,DraftKings official lineup CSV,https://www.draftkings.com/lineup/getavailableplayerscsv?contestTypeId=9&draftGroupId=149344,149344,9,Selected largest-prize regular Classic MLB draft group after excluding Turbo/Night/qualifier/satellite/showdown/snake/single-stat slates.,SP,Chris Sale (43320669),Chris Sale,43320669,P,11200,MIL@ATL 06/19/2026 07:15PM ET,06/19/2026 07:15PM ET,ATL,MIL,home,22.94,519242,Chris Sale,mapped,identity_name_team_map,Stable identity seed from old DK-ID map. Pilot join status: matched via normalized_name_team
2026-06-19,2026-06-19T16:19:46.381495+00:00,2026-06-19,DraftKings official lineup CSV,https://www.draftkings.com/lineup/getavailableplayerscsv?contestTypeId=9&draftGroupId=149344,149344,9,Selected largest-prize regular Classic MLB draft group after excluding Turbo/Night/qualifier/satellite/showdown/snake/single-stat slates.,SP,Yoshinobu Yamamoto (43321269),Yoshinobu Yamamoto,43321269,P,11200,BAL@LAD 06/19/2026 10:10PM ET,06/19/2026 10:10PM ET,LAD,BAL,home,22.14,,,needs_review_new_player,identity_name_team_map,No reviewed normalized-name/team identity alias; do not auto-guess.
2026-06-19,2026-06-19T16:19:46.381495+00:00,2026-06-19,DraftKings official lineup CSV,https://www.draftkings.com/lineup/getavailableplayerscsv?contestTypeId=9&draftGroupId=149344,149344,9,Selected largest-prize regular Classic MLB draft group after excluding Turbo/Night/qualifier/satellite/showdown/snake/single-stat slates.,SP,Chase Burns (43321270),Chase Burns,43321270,P,10600,CIN@NYY 06/19/2026 07:05PM ET,06/19/2026 07:05PM ET,CIN,NYY,away,22.74,695505,Chase Burns,mapped,identity_name_team_map,Stable identity seed from old DK-ID map. Pilot join status: matched via normalized_name_team
2026-06-19,2026-06-19T16:19:46.381495+00:00,2026-06-19,DraftKings official lineup CSV,https://www.draftkings.com/lineup/getavailableplayerscsv?contestTypeId=9&draftGroupId=149344,149344,9,Selected largest-prize regular Classic MLB draft group after excluding Turbo/Night/qualifier/satellite/showdown/snake/single-stat slates.,RP,Kyle Harrison (43321271),Kyle Harrison,43321271,P,10500,MIL@ATL 06/19/2026 07:15PM ET,06/19/2026 07:15PM ET,MIL,ATL,away,19.86,690986,Kyle Harrison,mapped,identity_name_team_map,Stable identity seed from old DK-ID map. Pilot join status: matched via normalized_name_team
2026-06-19,2026-06-19T16:19:46.381495+00:00,2026-06-19,DraftKings official lineup CSV,https://www.draftkings.com/lineup/getavailableplayerscsv?contestTypeId=9&draftGroupId=149344,149344,9,Selected largest-prize regular Classic MLB draft group after excluding Turbo/Night/qualifier/satellite/showdown/snake/single-stat slates.,SP,Hunter Brown (43321272),Hunter Brown,43321272,P,10400,CLE@HOU 06/19/2026 08:10PM ET,06/19/2026 08:10PM ET,HOU,CLE,home,24.85,686613,Hunter Brown,mapped,identity_name_team_map,Stable identity seed from old DK-ID map. Pilot join status: matched via normalized_name_team
2026-06-19,2026-06-19T16:19:46.381495+00:00,2026-06-19,DraftKings official lineup CSV,https://www.draftkings.com/lineup/getavailableplayerscsv?contestTypeId=9&draftGroupId=149344,149344,9,Selected largest-prize regular Classic MLB draft group after excluding Turbo/Night/qualifier/satellite/showdown/snake/single-stat slates.,SP,Cam Schlittler (43320670),Cam Schlittler,43320670,P,10400,CIN@NYY 06/19/2026 07:05PM ET,06/19/2026 07:05PM ET,NYY,CIN,home,22.34,,,needs_review_new_player,identity_name_team_map,No reviewed normalized-name/team identity alias; do not auto-guess.
2026-06-19,2026-06-19T16:19:46.381495+00:00,2026-06-19,DraftKings official lineup CSV,https://www.draftkings.com/lineup/getavailableplayerscsv?contestTypeId=9&draftGroupId=149344,149344,9,Selected largest-prize regular Classic MLB draft group after excluding Turbo/Night/qualifier/satellite/showdown/snake/single-stat slates.,SP,Jacob deGrom (43320671),Jacob deGrom,43320671,P,10000,SD@TEX 06/19/2026 08:05PM ET,06/19/2026 08:05PM ET,TEX,SD,home,19.35,594798,Jacob deGrom,mapped,identity_name_team_map,Stable identity seed from old DK-ID map. Pilot join status: matched via normalized_name_team
2026-06-19,2026-06-19T16:19:46.381495+00:00,2026-06-19,DraftKings official lineup CSV,https://www.draftkings.com/lineup/getavailableplayerscsv?contestTypeId=9&draftGroupId=149344,149344,9,Selected largest-prize regular Classic MLB draft group after excluding Turbo/Night/qualifier/satellite/showdown/snake/single-stat slates.,SP,Spencer Arrighetti (43321274),Spencer Arrighetti,43321274,P,10000,CLE@HOU 06/19/2026 08:10PM ET,06/19/2026 08:10PM ET,HOU,CLE,home,18.32,681293,Spencer Arrighetti,mapped,identity_name_team_map,Stable identity seed from old DK-ID map. Pilot join status: matched via normalized_name_team
2026-06-19,2026-06-19T16:19:46.381495+00:00,2026-06-19,DraftKings official lineup CSV,https://www.draftkings.com/lineup/getavailableplayerscsv?contestTypeId=9&draftGroupId=149344,149344,9,Selected largest-prize regular Classic MLB draft group after excluding Turbo/Night/qualifier/satellite/showdown/snake/single-stat slates.,SP,Logan Gilbert (43321273),Logan Gilbert,43321273,P,10000,BOS@SEA 06/19/2026 10:10PM ET,06/19/2026 10:10PM ET,SEA,BOS,home,18.44,,,needs_review_new_player,identity_name_team_map,No reviewed normalized-name/team identity alias; do not auto-guess.
2026-06-19,2026-06-19T16:19:46.381495+00:00,2026-06-19,DraftKings official lineup CSV,https://www.draftkings.com/lineup/getavailableplayerscsv?contestTypeId=9&draftGroupId=149344,149344,9,Selected largest-prize regular Classic MLB draft group after excluding Turbo/Night/qualifier/satellite/showdown/snake/single-stat slates.,SP,Garrett Crochet (43321275),Garrett Crochet,43321275,P,9900,BOS@SEA 06/19/2026 10:10PM ET,06/19/2026 10:10PM ET,BOS,SEA,away,13.78,,,needs_review_new_player,identity_name_team_map,No reviewed normalized-name/team identity alias; do not auto-guess.
2026-06-19,2026-06-19T16:19:46.381495+00:00,2026-06-19,DraftKings official lineup CSV,https://www.draftkings.com/lineup/getavailableplayerscsv?contestTypeId=9&draftGroupId=149344,149344,9,Selected largest-prize regular Classic MLB draft group after excluding Turbo/Night/qualifier/satellite/showdown/snake/single-stat slates.,SP,Jose Soriano (43321277),Jose Soriano,43321277,P,9800,LAA@ATH 06/19/2026 09:40PM ET,06/19/2026 09:40PM ET,LAA,ATH,away,19.45,667755,José Soriano,mapped,identity_name_team_map,Stable identity seed from old DK-ID map. Pilot join status: matched via normalized_name_team
2026-06-19,2026-06-19T16:19:46.381495+00:00,2026-06-19,DraftKings official lineup CSV,https://www.draftkings.com/lineup/getavailableplayerscsv?contestTypeId=9&draftGroupId=149344,149344,9,Selected largest-prize regular Classic MLB draft group after excluding Turbo/Night/qualifier/satellite/showdown/snake/single-stat slates.,SP,Spencer Schwellenbach (43321278),Spencer Schwellenbach,43321278,P,9800,MIL@ATL 06/19/2026 07:15PM ET,06/19/2026 07:15PM ET,ATL,MIL,home,0,680885,Spencer Schwellenbach,mapped,identity_name_team_map,Stable identity seed from old DK-ID map. Pilot join status: matched_people_search_name via mlb_people_search_normalized_name
2026-06-19,2026-06-19T16:19:46.381495+00:00,2026-06-19,DraftKings official lineup CSV,https://www.draftkings.com/lineup/getavailableplayerscsv?contestTypeId=9&draftGroupId=149344,149344,9,Selected largest-prize regular Classic MLB draft group after excluding Turbo/Night/qualifier/satellite/showdown/snake/single-stat slates.,SP,Gerrit Cole (43321276),Gerrit Cole,43321276,P,9800,CIN@NYY 06/19/2026 07:05PM ET,06/19/2026 07:05PM ET,NYY,CIN,home,17.12,,,needs_review_new_player,identity_name_team_map,No reviewed normalized-name/team identity alias; do not auto-guess.
2026-06-19,2026-06-19T16:19:46.381495+00:00,2026-06-19,DraftKings official lineup CSV,https://www.draftkings.com/lineup/getavailableplayerscsv?contestTypeId=9&draftGroupId=149344,149344,9,Selected largest-prize regular Classic MLB draft group after excluding Turbo/Night/qualifier/satellite/showdown/snake/single-stat slates.,SP,Peter Lambert (43321279),Peter Lambert,43321279,P,9600,CLE@HOU 06/19/2026 08:10PM ET,06/19/2026 08:10PM ET,HOU,CLE,home,17.49,663567,Peter Lambert,mapped,identity_name_team_map,Stable identity seed from old DK-ID map. Pilot join status: matched via normalized_name_team
2026-06-19,2026-06-19T16:19:46.381495+00:00,2026-06-19,DraftKings official lineup CSV,https://www.draftkings.com/lineup/getavailableplayerscsv?contestTypeId=9&draftGroupId=149344,149344,9,Selected largest-prize regular Classic MLB draft group after excluding Turbo/Night/qualifier/satellite/showdown/snake/single-stat slates.,SP,Brandon Woodruff (43321280),Brandon Woodruff,43321280,P,9400,MIL@ATL 06/19/2026 07:15PM ET,06/19/2026 07:15PM ET,MIL,ATL,away,13.72,605540,Brandon Woodruff,mapped,identity_name_team_map,Stable identity seed from old DK-ID map. Pilot join status: matched via normalized_name_team
2026-06-19,2026-06-19T16:19:46.381495+00:00,2026-06-19,DraftKings official lineup CSV,https://www.draftkings.com/lineup/getavailableplayerscsv?contestTypeId=9&draftGroupId=149344,149344,9,Selected largest-prize regular Classic MLB draft group after excluding Turbo/Night/qualifier/satellite/showdown/snake/single-stat slates.,SP,Logan Henderson (43321281),Logan Henderson,43321281,P,9400,MIL@ATL 06/19/2026 07:15PM ET,06/19/2026 07:15PM ET,MIL,ATL,away,18.27,701656,Logan Henderson,mapped,identity_name_team_map,Stable identity seed from old DK-ID map. Pilot join status: matched via normalized_name_team
2026-06-19,2026-06-19T16:19:46.381495+00:00,2026-06-19,DraftKings official lineup CSV,https://www.draftkings.com/lineup/getavailableplayerscsv?contestTypeId=9&draftGroupId=149344,149344,9,Selected largest-prize regular Classic MLB draft group after excluding Turbo/Night/qualifier/satellite/showdown/snake/single-stat slates.,RP,Spencer Strider (43321286),Spencer Strider,43321286,P,9400,MIL@ATL 06/19/2026 07:15PM ET,06/19/2026 07:15PM ET,ATL,MIL,home,14.67,675911,Spencer Strider,mapped,identity_name_team_map,Stable identity seed from old DK-ID map. Pilot join status: matched via normalized_name_team
2026-06-19,2026-06-19T16:19:46.381495+00:00,2026-06-19,DraftKings official lineup CSV,https://www.draftkings.com/lineup/getavailableplayerscsv?contestTypeId=9&draftGroupId=149344,149344,9,Selected largest-prize regular Classic MLB draft group after excluding Turbo/Night/qualifier/satellite/showdown/snake/single-stat slates.,SP,Max Meyer (43320672),Max Meyer,43320672,P,9400,SF@MIA 06/19/2026 07:10PM ET,06/19/2026 07:10PM ET,MIA,SF,home,19.78,676974,Max Meyer,mapped,identity_name_team_map,Proposed from review candidates; basis=exact normalized name + team; role-compatible; hot-dog-stand-latest.json|statcast_pitcher_2026; confidence=high; sources=hot-dog-stand-latest.json|statcast_pitcher_2026
2026-06-19,2026-06-19T16:19:46.381495+00:00,2026-06-19,DraftKings official lineup CSV,https://www.draftkings.com/lineup/getavailableplayerscsv?contestTypeId=9&draftGroupId=149344,149344,9,Selected largest-prize regular Classic MLB draft group after excluding Turbo/Night/qualifier/satellite/showdown/snake/single-stat slates.,SP,Logan Webb (43321282),Logan Webb,43321282,P,9400,SF@MIA 06/19/2026 07:10PM ET,06/19/2026 07:10PM ET,SF,MIA,away,16.74,657277,Logan Webb,mapped,identity_name_team_map,Stable identity seed from old DK-ID map. Pilot join status: matched via normalized_name_team
2026-06-19,2026-06-19T16:19:46.381495+00:00,2026-06-19,DraftKings official lineup CSV,https://www.draftkings.com/lineup/getavailableplayerscsv?contestTypeId=9&draftGroupId=149344,149344,9,Selected largest-prize regular Classic MLB draft group after excluding Turbo/Night/qualifier/satellite/showdown/snake/single-stat slates.,SP,George Kirby (43321283),George Kirby,43321283,P,9400,BOS@SEA 06/19/2026 10:10PM ET,06/19/2026 10:10PM ET,SEA,BOS,home,15.27,,,needs_review_new_player,identity_name_team_map,No reviewed normalized-name/team identity alias; do not auto-guess.
2026-06-19,2026-06-19T16:19:46.381495+00:00,2026-06-19,DraftKings official lineup CSV,https://www.draftkings.com/lineup/getavailableplayerscsv?contestTypeId=9&draftGroupId=149344,149344,9,Selected largest-prize regular Classic MLB draft group after excluding Turbo/Night/qualifier/satellite/showdown/snake/single-stat slates.,SP,Blake Snell (43321285),Blake Snell,43321285,P,9400,BAL@LAD 06/19/2026 10:10PM ET,06/19/2026 10:10PM ET,LAD,BAL,home,3.95,,,needs_review_new_player,identity_name_team_map,No reviewed normalized-name/team identity alias; do not auto-guess.
2026-06-19,2026-06-19T16:19:46.381495+00:00,2026-06-19,DraftKings official lineup CSV,https://www.draftkings.com/lineup/getavailableplayerscsv?contestTypeId=9&draftGroupId=149344,149344,9,Selected largest-prize regular Classic MLB draft group after excluding Turbo/Night/qualifier/satellite/showdown/snake/single-stat slates.,SP,Carlos Rodon (43321284),Carlos Rodon,43321284,P,9400,CIN@NYY 06/19/2026 07:05PM ET,06/19/2026 07:05PM ET,NYY,CIN,home,17.06,,,needs_review_new_player,identity_name_team_map,No reviewed normalized-name/team identity alias; do not auto-guess.
2026-06-19,2026-06-19T16:19:46.381495+00:00,2026-06-19,DraftKings official lineup CSV,https://www.draftkings.com/lineup/getavailableplayerscsv?contestTypeId=9&draftGroupId=149344,149344,9,Selected largest-prize regular Classic MLB draft group after excluding Turbo/Night/qualifier/satellite/showdown/snake/single-stat slates.,SP,Gavin Williams (43321287),Gavin Williams,43321287,P,9300,CLE@HOU 06/19/2026 08:10PM ET,06/19/2026 08:10PM ET,CLE,HOU,away,20.48,,,needs_review_new_player,identity_name_team_map,No reviewed normalized-name/team identity alias; do not auto-guess.
2026-06-19,2026-06-19T16:19:46.381495+00:00,2026-06-19,DraftKings official lineup CSV,https://www.draftkings.com/lineup/getavailableplayerscsv?contestTypeId=9&draftGroupId=149344,149344,9,Selected largest-prize regular Classic MLB draft group after excluding Turbo/Night/qualifier/satellite/showdown/snake/single-stat slates.,SP,Max Fried (43321288),Max Fried,43321288,P,9300,CIN@NYY 06/19/2026 07:05PM ET,06/19/2026 07:05PM ET,NYY,CIN,home,17.24,,,needs_review_new_player,identity_name_team_map,No reviewed normalized-name/team identity alias; do not auto-guess.
2026-06-19,2026-06-19T16:19:46.381495+00:00,2026-06-19,DraftKings official lineup CSV,https://www.draftkings.com/lineup/getavailableplayerscsv?contestTypeId=9&draftGroupId=149344,149344,9,Selected largest-prize regular Classic MLB draft group after excluding Turbo/Night/qualifier/satellite/showdown/snake/single-stat slates.,SP,Michael Soroka (43320673),Michael Soroka,43320673,P,9200,MIN@ARI 06/19/2026 09:45PM ET,06/19/2026 09:45PM ET,ARI,MIN,home,18.65,,,needs_review_new_player,identity_name_team_map,No reviewed normalized-name/team identity alias; do not auto-guess.
2026-06-19,2026-06-19T16:19:46.381495+00:00,2026-06-19,DraftKings official lineup CSV,https://www.draftkings.com/lineup/getavailableplayerscsv?contestTypeId=9&draftGroupId=149344,149344,9,Selected largest-prize regular Classic MLB draft group after excluding Turbo/Night/qualifier/satellite/showdown/snake/single-stat slates.,SP,Joe Ryan (43321291),Joe Ryan,43321291,P,9200,MIN@ARI 06/19/2026 09:45PM ET,06/19/2026 09:45PM ET,MIN,ARI,away,18.83,657746,Joe Ryan,mapped,identity_name_team_map,Proposed from review candidates; basis=exact normalized name + team; role-compatible; hot-dog-stand-latest.json|statcast_pitcher_2026; confidence=high; sources=hot-dog-stand-latest.json|statcast_pitcher_2026
2026-06-19,2026-06-19T16:19:46.381495+00:00,2026-06-19,DraftKings official lineup CSV,https://www.draftkings.com/lineup/getavailableplayerscsv?contestTypeId=9&draftGroupId=149344,149344,9,Selected largest-prize regular Classic MLB draft group after excluding Turbo/Night/qualifier/satellite/showdown/snake/single-stat slates.,RP,Braxton Ashcraft (43321289),Braxton Ashcraft,43321289,P,9200,PIT@COL 06/19/2026 08:40PM ET,06/19/2026 08:40PM ET,PIT,COL,away,19.63,,,needs_review_new_player,identity_name_team_map,No reviewed normalized-name/team identity alias; do not auto-guess.
2026-06-19,2026-06-19T16:19:46.381495+00:00,2026-06-19,DraftKings official lineup CSV,https://www.draftkings.com/lineup/getavailableplayerscsv?contestTypeId=9&draftGroupId=149344,149344,9,Selected largest-prize regular Classic MLB draft group after excluding Turbo/Night/qualifier/satellite/showdown/snake/single-stat slates.,RP,Ryan Weathers (43321290),Ryan Weathers,43321290,P,9200,CIN@NYY 06/19/2026 07:05PM ET,06/19/2026 07:05PM ET,NYY,CIN,home,17.02,,,needs_review_new_player,identity_name_team_map,No reviewed normalized-name/team identity alias; do not auto-guess.
2026-06-19,2026-06-19T16:19:46.381495+00:00,2026-06-19,DraftKings official lineup CSV,https://www.draftkings.com/lineup/getavailableplayerscsv?contestTypeId=9&draftGroupId=149344,149344,9,Selected largest-prize regular Classic MLB draft group after excluding Turbo/Night/qualifier/satellite/showdown/snake/single-stat slates.,RP,AJ Smith-Shawver (43321292),AJ Smith-Shawver,43321292,P,9100,MIL@ATL 06/19/2026 07:15PM ET,06/19/2026 07:15PM ET,ATL,MIL,home,0,700363,AJ Smith-Shawver,mapped,identity_name_team_map,Stable identity seed from old DK-ID map. Pilot join status: matched_people_search_name via mlb_people_search_normalized_name
2026-06-19,2026-06-19T16:19:46.381495+00:00,2026-06-19,DraftKings official lineup CSV,https://www.draftkings.com/lineup/getavailableplayerscsv?contestTypeId=9&draftGroupId=149344,149344,9,Selected largest-prize regular Classic MLB draft group after excluding Turbo/Night/qualifier/satellite/showdown/snake/single-stat slates.,SP,Drew Rasmussen (43321294),Drew Rasmussen,43321294,P,9000,WSH@TB 06/19/2026 07:10PM ET,06/19/2026 07:10PM ET,TB,WSH,home,20.24,,,needs_review_new_player,identity_name_team_map,No reviewed normalized-name/team identity alias; do not auto-guess.
2026-06-19,2026-06-19T16:19:46.381495+00:00,2026-06-19,DraftKings official lineup CSV,https://www.draftkings.com/lineup/getavailableplayerscsv?contestTypeId=9&draftGroupId=149344,149344,9,Selected largest-prize regular Classic MLB draft group after excluding Turbo/Night/qualifier/satellite/showdown/snake/single-stat slates.,RP,Paul Skenes (43321295),Paul Skenes,43321295,P,9000,PIT@COL 06/19/2026 08:40PM ET,06/19/2026 08:40PM ET,PIT,COL,away,19.95,,,needs_review_new_player,identity_name_team_map,No reviewed normalized-name/team identity alias; do not auto-guess.
2026-06-19,2026-06-19T16:19:46.381495+00:00,2026-06-19,DraftKings official lineup CSV,https://www.draftkings.com/lineup/getavailableplayerscsv?contestTypeId=9&draftGroupId=149344,149344,9,Selected largest-prize regular Classic MLB draft group after excluding Turbo/Night/qualifier/satellite/showdown/snake/single-stat slates.,SP,Emmet Sheehan (43321293),Emmet Sheehan,43321293,P,9000,BAL@LAD 06/19/2026 10:10PM ET,06/19/2026 10:10PM ET,LAD,BAL,home,14.16,,,needs_review_new_player,identity_name_team_map,No reviewed normalized-name/team identity alias; do not auto-guess.
2026-06-19,2026-06-19T16:19:46.381495+00:00,2026-06-19,DraftKings official lineup CSV,https://www.draftkings.com/lineup/getavailableplayerscsv?contestTypeId=9&draftGroupId=149344,149344,9,Selected largest-prize regular Classic MLB draft group after excluding Turbo/Night/qualifier/satellite/showdown/snake/single-stat slates.,SP,Corbin Burnes (43321297),Corbin Burnes,43321297,P,8900,MIN@ARI 06/19/2026 09:45PM ET,06/19/2026 09:45PM ET,ARI,MIN,home,0,,,needs_review_new_player,identity_name_team_map,No reviewed normalized-name/team identity alias; do not auto-guess.
2026-06-19,2026-06-19T16:19:46.381495+00:00,2026-06-19,DraftKings official lineup CSV,https://www.draftkings.com/lineup/getavailableplayerscsv?contestTypeId=9&draftGroupId=149344,149344,9,Selected largest-prize regular Classic MLB draft group after excluding Turbo/Night/qualifier/satellite/showdown/snake/single-stat slates.,SP,Bryce Miller (43320674),Bryce Miller,43320674,P,8900,BOS@SEA 06/19/2026 10:10PM ET,06/19/2026 10:10PM ET,SEA,BOS,home,22.62,,,needs_review_new_player,identity_name_team_map,No reviewed normalized-name/team identity alias; do not auto-guess.
2026-06-19,2026-06-19T16:19:46.381495+00:00,2026-06-19,DraftKings official lineup CSV,https://www.draftkings.com/lineup/getavailableplayerscsv?contestTypeId=9&draftGroupId=149344,149344,9,Selected largest-prize regular Classic MLB draft group after excluding Turbo/Night/qualifier/satellite/showdown/snake/single-stat slates.,SP,Justin Wrobleski (43321296),Justin Wrobleski,43321296,P,8900,BAL@LAD 06/19/2026 10:10PM ET,06/19/2026 10:10PM ET,LAD,BAL,home,16.41,,,needs_review_new_player,identity_name_team_map,No reviewed normalized-name/team identity alias; do not auto-guess.
2026-06-19,2026-06-19T16:19:46.381495+00:00,2026-06-19,DraftKings official lineup CSV,https://www.draftkings.com/lineup/getavailableplayerscsv?contestTypeId=9&draftGroupId=149344,149344,9,Selected largest-prize regular Classic MLB draft group after excluding Turbo/Night/qualifier/satellite/showdown/snake/single-stat slates.,SP,Chad Patrick (43321299),Chad Patrick,43321299,P,8800,MIL@ATL 06/19/2026 07:15PM ET,06/19/2026 07:15PM ET,MIL,ATL,away,7.95,694477,Chad Patrick,mapped,identity_name_team_map,Stable identity seed from old DK-ID map. Pilot join status: matched via normalized_name_team
2026-06-19,2026-06-19T16:19:46.381495+00:00,2026-06-19,DraftKings official lineup CSV,https://www.draftkings.com/lineup/getavailableplayerscsv?contestTypeId=9&draftGroupId=149344,149344,9,Selected largest-prize regular Classic MLB draft group after excluding Turbo/Night/qualifier/satellite/showdown/snake/single-stat slates.,SP,Hurston Waldrep (43321301),Hurston Waldrep,43321301,P,8800,MIL@ATL 06/19/2026 07:15PM ET,06/19/2026 07:15PM ET,ATL,MIL,home,0,694462,Hurston Waldrep,mapped,identity_name_team_map,Stable identity seed from old DK-ID map. Pilot join status: matched_people_search_name via mlb_people_search_normalized_name
2026-06-19,2026-06-19T16:19:46.381495+00:00,2026-06-19,DraftKings official lineup CSV,https://www.draftkings.com/lineup/getavailableplayerscsv?contestTypeId=9&draftGroupId=149344,149344,9,Selected largest-prize regular Classic MLB draft group after excluding Turbo/Night/qualifier/satellite/showdown/snake/single-stat slates.,SP,Nick Pivetta (43321300),Nick Pivetta,43321300,P,8800,SD@TEX 06/19/2026 08:05PM ET,06/19/2026 08:05PM ET,SD,TEX,away,15.3,601713,Nick Pivetta,mapped,identity_name_team_map,Stable identity seed from old DK-ID map. Pilot join status: matched via normalized_name_team
2026-06-19,2026-06-19T16:19:46.381495+00:00,2026-06-19,DraftKings official lineup CSV,https://www.draftkings.com/lineup/getavailableplayerscsv?contestTypeId=9&draftGroupId=149344,149344,9,Selected largest-prize regular Classic MLB draft group after excluding Turbo/Night/qualifier/satellite/showdown/snake/single-stat slates.,SP,Shane McClanahan (43321298),Shane McClanahan,43321298,P,8800,WSH@TB 06/19/2026 07:10PM ET,06/19/2026 07:10PM ET,TB,WSH,home,15.23,,,needs_review_new_player,identity_name_team_map,No reviewed normalized-name/team identity alias; do not auto-guess.
2026-06-19,2026-06-19T16:19:46.381495+00:00,2026-06-19,DraftKings official lineup CSV,https://www.draftkings.com/lineup/getavailableplayerscsv?contestTypeId=9&draftGroupId=149344,149344,9,Selected largest-prize regular Classic MLB draft group after excluding Turbo/Night/qualifier/satellite/showdown/snake/single-stat slates.,SP,Reid Detmers (43321304),Reid Detmers,43321304,P,8700,LAA@ATH 06/19/2026 09:40PM ET,06/19/2026 09:40PM ET,LAA,ATH,away,18.68,672282,Reid Detmers,mapped,identity_name_team_map,Stable identity seed from old DK-ID map. Pilot join status: matched via normalized_name_team
2026-06-19,2026-06-19T16:19:46.381495+00:00,2026-06-19,DraftKings official lineup CSV,https://www.draftkings.com/lineup/getavailableplayerscsv?contestTypeId=9&draftGroupId=149344,149344,9,Selected largest-prize regular Classic MLB draft group after excluding Turbo/Night/qualifier/satellite/showdown/snake/single-stat slates.,RP,Landen Roupp (43321303),Landen Roupp,43321303,P,8700,SF@MIA 06/19/2026 07:10PM ET,06/19/2026 07:10PM ET,SF,MIA,away,15.89,694738,Landen Roupp,mapped,identity_name_team_map,Stable identity seed from old DK-ID map. Pilot join status: matched via normalized_name_team
2026-06-19,2026-06-19T16:19:46.381495+00:00,2026-06-19,DraftKings official lineup CSV,https://www.draftkings.com/lineup/getavailableplayerscsv?contestTypeId=9&draftGroupId=149344,149344,9,Selected largest-prize regular Classic MLB draft group after excluding Turbo/Night/qualifier/satellite/showdown/snake/single-stat slates.,SP,Ronel Blanco (43321302),Ronel Blanco,43321302,P,8700,CLE@HOU 06/19/2026 08:10PM ET,06/19/2026 08:10PM ET,HOU,CLE,home,0,669854,Ronel Blanco,mapped,identity_name_team_map,Stable identity seed from old DK-ID map. Pilot join status: matched_people_search_name via mlb_people_search_normalized_name
2026-06-19,2026-06-19T16:19:46.381495+00:00,2026-06-19,DraftKings official lineup CSV,https://www.draftkings.com/lineup/getavailableplayerscsv?contestTypeId=9&draftGroupId=149344,149344,9,Selected largest-prize regular Classic MLB draft group after excluding Turbo/Night/qualifier/satellite/showdown/snake/single-stat slates.,SP,Parker Messick (43321308),Parker Messick,43321308,P,8600,CLE@HOU 06/19/2026 08:10PM ET,06/19/2026 08:10PM ET,CLE,HOU,away,19.69,,,needs_review_new_player,identity_name_team_map,No reviewed normalized-name/team identity alias; do not auto-guess.
2026-06-19,2026-06-19T16:19:46.381495+00:00,2026-06-19,DraftKings official lineup CSV,https://www.draftkings.com/lineup/getavailableplayerscsv?contestTypeId=9&draftGroupId=149344,149344,9,Selected largest-prize regular Classic MLB draft group after excluding Turbo/Night/qualifier/satellite/showdown/snake/single-stat slates.,SP,Ranger Suarez (43320675),Ranger Suarez,43320675,P,8600,BOS@SEA 06/19/2026 10:10PM ET,06/19/2026 10:10PM ET,BOS,SEA,away,15.78,,,needs_review_new_player,identity_name_team_map,No reviewed normalized-name/team identity alias; do not auto-guess.
2026-06-19,2026-06-19T16:19:46.381495+00:00,2026-06-19,DraftKings official lineup CSV,https://www.draftkings.com/lineup/getavailableplayerscsv?contestTypeId=9&draftGroupId=149344,149344,9,Selected largest-prize regular Classic MLB draft group after excluding Turbo/Night/qualifier/satellite/showdown/snake/single-stat slates.,SP,Connelly Early (43321305),Connelly Early,43321305,P,8600,BOS@SEA 06/19/2026 10:10PM ET,06/19/2026 10:10PM ET,BOS,SEA,away,14.76,,,needs_review_new_player,identity_name_team_map,No reviewed normalized-name/team identity alias; do not auto-guess.
2026-06-19,2026-06-19T16:19:46.381495+00:00,2026-06-19,DraftKings official lineup CSV,https://www.draftkings.com/lineup/getavailableplayerscsv?contestTypeId=9&draftGroupId=149344,149344,9,Selected largest-prize regular Classic MLB draft group after excluding Turbo/Night/qualifier/satellite/showdown/snake/single-stat slates.,SP,Emerson Hancock (43321306),Emerson Hancock,43321306,P,8600,BOS@SEA 06/19/2026 10:10PM ET,06/19/2026 10:10PM ET,SEA,BOS,home,17.16,,,needs_review_new_player,identity_name_team_map,No reviewed normalized-name/team identity alias; do not auto-guess.
2026-06-19,2026-06-19T16:19:46.381495+00:00,2026-06-19,DraftKings official lineup CSV,https://www.draftkings.com/lineup/getavailableplayerscsv?contestTypeId=9&draftGroupId=149344,149344,9,Selected largest-prize regular Classic MLB draft group after excluding Turbo/Night/qualifier/satellite/showdown/snake/single-stat slates.,SP,Payton Tolle (43321310),Payton Tolle,43321310,P,8600,BOS@SEA 06/19/2026 10:10PM ET,06/19/2026 10:10PM ET,BOS,SEA,away,18.22,,,needs_review_new_player,identity_name_team_map,No reviewed normalized-name/team identity alias; do not auto-guess.
2026-06-19,2026-06-19T16:19:46.381495+00:00,2026-06-19,DraftKings official lineup CSV,https://www.draftkings.com/lineup/getavailableplayerscsv?contestTypeId=9&draftGroupId=149344,149344,9,Selected largest-prize regular Classic MLB draft group after excluding Turbo/Night/qualifier/satellite/showdown/snake/single-stat slates.,SP,Will Warren (43321307),Will Warren,43321307,P,8600,CIN@NYY 06/19/2026 07:05PM ET,06/19/2026 07:05PM ET,NYY,CIN,home,16.42,,,needs_review_new_player,identity_name_team_map,No reviewed normalized-name/team identity alias; do not auto-guess.
2026-06-19,2026-06-19T16:19:46.381495+00:00,2026-06-19,DraftKings official lineup CSV,https://www.draftkings.com/lineup/getavailableplayerscsv?contestTypeId=9&draftGroupId=149344,149344,9,Selected largest-prize regular Classic MLB draft group after excluding Turbo/Night/qualifier/satellite/showdown/snake/single-stat slates.,SP,Hunter Greene (43321309),Hunter Greene,43321309,P,8600,CIN@NYY 06/19/2026 07:05PM ET,06/19/2026 07:05PM ET,CIN,NYY,away,0,668881,Hunter Greene,mapped,identity_name_team_map,Stable identity seed from old DK-ID map. Pilot join status: matched_people_search_name via mlb_people_search_normalized_name
2026-06-19,2026-06-19T16:19:46.381495+00:00,2026-06-19,DraftKings official lineup CSV,https://www.draftkings.com/lineup/getavailableplayerscsv?contestTypeId=9&draftGroupId=149344,149344,9,Selected largest-prize regular Classic MLB draft group after excluding Turbo/Night/qualifier/satellite/showdown/snake/single-stat slates.,SP,Bryan Woo (43321311),Bryan Woo,43321311,P,8500,BOS@SEA 06/19/2026 10:10PM ET,06/19/2026 10:10PM ET,SEA,BOS,home,17.80,,,needs_review_new_player,identity_name_team_map,No reviewed normalized-name/team identity alias; do not auto-guess.
2026-06-19,2026-06-19T16:19:46.381495+00:00,2026-06-19,DraftKings official lineup CSV,https://www.draftkings.com/lineup/getavailableplayerscsv?contestTypeId=9&draftGroupId=149344,149344,9,Selected largest-prize regular Classic MLB draft group after excluding Turbo/Night/qualifier/satellite/showdown/snake/single-stat slates.,RP,Michael King (43321314),Michael King,43321314,P,8400,SD@TEX 06/19/2026 08:05PM ET,06/19/2026 08:05PM ET,SD,TEX,away,14.74,650633,Michael King,mapped,identity_name_team_map,Stable identity seed from old DK-ID map. Pilot join status: matched via normalized_name_team
2026-06-19,2026-06-19T16:19:46.381495+00:00,2026-06-19,DraftKings official lineup CSV,https://www.draftkings.com/lineup/getavailableplayerscsv?contestTypeId=9&draftGroupId=149344,149344,9,Selected largest-prize regular Classic MLB draft group after excluding Turbo/Night/qualifier/satellite/showdown/snake/single-stat slates.,SP,Sandy Alcantara (43321312),Sandy Alcantara,43321312,P,8400,SF@MIA 06/19/2026 07:10PM ET,06/19/2026 07:10PM ET,MIA,SF,home,15.03,645261,Sandy Alcantara,mapped,identity_name_team_map,Proposed from review candidates; basis=exact normalized name + team; role-compatible; hot-dog-stand-latest.json|statcast_pitcher_2026; confidence=high; sources=hot-dog-stand-latest.json|statcast_pitcher_2026
2026-06-19,2026-06-19T16:19:46.381495+00:00,2026-06-19,DraftKings official lineup CSV,https://www.draftkings.com/lineup/getavailableplayerscsv?contestTypeId=9&draftGroupId=149344,149344,9,Selected largest-prize regular Classic MLB draft group after excluding Turbo/Night/qualifier/satellite/showdown/snake/single-stat slates.,SP,Brandon Walter (43321313),Brandon Walter,43321313,P,8400,CLE@HOU 06/19/2026 08:10PM ET,06/19/2026 08:10PM ET,HOU,CLE,home,0,687888,Brandon Walter,mapped,identity_name_team_map,Stable identity seed from old DK-ID map. Pilot join status: matched_people_search_name via mlb_people_search_normalized_name
2026-06-19,2026-06-19T16:19:46.381495+00:00,2026-06-19,DraftKings official lineup CSV,https://www.draftkings.com/lineup/getavailableplayerscsv?contestTypeId=9&draftGroupId=149344,149344,9,Selected largest-prize regular Classic MLB draft group after excluding Turbo/Night/qualifier/satellite/showdown/snake/single-stat slates.,SP,Kyle Bradish (43321315),Kyle Bradish,43321315,P,8400,BAL@LAD 06/19/2026 10:10PM ET,06/19/2026 10:10PM ET,BAL,LAD,away,14.52,,,needs_review_new_player,identity_name_team_map,No reviewed normalized-name/team identity alias; do not auto-guess.
2026-06-19,2026-06-19T16:19:46.381495+00:00,2026-06-19,DraftKings official lineup CSV,https://www.draftkings.com/lineup/getavailableplayerscsv?contestTypeId=9&draftGroupId=149344,149344,9,Selected largest-prize regular Classic MLB draft group after excluding Turbo/Night/qualifier/satellite/showdown/snake/single-stat slates.,SP,Clarke Schmidt (43321316),Clarke Schmidt,43321316,P,8300,CIN@NYY 06/19/2026 07:05PM ET,06/19/2026 07:05PM ET,NYY,CIN,home,0,,,needs_review_new_player,identity_name_team_map,No reviewed normalized-name/team identity alias; do not auto-guess.
2026-06-19,2026-06-19T16:19:46.381495+00:00,2026-06-19,DraftKings official lineup CSV,https://www.draftkings.com/lineup/getavailableplayerscsv?contestTypeId=9&draftGroupId=149344,149344,9,Selected largest-prize regular Classic MLB draft group after excluding Turbo/Night/qualifier/satellite/showdown/snake/single-stat slates.,RP,Walbert Urena (43321317),Walbert Urena,43321317,P,8200,LAA@ATH 06/19/2026 09:40PM ET,06/19/2026 09:40PM ET,LAA,ATH,away,14.11,700712,Walbert Ureña,mapped,identity_name_team_map,Stable identity seed from old DK-ID map. Pilot join status: matched via normalized_name_team
2026-06-19,2026-06-19T16:19:46.381495+00:00,2026-06-19,DraftKings official lineup CSV,https://www.draftkings.com/lineup/getavailableplayerscsv?contestTypeId=9&draftGroupId=149344,149344,9,Selected largest-prize regular Classic MLB draft group after excluding Turbo/Night/qualifier/satellite/showdown/snake/single-stat slates.,RP,Joe Boyle (43321318),Joe Boyle,43321318,P,8200,WSH@TB 06/19/2026 07:10PM ET,06/19/2026 07:10PM ET,TB,WSH,home,13.02,,,needs_review_new_player,identity_name_team_map,No reviewed normalized-name/team identity alias; do not auto-guess.
2026-06-19,2026-06-19T16:19:46.381495+00:00,2026-06-19,DraftKings official lineup CSV,https://www.draftkings.com/lineup/getavailableplayerscsv?contestTypeId=9&draftGroupId=149344,149344,9,Selected largest-prize regular Classic MLB draft group after excluding Turbo/Night/qualifier/satellite/showdown/snake/single-stat slates.,RP,Reynaldo Lopez (43321320),Reynaldo Lopez,43321320,P,8100,MIL@ATL 06/19/2026 07:15PM ET,06/19/2026 07:15PM ET,ATL,MIL,home,6.24,625643,Reynaldo López,mapped,identity_name_team_map,Stable identity seed from old DK-ID map. Pilot join status: matched via normalized_name_team
2026-06-19,2026-06-19T16:19:46.381495+00:00,2026-06-19,DraftKings official lineup CSV,https://www.draftkings.com/lineup/getavailableplayerscsv?contestTypeId=9&draftGroupId=149344,149344,9,Selected largest-prize regular Classic MLB draft group after excluding Turbo/Night/qualifier/satellite/showdown/snake/single-stat slates.,SP,Robbie Ray (43321319),Robbie Ray,43321319,P,8100,SF@MIA 06/19/2026 07:10PM ET,06/19/2026 07:10PM ET,SF,MIA,away,14.11,592662,Robbie Ray,mapped,identity_name_team_map,Stable identity seed from old DK-ID map. Pilot join status: matched via normalized_name_team
2026-06-19,2026-06-19T16:19:46.381495+00:00,2026-06-19,DraftKings official lineup CSV,https://www.draftkings.com/lineup/getavailableplayerscsv?contestTypeId=9&draftGroupId=149344,149344,9,Selected largest-prize regular Classic MLB draft group after excluding Turbo/Night/qualifier/satellite/showdown/snake/single-stat slates.,SP,Roki Sasaki (43320676),Roki Sasaki,43320676,P,8100,BAL@LAD 06/19/2026 10:10PM ET,06/19/2026 10:10PM ET,LAD,BAL,home,13.50,,,needs_review_new_player,identity_name_team_map,No reviewed normalized-name/team identity alias; do not auto-guess.
2026-06-19,2026-06-19T16:19:46.381495+00:00,2026-06-19,DraftKings official lineup CSV,https://www.draftkings.com/lineup/getavailableplayerscsv?contestTypeId=9&draftGroupId=149344,149344,9,Selected largest-prize regular Classic MLB draft group after excluding Turbo/Night/qualifier/satellite/showdown/snake/single-stat slates.,SP,Bryce Elder (43321321),Bryce Elder,43321321,P,8000,MIL@ATL 06/19/2026 07:15PM ET,06/19/2026 07:15PM ET,ATL,MIL,home,16.11,693821,Bryce Elder,mapped,identity_name_team_map,Stable identity seed from old DK-ID map. Pilot join status: matched via normalized_name_team
2026-06-19,2026-06-19T16:19:46.381495+00:00,2026-06-19,DraftKings official lineup CSV,https://www.draftkings.com/lineup/getavailableplayerscsv?contestTypeId=9&draftGroupId=149344,149344,9,Selected largest-prize regular Classic MLB draft group after excluding Turbo/Night/qualifier/satellite/showdown/snake/single-stat slates.,RP,Grant Holmes (43321322),Grant Holmes,43321322,P,8000,MIL@ATL 06/19/2026 07:15PM ET,06/19/2026 07:15PM ET,ATL,MIL,home,11.98,656550,Grant Holmes,mapped,identity_name_team_map,Stable identity seed from old DK-ID map. Pilot join status: matched via normalized_name_team
2026-06-19,2026-06-19T16:19:46.381495+00:00,2026-06-19,DraftKings official lineup CSV,https://www.draftkings.com/lineup/getavailableplayerscsv?contestTypeId=9&draftGroupId=149344,149344,9,Selected largest-prize regular Classic MLB draft group after excluding Turbo/Night/qualifier/satellite/showdown/snake/single-stat slates.,RP,Nick Martinez (43321323),Nick Martinez,43321323,P,8000,WSH@TB 06/19/2026 07:10PM ET,06/19/2026 07:10PM ET,TB,WSH,home,14.57,,,needs_review_new_player,identity_name_team_map,No reviewed normalized-name/team identity alias; do not auto-guess.
2026-06-19,2026-06-19T16:19:46.381495+00:00,2026-06-19,DraftKings official lineup CSV,https://www.draftkings.com/lineup/getavailableplayerscsv?contestTypeId=9&draftGroupId=149344,149344,9,Selected largest-prize regular Classic MLB draft group after excluding Turbo/Night/qualifier/satellite/showdown/snake/single-stat slates.,RP,Andrew Alvarez (43321324),Andrew Alvarez,43321324,P,8000,WSH@TB 06/19/2026 07:10PM ET,06/19/2026 07:10PM ET,WSH,TB,away,10.47,674841,Andrew Alvarez,mapped,identity_name_team_map,Stable identity seed from old DK-ID map. Pilot join status: matched via normalized_name_team
2026-06-19,2026-06-19T16:19:46.381495+00:00,2026-06-19,DraftKings official lineup CSV,https://www.draftkings.com/lineup/getavailableplayerscsv?contestTypeId=9&draftGroupId=149344,149344,9,Selected largest-prize regular Classic MLB draft group after excluding Turbo/Night/qualifier/satellite/showdown/snake/single-stat slates.,SP,MacKenzie Gore (43321327),MacKenzie Gore,43321327,P,7900,SD@TEX 06/19/2026 08:05PM ET,06/19/2026 08:05PM ET,TEX,SD,home,15.14,669022,MacKenzie Gore,mapped,identity_name_team_map,Stable identity seed from old DK-ID map. Pilot join status: matched via normalized_name_team
2026-06-19,2026-06-19T16:19:46.381495+00:00,2026-06-19,DraftKings official lineup CSV,https://www.draftkings.com/lineup/getavailableplayerscsv?contestTypeId=9&draftGroupId=149344,149344,9,Selected largest-prize regular Classic MLB draft group after excluding Turbo/Night/qualifier/satellite/showdown/snake/single-stat slates.,SP,Nathan Eovaldi (43321329),Nathan Eovaldi,43321329,P,7900,SD@TEX 06/19/2026 08:05PM ET,06/19/2026 08:05PM ET,TEX,SD,home,17.12,543135,Nathan Eovaldi,mapped,identity_name_team_map,Stable identity seed from old DK-ID map. Pilot join status: matched via normalized_name_team
2026-06-19,2026-06-19T16:19:46.381495+00:00,2026-06-19,DraftKings official lineup CSV,https://www.draftkings.com/lineup/getavailableplayerscsv?contestTypeId=9&draftGroupId=149344,149344,9,Selected largest-prize regular Classic MLB draft group after excluding Turbo/Night/qualifier/satellite/showdown/snake/single-stat slates.,SP,Cade Cavalli (43320677),Cade Cavalli,43320677,P,7900,WSH@TB 06/19/2026 07:10PM ET,06/19/2026 07:10PM ET,WSH,TB,away,14.07,676917,Cade Cavalli,mapped,identity_name_team_map,Stable identity seed from old DK-ID map. Pilot join status: matched via normalized_name_team
2026-06-19,2026-06-19T16:19:46.381495+00:00,2026-06-19,DraftKings official lineup CSV,https://www.draftkings.com/lineup/getavailableplayerscsv?contestTypeId=9&draftGroupId=149344,149344,9,Selected largest-prize regular Classic MLB draft group after excluding Turbo/Night/qualifier/satellite/showdown/snake/single-stat slates.,RP,Ian Seymour (43321328),Ian Seymour,43321328,P,7900,WSH@TB 06/19/2026 07:10PM ET,06/19/2026 07:10PM ET,TB,WSH,home,3.84,,,needs_review_new_player,identity_name_team_map,No reviewed normalized-name/team identity alias; do not auto-guess.
2026-06-19,2026-06-19T16:19:46.381495+00:00,2026-06-19,DraftKings official lineup CSV,https://www.draftkings.com/lineup/getavailableplayerscsv?contestTypeId=9&draftGroupId=149344,149344,9,Selected largest-prize regular Classic MLB draft group after excluding Turbo/Night/qualifier/satellite/showdown/snake/single-stat slates.,SP,Sonny Gray (43321325),Sonny Gray,43321325,P,7900,BOS@SEA 06/19/2026 10:10PM ET,06/19/2026 10:10PM ET,BOS,SEA,away,15.31,,,needs_review_new_player,identity_name_team_map,No reviewed normalized-name/team identity alias; do not auto-guess.
2026-06-19,2026-06-19T16:19:46.381495+00:00,2026-06-19,DraftKings official lineup CSV,https://www.draftkings.com/lineup/getavailableplayerscsv?contestTypeId=9&draftGroupId=149344,149344,9,Selected largest-prize regular Classic MLB draft group after excluding Turbo/Night/qualifier/satellite/showdown/snake/single-stat slates.,SP,Luis Castillo (43321326),Luis Castillo,43321326,P,7900,BOS@SEA 06/19/2026 10:10PM ET,06/19/2026 10:10PM ET,SEA,BOS,home,11.13,,,needs_review_new_player,identity_name_team_map,No reviewed normalized-name/team identity alias; do not auto-guess.
2026-06-19,2026-06-19T16:19:46.381495+00:00,2026-06-19,DraftKings official lineup CSV,https://www.draftkings.com/lineup/getavailableplayerscsv?contestTypeId=9&draftGroupId=149344,149344,9,Selected largest-prize regular Classic MLB draft group after excluding Turbo/Night/qualifier/satellite/showdown/snake/single-stat slates.,SP,Gage Jump (43321331),Gage Jump,43321331,P,7800,LAA@ATH 06/19/2026 09:40PM ET,06/19/2026 09:40PM ET,ATH,LAA,home,19.41,695611,Gage Jump,mapped,identity_name_team_map,Stable identity seed from old DK-ID map. Pilot join status: matched via normalized_name_team
2026-06-19,2026-06-19T16:19:46.381495+00:00,2026-06-19,DraftKings official lineup CSV,https://www.draftkings.com/lineup/getavailableplayerscsv?contestTypeId=9&draftGroupId=149344,149344,9,Selected largest-prize regular Classic MLB draft group after excluding Turbo/Night/qualifier/satellite/showdown/snake/single-stat slates.,SP,Foster Griffin (43321330),Foster Griffin,43321330,P,7800,WSH@TB 06/19/2026 07:10PM ET,06/19/2026 07:10PM ET,WSH,TB,away,17,656492,Foster Griffin,mapped,identity_name_team_map,Stable identity seed from old DK-ID map. Pilot join status: matched via normalized_name_team
2026-06-19,2026-06-19T16:19:46.381495+00:00,2026-06-19,DraftKings official lineup CSV,https://www.draftkings.com/lineup/getavailableplayerscsv?contestTypeId=9&draftGroupId=149344,149344,9,Selected largest-prize regular Classic MLB draft group after excluding Turbo/Night/qualifier/satellite/showdown/snake/single-stat slates.,SP,Pablo Lopez (43321335),Pablo Lopez,43321335,P,7700,MIN@ARI 06/19/2026 09:45PM ET,06/19/2026 09:45PM ET,MIN,ARI,away,0,,,needs_review_new_player,identity_name_team_map,No reviewed normalized-name/team identity alias; do not auto-guess.
2026-06-19,2026-06-19T16:19:46.381495+00:00,2026-06-19,DraftKings official lineup CSV,https://www.draftkings.com/lineup/getavailableplayerscsv?contestTypeId=9&draftGroupId=149344,149344,9,Selected largest-prize regular Classic MLB draft group after excluding Turbo/Night/qualifier/satellite/showdown/snake/single-stat slates.,SP,Taj Bradley (43321336),Taj Bradley,43321336,P,7700,MIN@ARI 06/19/2026 09:45PM ET,06/19/2026 09:45PM ET,MIN,ARI,away,16.65,671737,Taj Bradley,mapped,identity_name_team_map,Proposed from review candidates; basis=exact normalized name + team; role-compatible; hot-dog-stand-latest.json|statcast_pitcher_2026; confidence=high; sources=hot-dog-stand-latest.json|statcast_pitcher_2026
2026-06-19,2026-06-19T16:19:46.381495+00:00,2026-06-19,DraftKings official lineup CSV,https://www.draftkings.com/lineup/getavailableplayerscsv?contestTypeId=9&draftGroupId=149344,149344,9,Selected largest-prize regular Classic MLB draft group after excluding Turbo/Night/qualifier/satellite/showdown/snake/single-stat slates.,SP,Zebby Matthews (43321337),Zebby Matthews,43321337,P,7700,MIN@ARI 06/19/2026 09:45PM ET,06/19/2026 09:45PM ET,MIN,ARI,away,14.24,805673,Zebby Matthews,mapped,identity_name_team_map,Proposed from review candidates; basis=exact normalized name + team; role-compatible; hot-dog-stand-latest.json|statcast_pitcher_2026; confidence=high; sources=hot-dog-stand-latest.json|statcast_pitcher_2026
2026-06-19,2026-06-19T16:19:46.381495+00:00,2026-06-19,DraftKings official lineup CSV,https://www.draftkings.com/lineup/getavailableplayerscsv?contestTypeId=9&draftGroupId=149344,149344,9,Selected largest-prize regular Classic MLB draft group after excluding Turbo/Night/qualifier/satellite/showdown/snake/single-stat slates.,SP,Mick Abel (43321338),Mick Abel,43321338,P,7700,MIN@ARI 06/19/2026 09:45PM ET,06/19/2026 09:45PM ET,MIN,ARI,away,14.19,690953,Mick Abel,mapped,identity_name_team_map,Proposed from review candidates; basis=exact normalized name + team; role-compatible; statcast_pitcher_2026; confidence=high; sources=statcast_pitcher_2026
2026-06-19,2026-06-19T16:19:46.381495+00:00,2026-06-19,DraftKings official lineup CSV,https://www.draftkings.com/lineup/getavailableplayerscsv?contestTypeId=9&draftGroupId=149344,149344,9,Selected largest-prize regular Classic MLB draft group after excluding Turbo/Night/qualifier/satellite/showdown/snake/single-stat slates.,RP,Kai-Wei Teng (43321334),Kai-Wei Teng,43321334,P,7700,CLE@HOU 06/19/2026 08:10PM ET,06/19/2026 08:10PM ET,HOU,CLE,home,7.18,678906,Kai-Wei Teng,mapped,identity_name_team_map,Stable identity seed from old DK-ID map. Pilot join status: matched via normalized_name_team
2026-06-19,2026-06-19T16:19:46.381495+00:00,2026-06-19,DraftKings official lineup CSV,https://www.draftkings.com/lineup/getavailableplayerscsv?contestTypeId=9&draftGroupId=149344,149344,9,Selected largest-prize regular Classic MLB draft group after excluding Turbo/Night/qualifier/satellite/showdown/snake/single-stat slates.,SP,Brandon Young (43321332),Brandon Young,43321332,P,7700,BAL@LAD 06/19/2026 10:10PM ET,06/19/2026 10:10PM ET,BAL,LAD,away,13.66,,,needs_review_new_player,identity_name_team_map,No reviewed normalized-name/team identity alias; do not auto-guess.
2026-06-19,2026-06-19T16:19:46.381495+00:00,2026-06-19,DraftKings official lineup CSV,https://www.draftkings.com/lineup/getavailableplayerscsv?contestTypeId=9&draftGroupId=149344,149344,9,Selected largest-prize regular Classic MLB draft group after excluding Turbo/Night/qualifier/satellite/showdown/snake/single-stat slates.,SP,Dustin May (43321333),Dustin May,43321333,P,7700,STL@KC 06/19/2026 08:15PM ET,06/19/2026 08:15PM ET,STL,KC,away,16.57,669160,Dustin May,mapped,identity_name_team_map,Stable identity seed from old DK-ID map. Pilot join status: matched via normalized_name_team
2026-06-19,2026-06-19T16:19:46.381495+00:00,2026-06-19,DraftKings official lineup CSV,https://www.draftkings.com/lineup/getavailableplayerscsv?contestTypeId=9&draftGroupId=149344,149344,9,Selected largest-prize regular Classic MLB draft group after excluding Turbo/Night/qualifier/satellite/showdown/snake/single-stat slates.,SP,Grayson Rodriguez (43321346),Grayson Rodriguez,43321346,P,7600,LAA@ATH 06/19/2026 09:40PM ET,06/19/2026 09:40PM ET,LAA,ATH,away,6.49,680570,Grayson Rodriguez,mapped,identity_name_team_map,Stable identity seed from old DK-ID map. Pilot join status: matched via normalized_name_team
2026-06-19,2026-06-19T16:19:46.381495+00:00,2026-06-19,DraftKings official lineup CSV,https://www.draftkings.com/lineup/getavailableplayerscsv?contestTypeId=9&draftGroupId=149344,149344,9,Selected largest-prize regular Classic MLB draft group after excluding Turbo/Night/qualifier/satellite/showdown/snake/single-stat slates.,SP,Randy Vasquez (43320678),Randy Vasquez,43320678,P,7600,SD@TEX 06/19/2026 08:05PM ET,06/19/2026 08:05PM ET,SD,TEX,away,13.33,681190,Randy Vásquez,mapped,identity_name_team_map,Stable identity seed from old DK-ID map. Pilot join status: matched via normalized_name_team
2026-06-19,2026-06-19T16:19:46.381495+00:00,2026-06-19,DraftKings official lineup CSV,https://www.draftkings.com/lineup/getavailableplayerscsv?contestTypeId=9&draftGroupId=149344,149344,9,Selected largest-prize regular Classic MLB draft group after excluding Turbo/Night/qualifier/satellite/showdown/snake/single-stat slates.,SP,Jake Irvin (43321339),Jake Irvin,43321339,P,7600,WSH@TB 06/19/2026 07:10PM ET,06/19/2026 07:10PM ET,WSH,TB,away,12.24,663623,Jake Irvin,mapped,identity_name_team_map,Stable identity seed from old DK-ID map. Pilot join status: matched via normalized_name_team
2026-06-19,2026-06-19T16:19:46.381495+00:00,2026-06-19,DraftKings official lineup CSV,https://www.draftkings.com/lineup/getavailableplayerscsv?contestTypeId=9&draftGroupId=149344,149344,9,Selected largest-prize regular Classic MLB draft group after excluding Turbo/Night/qualifier/satellite/showdown/snake/single-stat slates.,SP,Robby Snelling (43321345),Robby Snelling,43321345,P,7600,SF@MIA 06/19/2026 07:10PM ET,06/19/2026 07:10PM ET,MIA,SF,home,3.85,702281,Robby Snelling,mapped,identity_name_team_map,Proposed from review candidates; basis=exact normalized name + team; role-compatible; statcast_pitcher_2026; confidence=high; sources=statcast_pitcher_2026
2026-06-19,2026-06-19T16:19:46.381495+00:00,2026-06-19,DraftKings official lineup CSV,https://www.draftkings.com/lineup/getavailableplayerscsv?contestTypeId=9&draftGroupId=149344,149344,9,Selected largest-prize regular Classic MLB draft group after excluding Turbo/Night/qualifier/satellite/showdown/snake/single-stat slates.,SP,Lance McCullers Jr. (43321340),Lance McCullers Jr.,43321340,P,7600,CLE@HOU 06/19/2026 08:10PM ET,06/19/2026 08:10PM ET,HOU,CLE,home,10.74,621121,Lance McCullers Jr.,mapped,identity_name_team_map,Stable identity seed from old DK-ID map. Pilot join status: matched via normalized_name_team
2026-06-19,2026-06-19T16:19:46.381495+00:00,2026-06-19,DraftKings official lineup CSV,https://www.draftkings.com/lineup/getavailableplayerscsv?contestTypeId=9&draftGroupId=149344,149344,9,Selected largest-prize regular Classic MLB draft group after excluding Turbo/Night/qualifier/satellite/showdown/snake/single-stat slates.,SP,Mike Burrows (43321342),Mike Burrows,43321342,P,7600,CLE@HOU 06/19/2026 08:10PM ET,06/19/2026 08:10PM ET,HOU,CLE,home,10.00,681347,Mike Burrows,mapped,identity_name_team_map,Stable identity seed from old DK-ID map. Pilot join status: matched via normalized_name_team
2026-06-19,2026-06-19T16:19:46.381495+00:00,2026-06-19,DraftKings official lineup CSV,https://www.draftkings.com/lineup/getavailableplayerscsv?contestTypeId=9&draftGroupId=149344,149344,9,Selected largest-prize regular Classic MLB draft group after excluding Turbo/Night/qualifier/satellite/showdown/snake/single-stat slates.,RP,Jason Alexander (43321343),Jason Alexander,43321343,P,7600,CLE@HOU 06/19/2026 08:10PM ET,06/19/2026 08:10PM ET,HOU,CLE,home,4.31,669920,Jason Alexander,mapped,identity_name_team_map,Stable identity seed from old DK-ID map. Pilot join status: matched via normalized_name_team
2026-06-19,2026-06-19T16:19:46.381495+00:00,2026-06-19,DraftKings official lineup CSV,https://www.draftkings.com/lineup/getavailableplayerscsv?contestTypeId=9&draftGroupId=149344,149344,9,Selected largest-prize regular Classic MLB draft group after excluding Turbo/Night/qualifier/satellite/showdown/snake/single-stat slates.,SP,Dean Kremer (43321341),Dean Kremer,43321341,P,7600,BAL@LAD 06/19/2026 10:10PM ET,06/19/2026 10:10PM ET,BAL,LAD,away,20.38,,,needs_review_new_player,identity_name_team_map,No reviewed normalized-name/team identity alias; do not auto-guess.
2026-06-19,2026-06-19T16:19:46.381495+00:00,2026-06-19,DraftKings official lineup CSV,https://www.draftkings.com/lineup/getavailableplayerscsv?contestTypeId=9&draftGroupId=149344,149344,9,Selected largest-prize regular Classic MLB draft group after excluding Turbo/Night/qualifier/satellite/showdown/snake/single-stat slates.,SP,Cole Ragans (43321344),Cole Ragans,43321344,P,7600,STL@KC 06/19/2026 08:15PM ET,06/19/2026 08:15PM ET,KC,STL,home,13.19,666142,Cole Ragans,mapped,identity_name_team_map,Stable identity seed from old DK-ID map. Pilot join status: matched via normalized_name_team
2026-06-19,2026-06-19T16:19:46.381495+00:00,2026-06-19,DraftKings official lineup CSV,https://www.draftkings.com/lineup/getavailableplayerscsv?contestTypeId=9&draftGroupId=149344,149344,9,Selected largest-prize regular Classic MLB draft group after excluding Turbo/Night/qualifier/satellite/showdown/snake/single-stat slates.,RP,J.T. Ginn (43321350),J.T. Ginn,43321350,P,7500,LAA@ATH 06/19/2026 09:40PM ET,06/19/2026 09:40PM ET,ATH,LAA,home,14.13,669372,J.T. Ginn,mapped,identity_name_team_map,Stable identity seed from old DK-ID map. Pilot join status: matched via normalized_name_team
2026-06-19,2026-06-19T16:19:46.381495+00:00,2026-06-19,DraftKings official lineup CSV,https://www.draftkings.com/lineup/getavailableplayerscsv?contestTypeId=9&draftGroupId=149344,149344,9,Selected largest-prize regular Classic MLB draft group after excluding Turbo/Night/qualifier/satellite/showdown/snake/single-stat slates.,SP,Joe Musgrove (43321349),Joe Musgrove,43321349,P,7500,SD@TEX 06/19/2026 08:05PM ET,06/19/2026 08:05PM ET,SD,TEX,away,0,605397,Joe Musgrove,mapped,identity_name_team_map,Stable identity seed from old DK-ID map. Pilot join status: matched_people_search_name via mlb_people_search_normalized_name
2026-06-19,2026-06-19T16:19:46.381495+00:00,2026-06-19,DraftKings official lineup CSV,https://www.draftkings.com/lineup/getavailableplayerscsv?contestTypeId=9&draftGroupId=149344,149344,9,Selected largest-prize regular Classic MLB draft group after excluding Turbo/Night/qualifier/satellite/showdown/snake/single-stat slates.,SP,Eury Perez (43321347),Eury Perez,43321347,P,7500,SF@MIA 06/19/2026 07:10PM ET,06/19/2026 07:10PM ET,MIA,SF,home,15.22,691587,Eury Pérez,mapped,identity_name_team_map,Proposed from review candidates; basis=exact normalized name + team; role-compatible; hot-dog-stand-latest.json|statcast_pitcher_2026; confidence=high; sources=hot-dog-stand-latest.json|statcast_pitcher_2026
2026-06-19,2026-06-19T16:19:46.381495+00:00,2026-06-19,DraftKings official lineup CSV,https://www.draftkings.com/lineup/getavailableplayerscsv?contestTypeId=9&draftGroupId=149344,149344,9,Selected largest-prize regular Classic MLB draft group after excluding Turbo/Night/qualifier/satellite/showdown/snake/single-stat slates.,SP,Kris Bubic (43321348),Kris Bubic,43321348,P,7500,STL@KC 06/19/2026 08:15PM ET,06/19/2026 08:15PM ET,KC,STL,home,15.94,663460,Kris Bubic,mapped,identity_name_team_map,Stable identity seed from old DK-ID map. Pilot join status: matched via normalized_name_team
2026-06-19,2026-06-19T16:19:46.381495+00:00,2026-06-19,DraftKings official lineup CSV,https://www.draftkings.com/lineup/getavailableplayerscsv?contestTypeId=9&draftGroupId=149344,149344,9,Selected largest-prize regular Classic MLB draft group after excluding Turbo/Night/qualifier/satellite/showdown/snake/single-stat slates.,RP,Aaron Civale (43321351),Aaron Civale,43321351,P,7400,LAA@ATH 06/19/2026 09:40PM ET,06/19/2026 09:40PM ET,ATH,LAA,home,9.47,650644,Aaron Civale,mapped,identity_name_team_map,Stable identity seed from old DK-ID map. Pilot join status: matched via normalized_name_team
2026-06-19,2026-06-19T16:19:46.381495+00:00,2026-06-19,DraftKings official lineup CSV,https://www.draftkings.com/lineup/getavailableplayerscsv?contestTypeId=9&draftGroupId=149344,149344,9,Selected largest-prize regular Classic MLB draft group after excluding Turbo/Night/qualifier/satellite/showdown/snake/single-stat slates.,RP,Jesse Scholtens (43321356),Jesse Scholtens,43321356,P,7400,WSH@TB 06/19/2026 07:10PM ET,06/19/2026 07:10PM ET,TB,WSH,home,11.42,,,needs_review_new_player,identity_name_team_map,No reviewed normalized-name/team identity alias; do not auto-guess.
2026-06-19,2026-06-19T16:19:46.381495+00:00,2026-06-19,DraftKings official lineup CSV,https://www.draftkings.com/lineup/getavailableplayerscsv?contestTypeId=9&draftGroupId=149344,149344,9,Selected largest-prize regular Classic MLB draft group after excluding Turbo/Night/qualifier/satellite/showdown/snake/single-stat slates.,RP,Daniel Espino (43321352),Daniel Espino,43321352,P,7400,CLE@HOU 06/19/2026 08:10PM ET,06/19/2026 08:10PM ET,CLE,HOU,away,6.25,,,needs_review_new_player,identity_name_team_map,No reviewed normalized-name/team identity alias; do not auto-guess.
2026-06-19,2026-06-19T16:19:46.381495+00:00,2026-06-19,DraftKings official lineup CSV,https://www.draftkings.com/lineup/getavailableplayerscsv?contestTypeId=9&draftGroupId=149344,149344,9,Selected largest-prize regular Classic MLB draft group after excluding Turbo/Night/qualifier/satellite/showdown/snake/single-stat slates.,SP,Logan Allen (43321353),Logan Allen,43321353,P,7400,CLE@HOU 06/19/2026 08:10PM ET,06/19/2026 08:10PM ET,CLE,HOU,away,19.4,,,needs_review_new_player,identity_name_team_map,No reviewed normalized-name/team identity alias; do not auto-guess.
2026-06-19,2026-06-19T16:19:46.381495+00:00,2026-06-19,DraftKings official lineup CSV,https://www.draftkings.com/lineup/getavailableplayerscsv?contestTypeId=9&draftGroupId=149344,149344,9,Selected largest-prize regular Classic MLB draft group after excluding Turbo/Night/qualifier/satellite/showdown/snake/single-stat slates.,RP,Joey Cantillo (43321355),Joey Cantillo,43321355,P,7400,CLE@HOU 06/19/2026 08:10PM ET,06/19/2026 08:10PM ET,CLE,HOU,away,11.95,,,needs_review_new_player,identity_name_team_map,No reviewed normalized-name/team identity alias; do not auto-guess.
2026-06-19,2026-06-19T16:19:46.381495+00:00,2026-06-19,DraftKings official lineup CSV,https://www.draftkings.com/lineup/getavailableplayerscsv?contestTypeId=9&draftGroupId=149344,149344,9,Selected largest-prize regular Classic MLB draft group after excluding Turbo/Night/qualifier/satellite/showdown/snake/single-stat slates.,RP,Seth Lugo (43320679),Seth Lugo,43320679,P,7400,STL@KC 06/19/2026 08:15PM ET,06/19/2026 08:15PM ET,KC,STL,home,13.26,607625,Seth Lugo,mapped,identity_name_team_map,Stable identity seed from old DK-ID map. Pilot join status: matched via normalized_name_team
2026-06-19,2026-06-19T16:19:46.381495+00:00,2026-06-19,DraftKings official lineup CSV,https://www.draftkings.com/lineup/getavailableplayerscsv?contestTypeId=9&draftGroupId=149344,149344,9,Selected largest-prize regular Classic MLB draft group after excluding Turbo/Night/qualifier/satellite/showdown/snake/single-stat slates.,SP,Nick Lodolo (43321354),Nick Lodolo,43321354,P,7400,CIN@NYY 06/19/2026 07:05PM ET,06/19/2026 07:05PM ET,CIN,NYY,away,8.12,666157,Nick Lodolo,mapped,identity_name_team_map,Stable identity seed from old DK-ID map. Pilot join status: matched via normalized_name_team
2026-06-19,2026-06-19T16:19:46.381495+00:00,2026-06-19,DraftKings official lineup CSV,https://www.draftkings.com/lineup/getavailableplayerscsv?contestTypeId=9&draftGroupId=149344,149344,9,Selected largest-prize regular Classic MLB draft group after excluding Turbo/Night/qualifier/satellite/showdown/snake/single-stat slates.,SP,Yusei Kikuchi (43321360),Yusei Kikuchi,43321360,P,7300,LAA@ATH 06/19/2026 09:40PM ET,06/19/2026 09:40PM ET,LAA,ATH,away,9.39,579328,Yusei Kikuchi,mapped,identity_name_team_map,Stable identity seed from old DK-ID map. Pilot join status: matched via normalized_name_team
2026-06-19,2026-06-19T16:19:46.381495+00:00,2026-06-19,DraftKings official lineup CSV,https://www.draftkings.com/lineup/getavailableplayerscsv?contestTypeId=9&draftGroupId=149344,149344,9,Selected largest-prize regular Classic MLB draft group after excluding Turbo/Night/qualifier/satellite/showdown/snake/single-stat slates.,SP,Coleman Crow (43321357),Coleman Crow,43321357,P,7300,MIL@ATL 06/19/2026 07:15PM ET,06/19/2026 07:15PM ET,MIL,ATL,away,4.64,689441,Coleman Crow,mapped,identity_name_team_map,Stable identity seed from old DK-ID map. Pilot join status: matched via normalized_name_team
2026-06-19,2026-06-19T16:19:46.381495+00:00,2026-06-19,DraftKings official lineup CSV,https://www.draftkings.com/lineup/getavailableplayerscsv?contestTypeId=9&draftGroupId=149344,149344,9,Selected largest-prize regular Classic MLB draft group after excluding Turbo/Night/qualifier/satellite/showdown/snake/single-stat slates.,SP,JR Ritchie (43321363),JR Ritchie,43321363,P,7300,MIL@ATL 06/19/2026 07:15PM ET,06/19/2026 07:15PM ET,ATL,MIL,home,10.64,702275,JR Ritchie,mapped,identity_name_team_map,Stable identity seed from old DK-ID map. Pilot join status: matched via normalized_name_team
2026-06-19,2026-06-19T16:19:46.381495+00:00,2026-06-19,DraftKings official lineup CSV,https://www.draftkings.com/lineup/getavailableplayerscsv?contestTypeId=9&draftGroupId=149344,149344,9,Selected largest-prize regular Classic MLB draft group after excluding Turbo/Night/qualifier/satellite/showdown/snake/single-stat slates.,RP,Jacob Latz (43321359),Jacob Latz,43321359,P,7300,SD@TEX 06/19/2026 08:05PM ET,06/19/2026 08:05PM ET,TEX,SD,home,4.96,656641,Jacob Latz,mapped,identity_name_team_map,Stable identity seed from old DK-ID map. Pilot join status: matched via normalized_name_team
2026-06-19,2026-06-19T16:19:46.381495+00:00,2026-06-19,DraftKings official lineup CSV,https://www.draftkings.com/lineup/getavailableplayerscsv?contestTypeId=9&draftGroupId=149344,149344,9,Selected largest-prize regular Classic MLB draft group after excluding Turbo/Night/qualifier/satellite/showdown/snake/single-stat slates.,SP,Slade Cecconi (43321358),Slade Cecconi,43321358,P,7300,CLE@HOU 06/19/2026 08:10PM ET,06/19/2026 08:10PM ET,CLE,HOU,away,11.36,,,needs_review_new_player,identity_name_team_map,No reviewed normalized-name/team identity alias; do not auto-guess.
2026-06-19,2026-06-19T16:19:46.381495+00:00,2026-06-19,DraftKings official lineup CSV,https://www.draftkings.com/lineup/getavailableplayerscsv?contestTypeId=9&draftGroupId=149344,149344,9,Selected largest-prize regular Classic MLB draft group after excluding Turbo/Night/qualifier/satellite/showdown/snake/single-stat slates.,SP,Logan Evans (43321361),Logan Evans,43321361,P,7300,BOS@SEA 06/19/2026 10:10PM ET,06/19/2026 10:10PM ET,SEA,BOS,home,0,,,needs_review_new_player,identity_name_team_map,No reviewed normalized-name/team identity alias; do not auto-guess.
2026-06-19,2026-06-19T16:19:46.381495+00:00,2026-06-19,DraftKings official lineup CSV,https://www.draftkings.com/lineup/getavailableplayerscsv?contestTypeId=9&draftGroupId=149344,149344,9,Selected largest-prize regular Classic MLB draft group after excluding Turbo/Night/qualifier/satellite/showdown/snake/single-stat slates.,RP,Cooper Criswell (43321362),Cooper Criswell,43321362,P,7300,BOS@SEA 06/19/2026 10:10PM ET,06/19/2026 10:10PM ET,SEA,BOS,home,2.95,,,needs_review_new_player,identity_name_team_map,No reviewed normalized-name/team identity alias; do not auto-guess.
2026-06-19,2026-06-19T16:19:46.381495+00:00,2026-06-19,DraftKings official lineup CSV,https://www.draftkings.com/lineup/getavailableplayerscsv?contestTypeId=9&draftGroupId=149344,149344,9,Selected largest-prize regular Classic MLB draft group after excluding Turbo/Night/qualifier/satellite/showdown/snake/single-stat slates.,RP,Stephen Kolek (43321364),Stephen Kolek,43321364,P,7300,STL@KC 06/19/2026 08:15PM ET,06/19/2026 08:15PM ET,KC,STL,home,17.56,663568,Stephen Kolek,mapped,identity_name_team_map,Stable identity seed from old DK-ID map. Pilot join status: matched via normalized_name_team
2026-06-19,2026-06-19T16:19:46.381495+00:00,2026-06-19,DraftKings official lineup CSV,https://www.draftkings.com/lineup/getavailableplayerscsv?contestTypeId=9&draftGroupId=149344,149344,9,Selected largest-prize regular Classic MLB draft group after excluding Turbo/Night/qualifier/satellite/showdown/snake/single-stat slates.,RP,Andre Pallante (43321365),Andre Pallante,43321365,P,7300,STL@KC 06/19/2026 08:15PM ET,06/19/2026 08:15PM ET,STL,KC,away,14.55,669467,Andre Pallante,mapped,identity_name_team_map,Stable identity seed from old DK-ID map. Pilot join status: matched via normalized_name_team
2026-06-19,2026-06-19T16:19:46.381495+00:00,2026-06-19,DraftKings official lineup CSV,https://www.draftkings.com/lineup/getavailableplayerscsv?contestTypeId=9&draftGroupId=149344,149344,9,Selected largest-prize regular Classic MLB draft group after excluding Turbo/Night/qualifier/satellite/showdown/snake/single-stat slates.,SP,Eduardo Rodriguez (43321370),Eduardo Rodriguez,43321370,P,7200,MIN@ARI 06/19/2026 09:45PM ET,06/19/2026 09:45PM ET,ARI,MIN,home,15.96,,,needs_review_new_player,identity_name_team_map,No reviewed normalized-name/team identity alias; do not auto-guess.
2026-06-19,2026-06-19T16:19:46.381495+00:00,2026-06-19,DraftKings official lineup CSV,https://www.draftkings.com/lineup/getavailableplayerscsv?contestTypeId=9&draftGroupId=149344,149344,9,Selected largest-prize regular Classic MLB draft group after excluding Turbo/Night/qualifier/satellite/showdown/snake/single-stat slates.,SP,Ryan Pepiot (43321367),Ryan Pepiot,43321367,P,7200,WSH@TB 06/19/2026 07:10PM ET,06/19/2026 07:10PM ET,TB,WSH,home,0,,,needs_review_new_player,identity_name_team_map,No reviewed normalized-name/team identity alias; do not auto-guess.
2026-06-19,2026-06-19T16:19:46.381495+00:00,2026-06-19,DraftKings official lineup CSV,https://www.draftkings.com/lineup/getavailableplayerscsv?contestTypeId=9&draftGroupId=149344,149344,9,Selected largest-prize regular Classic MLB draft group after excluding Turbo/Night/qualifier/satellite/showdown/snake/single-stat slates.,SP,Tanner Bibee (43320680),Tanner Bibee,43320680,P,7200,CLE@HOU 06/19/2026 08:10PM ET,06/19/2026 08:10PM ET,CLE,HOU,away,13.67,,,needs_review_new_player,identity_name_team_map,No reviewed normalized-name/team identity alias; do not auto-guess.
2026-06-19,2026-06-19T16:19:46.381495+00:00,2026-06-19,DraftKings official lineup CSV,https://www.draftkings.com/lineup/getavailableplayerscsv?contestTypeId=9&draftGroupId=149344,149344,9,Selected largest-prize regular Classic MLB draft group after excluding Turbo/Night/qualifier/satellite/showdown/snake/single-stat slates.,SP,Shane Baz (43321366),Shane Baz,43321366,P,7200,BAL@LAD 06/19/2026 10:10PM ET,06/19/2026 10:10PM ET,BAL,LAD,away,14.43,,,needs_review_new_player,identity_name_team_map,No reviewed normalized-name/team identity alias; do not auto-guess.
2026-06-19,2026-06-19T16:19:46.381495+00:00,2026-06-19,DraftKings official lineup CSV,https://www.draftkings.com/lineup/getavailableplayerscsv?contestTypeId=9&draftGroupId=149344,149344,9,Selected largest-prize regular Classic MLB draft group after excluding Turbo/Night/qualifier/satellite/showdown/snake/single-stat slates.,SP,Noah Cameron (43321368),Noah Cameron,43321368,P,7200,STL@KC 06/19/2026 08:15PM ET,06/19/2026 08:15PM ET,KC,STL,home,14.08,702070,Noah Cameron,mapped,identity_name_team_map,Stable identity seed from old DK-ID map. Pilot join status: matched via normalized_name_team
2026-06-19,2026-06-19T16:19:46.381495+00:00,2026-06-19,DraftKings official lineup CSV,https://www.draftkings.com/lineup/getavailableplayerscsv?contestTypeId=9&draftGroupId=149344,149344,9,Selected largest-prize regular Classic MLB draft group after excluding Turbo/Night/qualifier/satellite/showdown/snake/single-stat slates.,RP,Kyle Leahy (43321369),Kyle Leahy,43321369,P,7200,STL@KC 06/19/2026 08:15PM ET,06/19/2026 08:15PM ET,STL,KC,away,11.08,681517,Kyle Leahy,mapped,identity_name_team_map,Stable identity seed from old DK-ID map. Pilot join status: matched via normalized_name_team
2026-06-19,2026-06-19T16:19:46.381495+00:00,2026-06-19,DraftKings official lineup CSV,https://www.draftkings.com/lineup/getavailableplayerscsv?contestTypeId=9&draftGroupId=149344,149344,9,Selected largest-prize regular Classic MLB draft group after excluding Turbo/Night/qualifier/satellite/showdown/snake/single-stat slates.,SP,Julian Aguiar (43321371),Julian Aguiar,43321371,P,7200,CIN@NYY 06/19/2026 07:05PM ET,06/19/2026 07:05PM ET,CIN,NYY,away,0,687924,Julian Aguiar,mapped,identity_name_team_map,Stable identity seed from old DK-ID map. Pilot join status: matched_people_search_name via mlb_people_search_normalized_name
2026-06-19,2026-06-19T16:19:46.381495+00:00,2026-06-19,DraftKings official lineup CSV,https://www.draftkings.com/lineup/getavailableplayerscsv?contestTypeId=9&draftGroupId=149344,149344,9,Selected largest-prize regular Classic MLB draft group after excluding Turbo/Night/qualifier/satellite/showdown/snake/single-stat slates.,SP,Ryne Nelson (43321375),Ryne Nelson,43321375,P,7100,MIN@ARI 06/19/2026 09:45PM ET,06/19/2026 09:45PM ET,ARI,MIN,home,11.11,,,needs_review_new_player,identity_name_team_map,No reviewed normalized-name/team identity alias; do not auto-guess.
2026-06-19,2026-06-19T16:19:46.381495+00:00,2026-06-19,DraftKings official lineup CSV,https://www.draftkings.com/lineup/getavailableplayerscsv?contestTypeId=9&draftGroupId=149344,149344,9,Selected largest-prize regular Classic MLB draft group after excluding Turbo/Night/qualifier/satellite/showdown/snake/single-stat slates.,RP,Martin Perez (43321374),Martin Perez,43321374,P,7100,MIL@ATL 06/19/2026 07:15PM ET,06/19/2026 07:15PM ET,ATL,MIL,home,12.95,527048,Martín Pérez,mapped,identity_name_team_map,Stable identity seed from old DK-ID map. Pilot join status: matched via normalized_name_team
2026-06-19,2026-06-19T16:19:46.381495+00:00,2026-06-19,DraftKings official lineup CSV,https://www.draftkings.com/lineup/getavailableplayerscsv?contestTypeId=9&draftGroupId=149344,149344,9,Selected largest-prize regular Classic MLB draft group after excluding Turbo/Night/qualifier/satellite/showdown/snake/single-stat slates.,SP,Cade Povich (43321372),Cade Povich,43321372,P,7100,BAL@LAD 06/19/2026 10:10PM ET,06/19/2026 10:10PM ET,BAL,LAD,away,8.32,,,needs_review_new_player,identity_name_team_map,No reviewed normalized-name/team identity alias; do not auto-guess.
2026-06-19,2026-06-19T16:19:46.381495+00:00,2026-06-19,DraftKings official lineup CSV,https://www.draftkings.com/lineup/getavailableplayerscsv?contestTypeId=9&draftGroupId=149344,149344,9,Selected largest-prize regular Classic MLB draft group after excluding Turbo/Night/qualifier/satellite/showdown/snake/single-stat slates.,SP,Michael Wacha (43321376),Michael Wacha,43321376,P,7100,STL@KC 06/19/2026 08:15PM ET,06/19/2026 08:15PM ET,KC,STL,home,15.14,608379,Michael Wacha,mapped,identity_name_team_map,Stable identity seed from old DK-ID map. Pilot join status: matched via normalized_name_team
2026-06-19,2026-06-19T16:19:46.381495+00:00,2026-06-19,DraftKings official lineup CSV,https://www.draftkings.com/lineup/getavailableplayerscsv?contestTypeId=9&draftGroupId=149344,149344,9,Selected largest-prize regular Classic MLB draft group after excluding Turbo/Night/qualifier/satellite/showdown/snake/single-stat slates.,SP,Andrew Abbott (43321373),Andrew Abbott,43321373,P,7100,CIN@NYY 06/19/2026 07:05PM ET,06/19/2026 07:05PM ET,CIN,NYY,away,11.78,671096,Andrew Abbott,mapped,identity_name_team_map,Stable identity seed from old DK-ID map. Pilot join status: matched via normalized_name_team
2026-06-19,2026-06-19T16:19:46.381495+00:00,2026-06-19,DraftKings official lineup CSV,https://www.draftkings.com/lineup/getavailableplayerscsv?contestTypeId=9&draftGroupId=149344,149344,9,Selected largest-prize regular Classic MLB draft group after excluding Turbo/Night/qualifier/satellite/showdown/snake/single-stat slates.,SP,Merrill Kelly (43321377),Merrill Kelly,43321377,P,7000,MIN@ARI 06/19/2026 09:45PM ET,06/19/2026 09:45PM ET,ARI,MIN,home,9.09,,,needs_review_new_player,identity_name_team_map,No reviewed normalized-name/team identity alias; do not auto-guess.
2026-06-19,2026-06-19T16:19:46.381495+00:00,2026-06-19,DraftKings official lineup CSV,https://www.draftkings.com/lineup/getavailableplayerscsv?contestTypeId=9&draftGroupId=149344,149344,9,Selected largest-prize regular Classic MLB draft group after excluding Turbo/Night/qualifier/satellite/showdown/snake/single-stat slates.,RP,Trevor McDonald (43320681),Trevor McDonald,43320681,P,7000,SF@MIA 06/19/2026 07:10PM ET,06/19/2026 07:10PM ET,SF,MIA,away,13.18,686790,Trevor McDonald,mapped,identity_name_team_map,Stable identity seed from old DK-ID map. Pilot join status: matched via normalized_name_team
2026-06-19,2026-06-19T16:19:46.381495+00:00,2026-06-19,DraftKings official lineup CSV,https://www.draftkings.com/lineup/getavailableplayerscsv?contestTypeId=9&draftGroupId=149344,149344,9,Selected largest-prize regular Classic MLB draft group after excluding Turbo/Night/qualifier/satellite/showdown/snake/single-stat slates.,SP,Tanner Houck (43321379),Tanner Houck,43321379,P,7000,BOS@SEA 06/19/2026 10:10PM ET,06/19/2026 10:10PM ET,BOS,SEA,away,0,,,needs_review_new_player,identity_name_team_map,No reviewed normalized-name/team identity alias; do not auto-guess.
2026-06-19,2026-06-19T16:19:46.381495+00:00,2026-06-19,DraftKings official lineup CSV,https://www.draftkings.com/lineup/getavailableplayerscsv?contestTypeId=9&draftGroupId=149344,149344,9,Selected largest-prize regular Classic MLB draft group after excluding Turbo/Night/qualifier/satellite/showdown/snake/single-stat slates.,SP,Zach Eflin (43321378),Zach Eflin,43321378,P,7000,BAL@LAD 06/19/2026 10:10PM ET,06/19/2026 10:10PM ET,BAL,LAD,away,16.65,,,needs_review_new_player,identity_name_team_map,No reviewed normalized-name/team identity alias; do not auto-guess.
2026-06-19,2026-06-19T16:19:46.381495+00:00,2026-06-19,DraftKings official lineup CSV,https://www.draftkings.com/lineup/getavailableplayerscsv?contestTypeId=9&draftGroupId=149344,149344,9,Selected largest-prize regular Classic MLB draft group after excluding Turbo/Night/qualifier/satellite/showdown/snake/single-stat slates.,SP,Yilber Diaz (43321385),Yilber Diaz,43321385,P,6900,MIN@ARI 06/19/2026 09:45PM ET,06/19/2026 09:45PM ET,ARI,MIN,home,0,,,needs_review_new_player,identity_name_team_map,No reviewed normalized-name/team identity alias; do not auto-guess.
2026-06-19,2026-06-19T16:19:46.381495+00:00,2026-06-19,DraftKings official lineup CSV,https://www.draftkings.com/lineup/getavailableplayerscsv?contestTypeId=9&draftGroupId=149344,149344,9,Selected largest-prize regular Classic MLB draft group after excluding Turbo/Night/qualifier/satellite/showdown/snake/single-stat slates.,RP,Thomas Hatch (43321386),Thomas Hatch,43321386,P,6900,MIN@ARI 06/19/2026 09:45PM ET,06/19/2026 09:45PM ET,ARI,MIN,home,0,,,needs_review_new_player,identity_name_team_map,No reviewed normalized-name/team identity alias; do not auto-guess.
2026-06-19,2026-06-19T16:19:46.381495+00:00,2026-06-19,DraftKings official lineup CSV,https://www.draftkings.com/lineup/getavailableplayerscsv?contestTypeId=9&draftGroupId=149344,149344,9,Selected largest-prize regular Classic MLB draft group after excluding Turbo/Night/qualifier/satellite/showdown/snake/single-stat slates.,SP,Brandon Pfaadt (43321387),Brandon Pfaadt,43321387,P,6900,MIN@ARI 06/19/2026 09:45PM ET,06/19/2026 09:45PM ET,ARI,MIN,home,4.42,,,needs_review_new_player,identity_name_team_map,No reviewed normalized-name/team identity alias; do not auto-guess.
2026-06-19,2026-06-19T16:19:46.381495+00:00,2026-06-19,DraftKings official lineup CSV,https://www.draftkings.com/lineup/getavailableplayerscsv?contestTypeId=9&draftGroupId=149344,149344,9,Selected largest-prize regular Classic MLB draft group after excluding Turbo/Night/qualifier/satellite/showdown/snake/single-stat slates.,SP,Zac Gallen (43321388),Zac Gallen,43321388,P,6900,MIN@ARI 06/19/2026 09:45PM ET,06/19/2026 09:45PM ET,ARI,MIN,home,8.06,,,needs_review_new_player,identity_name_team_map,No reviewed normalized-name/team identity alias; do not auto-guess.
2026-06-19,2026-06-19T16:19:46.381495+00:00,2026-06-19,DraftKings official lineup CSV,https://www.draftkings.com/lineup/getavailableplayerscsv?contestTypeId=9&draftGroupId=149344,149344,9,Selected largest-prize regular Classic MLB draft group after excluding Turbo/Night/qualifier/satellite/showdown/snake/single-stat slates.,RP,Kendry Rojas (43321391),Kendry Rojas,43321391,P,6900,MIN@ARI 06/19/2026 09:45PM ET,06/19/2026 09:45PM ET,MIN,ARI,away,9.41,696070,Kendry Rojas,mapped,identity_name_team_map,Proposed from review candidates; basis=exact normalized name + team; role-compatible; statcast_pitcher_2026; confidence=high; sources=statcast_pitcher_2026
2026-06-19,2026-06-19T16:19:46.381495+00:00,2026-06-19,DraftKings official lineup CSV,https://www.draftkings.com/lineup/getavailableplayerscsv?contestTypeId=9&draftGroupId=149344,149344,9,Selected largest-prize regular Classic MLB draft group after excluding Turbo/Night/qualifier/satellite/showdown/snake/single-stat slates.,SP,Bailey Ober (43321402),Bailey Ober,43321402,P,6900,MIN@ARI 06/19/2026 09:45PM ET,06/19/2026 09:45PM ET,MIN,ARI,away,12.77,641927,Bailey Ober,mapped,identity_name_team_map,Proposed from review candidates; basis=exact normalized name + team; role-compatible; hot-dog-stand-latest.json|statcast_pitcher_2026; confidence=high; sources=hot-dog-stand-latest.json|statcast_pitcher_2026
2026-06-19,2026-06-19T16:19:46.381495+00:00,2026-06-19,DraftKings official lineup CSV,https://www.draftkings.com/lineup/getavailableplayerscsv?contestTypeId=9&draftGroupId=149344,149344,9,Selected largest-prize regular Classic MLB draft group after excluding Turbo/Night/qualifier/satellite/showdown/snake/single-stat slates.,SP,Miguel Ullola (43321389),Miguel Ullola,43321389,P,6900,CLE@HOU 06/19/2026 08:10PM ET,06/19/2026 08:10PM ET,HOU,CLE,home,0,699044,Miguel Ullola,mapped,identity_name_team_map,Stable identity seed from old DK-ID map. Pilot join status: matched_people_search_name via mlb_people_search_normalized_name
2026-06-19,2026-06-19T16:19:46.381495+00:00,2026-06-19,DraftKings official lineup CSV,https://www.draftkings.com/lineup/getavailableplayerscsv?contestTypeId=9&draftGroupId=149344,149344,9,Selected largest-prize regular Classic MLB draft group after excluding Turbo/Night/qualifier/satellite/showdown/snake/single-stat slates.,RP,AJ Blubaugh (43321390),AJ Blubaugh,43321390,P,6900,CLE@HOU 06/19/2026 08:10PM ET,06/19/2026 08:10PM ET,HOU,CLE,home,4.22,805123,AJ Blubaugh,mapped,identity_name_team_map,Stable identity seed from old DK-ID map. Pilot join status: matched via normalized_name_team
2026-06-19,2026-06-19T16:19:46.381495+00:00,2026-06-19,DraftKings official lineup CSV,https://www.draftkings.com/lineup/getavailableplayerscsv?contestTypeId=9&draftGroupId=149344,149344,9,Selected largest-prize regular Classic MLB draft group after excluding Turbo/Night/qualifier/satellite/showdown/snake/single-stat slates.,RP,Hayden Wesneski (43321392),Hayden Wesneski,43321392,P,6900,CLE@HOU 06/19/2026 08:10PM ET,06/19/2026 08:10PM ET,HOU,CLE,home,0,669713,Hayden Wesneski,mapped,identity_name_team_map,Stable identity seed from old DK-ID map. Pilot join status: matched_people_search_name via mlb_people_search_normalized_name
2026-06-19,2026-06-19T16:19:46.381495+00:00,2026-06-19,DraftKings official lineup CSV,https://www.draftkings.com/lineup/getavailableplayerscsv?contestTypeId=9&draftGroupId=149344,149344,9,Selected largest-prize regular Classic MLB draft group after excluding Turbo/Night/qualifier/satellite/showdown/snake/single-stat slates.,SP,Kutter Crawford (43321383),Kutter Crawford,43321383,P,6900,BOS@SEA 06/19/2026 10:10PM ET,06/19/2026 10:10PM ET,BOS,SEA,away,0,,,needs_review_new_player,identity_name_team_map,No reviewed normalized-name/team identity alias; do not auto-guess.
2026-06-19,2026-06-19T16:19:46.381495+00:00,2026-06-19,DraftKings official lineup CSV,https://www.draftkings.com/lineup/getavailableplayerscsv?contestTypeId=9&draftGroupId=149344,149344,9,Selected largest-prize regular Classic MLB draft group after excluding Turbo/Night/qualifier/satellite/showdown/snake/single-stat slates.,SP,Patrick Sandoval (43321384),Patrick Sandoval,43321384,P,6900,BOS@SEA 06/19/2026 10:10PM ET,06/19/2026 10:10PM ET,BOS,SEA,away,0,,,needs_review_new_player,identity_name_team_map,No reviewed normalized-name/team identity alias; do not auto-guess.
2026-06-19,2026-06-19T16:19:46.381495+00:00,2026-06-19,DraftKings official lineup CSV,https://www.draftkings.com/lineup/getavailableplayerscsv?contestTypeId=9&draftGroupId=149344,149344,9,Selected largest-prize regular Classic MLB draft group after excluding Turbo/Night/qualifier/satellite/showdown/snake/single-stat slates.,SP,Jake Bennett (43321401),Jake Bennett,43321401,P,6900,BOS@SEA 06/19/2026 10:10PM ET,06/19/2026 10:10PM ET,BOS,SEA,away,9.58,,,needs_review_new_player,identity_name_team_map,No reviewed normalized-name/team identity alias; do not auto-guess.
2026-06-19,2026-06-19T16:19:46.381495+00:00,2026-06-19,DraftKings official lineup CSV,https://www.draftkings.com/lineup/getavailableplayerscsv?contestTypeId=9&draftGroupId=149344,149344,9,Selected largest-prize regular Classic MLB draft group after excluding Turbo/Night/qualifier/satellite/showdown/snake/single-stat slates.,SP,River Ryan (43321395),River Ryan,43321395,P,6900,BAL@LAD 06/19/2026 10:10PM ET,06/19/2026 10:10PM ET,LAD,BAL,home,0,,,needs_review_new_player,identity_name_team_map,No reviewed normalized-name/team identity alias; do not auto-guess.
2026-06-19,2026-06-19T16:19:46.381495+00:00,2026-06-19,DraftKings official lineup CSV,https://www.draftkings.com/lineup/getavailableplayerscsv?contestTypeId=9&draftGroupId=149344,149344,9,Selected largest-prize regular Classic MLB draft group after excluding Turbo/Night/qualifier/satellite/showdown/snake/single-stat slates.,SP,Gavin Stone (43321396),Gavin Stone,43321396,P,6900,BAL@LAD 06/19/2026 10:10PM ET,06/19/2026 10:10PM ET,LAD,BAL,home,0,,,needs_review_new_player,identity_name_team_map,No reviewed normalized-name/team identity alias; do not auto-guess.
2026-06-19,2026-06-19T16:19:46.381495+00:00,2026-06-19,DraftKings official lineup CSV,https://www.draftkings.com/lineup/getavailableplayerscsv?contestTypeId=9&draftGroupId=149344,149344,9,Selected largest-prize regular Classic MLB draft group after excluding Turbo/Night/qualifier/satellite/showdown/snake/single-stat slates.,SP,Bobby Miller (43321397),Bobby Miller,43321397,P,6900,BAL@LAD 06/19/2026 10:10PM ET,06/19/2026 10:10PM ET,LAD,BAL,home,0,,,needs_review_new_player,identity_name_team_map,No reviewed normalized-name/team identity alias; do not auto-guess.
2026-06-19,2026-06-19T16:19:46.381495+00:00,2026-06-19,DraftKings official lineup CSV,https://www.draftkings.com/lineup/getavailableplayerscsv?contestTypeId=9&draftGroupId=149344,149344,9,Selected largest-prize regular Classic MLB draft group after excluding Turbo/Night/qualifier/satellite/showdown/snake/single-stat slates.,RP,Chayce McDermott (43321398),Chayce McDermott,43321398,P,6900,BAL@LAD 06/19/2026 10:10PM ET,06/19/2026 10:10PM ET,LAD,BAL,home,3.65,,,needs_review_new_player,identity_name_team_map,No reviewed normalized-name/team identity alias; do not auto-guess.
2026-06-19,2026-06-19T16:19:46.381495+00:00,2026-06-19,DraftKings official lineup CSV,https://www.draftkings.com/lineup/getavailableplayerscsv?contestTypeId=9&draftGroupId=149344,149344,9,Selected largest-prize regular Classic MLB draft group after excluding Turbo/Night/qualifier/satellite/showdown/snake/single-stat slates.,SP,Landon Knack (43321399),Landon Knack,43321399,P,6900,BAL@LAD 06/19/2026 10:10PM ET,06/19/2026 10:10PM ET,LAD,BAL,home,0,,,needs_review_new_player,identity_name_team_map,No reviewed normalized-name/team identity alias; do not auto-guess.
2026-06-19,2026-06-19T16:19:46.381495+00:00,2026-06-19,DraftKings official lineup CSV,https://www.draftkings.com/lineup/getavailableplayerscsv?contestTypeId=9&draftGroupId=149344,149344,9,Selected largest-prize regular Classic MLB draft group after excluding Turbo/Night/qualifier/satellite/showdown/snake/single-stat slates.,SP,Trey Gibson (43321400),Trey Gibson,43321400,P,6900,BAL@LAD 06/19/2026 10:10PM ET,06/19/2026 10:10PM ET,BAL,LAD,away,5.4,,,needs_review_new_player,identity_name_team_map,No reviewed normalized-name/team identity alias; do not auto-guess.
2026-06-19,2026-06-19T16:19:46.381495+00:00,2026-06-19,DraftKings official lineup CSV,https://www.draftkings.com/lineup/getavailableplayerscsv?contestTypeId=9&draftGroupId=149344,149344,9,Selected largest-prize regular Classic MLB draft group after excluding Turbo/Night/qualifier/satellite/showdown/snake/single-stat slates.,RP,Brendan Beck (43321380),Brendan Beck,43321380,P,6900,CIN@NYY 06/19/2026 07:05PM ET,06/19/2026 07:05PM ET,NYY,CIN,home,1.75,,,needs_review_new_player,identity_name_team_map,No reviewed normalized-name/team identity alias; do not auto-guess.
2026-06-19,2026-06-19T16:19:46.381495+00:00,2026-06-19,DraftKings official lineup CSV,https://www.draftkings.com/lineup/getavailableplayerscsv?contestTypeId=9&draftGroupId=149344,149344,9,Selected largest-prize regular Classic MLB draft group after excluding Turbo/Night/qualifier/satellite/showdown/snake/single-stat slates.,RP,Paul Blackburn (43321381),Paul Blackburn,43321381,P,6900,CIN@NYY 06/19/2026 07:05PM ET,06/19/2026 07:05PM ET,NYY,CIN,home,3.74,,,needs_review_new_player,identity_name_team_map,No reviewed normalized-name/team identity alias; do not auto-guess.
2026-06-19,2026-06-19T16:19:46.381495+00:00,2026-06-19,DraftKings official lineup CSV,https://www.draftkings.com/lineup/getavailableplayerscsv?contestTypeId=9&draftGroupId=149344,149344,9,Selected largest-prize regular Classic MLB draft group after excluding Turbo/Night/qualifier/satellite/showdown/snake/single-stat slates.,RP,Ryan Yarbrough (43321382),Ryan Yarbrough,43321382,P,6900,CIN@NYY 06/19/2026 07:05PM ET,06/19/2026 07:05PM ET,NYY,CIN,home,4.39,,,needs_review_new_player,identity_name_team_map,No reviewed normalized-name/team identity alias; do not auto-guess.
2026-06-19,2026-06-19T16:19:46.381495+00:00,2026-06-19,DraftKings official lineup CSV,https://www.draftkings.com/lineup/getavailableplayerscsv?contestTypeId=9&draftGroupId=149344,149344,9,Selected largest-prize regular Classic MLB draft group after excluding Turbo/Night/qualifier/satellite/showdown/snake/single-stat slates.,SP,Luis Gil (43321393),Luis Gil,43321393,P,6900,CIN@NYY 06/19/2026 07:05PM ET,06/19/2026 07:05PM ET,NYY,CIN,home,5.52,,,needs_review_new_player,identity_name_team_map,No reviewed normalized-name/team identity alias; do not auto-guess.
2026-06-19,2026-06-19T16:19:46.381495+00:00,2026-06-19,DraftKings official lineup CSV,https://www.draftkings.com/lineup/getavailableplayerscsv?contestTypeId=9&draftGroupId=149344,149344,9,Selected largest-prize regular Classic MLB draft group after excluding Turbo/Night/qualifier/satellite/showdown/snake/single-stat slates.,SP,Elmer Rodriguez (43321394),Elmer Rodriguez,43321394,P,6900,CIN@NYY 06/19/2026 07:05PM ET,06/19/2026 07:05PM ET,NYY,CIN,home,4.35,,,needs_review_new_player,identity_name_team_map,No reviewed normalized-name/team identity alias; do not auto-guess.
2026-06-19,2026-06-19T16:19:46.381495+00:00,2026-06-19,DraftKings official lineup CSV,https://www.draftkings.com/lineup/getavailableplayerscsv?contestTypeId=9&draftGroupId=149344,149344,9,Selected largest-prize regular Classic MLB draft group after excluding Turbo/Night/qualifier/satellite/showdown/snake/single-stat slates.,SP,Luis Severino (43321412),Luis Severino,43321412,P,6800,LAA@ATH 06/19/2026 09:40PM ET,06/19/2026 09:40PM ET,ATH,LAA,home,13.72,622663,Luis Severino,mapped,identity_name_team_map,Stable identity seed from old DK-ID map. Pilot join status: matched via normalized_name_team
2026-06-19,2026-06-19T16:19:46.381495+00:00,2026-06-19,DraftKings official lineup CSV,https://www.draftkings.com/lineup/getavailableplayerscsv?contestTypeId=9&draftGroupId=149344,149344,9,Selected largest-prize regular Classic MLB draft group after excluding Turbo/Night/qualifier/satellite/showdown/snake/single-stat slates.,SP,Robert Gasser (43321404),Robert Gasser,43321404,P,6800,MIL@ATL 06/19/2026 07:15PM ET,06/19/2026 07:15PM ET,MIL,ATL,away,10.88,688107,Robert Gasser,mapped,identity_name_team_map,Stable identity seed from old DK-ID map. Pilot join status: matched via normalized_name_team
2026-06-19,2026-06-19T16:19:46.381495+00:00,2026-06-19,DraftKings official lineup CSV,https://www.draftkings.com/lineup/getavailableplayerscsv?contestTypeId=9&draftGroupId=149344,149344,9,Selected largest-prize regular Classic MLB draft group after excluding Turbo/Night/qualifier/satellite/showdown/snake/single-stat slates.,SP,Carlos Carrasco (43321407),Carlos Carrasco,43321407,P,6800,MIL@ATL 06/19/2026 07:15PM ET,06/19/2026 07:15PM ET,ATL,MIL,home,3.51,471911,Carlos Carrasco,mapped,identity_name_team_map,Stable identity seed from old DK-ID map. Pilot join status: matched via normalized_name_team
2026-06-19,2026-06-19T16:19:46.381495+00:00,2026-06-19,DraftKings official lineup CSV,https://www.draftkings.com/lineup/getavailableplayerscsv?contestTypeId=9&draftGroupId=149344,149344,9,Selected largest-prize regular Classic MLB draft group after excluding Turbo/Night/qualifier/satellite/showdown/snake/single-stat slates.,SP,Quinn Priester (43321414),Quinn Priester,43321414,P,6800,MIL@ATL 06/19/2026 07:15PM ET,06/19/2026 07:15PM ET,MIL,ATL,away,0,682990,Quinn Priester,mapped,identity_name_team_map,Stable identity seed from old DK-ID map. Pilot join status: matched_people_search_name via mlb_people_search_normalized_name
2026-06-19,2026-06-19T16:19:46.381495+00:00,2026-06-19,DraftKings official lineup CSV,https://www.draftkings.com/lineup/getavailableplayerscsv?contestTypeId=9&draftGroupId=149344,149344,9,Selected largest-prize regular Classic MLB draft group after excluding Turbo/Night/qualifier/satellite/showdown/snake/single-stat slates.,SP,Jack Leiter (43321405),Jack Leiter,43321405,P,6800,SD@TEX 06/19/2026 08:05PM ET,06/19/2026 08:05PM ET,TEX,SD,home,12.71,683004,Jack Leiter,mapped,identity_name_team_map,Stable identity seed from old DK-ID map. Pilot join status: matched via normalized_name_team
2026-06-19,2026-06-19T16:19:46.381495+00:00,2026-06-19,DraftKings official lineup CSV,https://www.draftkings.com/lineup/getavailableplayerscsv?contestTypeId=9&draftGroupId=149344,149344,9,Selected largest-prize regular Classic MLB draft group after excluding Turbo/Night/qualifier/satellite/showdown/snake/single-stat slates.,RP,Dax Fulton (43321410),Dax Fulton,43321410,P,6800,SF@MIA 06/19/2026 07:10PM ET,06/19/2026 07:10PM ET,MIA,SF,home,7.95,690978,Dax Fulton,mapped,identity_name_team_map,Proposed from review candidates; basis=exact normalized name + team; role-compatible; statcast_pitcher_2026; confidence=high; sources=statcast_pitcher_2026
2026-06-19,2026-06-19T16:19:46.381495+00:00,2026-06-19,DraftKings official lineup CSV,https://www.draftkings.com/lineup/getavailableplayerscsv?contestTypeId=9&draftGroupId=149344,149344,9,Selected largest-prize regular Classic MLB draft group after excluding Turbo/Night/qualifier/satellite/showdown/snake/single-stat slates.,RP,Lake Bachar (43321411),Lake Bachar,43321411,P,6800,SF@MIA 06/19/2026 07:10PM ET,06/19/2026 07:10PM ET,MIA,SF,home,5.64,669199,Lake Bachar,mapped,identity_name_team_map,Proposed from review candidates; basis=exact normalized name + team; role-compatible; hot-dog-stand-latest.json|statcast_pitcher_2026; confidence=high; sources=hot-dog-stand-latest.json|statcast_pitcher_2026
2026-06-19,2026-06-19T16:19:46.381495+00:00,2026-06-19,DraftKings official lineup CSV,https://www.draftkings.com/lineup/getavailableplayerscsv?contestTypeId=9&draftGroupId=149344,149344,9,Selected largest-prize regular Classic MLB draft group after excluding Turbo/Night/qualifier/satellite/showdown/snake/single-stat slates.,RP,Carmen Mlodzinski (43321403),Carmen Mlodzinski,43321403,P,6800,PIT@COL 06/19/2026 08:40PM ET,06/19/2026 08:40PM ET,PIT,COL,away,11.07,,,needs_review_new_player,identity_name_team_map,No reviewed normalized-name/team identity alias; do not auto-guess.
2026-06-19,2026-06-19T16:19:46.381495+00:00,2026-06-19,DraftKings official lineup CSV,https://www.draftkings.com/lineup/getavailableplayerscsv?contestTypeId=9&draftGroupId=149344,149344,9,Selected largest-prize regular Classic MLB draft group after excluding Turbo/Night/qualifier/satellite/showdown/snake/single-stat slates.,SP,Jared Jones (43321406),Jared Jones,43321406,P,6800,PIT@COL 06/19/2026 08:40PM ET,06/19/2026 08:40PM ET,PIT,COL,away,9.55,,,needs_review_new_player,identity_name_team_map,No reviewed normalized-name/team identity alias; do not auto-guess.
2026-06-19,2026-06-19T16:19:46.381495+00:00,2026-06-19,DraftKings official lineup CSV,https://www.draftkings.com/lineup/getavailableplayerscsv?contestTypeId=9&draftGroupId=149344,149344,9,Selected largest-prize regular Classic MLB draft group after excluding Turbo/Night/qualifier/satellite/showdown/snake/single-stat slates.,SP,Cristian Javier (43321408),Cristian Javier,43321408,P,6800,CLE@HOU 06/19/2026 08:10PM ET,06/19/2026 08:10PM ET,HOU,CLE,home,-3.8,664299,Cristian Javier,mapped,identity_name_team_map,Stable identity seed from old DK-ID map. Pilot join status: matched via normalized_name_team
2026-06-19,2026-06-19T16:19:46.381495+00:00,2026-06-19,DraftKings official lineup CSV,https://www.draftkings.com/lineup/getavailableplayerscsv?contestTypeId=9&draftGroupId=149344,149344,9,Selected largest-prize regular Classic MLB draft group after excluding Turbo/Night/qualifier/satellite/showdown/snake/single-stat slates.,SP,Colton Gordon (43321409),Colton Gordon,43321409,P,6800,CLE@HOU 06/19/2026 08:10PM ET,06/19/2026 08:10PM ET,HOU,CLE,home,1,676467,Colton Gordon,mapped,identity_name_team_map,Stable identity seed from old DK-ID map. Pilot join status: matched via normalized_name_team
2026-06-19,2026-06-19T16:19:46.381495+00:00,2026-06-19,DraftKings official lineup CSV,https://www.draftkings.com/lineup/getavailableplayerscsv?contestTypeId=9&draftGroupId=149344,149344,9,Selected largest-prize regular Classic MLB draft group after excluding Turbo/Night/qualifier/satellite/showdown/snake/single-stat slates.,1B/OF,Shohei Ohtani (43320692),Shohei Ohtani,43320692,1B/OF,6800,BAL@LAD 06/19/2026 10:10PM ET,06/19/2026 10:10PM ET,LAD,BAL,home,9.74,,,needs_review_new_player,identity_name_team_map,No reviewed normalized-name/team identity alias; do not auto-guess.
2026-06-19,2026-06-19T16:19:46.381495+00:00,2026-06-19,DraftKings official lineup CSV,https://www.draftkings.com/lineup/getavailableplayerscsv?contestTypeId=9&draftGroupId=149344,149344,9,Selected largest-prize regular Classic MLB draft group after excluding Turbo/Night/qualifier/satellite/showdown/snake/single-stat slates.,RP,Eric Lauer (43321413),Eric Lauer,43321413,P,6800,BAL@LAD 06/19/2026 10:10PM ET,06/19/2026 10:10PM ET,LAD,BAL,home,8.6,,,needs_review_new_player,identity_name_team_map,No reviewed normalized-name/team identity alias; do not auto-guess.
2026-06-19,2026-06-19T16:19:46.381495+00:00,2026-06-19,DraftKings official lineup CSV,https://www.draftkings.com/lineup/getavailableplayerscsv?contestTypeId=9&draftGroupId=149344,149344,9,Selected largest-prize regular Classic MLB draft group after excluding Turbo/Night/qualifier/satellite/showdown/snake/single-stat slates.,RP,Joey Wentz (43321432),Joey Wentz,43321432,P,6700,MIL@ATL 06/19/2026 07:15PM ET,06/19/2026 07:15PM ET,ATL,MIL,home,0,666214,Joey Wentz,mapped,identity_name_team_map,Stable identity seed from old DK-ID map. Pilot join status: matched_people_search_name via mlb_people_search_normalized_name
2026-06-19,2026-06-19T16:19:46.381495+00:00,2026-06-19,DraftKings official lineup CSV,https://www.draftkings.com/lineup/getavailableplayerscsv?contestTypeId=9&draftGroupId=149344,149344,9,Selected largest-prize regular Classic MLB draft group after excluding Turbo/Night/qualifier/satellite/showdown/snake/single-stat slates.,SP,Jordan Montgomery (43321415),Jordan Montgomery,43321415,P,6700,SD@TEX 06/19/2026 08:05PM ET,06/19/2026 08:05PM ET,TEX,SD,home,0,656756,Jordan Montgomery,mapped,identity_name_team_map,Stable identity seed from old DK-ID map. Pilot join status: matched_people_search_name via mlb_people_search_normalized_name
2026-06-19,2026-06-19T16:19:46.381495+00:00,2026-06-19,DraftKings official lineup CSV,https://www.draftkings.com/lineup/getavailableplayerscsv?contestTypeId=9&draftGroupId=149344,149344,9,Selected largest-prize regular Classic MLB draft group after excluding Turbo/Night/qualifier/satellite/showdown/snake/single-stat slates.,RP,Cody Bradford (43321416),Cody Bradford,43321416,P,6700,SD@TEX 06/19/2026 08:05PM ET,06/19/2026 08:05PM ET,TEX,SD,home,0,674003,Cody Bradford,mapped,identity_name_team_map,Stable identity seed from old DK-ID map. Pilot join status: matched_people_search_name via mlb_people_search_normalized_name
2026-06-19,2026-06-19T16:19:46.381495+00:00,2026-06-19,DraftKings official lineup CSV,https://www.draftkings.com/lineup/getavailableplayerscsv?contestTypeId=9&draftGroupId=149344,149344,9,Selected largest-prize regular Classic MLB draft group after excluding Turbo/Night/qualifier/satellite/showdown/snake/single-stat slates.,RP,Cal Quantrill (43321417),Cal Quantrill,43321417,P,6700,SD@TEX 06/19/2026 08:05PM ET,06/19/2026 08:05PM ET,TEX,SD,home,4.49,615698,Cal Quantrill,mapped,identity_name_team_map,Stable identity seed from old DK-ID map. Pilot join status: matched via normalized_name_team
2026-06-19,2026-06-19T16:19:46.381495+00:00,2026-06-19,DraftKings official lineup CSV,https://www.draftkings.com/lineup/getavailableplayerscsv?contestTypeId=9&draftGroupId=149344,149344,9,Selected largest-prize regular Classic MLB draft group after excluding Turbo/Night/qualifier/satellite/showdown/snake/single-stat slates.,SP,Kumar Rocker (43321424),Kumar Rocker,43321424,P,6700,SD@TEX 06/19/2026 08:05PM ET,06/19/2026 08:05PM ET,TEX,SD,home,10.85,677958,Kumar Rocker,mapped,identity_name_team_map,Stable identity seed from old DK-ID map. Pilot join status: matched via normalized_name_team
2026-06-19,2026-06-19T16:19:46.381495+00:00,2026-06-19,DraftKings official lineup CSV,https://www.draftkings.com/lineup/getavailableplayerscsv?contestTypeId=9&draftGroupId=149344,149344,9,Selected largest-prize regular Classic MLB draft group after excluding Turbo/Night/qualifier/satellite/showdown/snake/single-stat slates.,RP,Dylan Smith (43321418),Dylan Smith,43321418,P,6700,SF@MIA 06/19/2026 07:10PM ET,06/19/2026 07:10PM ET,SF,MIA,away,3.41,681916,Dylan Smith,mapped,identity_name_team_map,Stable identity seed from old DK-ID map. Pilot join status: matched via normalized_name_team
2026-06-19,2026-06-19T16:19:46.381495+00:00,2026-06-19,DraftKings official lineup CSV,https://www.draftkings.com/lineup/getavailableplayerscsv?contestTypeId=9&draftGroupId=149344,149344,9,Selected largest-prize regular Classic MLB draft group after excluding Turbo/Night/qualifier/satellite/showdown/snake/single-stat slates.,SP,Caleb Kilian (43321419),Caleb Kilian,43321419,P,6700,SF@MIA 06/19/2026 07:10PM ET,06/19/2026 07:10PM ET,SF,MIA,away,3.63,668873,Caleb Kilian,mapped,identity_name_team_map,Stable identity seed from old DK-ID map. Pilot join status: matched via normalized_name_team
2026-06-19,2026-06-19T16:19:46.381495+00:00,2026-06-19,DraftKings official lineup CSV,https://www.draftkings.com/lineup/getavailableplayerscsv?contestTypeId=9&draftGroupId=149344,149344,9,Selected largest-prize regular Classic MLB draft group after excluding Turbo/Night/qualifier/satellite/showdown/snake/single-stat slates.,SP,Braxton Garrett (43321420),Braxton Garrett,43321420,P,6700,SF@MIA 06/19/2026 07:10PM ET,06/19/2026 07:10PM ET,MIA,SF,home,-1.62,666129,Braxton Garrett,mapped,identity_name_team_map,Proposed from review candidates; basis=exact normalized name + team; role-compatible; statcast_pitcher_2026; confidence=high; sources=statcast_pitcher_2026
2026-06-19,2026-06-19T16:19:46.381495+00:00,2026-06-19,DraftKings official lineup CSV,https://www.draftkings.com/lineup/getavailableplayerscsv?contestTypeId=9&draftGroupId=149344,149344,9,Selected largest-prize regular Classic MLB draft group after excluding Turbo/Night/qualifier/satellite/showdown/snake/single-stat slates.,SP,Adam Mazur (43321421),Adam Mazur,43321421,P,6700,SF@MIA 06/19/2026 07:10PM ET,06/19/2026 07:10PM ET,MIA,SF,home,0,,,needs_review_new_player,identity_name_team_map,No reviewed normalized-name/team identity alias; do not auto-guess.
2026-06-19,2026-06-19T16:19:46.381495+00:00,2026-06-19,DraftKings official lineup CSV,https://www.draftkings.com/lineup/getavailableplayerscsv?contestTypeId=9&draftGroupId=149344,149344,9,Selected largest-prize regular Classic MLB draft group after excluding Turbo/Night/qualifier/satellite/showdown/snake/single-stat slates.,RP,Tyler Phillips (43321423),Tyler Phillips,43321423,P,6700,SF@MIA 06/19/2026 07:10PM ET,06/19/2026 07:10PM ET,MIA,SF,home,6.60,663969,Tyler Phillips,mapped,identity_name_team_map,Proposed from review candidates; basis=exact normalized name + team; role-compatible; statcast_pitcher_2026; confidence=high; sources=statcast_pitcher_2026
2026-06-19,2026-06-19T16:19:46.381495+00:00,2026-06-19,DraftKings official lineup CSV,https://www.draftkings.com/lineup/getavailableplayerscsv?contestTypeId=9&draftGroupId=149344,149344,9,Selected largest-prize regular Classic MLB draft group after excluding Turbo/Night/qualifier/satellite/showdown/snake/single-stat slates.,RP,Janson Junk (43321425),Janson Junk,43321425,P,6700,SF@MIA 06/19/2026 07:10PM ET,06/19/2026 07:10PM ET,MIA,SF,home,11.06,676083,Janson Junk,mapped,identity_name_team_map,Proposed from review candidates; basis=exact normalized name + team; role-compatible; hot-dog-stand-latest.json|statcast_pitcher_2026; confidence=high; sources=hot-dog-stand-latest.json|statcast_pitcher_2026
2026-06-19,2026-06-19T16:19:46.381495+00:00,2026-06-19,DraftKings official lineup CSV,https://www.draftkings.com/lineup/getavailableplayerscsv?contestTypeId=9&draftGroupId=149344,149344,9,Selected largest-prize regular Classic MLB draft group after excluding Turbo/Night/qualifier/satellite/showdown/snake/single-stat slates.,SP,Bradley Blalock (43321426),Bradley Blalock,43321426,P,6700,SF@MIA 06/19/2026 07:10PM ET,06/19/2026 07:10PM ET,MIA,SF,home,0,687134,Bradley Blalock,mapped,identity_name_team_map,Proposed from review candidates; basis=exact normalized name + team; role-compatible; statcast_pitcher_2026; confidence=high; sources=statcast_pitcher_2026
2026-06-19,2026-06-19T16:19:46.381495+00:00,2026-06-19,DraftKings official lineup CSV,https://www.draftkings.com/lineup/getavailableplayerscsv?contestTypeId=9&draftGroupId=149344,149344,9,Selected largest-prize regular Classic MLB draft group after excluding Turbo/Night/qualifier/satellite/showdown/snake/single-stat slates.,SP,Tyler Mahle (43321427),Tyler Mahle,43321427,P,6700,SF@MIA 06/19/2026 07:10PM ET,06/19/2026 07:10PM ET,SF,MIA,away,10.66,641816,Tyler Mahle,mapped,identity_name_team_map,Stable identity seed from old DK-ID map. Pilot join status: matched via normalized_name_team
2026-06-19,2026-06-19T16:19:46.381495+00:00,2026-06-19,DraftKings official lineup CSV,https://www.draftkings.com/lineup/getavailableplayerscsv?contestTypeId=9&draftGroupId=149344,149344,9,Selected largest-prize regular Classic MLB draft group after excluding Turbo/Night/qualifier/satellite/showdown/snake/single-stat slates.,RP,Hayden Birdsong (43321428),Hayden Birdsong,43321428,P,6700,SF@MIA 06/19/2026 07:10PM ET,06/19/2026 07:10PM ET,SF,MIA,away,0,806185,Hayden Birdsong,mapped,identity_name_team_map,Stable identity seed from old DK-ID map. Pilot join status: matched_people_search_name via mlb_people_search_normalized_name
2026-06-19,2026-06-19T16:19:46.381495+00:00,2026-06-19,DraftKings official lineup CSV,https://www.draftkings.com/lineup/getavailableplayerscsv?contestTypeId=9&draftGroupId=149344,149344,9,Selected largest-prize regular Classic MLB draft group after excluding Turbo/Night/qualifier/satellite/showdown/snake/single-stat slates.,RP,Ryan Gusto (43321429),Ryan Gusto,43321429,P,6700,SF@MIA 06/19/2026 07:10PM ET,06/19/2026 07:10PM ET,MIA,SF,home,2.87,687473,Ryan Gusto,mapped,identity_name_team_map,Proposed from review candidates; basis=exact normalized name + team; role-compatible; statcast_pitcher_2026; confidence=high; sources=statcast_pitcher_2026
2026-06-19,2026-06-19T16:19:46.381495+00:00,2026-06-19,DraftKings official lineup CSV,https://www.draftkings.com/lineup/getavailableplayerscsv?contestTypeId=9&draftGroupId=149344,149344,9,Selected largest-prize regular Classic MLB draft group after excluding Turbo/Night/qualifier/satellite/showdown/snake/single-stat slates.,SP,Carson Whisenhunt (43321430),Carson Whisenhunt,43321430,P,6700,SF@MIA 06/19/2026 07:10PM ET,06/19/2026 07:10PM ET,SF,MIA,away,10.45,687931,Carson Whisenhunt,mapped,identity_name_team_map,Stable identity seed from old DK-ID map. Pilot join status: matched_people_search_name via mlb_people_search_normalized_name
2026-06-19,2026-06-19T16:19:46.381495+00:00,2026-06-19,DraftKings official lineup CSV,https://www.draftkings.com/lineup/getavailableplayerscsv?contestTypeId=9&draftGroupId=149344,149344,9,Selected largest-prize regular Classic MLB draft group after excluding Turbo/Night/qualifier/satellite/showdown/snake/single-stat slates.,RP,JT Brubaker (43321431),JT Brubaker,43321431,P,6700,SF@MIA 06/19/2026 07:10PM ET,06/19/2026 07:10PM ET,SF,MIA,away,3.35,664141,JT Brubaker,mapped,identity_name_team_map,Stable identity seed from old DK-ID map. Pilot join status: matched via normalized_name_team
2026-06-19,2026-06-19T16:19:46.381495+00:00,2026-06-19,DraftKings official lineup CSV,https://www.draftkings.com/lineup/getavailableplayerscsv?contestTypeId=9&draftGroupId=149344,149344,9,Selected largest-prize regular Classic MLB draft group after excluding Turbo/Night/qualifier/satellite/showdown/snake/single-stat slates.,SP,Johan Oviedo (43321422),Johan Oviedo,43321422,P,6700,BOS@SEA 06/19/2026 10:10PM ET,06/19/2026 10:10PM ET,BOS,SEA,away,1.45,,,needs_review_new_player,identity_name_team_map,No reviewed normalized-name/team identity alias; do not auto-guess.
2026-06-19,2026-06-19T16:19:46.381495+00:00,2026-06-19,DraftKings official lineup CSV,https://www.draftkings.com/lineup/getavailableplayerscsv?contestTypeId=9&draftGroupId=149344,149344,9,Selected largest-prize regular Classic MLB draft group after excluding Turbo/Night/qualifier/satellite/showdown/snake/single-stat slates.,SP,Chase Silseth (43321439),Chase Silseth,43321439,P,6600,LAA@ATH 06/19/2026 09:40PM ET,06/19/2026 09:40PM ET,LAA,ATH,away,2.86,681217,Chase Silseth,mapped,identity_name_team_map,Stable identity seed from old DK-ID map. Pilot join status: matched via normalized_name_team
2026-06-19,2026-06-19T16:19:46.381495+00:00,2026-06-19,DraftKings official lineup CSV,https://www.draftkings.com/lineup/getavailableplayerscsv?contestTypeId=9&draftGroupId=149344,149344,9,Selected largest-prize regular Classic MLB draft group after excluding Turbo/Night/qualifier/satellite/showdown/snake/single-stat slates.,RP,Ryan Johnson (43321440),Ryan Johnson,43321440,P,6600,LAA@ATH 06/19/2026 09:40PM ET,06/19/2026 09:40PM ET,LAA,ATH,away,-2.52,696270,Ryan Johnson,mapped,identity_name_team_map,Stable identity seed from old DK-ID map. Pilot join status: matched via normalized_name_team
2026-06-19,2026-06-19T16:19:46.381495+00:00,2026-06-19,DraftKings official lineup CSV,https://www.draftkings.com/lineup/getavailableplayerscsv?contestTypeId=9&draftGroupId=149344,149344,9,Selected largest-prize regular Classic MLB draft group after excluding Turbo/Night/qualifier/satellite/showdown/snake/single-stat slates.,RP,Mitch Farris (43321441),Mitch Farris,43321441,P,6600,LAA@ATH 06/19/2026 09:40PM ET,06/19/2026 09:40PM ET,LAA,ATH,away,6.08,815083,Mitch Farris,mapped,identity_name_team_map,Stable identity seed from old DK-ID map. Pilot join status: matched via normalized_name_team
2026-06-19,2026-06-19T16:19:46.381495+00:00,2026-06-19,DraftKings official lineup CSV,https://www.draftkings.com/lineup/getavailableplayerscsv?contestTypeId=9&draftGroupId=149344,149344,9,Selected largest-prize regular Classic MLB draft group after excluding Turbo/Night/qualifier/satellite/showdown/snake/single-stat slates.,RP,Victor Mederos (43321434),Victor Mederos,43321434,P,6600,MIL@ATL 06/19/2026 07:15PM ET,06/19/2026 07:15PM ET,ATL,MIL,home,3.9,682989,Victor Mederos,mapped,identity_name_team_map,Stable identity seed from old DK-ID map. Pilot join status: matched via normalized_name_team
2026-06-19,2026-06-19T16:19:46.381495+00:00,2026-06-19,DraftKings official lineup CSV,https://www.draftkings.com/lineup/getavailableplayerscsv?contestTypeId=9&draftGroupId=149344,149344,9,Selected largest-prize regular Classic MLB draft group after excluding Turbo/Night/qualifier/satellite/showdown/snake/single-stat slates.,RP,Didier Fuentes (43321435),Didier Fuentes,43321435,P,6600,MIL@ATL 06/19/2026 07:15PM ET,06/19/2026 07:15PM ET,ATL,MIL,home,5.62,800311,Didier Fuentes,mapped,identity_name_team_map,Stable identity seed from old DK-ID map. Pilot join status: matched via normalized_name_team
2026-06-19,2026-06-19T16:19:46.381495+00:00,2026-06-19,DraftKings official lineup CSV,https://www.draftkings.com/lineup/getavailableplayerscsv?contestTypeId=9&draftGroupId=149344,149344,9,Selected largest-prize regular Classic MLB draft group after excluding Turbo/Night/qualifier/satellite/showdown/snake/single-stat slates.,SP,JP Sears (43321433),JP Sears,43321433,P,6600,SD@TEX 06/19/2026 08:05PM ET,06/19/2026 08:05PM ET,SD,TEX,away,0,676664,JP Sears,mapped,identity_name_team_map,Stable identity seed from old DK-ID map. Pilot join status: matched_people_search_name via mlb_people_search_normalized_name
2026-06-19,2026-06-19T16:19:46.381495+00:00,2026-06-19,DraftKings official lineup CSV,https://www.draftkings.com/lineup/getavailableplayerscsv?contestTypeId=9&draftGroupId=149344,149344,9,Selected largest-prize regular Classic MLB draft group after excluding Turbo/Night/qualifier/satellite/showdown/snake/single-stat slates.,SP,Walker Buehler (43321436),Walker Buehler,43321436,P,6600,SD@TEX 06/19/2026 08:05PM ET,06/19/2026 08:05PM ET,SD,TEX,away,11.84,621111,Walker Buehler,mapped,identity_name_team_map,Stable identity seed from old DK-ID map. Pilot join status: matched via normalized_name_team
2026-06-19,2026-06-19T16:19:46.381495+00:00,2026-06-19,DraftKings official lineup CSV,https://www.draftkings.com/lineup/getavailableplayerscsv?contestTypeId=9&draftGroupId=149344,149344,9,Selected largest-prize regular Classic MLB draft group after excluding Turbo/Night/qualifier/satellite/showdown/snake/single-stat slates.,SP,Lucas Giolito (43321437),Lucas Giolito,43321437,P,6600,SD@TEX 06/19/2026 08:05PM ET,06/19/2026 08:05PM ET,SD,TEX,away,7.26,608337,Lucas Giolito,mapped,identity_name_team_map,Stable identity seed from old DK-ID map. Pilot join status: matched via normalized_name_team
2026-06-19,2026-06-19T16:19:46.381495+00:00,2026-06-19,DraftKings official lineup CSV,https://www.draftkings.com/lineup/getavailableplayerscsv?contestTypeId=9&draftGroupId=149344,149344,9,Selected largest-prize regular Classic MLB draft group after excluding Turbo/Night/qualifier/satellite/showdown/snake/single-stat slates.,RP,Griffin Jax (43320682),Griffin Jax,43320682,P,6600,WSH@TB 06/19/2026 07:10PM ET,06/19/2026 07:10PM ET,TB,WSH,home,5.65,,,needs_review_new_player,identity_name_team_map,No reviewed normalized-name/team identity alias; do not auto-guess.
2026-06-19,2026-06-19T16:19:46.381495+00:00,2026-06-19,DraftKings official lineup CSV,https://www.draftkings.com/lineup/getavailableplayerscsv?contestTypeId=9&draftGroupId=149344,149344,9,Selected largest-prize regular Classic MLB draft group after excluding Turbo/Night/qualifier/satellite/showdown/snake/single-stat slates.,OF,James Wood (43320694),James Wood,43320694,OF,6600,WSH@TB 06/19/2026 07:10PM ET,06/19/2026 07:10PM ET,WSH,TB,away,11.12,695578,James Wood,mapped,identity_name_team_map,Stable identity seed from old DK-ID map. Pilot join status: matched via normalized_name_team
2026-06-19,2026-06-19T16:19:46.381495+00:00,2026-06-19,DraftKings official lineup CSV,https://www.draftkings.com/lineup/getavailableplayerscsv?contestTypeId=9&draftGroupId=149344,149344,9,Selected largest-prize regular Classic MLB draft group after excluding Turbo/Night/qualifier/satellite/showdown/snake/single-stat slates.,SP,Tyler Wells (43321438),Tyler Wells,43321438,P,6600,BAL@LAD 06/19/2026 10:10PM ET,06/19/2026 10:10PM ET,BAL,LAD,away,3.76,,,needs_review_new_player,identity_name_team_map,No reviewed normalized-name/team identity alias; do not auto-guess.
2026-06-19,2026-06-19T16:19:46.381495+00:00,2026-06-19,DraftKings official lineup CSV,https://www.draftkings.com/lineup/getavailableplayerscsv?contestTypeId=9&draftGroupId=149344,149344,9,Selected largest-prize regular Classic MLB draft group after excluding Turbo/Night/qualifier/satellite/showdown/snake/single-stat slates.,1B,Nick Kurtz (43320695),Nick Kurtz,43320695,1B,6500,LAA@ATH 06/19/2026 09:40PM ET,06/19/2026 09:40PM ET,ATH,LAA,home,10.68,701762,Nick Kurtz,mapped,identity_name_team_map,Stable identity seed from old DK-ID map. Pilot join status: matched via normalized_name_team
2026-06-19,2026-06-19T16:19:46.381495+00:00,2026-06-19,DraftKings official lineup CSV,https://www.draftkings.com/lineup/getavailableplayerscsv?contestTypeId=9&draftGroupId=149344,149344,9,Selected largest-prize regular Classic MLB draft group after excluding Turbo/Night/qualifier/satellite/showdown/snake/single-stat slates.,SP,Caden Dana (43321444),Caden Dana,43321444,P,6500,LAA@ATH 06/19/2026 09:40PM ET,06/19/2026 09:40PM ET,LAA,ATH,away,0,702674,Caden Dana,mapped,identity_name_team_map,Stable identity seed from old DK-ID map. Pilot join status: matched_people_search_name via mlb_people_search_normalized_name
2026-06-19,2026-06-19T16:19:46.381495+00:00,2026-06-19,DraftKings official lineup CSV,https://www.draftkings.com/lineup/getavailableplayerscsv?contestTypeId=9&draftGroupId=149344,149344,9,Selected largest-prize regular Classic MLB draft group after excluding Turbo/Night/qualifier/satellite/showdown/snake/single-stat slates.,SP,Brandon Sproat (43321445),Brandon Sproat,43321445,P,6500,MIL@ATL 06/19/2026 07:15PM ET,06/19/2026 07:15PM ET,MIL,ATL,away,9.32,687075,Brandon Sproat,mapped,identity_name_team_map,Stable identity seed from old DK-ID map. Pilot join status: matched via normalized_name_team
2026-06-19,2026-06-19T16:19:46.381495+00:00,2026-06-19,DraftKings official lineup CSV,https://www.draftkings.com/lineup/getavailableplayerscsv?contestTypeId=9&draftGroupId=149344,149344,9,Selected largest-prize regular Classic MLB draft group after excluding Turbo/Night/qualifier/satellite/showdown/snake/single-stat slates.,RP,Mason Englert (43321442),Mason Englert,43321442,P,6500,WSH@TB 06/19/2026 07:10PM ET,06/19/2026 07:10PM ET,TB,WSH,home,4.22,,,needs_review_new_player,identity_name_team_map,No reviewed normalized-name/team identity alias; do not auto-guess.
2026-06-19,2026-06-19T16:19:46.381495+00:00,2026-06-19,DraftKings official lineup CSV,https://www.draftkings.com/lineup/getavailableplayerscsv?contestTypeId=9&draftGroupId=149344,149344,9,Selected largest-prize regular Classic MLB draft group after excluding Turbo/Night/qualifier/satellite/showdown/snake/single-stat slates.,SP,Jackson Rutledge (43321443),Jackson Rutledge,43321443,P,6500,WSH@TB 06/19/2026 07:10PM ET,06/19/2026 07:10PM ET,WSH,TB,away,-11.8,671131,Jackson Rutledge,needs_review_team_change,identity_name_unique_mlbam,Name maps to one reviewed MLBAM identity but not this DK team; review as team-change/new alias before trusting automation.
2026-06-19,2026-06-19T16:19:46.381495+00:00,2026-06-19,DraftKings official lineup CSV,https://www.draftkings.com/lineup/getavailableplayerscsv?contestTypeId=9&draftGroupId=149344,149344,9,Selected largest-prize regular Classic MLB draft group after excluding Turbo/Night/qualifier/satellite/showdown/snake/single-stat slates.,SP,George Klassen (43321446),George Klassen,43321446,P,6400,LAA@ATH 06/19/2026 09:40PM ET,06/19/2026 09:40PM ET,LAA,ATH,away,0.15,691946,George Klassen,mapped,identity_name_team_map,Stable identity seed from old DK-ID map. Pilot join status: matched via normalized_name_team
2026-06-19,2026-06-19T16:19:46.381495+00:00,2026-06-19,DraftKings official lineup CSV,https://www.draftkings.com/lineup/getavailableplayerscsv?contestTypeId=9&draftGroupId=149344,149344,9,Selected largest-prize regular Classic MLB draft group after excluding Turbo/Night/qualifier/satellite/showdown/snake/single-stat slates.,SP,Connor Prielipp (43320683),Connor Prielipp,43320683,P,6400,MIN@ARI 06/19/2026 09:45PM ET,06/19/2026 09:45PM ET,MIN,ARI,away,12.18,687570,Connor Prielipp,mapped,identity_name_team_map,Proposed from review candidates; basis=exact normalized name + team; role-compatible; statcast_pitcher_2026; confidence=high; sources=statcast_pitcher_2026
2026-06-19,2026-06-19T16:19:46.381495+00:00,2026-06-19,DraftKings official lineup CSV,https://www.draftkings.com/lineup/getavailableplayerscsv?contestTypeId=9&draftGroupId=149344,149344,9,Selected largest-prize regular Classic MLB draft group after excluding Turbo/Night/qualifier/satellite/showdown/snake/single-stat slates.,SP,Steven Matz (43321447),Steven Matz,43321447,P,6400,WSH@TB 06/19/2026 07:10PM ET,06/19/2026 07:10PM ET,TB,WSH,home,7.55,,,needs_review_new_player,identity_name_team_map,No reviewed normalized-name/team identity alias; do not auto-guess.
2026-06-19,2026-06-19T16:19:46.381495+00:00,2026-06-19,DraftKings official lineup CSV,https://www.draftkings.com/lineup/getavailableplayerscsv?contestTypeId=9&draftGroupId=149344,149344,9,Selected largest-prize regular Classic MLB draft group after excluding Turbo/Night/qualifier/satellite/showdown/snake/single-stat slates.,SP,Mitch Keller (43321454),Mitch Keller,43321454,P,6400,PIT@COL 06/19/2026 08:40PM ET,06/19/2026 08:40PM ET,PIT,COL,away,11.31,,,needs_review_new_player,identity_name_team_map,No reviewed normalized-name/team identity alias; do not auto-guess.
2026-06-19,2026-06-19T16:19:46.381495+00:00,2026-06-19,DraftKings official lineup CSV,https://www.draftkings.com/lineup/getavailableplayerscsv?contestTypeId=9&draftGroupId=149344,149344,9,Selected largest-prize regular Classic MLB draft group after excluding Turbo/Night/qualifier/satellite/showdown/snake/single-stat slates.,SS,Bobby Witt Jr. (43320696),Bobby Witt Jr.,43320696,SS,6400,STL@KC 06/19/2026 08:15PM ET,06/19/2026 08:15PM ET,KC,STL,home,9.64,677951,Bobby Witt Jr.,mapped,identity_name_team_map,Stable identity seed from old DK-ID map. Pilot join status: matched via normalized_name_team
2026-06-19,2026-06-19T16:19:46.381495+00:00,2026-06-19,DraftKings official lineup CSV,https://www.draftkings.com/lineup/getavailableplayerscsv?contestTypeId=9&draftGroupId=149344,149344,9,Selected largest-prize regular Classic MLB draft group after excluding Turbo/Night/qualifier/satellite/showdown/snake/single-stat slates.,SP,Brandon Williamson (43321448),Brandon Williamson,43321448,P,6400,CIN@NYY 06/19/2026 07:05PM ET,06/19/2026 07:05PM ET,CIN,NYY,away,6.93,682227,Brandon Williamson,mapped,identity_name_team_map,Stable identity seed from old DK-ID map. Pilot join status: matched via normalized_name_team
2026-06-19,2026-06-19T16:19:46.381495+00:00,2026-06-19,DraftKings official lineup CSV,https://www.draftkings.com/lineup/getavailableplayerscsv?contestTypeId=9&draftGroupId=149344,149344,9,Selected largest-prize regular Classic MLB draft group after excluding Turbo/Night/qualifier/satellite/showdown/snake/single-stat slates.,SP,Chris Paddack (43321449),Chris Paddack,43321449,P,6400,CIN@NYY 06/19/2026 07:05PM ET,06/19/2026 07:05PM ET,CIN,NYY,away,4.71,663978,Chris Paddack,mapped,identity_name_team_map,Stable identity seed from old DK-ID map. Pilot join status: matched via normalized_name_team
2026-06-19,2026-06-19T16:19:46.381495+00:00,2026-06-19,DraftKings official lineup CSV,https://www.draftkings.com/lineup/getavailableplayerscsv?contestTypeId=9&draftGroupId=149344,149344,9,Selected largest-prize regular Classic MLB draft group after excluding Turbo/Night/qualifier/satellite/showdown/snake/single-stat slates.,RP,Jose Franco (43321450),Jose Franco,43321450,P,6400,CIN@NYY 06/19/2026 07:05PM ET,06/19/2026 07:05PM ET,CIN,NYY,away,2.7,683742,Jose Franco,mapped,identity_name_team_map,Stable identity seed from old DK-ID map. Pilot join status: matched via normalized_name_team
2026-06-19,2026-06-19T16:19:46.381495+00:00,2026-06-19,DraftKings official lineup CSV,https://www.draftkings.com/lineup/getavailableplayerscsv?contestTypeId=9&draftGroupId=149344,149344,9,Selected largest-prize regular Classic MLB draft group after excluding Turbo/Night/qualifier/satellite/showdown/snake/single-stat slates.,SP,Chase Petty (43321451),Chase Petty,43321451,P,6400,CIN@NYY 06/19/2026 07:05PM ET,06/19/2026 07:05PM ET,CIN,NYY,away,4.06,695534,Chase Petty,mapped,identity_name_team_map,Stable identity seed from old DK-ID map. Pilot join status: matched via normalized_name_team
2026-06-19,2026-06-19T16:19:46.381495+00:00,2026-06-19,DraftKings official lineup CSV,https://www.draftkings.com/lineup/getavailableplayerscsv?contestTypeId=9&draftGroupId=149344,149344,9,Selected largest-prize regular Classic MLB draft group after excluding Turbo/Night/qualifier/satellite/showdown/snake/single-stat slates.,SP,Tony Santillan (43321452),Tony Santillan,43321452,P,6400,CIN@NYY 06/19/2026 07:05PM ET,06/19/2026 07:05PM ET,CIN,NYY,away,1.93,663574,Tony Santillan,mapped,identity_name_team_map,Stable identity seed from old DK-ID map. Pilot join status: matched via normalized_name_team
2026-06-19,2026-06-19T16:19:46.381495+00:00,2026-06-19,DraftKings official lineup CSV,https://www.draftkings.com/lineup/getavailableplayerscsv?contestTypeId=9&draftGroupId=149344,149344,9,Selected largest-prize regular Classic MLB draft group after excluding Turbo/Night/qualifier/satellite/showdown/snake/single-stat slates.,SP,Connor Phillips (43321453),Connor Phillips,43321453,P,6400,CIN@NYY 06/19/2026 07:05PM ET,06/19/2026 07:05PM ET,CIN,NYY,away,2.28,683175,Connor Phillips,mapped,identity_name_team_map,Stable identity seed from old DK-ID map. Pilot join status: matched via normalized_name_team
2026-06-19,2026-06-19T16:19:46.381495+00:00,2026-06-19,DraftKings official lineup CSV,https://www.draftkings.com/lineup/getavailableplayerscsv?contestTypeId=9&draftGroupId=149344,149344,9,Selected largest-prize regular Classic MLB draft group after excluding Turbo/Night/qualifier/satellite/showdown/snake/single-stat slates.,RP,Jeffrey Springs (43320684),Jeffrey Springs,43320684,P,6300,LAA@ATH 06/19/2026 09:40PM ET,06/19/2026 09:40PM ET,ATH,LAA,home,11.48,605488,Jeffrey Springs,mapped,identity_name_team_map,Stable identity seed from old DK-ID map. Pilot join status: matched via normalized_name_team
2026-06-19,2026-06-19T16:19:46.381495+00:00,2026-06-19,DraftKings official lineup CSV,https://www.draftkings.com/lineup/getavailableplayerscsv?contestTypeId=9&draftGroupId=149344,149344,9,Selected largest-prize regular Classic MLB draft group after excluding Turbo/Night/qualifier/satellite/showdown/snake/single-stat slates.,SP,Jack Kochanowicz (43321459),Jack Kochanowicz,43321459,P,6300,LAA@ATH 06/19/2026 09:40PM ET,06/19/2026 09:40PM ET,LAA,ATH,away,7.26,686799,Jack Kochanowicz,mapped,identity_name_team_map,Stable identity seed from old DK-ID map. Pilot join status: matched via normalized_name_team
2026-06-19,2026-06-19T16:19:46.381495+00:00,2026-06-19,DraftKings official lineup CSV,https://www.draftkings.com/lineup/getavailableplayerscsv?contestTypeId=9&draftGroupId=149344,149344,9,Selected largest-prize regular Classic MLB draft group after excluding Turbo/Night/qualifier/satellite/showdown/snake/single-stat slates.,RP,Shane Drohan (43321458),Shane Drohan,43321458,P,6300,MIL@ATL 06/19/2026 07:15PM ET,06/19/2026 07:15PM ET,MIL,ATL,away,9.54,675660,Shane Drohan,mapped,identity_name_team_map,Stable identity seed from old DK-ID map. Pilot join status: matched via normalized_name_team
2026-06-19,2026-06-19T16:19:46.381495+00:00,2026-06-19,DraftKings official lineup CSV,https://www.draftkings.com/lineup/getavailableplayerscsv?contestTypeId=9&draftGroupId=149344,149344,9,Selected largest-prize regular Classic MLB draft group after excluding Turbo/Night/qualifier/satellite/showdown/snake/single-stat slates.,2B,Brandon Lowe (43320697),Brandon Lowe,43320697,2B,6300,PIT@COL 06/19/2026 08:40PM ET,06/19/2026 08:40PM ET,PIT,COL,away,8.91,,,needs_review_new_player,identity_name_team_map,No reviewed normalized-name/team identity alias; do not auto-guess.
2026-06-19,2026-06-19T16:19:46.381495+00:00,2026-06-19,DraftKings official lineup CSV,https://www.draftkings.com/lineup/getavailableplayerscsv?contestTypeId=9&draftGroupId=149344,149344,9,Selected largest-prize regular Classic MLB draft group after excluding Turbo/Night/qualifier/satellite/showdown/snake/single-stat slates.,SP,Brayan Bello (43321460),Brayan Bello,43321460,P,6300,BOS@SEA 06/19/2026 10:10PM ET,06/19/2026 10:10PM ET,BOS,SEA,away,7.12,,,needs_review_new_player,identity_name_team_map,No reviewed normalized-name/team identity alias; do not auto-guess.
2026-06-19,2026-06-19T16:19:46.381495+00:00,2026-06-19,DraftKings official lineup CSV,https://www.draftkings.com/lineup/getavailableplayerscsv?contestTypeId=9&draftGroupId=149344,149344,9,Selected largest-prize regular Classic MLB draft group after excluding Turbo/Night/qualifier/satellite/showdown/snake/single-stat slates.,RP,Albert Suarez (43321456),Albert Suarez,43321456,P,6300,BAL@LAD 06/19/2026 10:10PM ET,06/19/2026 10:10PM ET,BAL,LAD,away,4.88,,,needs_review_new_player,identity_name_team_map,No reviewed normalized-name/team identity alias; do not auto-guess.
2026-06-19,2026-06-19T16:19:46.381495+00:00,2026-06-19,DraftKings official lineup CSV,https://www.draftkings.com/lineup/getavailableplayerscsv?contestTypeId=9&draftGroupId=149344,149344,9,Selected largest-prize regular Classic MLB draft group after excluding Turbo/Night/qualifier/satellite/showdown/snake/single-stat slates.,RP,Keegan Akin (43321457),Keegan Akin,43321457,P,6300,BAL@LAD 06/19/2026 10:10PM ET,06/19/2026 10:10PM ET,BAL,LAD,away,0.99,,,needs_review_new_player,identity_name_team_map,No reviewed normalized-name/team identity alias; do not auto-guess.
2026-06-19,2026-06-19T16:19:46.381495+00:00,2026-06-19,DraftKings official lineup CSV,https://www.draftkings.com/lineup/getavailableplayerscsv?contestTypeId=9&draftGroupId=149344,149344,9,Selected largest-prize regular Classic MLB draft group after excluding Turbo/Night/qualifier/satellite/showdown/snake/single-stat slates.,SP,Hunter Dobbins (43321461),Hunter Dobbins,43321461,P,6300,STL@KC 06/19/2026 08:15PM ET,06/19/2026 08:15PM ET,STL,KC,away,13.15,690928,Hunter Dobbins,mapped,identity_name_team_map,Stable identity seed from old DK-ID map. Pilot join status: matched via normalized_name_team
2026-06-19,2026-06-19T16:19:46.381495+00:00,2026-06-19,DraftKings official lineup CSV,https://www.draftkings.com/lineup/getavailableplayerscsv?contestTypeId=9&draftGroupId=149344,149344,9,Selected largest-prize regular Classic MLB draft group after excluding Turbo/Night/qualifier/satellite/showdown/snake/single-stat slates.,SP,Brady Singer (43321455),Brady Singer,43321455,P,6300,CIN@NYY 06/19/2026 07:05PM ET,06/19/2026 07:05PM ET,CIN,NYY,away,8.56,663903,Brady Singer,mapped,identity_name_team_map,Stable identity seed from old DK-ID map. Pilot join status: matched via normalized_name_team
2026-06-19,2026-06-19T16:19:46.381495+00:00,2026-06-19,DraftKings official lineup CSV,https://www.draftkings.com/lineup/getavailableplayerscsv?contestTypeId=9&draftGroupId=149344,149344,9,Selected largest-prize regular Classic MLB draft group after excluding Turbo/Night/qualifier/satellite/showdown/snake/single-stat slates.,OF,Byron Buxton (43320698),Byron Buxton,43320698,OF,6200,MIN@ARI 06/19/2026 09:45PM ET,06/19/2026 09:45PM ET,MIN,ARI,away,10.34,621439,Byron Buxton,mapped,identity_name_team_map,Proposed from review candidates; basis=exact normalized name + team; role-compatible; hr-distance-latest.json|statcast_batter_des_2026; confidence=high; sources=hr-distance-latest.json|statcast_batter_des_2026
2026-06-19,2026-06-19T16:19:46.381495+00:00,2026-06-19,DraftKings official lineup CSV,https://www.draftkings.com/lineup/getavailableplayerscsv?contestTypeId=9&draftGroupId=149344,149344,9,Selected largest-prize regular Classic MLB draft group after excluding Turbo/Night/qualifier/satellite/showdown/snake/single-stat slates.,SP,DJ Herz (43321465),DJ Herz,43321465,P,6200,WSH@TB 06/19/2026 07:10PM ET,06/19/2026 07:10PM ET,WSH,TB,away,0,687792,DJ Herz,mapped,identity_name_team_map,Stable identity seed from old DK-ID map. Pilot join status: matched_people_search_name via mlb_people_search_normalized_name
2026-06-19,2026-06-19T16:19:46.381495+00:00,2026-06-19,DraftKings official lineup CSV,https://www.draftkings.com/lineup/getavailableplayerscsv?contestTypeId=9&draftGroupId=149344,149344,9,Selected largest-prize regular Classic MLB draft group after excluding Turbo/Night/qualifier/satellite/showdown/snake/single-stat slates.,SP,Luis Perales (43321466),Luis Perales,43321466,P,6200,WSH@TB 06/19/2026 07:10PM ET,06/19/2026 07:10PM ET,WSH,TB,away,0,691384,Luis Perales,mapped,identity_name_team_map,Stable identity seed from old DK-ID map. Pilot join status: matched_people_search_name via mlb_people_search_normalized_name
2026-06-19,2026-06-19T16:19:46.381495+00:00,2026-06-19,DraftKings official lineup CSV,https://www.draftkings.com/lineup/getavailableplayerscsv?contestTypeId=9&draftGroupId=149344,149344,9,Selected largest-prize regular Classic MLB draft group after excluding Turbo/Night/qualifier/satellite/showdown/snake/single-stat slates.,SP,Josiah Gray (43321467),Josiah Gray,43321467,P,6200,WSH@TB 06/19/2026 07:10PM ET,06/19/2026 07:10PM ET,WSH,TB,away,0,680686,Josiah Gray,mapped,identity_name_team_map,Stable identity seed from old DK-ID map. Pilot join status: matched_people_search_name via mlb_people_search_normalized_name
2026-06-19,2026-06-19T16:19:46.381495+00:00,2026-06-19,DraftKings official lineup CSV,https://www.draftkings.com/lineup/getavailableplayerscsv?contestTypeId=9&draftGroupId=149344,149344,9,Selected largest-prize regular Classic MLB draft group after excluding Turbo/Night/qualifier/satellite/showdown/snake/single-stat slates.,RP,Max Kranick (43321468),Max Kranick,43321468,P,6200,WSH@TB 06/19/2026 07:10PM ET,06/19/2026 07:10PM ET,WSH,TB,away,0,668820,Max Kranick,mapped,identity_name_team_map,Stable identity seed from old DK-ID map. Pilot join status: matched_people_search_name via mlb_people_search_normalized_name
2026-06-19,2026-06-19T16:19:46.381495+00:00,2026-06-19,DraftKings official lineup CSV,https://www.draftkings.com/lineup/getavailableplayerscsv?contestTypeId=9&draftGroupId=149344,149344,9,Selected largest-prize regular Classic MLB draft group after excluding Turbo/Night/qualifier/satellite/showdown/snake/single-stat slates.,SP,Mitchell Parker (43321469),Mitchell Parker,43321469,P,6200,WSH@TB 06/19/2026 07:10PM ET,06/19/2026 07:10PM ET,WSH,TB,away,3.62,680730,Mitchell Parker,mapped,identity_name_team_map,Stable identity seed from old DK-ID map. Pilot join status: matched via normalized_name_team
2026-06-19,2026-06-19T16:19:46.381495+00:00,2026-06-19,DraftKings official lineup CSV,https://www.draftkings.com/lineup/getavailableplayerscsv?contestTypeId=9&draftGroupId=149344,149344,9,Selected largest-prize regular Classic MLB draft group after excluding Turbo/Night/qualifier/satellite/showdown/snake/single-stat slates.,RP,Carson Palmquist (43321470),Carson Palmquist,43321470,P,6200,WSH@TB 06/19/2026 07:10PM ET,06/19/2026 07:10PM ET,WSH,TB,away,0,687223,Carson Palmquist,mapped,identity_name_team_map,Stable identity seed from old DK-ID map. Pilot join status: matched_people_search_name via mlb_people_search_normalized_name
2026-06-19,2026-06-19T16:19:46.381495+00:00,2026-06-19,DraftKings official lineup CSV,https://www.draftkings.com/lineup/getavailableplayerscsv?contestTypeId=9&draftGroupId=149344,149344,9,Selected largest-prize regular Classic MLB draft group after excluding Turbo/Night/qualifier/satellite/showdown/snake/single-stat slates.,RP,Zack Littell (43321471),Zack Littell,43321471,P,6200,WSH@TB 06/19/2026 07:10PM ET,06/19/2026 07:10PM ET,WSH,TB,away,7.98,641793,Zack Littell,mapped,identity_name_team_map,Stable identity seed from old DK-ID map. Pilot join status: matched via normalized_name_team
2026-06-19,2026-06-19T16:19:46.381495+00:00,2026-06-19,DraftKings official lineup CSV,https://www.draftkings.com/lineup/getavailableplayerscsv?contestTypeId=9&draftGroupId=149344,149344,9,Selected largest-prize regular Classic MLB draft group after excluding Turbo/Night/qualifier/satellite/showdown/snake/single-stat slates.,SP,Chris Bassitt (43321472),Chris Bassitt,43321472,P,6200,BAL@LAD 06/19/2026 10:10PM ET,06/19/2026 10:10PM ET,BAL,LAD,away,7.56,,,needs_review_new_player,identity_name_team_map,No reviewed normalized-name/team identity alias; do not auto-guess.
2026-06-19,2026-06-19T16:19:46.381495+00:00,2026-06-19,DraftKings official lineup CSV,https://www.draftkings.com/lineup/getavailableplayerscsv?contestTypeId=9&draftGroupId=149344,149344,9,Selected largest-prize regular Classic MLB draft group after excluding Turbo/Night/qualifier/satellite/showdown/snake/single-stat slates.,SP,Michael McGreevy (43320685),Michael McGreevy,43320685,P,6200,STL@KC 06/19/2026 08:15PM ET,06/19/2026 08:15PM ET,STL,KC,away,13.29,700241,Michael McGreevy,mapped,identity_name_team_map,Stable identity seed from old DK-ID map. Pilot join status: matched via normalized_name_team
2026-06-19,2026-06-19T16:19:46.381495+00:00,2026-06-19,DraftKings official lineup CSV,https://www.draftkings.com/lineup/getavailableplayerscsv?contestTypeId=9&draftGroupId=149344,149344,9,Selected largest-prize regular Classic MLB draft group after excluding Turbo/Night/qualifier/satellite/showdown/snake/single-stat slates.,SP,Tekoah Roby (43321462),Tekoah Roby,43321462,P,6200,STL@KC 06/19/2026 08:15PM ET,06/19/2026 08:15PM ET,STL,KC,away,0,694358,Tekoah Roby,mapped,identity_name_team_map,Stable identity seed from old DK-ID map. Pilot join status: matched_people_search_name via mlb_people_search_normalized_name
2026-06-19,2026-06-19T16:19:46.381495+00:00,2026-06-19,DraftKings official lineup CSV,https://www.draftkings.com/lineup/getavailableplayerscsv?contestTypeId=9&draftGroupId=149344,149344,9,Selected largest-prize regular Classic MLB draft group after excluding Turbo/Night/qualifier/satellite/showdown/snake/single-stat slates.,RP,Gordon Graceffo (43321463),Gordon Graceffo,43321463,P,6200,STL@KC 06/19/2026 08:15PM ET,06/19/2026 08:15PM ET,STL,KC,away,2.74,700669,Gordon Graceffo,mapped,identity_name_team_map,Stable identity seed from old DK-ID map. Pilot join status: matched via normalized_name_team
2026-06-19,2026-06-19T16:19:46.381495+00:00,2026-06-19,DraftKings official lineup CSV,https://www.draftkings.com/lineup/getavailableplayerscsv?contestTypeId=9&draftGroupId=149344,149344,9,Selected largest-prize regular Classic MLB draft group after excluding Turbo/Night/qualifier/satellite/showdown/snake/single-stat slates.,SP,Brycen Mautz (43321464),Brycen Mautz,43321464,P,6200,STL@KC 06/19/2026 08:15PM ET,06/19/2026 08:15PM ET,STL,KC,away,3.15,802408,Brycen Mautz,mapped,identity_name_team_map,Stable identity seed from old DK-ID map. Pilot join status: matched via normalized_name_team
2026-06-19,2026-06-19T16:19:46.381495+00:00,2026-06-19,DraftKings official lineup CSV,https://www.draftkings.com/lineup/getavailableplayerscsv?contestTypeId=9&draftGroupId=149344,149344,9,Selected largest-prize regular Classic MLB draft group after excluding Turbo/Night/qualifier/satellite/showdown/snake/single-stat slates.,SP,Marco Raya (43321475),Marco Raya,43321475,P,6100,MIN@ARI 06/19/2026 09:45PM ET,06/19/2026 09:45PM ET,MIN,ARI,away,0,,,needs_review_new_player,identity_name_team_map,No reviewed normalized-name/team identity alias; do not auto-guess.
2026-06-19,2026-06-19T16:19:46.381495+00:00,2026-06-19,DraftKings official lineup CSV,https://www.draftkings.com/lineup/getavailableplayerscsv?contestTypeId=9&draftGroupId=149344,149344,9,Selected largest-prize regular Classic MLB draft group after excluding Turbo/Night/qualifier/satellite/showdown/snake/single-stat slates.,RP,Yoendrys Gomez (43321476),Yoendrys Gomez,43321476,P,6100,MIN@ARI 06/19/2026 09:45PM ET,06/19/2026 09:45PM ET,MIN,ARI,away,2.99,672782,Yoendrys Gómez,mapped,identity_name_team_map,Proposed from review candidates; basis=exact normalized name + team; role-compatible; hot-dog-stand-latest.json; confidence=high; sources=hot-dog-stand-latest.json
2026-06-19,2026-06-19T16:19:46.381495+00:00,2026-06-19,DraftKings official lineup CSV,https://www.draftkings.com/lineup/getavailableplayerscsv?contestTypeId=9&draftGroupId=149344,149344,9,Selected largest-prize regular Classic MLB draft group after excluding Turbo/Night/qualifier/satellite/showdown/snake/single-stat slates.,SP,David Festa (43321481),David Festa,43321481,P,6100,MIN@ARI 06/19/2026 09:45PM ET,06/19/2026 09:45PM ET,MIN,ARI,away,0,,,needs_review_new_player,identity_name_team_map,No reviewed normalized-name/team identity alias; do not auto-guess.
2026-06-19,2026-06-19T16:19:46.381495+00:00,2026-06-19,DraftKings official lineup CSV,https://www.draftkings.com/lineup/getavailableplayerscsv?contestTypeId=9&draftGroupId=149344,149344,9,Selected largest-prize regular Classic MLB draft group after excluding Turbo/Night/qualifier/satellite/showdown/snake/single-stat slates.,RP,Mike Paredes (43321482),Mike Paredes,43321482,P,6100,MIN@ARI 06/19/2026 09:45PM ET,06/19/2026 09:45PM ET,MIN,ARI,away,7.39,702474,Mike Paredes,mapped,identity_name_team_map,Proposed from review candidates; basis=exact normalized name + team; role-compatible; statcast_pitcher_2026; confidence=high; sources=statcast_pitcher_2026
2026-06-19,2026-06-19T16:19:46.381495+00:00,2026-06-19,DraftKings official lineup CSV,https://www.draftkings.com/lineup/getavailableplayerscsv?contestTypeId=9&draftGroupId=149344,149344,9,Selected largest-prize regular Classic MLB draft group after excluding Turbo/Night/qualifier/satellite/showdown/snake/single-stat slates.,SP,Trevor Williams (43321473),Trevor Williams,43321473,P,6100,WSH@TB 06/19/2026 07:10PM ET,06/19/2026 07:10PM ET,WSH,TB,away,0,592866,Trevor Williams,mapped,identity_name_team_map,Stable identity seed from old DK-ID map. Pilot join status: matched_people_search_name via mlb_people_search_normalized_name
2026-06-19,2026-06-19T16:19:46.381495+00:00,2026-06-19,DraftKings official lineup CSV,https://www.draftkings.com/lineup/getavailableplayerscsv?contestTypeId=9&draftGroupId=149344,149344,9,Selected largest-prize regular Classic MLB draft group after excluding Turbo/Night/qualifier/satellite/showdown/snake/single-stat slates.,SP,Miles Mikolas (43321474),Miles Mikolas,43321474,P,6100,WSH@TB 06/19/2026 07:10PM ET,06/19/2026 07:10PM ET,WSH,TB,away,7.77,571945,Miles Mikolas,mapped,identity_name_team_map,Stable identity seed from old DK-ID map. Pilot join status: matched via normalized_name_team
2026-06-19,2026-06-19T16:19:46.381495+00:00,2026-06-19,DraftKings official lineup CSV,https://www.draftkings.com/lineup/getavailableplayerscsv?contestTypeId=9&draftGroupId=149344,149344,9,Selected largest-prize regular Classic MLB draft group after excluding Turbo/Night/qualifier/satellite/showdown/snake/single-stat slates.,SP,Blade Tidwell (43321477),Blade Tidwell,43321477,P,6100,SF@MIA 06/19/2026 07:10PM ET,06/19/2026 07:10PM ET,SF,MIA,away,3.82,694918,Blade Tidwell,mapped,identity_name_team_map,Stable identity seed from old DK-ID map. Pilot join status: matched via normalized_name_team
2026-06-19,2026-06-19T16:19:46.381495+00:00,2026-06-19,DraftKings official lineup CSV,https://www.draftkings.com/lineup/getavailableplayerscsv?contestTypeId=9&draftGroupId=149344,149344,9,Selected largest-prize regular Classic MLB draft group after excluding Turbo/Night/qualifier/satellite/showdown/snake/single-stat slates.,RP,Carson Seymour (43321478),Carson Seymour,43321478,P,6100,SF@MIA 06/19/2026 07:10PM ET,06/19/2026 07:10PM ET,SF,MIA,away,-4.02,693313,Carson Seymour,mapped,identity_name_team_map,Stable identity seed from old DK-ID map. Pilot join status: matched via normalized_name_team
2026-06-19,2026-06-19T16:19:46.381495+00:00,2026-06-19,DraftKings official lineup CSV,https://www.draftkings.com/lineup/getavailableplayerscsv?contestTypeId=9&draftGroupId=149344,149344,9,Selected largest-prize regular Classic MLB draft group after excluding Turbo/Night/qualifier/satellite/showdown/snake/single-stat slates.,RP,Jose Butto (43321479),Jose Butto,43321479,P,6100,SF@MIA 06/19/2026 07:10PM ET,06/19/2026 07:10PM ET,SF,MIA,away,-0.5,676130,José Buttó,mapped,identity_name_team_map,Stable identity seed from old DK-ID map. Pilot join status: matched via normalized_name_team
2026-06-19,2026-06-19T16:19:46.381495+00:00,2026-06-19,DraftKings official lineup CSV,https://www.draftkings.com/lineup/getavailableplayerscsv?contestTypeId=9&draftGroupId=149344,149344,9,Selected largest-prize regular Classic MLB draft group after excluding Turbo/Night/qualifier/satellite/showdown/snake/single-stat slates.,RP,Tristan Beck (43321480),Tristan Beck,43321480,P,6100,SF@MIA 06/19/2026 07:10PM ET,06/19/2026 07:10PM ET,SF,MIA,away,0.36,663941,Tristan Beck,mapped,identity_name_team_map,Stable identity seed from old DK-ID map. Pilot join status: matched via normalized_name_team
2026-06-19,2026-06-19T16:19:46.381495+00:00,2026-06-19,DraftKings official lineup CSV,https://www.draftkings.com/lineup/getavailableplayerscsv?contestTypeId=9&draftGroupId=149344,149344,9,Selected largest-prize regular Classic MLB draft group after excluding Turbo/Night/qualifier/satellite/showdown/snake/single-stat slates.,OF,Oneil Cruz (43321055),Oneil Cruz,43321055,OF,6100,PIT@COL 06/19/2026 08:40PM ET,06/19/2026 08:40PM ET,PIT,COL,away,10.39,,,needs_review_new_player,identity_name_team_map,No reviewed normalized-name/team identity alias; do not auto-guess.
2026-06-19,2026-06-19T16:19:46.381495+00:00,2026-06-19,DraftKings official lineup CSV,https://www.draftkings.com/lineup/getavailableplayerscsv?contestTypeId=9&draftGroupId=149344,149344,9,Selected largest-prize regular Classic MLB draft group after excluding Turbo/Night/qualifier/satellite/showdown/snake/single-stat slates.,OF,Yordan Alvarez (43320699),Yordan Alvarez,43320699,OF,6100,CLE@HOU 06/19/2026 08:10PM ET,06/19/2026 08:10PM ET,HOU,CLE,home,10.43,670541,Yordan Alvarez,mapped,identity_name_team_map,Stable identity seed from old DK-ID map. Pilot join status: matched via normalized_name_team
2026-06-19,2026-06-19T16:19:46.381495+00:00,2026-06-19,DraftKings official lineup CSV,https://www.draftkings.com/lineup/getavailableplayerscsv?contestTypeId=9&draftGroupId=149344,149344,9,Selected largest-prize regular Classic MLB draft group after excluding Turbo/Night/qualifier/satellite/showdown/snake/single-stat slates.,C,Shea Langeliers (43320700),Shea Langeliers,43320700,C,6000,LAA@ATH 06/19/2026 09:40PM ET,06/19/2026 09:40PM ET,ATH,LAA,home,9.29,669127,Shea Langeliers,mapped,identity_name_team_map,Stable identity seed from old DK-ID map. Pilot join status: matched via normalized_name_team
2026-06-19,2026-06-19T16:19:46.381495+00:00,2026-06-19,DraftKings official lineup CSV,https://www.draftkings.com/lineup/getavailableplayerscsv?contestTypeId=9&draftGroupId=149344,149344,9,Selected largest-prize regular Classic MLB draft group after excluding Turbo/Night/qualifier/satellite/showdown/snake/single-stat slates.,SS,CJ Abrams (43320701),CJ Abrams,43320701,SS,6000,WSH@TB 06/19/2026 07:10PM ET,06/19/2026 07:10PM ET,WSH,TB,away,9.59,682928,CJ Abrams,mapped,identity_name_team_map,Stable identity seed from old DK-ID map. Pilot join status: matched via normalized_name_team
2026-06-19,2026-06-19T16:19:46.381495+00:00,2026-06-19,DraftKings official lineup CSV,https://www.draftkings.com/lineup/getavailableplayerscsv?contestTypeId=9&draftGroupId=149344,149344,9,Selected largest-prize regular Classic MLB draft group after excluding Turbo/Night/qualifier/satellite/showdown/snake/single-stat slates.,SP,Adrian Houser (43321490),Adrian Houser,43321490,P,6000,SF@MIA 06/19/2026 07:10PM ET,06/19/2026 07:10PM ET,SF,MIA,away,7.41,605288,Adrian Houser,mapped,identity_name_team_map,Stable identity seed from old DK-ID map. Pilot join status: matched via normalized_name_team
2026-06-19,2026-06-19T16:19:46.381495+00:00,2026-06-19,DraftKings official lineup CSV,https://www.draftkings.com/lineup/getavailableplayerscsv?contestTypeId=9&draftGroupId=149344,149344,9,Selected largest-prize regular Classic MLB draft group after excluding Turbo/Night/qualifier/satellite/showdown/snake/single-stat slates.,SP,Keaton Winn (43321493),Keaton Winn,43321493,P,6000,SF@MIA 06/19/2026 07:10PM ET,06/19/2026 07:10PM ET,SF,MIA,away,3.05,676775,Keaton Winn,mapped,identity_name_team_map,Stable identity seed from old DK-ID map. Pilot join status: matched via normalized_name_team
2026-06-19,2026-06-19T16:19:46.381495+00:00,2026-06-19,DraftKings official lineup CSV,https://www.draftkings.com/lineup/getavailableplayerscsv?contestTypeId=9&draftGroupId=149344,149344,9,Selected largest-prize regular Classic MLB draft group after excluding Turbo/Night/qualifier/satellite/showdown/snake/single-stat slates.,SP,Jose Urquidy (43321483),Jose Urquidy,43321483,P,6000,PIT@COL 06/19/2026 08:40PM ET,06/19/2026 08:40PM ET,PIT,COL,away,0.81,,,needs_review_new_player,identity_name_team_map,No reviewed normalized-name/team identity alias; do not auto-guess.
2026-06-19,2026-06-19T16:19:46.381495+00:00,2026-06-19,DraftKings official lineup CSV,https://www.draftkings.com/lineup/getavailableplayerscsv?contestTypeId=9&draftGroupId=149344,149344,9,Selected largest-prize regular Classic MLB draft group after excluding Turbo/Night/qualifier/satellite/showdown/snake/single-stat slates.,RP,Hunter Barco (43321484),Hunter Barco,43321484,P,6000,PIT@COL 06/19/2026 08:40PM ET,06/19/2026 08:40PM ET,PIT,COL,away,1.45,,,needs_review_new_player,identity_name_team_map,No reviewed normalized-name/team identity alias; do not auto-guess.
2026-06-19,2026-06-19T16:19:46.381495+00:00,2026-06-19,DraftKings official lineup CSV,https://www.draftkings.com/lineup/getavailableplayerscsv?contestTypeId=9&draftGroupId=149344,149344,9,Selected largest-prize regular Classic MLB draft group after excluding Turbo/Night/qualifier/satellite/showdown/snake/single-stat slates.,RP,Wilber Dotel (43321485),Wilber Dotel,43321485,P,6000,PIT@COL 06/19/2026 08:40PM ET,06/19/2026 08:40PM ET,PIT,COL,away,4.92,,,needs_review_new_player,identity_name_team_map,No reviewed normalized-name/team identity alias; do not auto-guess.
2026-06-19,2026-06-19T16:19:46.381495+00:00,2026-06-19,DraftKings official lineup CSV,https://www.draftkings.com/lineup/getavailableplayerscsv?contestTypeId=9&draftGroupId=149344,149344,9,Selected largest-prize regular Classic MLB draft group after excluding Turbo/Night/qualifier/satellite/showdown/snake/single-stat slates.,RP,Antwone Kelly (43321486),Antwone Kelly,43321486,P,6000,PIT@COL 06/19/2026 08:40PM ET,06/19/2026 08:40PM ET,PIT,COL,away,1.45,,,needs_review_new_player,identity_name_team_map,No reviewed normalized-name/team identity alias; do not auto-guess.
2026-06-19,2026-06-19T16:19:46.381495+00:00,2026-06-19,DraftKings official lineup CSV,https://www.draftkings.com/lineup/getavailableplayerscsv?contestTypeId=9&draftGroupId=149344,149344,9,Selected largest-prize regular Classic MLB draft group after excluding Turbo/Night/qualifier/satellite/showdown/snake/single-stat slates.,SP,Thomas Harrington (43321487),Thomas Harrington,43321487,P,6000,PIT@COL 06/19/2026 08:40PM ET,06/19/2026 08:40PM ET,PIT,COL,away,0,,,needs_review_new_player,identity_name_team_map,No reviewed normalized-name/team identity alias; do not auto-guess.
2026-06-19,2026-06-19T16:19:46.381495+00:00,2026-06-19,DraftKings official lineup CSV,https://www.draftkings.com/lineup/getavailableplayerscsv?contestTypeId=9&draftGroupId=149344,149344,9,Selected largest-prize regular Classic MLB draft group after excluding Turbo/Night/qualifier/satellite/showdown/snake/single-stat slates.,SP,Ryan Feltner (43321488),Ryan Feltner,43321488,P,6000,PIT@COL 06/19/2026 08:40PM ET,06/19/2026 08:40PM ET,COL,PIT,home,9.76,663372,Ryan Feltner,mapped,identity_name_team_map,Stable identity seed from old DK-ID map. Pilot join status: matched via normalized_name_team
2026-06-19,2026-06-19T16:19:46.381495+00:00,2026-06-19,DraftKings official lineup CSV,https://www.draftkings.com/lineup/getavailableplayerscsv?contestTypeId=9&draftGroupId=149344,149344,9,Selected largest-prize regular Classic MLB draft group after excluding Turbo/Night/qualifier/satellite/showdown/snake/single-stat slates.,RP,Tanner Gordon (43321489),Tanner Gordon,43321489,P,6000,PIT@COL 06/19/2026 08:40PM ET,06/19/2026 08:40PM ET,COL,PIT,home,7.32,685299,Tanner Gordon,mapped,identity_name_team_map,Stable identity seed from old DK-ID map. Pilot join status: matched via normalized_name_team
2026-06-19,2026-06-19T16:19:46.381495+00:00,2026-06-19,DraftKings official lineup CSV,https://www.draftkings.com/lineup/getavailableplayerscsv?contestTypeId=9&draftGroupId=149344,149344,9,Selected largest-prize regular Classic MLB draft group after excluding Turbo/Night/qualifier/satellite/showdown/snake/single-stat slates.,SP,Tomoyuki Sugano (43321491),Tomoyuki Sugano,43321491,P,6000,PIT@COL 06/19/2026 08:40PM ET,06/19/2026 08:40PM ET,COL,PIT,home,9.74,608372,Tomoyuki Sugano,mapped,identity_name_team_map,Stable identity seed from old DK-ID map. Pilot join status: matched via normalized_name_team
2026-06-19,2026-06-19T16:19:46.381495+00:00,2026-06-19,DraftKings official lineup CSV,https://www.draftkings.com/lineup/getavailableplayerscsv?contestTypeId=9&draftGroupId=149344,149344,9,Selected largest-prize regular Classic MLB draft group after excluding Turbo/Night/qualifier/satellite/showdown/snake/single-stat slates.,SP,Tatsuya Imai (43320686),Tatsuya Imai,43320686,P,6000,CLE@HOU 06/19/2026 08:10PM ET,06/19/2026 08:10PM ET,HOU,CLE,home,8.95,837227,Tatsuya Imai,mapped,identity_name_team_map,Stable identity seed from old DK-ID map. Pilot join status: matched via normalized_name_team
2026-06-19,2026-06-19T16:19:46.381495+00:00,2026-06-19,DraftKings official lineup CSV,https://www.draftkings.com/lineup/getavailableplayerscsv?contestTypeId=9&draftGroupId=149344,149344,9,Selected largest-prize regular Classic MLB draft group after excluding Turbo/Night/qualifier/satellite/showdown/snake/single-stat slates.,OF,Randy Arozarena (43321056),Randy Arozarena,43321056,OF,6000,BOS@SEA 06/19/2026 10:10PM ET,06/19/2026 10:10PM ET,SEA,BOS,home,9.07,,,needs_review_new_player,identity_name_team_map,No reviewed normalized-name/team identity alias; do not auto-guess.
2026-06-19,2026-06-19T16:19:46.381495+00:00,2026-06-19,DraftKings official lineup CSV,https://www.draftkings.com/lineup/getavailableplayerscsv?contestTypeId=9&draftGroupId=149344,149344,9,Selected largest-prize regular Classic MLB draft group after excluding Turbo/Night/qualifier/satellite/showdown/snake/single-stat slates.,RP,Matthew Liberatore (43321492),Matthew Liberatore,43321492,P,6000,STL@KC 06/19/2026 08:15PM ET,06/19/2026 08:15PM ET,STL,KC,away,10.46,669461,Matthew Liberatore,mapped,identity_name_team_map,Stable identity seed from old DK-ID map. Pilot join status: matched via normalized_name_team
2026-06-19,2026-06-19T16:19:46.381495+00:00,2026-06-19,DraftKings official lineup CSV,https://www.draftkings.com/lineup/getavailableplayerscsv?contestTypeId=9&draftGroupId=149344,149344,9,Selected largest-prize regular Classic MLB draft group after excluding Turbo/Night/qualifier/satellite/showdown/snake/single-stat slates.,SP,Alec Marsh (43321494),Alec Marsh,43321494,P,6000,STL@KC 06/19/2026 08:15PM ET,06/19/2026 08:15PM ET,KC,STL,home,0,679525,Alec Marsh,mapped,identity_name_team_map,Stable identity seed from old DK-ID map. Pilot join status: matched_people_search_name via mlb_people_search_normalized_name
2026-06-19,2026-06-19T16:19:46.381495+00:00,2026-06-19,DraftKings official lineup CSV,https://www.draftkings.com/lineup/getavailableplayerscsv?contestTypeId=9&draftGroupId=149344,149344,9,Selected largest-prize regular Classic MLB draft group after excluding Turbo/Night/qualifier/satellite/showdown/snake/single-stat slates.,SP,Ben Kudrna (43321495),Ben Kudrna,43321495,P,6000,STL@KC 06/19/2026 08:15PM ET,06/19/2026 08:15PM ET,KC,STL,home,0,695667,Ben Kudrna,mapped,identity_name_team_map,Stable identity seed from old DK-ID map. Pilot join status: matched_people_search_name via mlb_people_search_normalized_name
2026-06-19,2026-06-19T16:19:46.381495+00:00,2026-06-19,DraftKings official lineup CSV,https://www.draftkings.com/lineup/getavailableplayerscsv?contestTypeId=9&draftGroupId=149344,149344,9,Selected largest-prize regular Classic MLB draft group after excluding Turbo/Night/qualifier/satellite/showdown/snake/single-stat slates.,SP,Steven Zobac (43321496),Steven Zobac,43321496,P,6000,STL@KC 06/19/2026 08:15PM ET,06/19/2026 08:15PM ET,KC,STL,home,0,686632,Steven Zobac,mapped,identity_name_team_map,Stable identity seed from old DK-ID map. Pilot join status: matched_people_search_name via mlb_people_search_normalized_name
2026-06-19,2026-06-19T16:19:46.381495+00:00,2026-06-19,DraftKings official lineup CSV,https://www.draftkings.com/lineup/getavailableplayerscsv?contestTypeId=9&draftGroupId=149344,149344,9,Selected largest-prize regular Classic MLB draft group after excluding Turbo/Night/qualifier/satellite/showdown/snake/single-stat slates.,RP,Daniel Lynch IV (43321497),Daniel Lynch IV,43321497,P,6000,STL@KC 06/19/2026 08:15PM ET,06/19/2026 08:15PM ET,KC,STL,home,3.22,663738,Daniel Lynch IV,mapped,identity_name_team_map,Stable identity seed from old DK-ID map. Pilot join status: matched via normalized_name_team
2026-06-19,2026-06-19T16:19:46.381495+00:00,2026-06-19,DraftKings official lineup CSV,https://www.draftkings.com/lineup/getavailableplayerscsv?contestTypeId=9&draftGroupId=149344,149344,9,Selected largest-prize regular Classic MLB draft group after excluding Turbo/Night/qualifier/satellite/showdown/snake/single-stat slates.,RP,Mason Black (43321498),Mason Black,43321498,P,6000,STL@KC 06/19/2026 08:15PM ET,06/19/2026 08:15PM ET,KC,STL,home,3.10,696131,Mason Black,mapped,identity_name_team_map,Stable identity seed from old DK-ID map. Pilot join status: matched via normalized_name_team
2026-06-19,2026-06-19T16:19:46.381495+00:00,2026-06-19,DraftKings official lineup CSV,https://www.draftkings.com/lineup/getavailableplayerscsv?contestTypeId=9&draftGroupId=149344,149344,9,Selected largest-prize regular Classic MLB draft group after excluding Turbo/Night/qualifier/satellite/showdown/snake/single-stat slates.,OF,Mike Trout (43320702),Mike Trout,43320702,OF,5900,LAA@ATH 06/19/2026 09:40PM ET,06/19/2026 09:40PM ET,LAA,ATH,away,9.24,545361,Mike Trout,mapped,identity_name_team_map,Stable identity seed from old DK-ID map. Pilot join status: matched via normalized_name_team
2026-06-19,2026-06-19T16:19:46.381495+00:00,2026-06-19,DraftKings official lineup CSV,https://www.draftkings.com/lineup/getavailableplayerscsv?contestTypeId=9&draftGroupId=149344,149344,9,Selected largest-prize regular Classic MLB draft group after excluding Turbo/Night/qualifier/satellite/showdown/snake/single-stat slates.,RP,Jhony Brito (43321501),Jhony Brito,43321501,P,5900,SD@TEX 06/19/2026 08:05PM ET,06/19/2026 08:05PM ET,SD,TEX,away,0,666745,Jhony Brito,mapped,identity_name_team_map,Stable identity seed from old DK-ID map. Pilot join status: matched_people_search_name via mlb_people_search_normalized_name
2026-06-19,2026-06-19T16:19:46.381495+00:00,2026-06-19,DraftKings official lineup CSV,https://www.draftkings.com/lineup/getavailableplayerscsv?contestTypeId=9&draftGroupId=149344,149344,9,Selected largest-prize regular Classic MLB draft group after excluding Turbo/Night/qualifier/satellite/showdown/snake/single-stat slates.,SP,Matt Waldron (43321502),Matt Waldron,43321502,P,5900,SD@TEX 06/19/2026 08:05PM ET,06/19/2026 08:05PM ET,SD,TEX,away,5.22,663362,Matt Waldron,mapped,identity_name_team_map,Stable identity seed from old DK-ID map. Pilot join status: matched via normalized_name_team
2026-06-19,2026-06-19T16:19:46.381495+00:00,2026-06-19,DraftKings official lineup CSV,https://www.draftkings.com/lineup/getavailableplayerscsv?contestTypeId=9&draftGroupId=149344,149344,9,Selected largest-prize regular Classic MLB draft group after excluding Turbo/Night/qualifier/satellite/showdown/snake/single-stat slates.,SP,Kyle Hart (43321503),Kyle Hart,43321503,P,5900,SD@TEX 06/19/2026 08:05PM ET,06/19/2026 08:05PM ET,SD,TEX,away,2.65,606996,Kyle Hart,mapped,identity_name_team_map,Stable identity seed from old DK-ID map. Pilot join status: matched via normalized_name_team
2026-06-19,2026-06-19T16:19:46.381495+00:00,2026-06-19,DraftKings official lineup CSV,https://www.draftkings.com/lineup/getavailableplayerscsv?contestTypeId=9&draftGroupId=149344,149344,9,Selected largest-prize regular Classic MLB draft group after excluding Turbo/Night/qualifier/satellite/showdown/snake/single-stat slates.,SP,German Marquez (43321504),German Marquez,43321504,P,5900,SD@TEX 06/19/2026 08:05PM ET,06/19/2026 08:05PM ET,SD,TEX,away,8.72,608566,Germán Márquez,mapped,identity_name_team_map,Stable identity seed from old DK-ID map. Pilot join status: matched via normalized_name_team
2026-06-19,2026-06-19T16:19:46.381495+00:00,2026-06-19,DraftKings official lineup CSV,https://www.draftkings.com/lineup/getavailableplayerscsv?contestTypeId=9&draftGroupId=149344,149344,9,Selected largest-prize regular Classic MLB draft group after excluding Turbo/Night/qualifier/satellite/showdown/snake/single-stat slates.,SP,Richard Fitts (43321499),Richard Fitts,43321499,P,5900,STL@KC 06/19/2026 08:15PM ET,06/19/2026 08:15PM ET,STL,KC,away,0,690916,Richard Fitts,mapped,identity_name_team_map,Stable identity seed from old DK-ID map. Pilot join status: matched_people_search_name via mlb_people_search_normalized_name
2026-06-19,2026-06-19T16:19:46.381495+00:00,2026-06-19,DraftKings official lineup CSV,https://www.draftkings.com/lineup/getavailableplayerscsv?contestTypeId=9&draftGroupId=149344,149344,9,Selected largest-prize regular Classic MLB draft group after excluding Turbo/Night/qualifier/satellite/showdown/snake/single-stat slates.,RP,Ryan Bergert (43321500),Ryan Bergert,43321500,P,5900,STL@KC 06/19/2026 08:15PM ET,06/19/2026 08:15PM ET,KC,STL,home,0,686701,Ryan Bergert,mapped,identity_name_team_map,Stable identity seed from old DK-ID map. Pilot join status: matched_people_search_name via mlb_people_search_normalized_name
2026-06-19,2026-06-19T16:19:46.381495+00:00,2026-06-19,DraftKings official lineup CSV,https://www.draftkings.com/lineup/getavailableplayerscsv?contestTypeId=9&draftGroupId=149344,149344,9,Selected largest-prize regular Classic MLB draft group after excluding Turbo/Night/qualifier/satellite/showdown/snake/single-stat slates.,OF,Tyler Soderstrom (43320704),Tyler Soderstrom,43320704,OF,5800,LAA@ATH 06/19/2026 09:40PM ET,06/19/2026 09:40PM ET,ATH,LAA,home,7.75,691016,Tyler Soderstrom,mapped,identity_name_team_map,Stable identity seed from old DK-ID map. Pilot join status: matched via normalized_name_team
2026-06-19,2026-06-19T16:19:46.381495+00:00,2026-06-19,DraftKings official lineup CSV,https://www.draftkings.com/lineup/getavailableplayerscsv?contestTypeId=9&draftGroupId=149344,149344,9,Selected largest-prize regular Classic MLB draft group after excluding Turbo/Night/qualifier/satellite/showdown/snake/single-stat slates.,RP,Sam Aldegheri (43321505),Sam Aldegheri,43321505,P,5800,LAA@ATH 06/19/2026 09:40PM ET,06/19/2026 09:40PM ET,LAA,ATH,away,6.63,691951,Sam Aldegheri,mapped,identity_name_team_map,Stable identity seed from old DK-ID map. Pilot join status: matched via normalized_name_team
2026-06-19,2026-06-19T16:19:46.381495+00:00,2026-06-19,DraftKings official lineup CSV,https://www.draftkings.com/lineup/getavailableplayerscsv?contestTypeId=9&draftGroupId=149344,149344,9,Selected largest-prize regular Classic MLB draft group after excluding Turbo/Night/qualifier/satellite/showdown/snake/single-stat slates.,SP,Gunnar Hoglund (43321506),Gunnar Hoglund,43321506,P,5800,LAA@ATH 06/19/2026 09:40PM ET,06/19/2026 09:40PM ET,ATH,LAA,home,0,680684,Gunnar Hoglund,mapped,identity_name_team_map,Stable identity seed from old DK-ID map. Pilot join status: matched_people_search_name via mlb_people_search_normalized_name
2026-06-19,2026-06-19T16:19:46.381495+00:00,2026-06-19,DraftKings official lineup CSV,https://www.draftkings.com/lineup/getavailableplayerscsv?contestTypeId=9&draftGroupId=149344,149344,9,Selected largest-prize regular Classic MLB draft group after excluding Turbo/Night/qualifier/satellite/showdown/snake/single-stat slates.,2B,Brice Turang (43320708),Brice Turang,43320708,2B,5800,MIL@ATL 06/19/2026 07:15PM ET,06/19/2026 07:15PM ET,MIL,ATL,away,9.88,668930,Brice Turang,mapped,identity_name_team_map,Stable identity seed from old DK-ID map. Pilot join status: matched via normalized_name_team
2026-06-19,2026-06-19T16:19:46.381495+00:00,2026-06-19,DraftKings official lineup CSV,https://www.draftkings.com/lineup/getavailableplayerscsv?contestTypeId=9&draftGroupId=149344,149344,9,Selected largest-prize regular Classic MLB draft group after excluding Turbo/Night/qualifier/satellite/showdown/snake/single-stat slates.,3B,Junior Caminero (43320703),Junior Caminero,43320703,3B,5800,WSH@TB 06/19/2026 07:10PM ET,06/19/2026 07:10PM ET,TB,WSH,home,8.22,,,needs_review_new_player,identity_name_team_map,No reviewed normalized-name/team identity alias; do not auto-guess.
2026-06-19,2026-06-19T16:19:46.381495+00:00,2026-06-19,DraftKings official lineup CSV,https://www.draftkings.com/lineup/getavailableplayerscsv?contestTypeId=9&draftGroupId=149344,149344,9,Selected largest-prize regular Classic MLB draft group after excluding Turbo/Night/qualifier/satellite/showdown/snake/single-stat slates.,RP,Brad Lord (43321508),Brad Lord,43321508,P,5800,WSH@TB 06/19/2026 07:10PM ET,06/19/2026 07:10PM ET,WSH,TB,away,6.74,695418,Brad Lord,mapped,identity_name_team_map,Stable identity seed from old DK-ID map. Pilot join status: matched via normalized_name_team
2026-06-19,2026-06-19T16:19:46.381495+00:00,2026-06-19,DraftKings official lineup CSV,https://www.draftkings.com/lineup/getavailableplayerscsv?contestTypeId=9&draftGroupId=149344,149344,9,Selected largest-prize regular Classic MLB draft group after excluding Turbo/Night/qualifier/satellite/showdown/snake/single-stat slates.,SP,Kyle Freeland (43320687),Kyle Freeland,43320687,P,5800,PIT@COL 06/19/2026 08:40PM ET,06/19/2026 08:40PM ET,COL,PIT,home,5.15,607536,Kyle Freeland,mapped,identity_name_team_map,Stable identity seed from old DK-ID map. Pilot join status: matched via normalized_name_team
2026-06-19,2026-06-19T16:19:46.381495+00:00,2026-06-19,DraftKings official lineup CSV,https://www.draftkings.com/lineup/getavailableplayerscsv?contestTypeId=9&draftGroupId=149344,149344,9,Selected largest-prize regular Classic MLB draft group after excluding Turbo/Night/qualifier/satellite/showdown/snake/single-stat slates.,OF,Bryan Reynolds (43320707),Bryan Reynolds,43320707,OF,5800,PIT@COL 06/19/2026 08:40PM ET,06/19/2026 08:40PM ET,PIT,COL,away,8.88,,,needs_review_new_player,identity_name_team_map,No reviewed normalized-name/team identity alias; do not auto-guess.
2026-06-19,2026-06-19T16:19:46.381495+00:00,2026-06-19,DraftKings official lineup CSV,https://www.draftkings.com/lineup/getavailableplayerscsv?contestTypeId=9&draftGroupId=149344,149344,9,Selected largest-prize regular Classic MLB draft group after excluding Turbo/Night/qualifier/satellite/showdown/snake/single-stat slates.,C,Hunter Goodman (43320709),Hunter Goodman,43320709,C,5800,PIT@COL 06/19/2026 08:40PM ET,06/19/2026 08:40PM ET,COL,PIT,home,8.99,696100,Hunter Goodman,mapped,identity_name_team_map,Stable identity seed from old DK-ID map. Pilot join status: matched via normalized_name_team
2026-06-19,2026-06-19T16:19:46.381495+00:00,2026-06-19,DraftKings official lineup CSV,https://www.draftkings.com/lineup/getavailableplayerscsv?contestTypeId=9&draftGroupId=149344,149344,9,Selected largest-prize regular Classic MLB draft group after excluding Turbo/Night/qualifier/satellite/showdown/snake/single-stat slates.,OF,Julio Rodriguez (43320706),Julio Rodriguez,43320706,OF,5800,BOS@SEA 06/19/2026 10:10PM ET,06/19/2026 10:10PM ET,SEA,BOS,home,7.93,,,needs_review_new_player,identity_name_team_map,No reviewed normalized-name/team identity alias; do not auto-guess.
2026-06-19,2026-06-19T16:19:46.381495+00:00,2026-06-19,DraftKings official lineup CSV,https://www.draftkings.com/lineup/getavailableplayerscsv?contestTypeId=9&draftGroupId=149344,149344,9,Selected largest-prize regular Classic MLB draft group after excluding Turbo/Night/qualifier/satellite/showdown/snake/single-stat slates.,RP,Mitch Spence (43321507),Mitch Spence,43321507,P,5800,STL@KC 06/19/2026 08:15PM ET,06/19/2026 08:15PM ET,KC,STL,home,-4.1,687765,Mitch Spence,mapped,identity_name_team_map,Stable identity seed from old DK-ID map. Pilot join status: matched via normalized_name_team
2026-06-19,2026-06-19T16:19:46.381495+00:00,2026-06-19,DraftKings official lineup CSV,https://www.draftkings.com/lineup/getavailableplayerscsv?contestTypeId=9&draftGroupId=149344,149344,9,Selected largest-prize regular Classic MLB draft group after excluding Turbo/Night/qualifier/satellite/showdown/snake/single-stat slates.,1B,Ben Rice (43320705),Ben Rice,43320705,1B,5800,CIN@NYY 06/19/2026 07:05PM ET,06/19/2026 07:05PM ET,NYY,CIN,home,10.22,,,needs_review_new_player,identity_name_team_map,No reviewed normalized-name/team identity alias; do not auto-guess.
2026-06-19,2026-06-19T16:19:46.381495+00:00,2026-06-19,DraftKings official lineup CSV,https://www.draftkings.com/lineup/getavailableplayerscsv?contestTypeId=9&draftGroupId=149344,149344,9,Selected largest-prize regular Classic MLB draft group after excluding Turbo/Night/qualifier/satellite/showdown/snake/single-stat slates.,SP,Luis Morales (43321510),Luis Morales,43321510,P,5700,LAA@ATH 06/19/2026 09:40PM ET,06/19/2026 09:40PM ET,ATH,LAA,home,-4.33,806960,Luis Morales,mapped,identity_name_team_map,Stable identity seed from old DK-ID map. Pilot join status: matched via normalized_name_team
2026-06-19,2026-06-19T16:19:46.381495+00:00,2026-06-19,DraftKings official lineup CSV,https://www.draftkings.com/lineup/getavailableplayerscsv?contestTypeId=9&draftGroupId=149344,149344,9,Selected largest-prize regular Classic MLB draft group after excluding Turbo/Night/qualifier/satellite/showdown/snake/single-stat slates.,SP,Luis Medina (43321511),Luis Medina,43321511,P,5700,LAA@ATH 06/19/2026 09:40PM ET,06/19/2026 09:40PM ET,ATH,LAA,home,3.80,665622,Luis Medina,mapped,identity_name_team_map,Stable identity seed from old DK-ID map. Pilot join status: matched via normalized_name_team
2026-06-19,2026-06-19T16:19:46.381495+00:00,2026-06-19,DraftKings official lineup CSV,https://www.draftkings.com/lineup/getavailableplayerscsv?contestTypeId=9&draftGroupId=149344,149344,9,Selected largest-prize regular Classic MLB draft group after excluding Turbo/Night/qualifier/satellite/showdown/snake/single-stat slates.,OF,Corbin Carroll (43320710),Corbin Carroll,43320710,OF,5700,MIN@ARI 06/19/2026 09:45PM ET,06/19/2026 09:45PM ET,ARI,MIN,home,9.39,,,needs_review_new_player,identity_name_team_map,No reviewed normalized-name/team identity alias; do not auto-guess.
2026-06-19,2026-06-19T16:19:46.381495+00:00,2026-06-19,DraftKings official lineup CSV,https://www.draftkings.com/lineup/getavailableplayerscsv?contestTypeId=9&draftGroupId=149344,149344,9,Selected largest-prize regular Classic MLB draft group after excluding Turbo/Night/qualifier/satellite/showdown/snake/single-stat slates.,SP,Griffin Canning (43321509),Griffin Canning,43321509,P,5700,SD@TEX 06/19/2026 08:05PM ET,06/19/2026 08:05PM ET,SD,TEX,away,8.77,656288,Griffin Canning,mapped,identity_name_team_map,Stable identity seed from old DK-ID map. Pilot join status: matched via normalized_name_team
2026-06-19,2026-06-19T16:19:46.381495+00:00,2026-06-19,DraftKings official lineup CSV,https://www.draftkings.com/lineup/getavailableplayerscsv?contestTypeId=9&draftGroupId=149344,149344,9,Selected largest-prize regular Classic MLB draft group after excluding Turbo/Night/qualifier/satellite/showdown/snake/single-stat slates.,OF,Ryan O'Hearn (43320711),Ryan O'Hearn,43320711,OF,5700,PIT@COL 06/19/2026 08:40PM ET,06/19/2026 08:40PM ET,PIT,COL,away,8.03,,,needs_review_new_player,identity_name_team_map,No reviewed normalized-name/team identity alias; do not auto-guess.
2026-06-19,2026-06-19T16:19:46.381495+00:00,2026-06-19,DraftKings official lineup CSV,https://www.draftkings.com/lineup/getavailableplayerscsv?contestTypeId=9&draftGroupId=149344,149344,9,Selected largest-prize regular Classic MLB draft group after excluding Turbo/Night/qualifier/satellite/showdown/snake/single-stat slates.,SP,Trevor Rogers (43320688),Trevor Rogers,43320688,P,5700,BAL@LAD 06/19/2026 10:10PM ET,06/19/2026 10:10PM ET,BAL,LAD,away,8.64,,,needs_review_new_player,identity_name_team_map,No reviewed normalized-name/team identity alias; do not auto-guess.
2026-06-19,2026-06-19T16:19:46.381495+00:00,2026-06-19,DraftKings official lineup CSV,https://www.draftkings.com/lineup/getavailableplayerscsv?contestTypeId=9&draftGroupId=149344,149344,9,Selected largest-prize regular Classic MLB draft group after excluding Turbo/Night/qualifier/satellite/showdown/snake/single-stat slates.,RP,Jack Perkins (43321512),Jack Perkins,43321512,P,5600,LAA@ATH 06/19/2026 09:40PM ET,06/19/2026 09:40PM ET,ATH,LAA,home,5.22,678022,Jack Perkins,mapped,identity_name_team_map,Stable identity seed from old DK-ID map. Pilot join status: matched via normalized_name_team
2026-06-19,2026-06-19T16:19:46.381495+00:00,2026-06-19,DraftKings official lineup CSV,https://www.draftkings.com/lineup/getavailableplayerscsv?contestTypeId=9&draftGroupId=149344,149344,9,Selected largest-prize regular Classic MLB draft group after excluding Turbo/Night/qualifier/satellite/showdown/snake/single-stat slates.,RP,Joey Estes (43321513),Joey Estes,43321513,P,5600,LAA@ATH 06/19/2026 09:40PM ET,06/19/2026 09:40PM ET,ATH,LAA,home,6.15,683155,Joey Estes,mapped,identity_name_team_map,Stable identity seed from old DK-ID map. Pilot join status: matched_people_search_name via mlb_people_search_normalized_name
2026-06-19,2026-06-19T16:19:46.381495+00:00,2026-06-19,DraftKings official lineup CSV,https://www.draftkings.com/lineup/getavailableplayerscsv?contestTypeId=9&draftGroupId=149344,149344,9,Selected largest-prize regular Classic MLB draft group after excluding Turbo/Night/qualifier/satellite/showdown/snake/single-stat slates.,SP,Kade Morris (43321514),Kade Morris,43321514,P,5600,LAA@ATH 06/19/2026 09:40PM ET,06/19/2026 09:40PM ET,ATH,LAA,home,-8.2,695034,Kade Morris,mapped,identity_name_team_map,Stable identity seed from old DK-ID map. Pilot join status: matched via normalized_name_team
2026-06-19,2026-06-19T16:19:46.381495+00:00,2026-06-19,DraftKings official lineup CSV,https://www.draftkings.com/lineup/getavailableplayerscsv?contestTypeId=9&draftGroupId=149344,149344,9,Selected largest-prize regular Classic MLB draft group after excluding Turbo/Night/qualifier/satellite/showdown/snake/single-stat slates.,RP,Jose Suarez (43321515),Jose Suarez,43321515,P,5600,LAA@ATH 06/19/2026 09:40PM ET,06/19/2026 09:40PM ET,ATH,LAA,home,3.65,660761,José Suarez,mapped,identity_name_team_map,Stable identity seed from old DK-ID map. Pilot join status: matched via normalized_name_team
2026-06-19,2026-06-19T16:19:46.381495+00:00,2026-06-19,DraftKings official lineup CSV,https://www.draftkings.com/lineup/getavailableplayerscsv?contestTypeId=9&draftGroupId=149344,149344,9,Selected largest-prize regular Classic MLB draft group after excluding Turbo/Night/qualifier/satellite/showdown/snake/single-stat slates.,1B/3B,Yandy Diaz (43320712),Yandy Diaz,43320712,1B/3B,5600,WSH@TB 06/19/2026 07:10PM ET,06/19/2026 07:10PM ET,TB,WSH,home,8.84,,,needs_review_new_player,identity_name_team_map,No reviewed normalized-name/team identity alias; do not auto-guess.
2026-06-19,2026-06-19T16:19:46.381495+00:00,2026-06-19,DraftKings official lineup CSV,https://www.draftkings.com/lineup/getavailableplayerscsv?contestTypeId=9&draftGroupId=149344,149344,9,Selected largest-prize regular Classic MLB draft group after excluding Turbo/Night/qualifier/satellite/showdown/snake/single-stat slates.,3B,Jose Ramirez (43321057),Jose Ramirez,43321057,3B,5600,CLE@HOU 06/19/2026 08:10PM ET,06/19/2026 08:10PM ET,CLE,HOU,away,9.06,,,needs_review_new_player,identity_name_team_map,No reviewed normalized-name/team identity alias; do not auto-guess.
2026-06-19,2026-06-19T16:19:46.381495+00:00,2026-06-19,DraftKings official lineup CSV,https://www.draftkings.com/lineup/getavailableplayerscsv?contestTypeId=9&draftGroupId=149344,149344,9,Selected largest-prize regular Classic MLB draft group after excluding Turbo/Night/qualifier/satellite/showdown/snake/single-stat slates.,1B,Josh Naylor (43320714),Josh Naylor,43320714,1B,5600,BOS@SEA 06/19/2026 10:10PM ET,06/19/2026 10:10PM ET,SEA,BOS,home,7.45,,,needs_review_new_player,identity_name_team_map,No reviewed normalized-name/team identity alias; do not auto-guess.
2026-06-19,2026-06-19T16:19:46.381495+00:00,2026-06-19,DraftKings official lineup CSV,https://www.draftkings.com/lineup/getavailableplayerscsv?contestTypeId=9&draftGroupId=149344,149344,9,Selected largest-prize regular Classic MLB draft group after excluding Turbo/Night/qualifier/satellite/showdown/snake/single-stat slates.,SS,Zach Neto (43320718),Zach Neto,43320718,SS,5500,LAA@ATH 06/19/2026 09:40PM ET,06/19/2026 09:40PM ET,LAA,ATH,away,8.92,687263,Zach Neto,mapped,identity_name_team_map,Stable identity seed from old DK-ID map. Pilot join status: matched via normalized_name_team
2026-06-19,2026-06-19T16:19:46.381495+00:00,2026-06-19,DraftKings official lineup CSV,https://www.draftkings.com/lineup/getavailableplayerscsv?contestTypeId=9&draftGroupId=149344,149344,9,Selected largest-prize regular Classic MLB draft group after excluding Turbo/Night/qualifier/satellite/showdown/snake/single-stat slates.,RP,Jacob Lopez (43321516),Jacob Lopez,43321516,P,5500,LAA@ATH 06/19/2026 09:40PM ET,06/19/2026 09:40PM ET,ATH,LAA,home,6.18,682052,Jacob Lopez,mapped,identity_name_team_map,Stable identity seed from old DK-ID map. Pilot join status: matched via normalized_name_team
2026-06-19,2026-06-19T16:19:46.381495+00:00,2026-06-19,DraftKings official lineup CSV,https://www.draftkings.com/lineup/getavailableplayerscsv?contestTypeId=9&draftGroupId=149344,149344,9,Selected largest-prize regular Classic MLB draft group after excluding Turbo/Night/qualifier/satellite/showdown/snake/single-stat slates.,OF,Christian Yelich (43320719),Christian Yelich,43320719,OF,5500,MIL@ATL 06/19/2026 07:15PM ET,06/19/2026 07:15PM ET,MIL,ATL,away,8.93,592885,Christian Yelich,mapped,identity_name_team_map,Stable identity seed from old DK-ID map. Pilot join status: matched via normalized_name_team
2026-06-19,2026-06-19T16:19:46.381495+00:00,2026-06-19,DraftKings official lineup CSV,https://www.draftkings.com/lineup/getavailableplayerscsv?contestTypeId=9&draftGroupId=149344,149344,9,Selected largest-prize regular Classic MLB draft group after excluding Turbo/Night/qualifier/satellite/showdown/snake/single-stat slates.,SP,Bubba Chandler (43320689),Bubba Chandler,43320689,P,5500,PIT@COL 06/19/2026 08:40PM ET,06/19/2026 08:40PM ET,PIT,COL,away,11.81,,,needs_review_new_player,identity_name_team_map,No reviewed normalized-name/team identity alias; do not auto-guess.
2026-06-19,2026-06-19T16:19:46.381495+00:00,2026-06-19,DraftKings official lineup CSV,https://www.draftkings.com/lineup/getavailableplayerscsv?contestTypeId=9&draftGroupId=149344,149344,9,Selected largest-prize regular Classic MLB draft group after excluding Turbo/Night/qualifier/satellite/showdown/snake/single-stat slates.,1B,Pete Alonso (43320715),Pete Alonso,43320715,1B,5500,BAL@LAD 06/19/2026 10:10PM ET,06/19/2026 10:10PM ET,BAL,LAD,away,8.20,,,needs_review_new_player,identity_name_team_map,No reviewed normalized-name/team identity alias; do not auto-guess.
2026-06-19,2026-06-19T16:19:46.381495+00:00,2026-06-19,DraftKings official lineup CSV,https://www.draftkings.com/lineup/getavailableplayerscsv?contestTypeId=9&draftGroupId=149344,149344,9,Selected largest-prize regular Classic MLB draft group after excluding Turbo/Night/qualifier/satellite/showdown/snake/single-stat slates.,OF,Andy Pages (43320716),Andy Pages,43320716,OF,5500,BAL@LAD 06/19/2026 10:10PM ET,06/19/2026 10:10PM ET,LAD,BAL,home,8.82,,,needs_review_new_player,identity_name_team_map,No reviewed normalized-name/team identity alias; do not auto-guess.
2026-06-19,2026-06-19T16:19:46.381495+00:00,2026-06-19,DraftKings official lineup CSV,https://www.draftkings.com/lineup/getavailableplayerscsv?contestTypeId=9&draftGroupId=149344,149344,9,Selected largest-prize regular Classic MLB draft group after excluding Turbo/Night/qualifier/satellite/showdown/snake/single-stat slates.,OF,Jordan Walker (43320717),Jordan Walker,43320717,OF,5500,STL@KC 06/19/2026 08:15PM ET,06/19/2026 08:15PM ET,STL,KC,away,9.88,691023,Jordan Walker,mapped,identity_name_team_map,Stable identity seed from old DK-ID map. Pilot join status: matched via normalized_name_team
2026-06-19,2026-06-19T16:19:46.381495+00:00,2026-06-19,DraftKings official lineup CSV,https://www.draftkings.com/lineup/getavailableplayerscsv?contestTypeId=9&draftGroupId=149344,149344,9,Selected largest-prize regular Classic MLB draft group after excluding Turbo/Night/qualifier/satellite/showdown/snake/single-stat slates.,OF,Aaron Judge (43321058),Aaron Judge,43321058,OF,5500,CIN@NYY 06/19/2026 07:05PM ET,06/19/2026 07:05PM ET,NYY,CIN,home,9.71,,,needs_review_new_player,identity_name_team_map,No reviewed normalized-name/team identity alias; do not auto-guess.
2026-06-19,2026-06-19T16:19:46.381495+00:00,2026-06-19,DraftKings official lineup CSV,https://www.draftkings.com/lineup/getavailableplayerscsv?contestTypeId=9&draftGroupId=149344,149344,9,Selected largest-prize regular Classic MLB draft group after excluding Turbo/Night/qualifier/satellite/showdown/snake/single-stat slates.,2B,Ketel Marte (43320723),Ketel Marte,43320723,2B,5400,MIN@ARI 06/19/2026 09:45PM ET,06/19/2026 09:45PM ET,ARI,MIN,home,7.83,,,needs_review_new_player,identity_name_team_map,No reviewed normalized-name/team identity alias; do not auto-guess.
2026-06-19,2026-06-19T16:19:46.381495+00:00,2026-06-19,DraftKings official lineup CSV,https://www.draftkings.com/lineup/getavailableplayerscsv?contestTypeId=9&draftGroupId=149344,149344,9,Selected largest-prize regular Classic MLB draft group after excluding Turbo/Night/qualifier/satellite/showdown/snake/single-stat slates.,C,Drake Baldwin (43320722),Drake Baldwin,43320722,C,5400,MIL@ATL 06/19/2026 07:15PM ET,06/19/2026 07:15PM ET,ATL,MIL,home,10.12,686948,Drake Baldwin,mapped,identity_name_team_map,Stable identity seed from old DK-ID map. Pilot join status: matched via normalized_name_team
2026-06-19,2026-06-19T16:19:46.381495+00:00,2026-06-19,DraftKings official lineup CSV,https://www.draftkings.com/lineup/getavailableplayerscsv?contestTypeId=9&draftGroupId=149344,149344,9,Selected largest-prize regular Classic MLB draft group after excluding Turbo/Night/qualifier/satellite/showdown/snake/single-stat slates.,OF,Ronald Acuna Jr. (43321059),Ronald Acuna Jr.,43321059,OF,5400,MIL@ATL 06/19/2026 07:15PM ET,06/19/2026 07:15PM ET,ATL,MIL,home,9.06,660670,Ronald Acuña Jr.,mapped,identity_name_team_map,Stable identity seed from old DK-ID map. Pilot join status: matched via normalized_name_team
2026-06-19,2026-06-19T16:19:46.381495+00:00,2026-06-19,DraftKings official lineup CSV,https://www.draftkings.com/lineup/getavailableplayerscsv?contestTypeId=9&draftGroupId=149344,149344,9,Selected largest-prize regular Classic MLB draft group after excluding Turbo/Night/qualifier/satellite/showdown/snake/single-stat slates.,SP,Chase Dollander (43321517),Chase Dollander,43321517,P,5400,PIT@COL 06/19/2026 08:40PM ET,06/19/2026 08:40PM ET,COL,PIT,home,13.1,801403,Chase Dollander,mapped,identity_name_team_map,Stable identity seed from old DK-ID map. Pilot join status: matched via normalized_name_team
2026-06-19,2026-06-19T16:19:46.381495+00:00,2026-06-19,DraftKings official lineup CSV,https://www.draftkings.com/lineup/getavailableplayerscsv?contestTypeId=9&draftGroupId=149344,149344,9,Selected largest-prize regular Classic MLB draft group after excluding Turbo/Night/qualifier/satellite/showdown/snake/single-stat slates.,SP,Antonio Senzatela (43321518),Antonio Senzatela,43321518,P,5400,PIT@COL 06/19/2026 08:40PM ET,06/19/2026 08:40PM ET,COL,PIT,home,6.25,622608,Antonio Senzatela,mapped,identity_name_team_map,Stable identity seed from old DK-ID map. Pilot join status: matched via normalized_name_team
2026-06-19,2026-06-19T16:19:46.381495+00:00,2026-06-19,DraftKings official lineup CSV,https://www.draftkings.com/lineup/getavailableplayerscsv?contestTypeId=9&draftGroupId=149344,149344,9,Selected largest-prize regular Classic MLB draft group after excluding Turbo/Night/qualifier/satellite/showdown/snake/single-stat slates.,RP,Blas Castano (43321519),Blas Castano,43321519,P,5400,PIT@COL 06/19/2026 08:40PM ET,06/19/2026 08:40PM ET,COL,PIT,home,4.85,680604,Blas Castaño,mapped,identity_name_team_map,Stable identity seed from old DK-ID map. Pilot join status: matched via normalized_name_team
2026-06-19,2026-06-19T16:19:46.381495+00:00,2026-06-19,DraftKings official lineup CSV,https://www.draftkings.com/lineup/getavailableplayerscsv?contestTypeId=9&draftGroupId=149344,149344,9,Selected largest-prize regular Classic MLB draft group after excluding Turbo/Night/qualifier/satellite/showdown/snake/single-stat slates.,SS,Gunnar Henderson (43320720),Gunnar Henderson,43320720,SS,5400,BAL@LAD 06/19/2026 10:10PM ET,06/19/2026 10:10PM ET,BAL,LAD,away,7.83,,,needs_review_new_player,identity_name_team_map,No reviewed normalized-name/team identity alias; do not auto-guess.
2026-06-19,2026-06-19T16:19:46.381495+00:00,2026-06-19,DraftKings official lineup CSV,https://www.draftkings.com/lineup/getavailableplayerscsv?contestTypeId=9&draftGroupId=149344,149344,9,Selected largest-prize regular Classic MLB draft group after excluding Turbo/Night/qualifier/satellite/showdown/snake/single-stat slates.,1B,Freddie Freeman (43320721),Freddie Freeman,43320721,1B,5400,BAL@LAD 06/19/2026 10:10PM ET,06/19/2026 10:10PM ET,LAD,BAL,home,8.38,,,needs_review_new_player,identity_name_team_map,No reviewed normalized-name/team identity alias; do not auto-guess.
2026-06-19,2026-06-19T16:19:46.381495+00:00,2026-06-19,DraftKings official lineup CSV,https://www.draftkings.com/lineup/getavailableplayerscsv?contestTypeId=9&draftGroupId=149344,149344,9,Selected largest-prize regular Classic MLB draft group after excluding Turbo/Night/qualifier/satellite/showdown/snake/single-stat slates.,OF,JJ Bleday (43320724),JJ Bleday,43320724,OF,5400,CIN@NYY 06/19/2026 07:05PM ET,06/19/2026 07:05PM ET,CIN,NYY,away,9.73,668709,JJ Bleday,mapped,identity_name_team_map,Stable identity seed from old DK-ID map. Pilot join status: matched via normalized_name_team
2026-06-19,2026-06-19T16:19:46.381495+00:00,2026-06-19,DraftKings official lineup CSV,https://www.draftkings.com/lineup/getavailableplayerscsv?contestTypeId=9&draftGroupId=149344,149344,9,Selected largest-prize regular Classic MLB draft group after excluding Turbo/Night/qualifier/satellite/showdown/snake/single-stat slates.,OF,Jackson Chourio (43320725),Jackson Chourio,43320725,OF,5300,MIL@ATL 06/19/2026 07:15PM ET,06/19/2026 07:15PM ET,MIL,ATL,away,10.71,694192,Jackson Chourio,mapped,identity_name_team_map,Stable identity seed from old DK-ID map. Pilot join status: matched via normalized_name_team
2026-06-19,2026-06-19T16:19:46.381495+00:00,2026-06-19,DraftKings official lineup CSV,https://www.draftkings.com/lineup/getavailableplayerscsv?contestTypeId=9&draftGroupId=149344,149344,9,Selected largest-prize regular Classic MLB draft group after excluding Turbo/Night/qualifier/satellite/showdown/snake/single-stat slates.,3B,Curtis Mead (43320726),Curtis Mead,43320726,3B,5300,WSH@TB 06/19/2026 07:10PM ET,06/19/2026 07:10PM ET,WSH,TB,away,7.36,678554,Curtis Mead,mapped,identity_name_team_map,Stable identity seed from old DK-ID map. Pilot join status: matched via normalized_name_team
2026-06-19,2026-06-19T16:19:46.381495+00:00,2026-06-19,DraftKings official lineup CSV,https://www.draftkings.com/lineup/getavailableplayerscsv?contestTypeId=9&draftGroupId=149344,149344,9,Selected largest-prize regular Classic MLB draft group after excluding Turbo/Night/qualifier/satellite/showdown/snake/single-stat slates.,RP,Zach Agnos (43321521),Zach Agnos,43321521,P,5300,PIT@COL 06/19/2026 08:40PM ET,06/19/2026 08:40PM ET,COL,PIT,home,2.45,688642,Zach Agnos,mapped,identity_name_team_map,Stable identity seed from old DK-ID map. Pilot join status: matched via normalized_name_team
2026-06-19,2026-06-19T16:19:46.381495+00:00,2026-06-19,DraftKings official lineup CSV,https://www.draftkings.com/lineup/getavailableplayerscsv?contestTypeId=9&draftGroupId=149344,149344,9,Selected largest-prize regular Classic MLB draft group after excluding Turbo/Night/qualifier/satellite/showdown/snake/single-stat slates.,OF,Jarren Duran (43320727),Jarren Duran,43320727,OF,5300,BOS@SEA 06/19/2026 10:10PM ET,06/19/2026 10:10PM ET,BOS,SEA,away,7.88,,,needs_review_new_player,identity_name_team_map,No reviewed normalized-name/team identity alias; do not auto-guess.
2026-06-19,2026-06-19T16:19:46.381495+00:00,2026-06-19,DraftKings official lineup CSV,https://www.draftkings.com/lineup/getavailableplayerscsv?contestTypeId=9&draftGroupId=149344,149344,9,Selected largest-prize regular Classic MLB draft group after excluding Turbo/Night/qualifier/satellite/showdown/snake/single-stat slates.,RP,Luinder Avila (43321520),Luinder Avila,43321520,P,5300,STL@KC 06/19/2026 08:15PM ET,06/19/2026 08:15PM ET,KC,STL,home,5.40,679883,Luinder Avila,mapped,identity_name_team_map,Stable identity seed from old DK-ID map. Pilot join status: matched via normalized_name_team
2026-06-19,2026-06-19T16:19:46.381495+00:00,2026-06-19,DraftKings official lineup CSV,https://www.draftkings.com/lineup/getavailableplayerscsv?contestTypeId=9&draftGroupId=149344,149344,9,Selected largest-prize regular Classic MLB draft group after excluding Turbo/Night/qualifier/satellite/showdown/snake/single-stat slates.,SP,Rhett Lowder (43320690),Rhett Lowder,43320690,P,5300,CIN@NYY 06/19/2026 07:05PM ET,06/19/2026 07:05PM ET,CIN,NYY,away,10.24,695076,Rhett Lowder,mapped,identity_name_team_map,Stable identity seed from old DK-ID map. Pilot join status: matched via normalized_name_team
2026-06-19,2026-06-19T16:19:46.381495+00:00,2026-06-19,DraftKings official lineup CSV,https://www.draftkings.com/lineup/getavailableplayerscsv?contestTypeId=9&draftGroupId=149344,149344,9,Selected largest-prize regular Classic MLB draft group after excluding Turbo/Night/qualifier/satellite/showdown/snake/single-stat slates.,SS,Elly De La Cruz (43321060),Elly De La Cruz,43321060,SS,5300,CIN@NYY 06/19/2026 07:05PM ET,06/19/2026 07:05PM ET,CIN,NYY,away,9.78,682829,Elly De La Cruz,mapped,identity_name_team_map,Stable identity seed from old DK-ID map. Pilot join status: matched via normalized_name_team
2026-06-19,2026-06-19T16:19:46.381495+00:00,2026-06-19,DraftKings official lineup CSV,https://www.draftkings.com/lineup/getavailableplayerscsv?contestTypeId=9&draftGroupId=149344,149344,9,Selected largest-prize regular Classic MLB draft group after excluding Turbo/Night/qualifier/satellite/showdown/snake/single-stat slates.,2B/3B,Nick Gonzales (43320728),Nick Gonzales,43320728,2B/3B,5200,PIT@COL 06/19/2026 08:40PM ET,06/19/2026 08:40PM ET,PIT,COL,away,6.72,,,needs_review_new_player,identity_name_team_map,No reviewed normalized-name/team identity alias; do not auto-guess.
2026-06-19,2026-06-19T16:19:46.381495+00:00,2026-06-19,DraftKings official lineup CSV,https://www.draftkings.com/lineup/getavailableplayerscsv?contestTypeId=9&draftGroupId=149344,149344,9,Selected largest-prize regular Classic MLB draft group after excluding Turbo/Night/qualifier/satellite/showdown/snake/single-stat slates.,OF,Mickey Moniak (43321061),Mickey Moniak,43321061,OF,5200,PIT@COL 06/19/2026 08:40PM ET,06/19/2026 08:40PM ET,COL,PIT,home,8.54,666160,Mickey Moniak,mapped,identity_name_team_map,Stable identity seed from old DK-ID map. Pilot join status: matched via normalized_name_team
2026-06-19,2026-06-19T16:19:46.381495+00:00,2026-06-19,DraftKings official lineup CSV,https://www.draftkings.com/lineup/getavailableplayerscsv?contestTypeId=9&draftGroupId=149344,149344,9,Selected largest-prize regular Classic MLB draft group after excluding Turbo/Night/qualifier/satellite/showdown/snake/single-stat slates.,SP,McCade Brown (43321522),McCade Brown,43321522,P,5200,PIT@COL 06/19/2026 08:40PM ET,06/19/2026 08:40PM ET,COL,PIT,home,0,685326,McCade Brown,mapped,identity_name_team_map,Stable identity seed from old DK-ID map. Pilot join status: matched_people_search_name via mlb_people_search_normalized_name
2026-06-19,2026-06-19T16:19:46.381495+00:00,2026-06-19,DraftKings official lineup CSV,https://www.draftkings.com/lineup/getavailableplayerscsv?contestTypeId=9&draftGroupId=149344,149344,9,Selected largest-prize regular Classic MLB draft group after excluding Turbo/Night/qualifier/satellite/showdown/snake/single-stat slates.,SP,Michael Lorenzen (43321523),Michael Lorenzen,43321523,P,5200,PIT@COL 06/19/2026 08:40PM ET,06/19/2026 08:40PM ET,COL,PIT,home,5.91,547179,Michael Lorenzen,mapped,identity_name_team_map,Stable identity seed from old DK-ID map. Pilot join status: matched via normalized_name_team
2026-06-19,2026-06-19T16:19:46.381495+00:00,2026-06-19,DraftKings official lineup CSV,https://www.draftkings.com/lineup/getavailableplayerscsv?contestTypeId=9&draftGroupId=149344,149344,9,Selected largest-prize regular Classic MLB draft group after excluding Turbo/Night/qualifier/satellite/showdown/snake/single-stat slates.,RP,Jose Quintana (43321524),Jose Quintana,43321524,P,5200,PIT@COL 06/19/2026 08:40PM ET,06/19/2026 08:40PM ET,COL,PIT,home,6.05,500779,Jose Quintana,mapped,identity_name_team_map,Stable identity seed from old DK-ID map. Pilot join status: matched via normalized_name_team
2026-06-19,2026-06-19T16:19:46.381495+00:00,2026-06-19,DraftKings official lineup CSV,https://www.draftkings.com/lineup/getavailableplayerscsv?contestTypeId=9&draftGroupId=149344,149344,9,Selected largest-prize regular Classic MLB draft group after excluding Turbo/Night/qualifier/satellite/showdown/snake/single-stat slates.,RP,Brett Kerry (43320691),Brett Kerry,43320691,P,5100,LAA@ATH 06/19/2026 09:40PM ET,06/19/2026 09:40PM ET,LAA,ATH,away,6.6,,,needs_review_new_player,identity_name_team_map,No reviewed normalized-name/team identity alias; do not auto-guess.
2026-06-19,2026-06-19T16:19:46.381495+00:00,2026-06-19,DraftKings official lineup CSV,https://www.draftkings.com/lineup/getavailableplayerscsv?contestTypeId=9&draftGroupId=149344,149344,9,Selected largest-prize regular Classic MLB draft group after excluding Turbo/Night/qualifier/satellite/showdown/snake/single-stat slates.,2B/3B,Zack Gelof (43320730),Zack Gelof,43320730,2B/3B,5100,LAA@ATH 06/19/2026 09:40PM ET,06/19/2026 09:40PM ET,ATH,LAA,home,7.98,680869,Zack Gelof,mapped,identity_name_team_map,Stable identity seed from old DK-ID map. Pilot join status: matched via normalized_name_team
2026-06-19,2026-06-19T16:19:46.381495+00:00,2026-06-19,DraftKings official lineup CSV,https://www.draftkings.com/lineup/getavailableplayerscsv?contestTypeId=9&draftGroupId=149344,149344,9,Selected largest-prize regular Classic MLB draft group after excluding Turbo/Night/qualifier/satellite/showdown/snake/single-stat slates.,OF,Troy Johnston (43320732),Troy Johnston,43320732,OF,5100,PIT@COL 06/19/2026 08:40PM ET,06/19/2026 08:40PM ET,COL,PIT,home,6.93,687859,Troy Johnston,mapped,identity_name_team_map,Stable identity seed from old DK-ID map. Pilot join status: matched via normalized_name_team
2026-06-19,2026-06-19T16:19:46.381495+00:00,2026-06-19,DraftKings official lineup CSV,https://www.draftkings.com/lineup/getavailableplayerscsv?contestTypeId=9&draftGroupId=149344,149344,9,Selected largest-prize regular Classic MLB draft group after excluding Turbo/Night/qualifier/satellite/showdown/snake/single-stat slates.,1B,Matt Olson (43320733),Matt Olson,43320733,1B,5000,MIL@ATL 06/19/2026 07:15PM ET,06/19/2026 07:15PM ET,ATL,MIL,home,9.52,621566,Matt Olson,mapped,identity_name_team_map,Stable identity seed from old DK-ID map. Pilot join status: matched via normalized_name_team
2026-06-19,2026-06-19T16:19:46.381495+00:00,2026-06-19,DraftKings official lineup CSV,https://www.draftkings.com/lineup/getavailableplayerscsv?contestTypeId=9&draftGroupId=149344,149344,9,Selected largest-prize regular Classic MLB draft group after excluding Turbo/Night/qualifier/satellite/showdown/snake/single-stat slates.,1B/OF,Jake Bauers (43320738),Jake Bauers,43320738,1B/OF,5000,MIL@ATL 06/19/2026 07:15PM ET,06/19/2026 07:15PM ET,MIL,ATL,away,8.94,641343,Jake Bauers,mapped,identity_name_team_map,Stable identity seed from old DK-ID map. Pilot join status: matched via normalized_name_team
2026-06-19,2026-06-19T16:19:46.381495+00:00,2026-06-19,DraftKings official lineup CSV,https://www.draftkings.com/lineup/getavailableplayerscsv?contestTypeId=9&draftGroupId=149344,149344,9,Selected largest-prize regular Classic MLB draft group after excluding Turbo/Night/qualifier/satellite/showdown/snake/single-stat slates.,2B/OF,Fernando Tatis Jr. (43320735),Fernando Tatis Jr.,43320735,2B/OF,5000,SD@TEX 06/19/2026 08:05PM ET,06/19/2026 08:05PM ET,SD,TEX,away,7.44,665487,Fernando Tatis Jr.,mapped,identity_name_team_map,Stable identity seed from old DK-ID map. Pilot join status: matched via normalized_name_team
2026-06-19,2026-06-19T16:19:46.381495+00:00,2026-06-19,DraftKings official lineup CSV,https://www.draftkings.com/lineup/getavailableplayerscsv?contestTypeId=9&draftGroupId=149344,149344,9,Selected largest-prize regular Classic MLB draft group after excluding Turbo/Night/qualifier/satellite/showdown/snake/single-stat slates.,1B,Spencer Horwitz (43320740),Spencer Horwitz,43320740,1B,5000,PIT@COL 06/19/2026 08:40PM ET,06/19/2026 08:40PM ET,PIT,COL,away,7.29,,,needs_review_new_player,identity_name_team_map,No reviewed normalized-name/team identity alias; do not auto-guess.
2026-06-19,2026-06-19T16:19:46.381495+00:00,2026-06-19,DraftKings official lineup CSV,https://www.draftkings.com/lineup/getavailableplayerscsv?contestTypeId=9&draftGroupId=149344,149344,9,Selected largest-prize regular Classic MLB draft group after excluding Turbo/Night/qualifier/satellite/showdown/snake/single-stat slates.,C,Cal Raleigh (43320737),Cal Raleigh,43320737,C,5000,BOS@SEA 06/19/2026 10:10PM ET,06/19/2026 10:10PM ET,SEA,BOS,home,5.98,,,needs_review_new_player,identity_name_team_map,No reviewed normalized-name/team identity alias; do not auto-guess.
2026-06-19,2026-06-19T16:19:46.381495+00:00,2026-06-19,DraftKings official lineup CSV,https://www.draftkings.com/lineup/getavailableplayerscsv?contestTypeId=9&draftGroupId=149344,149344,9,Selected largest-prize regular Classic MLB draft group after excluding Turbo/Night/qualifier/satellite/showdown/snake/single-stat slates.,OF,Kyle Tucker (43320734),Kyle Tucker,43320734,OF,5000,BAL@LAD 06/19/2026 10:10PM ET,06/19/2026 10:10PM ET,LAD,BAL,home,7.73,,,needs_review_new_player,identity_name_team_map,No reviewed normalized-name/team identity alias; do not auto-guess.
2026-06-19,2026-06-19T16:19:46.381495+00:00,2026-06-19,DraftKings official lineup CSV,https://www.draftkings.com/lineup/getavailableplayerscsv?contestTypeId=9&draftGroupId=149344,149344,9,Selected largest-prize regular Classic MLB draft group after excluding Turbo/Night/qualifier/satellite/showdown/snake/single-stat slates.,C,Liam Hicks (43320742),Liam Hicks,43320742,C,4900,SF@MIA 06/19/2026 07:10PM ET,06/19/2026 07:10PM ET,MIA,SF,home,7.93,689414,Liam Hicks,mapped,identity_name_team_map,Proposed from review candidates; basis=exact normalized name + team; role-compatible; hr-distance-latest.json|statcast_batter_des_2026; confidence=high; sources=hr-distance-latest.json|statcast_batter_des_2026
2026-06-19,2026-06-19T16:19:46.381495+00:00,2026-06-19,DraftKings official lineup CSV,https://www.draftkings.com/lineup/getavailableplayerscsv?contestTypeId=9&draftGroupId=149344,149344,9,Selected largest-prize regular Classic MLB draft group after excluding Turbo/Night/qualifier/satellite/showdown/snake/single-stat slates.,1B,TJ Rumfield (43320745),TJ Rumfield,43320745,1B,4900,PIT@COL 06/19/2026 08:40PM ET,06/19/2026 08:40PM ET,COL,PIT,home,7.39,681198,TJ Rumfield,mapped,identity_name_team_map,Stable identity seed from old DK-ID map. Pilot join status: matched via normalized_name_team
2026-06-19,2026-06-19T16:19:46.381495+00:00,2026-06-19,DraftKings official lineup CSV,https://www.draftkings.com/lineup/getavailableplayerscsv?contestTypeId=9&draftGroupId=149344,149344,9,Selected largest-prize regular Classic MLB draft group after excluding Turbo/Night/qualifier/satellite/showdown/snake/single-stat slates.,SP,Sean Sullivan (43321525),Sean Sullivan,43321525,P,4900,PIT@COL 06/19/2026 08:40PM ET,06/19/2026 08:40PM ET,COL,PIT,home,-0.32,,,needs_review_new_player,identity_name_team_map,No reviewed normalized-name/team identity alias; do not auto-guess.
2026-06-19,2026-06-19T16:19:46.381495+00:00,2026-06-19,DraftKings official lineup CSV,https://www.draftkings.com/lineup/getavailableplayerscsv?contestTypeId=9&draftGroupId=149344,149344,9,Selected largest-prize regular Classic MLB draft group after excluding Turbo/Night/qualifier/satellite/showdown/snake/single-stat slates.,1B,Willson Contreras (43320744),Willson Contreras,43320744,1B,4900,BOS@SEA 06/19/2026 10:10PM ET,06/19/2026 10:10PM ET,BOS,SEA,away,8.63,,,needs_review_new_player,identity_name_team_map,No reviewed normalized-name/team identity alias; do not auto-guess.
2026-06-19,2026-06-19T16:19:46.381495+00:00,2026-06-19,DraftKings official lineup CSV,https://www.draftkings.com/lineup/getavailableplayerscsv?contestTypeId=9&draftGroupId=149344,149344,9,Selected largest-prize regular Classic MLB draft group after excluding Turbo/Night/qualifier/satellite/showdown/snake/single-stat slates.,SS,Mookie Betts (43320741),Mookie Betts,43320741,SS,4900,BAL@LAD 06/19/2026 10:10PM ET,06/19/2026 10:10PM ET,LAD,BAL,home,6.8,,,needs_review_new_player,identity_name_team_map,No reviewed normalized-name/team identity alias; do not auto-guess.
2026-06-19,2026-06-19T16:19:46.381495+00:00,2026-06-19,DraftKings official lineup CSV,https://www.draftkings.com/lineup/getavailableplayerscsv?contestTypeId=9&draftGroupId=149344,149344,9,Selected largest-prize regular Classic MLB draft group after excluding Turbo/Night/qualifier/satellite/showdown/snake/single-stat slates.,OF,Cody Bellinger (43320743),Cody Bellinger,43320743,OF,4900,CIN@NYY 06/19/2026 07:05PM ET,06/19/2026 07:05PM ET,NYY,CIN,home,9.07,,,needs_review_new_player,identity_name_team_map,No reviewed normalized-name/team identity alias; do not auto-guess.
2026-06-19,2026-06-19T16:19:46.381495+00:00,2026-06-19,DraftKings official lineup CSV,https://www.draftkings.com/lineup/getavailableplayerscsv?contestTypeId=9&draftGroupId=149344,149344,9,Selected largest-prize regular Classic MLB draft group after excluding Turbo/Night/qualifier/satellite/showdown/snake/single-stat slates.,C,Ryan Jeffers (43321062),Ryan Jeffers,43321062,C,4800,MIN@ARI 06/19/2026 09:45PM ET,06/19/2026 09:45PM ET,MIN,ARI,away,8.92,680777,Ryan Jeffers,mapped,identity_name_team_map,Proposed from review candidates; basis=exact normalized name + team; role-compatible; statcast_batter_des_2026; confidence=high; sources=statcast_batter_des_2026
2026-06-19,2026-06-19T16:19:46.381495+00:00,2026-06-19,DraftKings official lineup CSV,https://www.draftkings.com/lineup/getavailableplayerscsv?contestTypeId=9&draftGroupId=149344,149344,9,Selected largest-prize regular Classic MLB draft group after excluding Turbo/Night/qualifier/satellite/showdown/snake/single-stat slates.,2B/3B,Willi Castro (43320749),Willi Castro,43320749,2B/3B,4800,PIT@COL 06/19/2026 08:40PM ET,06/19/2026 08:40PM ET,COL,PIT,home,7.06,650489,Willi Castro,mapped,identity_name_team_map,Stable identity seed from old DK-ID map. Pilot join status: matched via normalized_name_team
2026-06-19,2026-06-19T16:19:46.381495+00:00,2026-06-19,DraftKings official lineup CSV,https://www.draftkings.com/lineup/getavailableplayerscsv?contestTypeId=9&draftGroupId=149344,149344,9,Selected largest-prize regular Classic MLB draft group after excluding Turbo/Night/qualifier/satellite/showdown/snake/single-stat slates.,C,Endy Rodriguez (43320751),Endy Rodriguez,43320751,C,4800,PIT@COL 06/19/2026 08:40PM ET,06/19/2026 08:40PM ET,PIT,COL,away,6.56,,,needs_review_new_player,identity_name_team_map,No reviewed normalized-name/team identity alias; do not auto-guess.
2026-06-19,2026-06-19T16:19:46.381495+00:00,2026-06-19,DraftKings official lineup CSV,https://www.draftkings.com/lineup/getavailableplayerscsv?contestTypeId=9&draftGroupId=149344,149344,9,Selected largest-prize regular Classic MLB draft group after excluding Turbo/Night/qualifier/satellite/showdown/snake/single-stat slates.,3B,Max Muncy (43320746),Max Muncy,43320746,3B,4800,BAL@LAD 06/19/2026 10:10PM ET,06/19/2026 10:10PM ET,LAD,BAL,home,7.67,691777,Max Muncy,needs_review_team_change,identity_name_unique_mlbam,Name maps to one reviewed MLBAM identity but not this DK team; review as team-change/new alias before trusting automation.
2026-06-19,2026-06-19T16:19:46.381495+00:00,2026-06-19,DraftKings official lineup CSV,https://www.draftkings.com/lineup/getavailableplayerscsv?contestTypeId=9&draftGroupId=149344,149344,9,Selected largest-prize regular Classic MLB draft group after excluding Turbo/Night/qualifier/satellite/showdown/snake/single-stat slates.,1B/3B,Sal Stewart (43320747),Sal Stewart,43320747,1B/3B,4800,CIN@NYY 06/19/2026 07:05PM ET,06/19/2026 07:05PM ET,CIN,NYY,away,8.80,701398,Sal Stewart,mapped,identity_name_team_map,Stable identity seed from old DK-ID map. Pilot join status: matched via normalized_name_team
2026-06-19,2026-06-19T16:19:46.381495+00:00,2026-06-19,DraftKings official lineup CSV,https://www.draftkings.com/lineup/getavailableplayerscsv?contestTypeId=9&draftGroupId=149344,149344,9,Selected largest-prize regular Classic MLB draft group after excluding Turbo/Night/qualifier/satellite/showdown/snake/single-stat slates.,OF,Michael Harris II (43320752),Michael Harris II,43320752,OF,4700,MIL@ATL 06/19/2026 07:15PM ET,06/19/2026 07:15PM ET,ATL,MIL,home,7.85,671739,Michael Harris II,mapped,identity_name_team_map,Stable identity seed from old DK-ID map. Pilot join status: matched via normalized_name_team
2026-06-19,2026-06-19T16:19:46.381495+00:00,2026-06-19,DraftKings official lineup CSV,https://www.draftkings.com/lineup/getavailableplayerscsv?contestTypeId=9&draftGroupId=149344,149344,9,Selected largest-prize regular Classic MLB draft group after excluding Turbo/Night/qualifier/satellite/showdown/snake/single-stat slates.,OF,Daylen Lile (43320755),Daylen Lile,43320755,OF,4700,WSH@TB 06/19/2026 07:10PM ET,06/19/2026 07:10PM ET,WSH,TB,away,7.77,695734,Daylen Lile,mapped,identity_name_team_map,Stable identity seed from old DK-ID map. Pilot join status: matched via normalized_name_team
2026-06-19,2026-06-19T16:19:46.381495+00:00,2026-06-19,DraftKings official lineup CSV,https://www.draftkings.com/lineup/getavailableplayerscsv?contestTypeId=9&draftGroupId=149344,149344,9,Selected largest-prize regular Classic MLB draft group after excluding Turbo/Night/qualifier/satellite/showdown/snake/single-stat slates.,OF,Jake McCarthy (43320756),Jake McCarthy,43320756,OF,4700,PIT@COL 06/19/2026 08:40PM ET,06/19/2026 08:40PM ET,COL,PIT,home,6.87,664983,Jake McCarthy,mapped,identity_name_team_map,Stable identity seed from old DK-ID map. Pilot join status: matched via normalized_name_team
2026-06-19,2026-06-19T16:19:46.381495+00:00,2026-06-19,DraftKings official lineup CSV,https://www.draftkings.com/lineup/getavailableplayerscsv?contestTypeId=9&draftGroupId=149344,149344,9,Selected largest-prize regular Classic MLB draft group after excluding Turbo/Night/qualifier/satellite/showdown/snake/single-stat slates.,OF,Luke Raley (43320753),Luke Raley,43320753,OF,4700,BOS@SEA 06/19/2026 10:10PM ET,06/19/2026 10:10PM ET,SEA,BOS,home,6.17,,,needs_review_new_player,identity_name_team_map,No reviewed normalized-name/team identity alias; do not auto-guess.
2026-06-19,2026-06-19T16:19:46.381495+00:00,2026-06-19,DraftKings official lineup CSV,https://www.draftkings.com/lineup/getavailableplayerscsv?contestTypeId=9&draftGroupId=149344,149344,9,Selected largest-prize regular Classic MLB draft group after excluding Turbo/Night/qualifier/satellite/showdown/snake/single-stat slates.,3B,Maikel Garcia (43320754),Maikel Garcia,43320754,3B,4700,STL@KC 06/19/2026 08:15PM ET,06/19/2026 08:15PM ET,KC,STL,home,6.97,672580,Maikel Garcia,mapped,identity_name_team_map,Stable identity seed from old DK-ID map. Pilot join status: matched via normalized_name_team
2026-06-19,2026-06-19T16:19:46.381495+00:00,2026-06-19,DraftKings official lineup CSV,https://www.draftkings.com/lineup/getavailableplayerscsv?contestTypeId=9&draftGroupId=149344,149344,9,Selected largest-prize regular Classic MLB draft group after excluding Turbo/Night/qualifier/satellite/showdown/snake/single-stat slates.,SS,Corey Seager (43321064),Corey Seager,43321064,SS,4600,SD@TEX 06/19/2026 08:05PM ET,06/19/2026 08:05PM ET,TEX,SD,home,6.96,608369,Corey Seager,mapped,identity_name_team_map,Stable identity seed from old DK-ID map. Pilot join status: matched via normalized_name_team
2026-06-19,2026-06-19T16:19:46.381495+00:00,2026-06-19,DraftKings official lineup CSV,https://www.draftkings.com/lineup/getavailableplayerscsv?contestTypeId=9&draftGroupId=149344,149344,9,Selected largest-prize regular Classic MLB draft group after excluding Turbo/Night/qualifier/satellite/showdown/snake/single-stat slates.,3B,Jordan Westburg (43321063),Jordan Westburg,43321063,3B,4600,BAL@LAD 06/19/2026 10:10PM ET,06/19/2026 10:10PM ET,BAL,LAD,away,0,,,needs_review_new_player,identity_name_team_map,No reviewed normalized-name/team identity alias; do not auto-guess.
2026-06-19,2026-06-19T16:19:46.381495+00:00,2026-06-19,DraftKings official lineup CSV,https://www.draftkings.com/lineup/getavailableplayerscsv?contestTypeId=9&draftGroupId=149344,149344,9,Selected largest-prize regular Classic MLB draft group after excluding Turbo/Night/qualifier/satellite/showdown/snake/single-stat slates.,2B,Ozzie Albies (43320759),Ozzie Albies,43320759,2B,4500,MIL@ATL 06/19/2026 07:15PM ET,06/19/2026 07:15PM ET,ATL,MIL,home,7.58,645277,Ozzie Albies,mapped,identity_name_team_map,Stable identity seed from old DK-ID map. Pilot join status: matched via normalized_name_team
2026-06-19,2026-06-19T16:19:46.381495+00:00,2026-06-19,DraftKings official lineup CSV,https://www.draftkings.com/lineup/getavailableplayerscsv?contestTypeId=9&draftGroupId=149344,149344,9,Selected largest-prize regular Classic MLB draft group after excluding Turbo/Night/qualifier/satellite/showdown/snake/single-stat slates.,C,William Contreras (43320761),William Contreras,43320761,C,4500,MIL@ATL 06/19/2026 07:15PM ET,06/19/2026 07:15PM ET,MIL,ATL,away,7.74,661388,William Contreras,mapped,identity_name_team_map,Stable identity seed from old DK-ID map. Pilot join status: matched via normalized_name_team
2026-06-19,2026-06-19T16:19:46.381495+00:00,2026-06-19,DraftKings official lineup CSV,https://www.draftkings.com/lineup/getavailableplayerscsv?contestTypeId=9&draftGroupId=149344,149344,9,Selected largest-prize regular Classic MLB draft group after excluding Turbo/Night/qualifier/satellite/showdown/snake/single-stat slates.,OF,Casey Schmitt (43320757),Casey Schmitt,43320757,OF,4500,SF@MIA 06/19/2026 07:10PM ET,06/19/2026 07:10PM ET,SF,MIA,away,8.54,669477,Casey Schmitt,mapped,identity_name_team_map,Stable identity seed from old DK-ID map. Pilot join status: matched via normalized_name_team
2026-06-19,2026-06-19T16:19:46.381495+00:00,2026-06-19,DraftKings official lineup CSV,https://www.draftkings.com/lineup/getavailableplayerscsv?contestTypeId=9&draftGroupId=149344,149344,9,Selected largest-prize regular Classic MLB draft group after excluding Turbo/Night/qualifier/satellite/showdown/snake/single-stat slates.,2B,Xavier Edwards (43320758),Xavier Edwards,43320758,2B,4500,SF@MIA 06/19/2026 07:10PM ET,06/19/2026 07:10PM ET,MIA,SF,home,7.93,669364,Xavier Edwards,mapped,identity_name_team_map,Proposed from review candidates; basis=exact normalized name + team; role-compatible; hr-distance-latest.json|statcast_batter_des_2026; confidence=high; sources=hr-distance-latest.json|statcast_batter_des_2026
2026-06-19,2026-06-19T16:19:46.381495+00:00,2026-06-19,DraftKings official lineup CSV,https://www.draftkings.com/lineup/getavailableplayerscsv?contestTypeId=9&draftGroupId=149344,149344,9,Selected largest-prize regular Classic MLB draft group after excluding Turbo/Night/qualifier/satellite/showdown/snake/single-stat slates.,2B,JJ Wetherholt (43320760),JJ Wetherholt,43320760,2B,4500,STL@KC 06/19/2026 08:15PM ET,06/19/2026 08:15PM ET,STL,KC,away,8.45,802139,JJ Wetherholt,mapped,identity_name_team_map,Stable identity seed from old DK-ID map. Pilot join status: matched via normalized_name_team
2026-06-19,2026-06-19T16:19:46.381495+00:00,2026-06-19,DraftKings official lineup CSV,https://www.draftkings.com/lineup/getavailableplayerscsv?contestTypeId=9&draftGroupId=149344,149344,9,Selected largest-prize regular Classic MLB draft group after excluding Turbo/Night/qualifier/satellite/showdown/snake/single-stat slates.,1B,Jonathan Aranda (43320762),Jonathan Aranda,43320762,1B,4400,WSH@TB 06/19/2026 07:10PM ET,06/19/2026 07:10PM ET,TB,WSH,home,8.1,,,needs_review_new_player,identity_name_team_map,No reviewed normalized-name/team identity alias; do not auto-guess.
2026-06-19,2026-06-19T16:19:46.381495+00:00,2026-06-19,DraftKings official lineup CSV,https://www.draftkings.com/lineup/getavailableplayerscsv?contestTypeId=9&draftGroupId=149344,149344,9,Selected largest-prize regular Classic MLB draft group after excluding Turbo/Night/qualifier/satellite/showdown/snake/single-stat slates.,1B,Luis Garcia Jr. (43320765),Luis Garcia Jr.,43320765,1B,4400,WSH@TB 06/19/2026 07:10PM ET,06/19/2026 07:10PM ET,WSH,TB,away,6.61,671277,Luis García Jr.,mapped,identity_name_team_map,Stable identity seed from old DK-ID map. Pilot join status: matched via normalized_name_team
2026-06-19,2026-06-19T16:19:46.381495+00:00,2026-06-19,DraftKings official lineup CSV,https://www.draftkings.com/lineup/getavailableplayerscsv?contestTypeId=9&draftGroupId=149344,149344,9,Selected largest-prize regular Classic MLB draft group after excluding Turbo/Night/qualifier/satellite/showdown/snake/single-stat slates.,OF,Jake Mangum (43320766),Jake Mangum,43320766,OF,4400,PIT@COL 06/19/2026 08:40PM ET,06/19/2026 08:40PM ET,PIT,COL,away,5.64,,,needs_review_new_player,identity_name_team_map,No reviewed normalized-name/team identity alias; do not auto-guess.
2026-06-19,2026-06-19T16:19:46.381495+00:00,2026-06-19,DraftKings official lineup CSV,https://www.draftkings.com/lineup/getavailableplayerscsv?contestTypeId=9&draftGroupId=149344,149344,9,Selected largest-prize regular Classic MLB draft group after excluding Turbo/Night/qualifier/satellite/showdown/snake/single-stat slates.,SS,Ezequiel Tovar (43320768),Ezequiel Tovar,43320768,SS,4400,PIT@COL 06/19/2026 08:40PM ET,06/19/2026 08:40PM ET,COL,PIT,home,5.21,678662,Ezequiel Tovar,mapped,identity_name_team_map,Stable identity seed from old DK-ID map. Pilot join status: matched via normalized_name_team
2026-06-19,2026-06-19T16:19:46.381495+00:00,2026-06-19,DraftKings official lineup CSV,https://www.draftkings.com/lineup/getavailableplayerscsv?contestTypeId=9&draftGroupId=149344,149344,9,Selected largest-prize regular Classic MLB draft group after excluding Turbo/Night/qualifier/satellite/showdown/snake/single-stat slates.,OF,Wilyer Abreu (43320767),Wilyer Abreu,43320767,OF,4400,BOS@SEA 06/19/2026 10:10PM ET,06/19/2026 10:10PM ET,BOS,SEA,away,7.44,,,needs_review_new_player,identity_name_team_map,No reviewed normalized-name/team identity alias; do not auto-guess.
2026-06-19,2026-06-19T16:19:46.381495+00:00,2026-06-19,DraftKings official lineup CSV,https://www.draftkings.com/lineup/getavailableplayerscsv?contestTypeId=9&draftGroupId=149344,149344,9,Selected largest-prize regular Classic MLB draft group after excluding Turbo/Night/qualifier/satellite/showdown/snake/single-stat slates.,OF,Roman Anthony (43321065),Roman Anthony,43321065,OF,4400,BOS@SEA 06/19/2026 10:10PM ET,06/19/2026 10:10PM ET,BOS,SEA,away,6.1,,,needs_review_new_player,identity_name_team_map,No reviewed normalized-name/team identity alias; do not auto-guess.
2026-06-19,2026-06-19T16:19:46.381495+00:00,2026-06-19,DraftKings official lineup CSV,https://www.draftkings.com/lineup/getavailableplayerscsv?contestTypeId=9&draftGroupId=149344,149344,9,Selected largest-prize regular Classic MLB draft group after excluding Turbo/Night/qualifier/satellite/showdown/snake/single-stat slates.,C,Dalton Rushing (43320763),Dalton Rushing,43320763,C,4400,BAL@LAD 06/19/2026 10:10PM ET,06/19/2026 10:10PM ET,LAD,BAL,home,6.88,,,needs_review_new_player,identity_name_team_map,No reviewed normalized-name/team identity alias; do not auto-guess.
2026-06-19,2026-06-19T16:19:46.381495+00:00,2026-06-19,DraftKings official lineup CSV,https://www.draftkings.com/lineup/getavailableplayerscsv?contestTypeId=9&draftGroupId=149344,149344,9,Selected largest-prize regular Classic MLB draft group after excluding Turbo/Night/qualifier/satellite/showdown/snake/single-stat slates.,2B,Jazz Chisholm Jr. (43320764),Jazz Chisholm Jr.,43320764,2B,4400,CIN@NYY 06/19/2026 07:05PM ET,06/19/2026 07:05PM ET,NYY,CIN,home,8.2,,,needs_review_new_player,identity_name_team_map,No reviewed normalized-name/team identity alias; do not auto-guess.
2026-06-19,2026-06-19T16:19:46.381495+00:00,2026-06-19,DraftKings official lineup CSV,https://www.draftkings.com/lineup/getavailableplayerscsv?contestTypeId=9&draftGroupId=149344,149344,9,Selected largest-prize regular Classic MLB draft group after excluding Turbo/Night/qualifier/satellite/showdown/snake/single-stat slates.,OF,Giancarlo Stanton (43321066),Giancarlo Stanton,43321066,OF,4400,CIN@NYY 06/19/2026 07:05PM ET,06/19/2026 07:05PM ET,NYY,CIN,home,6.79,,,needs_review_new_player,identity_name_team_map,No reviewed normalized-name/team identity alias; do not auto-guess.
2026-06-19,2026-06-19T16:19:46.381495+00:00,2026-06-19,DraftKings official lineup CSV,https://www.draftkings.com/lineup/getavailableplayerscsv?contestTypeId=9&draftGroupId=149344,149344,9,Selected largest-prize regular Classic MLB draft group after excluding Turbo/Night/qualifier/satellite/showdown/snake/single-stat slates.,SS,Otto Lopez (43320771),Otto Lopez,43320771,SS,4300,SF@MIA 06/19/2026 07:10PM ET,06/19/2026 07:10PM ET,MIA,SF,home,8.54,672640,Otto Lopez,mapped,identity_name_team_map,Proposed from review candidates; basis=exact normalized name + team; role-compatible; hr-distance-latest.json|statcast_batter_des_2026; confidence=high; sources=hr-distance-latest.json|statcast_batter_des_2026
2026-06-19,2026-06-19T16:19:46.381495+00:00,2026-06-19,DraftKings official lineup CSV,https://www.draftkings.com/lineup/getavailableplayerscsv?contestTypeId=9&draftGroupId=149344,149344,9,Selected largest-prize regular Classic MLB draft group after excluding Turbo/Night/qualifier/satellite/showdown/snake/single-stat slates.,SS,Jeremy Pena (43320770),Jeremy Pena,43320770,SS,4300,CLE@HOU 06/19/2026 08:10PM ET,06/19/2026 08:10PM ET,HOU,CLE,home,8,665161,Jeremy Peña,mapped,identity_name_team_map,Stable identity seed from old DK-ID map. Pilot join status: matched via normalized_name_team
2026-06-19,2026-06-19T16:19:46.381495+00:00,2026-06-19,DraftKings official lineup CSV,https://www.draftkings.com/lineup/getavailableplayerscsv?contestTypeId=9&draftGroupId=149344,149344,9,Selected largest-prize regular Classic MLB draft group after excluding Turbo/Night/qualifier/satellite/showdown/snake/single-stat slates.,OF,Taylor Ward (43320769),Taylor Ward,43320769,OF,4300,BAL@LAD 06/19/2026 10:10PM ET,06/19/2026 10:10PM ET,BAL,LAD,away,7.19,,,needs_review_new_player,identity_name_team_map,No reviewed normalized-name/team identity alias; do not auto-guess.
2026-06-19,2026-06-19T16:19:46.381495+00:00,2026-06-19,DraftKings official lineup CSV,https://www.draftkings.com/lineup/getavailableplayerscsv?contestTypeId=9&draftGroupId=149344,149344,9,Selected largest-prize regular Classic MLB draft group after excluding Turbo/Night/qualifier/satellite/showdown/snake/single-stat slates.,OF,Teoscar Hernandez (43321067),Teoscar Hernandez,43321067,OF,4300,BAL@LAD 06/19/2026 10:10PM ET,06/19/2026 10:10PM ET,LAD,BAL,home,7.63,,,needs_review_new_player,identity_name_team_map,No reviewed normalized-name/team identity alias; do not auto-guess.
2026-06-19,2026-06-19T16:19:46.381495+00:00,2026-06-19,DraftKings official lineup CSV,https://www.draftkings.com/lineup/getavailableplayerscsv?contestTypeId=9&draftGroupId=149344,149344,9,Selected largest-prize regular Classic MLB draft group after excluding Turbo/Night/qualifier/satellite/showdown/snake/single-stat slates.,C,Ivan Herrera (43320772),Ivan Herrera,43320772,C,4300,STL@KC 06/19/2026 08:15PM ET,06/19/2026 08:15PM ET,STL,KC,away,8.36,671056,Iván Herrera,mapped,identity_name_team_map,Stable identity seed from old DK-ID map. Pilot join status: matched via normalized_name_team
2026-06-19,2026-06-19T16:19:46.381495+00:00,2026-06-19,DraftKings official lineup CSV,https://www.draftkings.com/lineup/getavailableplayerscsv?contestTypeId=9&draftGroupId=149344,149344,9,Selected largest-prize regular Classic MLB draft group after excluding Turbo/Night/qualifier/satellite/showdown/snake/single-stat slates.,2B/OF,Spencer Steer (43320773),Spencer Steer,43320773,2B/OF,4300,CIN@NYY 06/19/2026 07:05PM ET,06/19/2026 07:05PM ET,CIN,NYY,away,7.04,668715,Spencer Steer,mapped,identity_name_team_map,Stable identity seed from old DK-ID map. Pilot join status: matched via normalized_name_team
2026-06-19,2026-06-19T16:19:46.381495+00:00,2026-06-19,DraftKings official lineup CSV,https://www.draftkings.com/lineup/getavailableplayerscsv?contestTypeId=9&draftGroupId=149344,149344,9,Selected largest-prize regular Classic MLB draft group after excluding Turbo/Night/qualifier/satellite/showdown/snake/single-stat slates.,SS,Geraldo Perdomo (43320777),Geraldo Perdomo,43320777,SS,4200,MIN@ARI 06/19/2026 09:45PM ET,06/19/2026 09:45PM ET,ARI,MIN,home,7.04,,,needs_review_new_player,identity_name_team_map,No reviewed normalized-name/team identity alias; do not auto-guess.
2026-06-19,2026-06-19T16:19:46.381495+00:00,2026-06-19,DraftKings official lineup CSV,https://www.draftkings.com/lineup/getavailableplayerscsv?contestTypeId=9&draftGroupId=149344,149344,9,Selected largest-prize regular Classic MLB draft group after excluding Turbo/Night/qualifier/satellite/showdown/snake/single-stat slates.,3B,Manny Machado (43320776),Manny Machado,43320776,3B,4200,SD@TEX 06/19/2026 08:05PM ET,06/19/2026 08:05PM ET,SD,TEX,away,6.30,592518,Manny Machado,mapped,identity_name_team_map,Stable identity seed from old DK-ID map. Pilot join status: matched via normalized_name_team
2026-06-19,2026-06-19T16:19:46.381495+00:00,2026-06-19,DraftKings official lineup CSV,https://www.draftkings.com/lineup/getavailableplayerscsv?contestTypeId=9&draftGroupId=149344,149344,9,Selected largest-prize regular Classic MLB draft group after excluding Turbo/Night/qualifier/satellite/showdown/snake/single-stat slates.,OF,Marcell Ozuna (43320778),Marcell Ozuna,43320778,OF,4200,PIT@COL 06/19/2026 08:40PM ET,06/19/2026 08:40PM ET,PIT,COL,away,5.54,,,needs_review_new_player,identity_name_team_map,No reviewed normalized-name/team identity alias; do not auto-guess.
2026-06-19,2026-06-19T16:19:46.381495+00:00,2026-06-19,DraftKings official lineup CSV,https://www.draftkings.com/lineup/getavailableplayerscsv?contestTypeId=9&draftGroupId=149344,149344,9,Selected largest-prize regular Classic MLB draft group after excluding Turbo/Night/qualifier/satellite/showdown/snake/single-stat slates.,OF,Tyler Freeman (43320780),Tyler Freeman,43320780,OF,4200,PIT@COL 06/19/2026 08:40PM ET,06/19/2026 08:40PM ET,COL,PIT,home,6.53,671289,Tyler Freeman,mapped,identity_name_team_map,Stable identity seed from old DK-ID map. Pilot join status: matched via normalized_name_team
2026-06-19,2026-06-19T16:19:46.381495+00:00,2026-06-19,DraftKings official lineup CSV,https://www.draftkings.com/lineup/getavailableplayerscsv?contestTypeId=9&draftGroupId=149344,149344,9,Selected largest-prize regular Classic MLB draft group after excluding Turbo/Night/qualifier/satellite/showdown/snake/single-stat slates.,OF,Ceddanne Rafaela (43320779),Ceddanne Rafaela,43320779,OF,4200,BOS@SEA 06/19/2026 10:10PM ET,06/19/2026 10:10PM ET,BOS,SEA,away,7.33,,,needs_review_new_player,identity_name_team_map,No reviewed normalized-name/team identity alias; do not auto-guess.
2026-06-19,2026-06-19T16:19:46.381495+00:00,2026-06-19,DraftKings official lineup CSV,https://www.draftkings.com/lineup/getavailableplayerscsv?contestTypeId=9&draftGroupId=149344,149344,9,Selected largest-prize regular Classic MLB draft group after excluding Turbo/Night/qualifier/satellite/showdown/snake/single-stat slates.,1B,Paul Goldschmidt (43320775),Paul Goldschmidt,43320775,1B,4200,CIN@NYY 06/19/2026 07:05PM ET,06/19/2026 07:05PM ET,NYY,CIN,home,8.67,,,needs_review_new_player,identity_name_team_map,No reviewed normalized-name/team identity alias; do not auto-guess.
2026-06-19,2026-06-19T16:19:46.381495+00:00,2026-06-19,DraftKings official lineup CSV,https://www.draftkings.com/lineup/getavailableplayerscsv?contestTypeId=9&draftGroupId=149344,149344,9,Selected largest-prize regular Classic MLB draft group after excluding Turbo/Night/qualifier/satellite/showdown/snake/single-stat slates.,C,Gabriel Moreno (43320787),Gabriel Moreno,43320787,C,4100,MIN@ARI 06/19/2026 09:45PM ET,06/19/2026 09:45PM ET,ARI,MIN,home,7.47,,,needs_review_new_player,identity_name_team_map,No reviewed normalized-name/team identity alias; do not auto-guess.
2026-06-19,2026-06-19T16:19:46.381495+00:00,2026-06-19,DraftKings official lineup CSV,https://www.draftkings.com/lineup/getavailableplayerscsv?contestTypeId=9&draftGroupId=149344,149344,9,Selected largest-prize regular Classic MLB draft group after excluding Turbo/Night/qualifier/satellite/showdown/snake/single-stat slates.,C,Gary Sanchez (43320783),Gary Sanchez,43320783,C,4100,MIL@ATL 06/19/2026 07:15PM ET,06/19/2026 07:15PM ET,MIL,ATL,away,6.42,596142,Gary Sánchez,mapped,identity_name_team_map,Stable identity seed from old DK-ID map. Pilot join status: matched via normalized_name_team
2026-06-19,2026-06-19T16:19:46.381495+00:00,2026-06-19,DraftKings official lineup CSV,https://www.draftkings.com/lineup/getavailableplayerscsv?contestTypeId=9&draftGroupId=149344,149344,9,Selected largest-prize regular Classic MLB draft group after excluding Turbo/Night/qualifier/satellite/showdown/snake/single-stat slates.,3B,Josh Jung (43320781),Josh Jung,43320781,3B,4100,SD@TEX 06/19/2026 08:05PM ET,06/19/2026 08:05PM ET,TEX,SD,home,7.35,673962,Josh Jung,mapped,identity_name_team_map,Stable identity seed from old DK-ID map. Pilot join status: matched via normalized_name_team
2026-06-19,2026-06-19T16:19:46.381495+00:00,2026-06-19,DraftKings official lineup CSV,https://www.draftkings.com/lineup/getavailableplayerscsv?contestTypeId=9&draftGroupId=149344,149344,9,Selected largest-prize regular Classic MLB draft group after excluding Turbo/Night/qualifier/satellite/showdown/snake/single-stat slates.,OF,Jackson Merrill (43320788),Jackson Merrill,43320788,OF,4100,SD@TEX 06/19/2026 08:05PM ET,06/19/2026 08:05PM ET,SD,TEX,away,7,701538,Jackson Merrill,mapped,identity_name_team_map,Stable identity seed from old DK-ID map. Pilot join status: matched via normalized_name_team
2026-06-19,2026-06-19T16:19:46.381495+00:00,2026-06-19,DraftKings official lineup CSV,https://www.draftkings.com/lineup/getavailableplayerscsv?contestTypeId=9&draftGroupId=149344,149344,9,Selected largest-prize regular Classic MLB draft group after excluding Turbo/Night/qualifier/satellite/showdown/snake/single-stat slates.,C,Braxton Fulford (43320789),Braxton Fulford,43320789,C,4100,PIT@COL 06/19/2026 08:40PM ET,06/19/2026 08:40PM ET,COL,PIT,home,4.05,690924,Braxton Fulford,mapped,identity_name_team_map,Stable identity seed from old DK-ID map. Pilot join status: matched via normalized_name_team
2026-06-19,2026-06-19T16:19:46.381495+00:00,2026-06-19,DraftKings official lineup CSV,https://www.draftkings.com/lineup/getavailableplayerscsv?contestTypeId=9&draftGroupId=149344,149344,9,Selected largest-prize regular Classic MLB draft group after excluding Turbo/Night/qualifier/satellite/showdown/snake/single-stat slates.,C,Adley Rutschman (43320782),Adley Rutschman,43320782,C,4100,BAL@LAD 06/19/2026 10:10PM ET,06/19/2026 10:10PM ET,BAL,LAD,away,7.85,,,needs_review_new_player,identity_name_team_map,No reviewed normalized-name/team identity alias; do not auto-guess.
2026-06-19,2026-06-19T16:19:46.381495+00:00,2026-06-19,DraftKings official lineup CSV,https://www.draftkings.com/lineup/getavailableplayerscsv?contestTypeId=9&draftGroupId=149344,149344,9,Selected largest-prize regular Classic MLB draft group after excluding Turbo/Night/qualifier/satellite/showdown/snake/single-stat slates.,1B,Alec Burleson (43320784),Alec Burleson,43320784,1B,4100,STL@KC 06/19/2026 08:15PM ET,06/19/2026 08:15PM ET,STL,KC,away,8.62,676475,Alec Burleson,mapped,identity_name_team_map,Stable identity seed from old DK-ID map. Pilot join status: matched via normalized_name_team
2026-06-19,2026-06-19T16:19:46.381495+00:00,2026-06-19,DraftKings official lineup CSV,https://www.draftkings.com/lineup/getavailableplayerscsv?contestTypeId=9&draftGroupId=149344,149344,9,Selected largest-prize regular Classic MLB draft group after excluding Turbo/Night/qualifier/satellite/showdown/snake/single-stat slates.,1B/OF,Jac Caglianone (43320785),Jac Caglianone,43320785,1B/OF,4100,STL@KC 06/19/2026 08:15PM ET,06/19/2026 08:15PM ET,KC,STL,home,6.46,695506,Jac Caglianone,mapped,identity_name_team_map,Stable identity seed from old DK-ID map. Pilot join status: matched via normalized_name_team
2026-06-19,2026-06-19T16:19:46.381495+00:00,2026-06-19,DraftKings official lineup CSV,https://www.draftkings.com/lineup/getavailableplayerscsv?contestTypeId=9&draftGroupId=149344,149344,9,Selected largest-prize regular Classic MLB draft group after excluding Turbo/Night/qualifier/satellite/showdown/snake/single-stat slates.,OF,Trent Grisham (43321068),Trent Grisham,43321068,OF,4100,CIN@NYY 06/19/2026 07:05PM ET,06/19/2026 07:05PM ET,NYY,CIN,home,7.58,,,needs_review_new_player,identity_name_team_map,No reviewed normalized-name/team identity alias; do not auto-guess.
2026-06-19,2026-06-19T16:19:46.381495+00:00,2026-06-19,DraftKings official lineup CSV,https://www.draftkings.com/lineup/getavailableplayerscsv?contestTypeId=9&draftGroupId=149344,149344,9,Selected largest-prize regular Classic MLB draft group after excluding Turbo/Night/qualifier/satellite/showdown/snake/single-stat slates.,OF,Carlos Cortes (43320790),Carlos Cortes,43320790,OF,4000,LAA@ATH 06/19/2026 09:40PM ET,06/19/2026 09:40PM ET,ATH,LAA,home,5.73,666126,Carlos Cortes,mapped,identity_name_team_map,Stable identity seed from old DK-ID map. Pilot join status: matched via normalized_name_team
2026-06-19,2026-06-19T16:19:46.381495+00:00,2026-06-19,DraftKings official lineup CSV,https://www.draftkings.com/lineup/getavailableplayerscsv?contestTypeId=9&draftGroupId=149344,149344,9,Selected largest-prize regular Classic MLB draft group after excluding Turbo/Night/qualifier/satellite/showdown/snake/single-stat slates.,OF,Brent Rooker (43321070),Brent Rooker,43321070,OF,4000,LAA@ATH 06/19/2026 09:40PM ET,06/19/2026 09:40PM ET,ATH,LAA,home,7,667670,Brent Rooker,mapped,identity_name_team_map,Stable identity seed from old DK-ID map. Pilot join status: matched via normalized_name_team
2026-06-19,2026-06-19T16:19:46.381495+00:00,2026-06-19,DraftKings official lineup CSV,https://www.draftkings.com/lineup/getavailableplayerscsv?contestTypeId=9&draftGroupId=149344,149344,9,Selected largest-prize regular Classic MLB draft group after excluding Turbo/Night/qualifier/satellite/showdown/snake/single-stat slates.,SP,Henry Baez (43321531),Henry Baez,43321531,P,4000,LAA@ATH 06/19/2026 09:40PM ET,06/19/2026 09:40PM ET,ATH,LAA,home,0,692013,Henry Baez,mapped,identity_name_team_map,Stable identity seed from old DK-ID map. Pilot join status: matched_people_search_name via mlb_people_search_normalized_name
2026-06-19,2026-06-19T16:19:46.381495+00:00,2026-06-19,DraftKings official lineup CSV,https://www.draftkings.com/lineup/getavailableplayerscsv?contestTypeId=9&draftGroupId=149344,149344,9,Selected largest-prize regular Classic MLB draft group after excluding Turbo/Night/qualifier/satellite/showdown/snake/single-stat slates.,SP,Chen Zhong-Ao Zhuang (43321533),Chen Zhong-Ao Zhuang,43321533,P,4000,LAA@ATH 06/19/2026 09:40PM ET,06/19/2026 09:40PM ET,ATH,LAA,home,0,800018,Chen Zhong-Ao Zhuang,mapped,identity_name_team_map,Stable identity seed from old DK-ID map. Pilot join status: matched_people_search_name via mlb_people_search_normalized_name
2026-06-19,2026-06-19T16:19:46.381495+00:00,2026-06-19,DraftKings official lineup CSV,https://www.draftkings.com/lineup/getavailableplayerscsv?contestTypeId=9&draftGroupId=149344,149344,9,Selected largest-prize regular Classic MLB draft group after excluding Turbo/Night/qualifier/satellite/showdown/snake/single-stat slates.,SP,Braden Nett (43321545),Braden Nett,43321545,P,4000,LAA@ATH 06/19/2026 09:40PM ET,06/19/2026 09:40PM ET,ATH,LAA,home,0,804556,Braden Nett,mapped,identity_name_team_map,Stable identity seed from old DK-ID map. Pilot join status: matched_people_search_name via mlb_people_search_normalized_name
2026-06-19,2026-06-19T16:19:46.381495+00:00,2026-06-19,DraftKings official lineup CSV,https://www.draftkings.com/lineup/getavailableplayerscsv?contestTypeId=9&draftGroupId=149344,149344,9,Selected largest-prize regular Classic MLB draft group after excluding Turbo/Night/qualifier/satellite/showdown/snake/single-stat slates.,RP,Brent Suter (43321569),Brent Suter,43321569,P,4000,LAA@ATH 06/19/2026 09:40PM ET,06/19/2026 09:40PM ET,LAA,ATH,away,3.71,608718,Brent Suter,mapped,identity_name_team_map,Stable identity seed from old DK-ID map. Pilot join status: matched via normalized_name_team
2026-06-19,2026-06-19T16:19:46.381495+00:00,2026-06-19,DraftKings official lineup CSV,https://www.draftkings.com/lineup/getavailableplayerscsv?contestTypeId=9&draftGroupId=149344,149344,9,Selected largest-prize regular Classic MLB draft group after excluding Turbo/Night/qualifier/satellite/showdown/snake/single-stat slates.,RP,Scott Barlow (43321577),Scott Barlow,43321577,P,4000,LAA@ATH 06/19/2026 09:40PM ET,06/19/2026 09:40PM ET,ATH,LAA,home,1.70,605130,Scott Barlow,mapped,identity_name_team_map,Stable identity seed from old DK-ID map. Pilot join status: matched via normalized_name_team
2026-06-19,2026-06-19T16:19:46.381495+00:00,2026-06-19,DraftKings official lineup CSV,https://www.draftkings.com/lineup/getavailableplayerscsv?contestTypeId=9&draftGroupId=149344,149344,9,Selected largest-prize regular Classic MLB draft group after excluding Turbo/Night/qualifier/satellite/showdown/snake/single-stat slates.,RP,Brooks Kriske (43321641),Brooks Kriske,43321641,P,4000,LAA@ATH 06/19/2026 09:40PM ET,06/19/2026 09:40PM ET,ATH,LAA,home,4.1,621139,Brooks Kriske,mapped,identity_name_team_map,Stable identity seed from old DK-ID map. Pilot join status: matched via normalized_name_team
2026-06-19,2026-06-19T16:19:46.381495+00:00,2026-06-19,DraftKings official lineup CSV,https://www.draftkings.com/lineup/getavailableplayerscsv?contestTypeId=9&draftGroupId=149344,149344,9,Selected largest-prize regular Classic MLB draft group after excluding Turbo/Night/qualifier/satellite/showdown/snake/single-stat slates.,RP,Sam Bachman (43321654),Sam Bachman,43321654,P,4000,LAA@ATH 06/19/2026 09:40PM ET,06/19/2026 09:40PM ET,LAA,ATH,away,3.78,696147,Sam Bachman,mapped,identity_name_team_map,Stable identity seed from old DK-ID map. Pilot join status: matched via normalized_name_team
2026-06-19,2026-06-19T16:19:46.381495+00:00,2026-06-19,DraftKings official lineup CSV,https://www.draftkings.com/lineup/getavailableplayerscsv?contestTypeId=9&draftGroupId=149344,149344,9,Selected largest-prize regular Classic MLB draft group after excluding Turbo/Night/qualifier/satellite/showdown/snake/single-stat slates.,RP,Tayler Saucedo (43321664),Tayler Saucedo,43321664,P,4000,LAA@ATH 06/19/2026 09:40PM ET,06/19/2026 09:40PM ET,LAA,ATH,away,1.68,642048,Tayler Saucedo,mapped,identity_name_team_map,Stable identity seed from old DK-ID map. Pilot join status: matched via normalized_name_team
2026-06-19,2026-06-19T16:19:46.381495+00:00,2026-06-19,DraftKings official lineup CSV,https://www.draftkings.com/lineup/getavailableplayerscsv?contestTypeId=9&draftGroupId=149344,149344,9,Selected largest-prize regular Classic MLB draft group after excluding Turbo/Night/qualifier/satellite/showdown/snake/single-stat slates.,RP,Mark Leiter Jr. (43321665),Mark Leiter Jr.,43321665,P,4000,LAA@ATH 06/19/2026 09:40PM ET,06/19/2026 09:40PM ET,ATH,LAA,home,2.26,643410,Mark Leiter Jr.,mapped,identity_name_team_map,Stable identity seed from old DK-ID map. Pilot join status: matched via normalized_name_team
2026-06-19,2026-06-19T16:19:46.381495+00:00,2026-06-19,DraftKings official lineup CSV,https://www.draftkings.com/lineup/getavailableplayerscsv?contestTypeId=9&draftGroupId=149344,149344,9,Selected largest-prize regular Classic MLB draft group after excluding Turbo/Night/qualifier/satellite/showdown/snake/single-stat slates.,RP,Jose Fermin (43321675),Jose Fermin,43321675,P,4000,LAA@ATH 06/19/2026 09:40PM ET,06/19/2026 09:40PM ET,LAA,ATH,away,2.54,820862,José Fermin,mapped,identity_name_team_map,Stable identity seed from old DK-ID map. Pilot join status: matched via normalized_name_team
2026-06-19,2026-06-19T16:19:46.381495+00:00,2026-06-19,DraftKings official lineup CSV,https://www.draftkings.com/lineup/getavailableplayerscsv?contestTypeId=9&draftGroupId=149344,149344,9,Selected largest-prize regular Classic MLB draft group after excluding Turbo/Night/qualifier/satellite/showdown/snake/single-stat slates.,RP,Mason Barnett (43321681),Mason Barnett,43321681,P,4000,LAA@ATH 06/19/2026 09:40PM ET,06/19/2026 09:40PM ET,ATH,LAA,home,8.98,686930,Mason Barnett,mapped,identity_name_team_map,Stable identity seed from old DK-ID map. Pilot join status: matched via normalized_name_team
2026-06-19,2026-06-19T16:19:46.381495+00:00,2026-06-19,DraftKings official lineup CSV,https://www.draftkings.com/lineup/getavailableplayerscsv?contestTypeId=9&draftGroupId=149344,149344,9,Selected largest-prize regular Classic MLB draft group after excluding Turbo/Night/qualifier/satellite/showdown/snake/single-stat slates.,RP,Elvis Alvarado (43321694),Elvis Alvarado,43321694,P,4000,LAA@ATH 06/19/2026 09:40PM ET,06/19/2026 09:40PM ET,ATH,LAA,home,3.47,665660,Elvis Alvarado,mapped,identity_name_team_map,Stable identity seed from old DK-ID map. Pilot join status: matched via normalized_name_team
2026-06-19,2026-06-19T16:19:46.381495+00:00,2026-06-19,DraftKings official lineup CSV,https://www.draftkings.com/lineup/getavailableplayerscsv?contestTypeId=9&draftGroupId=149344,149344,9,Selected largest-prize regular Classic MLB draft group after excluding Turbo/Night/qualifier/satellite/showdown/snake/single-stat slates.,RP,Ben Joyce (43321706),Ben Joyce,43321706,P,4000,LAA@ATH 06/19/2026 09:40PM ET,06/19/2026 09:40PM ET,LAA,ATH,away,0,690829,Ben Joyce,mapped,identity_name_team_map,Stable identity seed from old DK-ID map. Pilot join status: matched_people_search_name via mlb_people_search_normalized_name
2026-06-19,2026-06-19T16:19:46.381495+00:00,2026-06-19,DraftKings official lineup CSV,https://www.draftkings.com/lineup/getavailableplayerscsv?contestTypeId=9&draftGroupId=149344,149344,9,Selected largest-prize regular Classic MLB draft group after excluding Turbo/Night/qualifier/satellite/showdown/snake/single-stat slates.,RP,Michael Kelly (43321749),Michael Kelly,43321749,P,4000,LAA@ATH 06/19/2026 09:40PM ET,06/19/2026 09:40PM ET,ATH,LAA,home,-1.11,547184,Michael Kelly,mapped,identity_name_team_map,Stable identity seed from old DK-ID map. Pilot join status: matched via normalized_name_team
2026-06-19,2026-06-19T16:19:46.381495+00:00,2026-06-19,DraftKings official lineup CSV,https://www.draftkings.com/lineup/getavailableplayerscsv?contestTypeId=9&draftGroupId=149344,149344,9,Selected largest-prize regular Classic MLB draft group after excluding Turbo/Night/qualifier/satellite/showdown/snake/single-stat slates.,RP,Angel Perdomo (43321750),Angel Perdomo,43321750,P,4000,LAA@ATH 06/19/2026 09:40PM ET,06/19/2026 09:40PM ET,LAA,ATH,away,0,622780,Angel Perdomo,mapped,identity_name_team_map,Stable identity seed from old DK-ID map. Pilot join status: matched_people_search_name via mlb_people_search_normalized_name
2026-06-19,2026-06-19T16:19:46.381495+00:00,2026-06-19,DraftKings official lineup CSV,https://www.draftkings.com/lineup/getavailableplayerscsv?contestTypeId=9&draftGroupId=149344,149344,9,Selected largest-prize regular Classic MLB draft group after excluding Turbo/Night/qualifier/satellite/showdown/snake/single-stat slates.,RP,Ryan Zeferjahn (43321753),Ryan Zeferjahn,43321753,P,4000,LAA@ATH 06/19/2026 09:40PM ET,06/19/2026 09:40PM ET,LAA,ATH,away,3.68,666171,Ryan Zeferjahn,mapped,identity_name_team_map,Stable identity seed from old DK-ID map. Pilot join status: matched via normalized_name_team
2026-06-19,2026-06-19T16:19:46.381495+00:00,2026-06-19,DraftKings official lineup CSV,https://www.draftkings.com/lineup/getavailableplayerscsv?contestTypeId=9&draftGroupId=149344,149344,9,Selected largest-prize regular Classic MLB draft group after excluding Turbo/Night/qualifier/satellite/showdown/snake/single-stat slates.,RP,Hogan Harris (43321754),Hogan Harris,43321754,P,4000,LAA@ATH 06/19/2026 09:40PM ET,06/19/2026 09:40PM ET,ATH,LAA,home,3.16,663687,Hogan Harris,mapped,identity_name_team_map,Stable identity seed from old DK-ID map. Pilot join status: matched via normalized_name_team
2026-06-19,2026-06-19T16:19:46.381495+00:00,2026-06-19,DraftKings official lineup CSV,https://www.draftkings.com/lineup/getavailableplayerscsv?contestTypeId=9&draftGroupId=149344,149344,9,Selected largest-prize regular Classic MLB draft group after excluding Turbo/Night/qualifier/satellite/showdown/snake/single-stat slates.,RP,Kirby Yates (43321767),Kirby Yates,43321767,P,4000,LAA@ATH 06/19/2026 09:40PM ET,06/19/2026 09:40PM ET,LAA,ATH,away,2.83,489446,Kirby Yates,mapped,identity_name_team_map,Stable identity seed from old DK-ID map. Pilot join status: matched via normalized_name_team
2026-06-19,2026-06-19T16:19:46.381495+00:00,2026-06-19,DraftKings official lineup CSV,https://www.draftkings.com/lineup/getavailableplayerscsv?contestTypeId=9&draftGroupId=149344,149344,9,Selected largest-prize regular Classic MLB draft group after excluding Turbo/Night/qualifier/satellite/showdown/snake/single-stat slates.,RP,Brady Basso (43321811),Brady Basso,43321811,P,4000,LAA@ATH 06/19/2026 09:40PM ET,06/19/2026 09:40PM ET,ATH,LAA,home,-1.36,669620,Brady Basso,mapped,identity_name_team_map,Stable identity seed from old DK-ID map. Pilot join status: matched via normalized_name_team
2026-06-19,2026-06-19T16:19:46.381495+00:00,2026-06-19,DraftKings official lineup CSV,https://www.draftkings.com/lineup/getavailableplayerscsv?contestTypeId=9&draftGroupId=149344,149344,9,Selected largest-prize regular Classic MLB draft group after excluding Turbo/Night/qualifier/satellite/showdown/snake/single-stat slates.,RP,Samy Natera Jr. (43321820),Samy Natera Jr.,43321820,P,4000,LAA@ATH 06/19/2026 09:40PM ET,06/19/2026 09:40PM ET,LAA,ATH,away,6.9,696519,Samy Natera Jr.,mapped,identity_name_team_map,Stable identity seed from old DK-ID map. Pilot join status: matched via normalized_name_team
2026-06-19,2026-06-19T16:19:46.381495+00:00,2026-06-19,DraftKings official lineup CSV,https://www.draftkings.com/lineup/getavailableplayerscsv?contestTypeId=9&draftGroupId=149344,149344,9,Selected largest-prize regular Classic MLB draft group after excluding Turbo/Night/qualifier/satellite/showdown/snake/single-stat slates.,RP,Hunter Strickland (43321832),Hunter Strickland,43321832,P,4000,LAA@ATH 06/19/2026 09:40PM ET,06/19/2026 09:40PM ET,LAA,ATH,away,0,519326,Hunter Strickland,mapped,identity_name_team_map,Stable identity seed from old DK-ID map. Pilot join status: matched_people_search_name via mlb_people_search_normalized_name
2026-06-19,2026-06-19T16:19:46.381495+00:00,2026-06-19,DraftKings official lineup CSV,https://www.draftkings.com/lineup/getavailableplayerscsv?contestTypeId=9&draftGroupId=149344,149344,9,Selected largest-prize regular Classic MLB draft group after excluding Turbo/Night/qualifier/satellite/showdown/snake/single-stat slates.,RP,Justin Sterner (43321845),Justin Sterner,43321845,P,4000,LAA@ATH 06/19/2026 09:40PM ET,06/19/2026 09:40PM ET,ATH,LAA,home,3.05,686993,Justin Sterner,mapped,identity_name_team_map,Stable identity seed from old DK-ID map. Pilot join status: matched via normalized_name_team
2026-06-19,2026-06-19T16:19:46.381495+00:00,2026-06-19,DraftKings official lineup CSV,https://www.draftkings.com/lineup/getavailableplayerscsv?contestTypeId=9&draftGroupId=149344,149344,9,Selected largest-prize regular Classic MLB draft group after excluding Turbo/Night/qualifier/satellite/showdown/snake/single-stat slates.,RP,Robert Stephenson (43321847),Robert Stephenson,43321847,P,4000,LAA@ATH 06/19/2026 09:40PM ET,06/19/2026 09:40PM ET,LAA,ATH,away,0,596112,Robert Stephenson,mapped,identity_name_team_map,Stable identity seed from old DK-ID map. Pilot join status: matched_people_search_name via mlb_people_search_normalized_name
2026-06-19,2026-06-19T16:19:46.381495+00:00,2026-06-19,DraftKings official lineup CSV,https://www.draftkings.com/lineup/getavailableplayerscsv?contestTypeId=9&draftGroupId=149344,149344,9,Selected largest-prize regular Classic MLB draft group after excluding Turbo/Night/qualifier/satellite/showdown/snake/single-stat slates.,SP,Dylan Ray (43321530),Dylan Ray,43321530,P,4000,MIN@ARI 06/19/2026 09:45PM ET,06/19/2026 09:45PM ET,ARI,MIN,home,0,,,needs_review_new_player,identity_name_team_map,No reviewed normalized-name/team identity alias; do not auto-guess.
2026-06-19,2026-06-19T16:19:46.381495+00:00,2026-06-19,DraftKings official lineup CSV,https://www.draftkings.com/lineup/getavailableplayerscsv?contestTypeId=9&draftGroupId=149344,149344,9,Selected largest-prize regular Classic MLB draft group after excluding Turbo/Night/qualifier/satellite/showdown/snake/single-stat slates.,RP,Blake Walston (43321538),Blake Walston,43321538,P,4000,MIN@ARI 06/19/2026 09:45PM ET,06/19/2026 09:45PM ET,ARI,MIN,home,0,,,needs_review_new_player,identity_name_team_map,No reviewed normalized-name/team identity alias; do not auto-guess.
2026-06-19,2026-06-19T16:19:46.381495+00:00,2026-06-19,DraftKings official lineup CSV,https://www.draftkings.com/lineup/getavailableplayerscsv?contestTypeId=9&draftGroupId=149344,149344,9,Selected largest-prize regular Classic MLB draft group after excluding Turbo/Night/qualifier/satellite/showdown/snake/single-stat slates.,SP,Kohl Drake (43321542),Kohl Drake,43321542,P,4000,MIN@ARI 06/19/2026 09:45PM ET,06/19/2026 09:45PM ET,ARI,MIN,home,0,,,needs_review_new_player,identity_name_team_map,No reviewed normalized-name/team identity alias; do not auto-guess.
2026-06-19,2026-06-19T16:19:46.381495+00:00,2026-06-19,DraftKings official lineup CSV,https://www.draftkings.com/lineup/getavailableplayerscsv?contestTypeId=9&draftGroupId=149344,149344,9,Selected largest-prize regular Classic MLB draft group after excluding Turbo/Night/qualifier/satellite/showdown/snake/single-stat slates.,SP,Mitch Bratt (43321556),Mitch Bratt,43321556,P,4000,MIN@ARI 06/19/2026 09:45PM ET,06/19/2026 09:45PM ET,ARI,MIN,home,0,,,needs_review_new_player,identity_name_team_map,No reviewed normalized-name/team identity alias; do not auto-guess.
2026-06-19,2026-06-19T16:19:46.381495+00:00,2026-06-19,DraftKings official lineup CSV,https://www.draftkings.com/lineup/getavailableplayerscsv?contestTypeId=9&draftGroupId=149344,149344,9,Selected largest-prize regular Classic MLB draft group after excluding Turbo/Night/qualifier/satellite/showdown/snake/single-stat slates.,RP,Andrew Hoffmann (43321583),Andrew Hoffmann,43321583,P,4000,MIN@ARI 06/19/2026 09:45PM ET,06/19/2026 09:45PM ET,ARI,MIN,home,2.08,,,needs_review_new_player,identity_name_team_map,No reviewed normalized-name/team identity alias; do not auto-guess.
2026-06-19,2026-06-19T16:19:46.381495+00:00,2026-06-19,DraftKings official lineup CSV,https://www.draftkings.com/lineup/getavailableplayerscsv?contestTypeId=9&draftGroupId=149344,149344,9,Selected largest-prize regular Classic MLB draft group after excluding Turbo/Night/qualifier/satellite/showdown/snake/single-stat slates.,RP,Taylor Rashi (43321586),Taylor Rashi,43321586,P,4000,MIN@ARI 06/19/2026 09:45PM ET,06/19/2026 09:45PM ET,MIN,ARI,away,3.28,,,needs_review_new_player,identity_name_team_map,No reviewed normalized-name/team identity alias; do not auto-guess.
2026-06-19,2026-06-19T16:19:46.381495+00:00,2026-06-19,DraftKings official lineup CSV,https://www.draftkings.com/lineup/getavailableplayerscsv?contestTypeId=9&draftGroupId=149344,149344,9,Selected largest-prize regular Classic MLB draft group after excluding Turbo/Night/qualifier/satellite/showdown/snake/single-stat slates.,RP,Kevin Ginkel (43321600),Kevin Ginkel,43321600,P,4000,MIN@ARI 06/19/2026 09:45PM ET,06/19/2026 09:45PM ET,ARI,MIN,home,3.32,,,needs_review_new_player,identity_name_team_map,No reviewed normalized-name/team identity alias; do not auto-guess.
2026-06-19,2026-06-19T16:19:46.381495+00:00,2026-06-19,DraftKings official lineup CSV,https://www.draftkings.com/lineup/getavailableplayerscsv?contestTypeId=9&draftGroupId=149344,149344,9,Selected largest-prize regular Classic MLB draft group after excluding Turbo/Night/qualifier/satellite/showdown/snake/single-stat slates.,RP,Justin Martinez (43321636),Justin Martinez,43321636,P,4000,MIN@ARI 06/19/2026 09:45PM ET,06/19/2026 09:45PM ET,ARI,MIN,home,0,,,needs_review_new_player,identity_name_team_map,No reviewed normalized-name/team identity alias; do not auto-guess.
2026-06-19,2026-06-19T16:19:46.381495+00:00,2026-06-19,DraftKings official lineup CSV,https://www.draftkings.com/lineup/getavailableplayerscsv?contestTypeId=9&draftGroupId=149344,149344,9,Selected largest-prize regular Classic MLB draft group after excluding Turbo/Night/qualifier/satellite/showdown/snake/single-stat slates.,RP,Kody Funderburk (43321644),Kody Funderburk,43321644,P,4000,MIN@ARI 06/19/2026 09:45PM ET,06/19/2026 09:45PM ET,MIN,ARI,away,1.61,681892,Kody Funderburk,mapped,identity_name_team_map,Proposed from review candidates; basis=exact normalized name + team; role-compatible; statcast_pitcher_2026; confidence=high; sources=statcast_pitcher_2026
2026-06-19,2026-06-19T16:19:46.381495+00:00,2026-06-19,DraftKings official lineup CSV,https://www.draftkings.com/lineup/getavailableplayerscsv?contestTypeId=9&draftGroupId=149344,149344,9,Selected largest-prize regular Classic MLB draft group after excluding Turbo/Night/qualifier/satellite/showdown/snake/single-stat slates.,RP,Ryan Thompson (43321645),Ryan Thompson,43321645,P,4000,MIN@ARI 06/19/2026 09:45PM ET,06/19/2026 09:45PM ET,ARI,MIN,home,2.25,,,needs_review_new_player,identity_name_team_map,No reviewed normalized-name/team identity alias; do not auto-guess.
2026-06-19,2026-06-19T16:19:46.381495+00:00,2026-06-19,DraftKings official lineup CSV,https://www.draftkings.com/lineup/getavailableplayerscsv?contestTypeId=9&draftGroupId=149344,149344,9,Selected largest-prize regular Classic MLB draft group after excluding Turbo/Night/qualifier/satellite/showdown/snake/single-stat slates.,RP,John Curtiss (43321657),John Curtiss,43321657,P,4000,MIN@ARI 06/19/2026 09:45PM ET,06/19/2026 09:45PM ET,ARI,MIN,home,0,,,needs_review_new_player,identity_name_team_map,No reviewed normalized-name/team identity alias; do not auto-guess.
2026-06-19,2026-06-19T16:19:46.381495+00:00,2026-06-19,DraftKings official lineup CSV,https://www.draftkings.com/lineup/getavailableplayerscsv?contestTypeId=9&draftGroupId=149344,149344,9,Selected largest-prize regular Classic MLB draft group after excluding Turbo/Night/qualifier/satellite/showdown/snake/single-stat slates.,RP,Drey Jameson (43321673),Drey Jameson,43321673,P,4000,MIN@ARI 06/19/2026 09:45PM ET,06/19/2026 09:45PM ET,ARI,MIN,home,3.98,,,needs_review_new_player,identity_name_team_map,No reviewed normalized-name/team identity alias; do not auto-guess.
2026-06-19,2026-06-19T16:19:46.381495+00:00,2026-06-19,DraftKings official lineup CSV,https://www.draftkings.com/lineup/getavailableplayerscsv?contestTypeId=9&draftGroupId=149344,149344,9,Selected largest-prize regular Classic MLB draft group after excluding Turbo/Night/qualifier/satellite/showdown/snake/single-stat slates.,RP,Brandyn Garcia (43321674),Brandyn Garcia,43321674,P,4000,MIN@ARI 06/19/2026 09:45PM ET,06/19/2026 09:45PM ET,ARI,MIN,home,2.50,,,needs_review_new_player,identity_name_team_map,No reviewed normalized-name/team identity alias; do not auto-guess.
2026-06-19,2026-06-19T16:19:46.381495+00:00,2026-06-19,DraftKings official lineup CSV,https://www.draftkings.com/lineup/getavailableplayerscsv?contestTypeId=9&draftGroupId=149344,149344,9,Selected largest-prize regular Classic MLB draft group after excluding Turbo/Night/qualifier/satellite/showdown/snake/single-stat slates.,RP,Paul Sewald (43321688),Paul Sewald,43321688,P,4000,MIN@ARI 06/19/2026 09:45PM ET,06/19/2026 09:45PM ET,ARI,MIN,home,3.30,,,needs_review_new_player,identity_name_team_map,No reviewed normalized-name/team identity alias; do not auto-guess.
2026-06-19,2026-06-19T16:19:46.381495+00:00,2026-06-19,DraftKings official lineup CSV,https://www.draftkings.com/lineup/getavailableplayerscsv?contestTypeId=9&draftGroupId=149344,149344,9,Selected largest-prize regular Classic MLB draft group after excluding Turbo/Night/qualifier/satellite/showdown/snake/single-stat slates.,RP,Eric Orze (43321713),Eric Orze,43321713,P,4000,MIN@ARI 06/19/2026 09:45PM ET,06/19/2026 09:45PM ET,MIN,ARI,away,2.69,679358,Eric Orze,mapped,identity_name_team_map,Proposed from review candidates; basis=exact normalized name + team; role-compatible; statcast_pitcher_2026; confidence=high; sources=statcast_pitcher_2026
2026-06-19,2026-06-19T16:19:46.381495+00:00,2026-06-19,DraftKings official lineup CSV,https://www.draftkings.com/lineup/getavailableplayerscsv?contestTypeId=9&draftGroupId=149344,149344,9,Selected largest-prize regular Classic MLB draft group after excluding Turbo/Night/qualifier/satellite/showdown/snake/single-stat slates.,RP,Philip Abner (43321714),Philip Abner,43321714,P,4000,MIN@ARI 06/19/2026 09:45PM ET,06/19/2026 09:45PM ET,ARI,MIN,home,-2.28,,,needs_review_new_player,identity_name_team_map,No reviewed normalized-name/team identity alias; do not auto-guess.
2026-06-19,2026-06-19T16:19:46.381495+00:00,2026-06-19,DraftKings official lineup CSV,https://www.draftkings.com/lineup/getavailableplayerscsv?contestTypeId=9&draftGroupId=149344,149344,9,Selected largest-prize regular Classic MLB draft group after excluding Turbo/Night/qualifier/satellite/showdown/snake/single-stat slates.,RP,Taylor Clarke (43321720),Taylor Clarke,43321720,P,4000,MIN@ARI 06/19/2026 09:45PM ET,06/19/2026 09:45PM ET,ARI,MIN,home,2.57,,,needs_review_new_player,identity_name_team_map,No reviewed normalized-name/team identity alias; do not auto-guess.
2026-06-19,2026-06-19T16:19:46.381495+00:00,2026-06-19,DraftKings official lineup CSV,https://www.draftkings.com/lineup/getavailableplayerscsv?contestTypeId=9&draftGroupId=149344,149344,9,Selected largest-prize regular Classic MLB draft group after excluding Turbo/Night/qualifier/satellite/showdown/snake/single-stat slates.,RP,Andrew Morris (43321721),Andrew Morris,43321721,P,4000,MIN@ARI 06/19/2026 09:45PM ET,06/19/2026 09:45PM ET,MIN,ARI,away,3.60,702193,Andrew Morris,mapped,identity_name_team_map,Proposed from review candidates; basis=exact normalized name + team; role-compatible; statcast_pitcher_2026; confidence=high; sources=statcast_pitcher_2026
2026-06-19,2026-06-19T16:19:46.381495+00:00,2026-06-19,DraftKings official lineup CSV,https://www.draftkings.com/lineup/getavailableplayerscsv?contestTypeId=9&draftGroupId=149344,149344,9,Selected largest-prize regular Classic MLB draft group after excluding Turbo/Night/qualifier/satellite/showdown/snake/single-stat slates.,RP,Cody Laweryson (43321726),Cody Laweryson,43321726,P,4000,MIN@ARI 06/19/2026 09:45PM ET,06/19/2026 09:45PM ET,MIN,ARI,away,2.92,689520,Cody Laweryson,mapped,identity_name_team_map,Proposed from review candidates; basis=exact normalized name + team; role-compatible; statcast_pitcher_2026; confidence=high; sources=statcast_pitcher_2026
2026-06-19,2026-06-19T16:19:46.381495+00:00,2026-06-19,DraftKings official lineup CSV,https://www.draftkings.com/lineup/getavailableplayerscsv?contestTypeId=9&draftGroupId=149344,149344,9,Selected largest-prize regular Classic MLB draft group after excluding Turbo/Night/qualifier/satellite/showdown/snake/single-stat slates.,RP,Andrew Saalfrank (43321730),Andrew Saalfrank,43321730,P,4000,MIN@ARI 06/19/2026 09:45PM ET,06/19/2026 09:45PM ET,ARI,MIN,home,0,,,needs_review_new_player,identity_name_team_map,No reviewed normalized-name/team identity alias; do not auto-guess.
2026-06-19,2026-06-19T16:19:46.381495+00:00,2026-06-19,DraftKings official lineup CSV,https://www.draftkings.com/lineup/getavailableplayerscsv?contestTypeId=9&draftGroupId=149344,149344,9,Selected largest-prize regular Classic MLB draft group after excluding Turbo/Night/qualifier/satellite/showdown/snake/single-stat slates.,RP,John Klein (43321734),John Klein,43321734,P,4000,MIN@ARI 06/19/2026 09:45PM ET,06/19/2026 09:45PM ET,MIN,ARI,away,1.85,804619,John Klein,mapped,identity_name_team_map,Proposed from review candidates; basis=exact normalized name + team; role-compatible; statcast_pitcher_2026; confidence=high; sources=statcast_pitcher_2026
2026-06-19,2026-06-19T16:19:46.381495+00:00,2026-06-19,DraftKings official lineup CSV,https://www.draftkings.com/lineup/getavailableplayerscsv?contestTypeId=9&draftGroupId=149344,149344,9,Selected largest-prize regular Classic MLB draft group after excluding Turbo/Night/qualifier/satellite/showdown/snake/single-stat slates.,RP,Anthony Banda (43321751),Anthony Banda,43321751,P,4000,MIN@ARI 06/19/2026 09:45PM ET,06/19/2026 09:45PM ET,MIN,ARI,away,2.13,607455,Anthony Banda,mapped,identity_name_team_map,Proposed from review candidates; basis=exact normalized name + team; role-compatible; statcast_pitcher_2026; confidence=high; sources=statcast_pitcher_2026
2026-06-19,2026-06-19T16:19:46.381495+00:00,2026-06-19,DraftKings official lineup CSV,https://www.draftkings.com/lineup/getavailableplayerscsv?contestTypeId=9&draftGroupId=149344,149344,9,Selected largest-prize regular Classic MLB draft group after excluding Turbo/Night/qualifier/satellite/showdown/snake/single-stat slates.,RP,Jonathan Loaisiga (43321756),Jonathan Loaisiga,43321756,P,4000,MIN@ARI 06/19/2026 09:45PM ET,06/19/2026 09:45PM ET,ARI,MIN,home,2.05,,,needs_review_new_player,identity_name_team_map,No reviewed normalized-name/team identity alias; do not auto-guess.
2026-06-19,2026-06-19T16:19:46.381495+00:00,2026-06-19,DraftKings official lineup CSV,https://www.draftkings.com/lineup/getavailableplayerscsv?contestTypeId=9&draftGroupId=149344,149344,9,Selected largest-prize regular Classic MLB draft group after excluding Turbo/Night/qualifier/satellite/showdown/snake/single-stat slates.,RP,Kade Strowd (43321772),Kade Strowd,43321772,P,4000,MIN@ARI 06/19/2026 09:45PM ET,06/19/2026 09:45PM ET,ARI,MIN,home,-0.15,,,needs_review_new_player,identity_name_team_map,No reviewed normalized-name/team identity alias; do not auto-guess.
2026-06-19,2026-06-19T16:19:46.381495+00:00,2026-06-19,DraftKings official lineup CSV,https://www.draftkings.com/lineup/getavailableplayerscsv?contestTypeId=9&draftGroupId=149344,149344,9,Selected largest-prize regular Classic MLB draft group after excluding Turbo/Night/qualifier/satellite/showdown/snake/single-stat slates.,RP,Juan Morillo (43321775),Juan Morillo,43321775,P,4000,MIN@ARI 06/19/2026 09:45PM ET,06/19/2026 09:45PM ET,ARI,MIN,home,3.52,,,needs_review_new_player,identity_name_team_map,No reviewed normalized-name/team identity alias; do not auto-guess.
2026-06-19,2026-06-19T16:19:46.381495+00:00,2026-06-19,DraftKings official lineup CSV,https://www.draftkings.com/lineup/getavailableplayerscsv?contestTypeId=9&draftGroupId=149344,149344,9,Selected largest-prize regular Classic MLB draft group after excluding Turbo/Night/qualifier/satellite/showdown/snake/single-stat slates.,RP,A.J. Puk (43321779),A.J. Puk,43321779,P,4000,MIN@ARI 06/19/2026 09:45PM ET,06/19/2026 09:45PM ET,ARI,MIN,home,0,,,needs_review_new_player,identity_name_team_map,No reviewed normalized-name/team identity alias; do not auto-guess.
2026-06-19,2026-06-19T16:19:46.381495+00:00,2026-06-19,DraftKings official lineup CSV,https://www.draftkings.com/lineup/getavailableplayerscsv?contestTypeId=9&draftGroupId=149344,149344,9,Selected largest-prize regular Classic MLB draft group after excluding Turbo/Night/qualifier/satellite/showdown/snake/single-stat slates.,RP,Cole Sands (43321780),Cole Sands,43321780,P,4000,MIN@ARI 06/19/2026 09:45PM ET,06/19/2026 09:45PM ET,MIN,ARI,away,2.55,663485,Cole Sands,mapped,identity_name_team_map,Proposed from review candidates; basis=exact normalized name + team; role-compatible; statcast_pitcher_2026; confidence=high; sources=statcast_pitcher_2026
2026-06-19,2026-06-19T16:19:46.381495+00:00,2026-06-19,DraftKings official lineup CSV,https://www.draftkings.com/lineup/getavailableplayerscsv?contestTypeId=9&draftGroupId=149344,149344,9,Selected largest-prize regular Classic MLB draft group after excluding Turbo/Night/qualifier/satellite/showdown/snake/single-stat slates.,RP,Juan Burgos (43321792),Juan Burgos,43321792,P,4000,MIN@ARI 06/19/2026 09:45PM ET,06/19/2026 09:45PM ET,ARI,MIN,home,0,,,needs_review_new_player,identity_name_team_map,No reviewed normalized-name/team identity alias; do not auto-guess.
2026-06-19,2026-06-19T16:19:46.381495+00:00,2026-06-19,DraftKings official lineup CSV,https://www.draftkings.com/lineup/getavailableplayerscsv?contestTypeId=9&draftGroupId=149344,149344,9,Selected largest-prize regular Classic MLB draft group after excluding Turbo/Night/qualifier/satellite/showdown/snake/single-stat slates.,RP,Taylor Rogers (43321796),Taylor Rogers,43321796,P,4000,MIN@ARI 06/19/2026 09:45PM ET,06/19/2026 09:45PM ET,MIN,ARI,away,1.94,573124,Taylor Rogers,mapped,identity_name_team_map,Proposed from review candidates; basis=exact normalized name + team; role-compatible; statcast_pitcher_2026; confidence=high; sources=statcast_pitcher_2026
2026-06-19,2026-06-19T16:19:46.381495+00:00,2026-06-19,DraftKings official lineup CSV,https://www.draftkings.com/lineup/getavailableplayerscsv?contestTypeId=9&draftGroupId=149344,149344,9,Selected largest-prize regular Classic MLB draft group after excluding Turbo/Night/qualifier/satellite/showdown/snake/single-stat slates.,RP,Garrett Acton (43321813),Garrett Acton,43321813,P,4000,MIN@ARI 06/19/2026 09:45PM ET,06/19/2026 09:45PM ET,MIN,ARI,away,7.05,670183,Garrett Acton,mapped,identity_name_team_map,Proposed from review candidates; basis=exact normalized name + team; role-compatible; statcast_pitcher_2026; confidence=high; sources=statcast_pitcher_2026
2026-06-19,2026-06-19T16:19:46.381495+00:00,2026-06-19,DraftKings official lineup CSV,https://www.draftkings.com/lineup/getavailableplayerscsv?contestTypeId=9&draftGroupId=149344,149344,9,Selected largest-prize regular Classic MLB draft group after excluding Turbo/Night/qualifier/satellite/showdown/snake/single-stat slates.,RP,Travis Adams (43321815),Travis Adams,43321815,P,4000,MIN@ARI 06/19/2026 09:45PM ET,06/19/2026 09:45PM ET,MIN,ARI,away,3.59,701519,Travis Adams,mapped,identity_name_team_map,Proposed from review candidates; basis=exact normalized name + team; role-compatible; statcast_pitcher_2026; confidence=high; sources=statcast_pitcher_2026
2026-06-19,2026-06-19T16:19:46.381495+00:00,2026-06-19,DraftKings official lineup CSV,https://www.draftkings.com/lineup/getavailableplayerscsv?contestTypeId=9&draftGroupId=149344,149344,9,Selected largest-prize regular Classic MLB draft group after excluding Turbo/Night/qualifier/satellite/showdown/snake/single-stat slates.,SP,Cristian Mena (43321823),Cristian Mena,43321823,P,4000,MIN@ARI 06/19/2026 09:45PM ET,06/19/2026 09:45PM ET,ARI,MIN,home,0,,,needs_review_new_player,identity_name_team_map,No reviewed normalized-name/team identity alias; do not auto-guess.
2026-06-19,2026-06-19T16:19:46.381495+00:00,2026-06-19,DraftKings official lineup CSV,https://www.draftkings.com/lineup/getavailableplayerscsv?contestTypeId=9&draftGroupId=149344,149344,9,Selected largest-prize regular Classic MLB draft group after excluding Turbo/Night/qualifier/satellite/showdown/snake/single-stat slates.,RP,Justin Lawrence (43321834),Justin Lawrence,43321834,P,4000,MIN@ARI 06/19/2026 09:45PM ET,06/19/2026 09:45PM ET,MIN,ARI,away,2.06,,,needs_review_new_player,identity_name_team_map,No reviewed normalized-name/team identity alias; do not auto-guess.
2026-06-19,2026-06-19T16:19:46.381495+00:00,2026-06-19,DraftKings official lineup CSV,https://www.draftkings.com/lineup/getavailableplayerscsv?contestTypeId=9&draftGroupId=149344,149344,9,Selected largest-prize regular Classic MLB draft group after excluding Turbo/Night/qualifier/satellite/showdown/snake/single-stat slates.,RP,Joe Jimenez (43321529),Joe Jimenez,43321529,P,4000,MIL@ATL 06/19/2026 07:15PM ET,06/19/2026 07:15PM ET,ATL,MIL,home,0,641729,Joe Jiménez,mapped,identity_name_team_map,Stable identity seed from old DK-ID map. Pilot join status: matched_people_search_name via mlb_people_search_normalized_name
2026-06-19,2026-06-19T16:19:46.381495+00:00,2026-06-19,DraftKings official lineup CSV,https://www.draftkings.com/lineup/getavailableplayerscsv?contestTypeId=9&draftGroupId=149344,149344,9,Selected largest-prize regular Classic MLB draft group after excluding Turbo/Night/qualifier/satellite/showdown/snake/single-stat slates.,RP,DL Hall (43321567),DL Hall,43321567,P,4000,MIL@ATL 06/19/2026 07:15PM ET,06/19/2026 07:15PM ET,MIL,ATL,away,4.02,669084,DL Hall,mapped,identity_name_team_map,Stable identity seed from old DK-ID map. Pilot join status: matched via normalized_name_team
2026-06-19,2026-06-19T16:19:46.381495+00:00,2026-06-19,DraftKings official lineup CSV,https://www.draftkings.com/lineup/getavailableplayerscsv?contestTypeId=9&draftGroupId=149344,149344,9,Selected largest-prize regular Classic MLB draft group after excluding Turbo/Night/qualifier/satellite/showdown/snake/single-stat slates.,RP,Rolddy Munoz (43321584),Rolddy Munoz,43321584,P,4000,MIL@ATL 06/19/2026 07:15PM ET,06/19/2026 07:15PM ET,ATL,MIL,home,0.9,691548,Rolddy Muñoz,mapped,identity_name_team_map,Stable identity seed from old DK-ID map. Pilot join status: matched via normalized_name_team
2026-06-19,2026-06-19T16:19:46.381495+00:00,2026-06-19,DraftKings official lineup CSV,https://www.draftkings.com/lineup/getavailableplayerscsv?contestTypeId=9&draftGroupId=149344,149344,9,Selected largest-prize regular Classic MLB draft group after excluding Turbo/Night/qualifier/satellite/showdown/snake/single-stat slates.,RP,Tyler Kinley (43321587),Tyler Kinley,43321587,P,4000,MIL@ATL 06/19/2026 07:15PM ET,06/19/2026 07:15PM ET,ATL,MIL,home,3.25,641755,Tyler Kinley,mapped,identity_name_team_map,Stable identity seed from old DK-ID map. Pilot join status: matched via normalized_name_team
2026-06-19,2026-06-19T16:19:46.381495+00:00,2026-06-19,DraftKings official lineup CSV,https://www.draftkings.com/lineup/getavailableplayerscsv?contestTypeId=9&draftGroupId=149344,149344,9,Selected largest-prize regular Classic MLB draft group after excluding Turbo/Night/qualifier/satellite/showdown/snake/single-stat slates.,RP,Brian Fitzpatrick (43321606),Brian Fitzpatrick,43321606,P,4000,MIL@ATL 06/19/2026 07:15PM ET,06/19/2026 07:15PM ET,MIL,ATL,away,3.4,702153,Brian Fitzpatrick,mapped,identity_name_team_map,Stable identity seed from old DK-ID map. Pilot join status: matched via normalized_name_team
2026-06-19,2026-06-19T16:19:46.381495+00:00,2026-06-19,DraftKings official lineup CSV,https://www.draftkings.com/lineup/getavailableplayerscsv?contestTypeId=9&draftGroupId=149344,149344,9,Selected largest-prize regular Classic MLB draft group after excluding Turbo/Night/qualifier/satellite/showdown/snake/single-stat slates.,RP,James Karinchak (43321620),James Karinchak,43321620,P,4000,MIL@ATL 06/19/2026 07:15PM ET,06/19/2026 07:15PM ET,ATL,MIL,home,3.85,,,needs_review_new_player,identity_name_team_map,No reviewed normalized-name/team identity alias; do not auto-guess.
2026-06-19,2026-06-19T16:19:46.381495+00:00,2026-06-19,DraftKings official lineup CSV,https://www.draftkings.com/lineup/getavailableplayerscsv?contestTypeId=9&draftGroupId=149344,149344,9,Selected largest-prize regular Classic MLB draft group after excluding Turbo/Night/qualifier/satellite/showdown/snake/single-stat slates.,RP,Tayler Scott (43321666),Tayler Scott,43321666,P,4000,MIL@ATL 06/19/2026 07:15PM ET,06/19/2026 07:15PM ET,ATL,MIL,home,0,605463,Tayler Scott,mapped,identity_name_team_map,Stable identity seed from old DK-ID map. Pilot join status: matched_people_search_name via mlb_people_search_normalized_name
2026-06-19,2026-06-19T16:19:46.381495+00:00,2026-06-19,DraftKings official lineup CSV,https://www.draftkings.com/lineup/getavailableplayerscsv?contestTypeId=9&draftGroupId=149344,149344,9,Selected largest-prize regular Classic MLB draft group after excluding Turbo/Night/qualifier/satellite/showdown/snake/single-stat slates.,RP,Joel Kuhnel (43321678),Joel Kuhnel,43321678,P,4000,MIL@ATL 06/19/2026 07:15PM ET,06/19/2026 07:15PM ET,MIL,ATL,away,1.90,669270,Joel Kuhnel,mapped,identity_name_team_map,Stable identity seed from old DK-ID map. Pilot join status: matched via normalized_name_team
2026-06-19,2026-06-19T16:19:46.381495+00:00,2026-06-19,DraftKings official lineup CSV,https://www.draftkings.com/lineup/getavailableplayerscsv?contestTypeId=9&draftGroupId=149344,149344,9,Selected largest-prize regular Classic MLB draft group after excluding Turbo/Night/qualifier/satellite/showdown/snake/single-stat slates.,RP,Carlos Rodriguez (43321684),Carlos Rodriguez,43321684,P,4000,MIL@ATL 06/19/2026 07:15PM ET,06/19/2026 07:15PM ET,MIL,ATL,away,5.15,692230,Carlos Rodriguez,mapped,identity_name_team_map,Stable identity seed from old DK-ID map. Pilot join status: matched via normalized_name_team
2026-06-19,2026-06-19T16:19:46.381495+00:00,2026-06-19,DraftKings official lineup CSV,https://www.draftkings.com/lineup/getavailableplayerscsv?contestTypeId=9&draftGroupId=149344,149344,9,Selected largest-prize regular Classic MLB draft group after excluding Turbo/Night/qualifier/satellite/showdown/snake/single-stat slates.,RP,Rob Zastryzny (43321690),Rob Zastryzny,43321690,P,4000,MIL@ATL 06/19/2026 07:15PM ET,06/19/2026 07:15PM ET,MIL,ATL,away,0,642239,Rob Zastryzny,mapped,identity_name_team_map,Stable identity seed from old DK-ID map. Pilot join status: matched_people_search_name via mlb_people_search_normalized_name
2026-06-19,2026-06-19T16:19:46.381495+00:00,2026-06-19,DraftKings official lineup CSV,https://www.draftkings.com/lineup/getavailableplayerscsv?contestTypeId=9&draftGroupId=149344,149344,9,Selected largest-prize regular Classic MLB draft group after excluding Turbo/Night/qualifier/satellite/showdown/snake/single-stat slates.,RP,Craig Yoho (43321702),Craig Yoho,43321702,P,4000,MIL@ATL 06/19/2026 07:15PM ET,06/19/2026 07:15PM ET,MIL,ATL,away,6.2,684974,Craig Yoho,mapped,identity_name_team_map,Stable identity seed from old DK-ID map. Pilot join status: matched via normalized_name_team
2026-06-19,2026-06-19T16:19:46.381495+00:00,2026-06-19,DraftKings official lineup CSV,https://www.draftkings.com/lineup/getavailableplayerscsv?contestTypeId=9&draftGroupId=149344,149344,9,Selected largest-prize regular Classic MLB draft group after excluding Turbo/Night/qualifier/satellite/showdown/snake/single-stat slates.,RP,Daysbel Hernandez (43321722),Daysbel Hernandez,43321722,P,4000,MIL@ATL 06/19/2026 07:15PM ET,06/19/2026 07:15PM ET,ATL,MIL,home,0,678226,Daysbel Hernández,mapped,identity_name_team_map,Stable identity seed from old DK-ID map. Pilot join status: matched_people_search_name via mlb_people_search_normalized_name
2026-06-19,2026-06-19T16:19:46.381495+00:00,2026-06-19,DraftKings official lineup CSV,https://www.draftkings.com/lineup/getavailableplayerscsv?contestTypeId=9&draftGroupId=149344,149344,9,Selected largest-prize regular Classic MLB draft group after excluding Turbo/Night/qualifier/satellite/showdown/snake/single-stat slates.,RP,Robert Suarez (43321731),Robert Suarez,43321731,P,4000,MIL@ATL 06/19/2026 07:15PM ET,06/19/2026 07:15PM ET,ATL,MIL,home,3.95,663158,Robert Suarez,mapped,identity_name_team_map,Stable identity seed from old DK-ID map. Pilot join status: matched via normalized_name_team
2026-06-19,2026-06-19T16:19:46.381495+00:00,2026-06-19,DraftKings official lineup CSV,https://www.draftkings.com/lineup/getavailableplayerscsv?contestTypeId=9&draftGroupId=149344,149344,9,Selected largest-prize regular Classic MLB draft group after excluding Turbo/Night/qualifier/satellite/showdown/snake/single-stat slates.,RP,Dylan Dodd (43321739),Dylan Dodd,43321739,P,4000,MIL@ATL 06/19/2026 07:15PM ET,06/19/2026 07:15PM ET,ATL,MIL,home,5,689266,Dylan Dodd,mapped,identity_name_team_map,Stable identity seed from old DK-ID map. Pilot join status: matched via normalized_name_team
2026-06-19,2026-06-19T16:19:46.381495+00:00,2026-06-19,DraftKings official lineup CSV,https://www.draftkings.com/lineup/getavailableplayerscsv?contestTypeId=9&draftGroupId=149344,149344,9,Selected largest-prize regular Classic MLB draft group after excluding Turbo/Night/qualifier/satellite/showdown/snake/single-stat slates.,RP,Raisel Iglesias (43321740),Raisel Iglesias,43321740,P,4000,MIL@ATL 06/19/2026 07:15PM ET,06/19/2026 07:15PM ET,ATL,MIL,home,3.94,628452,Raisel Iglesias,mapped,identity_name_team_map,Stable identity seed from old DK-ID map. Pilot join status: matched via normalized_name_team
2026-06-19,2026-06-19T16:19:46.381495+00:00,2026-06-19,DraftKings official lineup CSV,https://www.draftkings.com/lineup/getavailableplayerscsv?contestTypeId=9&draftGroupId=149344,149344,9,Selected largest-prize regular Classic MLB draft group after excluding Turbo/Night/qualifier/satellite/showdown/snake/single-stat slates.,RP,Anthony Molina (43321777),Anthony Molina,43321777,P,4000,MIL@ATL 06/19/2026 07:15PM ET,06/19/2026 07:15PM ET,ATL,MIL,home,1.68,683627,Anthony Molina,mapped,identity_name_team_map,Stable identity seed from old DK-ID map. Pilot join status: matched via normalized_name_team
2026-06-19,2026-06-19T16:19:46.381495+00:00,2026-06-19,DraftKings official lineup CSV,https://www.draftkings.com/lineup/getavailableplayerscsv?contestTypeId=9&draftGroupId=149344,149344,9,Selected largest-prize regular Classic MLB draft group after excluding Turbo/Night/qualifier/satellite/showdown/snake/single-stat slates.,RP,Angel Zerpa (43321783),Angel Zerpa,43321783,P,4000,MIL@ATL 06/19/2026 07:15PM ET,06/19/2026 07:15PM ET,MIL,ATL,away,1.11,672582,Angel Zerpa,mapped,identity_name_team_map,Stable identity seed from old DK-ID map. Pilot join status: matched via normalized_name_team
2026-06-19,2026-06-19T16:19:46.381495+00:00,2026-06-19,DraftKings official lineup CSV,https://www.draftkings.com/lineup/getavailableplayerscsv?contestTypeId=9&draftGroupId=149344,149344,9,Selected largest-prize regular Classic MLB draft group after excluding Turbo/Night/qualifier/satellite/showdown/snake/single-stat slates.,RP,Danny Young (43321784),Danny Young,43321784,P,4000,MIL@ATL 06/19/2026 07:15PM ET,06/19/2026 07:15PM ET,ATL,MIL,home,0,664849,Danny Young,mapped,identity_name_team_map,"Stable identity seed from old DK-ID map. Resolved name collision: selected active current-era Danny Young, not historical MLBAM 277415."
2026-06-19,2026-06-19T16:19:46.381495+00:00,2026-06-19,DraftKings official lineup CSV,https://www.draftkings.com/lineup/getavailableplayerscsv?contestTypeId=9&draftGroupId=149344,149344,9,Selected largest-prize regular Classic MLB draft group after excluding Turbo/Night/qualifier/satellite/showdown/snake/single-stat slates.,RP,Grant Anderson (43321786),Grant Anderson,43321786,P,4000,MIL@ATL 06/19/2026 07:15PM ET,06/19/2026 07:15PM ET,MIL,ATL,away,2.78,681982,Grant Anderson,mapped,identity_name_team_map,Stable identity seed from old DK-ID map. Pilot join status: matched via normalized_name_team
2026-06-19,2026-06-19T16:19:46.381495+00:00,2026-06-19,DraftKings official lineup CSV,https://www.draftkings.com/lineup/getavailableplayerscsv?contestTypeId=9&draftGroupId=149344,149344,9,Selected largest-prize regular Classic MLB draft group after excluding Turbo/Night/qualifier/satellite/showdown/snake/single-stat slates.,RP,Drew Rom (43321797),Drew Rom,43321797,P,4000,MIL@ATL 06/19/2026 07:15PM ET,06/19/2026 07:15PM ET,MIL,ATL,away,5.5,680723,Drew Rom,mapped,identity_name_team_map,Stable identity seed from old DK-ID map. Pilot join status: matched via normalized_name_team
2026-06-19,2026-06-19T16:19:46.381495+00:00,2026-06-19,DraftKings official lineup CSV,https://www.draftkings.com/lineup/getavailableplayerscsv?contestTypeId=9&draftGroupId=149344,149344,9,Selected largest-prize regular Classic MLB draft group after excluding Turbo/Night/qualifier/satellite/showdown/snake/single-stat slates.,RP,Aaron Ashby (43321798),Aaron Ashby,43321798,P,4000,MIL@ATL 06/19/2026 07:15PM ET,06/19/2026 07:15PM ET,MIL,ATL,away,5.92,676879,Aaron Ashby,mapped,identity_name_team_map,Stable identity seed from old DK-ID map. Pilot join status: matched via normalized_name_team
2026-06-19,2026-06-19T16:19:46.381495+00:00,2026-06-19,DraftKings official lineup CSV,https://www.draftkings.com/lineup/getavailableplayerscsv?contestTypeId=9&draftGroupId=149344,149344,9,Selected largest-prize regular Classic MLB draft group after excluding Turbo/Night/qualifier/satellite/showdown/snake/single-stat slates.,RP,Abner Uribe (43321799),Abner Uribe,43321799,P,4000,MIL@ATL 06/19/2026 07:15PM ET,06/19/2026 07:15PM ET,MIL,ATL,away,3.30,682842,Abner Uribe,mapped,identity_name_team_map,Stable identity seed from old DK-ID map. Pilot join status: matched via normalized_name_team
2026-06-19,2026-06-19T16:19:46.381495+00:00,2026-06-19,DraftKings official lineup CSV,https://www.draftkings.com/lineup/getavailableplayerscsv?contestTypeId=9&draftGroupId=149344,149344,9,Selected largest-prize regular Classic MLB draft group after excluding Turbo/Night/qualifier/satellite/showdown/snake/single-stat slates.,RP,Trevor Megill (43321803),Trevor Megill,43321803,P,4000,MIL@ATL 06/19/2026 07:15PM ET,06/19/2026 07:15PM ET,MIL,ATL,away,3.43,656730,Trevor Megill,mapped,identity_name_team_map,Stable identity seed from old DK-ID map. Pilot join status: matched via normalized_name_team
2026-06-19,2026-06-19T16:19:46.381495+00:00,2026-06-19,DraftKings official lineup CSV,https://www.draftkings.com/lineup/getavailableplayerscsv?contestTypeId=9&draftGroupId=149344,149344,9,Selected largest-prize regular Classic MLB draft group after excluding Turbo/Night/qualifier/satellite/showdown/snake/single-stat slates.,RP,Jared Koenig (43321805),Jared Koenig,43321805,P,4000,MIL@ATL 06/19/2026 07:15PM ET,06/19/2026 07:15PM ET,MIL,ATL,away,3.42,657649,Jared Koenig,mapped,identity_name_team_map,Stable identity seed from old DK-ID map. Pilot join status: matched via normalized_name_team
2026-06-19,2026-06-19T16:19:46.381495+00:00,2026-06-19,DraftKings official lineup CSV,https://www.draftkings.com/lineup/getavailableplayerscsv?contestTypeId=9&draftGroupId=149344,149344,9,Selected largest-prize regular Classic MLB draft group after excluding Turbo/Night/qualifier/satellite/showdown/snake/single-stat slates.,RP,Hayden Harris (43321806),Hayden Harris,43321806,P,4000,MIL@ATL 06/19/2026 07:15PM ET,06/19/2026 07:15PM ET,ATL,MIL,home,0,802686,Hayden Harris,mapped,identity_name_team_map,Stable identity seed from old DK-ID map. Pilot join status: matched_people_search_name via mlb_people_search_normalized_name
2026-06-19,2026-06-19T16:19:46.381495+00:00,2026-06-19,DraftKings official lineup CSV,https://www.draftkings.com/lineup/getavailableplayerscsv?contestTypeId=9&draftGroupId=149344,149344,9,Selected largest-prize regular Classic MLB draft group after excluding Turbo/Night/qualifier/satellite/showdown/snake/single-stat slates.,RP,Easton McGee (43321810),Easton McGee,43321810,P,4000,MIL@ATL 06/19/2026 07:15PM ET,06/19/2026 07:15PM ET,MIL,ATL,away,2.65,668834,Easton McGee,mapped,identity_name_team_map,Stable identity seed from old DK-ID map. Pilot join status: matched via normalized_name_team
2026-06-19,2026-06-19T16:19:46.381495+00:00,2026-06-19,DraftKings official lineup CSV,https://www.draftkings.com/lineup/getavailableplayerscsv?contestTypeId=9&draftGroupId=149344,149344,9,Selected largest-prize regular Classic MLB draft group after excluding Turbo/Night/qualifier/satellite/showdown/snake/single-stat slates.,RP,Dylan Lee (43321825),Dylan Lee,43321825,P,4000,MIL@ATL 06/19/2026 07:15PM ET,06/19/2026 07:15PM ET,ATL,MIL,home,4.22,669276,Dylan Lee,mapped,identity_name_team_map,Stable identity seed from old DK-ID map. Pilot join status: matched via normalized_name_team
2026-06-19,2026-06-19T16:19:46.381495+00:00,2026-06-19,DraftKings official lineup CSV,https://www.draftkings.com/lineup/getavailableplayerscsv?contestTypeId=9&draftGroupId=149344,149344,9,Selected largest-prize regular Classic MLB draft group after excluding Turbo/Night/qualifier/satellite/showdown/snake/single-stat slates.,RP,Austin Pope (43321844),Austin Pope,43321844,P,4000,MIL@ATL 06/19/2026 07:15PM ET,06/19/2026 07:15PM ET,ATL,MIL,home,0,687166,Austin Pope,mapped,identity_name_team_map,Stable identity seed from old DK-ID map. Pilot join status: matched_people_search_name via mlb_people_search_normalized_name
2026-06-19,2026-06-19T16:19:46.381495+00:00,2026-06-19,DraftKings official lineup CSV,https://www.draftkings.com/lineup/getavailableplayerscsv?contestTypeId=9&draftGroupId=149344,149344,9,Selected largest-prize regular Classic MLB draft group after excluding Turbo/Night/qualifier/satellite/showdown/snake/single-stat slates.,SP,Winston Santos (43321532),Winston Santos,43321532,P,4000,SD@TEX 06/19/2026 08:05PM ET,06/19/2026 08:05PM ET,TEX,SD,home,0,692437,Winston Santos,mapped,identity_name_team_map,Stable identity seed from old DK-ID map. Pilot join status: matched_people_search_name via mlb_people_search_normalized_name
2026-06-19,2026-06-19T16:19:46.381495+00:00,2026-06-19,DraftKings official lineup CSV,https://www.draftkings.com/lineup/getavailableplayerscsv?contestTypeId=9&draftGroupId=149344,149344,9,Selected largest-prize regular Classic MLB draft group after excluding Turbo/Night/qualifier/satellite/showdown/snake/single-stat slates.,SP,David Davalillo (43321534),David Davalillo,43321534,P,4000,SD@TEX 06/19/2026 08:05PM ET,06/19/2026 08:05PM ET,TEX,SD,home,0,699314,David Davalillo,mapped,identity_name_team_map,Stable identity seed from old DK-ID map. Pilot join status: matched_people_search_name via mlb_people_search_normalized_name
2026-06-19,2026-06-19T16:19:46.381495+00:00,2026-06-19,DraftKings official lineup CSV,https://www.draftkings.com/lineup/getavailableplayerscsv?contestTypeId=9&draftGroupId=149344,149344,9,Selected largest-prize regular Classic MLB draft group after excluding Turbo/Night/qualifier/satellite/showdown/snake/single-stat slates.,RP,Garrett Hawkins (43321539),Garrett Hawkins,43321539,P,4000,SD@TEX 06/19/2026 08:05PM ET,06/19/2026 08:05PM ET,SD,TEX,away,0,678184,Garrett Hawkins,mapped,identity_name_team_map,Stable identity seed from old DK-ID map. Pilot join status: matched_people_search_name via mlb_people_search_normalized_name
2026-06-19,2026-06-19T16:19:46.381495+00:00,2026-06-19,DraftKings official lineup CSV,https://www.draftkings.com/lineup/getavailableplayerscsv?contestTypeId=9&draftGroupId=149344,149344,9,Selected largest-prize regular Classic MLB draft group after excluding Turbo/Night/qualifier/satellite/showdown/snake/single-stat slates.,SP,Miguel Mendez (43321541),Miguel Mendez,43321541,P,4000,SD@TEX 06/19/2026 08:05PM ET,06/19/2026 08:05PM ET,SD,TEX,away,0,700280,Miguel Mendez,mapped,identity_name_team_map,Stable identity seed from old DK-ID map. Pilot join status: matched_people_search_name via mlb_people_search_normalized_name
2026-06-19,2026-06-19T16:19:46.381495+00:00,2026-06-19,DraftKings official lineup CSV,https://www.draftkings.com/lineup/getavailableplayerscsv?contestTypeId=9&draftGroupId=149344,149344,9,Selected largest-prize regular Classic MLB draft group after excluding Turbo/Night/qualifier/satellite/showdown/snake/single-stat slates.,SP,Emiliano Teodo (43321543),Emiliano Teodo,43321543,P,4000,SD@TEX 06/19/2026 08:05PM ET,06/19/2026 08:05PM ET,TEX,SD,home,0,693713,Emiliano Teodo,mapped,identity_name_team_map,Stable identity seed from old DK-ID map. Pilot join status: matched_people_search_name via mlb_people_search_normalized_name
2026-06-19,2026-06-19T16:19:46.381495+00:00,2026-06-19,DraftKings official lineup CSV,https://www.draftkings.com/lineup/getavailableplayerscsv?contestTypeId=9&draftGroupId=149344,149344,9,Selected largest-prize regular Classic MLB draft group after excluding Turbo/Night/qualifier/satellite/showdown/snake/single-stat slates.,SP,Leandro Lopez (43321558),Leandro Lopez,43321558,P,4000,SD@TEX 06/19/2026 08:05PM ET,06/19/2026 08:05PM ET,TEX,SD,home,0,699214,Leandro Lopez,mapped,identity_name_team_map,Stable identity seed from old DK-ID map. Pilot join status: matched_people_search_name via mlb_people_search_normalized_name
2026-06-19,2026-06-19T16:19:46.381495+00:00,2026-06-19,DraftKings official lineup CSV,https://www.draftkings.com/lineup/getavailableplayerscsv?contestTypeId=9&draftGroupId=149344,149344,9,Selected largest-prize regular Classic MLB draft group after excluding Turbo/Night/qualifier/satellite/showdown/snake/single-stat slates.,SP,Jose Corniell (43321565),Jose Corniell,43321565,P,4000,SD@TEX 06/19/2026 08:05PM ET,06/19/2026 08:05PM ET,TEX,SD,home,0,692030,Jose Corniell,mapped,identity_name_team_map,Stable identity seed from old DK-ID map. Pilot join status: matched_people_search_name via mlb_people_search_normalized_name
2026-06-19,2026-06-19T16:19:46.381495+00:00,2026-06-19,DraftKings official lineup CSV,https://www.draftkings.com/lineup/getavailableplayerscsv?contestTypeId=9&draftGroupId=149344,149344,9,Selected largest-prize regular Classic MLB draft group after excluding Turbo/Night/qualifier/satellite/showdown/snake/single-stat slates.,RP,Mason Miller (43321570),Mason Miller,43321570,P,4000,SD@TEX 06/19/2026 08:05PM ET,06/19/2026 08:05PM ET,SD,TEX,away,5.83,695243,Mason Miller,mapped,identity_name_team_map,Stable identity seed from old DK-ID map. Pilot join status: matched via normalized_name_team
2026-06-19,2026-06-19T16:19:46.381495+00:00,2026-06-19,DraftKings official lineup CSV,https://www.draftkings.com/lineup/getavailableplayerscsv?contestTypeId=9&draftGroupId=149344,149344,9,Selected largest-prize regular Classic MLB draft group after excluding Turbo/Night/qualifier/satellite/showdown/snake/single-stat slates.,RP,Tyler Alexander (43321572),Tyler Alexander,43321572,P,4000,SD@TEX 06/19/2026 08:05PM ET,06/19/2026 08:05PM ET,TEX,SD,home,2.35,641302,Tyler Alexander,mapped,identity_name_team_map,Stable identity seed from old DK-ID map. Pilot join status: matched via normalized_name_team
2026-06-19,2026-06-19T16:19:46.381495+00:00,2026-06-19,DraftKings official lineup CSV,https://www.draftkings.com/lineup/getavailableplayerscsv?contestTypeId=9&draftGroupId=149344,149344,9,Selected largest-prize regular Classic MLB draft group after excluding Turbo/Night/qualifier/satellite/showdown/snake/single-stat slates.,RP,Jason Adam (43321591),Jason Adam,43321591,P,4000,SD@TEX 06/19/2026 08:05PM ET,06/19/2026 08:05PM ET,SD,TEX,away,2.36,592094,Jason Adam,mapped,identity_name_team_map,Stable identity seed from old DK-ID map. Pilot join status: matched via normalized_name_team
2026-06-19,2026-06-19T16:19:46.381495+00:00,2026-06-19,DraftKings official lineup CSV,https://www.draftkings.com/lineup/getavailableplayerscsv?contestTypeId=9&draftGroupId=149344,149344,9,Selected largest-prize regular Classic MLB draft group after excluding Turbo/Night/qualifier/satellite/showdown/snake/single-stat slates.,RP,Cole Winn (43321593),Cole Winn,43321593,P,4000,SD@TEX 06/19/2026 08:05PM ET,06/19/2026 08:05PM ET,TEX,SD,home,2.43,668390,Cole Winn,mapped,identity_name_team_map,Stable identity seed from old DK-ID map. Pilot join status: matched via normalized_name_team
2026-06-19,2026-06-19T16:19:46.381495+00:00,2026-06-19,DraftKings official lineup CSV,https://www.draftkings.com/lineup/getavailableplayerscsv?contestTypeId=9&draftGroupId=149344,149344,9,Selected largest-prize regular Classic MLB draft group after excluding Turbo/Night/qualifier/satellite/showdown/snake/single-stat slates.,RP,Robert Garcia (43321597),Robert Garcia,43321597,P,4000,SD@TEX 06/19/2026 08:05PM ET,06/19/2026 08:05PM ET,TEX,SD,home,1.87,676395,Robert Garcia,mapped,identity_name_team_map,Stable identity seed from old DK-ID map. Pilot join status: matched via normalized_name_team
2026-06-19,2026-06-19T16:19:46.381495+00:00,2026-06-19,DraftKings official lineup CSV,https://www.draftkings.com/lineup/getavailableplayerscsv?contestTypeId=9&draftGroupId=149344,149344,9,Selected largest-prize regular Classic MLB draft group after excluding Turbo/Night/qualifier/satellite/showdown/snake/single-stat slates.,RP,Gavin Collyer (43321611),Gavin Collyer,43321611,P,4000,SD@TEX 06/19/2026 08:05PM ET,06/19/2026 08:05PM ET,TEX,SD,home,2.27,686560,Gavin Collyer,mapped,identity_name_team_map,Stable identity seed from old DK-ID map. Pilot join status: matched via normalized_name_team
2026-06-19,2026-06-19T16:19:46.381495+00:00,2026-06-19,DraftKings official lineup CSV,https://www.draftkings.com/lineup/getavailableplayerscsv?contestTypeId=9&draftGroupId=149344,149344,9,Selected largest-prize regular Classic MLB draft group after excluding Turbo/Night/qualifier/satellite/showdown/snake/single-stat slates.,RP,Jalen Beeks (43321630),Jalen Beeks,43321630,P,4000,SD@TEX 06/19/2026 08:05PM ET,06/19/2026 08:05PM ET,TEX,SD,home,2.24,656222,Jalen Beeks,mapped,identity_name_team_map,Stable identity seed from old DK-ID map. Pilot join status: matched via normalized_name_team
2026-06-19,2026-06-19T16:19:46.381495+00:00,2026-06-19,DraftKings official lineup CSV,https://www.draftkings.com/lineup/getavailableplayerscsv?contestTypeId=9&draftGroupId=149344,149344,9,Selected largest-prize regular Classic MLB draft group after excluding Turbo/Night/qualifier/satellite/showdown/snake/single-stat slates.,RP,David Morgan (43321660),David Morgan,43321660,P,4000,SD@TEX 06/19/2026 08:05PM ET,06/19/2026 08:05PM ET,SD,TEX,away,3.98,688158,David Morgan,mapped,identity_name_team_map,Stable identity seed from old DK-ID map. Pilot join status: matched via normalized_name_team
2026-06-19,2026-06-19T16:19:46.381495+00:00,2026-06-19,DraftKings official lineup CSV,https://www.draftkings.com/lineup/getavailableplayerscsv?contestTypeId=9&draftGroupId=149344,149344,9,Selected largest-prize regular Classic MLB draft group after excluding Turbo/Night/qualifier/satellite/showdown/snake/single-stat slates.,RP,Bryan Hoeing (43321667),Bryan Hoeing,43321667,P,4000,SD@TEX 06/19/2026 08:05PM ET,06/19/2026 08:05PM ET,SD,TEX,away,0,663773,Bryan Hoeing,mapped,identity_name_team_map,Stable identity seed from old DK-ID map. Pilot join status: matched_people_search_name via mlb_people_search_normalized_name
2026-06-19,2026-06-19T16:19:46.381495+00:00,2026-06-19,DraftKings official lineup CSV,https://www.draftkings.com/lineup/getavailableplayerscsv?contestTypeId=9&draftGroupId=149344,149344,9,Selected largest-prize regular Classic MLB draft group after excluding Turbo/Night/qualifier/satellite/showdown/snake/single-stat slates.,RP,Carter Baumler (43321685),Carter Baumler,43321685,P,4000,SD@TEX 06/19/2026 08:05PM ET,06/19/2026 08:05PM ET,TEX,SD,home,3.54,691945,Carter Baumler,mapped,identity_name_team_map,Stable identity seed from old DK-ID map. Pilot join status: matched via normalized_name_team
2026-06-19,2026-06-19T16:19:46.381495+00:00,2026-06-19,DraftKings official lineup CSV,https://www.draftkings.com/lineup/getavailableplayerscsv?contestTypeId=9&draftGroupId=149344,149344,9,Selected largest-prize regular Classic MLB draft group after excluding Turbo/Night/qualifier/satellite/showdown/snake/single-stat slates.,RP,Robby Ahlstrom (43321687),Robby Ahlstrom,43321687,P,4000,SD@TEX 06/19/2026 08:05PM ET,06/19/2026 08:05PM ET,TEX,SD,home,2.82,695239,Robby Ahlstrom,mapped,identity_name_team_map,Stable identity seed from old DK-ID map. Pilot join status: matched via normalized_name_team
2026-06-19,2026-06-19T16:19:46.381495+00:00,2026-06-19,DraftKings official lineup CSV,https://www.draftkings.com/lineup/getavailableplayerscsv?contestTypeId=9&draftGroupId=149344,149344,9,Selected largest-prize regular Classic MLB draft group after excluding Turbo/Night/qualifier/satellite/showdown/snake/single-stat slates.,RP,Joe Ross (43321693),Joe Ross,43321693,P,4000,SD@TEX 06/19/2026 08:05PM ET,06/19/2026 08:05PM ET,TEX,SD,home,-0.44,,,needs_review_new_player,identity_name_team_map,No reviewed normalized-name/team identity alias; do not auto-guess.
2026-06-19,2026-06-19T16:19:46.381495+00:00,2026-06-19,DraftKings official lineup CSV,https://www.draftkings.com/lineup/getavailableplayerscsv?contestTypeId=9&draftGroupId=149344,149344,9,Selected largest-prize regular Classic MLB draft group after excluding Turbo/Night/qualifier/satellite/showdown/snake/single-stat slates.,RP,Ron Marinaccio (43321718),Ron Marinaccio,43321718,P,4000,SD@TEX 06/19/2026 08:05PM ET,06/19/2026 08:05PM ET,SD,TEX,away,3.63,676760,Ron Marinaccio,mapped,identity_name_team_map,Stable identity seed from old DK-ID map. Pilot join status: matched via normalized_name_team
2026-06-19,2026-06-19T16:19:46.381495+00:00,2026-06-19,DraftKings official lineup CSV,https://www.draftkings.com/lineup/getavailableplayerscsv?contestTypeId=9&draftGroupId=149344,149344,9,Selected largest-prize regular Classic MLB draft group after excluding Turbo/Night/qualifier/satellite/showdown/snake/single-stat slates.,RP,Jakob Junis (43321719),Jakob Junis,43321719,P,4000,SD@TEX 06/19/2026 08:05PM ET,06/19/2026 08:05PM ET,TEX,SD,home,3.35,596001,Jakob Junis,mapped,identity_name_team_map,Stable identity seed from old DK-ID map. Pilot join status: matched via normalized_name_team
2026-06-19,2026-06-19T16:19:46.381495+00:00,2026-06-19,DraftKings official lineup CSV,https://www.draftkings.com/lineup/getavailableplayerscsv?contestTypeId=9&draftGroupId=149344,149344,9,Selected largest-prize regular Classic MLB draft group after excluding Turbo/Night/qualifier/satellite/showdown/snake/single-stat slates.,RP,Peyton Gray (43321733),Peyton Gray,43321733,P,4000,SD@TEX 06/19/2026 08:05PM ET,06/19/2026 08:05PM ET,TEX,SD,home,4.08,682608,Peyton Gray,mapped,identity_name_team_map,Stable identity seed from old DK-ID map. Pilot join status: matched via normalized_name_team
2026-06-19,2026-06-19T16:19:46.381495+00:00,2026-06-19,DraftKings official lineup CSV,https://www.draftkings.com/lineup/getavailableplayerscsv?contestTypeId=9&draftGroupId=149344,149344,9,Selected largest-prize regular Classic MLB draft group after excluding Turbo/Night/qualifier/satellite/showdown/snake/single-stat slates.,RP,Luis Curvelo (43321747),Luis Curvelo,43321747,P,4000,SD@TEX 06/19/2026 08:05PM ET,06/19/2026 08:05PM ET,TEX,SD,home,0.39,681168,Luis Curvelo,mapped,identity_name_team_map,Stable identity seed from old DK-ID map. Pilot join status: matched via normalized_name_team
2026-06-19,2026-06-19T16:19:46.381495+00:00,2026-06-19,DraftKings official lineup CSV,https://www.draftkings.com/lineup/getavailableplayerscsv?contestTypeId=9&draftGroupId=149344,149344,9,Selected largest-prize regular Classic MLB draft group after excluding Turbo/Night/qualifier/satellite/showdown/snake/single-stat slates.,RP,Jeremiah Estrada (43321755),Jeremiah Estrada,43321755,P,4000,SD@TEX 06/19/2026 08:05PM ET,06/19/2026 08:05PM ET,SD,TEX,away,3.37,669093,Jeremiah Estrada,mapped,identity_name_team_map,Stable identity seed from old DK-ID map. Pilot join status: matched via normalized_name_team
2026-06-19,2026-06-19T16:19:46.381495+00:00,2026-06-19,DraftKings official lineup CSV,https://www.draftkings.com/lineup/getavailableplayerscsv?contestTypeId=9&draftGroupId=149344,149344,9,Selected largest-prize regular Classic MLB draft group after excluding Turbo/Night/qualifier/satellite/showdown/snake/single-stat slates.,RP,Adrian Morejon (43321763),Adrian Morejon,43321763,P,4000,SD@TEX 06/19/2026 08:05PM ET,06/19/2026 08:05PM ET,SD,TEX,away,3.80,670970,Adrian Morejon,mapped,identity_name_team_map,Stable identity seed from old DK-ID map. Pilot join status: matched via normalized_name_team
2026-06-19,2026-06-19T16:19:46.381495+00:00,2026-06-19,DraftKings official lineup CSV,https://www.draftkings.com/lineup/getavailableplayerscsv?contestTypeId=9&draftGroupId=149344,149344,9,Selected largest-prize regular Classic MLB draft group after excluding Turbo/Night/qualifier/satellite/showdown/snake/single-stat slates.,RP,Wandy Peralta (43321771),Wandy Peralta,43321771,P,4000,SD@TEX 06/19/2026 08:05PM ET,06/19/2026 08:05PM ET,SD,TEX,away,2.82,593974,Wandy Peralta,mapped,identity_name_team_map,Stable identity seed from old DK-ID map. Pilot join status: matched via normalized_name_team
2026-06-19,2026-06-19T16:19:46.381495+00:00,2026-06-19,DraftKings official lineup CSV,https://www.draftkings.com/lineup/getavailableplayerscsv?contestTypeId=9&draftGroupId=149344,149344,9,Selected largest-prize regular Classic MLB draft group after excluding Turbo/Night/qualifier/satellite/showdown/snake/single-stat slates.,RP,Bradgley Rodriguez (43321776),Bradgley Rodriguez,43321776,P,4000,SD@TEX 06/19/2026 08:05PM ET,06/19/2026 08:05PM ET,SD,TEX,away,3.38,699134,Bradgley Rodriguez,mapped,identity_name_team_map,Stable identity seed from old DK-ID map. Pilot join status: matched via normalized_name_team
2026-06-19,2026-06-19T16:19:46.381495+00:00,2026-06-19,DraftKings official lineup CSV,https://www.draftkings.com/lineup/getavailableplayerscsv?contestTypeId=9&draftGroupId=149344,149344,9,Selected largest-prize regular Classic MLB draft group after excluding Turbo/Night/qualifier/satellite/showdown/snake/single-stat slates.,RP,Alek Jacob (43321809),Alek Jacob,43321809,P,4000,SD@TEX 06/19/2026 08:05PM ET,06/19/2026 08:05PM ET,SD,TEX,away,3.45,689690,Alek Jacob,mapped,identity_name_team_map,Stable identity seed from old DK-ID map. Pilot join status: matched via normalized_name_team
2026-06-19,2026-06-19T16:19:46.381495+00:00,2026-06-19,DraftKings official lineup CSV,https://www.draftkings.com/lineup/getavailableplayerscsv?contestTypeId=9&draftGroupId=149344,149344,9,Selected largest-prize regular Classic MLB draft group after excluding Turbo/Night/qualifier/satellite/showdown/snake/single-stat slates.,RP,Yuki Matsui (43321819),Yuki Matsui,43321819,P,4000,SD@TEX 06/19/2026 08:05PM ET,06/19/2026 08:05PM ET,SD,TEX,away,5.05,673513,Yuki Matsui,mapped,identity_name_team_map,Stable identity seed from old DK-ID map. Pilot join status: matched via normalized_name_team
2026-06-19,2026-06-19T16:19:46.381495+00:00,2026-06-19,DraftKings official lineup CSV,https://www.draftkings.com/lineup/getavailableplayerscsv?contestTypeId=9&draftGroupId=149344,149344,9,Selected largest-prize regular Classic MLB draft group after excluding Turbo/Night/qualifier/satellite/showdown/snake/single-stat slates.,RP,Chris Martin (43321827),Chris Martin,43321827,P,4000,SD@TEX 06/19/2026 08:05PM ET,06/19/2026 08:05PM ET,TEX,SD,home,0.89,455119,Chris Martin,mapped,identity_name_team_map,Stable identity seed from old DK-ID map. Pilot join status: matched via normalized_name_team
2026-06-19,2026-06-19T16:19:46.381495+00:00,2026-06-19,DraftKings official lineup CSV,https://www.draftkings.com/lineup/getavailableplayerscsv?contestTypeId=9&draftGroupId=149344,149344,9,Selected largest-prize regular Classic MLB draft group after excluding Turbo/Night/qualifier/satellite/showdown/snake/single-stat slates.,RP,Alex Cook (43321527),Alex Cook,43321527,P,4000,WSH@TB 06/19/2026 07:10PM ET,06/19/2026 07:10PM ET,TB,WSH,home,0,,,needs_review_new_player,identity_name_team_map,No reviewed normalized-name/team identity alias; do not auto-guess.
2026-06-19,2026-06-19T16:19:46.381495+00:00,2026-06-19,DraftKings official lineup CSV,https://www.draftkings.com/lineup/getavailableplayerscsv?contestTypeId=9&draftGroupId=149344,149344,9,Selected largest-prize regular Classic MLB draft group after excluding Turbo/Night/qualifier/satellite/showdown/snake/single-stat slates.,RP,Michael Grove (43321540),Michael Grove,43321540,P,4000,WSH@TB 06/19/2026 07:10PM ET,06/19/2026 07:10PM ET,TB,WSH,home,0,,,needs_review_new_player,identity_name_team_map,No reviewed normalized-name/team identity alias; do not auto-guess.
2026-06-19,2026-06-19T16:19:46.381495+00:00,2026-06-19,DraftKings official lineup CSV,https://www.draftkings.com/lineup/getavailableplayerscsv?contestTypeId=9&draftGroupId=149344,149344,9,Selected largest-prize regular Classic MLB draft group after excluding Turbo/Night/qualifier/satellite/showdown/snake/single-stat slates.,RP,Jhancarlos Lara (43321554),Jhancarlos Lara,43321554,P,4000,WSH@TB 06/19/2026 07:10PM ET,06/19/2026 07:10PM ET,WSH,TB,away,0,702910,Jhancarlos Lara,needs_review_team_change,identity_name_unique_mlbam,Name maps to one reviewed MLBAM identity but not this DK team; review as team-change/new alias before trusting automation.
2026-06-19,2026-06-19T16:19:46.381495+00:00,2026-06-19,DraftKings official lineup CSV,https://www.draftkings.com/lineup/getavailableplayerscsv?contestTypeId=9&draftGroupId=149344,149344,9,Selected largest-prize regular Classic MLB draft group after excluding Turbo/Night/qualifier/satellite/showdown/snake/single-stat slates.,RP,Jon Heasley (43321555),Jon Heasley,43321555,P,4000,WSH@TB 06/19/2026 07:10PM ET,06/19/2026 07:10PM ET,TB,WSH,home,-1.8,,,needs_review_new_player,identity_name_team_map,No reviewed normalized-name/team identity alias; do not auto-guess.
2026-06-19,2026-06-19T16:19:46.381495+00:00,2026-06-19,DraftKings official lineup CSV,https://www.draftkings.com/lineup/getavailableplayerscsv?contestTypeId=9&draftGroupId=149344,149344,9,Selected largest-prize regular Classic MLB draft group after excluding Turbo/Night/qualifier/satellite/showdown/snake/single-stat slates.,RP,Steven Wilson (43321564),Steven Wilson,43321564,P,4000,WSH@TB 06/19/2026 07:10PM ET,06/19/2026 07:10PM ET,TB,WSH,home,0,,,needs_review_new_player,identity_name_team_map,No reviewed normalized-name/team identity alias; do not auto-guess.
2026-06-19,2026-06-19T16:19:46.381495+00:00,2026-06-19,DraftKings official lineup CSV,https://www.draftkings.com/lineup/getavailableplayerscsv?contestTypeId=9&draftGroupId=149344,149344,9,Selected largest-prize regular Classic MLB draft group after excluding Turbo/Night/qualifier/satellite/showdown/snake/single-stat slates.,RP,Trevor Martin (43321575),Trevor Martin,43321575,P,4000,WSH@TB 06/19/2026 07:10PM ET,06/19/2026 07:10PM ET,TB,WSH,home,2.77,,,needs_review_new_player,identity_name_team_map,No reviewed normalized-name/team identity alias; do not auto-guess.
2026-06-19,2026-06-19T16:19:46.381495+00:00,2026-06-19,DraftKings official lineup CSV,https://www.draftkings.com/lineup/getavailableplayerscsv?contestTypeId=9&draftGroupId=149344,149344,9,Selected largest-prize regular Classic MLB draft group after excluding Turbo/Night/qualifier/satellite/showdown/snake/single-stat slates.,RP,Bryan Baker (43321578),Bryan Baker,43321578,P,4000,WSH@TB 06/19/2026 07:10PM ET,06/19/2026 07:10PM ET,TB,WSH,home,3.43,,,needs_review_new_player,identity_name_team_map,No reviewed normalized-name/team identity alias; do not auto-guess.
2026-06-19,2026-06-19T16:19:46.381495+00:00,2026-06-19,DraftKings official lineup CSV,https://www.draftkings.com/lineup/getavailableplayerscsv?contestTypeId=9&draftGroupId=149344,149344,9,Selected largest-prize regular Classic MLB draft group after excluding Turbo/Night/qualifier/satellite/showdown/snake/single-stat slates.,RP,Casey Legumina (43321581),Casey Legumina,43321581,P,4000,WSH@TB 06/19/2026 07:10PM ET,06/19/2026 07:10PM ET,TB,WSH,home,3.04,,,needs_review_new_player,identity_name_team_map,No reviewed normalized-name/team identity alias; do not auto-guess.
2026-06-19,2026-06-19T16:19:46.381495+00:00,2026-06-19,DraftKings official lineup CSV,https://www.draftkings.com/lineup/getavailableplayerscsv?contestTypeId=9&draftGroupId=149344,149344,9,Selected largest-prize regular Classic MLB draft group after excluding Turbo/Night/qualifier/satellite/showdown/snake/single-stat slates.,RP,Cam Booser (43321592),Cam Booser,43321592,P,4000,WSH@TB 06/19/2026 07:10PM ET,06/19/2026 07:10PM ET,TB,WSH,home,5.36,,,needs_review_new_player,identity_name_team_map,No reviewed normalized-name/team identity alias; do not auto-guess.
2026-06-19,2026-06-19T16:19:46.381495+00:00,2026-06-19,DraftKings official lineup CSV,https://www.draftkings.com/lineup/getavailableplayerscsv?contestTypeId=9&draftGroupId=149344,149344,9,Selected largest-prize regular Classic MLB draft group after excluding Turbo/Night/qualifier/satellite/showdown/snake/single-stat slates.,RP,Manuel Rodriguez (43321599),Manuel Rodriguez,43321599,P,4000,WSH@TB 06/19/2026 07:10PM ET,06/19/2026 07:10PM ET,TB,WSH,home,0,,,needs_review_new_player,identity_name_team_map,No reviewed normalized-name/team identity alias; do not auto-guess.
2026-06-19,2026-06-19T16:19:46.381495+00:00,2026-06-19,DraftKings official lineup CSV,https://www.draftkings.com/lineup/getavailableplayerscsv?contestTypeId=9&draftGroupId=149344,149344,9,Selected largest-prize regular Classic MLB draft group after excluding Turbo/Night/qualifier/satellite/showdown/snake/single-stat slates.,RP,Clayton Beeter (43321635),Clayton Beeter,43321635,P,4000,WSH@TB 06/19/2026 07:10PM ET,06/19/2026 07:10PM ET,WSH,TB,away,3.46,690925,Clayton Beeter,mapped,identity_name_team_map,Stable identity seed from old DK-ID map. Pilot join status: matched via normalized_name_team
2026-06-19,2026-06-19T16:19:46.381495+00:00,2026-06-19,DraftKings official lineup CSV,https://www.draftkings.com/lineup/getavailableplayerscsv?contestTypeId=9&draftGroupId=149344,149344,9,Selected largest-prize regular Classic MLB draft group after excluding Turbo/Night/qualifier/satellite/showdown/snake/single-stat slates.,RP,Zak Kent (43321637),Zak Kent,43321637,P,4000,WSH@TB 06/19/2026 07:10PM ET,06/19/2026 07:10PM ET,WSH,TB,away,2.33,687849,Zak Kent,mapped,identity_name_team_map,Stable identity seed from old DK-ID map. Pilot join status: matched via normalized_name_team
2026-06-19,2026-06-19T16:19:46.381495+00:00,2026-06-19,DraftKings official lineup CSV,https://www.draftkings.com/lineup/getavailableplayerscsv?contestTypeId=9&draftGroupId=149344,149344,9,Selected largest-prize regular Classic MLB draft group after excluding Turbo/Night/qualifier/satellite/showdown/snake/single-stat slates.,RP,PJ Poulin (43321640),PJ Poulin,43321640,P,4000,WSH@TB 06/19/2026 07:10PM ET,06/19/2026 07:10PM ET,WSH,TB,away,2.37,676571,PJ Poulin,mapped,identity_name_team_map,Stable identity seed from old DK-ID map. Pilot join status: matched via normalized_name_team
2026-06-19,2026-06-19T16:19:46.381495+00:00,2026-06-19,DraftKings official lineup CSV,https://www.draftkings.com/lineup/getavailableplayerscsv?contestTypeId=9&draftGroupId=149344,149344,9,Selected largest-prize regular Classic MLB draft group after excluding Turbo/Night/qualifier/satellite/showdown/snake/single-stat slates.,RP,Andre Granillo (43321648),Andre Granillo,43321648,P,4000,WSH@TB 06/19/2026 07:10PM ET,06/19/2026 07:10PM ET,WSH,TB,away,-0.78,701552,Andre Granillo,mapped,identity_name_team_map,Stable identity seed from old DK-ID map. Pilot join status: matched via normalized_name_team
2026-06-19,2026-06-19T16:19:46.381495+00:00,2026-06-19,DraftKings official lineup CSV,https://www.draftkings.com/lineup/getavailableplayerscsv?contestTypeId=9&draftGroupId=149344,149344,9,Selected largest-prize regular Classic MLB draft group after excluding Turbo/Night/qualifier/satellite/showdown/snake/single-stat slates.,RP,Garrett Cleavinger (43321649),Garrett Cleavinger,43321649,P,4000,WSH@TB 06/19/2026 07:10PM ET,06/19/2026 07:10PM ET,TB,WSH,home,2.87,,,needs_review_new_player,identity_name_team_map,No reviewed normalized-name/team identity alias; do not auto-guess.
2026-06-19,2026-06-19T16:19:46.381495+00:00,2026-06-19,DraftKings official lineup CSV,https://www.draftkings.com/lineup/getavailableplayerscsv?contestTypeId=9&draftGroupId=149344,149344,9,Selected largest-prize regular Classic MLB draft group after excluding Turbo/Night/qualifier/satellite/showdown/snake/single-stat slates.,RP,Chase Solesky (43321659),Chase Solesky,43321659,P,4000,WSH@TB 06/19/2026 07:10PM ET,06/19/2026 07:10PM ET,TB,WSH,home,6.55,,,needs_review_new_player,identity_name_team_map,No reviewed normalized-name/team identity alias; do not auto-guess.
2026-06-19,2026-06-19T16:19:46.381495+00:00,2026-06-19,DraftKings official lineup CSV,https://www.draftkings.com/lineup/getavailableplayerscsv?contestTypeId=9&draftGroupId=149344,149344,9,Selected largest-prize regular Classic MLB draft group after excluding Turbo/Night/qualifier/satellite/showdown/snake/single-stat slates.,RP,Julian Fernandez (43321662),Julian Fernandez,43321662,P,4000,WSH@TB 06/19/2026 07:10PM ET,06/19/2026 07:10PM ET,WSH,TB,away,1.8,642759,Julian Fernández,mapped,identity_name_team_map,Stable identity seed from old DK-ID map. Pilot join status: matched via normalized_name_team
2026-06-19,2026-06-19T16:19:46.381495+00:00,2026-06-19,DraftKings official lineup CSV,https://www.draftkings.com/lineup/getavailableplayerscsv?contestTypeId=9&draftGroupId=149344,149344,9,Selected largest-prize regular Classic MLB draft group after excluding Turbo/Night/qualifier/satellite/showdown/snake/single-stat slates.,RP,Orlando Ribalta (43321668),Orlando Ribalta,43321668,P,4000,WSH@TB 06/19/2026 07:10PM ET,06/19/2026 07:10PM ET,WSH,TB,away,2.34,687377,Orlando Ribalta,mapped,identity_name_team_map,Stable identity seed from old DK-ID map. Pilot join status: matched via normalized_name_team
2026-06-19,2026-06-19T16:19:46.381495+00:00,2026-06-19,DraftKings official lineup CSV,https://www.draftkings.com/lineup/getavailableplayerscsv?contestTypeId=9&draftGroupId=149344,149344,9,Selected largest-prize regular Classic MLB draft group after excluding Turbo/Night/qualifier/satellite/showdown/snake/single-stat slates.,RP,Riley Cornelio (43321699),Riley Cornelio,43321699,P,4000,WSH@TB 06/19/2026 07:10PM ET,06/19/2026 07:10PM ET,WSH,TB,away,1.72,683000,Riley Cornelio,mapped,identity_name_team_map,Stable identity seed from old DK-ID map. Pilot join status: matched via normalized_name_team
2026-06-19,2026-06-19T16:19:46.381495+00:00,2026-06-19,DraftKings official lineup CSV,https://www.draftkings.com/lineup/getavailableplayerscsv?contestTypeId=9&draftGroupId=149344,149344,9,Selected largest-prize regular Classic MLB draft group after excluding Turbo/Night/qualifier/satellite/showdown/snake/single-stat slates.,RP,Hunter Bigge (43321727),Hunter Bigge,43321727,P,4000,WSH@TB 06/19/2026 07:10PM ET,06/19/2026 07:10PM ET,TB,WSH,home,1.59,,,needs_review_new_player,identity_name_team_map,No reviewed normalized-name/team identity alias; do not auto-guess.
2026-06-19,2026-06-19T16:19:46.381495+00:00,2026-06-19,DraftKings official lineup CSV,https://www.draftkings.com/lineup/getavailableplayerscsv?contestTypeId=9&draftGroupId=149344,149344,9,Selected largest-prize regular Classic MLB draft group after excluding Turbo/Night/qualifier/satellite/showdown/snake/single-stat slates.,RP,Kevin Kelly (43321738),Kevin Kelly,43321738,P,4000,WSH@TB 06/19/2026 07:10PM ET,06/19/2026 07:10PM ET,TB,WSH,home,3.37,,,needs_review_new_player,identity_name_team_map,No reviewed normalized-name/team identity alias; do not auto-guess.
2026-06-19,2026-06-19T16:19:46.381495+00:00,2026-06-19,DraftKings official lineup CSV,https://www.draftkings.com/lineup/getavailableplayerscsv?contestTypeId=9&draftGroupId=149344,149344,9,Selected largest-prize regular Classic MLB draft group after excluding Turbo/Night/qualifier/satellite/showdown/snake/single-stat slates.,RP,Edwin Uceta (43321748),Edwin Uceta,43321748,P,4000,WSH@TB 06/19/2026 07:10PM ET,06/19/2026 07:10PM ET,TB,WSH,home,0,,,needs_review_new_player,identity_name_team_map,No reviewed normalized-name/team identity alias; do not auto-guess.
2026-06-19,2026-06-19T16:19:46.381495+00:00,2026-06-19,DraftKings official lineup CSV,https://www.draftkings.com/lineup/getavailableplayerscsv?contestTypeId=9&draftGroupId=149344,149344,9,Selected largest-prize regular Classic MLB draft group after excluding Turbo/Night/qualifier/satellite/showdown/snake/single-stat slates.,RP,Cole Henry (43321765),Cole Henry,43321765,P,4000,WSH@TB 06/19/2026 07:10PM ET,06/19/2026 07:10PM ET,WSH,TB,away,2.32,669371,Cole Henry,mapped,identity_name_team_map,Stable identity seed from old DK-ID map. Pilot join status: matched via normalized_name_team
2026-06-19,2026-06-19T16:19:46.381495+00:00,2026-06-19,DraftKings official lineup CSV,https://www.draftkings.com/lineup/getavailableplayerscsv?contestTypeId=9&draftGroupId=149344,149344,9,Selected largest-prize regular Classic MLB draft group after excluding Turbo/Night/qualifier/satellite/showdown/snake/single-stat slates.,RP,Paxton Schultz (43321768),Paxton Schultz,43321768,P,4000,WSH@TB 06/19/2026 07:10PM ET,06/19/2026 07:10PM ET,WSH,TB,away,2.89,687606,Paxton Schultz,mapped,identity_name_team_map,Stable identity seed from old DK-ID map. Pilot join status: matched via normalized_name_team
2026-06-19,2026-06-19T16:19:46.381495+00:00,2026-06-19,DraftKings official lineup CSV,https://www.draftkings.com/lineup/getavailableplayerscsv?contestTypeId=9&draftGroupId=149344,149344,9,Selected largest-prize regular Classic MLB draft group after excluding Turbo/Night/qualifier/satellite/showdown/snake/single-stat slates.,RP,Richard Lovelady (43321774),Richard Lovelady,43321774,P,4000,WSH@TB 06/19/2026 07:10PM ET,06/19/2026 07:10PM ET,WSH,TB,away,2.42,663992,Richard Lovelady,mapped,identity_name_team_map,Stable identity seed from old DK-ID map. Pilot join status: matched via normalized_name_team
2026-06-19,2026-06-19T16:19:46.381495+00:00,2026-06-19,DraftKings official lineup CSV,https://www.draftkings.com/lineup/getavailableplayerscsv?contestTypeId=9&draftGroupId=149344,149344,9,Selected largest-prize regular Classic MLB draft group after excluding Turbo/Night/qualifier/satellite/showdown/snake/single-stat slates.,SP,Ken Waldichuk (43321814),Ken Waldichuk,43321814,P,4000,WSH@TB 06/19/2026 07:10PM ET,06/19/2026 07:10PM ET,WSH,TB,away,2.8,686610,Ken Waldichuk,mapped,identity_name_team_map,Stable identity seed from old DK-ID map. Pilot join status: matched via normalized_name_team
2026-06-19,2026-06-19T16:19:46.381495+00:00,2026-06-19,DraftKings official lineup CSV,https://www.draftkings.com/lineup/getavailableplayerscsv?contestTypeId=9&draftGroupId=149344,149344,9,Selected largest-prize regular Classic MLB draft group after excluding Turbo/Night/qualifier/satellite/showdown/snake/single-stat slates.,RP,Craig Kimbrel (43321829),Craig Kimbrel,43321829,P,4000,WSH@TB 06/19/2026 07:10PM ET,06/19/2026 07:10PM ET,TB,WSH,home,2.08,,,needs_review_new_player,identity_name_team_map,No reviewed normalized-name/team identity alias; do not auto-guess.
2026-06-19,2026-06-19T16:19:46.381495+00:00,2026-06-19,DraftKings official lineup CSV,https://www.draftkings.com/lineup/getavailableplayerscsv?contestTypeId=9&draftGroupId=149344,149344,9,Selected largest-prize regular Classic MLB draft group after excluding Turbo/Night/qualifier/satellite/showdown/snake/single-stat slates.,RP,Gus Varland (43321838),Gus Varland,43321838,P,4000,WSH@TB 06/19/2026 07:10PM ET,06/19/2026 07:10PM ET,WSH,TB,away,1.96,681402,Gus Varland,mapped,identity_name_team_map,Stable identity seed from old DK-ID map. Pilot join status: matched via normalized_name_team
2026-06-19,2026-06-19T16:19:46.381495+00:00,2026-06-19,DraftKings official lineup CSV,https://www.draftkings.com/lineup/getavailableplayerscsv?contestTypeId=9&draftGroupId=149344,149344,9,Selected largest-prize regular Classic MLB draft group after excluding Turbo/Night/qualifier/satellite/showdown/snake/single-stat slates.,RP,Cole Sulser (43321849),Cole Sulser,43321849,P,4000,WSH@TB 06/19/2026 07:10PM ET,06/19/2026 07:10PM ET,TB,WSH,home,2.06,,,needs_review_new_player,identity_name_team_map,No reviewed normalized-name/team identity alias; do not auto-guess.
2026-06-19,2026-06-19T16:19:46.381495+00:00,2026-06-19,DraftKings official lineup CSV,https://www.draftkings.com/lineup/getavailableplayerscsv?contestTypeId=9&draftGroupId=149344,149344,9,Selected largest-prize regular Classic MLB draft group after excluding Turbo/Night/qualifier/satellite/showdown/snake/single-stat slates.,2B,Luis Arraez (43320792),Luis Arraez,43320792,2B,4000,SF@MIA 06/19/2026 07:10PM ET,06/19/2026 07:10PM ET,SF,MIA,away,7.97,650333,Luis Arraez,mapped,identity_name_team_map,Stable identity seed from old DK-ID map. Pilot join status: matched via normalized_name_team
2026-06-19,2026-06-19T16:19:46.381495+00:00,2026-06-19,DraftKings official lineup CSV,https://www.draftkings.com/lineup/getavailableplayerscsv?contestTypeId=9&draftGroupId=149344,149344,9,Selected largest-prize regular Classic MLB draft group after excluding Turbo/Night/qualifier/satellite/showdown/snake/single-stat slates.,RP,Jason Foley (43321528),Jason Foley,43321528,P,4000,SF@MIA 06/19/2026 07:10PM ET,06/19/2026 07:10PM ET,SF,MIA,away,0,671345,Jason Foley,mapped,identity_name_team_map,Stable identity seed from old DK-ID map. Pilot join status: matched_people_search_name via mlb_people_search_normalized_name
2026-06-19,2026-06-19T16:19:46.381495+00:00,2026-06-19,DraftKings official lineup CSV,https://www.draftkings.com/lineup/getavailableplayerscsv?contestTypeId=9&draftGroupId=149344,149344,9,Selected largest-prize regular Classic MLB draft group after excluding Turbo/Night/qualifier/satellite/showdown/snake/single-stat slates.,SP,Nick Margevicius (43321544),Nick Margevicius,43321544,P,4000,SF@MIA 06/19/2026 07:10PM ET,06/19/2026 07:10PM ET,SF,MIA,away,0,676606,Nick Margevicius,mapped,identity_name_team_map,Stable identity seed from old DK-ID map. Pilot join status: matched_people_search_name via mlb_people_search_normalized_name
2026-06-19,2026-06-19T16:19:46.381495+00:00,2026-06-19,DraftKings official lineup CSV,https://www.draftkings.com/lineup/getavailableplayerscsv?contestTypeId=9&draftGroupId=149344,149344,9,Selected largest-prize regular Classic MLB draft group after excluding Turbo/Night/qualifier/satellite/showdown/snake/single-stat slates.,RP,Rowan Wick (43321557),Rowan Wick,43321557,P,4000,SF@MIA 06/19/2026 07:10PM ET,06/19/2026 07:10PM ET,SF,MIA,away,0,592858,Rowan Wick,mapped,identity_name_team_map,Stable identity seed from old DK-ID map. Pilot join status: matched_people_search_name via mlb_people_search_normalized_name
2026-06-19,2026-06-19T16:19:46.381495+00:00,2026-06-19,DraftKings official lineup CSV,https://www.draftkings.com/lineup/getavailableplayerscsv?contestTypeId=9&draftGroupId=149344,149344,9,Selected largest-prize regular Classic MLB draft group after excluding Turbo/Night/qualifier/satellite/showdown/snake/single-stat slates.,RP,Spencer Bivens (43321566),Spencer Bivens,43321566,P,4000,SF@MIA 06/19/2026 07:10PM ET,06/19/2026 07:10PM ET,SF,MIA,away,0,702352,Spencer Bivens,mapped,identity_name_team_map,Stable identity seed from old DK-ID map. Pilot join status: matched_people_search_name via mlb_people_search_normalized_name
2026-06-19,2026-06-19T16:19:46.381495+00:00,2026-06-19,DraftKings official lineup CSV,https://www.draftkings.com/lineup/getavailableplayerscsv?contestTypeId=9&draftGroupId=149344,149344,9,Selected largest-prize regular Classic MLB draft group after excluding Turbo/Night/qualifier/satellite/showdown/snake/single-stat slates.,RP,Ryan Walker (43321585),Ryan Walker,43321585,P,4000,SF@MIA 06/19/2026 07:10PM ET,06/19/2026 07:10PM ET,SF,MIA,away,1.82,676254,Ryan Walker,mapped,identity_name_team_map,Stable identity seed from old DK-ID map. Pilot join status: matched via normalized_name_team
2026-06-19,2026-06-19T16:19:46.381495+00:00,2026-06-19,DraftKings official lineup CSV,https://www.draftkings.com/lineup/getavailableplayerscsv?contestTypeId=9&draftGroupId=149344,149344,9,Selected largest-prize regular Classic MLB draft group after excluding Turbo/Night/qualifier/satellite/showdown/snake/single-stat slates.,RP,Randy Rodriguez (43321602),Randy Rodriguez,43321602,P,4000,SF@MIA 06/19/2026 07:10PM ET,06/19/2026 07:10PM ET,SF,MIA,away,0,678495,Randy Rodríguez,mapped,identity_name_team_map,Stable identity seed from old DK-ID map. Pilot join status: matched_people_search_name via mlb_people_search_normalized_name
2026-06-19,2026-06-19T16:19:46.381495+00:00,2026-06-19,DraftKings official lineup CSV,https://www.draftkings.com/lineup/getavailableplayerscsv?contestTypeId=9&draftGroupId=149344,149344,9,Selected largest-prize regular Classic MLB draft group after excluding Turbo/Night/qualifier/satellite/showdown/snake/single-stat slates.,RP,Tyler Zuber (43321607),Tyler Zuber,43321607,P,4000,SF@MIA 06/19/2026 07:10PM ET,06/19/2026 07:10PM ET,MIA,SF,home,1.33,676604,Tyler Zuber,mapped,identity_name_team_map,Proposed from review candidates; basis=exact normalized name + team; role-compatible; statcast_pitcher_2026; confidence=high; sources=statcast_pitcher_2026
2026-06-19,2026-06-19T16:19:46.381495+00:00,2026-06-19,DraftKings official lineup CSV,https://www.draftkings.com/lineup/getavailableplayerscsv?contestTypeId=9&draftGroupId=149344,149344,9,Selected largest-prize regular Classic MLB draft group after excluding Turbo/Night/qualifier/satellite/showdown/snake/single-stat slates.,RP,Ryan Borucki (43321610),Ryan Borucki,43321610,P,4000,SF@MIA 06/19/2026 07:10PM ET,06/19/2026 07:10PM ET,SF,MIA,away,1.83,621366,Ryan Borucki,mapped,identity_name_team_map,Stable identity seed from old DK-ID map. Pilot join status: matched via normalized_name_team
2026-06-19,2026-06-19T16:19:46.381495+00:00,2026-06-19,DraftKings official lineup CSV,https://www.draftkings.com/lineup/getavailableplayerscsv?contestTypeId=9&draftGroupId=149344,149344,9,Selected largest-prize regular Classic MLB draft group after excluding Turbo/Night/qualifier/satellite/showdown/snake/single-stat slates.,RP,Reiver Sanmartin (43321613),Reiver Sanmartin,43321613,P,4000,SF@MIA 06/19/2026 07:10PM ET,06/19/2026 07:10PM ET,SF,MIA,away,5.25,665665,Reiver Sanmartin,mapped,identity_name_team_map,Stable identity seed from old DK-ID map. Pilot join status: matched_people_search_name via mlb_people_search_normalized_name
2026-06-19,2026-06-19T16:19:46.381495+00:00,2026-06-19,DraftKings official lineup CSV,https://www.draftkings.com/lineup/getavailableplayerscsv?contestTypeId=9&draftGroupId=149344,149344,9,Selected largest-prize regular Classic MLB draft group after excluding Turbo/Night/qualifier/satellite/showdown/snake/single-stat slates.,RP,Gregory Santos (43321628),Gregory Santos,43321628,P,4000,SF@MIA 06/19/2026 07:10PM ET,06/19/2026 07:10PM ET,SF,MIA,away,1.48,666619,Gregory Santos,mapped,identity_name_team_map,Stable identity seed from old DK-ID map. Pilot join status: matched via normalized_name_team
2026-06-19,2026-06-19T16:19:46.381495+00:00,2026-06-19,DraftKings official lineup CSV,https://www.draftkings.com/lineup/getavailableplayerscsv?contestTypeId=9&draftGroupId=149344,149344,9,Selected largest-prize regular Classic MLB draft group after excluding Turbo/Night/qualifier/satellite/showdown/snake/single-stat slates.,RP,Zach Brzykcy (43321633),Zach Brzykcy,43321633,P,4000,SF@MIA 06/19/2026 07:10PM ET,06/19/2026 07:10PM ET,MIA,SF,home,0,694350,Zach Brzykcy,mapped,identity_name_team_map,Proposed from review candidates; basis=exact normalized name + team; role-compatible; statcast_pitcher_2026; confidence=high; sources=statcast_pitcher_2026
2026-06-19,2026-06-19T16:19:46.381495+00:00,2026-06-19,DraftKings official lineup CSV,https://www.draftkings.com/lineup/getavailableplayerscsv?contestTypeId=9&draftGroupId=149344,149344,9,Selected largest-prize regular Classic MLB draft group after excluding Turbo/Night/qualifier/satellite/showdown/snake/single-stat slates.,RP,Josh White (43321639),Josh White,43321639,P,4000,SF@MIA 06/19/2026 07:10PM ET,06/19/2026 07:10PM ET,MIA,SF,home,-10.1,687985,Josh White,mapped,identity_name_team_map,Proposed from review candidates; basis=exact normalized name + team; role-compatible; statcast_pitcher_2026; confidence=high; sources=statcast_pitcher_2026
2026-06-19,2026-06-19T16:19:46.381495+00:00,2026-06-19,DraftKings official lineup CSV,https://www.draftkings.com/lineup/getavailableplayerscsv?contestTypeId=9&draftGroupId=149344,149344,9,Selected largest-prize regular Classic MLB draft group after excluding Turbo/Night/qualifier/satellite/showdown/snake/single-stat slates.,RP,Calvin Faucher (43321689),Calvin Faucher,43321689,P,4000,SF@MIA 06/19/2026 07:10PM ET,06/19/2026 07:10PM ET,MIA,SF,home,3.31,676534,Calvin Faucher,mapped,identity_name_team_map,Proposed from review candidates; basis=exact normalized name + team; role-compatible; statcast_pitcher_2026; confidence=high; sources=statcast_pitcher_2026
2026-06-19,2026-06-19T16:19:46.381495+00:00,2026-06-19,DraftKings official lineup CSV,https://www.draftkings.com/lineup/getavailableplayerscsv?contestTypeId=9&draftGroupId=149344,149344,9,Selected largest-prize regular Classic MLB draft group after excluding Turbo/Night/qualifier/satellite/showdown/snake/single-stat slates.,RP,Andrew Nardi (43321707),Andrew Nardi,43321707,P,4000,SF@MIA 06/19/2026 07:10PM ET,06/19/2026 07:10PM ET,MIA,SF,home,2.85,677053,Andrew Nardi,mapped,identity_name_team_map,Proposed from review candidates; basis=exact normalized name + team; role-compatible; statcast_pitcher_2026; confidence=high; sources=statcast_pitcher_2026
2026-06-19,2026-06-19T16:19:46.381495+00:00,2026-06-19,DraftKings official lineup CSV,https://www.draftkings.com/lineup/getavailableplayerscsv?contestTypeId=9&draftGroupId=149344,149344,9,Selected largest-prize regular Classic MLB draft group after excluding Turbo/Night/qualifier/satellite/showdown/snake/single-stat slates.,RP,Matt Gage (43321723),Matt Gage,43321723,P,4000,SF@MIA 06/19/2026 07:10PM ET,06/19/2026 07:10PM ET,SF,MIA,away,2.32,657424,Matt Gage,mapped,identity_name_team_map,Stable identity seed from old DK-ID map. Pilot join status: matched via normalized_name_team
2026-06-19,2026-06-19T16:19:46.381495+00:00,2026-06-19,DraftKings official lineup CSV,https://www.draftkings.com/lineup/getavailableplayerscsv?contestTypeId=9&draftGroupId=149344,149344,9,Selected largest-prize regular Classic MLB draft group after excluding Turbo/Night/qualifier/satellite/showdown/snake/single-stat slates.,RP,Sam Hentges (43321742),Sam Hentges,43321742,P,4000,SF@MIA 06/19/2026 07:10PM ET,06/19/2026 07:10PM ET,SF,MIA,away,2.84,656529,Sam Hentges,mapped,identity_name_team_map,Stable identity seed from old DK-ID map. Pilot join status: matched via normalized_name_team
2026-06-19,2026-06-19T16:19:46.381495+00:00,2026-06-19,DraftKings official lineup CSV,https://www.draftkings.com/lineup/getavailableplayerscsv?contestTypeId=9&draftGroupId=149344,149344,9,Selected largest-prize regular Classic MLB draft group after excluding Turbo/Night/qualifier/satellite/showdown/snake/single-stat slates.,RP,Cade Gibson (43321778),Cade Gibson,43321778,P,4000,SF@MIA 06/19/2026 07:10PM ET,06/19/2026 07:10PM ET,MIA,SF,home,1.93,806188,Cade Gibson,mapped,identity_name_team_map,Proposed from review candidates; basis=exact normalized name + team; role-compatible; statcast_pitcher_2026; confidence=high; sources=statcast_pitcher_2026
2026-06-19,2026-06-19T16:19:46.381495+00:00,2026-06-19,DraftKings official lineup CSV,https://www.draftkings.com/lineup/getavailableplayerscsv?contestTypeId=9&draftGroupId=149344,149344,9,Selected largest-prize regular Classic MLB draft group after excluding Turbo/Night/qualifier/satellite/showdown/snake/single-stat slates.,RP,Josh Ekness (43321782),Josh Ekness,43321782,P,4000,SF@MIA 06/19/2026 07:10PM ET,06/19/2026 07:10PM ET,MIA,SF,home,2.63,694795,Josh Ekness,mapped,identity_name_team_map,Proposed from review candidates; basis=exact normalized name + team; role-compatible; statcast_pitcher_2026; confidence=high; sources=statcast_pitcher_2026
2026-06-19,2026-06-19T16:19:46.381495+00:00,2026-06-19,DraftKings official lineup CSV,https://www.draftkings.com/lineup/getavailableplayerscsv?contestTypeId=9&draftGroupId=149344,149344,9,Selected largest-prize regular Classic MLB draft group after excluding Turbo/Night/qualifier/satellite/showdown/snake/single-stat slates.,RP,Will Kempner (43321785),Will Kempner,43321785,P,4000,SF@MIA 06/19/2026 07:10PM ET,06/19/2026 07:10PM ET,MIA,SF,home,6.78,,,needs_review_new_player,identity_name_team_map,No reviewed normalized-name/team identity alias; do not auto-guess.
2026-06-19,2026-06-19T16:19:46.381495+00:00,2026-06-19,DraftKings official lineup CSV,https://www.draftkings.com/lineup/getavailableplayerscsv?contestTypeId=9&draftGroupId=149344,149344,9,Selected largest-prize regular Classic MLB draft group after excluding Turbo/Night/qualifier/satellite/showdown/snake/single-stat slates.,RP,John King (43321794),John King,43321794,P,4000,SF@MIA 06/19/2026 07:10PM ET,06/19/2026 07:10PM ET,MIA,SF,home,3.04,667463,John King,mapped,identity_name_team_map,Proposed from review candidates; basis=exact normalized name + team; role-compatible; statcast_pitcher_2026; confidence=high; sources=statcast_pitcher_2026
2026-06-19,2026-06-19T16:19:46.381495+00:00,2026-06-19,DraftKings official lineup CSV,https://www.draftkings.com/lineup/getavailableplayerscsv?contestTypeId=9&draftGroupId=149344,149344,9,Selected largest-prize regular Classic MLB draft group after excluding Turbo/Night/qualifier/satellite/showdown/snake/single-stat slates.,RP,Pete Fairbanks (43321804),Pete Fairbanks,43321804,P,4000,SF@MIA 06/19/2026 07:10PM ET,06/19/2026 07:10PM ET,MIA,SF,home,3.02,664126,Pete Fairbanks,mapped,identity_name_team_map,Proposed from review candidates; basis=exact normalized name + team; role-compatible; statcast_pitcher_2026; confidence=high; sources=statcast_pitcher_2026
2026-06-19,2026-06-19T16:19:46.381495+00:00,2026-06-19,DraftKings official lineup CSV,https://www.draftkings.com/lineup/getavailableplayerscsv?contestTypeId=9&draftGroupId=149344,149344,9,Selected largest-prize regular Classic MLB draft group after excluding Turbo/Night/qualifier/satellite/showdown/snake/single-stat slates.,RP,Erik Miller (43321816),Erik Miller,43321816,P,4000,SF@MIA 06/19/2026 07:10PM ET,06/19/2026 07:10PM ET,SF,MIA,away,2.38,669062,Erik Miller,mapped,identity_name_team_map,Stable identity seed from old DK-ID map. Pilot join status: matched via normalized_name_team
2026-06-19,2026-06-19T16:19:46.381495+00:00,2026-06-19,DraftKings official lineup CSV,https://www.draftkings.com/lineup/getavailableplayerscsv?contestTypeId=9&draftGroupId=149344,149344,9,Selected largest-prize regular Classic MLB draft group after excluding Turbo/Night/qualifier/satellite/showdown/snake/single-stat slates.,RP,Ronny Henriquez (43321824),Ronny Henriquez,43321824,P,4000,SF@MIA 06/19/2026 07:10PM ET,06/19/2026 07:10PM ET,MIA,SF,home,0,,,needs_review_new_player,identity_name_team_map,No reviewed normalized-name/team identity alias; do not auto-guess.
2026-06-19,2026-06-19T16:19:46.381495+00:00,2026-06-19,DraftKings official lineup CSV,https://www.draftkings.com/lineup/getavailableplayerscsv?contestTypeId=9&draftGroupId=149344,149344,9,Selected largest-prize regular Classic MLB draft group after excluding Turbo/Night/qualifier/satellite/showdown/snake/single-stat slates.,RP,Joel Peguero (43321831),Joel Peguero,43321831,P,4000,SF@MIA 06/19/2026 07:10PM ET,06/19/2026 07:10PM ET,SF,MIA,away,1.81,666711,Joel Peguero,mapped,identity_name_team_map,Stable identity seed from old DK-ID map. Pilot join status: matched via normalized_name_team
2026-06-19,2026-06-19T16:19:46.381495+00:00,2026-06-19,DraftKings official lineup CSV,https://www.draftkings.com/lineup/getavailableplayerscsv?contestTypeId=9&draftGroupId=149344,149344,9,Selected largest-prize regular Classic MLB draft group after excluding Turbo/Night/qualifier/satellite/showdown/snake/single-stat slates.,RP,Wilkin Ramos (43321836),Wilkin Ramos,43321836,P,4000,SF@MIA 06/19/2026 07:10PM ET,06/19/2026 07:10PM ET,SF,MIA,away,-4.45,678576,Wilkin Ramos,mapped,identity_name_team_map,Stable identity seed from old DK-ID map. Pilot join status: matched via normalized_name_team
2026-06-19,2026-06-19T16:19:46.381495+00:00,2026-06-19,DraftKings official lineup CSV,https://www.draftkings.com/lineup/getavailableplayerscsv?contestTypeId=9&draftGroupId=149344,149344,9,Selected largest-prize regular Classic MLB draft group after excluding Turbo/Night/qualifier/satellite/showdown/snake/single-stat slates.,RP,Anthony Bender (43321843),Anthony Bender,43321843,P,4000,SF@MIA 06/19/2026 07:10PM ET,06/19/2026 07:10PM ET,MIA,SF,home,3.45,669622,Anthony Bender,mapped,identity_name_team_map,Proposed from review candidates; basis=exact normalized name + team; role-compatible; statcast_pitcher_2026; confidence=high; sources=statcast_pitcher_2026
2026-06-19,2026-06-19T16:19:46.381495+00:00,2026-06-19,DraftKings official lineup CSV,https://www.draftkings.com/lineup/getavailableplayerscsv?contestTypeId=9&draftGroupId=149344,149344,9,Selected largest-prize regular Classic MLB draft group after excluding Turbo/Night/qualifier/satellite/showdown/snake/single-stat slates.,RP,Michael Petersen (43321848),Michael Petersen,43321848,P,4000,SF@MIA 06/19/2026 07:10PM ET,06/19/2026 07:10PM ET,MIA,SF,home,3.80,656848,Michael Petersen,mapped,identity_name_team_map,Proposed from review candidates; basis=exact normalized name + team; role-compatible; statcast_pitcher_2026; confidence=high; sources=statcast_pitcher_2026
2026-06-19,2026-06-19T16:19:46.381495+00:00,2026-06-19,DraftKings official lineup CSV,https://www.draftkings.com/lineup/getavailableplayerscsv?contestTypeId=9&draftGroupId=149344,149344,9,Selected largest-prize regular Classic MLB draft group after excluding Turbo/Night/qualifier/satellite/showdown/snake/single-stat slates.,1B/2B,Edouard Julien (43320794),Edouard Julien,43320794,1B/2B,4000,PIT@COL 06/19/2026 08:40PM ET,06/19/2026 08:40PM ET,COL,PIT,home,4.62,666397,Edouard Julien,mapped,identity_name_team_map,Stable identity seed from old DK-ID map. Pilot join status: matched via normalized_name_team
2026-06-19,2026-06-19T16:19:46.381495+00:00,2026-06-19,DraftKings official lineup CSV,https://www.draftkings.com/lineup/getavailableplayerscsv?contestTypeId=9&draftGroupId=149344,149344,9,Selected largest-prize regular Classic MLB draft group after excluding Turbo/Night/qualifier/satellite/showdown/snake/single-stat slates.,RP,Eiberson Castellano (43321551),Eiberson Castellano,43321551,P,4000,PIT@COL 06/19/2026 08:40PM ET,06/19/2026 08:40PM ET,COL,PIT,home,7.75,,,needs_review_new_player,identity_name_team_map,No reviewed normalized-name/team identity alias; do not auto-guess.
2026-06-19,2026-06-19T16:19:46.381495+00:00,2026-06-19,DraftKings official lineup CSV,https://www.draftkings.com/lineup/getavailableplayerscsv?contestTypeId=9&draftGroupId=149344,149344,9,Selected largest-prize regular Classic MLB draft group after excluding Turbo/Night/qualifier/satellite/showdown/snake/single-stat slates.,RP,RJ Petit (43321552),RJ Petit,43321552,P,4000,PIT@COL 06/19/2026 08:40PM ET,06/19/2026 08:40PM ET,COL,PIT,home,0,696275,RJ Petit,mapped,identity_name_team_map,Stable identity seed from old DK-ID map. Pilot join status: matched_people_search_name via mlb_people_search_normalized_name
2026-06-19,2026-06-19T16:19:46.381495+00:00,2026-06-19,DraftKings official lineup CSV,https://www.draftkings.com/lineup/getavailableplayerscsv?contestTypeId=9&draftGroupId=149344,149344,9,Selected largest-prize regular Classic MLB draft group after excluding Turbo/Night/qualifier/satellite/showdown/snake/single-stat slates.,SP,Gabriel Hughes (43321561),Gabriel Hughes,43321561,P,4000,PIT@COL 06/19/2026 08:40PM ET,06/19/2026 08:40PM ET,COL,PIT,home,0,687312,Gabriel Hughes,mapped,identity_name_team_map,Stable identity seed from old DK-ID map. Pilot join status: matched_people_search_name via mlb_people_search_normalized_name
2026-06-19,2026-06-19T16:19:46.381495+00:00,2026-06-19,DraftKings official lineup CSV,https://www.draftkings.com/lineup/getavailableplayerscsv?contestTypeId=9&draftGroupId=149344,149344,9,Selected largest-prize regular Classic MLB draft group after excluding Turbo/Night/qualifier/satellite/showdown/snake/single-stat slates.,SP,Pierson Ohl (43321568),Pierson Ohl,43321568,P,4000,PIT@COL 06/19/2026 08:40PM ET,06/19/2026 08:40PM ET,COL,PIT,home,0,701487,Pierson Ohl,mapped,identity_name_team_map,Stable identity seed from old DK-ID map. Pilot join status: matched_people_search_name via mlb_people_search_normalized_name
2026-06-19,2026-06-19T16:19:46.381495+00:00,2026-06-19,DraftKings official lineup CSV,https://www.draftkings.com/lineup/getavailableplayerscsv?contestTypeId=9&draftGroupId=149344,149344,9,Selected largest-prize regular Classic MLB draft group after excluding Turbo/Night/qualifier/satellite/showdown/snake/single-stat slates.,RP,Gregory Soto (43321579),Gregory Soto,43321579,P,4000,PIT@COL 06/19/2026 08:40PM ET,06/19/2026 08:40PM ET,PIT,COL,away,3.73,,,needs_review_new_player,identity_name_team_map,No reviewed normalized-name/team identity alias; do not auto-guess.
2026-06-19,2026-06-19T16:19:46.381495+00:00,2026-06-19,DraftKings official lineup CSV,https://www.draftkings.com/lineup/getavailableplayerscsv?contestTypeId=9&draftGroupId=149344,149344,9,Selected largest-prize regular Classic MLB draft group after excluding Turbo/Night/qualifier/satellite/showdown/snake/single-stat slates.,RP,Brennan Bernardino (43321625),Brennan Bernardino,43321625,P,4000,PIT@COL 06/19/2026 08:40PM ET,06/19/2026 08:40PM ET,COL,PIT,home,1.89,657514,Brennan Bernardino,mapped,identity_name_team_map,Stable identity seed from old DK-ID map. Pilot join status: matched via normalized_name_team
2026-06-19,2026-06-19T16:19:46.381495+00:00,2026-06-19,DraftKings official lineup CSV,https://www.draftkings.com/lineup/getavailableplayerscsv?contestTypeId=9&draftGroupId=149344,149344,9,Selected largest-prize regular Classic MLB draft group after excluding Turbo/Night/qualifier/satellite/showdown/snake/single-stat slates.,RP,Jaden Hill (43321629),Jaden Hill,43321629,P,4000,PIT@COL 06/19/2026 08:40PM ET,06/19/2026 08:40PM ET,COL,PIT,home,1.91,677955,Jaden Hill,mapped,identity_name_team_map,Stable identity seed from old DK-ID map. Pilot join status: matched via normalized_name_team
2026-06-19,2026-06-19T16:19:46.381495+00:00,2026-06-19,DraftKings official lineup CSV,https://www.draftkings.com/lineup/getavailableplayerscsv?contestTypeId=9&draftGroupId=149344,149344,9,Selected largest-prize regular Classic MLB draft group after excluding Turbo/Night/qualifier/satellite/showdown/snake/single-stat slates.,RP,Sammy Peralta (43321631),Sammy Peralta,43321631,P,4000,PIT@COL 06/19/2026 08:40PM ET,06/19/2026 08:40PM ET,COL,PIT,home,1.9,671111,Sammy Peralta,mapped,identity_name_team_map,Stable identity seed from old DK-ID map. Pilot join status: matched via normalized_name_team
2026-06-19,2026-06-19T16:19:46.381495+00:00,2026-06-19,DraftKings official lineup CSV,https://www.draftkings.com/lineup/getavailableplayerscsv?contestTypeId=9&draftGroupId=149344,149344,9,Selected largest-prize regular Classic MLB draft group after excluding Turbo/Night/qualifier/satellite/showdown/snake/single-stat slates.,RP,Cam Sanders (43321638),Cam Sanders,43321638,P,4000,PIT@COL 06/19/2026 08:40PM ET,06/19/2026 08:40PM ET,PIT,COL,away,1.72,,,needs_review_new_player,identity_name_team_map,No reviewed normalized-name/team identity alias; do not auto-guess.
2026-06-19,2026-06-19T16:19:46.381495+00:00,2026-06-19,DraftKings official lineup CSV,https://www.draftkings.com/lineup/getavailableplayerscsv?contestTypeId=9&draftGroupId=149344,149344,9,Selected largest-prize regular Classic MLB draft group after excluding Turbo/Night/qualifier/satellite/showdown/snake/single-stat slates.,RP,Isaac Mattson (43321650),Isaac Mattson,43321650,P,4000,PIT@COL 06/19/2026 08:40PM ET,06/19/2026 08:40PM ET,PIT,COL,away,1.99,,,needs_review_new_player,identity_name_team_map,No reviewed normalized-name/team identity alias; do not auto-guess.
2026-06-19,2026-06-19T16:19:46.381495+00:00,2026-06-19,DraftKings official lineup CSV,https://www.draftkings.com/lineup/getavailableplayerscsv?contestTypeId=9&draftGroupId=149344,149344,9,Selected largest-prize regular Classic MLB draft group after excluding Turbo/Night/qualifier/satellite/showdown/snake/single-stat slates.,RP,TJ Shook (43321677),TJ Shook,43321677,P,4000,PIT@COL 06/19/2026 08:40PM ET,06/19/2026 08:40PM ET,COL,PIT,home,2.62,669298,TJ Shook,mapped,identity_name_team_map,Stable identity seed from old DK-ID map. Pilot join status: matched via normalized_name_team
2026-06-19,2026-06-19T16:19:46.381495+00:00,2026-06-19,DraftKings official lineup CSV,https://www.draftkings.com/lineup/getavailableplayerscsv?contestTypeId=9&draftGroupId=149344,149344,9,Selected largest-prize regular Classic MLB draft group after excluding Turbo/Night/qualifier/satellite/showdown/snake/single-stat slates.,RP,Welinton Herrera (43321703),Welinton Herrera,43321703,P,4000,PIT@COL 06/19/2026 08:40PM ET,06/19/2026 08:40PM ET,COL,PIT,home,2.48,700327,Welinton Herrera,mapped,identity_name_team_map,Stable identity seed from old DK-ID map. Pilot join status: matched via normalized_name_team
2026-06-19,2026-06-19T16:19:46.381495+00:00,2026-06-19,DraftKings official lineup CSV,https://www.draftkings.com/lineup/getavailableplayerscsv?contestTypeId=9&draftGroupId=149344,149344,9,Selected largest-prize regular Classic MLB draft group after excluding Turbo/Night/qualifier/satellite/showdown/snake/single-stat slates.,RP,Brandan Bidois (43321710),Brandan Bidois,43321710,P,4000,PIT@COL 06/19/2026 08:40PM ET,06/19/2026 08:40PM ET,PIT,COL,away,2.56,,,needs_review_new_player,identity_name_team_map,No reviewed normalized-name/team identity alias; do not auto-guess.
2026-06-19,2026-06-19T16:19:46.381495+00:00,2026-06-19,DraftKings official lineup CSV,https://www.draftkings.com/lineup/getavailableplayerscsv?contestTypeId=9&draftGroupId=149344,149344,9,Selected largest-prize regular Classic MLB draft group after excluding Turbo/Night/qualifier/satellite/showdown/snake/single-stat slates.,RP,Jeff Criswell (43321712),Jeff Criswell,43321712,P,4000,PIT@COL 06/19/2026 08:40PM ET,06/19/2026 08:40PM ET,COL,PIT,home,3.35,676105,Jeff Criswell,mapped,identity_name_team_map,Stable identity seed from old DK-ID map. Pilot join status: matched_people_search_name via mlb_people_search_normalized_name
2026-06-19,2026-06-19T16:19:46.381495+00:00,2026-06-19,DraftKings official lineup CSV,https://www.draftkings.com/lineup/getavailableplayerscsv?contestTypeId=9&draftGroupId=149344,149344,9,Selected largest-prize regular Classic MLB draft group after excluding Turbo/Night/qualifier/satellite/showdown/snake/single-stat slates.,RP,Mason Montgomery (43321736),Mason Montgomery,43321736,P,4000,PIT@COL 06/19/2026 08:40PM ET,06/19/2026 08:40PM ET,PIT,COL,away,3.34,,,needs_review_new_player,identity_name_team_map,No reviewed normalized-name/team identity alias; do not auto-guess.
2026-06-19,2026-06-19T16:19:46.381495+00:00,2026-06-19,DraftKings official lineup CSV,https://www.draftkings.com/lineup/getavailableplayerscsv?contestTypeId=9&draftGroupId=149344,149344,9,Selected largest-prize regular Classic MLB draft group after excluding Turbo/Night/qualifier/satellite/showdown/snake/single-stat slates.,RP,Juan Mejia (43321746),Juan Mejia,43321746,P,4000,PIT@COL 06/19/2026 08:40PM ET,06/19/2026 08:40PM ET,COL,PIT,home,2.39,675848,Juan Mejia,mapped,identity_name_team_map,Stable identity seed from old DK-ID map. Pilot join status: matched via normalized_name_team
2026-06-19,2026-06-19T16:19:46.381495+00:00,2026-06-19,DraftKings official lineup CSV,https://www.draftkings.com/lineup/getavailableplayerscsv?contestTypeId=9&draftGroupId=149344,149344,9,Selected largest-prize regular Classic MLB draft group after excluding Turbo/Night/qualifier/satellite/showdown/snake/single-stat slates.,RP,Yohan Ramirez (43321760),Yohan Ramirez,43321760,P,4000,PIT@COL 06/19/2026 08:40PM ET,06/19/2026 08:40PM ET,PIT,COL,away,3.96,,,needs_review_new_player,identity_name_team_map,No reviewed normalized-name/team identity alias; do not auto-guess.
2026-06-19,2026-06-19T16:19:46.381495+00:00,2026-06-19,DraftKings official lineup CSV,https://www.draftkings.com/lineup/getavailableplayerscsv?contestTypeId=9&draftGroupId=149344,149344,9,Selected largest-prize regular Classic MLB draft group after excluding Turbo/Night/qualifier/satellite/showdown/snake/single-stat slates.,RP,Jimmy Herget (43321761),Jimmy Herget,43321761,P,4000,PIT@COL 06/19/2026 08:40PM ET,06/19/2026 08:40PM ET,COL,PIT,home,2.70,623474,Jimmy Herget,mapped,identity_name_team_map,Stable identity seed from old DK-ID map. Pilot join status: matched via normalized_name_team
2026-06-19,2026-06-19T16:19:46.381495+00:00,2026-06-19,DraftKings official lineup CSV,https://www.draftkings.com/lineup/getavailableplayerscsv?contestTypeId=9&draftGroupId=149344,149344,9,Selected largest-prize regular Classic MLB draft group after excluding Turbo/Night/qualifier/satellite/showdown/snake/single-stat slates.,RP,Victor Vodnik (43321788),Victor Vodnik,43321788,P,4000,PIT@COL 06/19/2026 08:40PM ET,06/19/2026 08:40PM ET,COL,PIT,home,1.05,680767,Victor Vodnik,mapped,identity_name_team_map,Stable identity seed from old DK-ID map. Pilot join status: matched via normalized_name_team
2026-06-19,2026-06-19T16:19:46.381495+00:00,2026-06-19,DraftKings official lineup CSV,https://www.draftkings.com/lineup/getavailableplayerscsv?contestTypeId=9&draftGroupId=149344,149344,9,Selected largest-prize regular Classic MLB draft group after excluding Turbo/Night/qualifier/satellite/showdown/snake/single-stat slates.,RP,Dennis Santana (43321808),Dennis Santana,43321808,P,4000,PIT@COL 06/19/2026 08:40PM ET,06/19/2026 08:40PM ET,PIT,COL,away,2.20,,,needs_review_new_player,identity_name_team_map,No reviewed normalized-name/team identity alias; do not auto-guess.
2026-06-19,2026-06-19T16:19:46.381495+00:00,2026-06-19,DraftKings official lineup CSV,https://www.draftkings.com/lineup/getavailableplayerscsv?contestTypeId=9&draftGroupId=149344,149344,9,Selected largest-prize regular Classic MLB draft group after excluding Turbo/Night/qualifier/satellite/showdown/snake/single-stat slates.,RP,Evan Sisk (43321812),Evan Sisk,43321812,P,4000,PIT@COL 06/19/2026 08:40PM ET,06/19/2026 08:40PM ET,PIT,COL,away,4.14,,,needs_review_new_player,identity_name_team_map,No reviewed normalized-name/team identity alias; do not auto-guess.
2026-06-19,2026-06-19T16:19:46.381495+00:00,2026-06-19,DraftKings official lineup CSV,https://www.draftkings.com/lineup/getavailableplayerscsv?contestTypeId=9&draftGroupId=149344,149344,9,Selected largest-prize regular Classic MLB draft group after excluding Turbo/Night/qualifier/satellite/showdown/snake/single-stat slates.,RP,Chris Devenski (43321818),Chris Devenski,43321818,P,4000,PIT@COL 06/19/2026 08:40PM ET,06/19/2026 08:40PM ET,PIT,COL,away,1.42,,,needs_review_new_player,identity_name_team_map,No reviewed normalized-name/team identity alias; do not auto-guess.
2026-06-19,2026-06-19T16:19:46.381495+00:00,2026-06-19,DraftKings official lineup CSV,https://www.draftkings.com/lineup/getavailableplayerscsv?contestTypeId=9&draftGroupId=149344,149344,9,Selected largest-prize regular Classic MLB draft group after excluding Turbo/Night/qualifier/satellite/showdown/snake/single-stat slates.,RP,Seth Halvorsen (43321822),Seth Halvorsen,43321822,P,4000,PIT@COL 06/19/2026 08:40PM ET,06/19/2026 08:40PM ET,COL,PIT,home,2.19,678020,Seth Halvorsen,mapped,identity_name_team_map,Stable identity seed from old DK-ID map. Pilot join status: matched via normalized_name_team
2026-06-19,2026-06-19T16:19:46.381495+00:00,2026-06-19,DraftKings official lineup CSV,https://www.draftkings.com/lineup/getavailableplayerscsv?contestTypeId=9&draftGroupId=149344,149344,9,Selected largest-prize regular Classic MLB draft group after excluding Turbo/Night/qualifier/satellite/showdown/snake/single-stat slates.,1B,Christian Walker (43320791),Christian Walker,43320791,1B,4000,CLE@HOU 06/19/2026 08:10PM ET,06/19/2026 08:10PM ET,HOU,CLE,home,8.16,572233,Christian Walker,mapped,identity_name_team_map,Stable identity seed from old DK-ID map. Pilot join status: matched via normalized_name_team
2026-06-19,2026-06-19T16:19:46.381495+00:00,2026-06-19,DraftKings official lineup CSV,https://www.draftkings.com/lineup/getavailableplayerscsv?contestTypeId=9&draftGroupId=149344,149344,9,Selected largest-prize regular Classic MLB draft group after excluding Turbo/Night/qualifier/satellite/showdown/snake/single-stat slates.,OF,Angel Martinez (43321069),Angel Martinez,43321069,OF,4000,CLE@HOU 06/19/2026 08:10PM ET,06/19/2026 08:10PM ET,CLE,HOU,away,6.92,,,needs_review_new_player,identity_name_team_map,No reviewed normalized-name/team identity alias; do not auto-guess.
2026-06-19,2026-06-19T16:19:46.381495+00:00,2026-06-19,DraftKings official lineup CSV,https://www.draftkings.com/lineup/getavailableplayerscsv?contestTypeId=9&draftGroupId=149344,149344,9,Selected largest-prize regular Classic MLB draft group after excluding Turbo/Night/qualifier/satellite/showdown/snake/single-stat slates.,SP,Austin Peterson (43321548),Austin Peterson,43321548,P,4000,CLE@HOU 06/19/2026 08:10PM ET,06/19/2026 08:10PM ET,CLE,HOU,away,0,,,needs_review_new_player,identity_name_team_map,No reviewed normalized-name/team identity alias; do not auto-guess.
2026-06-19,2026-06-19T16:19:46.381495+00:00,2026-06-19,DraftKings official lineup CSV,https://www.draftkings.com/lineup/getavailableplayerscsv?contestTypeId=9&draftGroupId=149344,149344,9,Selected largest-prize regular Classic MLB draft group after excluding Turbo/Night/qualifier/satellite/showdown/snake/single-stat slates.,RP,Yorman Gomez (43321550),Yorman Gomez,43321550,P,4000,CLE@HOU 06/19/2026 08:10PM ET,06/19/2026 08:10PM ET,CLE,HOU,away,0,,,needs_review_new_player,identity_name_team_map,No reviewed normalized-name/team identity alias; do not auto-guess.
2026-06-19,2026-06-19T16:19:46.381495+00:00,2026-06-19,DraftKings official lineup CSV,https://www.draftkings.com/lineup/getavailableplayerscsv?contestTypeId=9&draftGroupId=149344,149344,9,Selected largest-prize regular Classic MLB draft group after excluding Turbo/Night/qualifier/satellite/showdown/snake/single-stat slates.,RP,Nate Pearson (43321563),Nate Pearson,43321563,P,4000,CLE@HOU 06/19/2026 08:10PM ET,06/19/2026 08:10PM ET,HOU,CLE,home,4.14,663878,Nate Pearson,mapped,identity_name_team_map,Stable identity seed from old DK-ID map. Pilot join status: matched via normalized_name_team
2026-06-19,2026-06-19T16:19:46.381495+00:00,2026-06-19,DraftKings official lineup CSV,https://www.draftkings.com/lineup/getavailableplayerscsv?contestTypeId=9&draftGroupId=149344,149344,9,Selected largest-prize regular Classic MLB draft group after excluding Turbo/Night/qualifier/satellite/showdown/snake/single-stat slates.,RP,Franco Aleman (43321574),Franco Aleman,43321574,P,4000,CLE@HOU 06/19/2026 08:10PM ET,06/19/2026 08:10PM ET,CLE,HOU,away,1.8,,,needs_review_new_player,identity_name_team_map,No reviewed normalized-name/team identity alias; do not auto-guess.
2026-06-19,2026-06-19T16:19:46.381495+00:00,2026-06-19,DraftKings official lineup CSV,https://www.draftkings.com/lineup/getavailableplayerscsv?contestTypeId=9&draftGroupId=149344,149344,9,Selected largest-prize regular Classic MLB draft group after excluding Turbo/Night/qualifier/satellite/showdown/snake/single-stat slates.,RP,Bryan King (43321582),Bryan King,43321582,P,4000,CLE@HOU 06/19/2026 08:10PM ET,06/19/2026 08:10PM ET,HOU,CLE,home,2.81,687911,Bryan King,mapped,identity_name_team_map,Stable identity seed from old DK-ID map. Pilot join status: matched via normalized_name_team
2026-06-19,2026-06-19T16:19:46.381495+00:00,2026-06-19,DraftKings official lineup CSV,https://www.draftkings.com/lineup/getavailableplayerscsv?contestTypeId=9&draftGroupId=149344,149344,9,Selected largest-prize regular Classic MLB draft group after excluding Turbo/Night/qualifier/satellite/showdown/snake/single-stat slates.,RP,Tim Herrin (43321594),Tim Herrin,43321594,P,4000,CLE@HOU 06/19/2026 08:10PM ET,06/19/2026 08:10PM ET,CLE,HOU,away,1.99,,,needs_review_new_player,identity_name_team_map,No reviewed normalized-name/team identity alias; do not auto-guess.
2026-06-19,2026-06-19T16:19:46.381495+00:00,2026-06-19,DraftKings official lineup CSV,https://www.draftkings.com/lineup/getavailableplayerscsv?contestTypeId=9&draftGroupId=149344,149344,9,Selected largest-prize regular Classic MLB draft group after excluding Turbo/Night/qualifier/satellite/showdown/snake/single-stat slates.,RP,Logan VanWey (43321603),Logan VanWey,43321603,P,4000,CLE@HOU 06/19/2026 08:10PM ET,06/19/2026 08:10PM ET,HOU,CLE,home,5.38,701121,Logan VanWey,mapped,identity_name_team_map,Stable identity seed from old DK-ID map. Pilot join status: matched via normalized_name_team
2026-06-19,2026-06-19T16:19:46.381495+00:00,2026-06-19,DraftKings official lineup CSV,https://www.draftkings.com/lineup/getavailableplayerscsv?contestTypeId=9&draftGroupId=149344,149344,9,Selected largest-prize regular Classic MLB draft group after excluding Turbo/Night/qualifier/satellite/showdown/snake/single-stat slates.,RP,Matt Festa (43321619),Matt Festa,43321619,P,4000,CLE@HOU 06/19/2026 08:10PM ET,06/19/2026 08:10PM ET,CLE,HOU,away,2.82,,,needs_review_new_player,identity_name_team_map,No reviewed normalized-name/team identity alias; do not auto-guess.
2026-06-19,2026-06-19T16:19:46.381495+00:00,2026-06-19,DraftKings official lineup CSV,https://www.draftkings.com/lineup/getavailableplayerscsv?contestTypeId=9&draftGroupId=149344,149344,9,Selected largest-prize regular Classic MLB draft group after excluding Turbo/Night/qualifier/satellite/showdown/snake/single-stat slates.,RP,Enyel De Los Santos (43321621),Enyel De Los Santos,43321621,P,4000,CLE@HOU 06/19/2026 08:10PM ET,06/19/2026 08:10PM ET,HOU,CLE,home,2.57,660853,Enyel De Los Santos,mapped,identity_name_team_map,Stable identity seed from old DK-ID map. Pilot join status: matched via normalized_name_team
2026-06-19,2026-06-19T16:19:46.381495+00:00,2026-06-19,DraftKings official lineup CSV,https://www.draftkings.com/lineup/getavailableplayerscsv?contestTypeId=9&draftGroupId=149344,149344,9,Selected largest-prize regular Classic MLB draft group after excluding Turbo/Night/qualifier/satellite/showdown/snake/single-stat slates.,RP,Andrew Walters (43321647),Andrew Walters,43321647,P,4000,CLE@HOU 06/19/2026 08:10PM ET,06/19/2026 08:10PM ET,CLE,HOU,away,0,,,needs_review_new_player,identity_name_team_map,No reviewed normalized-name/team identity alias; do not auto-guess.
2026-06-19,2026-06-19T16:19:46.381495+00:00,2026-06-19,DraftKings official lineup CSV,https://www.draftkings.com/lineup/getavailableplayerscsv?contestTypeId=9&draftGroupId=149344,149344,9,Selected largest-prize regular Classic MLB draft group after excluding Turbo/Night/qualifier/satellite/showdown/snake/single-stat slates.,RP,Colin Holderman (43321653),Colin Holderman,43321653,P,4000,CLE@HOU 06/19/2026 08:10PM ET,06/19/2026 08:10PM ET,CLE,HOU,away,4.62,,,needs_review_new_player,identity_name_team_map,No reviewed normalized-name/team identity alias; do not auto-guess.
2026-06-19,2026-06-19T16:19:46.381495+00:00,2026-06-19,DraftKings official lineup CSV,https://www.draftkings.com/lineup/getavailableplayerscsv?contestTypeId=9&draftGroupId=149344,149344,9,Selected largest-prize regular Classic MLB draft group after excluding Turbo/Night/qualifier/satellite/showdown/snake/single-stat slates.,RP,Alimber Santa (43321671),Alimber Santa,43321671,P,4000,CLE@HOU 06/19/2026 08:10PM ET,06/19/2026 08:10PM ET,HOU,CLE,home,4.56,695001,Alimber Santa,mapped,identity_name_team_map,Stable identity seed from old DK-ID map. Pilot join status: matched via normalized_name_team
2026-06-19,2026-06-19T16:19:46.381495+00:00,2026-06-19,DraftKings official lineup CSV,https://www.draftkings.com/lineup/getavailableplayerscsv?contestTypeId=9&draftGroupId=149344,149344,9,Selected largest-prize regular Classic MLB draft group after excluding Turbo/Night/qualifier/satellite/showdown/snake/single-stat slates.,RP,Steven Okert (43321697),Steven Okert,43321697,P,4000,CLE@HOU 06/19/2026 08:10PM ET,06/19/2026 08:10PM ET,HOU,CLE,home,2.68,595345,Steven Okert,mapped,identity_name_team_map,Stable identity seed from old DK-ID map. Pilot join status: matched via normalized_name_team
2026-06-19,2026-06-19T16:19:46.381495+00:00,2026-06-19,DraftKings official lineup CSV,https://www.draftkings.com/lineup/getavailableplayerscsv?contestTypeId=9&draftGroupId=149344,149344,9,Selected largest-prize regular Classic MLB draft group after excluding Turbo/Night/qualifier/satellite/showdown/snake/single-stat slates.,RP,Josh Hader (43321705),Josh Hader,43321705,P,4000,CLE@HOU 06/19/2026 08:10PM ET,06/19/2026 08:10PM ET,HOU,CLE,home,5.42,623352,Josh Hader,mapped,identity_name_team_map,Stable identity seed from old DK-ID map. Pilot join status: matched via normalized_name_team
2026-06-19,2026-06-19T16:19:46.381495+00:00,2026-06-19,DraftKings official lineup CSV,https://www.draftkings.com/lineup/getavailableplayerscsv?contestTypeId=9&draftGroupId=149344,149344,9,Selected largest-prize regular Classic MLB draft group after excluding Turbo/Night/qualifier/satellite/showdown/snake/single-stat slates.,RP,Cade Smith (43321716),Cade Smith,43321716,P,4000,CLE@HOU 06/19/2026 08:10PM ET,06/19/2026 08:10PM ET,CLE,HOU,away,4.59,,,needs_review_new_player,identity_name_team_map,No reviewed normalized-name/team identity alias; do not auto-guess.
2026-06-19,2026-06-19T16:19:46.381495+00:00,2026-06-19,DraftKings official lineup CSV,https://www.draftkings.com/lineup/getavailableplayerscsv?contestTypeId=9&draftGroupId=149344,149344,9,Selected largest-prize regular Classic MLB draft group after excluding Turbo/Night/qualifier/satellite/showdown/snake/single-stat slates.,RP,Codi Heuer (43321737),Codi Heuer,43321737,P,4000,CLE@HOU 06/19/2026 08:10PM ET,06/19/2026 08:10PM ET,CLE,HOU,away,1.49,,,needs_review_new_player,identity_name_team_map,No reviewed normalized-name/team identity alias; do not auto-guess.
2026-06-19,2026-06-19T16:19:46.381495+00:00,2026-06-19,DraftKings official lineup CSV,https://www.draftkings.com/lineup/getavailableplayerscsv?contestTypeId=9&draftGroupId=149344,149344,9,Selected largest-prize regular Classic MLB draft group after excluding Turbo/Night/qualifier/satellite/showdown/snake/single-stat slates.,RP,Shawn Armstrong (43321762),Shawn Armstrong,43321762,P,4000,CLE@HOU 06/19/2026 08:10PM ET,06/19/2026 08:10PM ET,CLE,HOU,away,2.94,,,needs_review_new_player,identity_name_team_map,No reviewed normalized-name/team identity alias; do not auto-guess.
2026-06-19,2026-06-19T16:19:46.381495+00:00,2026-06-19,DraftKings official lineup CSV,https://www.draftkings.com/lineup/getavailableplayerscsv?contestTypeId=9&draftGroupId=149344,149344,9,Selected largest-prize regular Classic MLB draft group after excluding Turbo/Night/qualifier/satellite/showdown/snake/single-stat slates.,RP,Hunter Gaddis (43321773),Hunter Gaddis,43321773,P,4000,CLE@HOU 06/19/2026 08:10PM ET,06/19/2026 08:10PM ET,CLE,HOU,away,1.88,,,needs_review_new_player,identity_name_team_map,No reviewed normalized-name/team identity alias; do not auto-guess.
2026-06-19,2026-06-19T16:19:46.381495+00:00,2026-06-19,DraftKings official lineup CSV,https://www.draftkings.com/lineup/getavailableplayerscsv?contestTypeId=9&draftGroupId=149344,149344,9,Selected largest-prize regular Classic MLB draft group after excluding Turbo/Night/qualifier/satellite/showdown/snake/single-stat slates.,RP,Bennett Sousa (43321807),Bennett Sousa,43321807,P,4000,CLE@HOU 06/19/2026 08:10PM ET,06/19/2026 08:10PM ET,HOU,CLE,home,0.94,656986,Bennett Sousa,mapped,identity_name_team_map,Stable identity seed from old DK-ID map. Pilot join status: matched via normalized_name_team
2026-06-19,2026-06-19T16:19:46.381495+00:00,2026-06-19,DraftKings official lineup CSV,https://www.draftkings.com/lineup/getavailableplayerscsv?contestTypeId=9&draftGroupId=149344,149344,9,Selected largest-prize regular Classic MLB draft group after excluding Turbo/Night/qualifier/satellite/showdown/snake/single-stat slates.,RP,Erik Sabrowski (43321828),Erik Sabrowski,43321828,P,4000,CLE@HOU 06/19/2026 08:10PM ET,06/19/2026 08:10PM ET,CLE,HOU,away,4.53,,,needs_review_new_player,identity_name_team_map,No reviewed normalized-name/team identity alias; do not auto-guess.
2026-06-19,2026-06-19T16:19:46.381495+00:00,2026-06-19,DraftKings official lineup CSV,https://www.draftkings.com/lineup/getavailableplayerscsv?contestTypeId=9&draftGroupId=149344,149344,9,Selected largest-prize regular Classic MLB draft group after excluding Turbo/Night/qualifier/satellite/showdown/snake/single-stat slates.,RP,Will Dion (43321835),Will Dion,43321835,P,4000,CLE@HOU 06/19/2026 08:10PM ET,06/19/2026 08:10PM ET,CLE,HOU,away,4.05,,,needs_review_new_player,identity_name_team_map,No reviewed normalized-name/team identity alias; do not auto-guess.
2026-06-19,2026-06-19T16:19:46.381495+00:00,2026-06-19,DraftKings official lineup CSV,https://www.draftkings.com/lineup/getavailableplayerscsv?contestTypeId=9&draftGroupId=149344,149344,9,Selected largest-prize regular Classic MLB draft group after excluding Turbo/Night/qualifier/satellite/showdown/snake/single-stat slates.,RP,Bryan Abreu (43321840),Bryan Abreu,43321840,P,4000,CLE@HOU 06/19/2026 08:10PM ET,06/19/2026 08:10PM ET,HOU,CLE,home,2.26,650556,Bryan Abreu,mapped,identity_name_team_map,Stable identity seed from old DK-ID map. Pilot join status: matched via normalized_name_team
2026-06-19,2026-06-19T16:19:46.381495+00:00,2026-06-19,DraftKings official lineup CSV,https://www.draftkings.com/lineup/getavailableplayerscsv?contestTypeId=9&draftGroupId=149344,149344,9,Selected largest-prize regular Classic MLB draft group after excluding Turbo/Night/qualifier/satellite/showdown/snake/single-stat slates.,RP,Eduardo Rivera (43321537),Eduardo Rivera,43321537,P,4000,BOS@SEA 06/19/2026 10:10PM ET,06/19/2026 10:10PM ET,BOS,SEA,away,12.9,,,needs_review_new_player,identity_name_team_map,No reviewed normalized-name/team identity alias; do not auto-guess.
2026-06-19,2026-06-19T16:19:46.381495+00:00,2026-06-19,DraftKings official lineup CSV,https://www.draftkings.com/lineup/getavailableplayerscsv?contestTypeId=9&draftGroupId=149344,149344,9,Selected largest-prize regular Classic MLB draft group after excluding Turbo/Night/qualifier/satellite/showdown/snake/single-stat slates.,RP,Robinson Ortiz (43321562),Robinson Ortiz,43321562,P,4000,BOS@SEA 06/19/2026 10:10PM ET,06/19/2026 10:10PM ET,SEA,BOS,home,0,,,needs_review_new_player,identity_name_team_map,No reviewed normalized-name/team identity alias; do not auto-guess.
2026-06-19,2026-06-19T16:19:46.381495+00:00,2026-06-19,DraftKings official lineup CSV,https://www.draftkings.com/lineup/getavailableplayerscsv?contestTypeId=9&draftGroupId=149344,149344,9,Selected largest-prize regular Classic MLB draft group after excluding Turbo/Night/qualifier/satellite/showdown/snake/single-stat slates.,RP,Jovani Moran (43321571),Jovani Moran,43321571,P,4000,BOS@SEA 06/19/2026 10:10PM ET,06/19/2026 10:10PM ET,BOS,SEA,away,5.27,,,needs_review_new_player,identity_name_team_map,No reviewed normalized-name/team identity alias; do not auto-guess.
2026-06-19,2026-06-19T16:19:46.381495+00:00,2026-06-19,DraftKings official lineup CSV,https://www.draftkings.com/lineup/getavailableplayerscsv?contestTypeId=9&draftGroupId=149344,149344,9,Selected largest-prize regular Classic MLB draft group after excluding Turbo/Night/qualifier/satellite/showdown/snake/single-stat slates.,RP,Ryan Watson (43321589),Ryan Watson,43321589,P,4000,BOS@SEA 06/19/2026 10:10PM ET,06/19/2026 10:10PM ET,BOS,SEA,away,3.07,,,needs_review_new_player,identity_name_team_map,No reviewed normalized-name/team identity alias; do not auto-guess.
2026-06-19,2026-06-19T16:19:46.381495+00:00,2026-06-19,DraftKings official lineup CSV,https://www.draftkings.com/lineup/getavailableplayerscsv?contestTypeId=9&draftGroupId=149344,149344,9,Selected largest-prize regular Classic MLB draft group after excluding Turbo/Night/qualifier/satellite/showdown/snake/single-stat slates.,RP,Tyler Samaniego (43321601),Tyler Samaniego,43321601,P,4000,BOS@SEA 06/19/2026 10:10PM ET,06/19/2026 10:10PM ET,BOS,SEA,away,2.43,,,needs_review_new_player,identity_name_team_map,No reviewed normalized-name/team identity alias; do not auto-guess.
2026-06-19,2026-06-19T16:19:46.381495+00:00,2026-06-19,DraftKings official lineup CSV,https://www.draftkings.com/lineup/getavailableplayerscsv?contestTypeId=9&draftGroupId=149344,149344,9,Selected largest-prize regular Classic MLB draft group after excluding Turbo/Night/qualifier/satellite/showdown/snake/single-stat slates.,RP,Joe La Sorsa (43321604),Joe La Sorsa,43321604,P,4000,BOS@SEA 06/19/2026 10:10PM ET,06/19/2026 10:10PM ET,BOS,SEA,away,0.15,,,needs_review_new_player,identity_name_team_map,No reviewed normalized-name/team identity alias; do not auto-guess.
2026-06-19,2026-06-19T16:19:46.381495+00:00,2026-06-19,DraftKings official lineup CSV,https://www.draftkings.com/lineup/getavailableplayerscsv?contestTypeId=9&draftGroupId=149344,149344,9,Selected largest-prize regular Classic MLB draft group after excluding Turbo/Night/qualifier/satellite/showdown/snake/single-stat slates.,RP,Greg Weissert (43321608),Greg Weissert,43321608,P,4000,BOS@SEA 06/19/2026 10:10PM ET,06/19/2026 10:10PM ET,BOS,SEA,away,2.45,,,needs_review_new_player,identity_name_team_map,No reviewed normalized-name/team identity alias; do not auto-guess.
2026-06-19,2026-06-19T16:19:46.381495+00:00,2026-06-19,DraftKings official lineup CSV,https://www.draftkings.com/lineup/getavailableplayerscsv?contestTypeId=9&draftGroupId=149344,149344,9,Selected largest-prize regular Classic MLB draft group after excluding Turbo/Night/qualifier/satellite/showdown/snake/single-stat slates.,RP,Aroldis Chapman (43321616),Aroldis Chapman,43321616,P,4000,BOS@SEA 06/19/2026 10:10PM ET,06/19/2026 10:10PM ET,BOS,SEA,away,4.07,,,needs_review_new_player,identity_name_team_map,No reviewed normalized-name/team identity alias; do not auto-guess.
2026-06-19,2026-06-19T16:19:46.381495+00:00,2026-06-19,DraftKings official lineup CSV,https://www.draftkings.com/lineup/getavailableplayerscsv?contestTypeId=9&draftGroupId=149344,149344,9,Selected largest-prize regular Classic MLB draft group after excluding Turbo/Night/qualifier/satellite/showdown/snake/single-stat slates.,RP,Andres Munoz (43321618),Andres Munoz,43321618,P,4000,BOS@SEA 06/19/2026 10:10PM ET,06/19/2026 10:10PM ET,SEA,BOS,home,3.24,,,needs_review_new_player,identity_name_team_map,No reviewed normalized-name/team identity alias; do not auto-guess.
2026-06-19,2026-06-19T16:19:46.381495+00:00,2026-06-19,DraftKings official lineup CSV,https://www.draftkings.com/lineup/getavailableplayerscsv?contestTypeId=9&draftGroupId=149344,149344,9,Selected largest-prize regular Classic MLB draft group after excluding Turbo/Night/qualifier/satellite/showdown/snake/single-stat slates.,RP,Garrett Whitlock (43321623),Garrett Whitlock,43321623,P,4000,BOS@SEA 06/19/2026 10:10PM ET,06/19/2026 10:10PM ET,BOS,SEA,away,4.13,,,needs_review_new_player,identity_name_team_map,No reviewed normalized-name/team identity alias; do not auto-guess.
2026-06-19,2026-06-19T16:19:46.381495+00:00,2026-06-19,DraftKings official lineup CSV,https://www.draftkings.com/lineup/getavailableplayerscsv?contestTypeId=9&draftGroupId=149344,149344,9,Selected largest-prize regular Classic MLB draft group after excluding Turbo/Night/qualifier/satellite/showdown/snake/single-stat slates.,RP,Cole Wilcox (43321634),Cole Wilcox,43321634,P,4000,BOS@SEA 06/19/2026 10:10PM ET,06/19/2026 10:10PM ET,SEA,BOS,home,2.31,,,needs_review_new_player,identity_name_team_map,No reviewed normalized-name/team identity alias; do not auto-guess.
2026-06-19,2026-06-19T16:19:46.381495+00:00,2026-06-19,DraftKings official lineup CSV,https://www.draftkings.com/lineup/getavailableplayerscsv?contestTypeId=9&draftGroupId=149344,149344,9,Selected largest-prize regular Classic MLB draft group after excluding Turbo/Night/qualifier/satellite/showdown/snake/single-stat slates.,RP,Zack Kelly (43321642),Zack Kelly,43321642,P,4000,BOS@SEA 06/19/2026 10:10PM ET,06/19/2026 10:10PM ET,BOS,SEA,away,2.21,,,needs_review_new_player,identity_name_team_map,No reviewed normalized-name/team identity alias; do not auto-guess.
2026-06-19,2026-06-19T16:19:46.381495+00:00,2026-06-19,DraftKings official lineup CSV,https://www.draftkings.com/lineup/getavailableplayerscsv?contestTypeId=9&draftGroupId=149344,149344,9,Selected largest-prize regular Classic MLB draft group after excluding Turbo/Night/qualifier/satellite/showdown/snake/single-stat slates.,RP,Nick Davila (43321643),Nick Davila,43321643,P,4000,BOS@SEA 06/19/2026 10:10PM ET,06/19/2026 10:10PM ET,SEA,BOS,home,3.13,,,needs_review_new_player,identity_name_team_map,No reviewed normalized-name/team identity alias; do not auto-guess.
2026-06-19,2026-06-19T16:19:46.381495+00:00,2026-06-19,DraftKings official lineup CSV,https://www.draftkings.com/lineup/getavailableplayerscsv?contestTypeId=9&draftGroupId=149344,149344,9,Selected largest-prize regular Classic MLB draft group after excluding Turbo/Night/qualifier/satellite/showdown/snake/single-stat slates.,RP,Eduard Bazardo (43321646),Eduard Bazardo,43321646,P,4000,BOS@SEA 06/19/2026 10:10PM ET,06/19/2026 10:10PM ET,SEA,BOS,home,2.93,,,needs_review_new_player,identity_name_team_map,No reviewed normalized-name/team identity alias; do not auto-guess.
2026-06-19,2026-06-19T16:19:46.381495+00:00,2026-06-19,DraftKings official lineup CSV,https://www.draftkings.com/lineup/getavailableplayerscsv?contestTypeId=9&draftGroupId=149344,149344,9,Selected largest-prize regular Classic MLB draft group after excluding Turbo/Night/qualifier/satellite/showdown/snake/single-stat slates.,RP,Gabe Speier (43321655),Gabe Speier,43321655,P,4000,BOS@SEA 06/19/2026 10:10PM ET,06/19/2026 10:10PM ET,SEA,BOS,home,2.55,,,needs_review_new_player,identity_name_team_map,No reviewed normalized-name/team identity alias; do not auto-guess.
2026-06-19,2026-06-19T16:19:46.381495+00:00,2026-06-19,DraftKings official lineup CSV,https://www.draftkings.com/lineup/getavailableplayerscsv?contestTypeId=9&draftGroupId=149344,149344,9,Selected largest-prize regular Classic MLB draft group after excluding Turbo/Night/qualifier/satellite/showdown/snake/single-stat slates.,RP,Troy Taylor (43321661),Troy Taylor,43321661,P,4000,BOS@SEA 06/19/2026 10:10PM ET,06/19/2026 10:10PM ET,SEA,BOS,home,0,,,needs_review_new_player,identity_name_team_map,No reviewed normalized-name/team identity alias; do not auto-guess.
2026-06-19,2026-06-19T16:19:46.381495+00:00,2026-06-19,DraftKings official lineup CSV,https://www.draftkings.com/lineup/getavailableplayerscsv?contestTypeId=9&draftGroupId=149344,149344,9,Selected largest-prize regular Classic MLB draft group after excluding Turbo/Night/qualifier/satellite/showdown/snake/single-stat slates.,RP,Jose A. Ferrer (43321663),Jose A. Ferrer,43321663,P,4000,BOS@SEA 06/19/2026 10:10PM ET,06/19/2026 10:10PM ET,SEA,BOS,home,2.29,,,needs_review_new_player,identity_name_team_map,No reviewed normalized-name/team identity alias; do not auto-guess.
2026-06-19,2026-06-19T16:19:46.381495+00:00,2026-06-19,DraftKings official lineup CSV,https://www.draftkings.com/lineup/getavailableplayerscsv?contestTypeId=9&draftGroupId=149344,149344,9,Selected largest-prize regular Classic MLB draft group after excluding Turbo/Night/qualifier/satellite/showdown/snake/single-stat slates.,RP,Alec Gamboa (43321670),Alec Gamboa,43321670,P,4000,BOS@SEA 06/19/2026 10:10PM ET,06/19/2026 10:10PM ET,BOS,SEA,away,4.88,,,needs_review_new_player,identity_name_team_map,No reviewed normalized-name/team identity alias; do not auto-guess.
2026-06-19,2026-06-19T16:19:46.381495+00:00,2026-06-19,DraftKings official lineup CSV,https://www.draftkings.com/lineup/getavailableplayerscsv?contestTypeId=9&draftGroupId=149344,149344,9,Selected largest-prize regular Classic MLB draft group after excluding Turbo/Night/qualifier/satellite/showdown/snake/single-stat slates.,RP,Danny Coulombe (43321686),Danny Coulombe,43321686,P,4000,BOS@SEA 06/19/2026 10:10PM ET,06/19/2026 10:10PM ET,BOS,SEA,away,1.11,,,needs_review_new_player,identity_name_team_map,No reviewed normalized-name/team identity alias; do not auto-guess.
2026-06-19,2026-06-19T16:19:46.381495+00:00,2026-06-19,DraftKings official lineup CSV,https://www.draftkings.com/lineup/getavailableplayerscsv?contestTypeId=9&draftGroupId=149344,149344,9,Selected largest-prize regular Classic MLB draft group after excluding Turbo/Night/qualifier/satellite/showdown/snake/single-stat slates.,RP,Tyler Uberstine (43321715),Tyler Uberstine,43321715,P,4000,BOS@SEA 06/19/2026 10:10PM ET,06/19/2026 10:10PM ET,BOS,SEA,away,5.6,,,needs_review_new_player,identity_name_team_map,No reviewed normalized-name/team identity alias; do not auto-guess.
2026-06-19,2026-06-19T16:19:46.381495+00:00,2026-06-19,DraftKings official lineup CSV,https://www.draftkings.com/lineup/getavailableplayerscsv?contestTypeId=9&draftGroupId=149344,149344,9,Selected largest-prize regular Classic MLB draft group after excluding Turbo/Night/qualifier/satellite/showdown/snake/single-stat slates.,RP,Jack Anderson (43321724),Jack Anderson,43321724,P,4000,BOS@SEA 06/19/2026 10:10PM ET,06/19/2026 10:10PM ET,BOS,SEA,away,6,,,needs_review_new_player,identity_name_team_map,No reviewed normalized-name/team identity alias; do not auto-guess.
2026-06-19,2026-06-19T16:19:46.381495+00:00,2026-06-19,DraftKings official lineup CSV,https://www.draftkings.com/lineup/getavailableplayerscsv?contestTypeId=9&draftGroupId=149344,149344,9,Selected largest-prize regular Classic MLB draft group after excluding Turbo/Night/qualifier/satellite/showdown/snake/single-stat slates.,RP,Carlos Vargas (43321725),Carlos Vargas,43321725,P,4000,BOS@SEA 06/19/2026 10:10PM ET,06/19/2026 10:10PM ET,SEA,BOS,home,0,,,needs_review_new_player,identity_name_team_map,No reviewed normalized-name/team identity alias; do not auto-guess.
2026-06-19,2026-06-19T16:19:46.381495+00:00,2026-06-19,DraftKings official lineup CSV,https://www.draftkings.com/lineup/getavailableplayerscsv?contestTypeId=9&draftGroupId=149344,149344,9,Selected largest-prize regular Classic MLB draft group after excluding Turbo/Night/qualifier/satellite/showdown/snake/single-stat slates.,RP,Matt Brash (43321728),Matt Brash,43321728,P,4000,BOS@SEA 06/19/2026 10:10PM ET,06/19/2026 10:10PM ET,SEA,BOS,home,3.36,,,needs_review_new_player,identity_name_team_map,No reviewed normalized-name/team identity alias; do not auto-guess.
2026-06-19,2026-06-19T16:19:46.381495+00:00,2026-06-19,DraftKings official lineup CSV,https://www.draftkings.com/lineup/getavailableplayerscsv?contestTypeId=9&draftGroupId=149344,149344,9,Selected largest-prize regular Classic MLB draft group after excluding Turbo/Night/qualifier/satellite/showdown/snake/single-stat slates.,RP,Tyron Guerrero (43321758),Tyron Guerrero,43321758,P,4000,BOS@SEA 06/19/2026 10:10PM ET,06/19/2026 10:10PM ET,BOS,SEA,away,3.40,,,needs_review_new_player,identity_name_team_map,No reviewed normalized-name/team identity alias; do not auto-guess.
2026-06-19,2026-06-19T16:19:46.381495+00:00,2026-06-19,DraftKings official lineup CSV,https://www.draftkings.com/lineup/getavailableplayerscsv?contestTypeId=9&draftGroupId=149344,149344,9,Selected largest-prize regular Classic MLB draft group after excluding Turbo/Night/qualifier/satellite/showdown/snake/single-stat slates.,RP,Josh Simpson (43321793),Josh Simpson,43321793,P,4000,BOS@SEA 06/19/2026 10:10PM ET,06/19/2026 10:10PM ET,SEA,BOS,home,1.82,,,needs_review_new_player,identity_name_team_map,No reviewed normalized-name/team identity alias; do not auto-guess.
2026-06-19,2026-06-19T16:19:46.381495+00:00,2026-06-19,DraftKings official lineup CSV,https://www.draftkings.com/lineup/getavailableplayerscsv?contestTypeId=9&draftGroupId=149344,149344,9,Selected largest-prize regular Classic MLB draft group after excluding Turbo/Night/qualifier/satellite/showdown/snake/single-stat slates.,RP,Michael Rucker (43321802),Michael Rucker,43321802,P,4000,BOS@SEA 06/19/2026 10:10PM ET,06/19/2026 10:10PM ET,SEA,BOS,home,4.32,,,needs_review_new_player,identity_name_team_map,No reviewed normalized-name/team identity alias; do not auto-guess.
2026-06-19,2026-06-19T16:19:46.381495+00:00,2026-06-19,DraftKings official lineup CSV,https://www.draftkings.com/lineup/getavailableplayerscsv?contestTypeId=9&draftGroupId=149344,149344,9,Selected largest-prize regular Classic MLB draft group after excluding Turbo/Night/qualifier/satellite/showdown/snake/single-stat slates.,RP,Justin Slaten (43321830),Justin Slaten,43321830,P,4000,BOS@SEA 06/19/2026 10:10PM ET,06/19/2026 10:10PM ET,BOS,SEA,away,2.15,,,needs_review_new_player,identity_name_team_map,No reviewed normalized-name/team identity alias; do not auto-guess.
2026-06-19,2026-06-19T16:19:46.381495+00:00,2026-06-19,DraftKings official lineup CSV,https://www.draftkings.com/lineup/getavailableplayerscsv?contestTypeId=9&draftGroupId=149344,149344,9,Selected largest-prize regular Classic MLB draft group after excluding Turbo/Night/qualifier/satellite/showdown/snake/single-stat slates.,RP,Tommy Kahnle (43321841),Tommy Kahnle,43321841,P,4000,BOS@SEA 06/19/2026 10:10PM ET,06/19/2026 10:10PM ET,BOS,SEA,away,2.7,,,needs_review_new_player,identity_name_team_map,No reviewed normalized-name/team identity alias; do not auto-guess.
2026-06-19,2026-06-19T16:19:46.381495+00:00,2026-06-19,DraftKings official lineup CSV,https://www.draftkings.com/lineup/getavailableplayerscsv?contestTypeId=9&draftGroupId=149344,149344,9,Selected largest-prize regular Classic MLB draft group after excluding Turbo/Night/qualifier/satellite/showdown/snake/single-stat slates.,RP,Alex Hoppe (43321846),Alex Hoppe,43321846,P,4000,BOS@SEA 06/19/2026 10:10PM ET,06/19/2026 10:10PM ET,SEA,BOS,home,2.77,,,needs_review_new_player,identity_name_team_map,No reviewed normalized-name/team identity alias; do not auto-guess.
2026-06-19,2026-06-19T16:19:46.381495+00:00,2026-06-19,DraftKings official lineup CSV,https://www.draftkings.com/lineup/getavailableplayerscsv?contestTypeId=9&draftGroupId=149344,149344,9,Selected largest-prize regular Classic MLB draft group after excluding Turbo/Night/qualifier/satellite/showdown/snake/single-stat slates.,C,Will Smith (43321071),Will Smith,43321071,C,4000,BAL@LAD 06/19/2026 10:10PM ET,06/19/2026 10:10PM ET,LAD,BAL,home,6.21,,,needs_review_new_player,identity_name_team_map,No reviewed normalized-name/team identity alias; do not auto-guess.
2026-06-19,2026-06-19T16:19:46.381495+00:00,2026-06-19,DraftKings official lineup CSV,https://www.draftkings.com/lineup/getavailableplayerscsv?contestTypeId=9&draftGroupId=149344,149344,9,Selected largest-prize regular Classic MLB draft group after excluding Turbo/Night/qualifier/satellite/showdown/snake/single-stat slates.,RP,Ronan Kopp (43321526),Ronan Kopp,43321526,P,4000,BAL@LAD 06/19/2026 10:10PM ET,06/19/2026 10:10PM ET,LAD,BAL,home,0,,,needs_review_new_player,identity_name_team_map,No reviewed normalized-name/team identity alias; do not auto-guess.
2026-06-19,2026-06-19T16:19:46.381495+00:00,2026-06-19,DraftKings official lineup CSV,https://www.draftkings.com/lineup/getavailableplayerscsv?contestTypeId=9&draftGroupId=149344,149344,9,Selected largest-prize regular Classic MLB draft group after excluding Turbo/Night/qualifier/satellite/showdown/snake/single-stat slates.,RP,Cameron Weston (43321535),Cameron Weston,43321535,P,4000,BAL@LAD 06/19/2026 10:10PM ET,06/19/2026 10:10PM ET,BAL,LAD,away,3.65,,,needs_review_new_player,identity_name_team_map,No reviewed normalized-name/team identity alias; do not auto-guess.
2026-06-19,2026-06-19T16:19:46.381495+00:00,2026-06-19,DraftKings official lineup CSV,https://www.draftkings.com/lineup/getavailableplayerscsv?contestTypeId=9&draftGroupId=149344,149344,9,Selected largest-prize regular Classic MLB draft group after excluding Turbo/Night/qualifier/satellite/showdown/snake/single-stat slates.,RP,Brusdar Graterol (43321536),Brusdar Graterol,43321536,P,4000,BAL@LAD 06/19/2026 10:10PM ET,06/19/2026 10:10PM ET,LAD,BAL,home,0,,,needs_review_new_player,identity_name_team_map,No reviewed normalized-name/team identity alias; do not auto-guess.
2026-06-19,2026-06-19T16:19:46.381495+00:00,2026-06-19,DraftKings official lineup CSV,https://www.draftkings.com/lineup/getavailableplayerscsv?contestTypeId=9&draftGroupId=149344,149344,9,Selected largest-prize regular Classic MLB draft group after excluding Turbo/Night/qualifier/satellite/showdown/snake/single-stat slates.,RP,Jake Cousins (43321559),Jake Cousins,43321559,P,4000,BAL@LAD 06/19/2026 10:10PM ET,06/19/2026 10:10PM ET,LAD,BAL,home,0,,,needs_review_new_player,identity_name_team_map,No reviewed normalized-name/team identity alias; do not auto-guess.
2026-06-19,2026-06-19T16:19:46.381495+00:00,2026-06-19,DraftKings official lineup CSV,https://www.draftkings.com/lineup/getavailableplayerscsv?contestTypeId=9&draftGroupId=149344,149344,9,Selected largest-prize regular Classic MLB draft group after excluding Turbo/Night/qualifier/satellite/showdown/snake/single-stat slates.,SP,Nick Frasso (43321560),Nick Frasso,43321560,P,4000,BAL@LAD 06/19/2026 10:10PM ET,06/19/2026 10:10PM ET,LAD,BAL,home,0,,,needs_review_new_player,identity_name_team_map,No reviewed normalized-name/team identity alias; do not auto-guess.
2026-06-19,2026-06-19T16:19:46.381495+00:00,2026-06-19,DraftKings official lineup CSV,https://www.draftkings.com/lineup/getavailableplayerscsv?contestTypeId=9&draftGroupId=149344,149344,9,Selected largest-prize regular Classic MLB draft group after excluding Turbo/Night/qualifier/satellite/showdown/snake/single-stat slates.,RP,Cameron Foster (43321573),Cameron Foster,43321573,P,4000,BAL@LAD 06/19/2026 10:10PM ET,06/19/2026 10:10PM ET,BAL,LAD,away,0.88,,,needs_review_new_player,identity_name_team_map,No reviewed normalized-name/team identity alias; do not auto-guess.
2026-06-19,2026-06-19T16:19:46.381495+00:00,2026-06-19,DraftKings official lineup CSV,https://www.draftkings.com/lineup/getavailableplayerscsv?contestTypeId=9&draftGroupId=149344,149344,9,Selected largest-prize regular Classic MLB draft group after excluding Turbo/Night/qualifier/satellite/showdown/snake/single-stat slates.,RP,Will Klein (43321576),Will Klein,43321576,P,4000,BAL@LAD 06/19/2026 10:10PM ET,06/19/2026 10:10PM ET,LAD,BAL,home,4.05,,,needs_review_new_player,identity_name_team_map,No reviewed normalized-name/team identity alias; do not auto-guess.
2026-06-19,2026-06-19T16:19:46.381495+00:00,2026-06-19,DraftKings official lineup CSV,https://www.draftkings.com/lineup/getavailableplayerscsv?contestTypeId=9&draftGroupId=149344,149344,9,Selected largest-prize regular Classic MLB draft group after excluding Turbo/Night/qualifier/satellite/showdown/snake/single-stat slates.,RP,Blake Treinen (43321580),Blake Treinen,43321580,P,4000,BAL@LAD 06/19/2026 10:10PM ET,06/19/2026 10:10PM ET,LAD,BAL,home,2.51,,,needs_review_new_player,identity_name_team_map,No reviewed normalized-name/team identity alias; do not auto-guess.
2026-06-19,2026-06-19T16:19:46.381495+00:00,2026-06-19,DraftKings official lineup CSV,https://www.draftkings.com/lineup/getavailableplayerscsv?contestTypeId=9&draftGroupId=149344,149344,9,Selected largest-prize regular Classic MLB draft group after excluding Turbo/Night/qualifier/satellite/showdown/snake/single-stat slates.,RP,Josh Walker (43321595),Josh Walker,43321595,P,4000,BAL@LAD 06/19/2026 10:10PM ET,06/19/2026 10:10PM ET,BAL,LAD,away,4,,,needs_review_new_player,identity_name_team_map,No reviewed normalized-name/team identity alias; do not auto-guess.
2026-06-19,2026-06-19T16:19:46.381495+00:00,2026-06-19,DraftKings official lineup CSV,https://www.draftkings.com/lineup/getavailableplayerscsv?contestTypeId=9&draftGroupId=149344,149344,9,Selected largest-prize regular Classic MLB draft group after excluding Turbo/Night/qualifier/satellite/showdown/snake/single-stat slates.,RP,Yennier Cano (43321609),Yennier Cano,43321609,P,4000,BAL@LAD 06/19/2026 10:10PM ET,06/19/2026 10:10PM ET,BAL,LAD,away,2.47,,,needs_review_new_player,identity_name_team_map,No reviewed normalized-name/team identity alias; do not auto-guess.
2026-06-19,2026-06-19T16:19:46.381495+00:00,2026-06-19,DraftKings official lineup CSV,https://www.draftkings.com/lineup/getavailableplayerscsv?contestTypeId=9&draftGroupId=149344,149344,9,Selected largest-prize regular Classic MLB draft group after excluding Turbo/Night/qualifier/satellite/showdown/snake/single-stat slates.,RP,Andrew Kittredge (43321626),Andrew Kittredge,43321626,P,4000,BAL@LAD 06/19/2026 10:10PM ET,06/19/2026 10:10PM ET,BAL,LAD,away,1.63,,,needs_review_new_player,identity_name_team_map,No reviewed normalized-name/team identity alias; do not auto-guess.
2026-06-19,2026-06-19T16:19:46.381495+00:00,2026-06-19,DraftKings official lineup CSV,https://www.draftkings.com/lineup/getavailableplayerscsv?contestTypeId=9&draftGroupId=149344,149344,9,Selected largest-prize regular Classic MLB draft group after excluding Turbo/Night/qualifier/satellite/showdown/snake/single-stat slates.,RP,Brock Stewart (43321632),Brock Stewart,43321632,P,4000,BAL@LAD 06/19/2026 10:10PM ET,06/19/2026 10:10PM ET,LAD,BAL,home,4.95,,,needs_review_new_player,identity_name_team_map,No reviewed normalized-name/team identity alias; do not auto-guess.
2026-06-19,2026-06-19T16:19:46.381495+00:00,2026-06-19,DraftKings official lineup CSV,https://www.draftkings.com/lineup/getavailableplayerscsv?contestTypeId=9&draftGroupId=149344,149344,9,Selected largest-prize regular Classic MLB draft group after excluding Turbo/Night/qualifier/satellite/showdown/snake/single-stat slates.,RP,Anthony Nunez (43321656),Anthony Nunez,43321656,P,4000,BAL@LAD 06/19/2026 10:10PM ET,06/19/2026 10:10PM ET,BAL,LAD,away,2.93,,,needs_review_new_player,identity_name_team_map,No reviewed normalized-name/team identity alias; do not auto-guess.
2026-06-19,2026-06-19T16:19:46.381495+00:00,2026-06-19,DraftKings official lineup CSV,https://www.draftkings.com/lineup/getavailableplayerscsv?contestTypeId=9&draftGroupId=149344,149344,9,Selected largest-prize regular Classic MLB draft group after excluding Turbo/Night/qualifier/satellite/showdown/snake/single-stat slates.,RP,Wyatt Mills (43321676),Wyatt Mills,43321676,P,4000,BAL@LAD 06/19/2026 10:10PM ET,06/19/2026 10:10PM ET,LAD,BAL,home,-0.78,,,needs_review_new_player,identity_name_team_map,No reviewed normalized-name/team identity alias; do not auto-guess.
2026-06-19,2026-06-19T16:19:46.381495+00:00,2026-06-19,DraftKings official lineup CSV,https://www.draftkings.com/lineup/getavailableplayerscsv?contestTypeId=9&draftGroupId=149344,149344,9,Selected largest-prize regular Classic MLB draft group after excluding Turbo/Night/qualifier/satellite/showdown/snake/single-stat slates.,RP,Paul Gervase (43321680),Paul Gervase,43321680,P,4000,BAL@LAD 06/19/2026 10:10PM ET,06/19/2026 10:10PM ET,LAD,BAL,home,7.52,,,needs_review_new_player,identity_name_team_map,No reviewed normalized-name/team identity alias; do not auto-guess.
2026-06-19,2026-06-19T16:19:46.381495+00:00,2026-06-19,DraftKings official lineup CSV,https://www.draftkings.com/lineup/getavailableplayerscsv?contestTypeId=9&draftGroupId=149344,149344,9,Selected largest-prize regular Classic MLB draft group after excluding Turbo/Night/qualifier/satellite/showdown/snake/single-stat slates.,RP,Yaramil Hiraldo (43321682),Yaramil Hiraldo,43321682,P,4000,BAL@LAD 06/19/2026 10:10PM ET,06/19/2026 10:10PM ET,BAL,LAD,away,-1.48,,,needs_review_new_player,identity_name_team_map,No reviewed normalized-name/team identity alias; do not auto-guess.
2026-06-19,2026-06-19T16:19:46.381495+00:00,2026-06-19,DraftKings official lineup CSV,https://www.draftkings.com/lineup/getavailableplayerscsv?contestTypeId=9&draftGroupId=149344,149344,9,Selected largest-prize regular Classic MLB draft group after excluding Turbo/Night/qualifier/satellite/showdown/snake/single-stat slates.,RP,Felix Bautista (43321692),Felix Bautista,43321692,P,4000,BAL@LAD 06/19/2026 10:10PM ET,06/19/2026 10:10PM ET,BAL,LAD,away,0,,,needs_review_new_player,identity_name_team_map,No reviewed normalized-name/team identity alias; do not auto-guess.
2026-06-19,2026-06-19T16:19:46.381495+00:00,2026-06-19,DraftKings official lineup CSV,https://www.draftkings.com/lineup/getavailableplayerscsv?contestTypeId=9&draftGroupId=149344,149344,9,Selected largest-prize regular Classic MLB draft group after excluding Turbo/Night/qualifier/satellite/showdown/snake/single-stat slates.,RP,Ben Casparius (43321700),Ben Casparius,43321700,P,4000,BAL@LAD 06/19/2026 10:10PM ET,06/19/2026 10:10PM ET,LAD,BAL,home,0.5,,,needs_review_new_player,identity_name_team_map,No reviewed normalized-name/team identity alias; do not auto-guess.
2026-06-19,2026-06-19T16:19:46.381495+00:00,2026-06-19,DraftKings official lineup CSV,https://www.draftkings.com/lineup/getavailableplayerscsv?contestTypeId=9&draftGroupId=149344,149344,9,Selected largest-prize regular Classic MLB draft group after excluding Turbo/Night/qualifier/satellite/showdown/snake/single-stat slates.,RP,Charlie Barnes (43321708),Charlie Barnes,43321708,P,4000,BAL@LAD 06/19/2026 10:10PM ET,06/19/2026 10:10PM ET,LAD,BAL,home,1.08,,,needs_review_new_player,identity_name_team_map,No reviewed normalized-name/team identity alias; do not auto-guess.
2026-06-19,2026-06-19T16:19:46.381495+00:00,2026-06-19,DraftKings official lineup CSV,https://www.draftkings.com/lineup/getavailableplayerscsv?contestTypeId=9&draftGroupId=149344,149344,9,Selected largest-prize regular Classic MLB draft group after excluding Turbo/Night/qualifier/satellite/showdown/snake/single-stat slates.,RP,Alex Vesia (43321711),Alex Vesia,43321711,P,4000,BAL@LAD 06/19/2026 10:10PM ET,06/19/2026 10:10PM ET,LAD,BAL,home,2.82,,,needs_review_new_player,identity_name_team_map,No reviewed normalized-name/team identity alias; do not auto-guess.
2026-06-19,2026-06-19T16:19:46.381495+00:00,2026-06-19,DraftKings official lineup CSV,https://www.draftkings.com/lineup/getavailableplayerscsv?contestTypeId=9&draftGroupId=149344,149344,9,Selected largest-prize regular Classic MLB draft group after excluding Turbo/Night/qualifier/satellite/showdown/snake/single-stat slates.,RP,Ryan Helsley (43321717),Ryan Helsley,43321717,P,4000,BAL@LAD 06/19/2026 10:10PM ET,06/19/2026 10:10PM ET,BAL,LAD,away,3.13,,,needs_review_new_player,identity_name_team_map,No reviewed normalized-name/team identity alias; do not auto-guess.
2026-06-19,2026-06-19T16:19:46.381495+00:00,2026-06-19,DraftKings official lineup CSV,https://www.draftkings.com/lineup/getavailableplayerscsv?contestTypeId=9&draftGroupId=149344,149344,9,Selected largest-prize regular Classic MLB draft group after excluding Turbo/Night/qualifier/satellite/showdown/snake/single-stat slates.,RP,Kyle Nicolas (43321735),Kyle Nicolas,43321735,P,4000,BAL@LAD 06/19/2026 10:10PM ET,06/19/2026 10:10PM ET,BAL,LAD,away,1.13,,,needs_review_new_player,identity_name_team_map,No reviewed normalized-name/team identity alias; do not auto-guess.
2026-06-19,2026-06-19T16:19:46.381495+00:00,2026-06-19,DraftKings official lineup CSV,https://www.draftkings.com/lineup/getavailableplayerscsv?contestTypeId=9&draftGroupId=149344,149344,9,Selected largest-prize regular Classic MLB draft group after excluding Turbo/Night/qualifier/satellite/showdown/snake/single-stat slates.,RP,Nick Raquet (43321741),Nick Raquet,43321741,P,4000,BAL@LAD 06/19/2026 10:10PM ET,06/19/2026 10:10PM ET,BAL,LAD,away,-0.53,,,needs_review_new_player,identity_name_team_map,No reviewed normalized-name/team identity alias; do not auto-guess.
2026-06-19,2026-06-19T16:19:46.381495+00:00,2026-06-19,DraftKings official lineup CSV,https://www.draftkings.com/lineup/getavailableplayerscsv?contestTypeId=9&draftGroupId=149344,149344,9,Selected largest-prize regular Classic MLB draft group after excluding Turbo/Night/qualifier/satellite/showdown/snake/single-stat slates.,RP,Edgardo Henriquez (43321743),Edgardo Henriquez,43321743,P,4000,BAL@LAD 06/19/2026 10:10PM ET,06/19/2026 10:10PM ET,LAD,BAL,home,3.35,,,needs_review_new_player,identity_name_team_map,No reviewed normalized-name/team identity alias; do not auto-guess.
2026-06-19,2026-06-19T16:19:46.381495+00:00,2026-06-19,DraftKings official lineup CSV,https://www.draftkings.com/lineup/getavailableplayerscsv?contestTypeId=9&draftGroupId=149344,149344,9,Selected largest-prize regular Classic MLB draft group after excluding Turbo/Night/qualifier/satellite/showdown/snake/single-stat slates.,RP,Colin Selby (43321745),Colin Selby,43321745,P,4000,BAL@LAD 06/19/2026 10:10PM ET,06/19/2026 10:10PM ET,BAL,LAD,away,0,,,needs_review_new_player,identity_name_team_map,No reviewed normalized-name/team identity alias; do not auto-guess.
2026-06-19,2026-06-19T16:19:46.381495+00:00,2026-06-19,DraftKings official lineup CSV,https://www.draftkings.com/lineup/getavailableplayerscsv?contestTypeId=9&draftGroupId=149344,149344,9,Selected largest-prize regular Classic MLB draft group after excluding Turbo/Night/qualifier/satellite/showdown/snake/single-stat slates.,RP,Jonathan Hernandez (43321752),Jonathan Hernandez,43321752,P,4000,BAL@LAD 06/19/2026 10:10PM ET,06/19/2026 10:10PM ET,LAD,BAL,home,3.19,,,needs_review_new_player,identity_name_team_map,No reviewed normalized-name/team identity alias; do not auto-guess.
2026-06-19,2026-06-19T16:19:46.381495+00:00,2026-06-19,DraftKings official lineup CSV,https://www.draftkings.com/lineup/getavailableplayerscsv?contestTypeId=9&draftGroupId=149344,149344,9,Selected largest-prize regular Classic MLB draft group after excluding Turbo/Night/qualifier/satellite/showdown/snake/single-stat slates.,RP,Tanner Scott (43321757),Tanner Scott,43321757,P,4000,BAL@LAD 06/19/2026 10:10PM ET,06/19/2026 10:10PM ET,LAD,BAL,home,3.65,,,needs_review_new_player,identity_name_team_map,No reviewed normalized-name/team identity alias; do not auto-guess.
2026-06-19,2026-06-19T16:19:46.381495+00:00,2026-06-19,DraftKings official lineup CSV,https://www.draftkings.com/lineup/getavailableplayerscsv?contestTypeId=9&draftGroupId=149344,149344,9,Selected largest-prize regular Classic MLB draft group after excluding Turbo/Night/qualifier/satellite/showdown/snake/single-stat slates.,RP,Jordan Weems (43321766),Jordan Weems,43321766,P,4000,BAL@LAD 06/19/2026 10:10PM ET,06/19/2026 10:10PM ET,LAD,BAL,home,0,,,needs_review_new_player,identity_name_team_map,No reviewed normalized-name/team identity alias; do not auto-guess.
2026-06-19,2026-06-19T16:19:46.381495+00:00,2026-06-19,DraftKings official lineup CSV,https://www.draftkings.com/lineup/getavailableplayerscsv?contestTypeId=9&draftGroupId=149344,149344,9,Selected largest-prize regular Classic MLB draft group after excluding Turbo/Night/qualifier/satellite/showdown/snake/single-stat slates.,RP,Grant Wolfram (43321769),Grant Wolfram,43321769,P,4000,BAL@LAD 06/19/2026 10:10PM ET,06/19/2026 10:10PM ET,BAL,LAD,away,2.31,,,needs_review_new_player,identity_name_team_map,No reviewed normalized-name/team identity alias; do not auto-guess.
2026-06-19,2026-06-19T16:19:46.381495+00:00,2026-06-19,DraftKings official lineup CSV,https://www.draftkings.com/lineup/getavailableplayerscsv?contestTypeId=9&draftGroupId=149344,149344,9,Selected largest-prize regular Classic MLB draft group after excluding Turbo/Night/qualifier/satellite/showdown/snake/single-stat slates.,RP,Evan Phillips (43321781),Evan Phillips,43321781,P,4000,BAL@LAD 06/19/2026 10:10PM ET,06/19/2026 10:10PM ET,LAD,BAL,home,0,,,needs_review_new_player,identity_name_team_map,No reviewed normalized-name/team identity alias; do not auto-guess.
2026-06-19,2026-06-19T16:19:46.381495+00:00,2026-06-19,DraftKings official lineup CSV,https://www.draftkings.com/lineup/getavailableplayerscsv?contestTypeId=9&draftGroupId=149344,149344,9,Selected largest-prize regular Classic MLB draft group after excluding Turbo/Night/qualifier/satellite/showdown/snake/single-stat slates.,RP,Jack Dreyer (43321787),Jack Dreyer,43321787,P,4000,BAL@LAD 06/19/2026 10:10PM ET,06/19/2026 10:10PM ET,LAD,BAL,home,3.57,,,needs_review_new_player,identity_name_team_map,No reviewed normalized-name/team identity alias; do not auto-guess.
2026-06-19,2026-06-19T16:19:46.381495+00:00,2026-06-19,DraftKings official lineup CSV,https://www.draftkings.com/lineup/getavailableplayerscsv?contestTypeId=9&draftGroupId=149344,149344,9,Selected largest-prize regular Classic MLB draft group after excluding Turbo/Night/qualifier/satellite/showdown/snake/single-stat slates.,RP,Jake Eder (43321791),Jake Eder,43321791,P,4000,BAL@LAD 06/19/2026 10:10PM ET,06/19/2026 10:10PM ET,LAD,BAL,home,2.65,,,needs_review_new_player,identity_name_team_map,No reviewed normalized-name/team identity alias; do not auto-guess.
2026-06-19,2026-06-19T16:19:46.381495+00:00,2026-06-19,DraftKings official lineup CSV,https://www.draftkings.com/lineup/getavailableplayerscsv?contestTypeId=9&draftGroupId=149344,149344,9,Selected largest-prize regular Classic MLB draft group after excluding Turbo/Night/qualifier/satellite/showdown/snake/single-stat slates.,RP,Kyle Hurt (43321817),Kyle Hurt,43321817,P,4000,BAL@LAD 06/19/2026 10:10PM ET,06/19/2026 10:10PM ET,LAD,BAL,home,3.49,,,needs_review_new_player,identity_name_team_map,No reviewed normalized-name/team identity alias; do not auto-guess.
2026-06-19,2026-06-19T16:19:46.381495+00:00,2026-06-19,DraftKings official lineup CSV,https://www.draftkings.com/lineup/getavailableplayerscsv?contestTypeId=9&draftGroupId=149344,149344,9,Selected largest-prize regular Classic MLB draft group after excluding Turbo/Night/qualifier/satellite/showdown/snake/single-stat slates.,RP,Rico Garcia (43321821),Rico Garcia,43321821,P,4000,BAL@LAD 06/19/2026 10:10PM ET,06/19/2026 10:10PM ET,BAL,LAD,away,3.69,,,needs_review_new_player,identity_name_team_map,No reviewed normalized-name/team identity alias; do not auto-guess.
2026-06-19,2026-06-19T16:19:46.381495+00:00,2026-06-19,DraftKings official lineup CSV,https://www.draftkings.com/lineup/getavailableplayerscsv?contestTypeId=9&draftGroupId=149344,149344,9,Selected largest-prize regular Classic MLB draft group after excluding Turbo/Night/qualifier/satellite/showdown/snake/single-stat slates.,RP,Edwin Diaz (43321842),Edwin Diaz,43321842,P,4000,BAL@LAD 06/19/2026 10:10PM ET,06/19/2026 10:10PM ET,LAD,BAL,home,2.07,,,needs_review_new_player,identity_name_team_map,No reviewed normalized-name/team identity alias; do not auto-guess.
2026-06-19,2026-06-19T16:19:46.381495+00:00,2026-06-19,DraftKings official lineup CSV,https://www.draftkings.com/lineup/getavailableplayerscsv?contestTypeId=9&draftGroupId=149344,149344,9,Selected largest-prize regular Classic MLB draft group after excluding Turbo/Night/qualifier/satellite/showdown/snake/single-stat slates.,RP,James McArthur (43321546),James McArthur,43321546,P,4000,STL@KC 06/19/2026 08:15PM ET,06/19/2026 08:15PM ET,KC,STL,home,0,663704,James McArthur,mapped,identity_name_team_map,Stable identity seed from old DK-ID map. Pilot join status: matched_people_search_name via mlb_people_search_normalized_name
2026-06-19,2026-06-19T16:19:46.381495+00:00,2026-06-19,DraftKings official lineup CSV,https://www.draftkings.com/lineup/getavailableplayerscsv?contestTypeId=9&draftGroupId=149344,149344,9,Selected largest-prize regular Classic MLB draft group after excluding Turbo/Night/qualifier/satellite/showdown/snake/single-stat slates.,RP,Cooper Hjerpe (43321547),Cooper Hjerpe,43321547,P,4000,STL@KC 06/19/2026 08:15PM ET,06/19/2026 08:15PM ET,STL,KC,away,0,687309,Cooper Hjerpe,mapped,identity_name_team_map,Stable identity seed from old DK-ID map. Pilot join status: matched_people_search_name via mlb_people_search_normalized_name
2026-06-19,2026-06-19T16:19:46.381495+00:00,2026-06-19,DraftKings official lineup CSV,https://www.draftkings.com/lineup/getavailableplayerscsv?contestTypeId=9&draftGroupId=149344,149344,9,Selected largest-prize regular Classic MLB draft group after excluding Turbo/Night/qualifier/satellite/showdown/snake/single-stat slates.,SP,Tink Hence (43321553),Tink Hence,43321553,P,4000,STL@KC 06/19/2026 08:15PM ET,06/19/2026 08:15PM ET,STL,KC,away,0,693311,Tink Hence,mapped,identity_name_team_map,Stable identity seed from old DK-ID map. Pilot join status: matched_people_search_name via mlb_people_search_normalized_name
2026-06-19,2026-06-19T16:19:46.381495+00:00,2026-06-19,DraftKings official lineup CSV,https://www.draftkings.com/lineup/getavailableplayerscsv?contestTypeId=9&draftGroupId=149344,149344,9,Selected largest-prize regular Classic MLB draft group after excluding Turbo/Night/qualifier/satellite/showdown/snake/single-stat slates.,RP,Lucas Erceg (43321588),Lucas Erceg,43321588,P,4000,STL@KC 06/19/2026 08:15PM ET,06/19/2026 08:15PM ET,KC,STL,home,1.87,668674,Lucas Erceg,mapped,identity_name_team_map,Stable identity seed from old DK-ID map. Pilot join status: matched via normalized_name_team
2026-06-19,2026-06-19T16:19:46.381495+00:00,2026-06-19,DraftKings official lineup CSV,https://www.draftkings.com/lineup/getavailableplayerscsv?contestTypeId=9&draftGroupId=149344,149344,9,Selected largest-prize regular Classic MLB draft group after excluding Turbo/Night/qualifier/satellite/showdown/snake/single-stat slates.,SP,Riley O'Brien (43321590),Riley O'Brien,43321590,P,4000,STL@KC 06/19/2026 08:15PM ET,06/19/2026 08:15PM ET,STL,KC,away,3.06,676617,Riley O'Brien,mapped,identity_name_team_map,Stable identity seed from old DK-ID map. Pilot join status: matched via normalized_name_team
2026-06-19,2026-06-19T16:19:46.381495+00:00,2026-06-19,DraftKings official lineup CSV,https://www.draftkings.com/lineup/getavailableplayerscsv?contestTypeId=9&draftGroupId=149344,149344,9,Selected largest-prize regular Classic MLB draft group after excluding Turbo/Night/qualifier/satellite/showdown/snake/single-stat slates.,RP,Ryne Stanek (43321596),Ryne Stanek,43321596,P,4000,STL@KC 06/19/2026 08:15PM ET,06/19/2026 08:15PM ET,STL,KC,away,2.66,592773,Ryne Stanek,mapped,identity_name_team_map,Stable identity seed from old DK-ID map. Pilot join status: matched via normalized_name_team
2026-06-19,2026-06-19T16:19:46.381495+00:00,2026-06-19,DraftKings official lineup CSV,https://www.draftkings.com/lineup/getavailableplayerscsv?contestTypeId=9&draftGroupId=149344,149344,9,Selected largest-prize regular Classic MLB draft group after excluding Turbo/Night/qualifier/satellite/showdown/snake/single-stat slates.,RP,Justin Bruihl (43321605),Justin Bruihl,43321605,P,4000,STL@KC 06/19/2026 08:15PM ET,06/19/2026 08:15PM ET,STL,KC,away,1.65,677865,Justin Bruihl,mapped,identity_name_team_map,Stable identity seed from old DK-ID map. Pilot join status: matched via normalized_name_team
2026-06-19,2026-06-19T16:19:46.381495+00:00,2026-06-19,DraftKings official lineup CSV,https://www.draftkings.com/lineup/getavailableplayerscsv?contestTypeId=9&draftGroupId=149344,149344,9,Selected largest-prize regular Classic MLB draft group after excluding Turbo/Night/qualifier/satellite/showdown/snake/single-stat slates.,RP,Randy Dobnak (43321614),Randy Dobnak,43321614,P,4000,STL@KC 06/19/2026 08:15PM ET,06/19/2026 08:15PM ET,KC,STL,home,0,,,needs_review_new_player,identity_name_team_map,No reviewed normalized-name/team identity alias; do not auto-guess.
2026-06-19,2026-06-19T16:19:46.381495+00:00,2026-06-19,DraftKings official lineup CSV,https://www.draftkings.com/lineup/getavailableplayerscsv?contestTypeId=9&draftGroupId=149344,149344,9,Selected largest-prize regular Classic MLB draft group after excluding Turbo/Night/qualifier/satellite/showdown/snake/single-stat slates.,RP,Ryan Fernandez (43321615),Ryan Fernandez,43321615,P,4000,STL@KC 06/19/2026 08:15PM ET,06/19/2026 08:15PM ET,STL,KC,away,6.85,681676,Ryan Fernandez,mapped,identity_name_team_map,Stable identity seed from old DK-ID map. Pilot join status: matched via normalized_name_team
2026-06-19,2026-06-19T16:19:46.381495+00:00,2026-06-19,DraftKings official lineup CSV,https://www.draftkings.com/lineup/getavailableplayerscsv?contestTypeId=9&draftGroupId=149344,149344,9,Selected largest-prize regular Classic MLB draft group after excluding Turbo/Night/qualifier/satellite/showdown/snake/single-stat slates.,RP,George Soriano (43321652),George Soriano,43321652,P,4000,STL@KC 06/19/2026 08:15PM ET,06/19/2026 08:15PM ET,STL,KC,away,3.01,666277,George Soriano,mapped,identity_name_team_map,Stable identity seed from old DK-ID map. Pilot join status: matched via normalized_name_team
2026-06-19,2026-06-19T16:19:46.381495+00:00,2026-06-19,DraftKings official lineup CSV,https://www.draftkings.com/lineup/getavailableplayerscsv?contestTypeId=9&draftGroupId=149344,149344,9,Selected largest-prize regular Classic MLB draft group after excluding Turbo/Night/qualifier/satellite/showdown/snake/single-stat slates.,RP,Beck Way (43321658),Beck Way,43321658,P,4000,STL@KC 06/19/2026 08:15PM ET,06/19/2026 08:15PM ET,KC,STL,home,4.14,694360,Beck Way,mapped,identity_name_team_map,Stable identity seed from old DK-ID map. Pilot join status: matched via normalized_name_team
2026-06-19,2026-06-19T16:19:46.381495+00:00,2026-06-19,DraftKings official lineup CSV,https://www.draftkings.com/lineup/getavailableplayerscsv?contestTypeId=9&draftGroupId=149344,149344,9,Selected largest-prize regular Classic MLB draft group after excluding Turbo/Night/qualifier/satellite/showdown/snake/single-stat slates.,RP,Connor Seabold (43321672),Connor Seabold,43321672,P,4000,STL@KC 06/19/2026 08:15PM ET,06/19/2026 08:15PM ET,KC,STL,home,2.42,657756,Connor Seabold,needs_review_team_change,identity_name_unique_mlbam,Name maps to one reviewed MLBAM identity but not this DK team; review as team-change/new alias before trusting automation.
2026-06-19,2026-06-19T16:19:46.381495+00:00,2026-06-19,DraftKings official lineup CSV,https://www.draftkings.com/lineup/getavailableplayerscsv?contestTypeId=9&draftGroupId=149344,149344,9,Selected largest-prize regular Classic MLB draft group after excluding Turbo/Night/qualifier/satellite/showdown/snake/single-stat slates.,RP,Matt Strahm (43321695),Matt Strahm,43321695,P,4000,STL@KC 06/19/2026 08:15PM ET,06/19/2026 08:15PM ET,KC,STL,home,2.12,621381,Matt Strahm,mapped,identity_name_team_map,Stable identity seed from old DK-ID map. Pilot join status: matched via normalized_name_team
2026-06-19,2026-06-19T16:19:46.381495+00:00,2026-06-19,DraftKings official lineup CSV,https://www.draftkings.com/lineup/getavailableplayerscsv?contestTypeId=9&draftGroupId=149344,149344,9,Selected largest-prize regular Classic MLB draft group after excluding Turbo/Night/qualifier/satellite/showdown/snake/single-stat slates.,RP,Eli Morgan (43321696),Eli Morgan,43321696,P,4000,STL@KC 06/19/2026 08:15PM ET,06/19/2026 08:15PM ET,KC,STL,home,2.09,669212,Eli Morgan,mapped,identity_name_team_map,Stable identity seed from old DK-ID map. Pilot join status: matched via normalized_name_team
2026-06-19,2026-06-19T16:19:46.381495+00:00,2026-06-19,DraftKings official lineup CSV,https://www.draftkings.com/lineup/getavailableplayerscsv?contestTypeId=9&draftGroupId=149344,149344,9,Selected largest-prize regular Classic MLB draft group after excluding Turbo/Night/qualifier/satellite/showdown/snake/single-stat slates.,RP,Carlos Estevez (43321698),Carlos Estevez,43321698,P,4000,STL@KC 06/19/2026 08:15PM ET,06/19/2026 08:15PM ET,KC,STL,home,-14.85,608032,Carlos Estévez,mapped,identity_name_team_map,Stable identity seed from old DK-ID map. Pilot join status: matched via normalized_name_team
2026-06-19,2026-06-19T16:19:46.381495+00:00,2026-06-19,DraftKings official lineup CSV,https://www.draftkings.com/lineup/getavailableplayerscsv?contestTypeId=9&draftGroupId=149344,149344,9,Selected largest-prize regular Classic MLB draft group after excluding Turbo/Night/qualifier/satellite/showdown/snake/single-stat slates.,RP,Steven Cruz (43321704),Steven Cruz,43321704,P,4000,STL@KC 06/19/2026 08:15PM ET,06/19/2026 08:15PM ET,KC,STL,home,3.14,674444,Steven Cruz,mapped,identity_name_team_map,Stable identity seed from old DK-ID map. Pilot join status: matched via normalized_name_team
2026-06-19,2026-06-19T16:19:46.381495+00:00,2026-06-19,DraftKings official lineup CSV,https://www.draftkings.com/lineup/getavailableplayerscsv?contestTypeId=9&draftGroupId=149344,149344,9,Selected largest-prize regular Classic MLB draft group after excluding Turbo/Night/qualifier/satellite/showdown/snake/single-stat slates.,RP,Alex Lange (43321709),Alex Lange,43321709,P,4000,STL@KC 06/19/2026 08:15PM ET,06/19/2026 08:15PM ET,KC,STL,home,2.75,656638,Alex Lange,mapped,identity_name_team_map,Stable identity seed from old DK-ID map. Pilot join status: matched via normalized_name_team
2026-06-19,2026-06-19T16:19:46.381495+00:00,2026-06-19,DraftKings official lineup CSV,https://www.draftkings.com/lineup/getavailableplayerscsv?contestTypeId=9&draftGroupId=149344,149344,9,Selected largest-prize regular Classic MLB draft group after excluding Turbo/Night/qualifier/satellite/showdown/snake/single-stat slates.,RP,Matt Svanson (43321732),Matt Svanson,43321732,P,4000,STL@KC 06/19/2026 08:15PM ET,06/19/2026 08:15PM ET,STL,KC,away,2.14,694335,Matt Svanson,mapped,identity_name_team_map,Stable identity seed from old DK-ID map. Pilot join status: matched via normalized_name_team
2026-06-19,2026-06-19T16:19:46.381495+00:00,2026-06-19,DraftKings official lineup CSV,https://www.draftkings.com/lineup/getavailableplayerscsv?contestTypeId=9&draftGroupId=149344,149344,9,Selected largest-prize regular Classic MLB draft group after excluding Turbo/Night/qualifier/satellite/showdown/snake/single-stat slates.,RP,John Schreiber (43321795),John Schreiber,43321795,P,4000,STL@KC 06/19/2026 08:15PM ET,06/19/2026 08:15PM ET,KC,STL,home,2.16,670167,John Schreiber,mapped,identity_name_team_map,Stable identity seed from old DK-ID map. Pilot join status: matched via normalized_name_team
2026-06-19,2026-06-19T16:19:46.381495+00:00,2026-06-19,DraftKings official lineup CSV,https://www.draftkings.com/lineup/getavailableplayerscsv?contestTypeId=9&draftGroupId=149344,149344,9,Selected largest-prize regular Classic MLB draft group after excluding Turbo/Night/qualifier/satellite/showdown/snake/single-stat slates.,RP,Chris Roycroft (43321800),Chris Roycroft,43321800,P,4000,STL@KC 06/19/2026 08:15PM ET,06/19/2026 08:15PM ET,STL,KC,away,-1.6,688297,Chris Roycroft,mapped,identity_name_team_map,Stable identity seed from old DK-ID map. Pilot join status: matched via normalized_name_team
2026-06-19,2026-06-19T16:19:46.381495+00:00,2026-06-19,DraftKings official lineup CSV,https://www.draftkings.com/lineup/getavailableplayerscsv?contestTypeId=9&draftGroupId=149344,149344,9,Selected largest-prize regular Classic MLB draft group after excluding Turbo/Night/qualifier/satellite/showdown/snake/single-stat slates.,RP,Eric Cerantola (43321826),Eric Cerantola,43321826,P,4000,STL@KC 06/19/2026 08:15PM ET,06/19/2026 08:15PM ET,KC,STL,home,3.6,672021,Eric Cerantola,mapped,identity_name_team_map,Stable identity seed from old DK-ID map. Pilot join status: matched via normalized_name_team
2026-06-19,2026-06-19T16:19:46.381495+00:00,2026-06-19,DraftKings official lineup CSV,https://www.draftkings.com/lineup/getavailableplayerscsv?contestTypeId=9&draftGroupId=149344,149344,9,Selected largest-prize regular Classic MLB draft group after excluding Turbo/Night/qualifier/satellite/showdown/snake/single-stat slates.,RP,Nick Mears (43321837),Nick Mears,43321837,P,4000,STL@KC 06/19/2026 08:15PM ET,06/19/2026 08:15PM ET,KC,STL,home,2.00,683232,Nick Mears,mapped,identity_name_team_map,Stable identity seed from old DK-ID map. Pilot join status: matched via normalized_name_team
2026-06-19,2026-06-19T16:19:46.381495+00:00,2026-06-19,DraftKings official lineup CSV,https://www.draftkings.com/lineup/getavailableplayerscsv?contestTypeId=9&draftGroupId=149344,149344,9,Selected largest-prize regular Classic MLB draft group after excluding Turbo/Night/qualifier/satellite/showdown/snake/single-stat slates.,RP,JoJo Romero (43321839),JoJo Romero,43321839,P,4000,STL@KC 06/19/2026 08:15PM ET,06/19/2026 08:15PM ET,STL,KC,away,2.46,668941,JoJo Romero,mapped,identity_name_team_map,Stable identity seed from old DK-ID map. Pilot join status: matched via normalized_name_team
2026-06-19,2026-06-19T16:19:46.381495+00:00,2026-06-19,DraftKings official lineup CSV,https://www.draftkings.com/lineup/getavailableplayerscsv?contestTypeId=9&draftGroupId=149344,149344,9,Selected largest-prize regular Classic MLB draft group after excluding Turbo/Night/qualifier/satellite/showdown/snake/single-stat slates.,3B,Eugenio Suarez (43320793),Eugenio Suarez,43320793,3B,4000,CIN@NYY 06/19/2026 07:05PM ET,06/19/2026 07:05PM ET,CIN,NYY,away,6.02,553993,Eugenio Suárez,mapped,identity_name_team_map,Stable identity seed from old DK-ID map. Pilot join status: matched via normalized_name_team
2026-06-19,2026-06-19T16:19:46.381495+00:00,2026-06-19,DraftKings official lineup CSV,https://www.draftkings.com/lineup/getavailableplayerscsv?contestTypeId=9&draftGroupId=149344,149344,9,Selected largest-prize regular Classic MLB draft group after excluding Turbo/Night/qualifier/satellite/showdown/snake/single-stat slates.,SP,Chase Hampton (43321549),Chase Hampton,43321549,P,4000,CIN@NYY 06/19/2026 07:05PM ET,06/19/2026 07:05PM ET,NYY,CIN,home,0,,,needs_review_new_player,identity_name_team_map,No reviewed normalized-name/team identity alias; do not auto-guess.
2026-06-19,2026-06-19T16:19:46.381495+00:00,2026-06-19,DraftKings official lineup CSV,https://www.draftkings.com/lineup/getavailableplayerscsv?contestTypeId=9&draftGroupId=149344,149344,9,Selected largest-prize regular Classic MLB draft group after excluding Turbo/Night/qualifier/satellite/showdown/snake/single-stat slates.,RP,Tim Hill (43321598),Tim Hill,43321598,P,4000,CIN@NYY 06/19/2026 07:05PM ET,06/19/2026 07:05PM ET,NYY,CIN,home,1.61,,,needs_review_new_player,identity_name_team_map,No reviewed normalized-name/team identity alias; do not auto-guess.
2026-06-19,2026-06-19T16:19:46.381495+00:00,2026-06-19,DraftKings official lineup CSV,https://www.draftkings.com/lineup/getavailableplayerscsv?contestTypeId=9&draftGroupId=149344,149344,9,Selected largest-prize regular Classic MLB draft group after excluding Turbo/Night/qualifier/satellite/showdown/snake/single-stat slates.,RP,Brent Headrick (43321612),Brent Headrick,43321612,P,4000,CIN@NYY 06/19/2026 07:05PM ET,06/19/2026 07:05PM ET,NYY,CIN,home,3.58,,,needs_review_new_player,identity_name_team_map,No reviewed normalized-name/team identity alias; do not auto-guess.
2026-06-19,2026-06-19T16:19:46.381495+00:00,2026-06-19,DraftKings official lineup CSV,https://www.draftkings.com/lineup/getavailableplayerscsv?contestTypeId=9&draftGroupId=149344,149344,9,Selected largest-prize regular Classic MLB draft group after excluding Turbo/Night/qualifier/satellite/showdown/snake/single-stat slates.,RP,Zach Maxwell (43321617),Zach Maxwell,43321617,P,4000,CIN@NYY 06/19/2026 07:05PM ET,06/19/2026 07:05PM ET,CIN,NYY,away,0.41,687209,Zach Maxwell,mapped,identity_name_team_map,Stable identity seed from old DK-ID map. Pilot join status: matched via normalized_name_team
2026-06-19,2026-06-19T16:19:46.381495+00:00,2026-06-19,DraftKings official lineup CSV,https://www.draftkings.com/lineup/getavailableplayerscsv?contestTypeId=9&draftGroupId=149344,149344,9,Selected largest-prize regular Classic MLB draft group after excluding Turbo/Night/qualifier/satellite/showdown/snake/single-stat slates.,RP,Caleb Ferguson (43321622),Caleb Ferguson,43321622,P,4000,CIN@NYY 06/19/2026 07:05PM ET,06/19/2026 07:05PM ET,CIN,NYY,away,3.47,657571,Caleb Ferguson,mapped,identity_name_team_map,Stable identity seed from old DK-ID map. Pilot join status: matched via normalized_name_team
2026-06-19,2026-06-19T16:19:46.381495+00:00,2026-06-19,DraftKings official lineup CSV,https://www.draftkings.com/lineup/getavailableplayerscsv?contestTypeId=9&draftGroupId=149344,149344,9,Selected largest-prize regular Classic MLB draft group after excluding Turbo/Night/qualifier/satellite/showdown/snake/single-stat slates.,RP,Yerry de los Santos (43321624),Yerry de los Santos,43321624,P,4000,CIN@NYY 06/19/2026 07:05PM ET,06/19/2026 07:05PM ET,NYY,CIN,home,8.9,,,needs_review_new_player,identity_name_team_map,No reviewed normalized-name/team identity alias; do not auto-guess.
2026-06-19,2026-06-19T16:19:46.381495+00:00,2026-06-19,DraftKings official lineup CSV,https://www.draftkings.com/lineup/getavailableplayerscsv?contestTypeId=9&draftGroupId=149344,149344,9,Selected largest-prize regular Classic MLB draft group after excluding Turbo/Night/qualifier/satellite/showdown/snake/single-stat slates.,RP,Camilo Doval (43321627),Camilo Doval,43321627,P,4000,CIN@NYY 06/19/2026 07:05PM ET,06/19/2026 07:05PM ET,NYY,CIN,home,2.37,,,needs_review_new_player,identity_name_team_map,No reviewed normalized-name/team identity alias; do not auto-guess.
2026-06-19,2026-06-19T16:19:46.381495+00:00,2026-06-19,DraftKings official lineup CSV,https://www.draftkings.com/lineup/getavailableplayerscsv?contestTypeId=9&draftGroupId=149344,149344,9,Selected largest-prize regular Classic MLB draft group after excluding Turbo/Night/qualifier/satellite/showdown/snake/single-stat slates.,RP,Sam Moll (43321651),Sam Moll,43321651,P,4000,CIN@NYY 06/19/2026 07:05PM ET,06/19/2026 07:05PM ET,CIN,NYY,away,2.67,594580,Sam Moll,mapped,identity_name_team_map,Stable identity seed from old DK-ID map. Pilot join status: matched via normalized_name_team
2026-06-19,2026-06-19T16:19:46.381495+00:00,2026-06-19,DraftKings official lineup CSV,https://www.draftkings.com/lineup/getavailableplayerscsv?contestTypeId=9&draftGroupId=149344,149344,9,Selected largest-prize regular Classic MLB draft group after excluding Turbo/Night/qualifier/satellite/showdown/snake/single-stat slates.,RP,Fernando Cruz (43321669),Fernando Cruz,43321669,P,4000,CIN@NYY 06/19/2026 07:05PM ET,06/19/2026 07:05PM ET,NYY,CIN,home,3.68,,,needs_review_new_player,identity_name_team_map,No reviewed normalized-name/team identity alias; do not auto-guess.
2026-06-19,2026-06-19T16:19:46.381495+00:00,2026-06-19,DraftKings official lineup CSV,https://www.draftkings.com/lineup/getavailableplayerscsv?contestTypeId=9&draftGroupId=149344,149344,9,Selected largest-prize regular Classic MLB draft group after excluding Turbo/Night/qualifier/satellite/showdown/snake/single-stat slates.,RP,Brock Burke (43321679),Brock Burke,43321679,P,4000,CIN@NYY 06/19/2026 07:05PM ET,06/19/2026 07:05PM ET,CIN,NYY,away,2.67,656271,Brock Burke,mapped,identity_name_team_map,Stable identity seed from old DK-ID map. Pilot join status: matched via normalized_name_team
2026-06-19,2026-06-19T16:19:46.381495+00:00,2026-06-19,DraftKings official lineup CSV,https://www.draftkings.com/lineup/getavailableplayerscsv?contestTypeId=9&draftGroupId=149344,149344,9,Selected largest-prize regular Classic MLB draft group after excluding Turbo/Night/qualifier/satellite/showdown/snake/single-stat slates.,RP,Pierce Johnson (43321683),Pierce Johnson,43321683,P,4000,CIN@NYY 06/19/2026 07:05PM ET,06/19/2026 07:05PM ET,CIN,NYY,away,2.72,572955,Pierce Johnson,mapped,identity_name_team_map,Stable identity seed from old DK-ID map. Pilot join status: matched via normalized_name_team
2026-06-19,2026-06-19T16:19:46.381495+00:00,2026-06-19,DraftKings official lineup CSV,https://www.draftkings.com/lineup/getavailableplayerscsv?contestTypeId=9&draftGroupId=149344,149344,9,Selected largest-prize regular Classic MLB draft group after excluding Turbo/Night/qualifier/satellite/showdown/snake/single-stat slates.,RP,Emilio Pagan (43321691),Emilio Pagan,43321691,P,4000,CIN@NYY 06/19/2026 07:05PM ET,06/19/2026 07:05PM ET,CIN,NYY,away,1.93,641941,Emilio Pagán,mapped,identity_name_team_map,Stable identity seed from old DK-ID map. Pilot join status: matched via normalized_name_team
2026-06-19,2026-06-19T16:19:46.381495+00:00,2026-06-19,DraftKings official lineup CSV,https://www.draftkings.com/lineup/getavailableplayerscsv?contestTypeId=9&draftGroupId=149344,149344,9,Selected largest-prize regular Classic MLB draft group after excluding Turbo/Night/qualifier/satellite/showdown/snake/single-stat slates.,RP,Angel Chivilli (43321701),Angel Chivilli,43321701,P,4000,CIN@NYY 06/19/2026 07:05PM ET,06/19/2026 07:05PM ET,NYY,CIN,home,2.82,,,needs_review_new_player,identity_name_team_map,No reviewed normalized-name/team identity alias; do not auto-guess.
2026-06-19,2026-06-19T16:19:46.381495+00:00,2026-06-19,DraftKings official lineup CSV,https://www.draftkings.com/lineup/getavailableplayerscsv?contestTypeId=9&draftGroupId=149344,149344,9,Selected largest-prize regular Classic MLB draft group after excluding Turbo/Night/qualifier/satellite/showdown/snake/single-stat slates.,RP,Yovanny Cruz (43321729),Yovanny Cruz,43321729,P,4000,CIN@NYY 06/19/2026 07:05PM ET,06/19/2026 07:05PM ET,NYY,CIN,home,5.02,,,needs_review_new_player,identity_name_team_map,No reviewed normalized-name/team identity alias; do not auto-guess.
2026-06-19,2026-06-19T16:19:46.381495+00:00,2026-06-19,DraftKings official lineup CSV,https://www.draftkings.com/lineup/getavailableplayerscsv?contestTypeId=9&draftGroupId=149344,149344,9,Selected largest-prize regular Classic MLB draft group after excluding Turbo/Night/qualifier/satellite/showdown/snake/single-stat slates.,RP,Graham Ashcraft (43321744),Graham Ashcraft,43321744,P,4000,CIN@NYY 06/19/2026 07:05PM ET,06/19/2026 07:05PM ET,CIN,NYY,away,3.42,668933,Graham Ashcraft,mapped,identity_name_team_map,Stable identity seed from old DK-ID map. Pilot join status: matched via normalized_name_team
2026-06-19,2026-06-19T16:19:46.381495+00:00,2026-06-19,DraftKings official lineup CSV,https://www.draftkings.com/lineup/getavailableplayerscsv?contestTypeId=9&draftGroupId=149344,149344,9,Selected largest-prize regular Classic MLB draft group after excluding Turbo/Night/qualifier/satellite/showdown/snake/single-stat slates.,RP,Andrew Chafin (43321759),Andrew Chafin,43321759,P,4000,CIN@NYY 06/19/2026 07:05PM ET,06/19/2026 07:05PM ET,CIN,NYY,away,0,605177,Andrew Chafin,mapped,identity_name_team_map,Stable identity seed from old DK-ID map. Pilot join status: matched_people_search_name via mlb_people_search_normalized_name
2026-06-19,2026-06-19T16:19:46.381495+00:00,2026-06-19,DraftKings official lineup CSV,https://www.draftkings.com/lineup/getavailableplayerscsv?contestTypeId=9&draftGroupId=149344,149344,9,Selected largest-prize regular Classic MLB draft group after excluding Turbo/Night/qualifier/satellite/showdown/snake/single-stat slates.,RP,Luis Mey (43321764),Luis Mey,43321764,P,4000,CIN@NYY 06/19/2026 07:05PM ET,06/19/2026 07:05PM ET,CIN,NYY,away,3.07,682825,Luis Mey,mapped,identity_name_team_map,Stable identity seed from old DK-ID map. Pilot join status: matched via normalized_name_team
2026-06-19,2026-06-19T16:19:46.381495+00:00,2026-06-19,DraftKings official lineup CSV,https://www.draftkings.com/lineup/getavailableplayerscsv?contestTypeId=9&draftGroupId=149344,149344,9,Selected largest-prize regular Classic MLB draft group after excluding Turbo/Night/qualifier/satellite/showdown/snake/single-stat slates.,RP,David Bednar (43321770),David Bednar,43321770,P,4000,CIN@NYY 06/19/2026 07:05PM ET,06/19/2026 07:05PM ET,NYY,CIN,home,3.36,,,needs_review_new_player,identity_name_team_map,No reviewed normalized-name/team identity alias; do not auto-guess.
2026-06-19,2026-06-19T16:19:46.381495+00:00,2026-06-19,DraftKings official lineup CSV,https://www.draftkings.com/lineup/getavailableplayerscsv?contestTypeId=9&draftGroupId=149344,149344,9,Selected largest-prize regular Classic MLB draft group after excluding Turbo/Night/qualifier/satellite/showdown/snake/single-stat slates.,RP,Zach McCambley (43321789),Zach McCambley,43321789,P,4000,CIN@NYY 06/19/2026 07:05PM ET,06/19/2026 07:05PM ET,CIN,NYY,away,1.87,685112,Zach McCambley,mapped,identity_name_team_map,Stable identity seed from old DK-ID map. Pilot join status: matched via normalized_name_team
2026-06-19,2026-06-19T16:19:46.381495+00:00,2026-06-19,DraftKings official lineup CSV,https://www.draftkings.com/lineup/getavailableplayerscsv?contestTypeId=9&draftGroupId=149344,149344,9,Selected largest-prize regular Classic MLB draft group after excluding Turbo/Night/qualifier/satellite/showdown/snake/single-stat slates.,RP,Tejay Antone (43321790),Tejay Antone,43321790,P,4000,CIN@NYY 06/19/2026 07:05PM ET,06/19/2026 07:05PM ET,CIN,NYY,away,3.04,622088,Tejay Antone,mapped,identity_name_team_map,Stable identity seed from old DK-ID map. Pilot join status: matched via normalized_name_team
2026-06-19,2026-06-19T16:19:46.381495+00:00,2026-06-19,DraftKings official lineup CSV,https://www.draftkings.com/lineup/getavailableplayerscsv?contestTypeId=9&draftGroupId=149344,149344,9,Selected largest-prize regular Classic MLB draft group after excluding Turbo/Night/qualifier/satellite/showdown/snake/single-stat slates.,RP,Jake Bird (43321801),Jake Bird,43321801,P,4000,CIN@NYY 06/19/2026 07:05PM ET,06/19/2026 07:05PM ET,NYY,CIN,home,2.12,,,needs_review_new_player,identity_name_team_map,No reviewed normalized-name/team identity alias; do not auto-guess.
2026-06-19,2026-06-19T16:19:46.381495+00:00,2026-06-19,DraftKings official lineup CSV,https://www.draftkings.com/lineup/getavailableplayerscsv?contestTypeId=9&draftGroupId=149344,149344,9,Selected largest-prize regular Classic MLB draft group after excluding Turbo/Night/qualifier/satellite/showdown/snake/single-stat slates.,RP,Kervin Castro (43321833),Kervin Castro,43321833,P,4000,CIN@NYY 06/19/2026 07:05PM ET,06/19/2026 07:05PM ET,NYY,CIN,home,5.3,,,needs_review_new_player,identity_name_team_map,No reviewed normalized-name/team identity alias; do not auto-guess.
2026-06-19,2026-06-19T16:19:46.381495+00:00,2026-06-19,DraftKings official lineup CSV,https://www.draftkings.com/lineup/getavailableplayerscsv?contestTypeId=9&draftGroupId=149344,149344,9,Selected largest-prize regular Classic MLB draft group after excluding Turbo/Night/qualifier/satellite/showdown/snake/single-stat slates.,OF,Jo Adell (43320802),Jo Adell,43320802,OF,3900,LAA@ATH 06/19/2026 09:40PM ET,06/19/2026 09:40PM ET,LAA,ATH,away,6.86,666176,Jo Adell,mapped,identity_name_team_map,Stable identity seed from old DK-ID map. Pilot join status: matched via normalized_name_team
2026-06-19,2026-06-19T16:19:46.381495+00:00,2026-06-19,DraftKings official lineup CSV,https://www.draftkings.com/lineup/getavailableplayerscsv?contestTypeId=9&draftGroupId=149344,149344,9,Selected largest-prize regular Classic MLB draft group after excluding Turbo/Night/qualifier/satellite/showdown/snake/single-stat slates.,3B,Austin Riley (43320797),Austin Riley,43320797,3B,3900,MIL@ATL 06/19/2026 07:15PM ET,06/19/2026 07:15PM ET,ATL,MIL,home,6.40,663586,Austin Riley,mapped,identity_name_team_map,Stable identity seed from old DK-ID map. Pilot join status: matched via normalized_name_team
2026-06-19,2026-06-19T16:19:46.381495+00:00,2026-06-19,DraftKings official lineup CSV,https://www.draftkings.com/lineup/getavailableplayerscsv?contestTypeId=9&draftGroupId=149344,149344,9,Selected largest-prize regular Classic MLB draft group after excluding Turbo/Night/qualifier/satellite/showdown/snake/single-stat slates.,SS,Xander Bogaerts (43320798),Xander Bogaerts,43320798,SS,3900,SD@TEX 06/19/2026 08:05PM ET,06/19/2026 08:05PM ET,SD,TEX,away,6.46,593428,Xander Bogaerts,mapped,identity_name_team_map,Stable identity seed from old DK-ID map. Pilot join status: matched via normalized_name_team
2026-06-19,2026-06-19T16:19:46.381495+00:00,2026-06-19,DraftKings official lineup CSV,https://www.draftkings.com/lineup/getavailableplayerscsv?contestTypeId=9&draftGroupId=149344,149344,9,Selected largest-prize regular Classic MLB draft group after excluding Turbo/Night/qualifier/satellite/showdown/snake/single-stat slates.,OF,Jonny DeLuca (43321072),Jonny DeLuca,43321072,OF,3900,WSH@TB 06/19/2026 07:10PM ET,06/19/2026 07:10PM ET,TB,WSH,home,5.95,,,needs_review_new_player,identity_name_team_map,No reviewed normalized-name/team identity alias; do not auto-guess.
2026-06-19,2026-06-19T16:19:46.381495+00:00,2026-06-19,DraftKings official lineup CSV,https://www.draftkings.com/lineup/getavailableplayerscsv?contestTypeId=9&draftGroupId=149344,149344,9,Selected largest-prize regular Classic MLB draft group after excluding Turbo/Night/qualifier/satellite/showdown/snake/single-stat slates.,3B,Matt Chapman (43320801),Matt Chapman,43320801,3B,3900,SF@MIA 06/19/2026 07:10PM ET,06/19/2026 07:10PM ET,SF,MIA,away,7.03,656305,Matt Chapman,mapped,identity_name_team_map,Stable identity seed from old DK-ID map. Pilot join status: matched via normalized_name_team
2026-06-19,2026-06-19T16:19:46.381495+00:00,2026-06-19,DraftKings official lineup CSV,https://www.draftkings.com/lineup/getavailableplayerscsv?contestTypeId=9&draftGroupId=149344,149344,9,Selected largest-prize regular Classic MLB draft group after excluding Turbo/Night/qualifier/satellite/showdown/snake/single-stat slates.,2B,Travis Bazzana (43320796),Travis Bazzana,43320796,2B,3900,CLE@HOU 06/19/2026 08:10PM ET,06/19/2026 08:10PM ET,CLE,HOU,away,8.16,,,needs_review_new_player,identity_name_team_map,No reviewed normalized-name/team identity alias; do not auto-guess.
2026-06-19,2026-06-19T16:19:46.381495+00:00,2026-06-19,DraftKings official lineup CSV,https://www.draftkings.com/lineup/getavailableplayerscsv?contestTypeId=9&draftGroupId=149344,149344,9,Selected largest-prize regular Classic MLB draft group after excluding Turbo/Night/qualifier/satellite/showdown/snake/single-stat slates.,3B/SS,Colt Emerson (43320799),Colt Emerson,43320799,3B/SS,3900,BOS@SEA 06/19/2026 10:10PM ET,06/19/2026 10:10PM ET,SEA,BOS,home,7.62,,,needs_review_new_player,identity_name_team_map,No reviewed normalized-name/team identity alias; do not auto-guess.
2026-06-19,2026-06-19T16:19:46.381495+00:00,2026-06-19,DraftKings official lineup CSV,https://www.draftkings.com/lineup/getavailableplayerscsv?contestTypeId=9&draftGroupId=149344,149344,9,Selected largest-prize regular Classic MLB draft group after excluding Turbo/Night/qualifier/satellite/showdown/snake/single-stat slates.,SS,Jacob Wilson (43320805),Jacob Wilson,43320805,SS,3800,LAA@ATH 06/19/2026 09:40PM ET,06/19/2026 09:40PM ET,ATH,LAA,home,6.87,805779,Jacob Wilson,mapped,identity_name_team_map,Stable identity seed from old DK-ID map. Pilot join status: matched via normalized_name_team
2026-06-19,2026-06-19T16:19:46.381495+00:00,2026-06-19,DraftKings official lineup CSV,https://www.draftkings.com/lineup/getavailableplayerscsv?contestTypeId=9&draftGroupId=149344,149344,9,Selected largest-prize regular Classic MLB draft group after excluding Turbo/Night/qualifier/satellite/showdown/snake/single-stat slates.,OF,Chandler Simpson (43320803),Chandler Simpson,43320803,OF,3800,WSH@TB 06/19/2026 07:10PM ET,06/19/2026 07:10PM ET,TB,WSH,home,6.03,,,needs_review_new_player,identity_name_team_map,No reviewed normalized-name/team identity alias; do not auto-guess.
2026-06-19,2026-06-19T16:19:46.381495+00:00,2026-06-19,DraftKings official lineup CSV,https://www.draftkings.com/lineup/getavailableplayerscsv?contestTypeId=9&draftGroupId=149344,149344,9,Selected largest-prize regular Classic MLB draft group after excluding Turbo/Night/qualifier/satellite/showdown/snake/single-stat slates.,C,Keibert Ruiz (43320810),Keibert Ruiz,43320810,C,3800,WSH@TB 06/19/2026 07:10PM ET,06/19/2026 07:10PM ET,WSH,TB,away,6.62,660688,Keibert Ruiz,mapped,identity_name_team_map,Stable identity seed from old DK-ID map. Pilot join status: matched via normalized_name_team
2026-06-19,2026-06-19T16:19:46.381495+00:00,2026-06-19,DraftKings official lineup CSV,https://www.draftkings.com/lineup/getavailableplayerscsv?contestTypeId=9&draftGroupId=149344,149344,9,Selected largest-prize regular Classic MLB draft group after excluding Turbo/Night/qualifier/satellite/showdown/snake/single-stat slates.,1B,Rafael Devers (43320806),Rafael Devers,43320806,1B,3800,SF@MIA 06/19/2026 07:10PM ET,06/19/2026 07:10PM ET,SF,MIA,away,7,646240,Rafael Devers,mapped,identity_name_team_map,Stable identity seed from old DK-ID map. Pilot join status: matched via normalized_name_team
2026-06-19,2026-06-19T16:19:46.381495+00:00,2026-06-19,DraftKings official lineup CSV,https://www.draftkings.com/lineup/getavailableplayerscsv?contestTypeId=9&draftGroupId=149344,149344,9,Selected largest-prize regular Classic MLB draft group after excluding Turbo/Night/qualifier/satellite/showdown/snake/single-stat slates.,C,Henry Davis (43320811),Henry Davis,43320811,C,3800,PIT@COL 06/19/2026 08:40PM ET,06/19/2026 08:40PM ET,PIT,COL,away,4.26,,,needs_review_new_player,identity_name_team_map,No reviewed normalized-name/team identity alias; do not auto-guess.
2026-06-19,2026-06-19T16:19:46.381495+00:00,2026-06-19,DraftKings official lineup CSV,https://www.draftkings.com/lineup/getavailableplayerscsv?contestTypeId=9&draftGroupId=149344,149344,9,Selected largest-prize regular Classic MLB draft group after excluding Turbo/Night/qualifier/satellite/showdown/snake/single-stat slates.,OF,Cole Carrigg (43320812),Cole Carrigg,43320812,OF,3800,PIT@COL 06/19/2026 08:40PM ET,06/19/2026 08:40PM ET,COL,PIT,home,10,694249,Cole Carrigg,mapped,identity_name_team_map,Proposed from review candidates; basis=exact normalized name + team; role-compatible; statcast_batter_des_2026; confidence=high; sources=statcast_batter_des_2026
2026-06-19,2026-06-19T16:19:46.381495+00:00,2026-06-19,DraftKings official lineup CSV,https://www.draftkings.com/lineup/getavailableplayerscsv?contestTypeId=9&draftGroupId=149344,149344,9,Selected largest-prize regular Classic MLB draft group after excluding Turbo/Night/qualifier/satellite/showdown/snake/single-stat slates.,3B,Isaac Paredes (43320807),Isaac Paredes,43320807,3B,3800,CLE@HOU 06/19/2026 08:10PM ET,06/19/2026 08:10PM ET,HOU,CLE,home,6.97,670623,Isaac Paredes,mapped,identity_name_team_map,Stable identity seed from old DK-ID map. Pilot join status: matched via normalized_name_team
2026-06-19,2026-06-19T16:19:46.381495+00:00,2026-06-19,DraftKings official lineup CSV,https://www.draftkings.com/lineup/getavailableplayerscsv?contestTypeId=9&draftGroupId=149344,149344,9,Selected largest-prize regular Classic MLB draft group after excluding Turbo/Night/qualifier/satellite/showdown/snake/single-stat slates.,3B/SS,J.P. Crawford (43320808),J.P. Crawford,43320808,3B/SS,3800,BOS@SEA 06/19/2026 10:10PM ET,06/19/2026 10:10PM ET,SEA,BOS,home,7.07,,,needs_review_new_player,identity_name_team_map,No reviewed normalized-name/team identity alias; do not auto-guess.
2026-06-19,2026-06-19T16:19:46.381495+00:00,2026-06-19,DraftKings official lineup CSV,https://www.draftkings.com/lineup/getavailableplayerscsv?contestTypeId=9&draftGroupId=149344,149344,9,Selected largest-prize regular Classic MLB draft group after excluding Turbo/Night/qualifier/satellite/showdown/snake/single-stat slates.,C,Salvador Perez (43320804),Salvador Perez,43320804,C,3800,STL@KC 06/19/2026 08:15PM ET,06/19/2026 08:15PM ET,KC,STL,home,5.67,521692,Salvador Perez,mapped,identity_name_team_map,Stable identity seed from old DK-ID map. Pilot join status: matched via normalized_name_team
2026-06-19,2026-06-19T16:19:46.381495+00:00,2026-06-19,DraftKings official lineup CSV,https://www.draftkings.com/lineup/getavailableplayerscsv?contestTypeId=9&draftGroupId=149344,149344,9,Selected largest-prize regular Classic MLB draft group after excluding Turbo/Night/qualifier/satellite/showdown/snake/single-stat slates.,OF,Wade Meckler (43320816),Wade Meckler,43320816,OF,3700,LAA@ATH 06/19/2026 09:40PM ET,06/19/2026 09:40PM ET,LAA,ATH,away,6.54,685133,Wade Meckler,mapped,identity_name_team_map,Stable identity seed from old DK-ID map. Pilot join status: matched via normalized_name_team
2026-06-19,2026-06-19T16:19:46.381495+00:00,2026-06-19,DraftKings official lineup CSV,https://www.draftkings.com/lineup/getavailableplayerscsv?contestTypeId=9&draftGroupId=149344,149344,9,Selected largest-prize regular Classic MLB draft group after excluding Turbo/Night/qualifier/satellite/showdown/snake/single-stat slates.,OF,Jorge Soler (43321074),Jorge Soler,43321074,OF,3700,LAA@ATH 06/19/2026 09:40PM ET,06/19/2026 09:40PM ET,LAA,ATH,away,6.95,624585,Jorge Soler,mapped,identity_name_team_map,Stable identity seed from old DK-ID map. Pilot join status: matched via normalized_name_team
2026-06-19,2026-06-19T16:19:46.381495+00:00,2026-06-19,DraftKings official lineup CSV,https://www.draftkings.com/lineup/getavailableplayerscsv?contestTypeId=9&draftGroupId=149344,149344,9,Selected largest-prize regular Classic MLB draft group after excluding Turbo/Night/qualifier/satellite/showdown/snake/single-stat slates.,1B/OF,Kody Clemens (43320813),Kody Clemens,43320813,1B/OF,3700,MIN@ARI 06/19/2026 09:45PM ET,06/19/2026 09:45PM ET,MIN,ARI,away,7.44,665019,Kody Clemens,mapped,identity_name_team_map,Proposed from review candidates; basis=exact normalized name + team; role-compatible; hr-distance-latest.json|statcast_batter_des_2026; confidence=high; sources=hr-distance-latest.json|statcast_batter_des_2026
2026-06-19,2026-06-19T16:19:46.381495+00:00,2026-06-19,DraftKings official lineup CSV,https://www.draftkings.com/lineup/getavailableplayerscsv?contestTypeId=9&draftGroupId=149344,149344,9,Selected largest-prize regular Classic MLB draft group after excluding Turbo/Night/qualifier/satellite/showdown/snake/single-stat slates.,OF,Dylan Crews (43320822),Dylan Crews,43320822,OF,3700,WSH@TB 06/19/2026 07:10PM ET,06/19/2026 07:10PM ET,WSH,TB,away,6.24,686611,Dylan Crews,mapped,identity_name_team_map,Stable identity seed from old DK-ID map. Pilot join status: matched via normalized_name_team
2026-06-19,2026-06-19T16:19:46.381495+00:00,2026-06-19,DraftKings official lineup CSV,https://www.draftkings.com/lineup/getavailableplayerscsv?contestTypeId=9&draftGroupId=149344,149344,9,Selected largest-prize regular Classic MLB draft group after excluding Turbo/Night/qualifier/satellite/showdown/snake/single-stat slates.,SS,Willy Adames (43320819),Willy Adames,43320819,SS,3700,SF@MIA 06/19/2026 07:10PM ET,06/19/2026 07:10PM ET,SF,MIA,away,7.01,642715,Willy Adames,mapped,identity_name_team_map,Stable identity seed from old DK-ID map. Pilot join status: matched via normalized_name_team
2026-06-19,2026-06-19T16:19:46.381495+00:00,2026-06-19,DraftKings official lineup CSV,https://www.draftkings.com/lineup/getavailableplayerscsv?contestTypeId=9&draftGroupId=149344,149344,9,Selected largest-prize regular Classic MLB draft group after excluding Turbo/Night/qualifier/satellite/showdown/snake/single-stat slates.,1B/OF,Kyle Stowers (43320820),Kyle Stowers,43320820,1B/OF,3700,SF@MIA 06/19/2026 07:10PM ET,06/19/2026 07:10PM ET,MIA,SF,home,7.02,669065,Kyle Stowers,mapped,identity_name_team_map,Proposed from review candidates; basis=exact normalized name + team; role-compatible; hr-distance-latest.json|statcast_batter_des_2026; confidence=high; sources=hr-distance-latest.json|statcast_batter_des_2026
2026-06-19,2026-06-19T16:19:46.381495+00:00,2026-06-19,DraftKings official lineup CSV,https://www.draftkings.com/lineup/getavailableplayerscsv?contestTypeId=9&draftGroupId=149344,149344,9,Selected largest-prize regular Classic MLB draft group after excluding Turbo/Night/qualifier/satellite/showdown/snake/single-stat slates.,OF,Brenton Doyle (43321073),Brenton Doyle,43321073,OF,3700,PIT@COL 06/19/2026 08:40PM ET,06/19/2026 08:40PM ET,COL,PIT,home,4.67,686668,Brenton Doyle,mapped,identity_name_team_map,Stable identity seed from old DK-ID map. Pilot join status: matched via normalized_name_team
2026-06-19,2026-06-19T16:19:46.381495+00:00,2026-06-19,DraftKings official lineup CSV,https://www.draftkings.com/lineup/getavailableplayerscsv?contestTypeId=9&draftGroupId=149344,149344,9,Selected largest-prize regular Classic MLB draft group after excluding Turbo/Night/qualifier/satellite/showdown/snake/single-stat slates.,2B,Jose Altuve (43320815),Jose Altuve,43320815,2B,3700,CLE@HOU 06/19/2026 08:10PM ET,06/19/2026 08:10PM ET,HOU,CLE,home,6.68,514888,Jose Altuve,mapped,identity_name_team_map,Stable identity seed from old DK-ID map. Pilot join status: matched via normalized_name_team
2026-06-19,2026-06-19T16:19:46.381495+00:00,2026-06-19,DraftKings official lineup CSV,https://www.draftkings.com/lineup/getavailableplayerscsv?contestTypeId=9&draftGroupId=149344,149344,9,Selected largest-prize regular Classic MLB draft group after excluding Turbo/Night/qualifier/satellite/showdown/snake/single-stat slates.,1B,Vinnie Pasquantino (43321075),Vinnie Pasquantino,43321075,1B,3700,STL@KC 06/19/2026 08:15PM ET,06/19/2026 08:15PM ET,KC,STL,home,6.53,686469,Vinnie Pasquantino,mapped,identity_name_team_map,Stable identity seed from old DK-ID map. Pilot join status: matched via normalized_name_team
2026-06-19,2026-06-19T16:19:46.381495+00:00,2026-06-19,DraftKings official lineup CSV,https://www.draftkings.com/lineup/getavailableplayerscsv?contestTypeId=9&draftGroupId=149344,149344,9,Selected largest-prize regular Classic MLB draft group after excluding Turbo/Night/qualifier/satellite/showdown/snake/single-stat slates.,2B/3B,Amed Rosario (43320817),Amed Rosario,43320817,2B/3B,3700,CIN@NYY 06/19/2026 07:05PM ET,06/19/2026 07:05PM ET,NYY,CIN,home,5.77,,,needs_review_new_player,identity_name_team_map,No reviewed normalized-name/team identity alias; do not auto-guess.
2026-06-19,2026-06-19T16:19:46.381495+00:00,2026-06-19,DraftKings official lineup CSV,https://www.draftkings.com/lineup/getavailableplayerscsv?contestTypeId=9&draftGroupId=149344,149344,9,Selected largest-prize regular Classic MLB draft group after excluding Turbo/Night/qualifier/satellite/showdown/snake/single-stat slates.,OF,Cedric Mullins (43320823),Cedric Mullins,43320823,OF,3600,WSH@TB 06/19/2026 07:10PM ET,06/19/2026 07:10PM ET,TB,WSH,home,6.11,,,needs_review_new_player,identity_name_team_map,No reviewed normalized-name/team identity alias; do not auto-guess.
2026-06-19,2026-06-19T16:19:46.381495+00:00,2026-06-19,DraftKings official lineup CSV,https://www.draftkings.com/lineup/getavailableplayerscsv?contestTypeId=9&draftGroupId=149344,149344,9,Selected largest-prize regular Classic MLB draft group after excluding Turbo/Night/qualifier/satellite/showdown/snake/single-stat slates.,OF,Jakob Marsee (43320825),Jakob Marsee,43320825,OF,3600,SF@MIA 06/19/2026 07:10PM ET,06/19/2026 07:10PM ET,MIA,SF,home,6.94,805300,Jakob Marsee,mapped,identity_name_team_map,Proposed from review candidates; basis=exact normalized name + team; role-compatible; hr-distance-latest.json|statcast_batter_des_2026; confidence=high; sources=hr-distance-latest.json|statcast_batter_des_2026
2026-06-19,2026-06-19T16:19:46.381495+00:00,2026-06-19,DraftKings official lineup CSV,https://www.draftkings.com/lineup/getavailableplayerscsv?contestTypeId=9&draftGroupId=149344,149344,9,Selected largest-prize regular Classic MLB draft group after excluding Turbo/Night/qualifier/satellite/showdown/snake/single-stat slates.,3B/OF,Tyler Callihan (43320828),Tyler Callihan,43320828,3B/OF,3600,PIT@COL 06/19/2026 08:40PM ET,06/19/2026 08:40PM ET,PIT,COL,away,6.86,,,needs_review_new_player,identity_name_team_map,No reviewed normalized-name/team identity alias; do not auto-guess.
2026-06-19,2026-06-19T16:19:46.381495+00:00,2026-06-19,DraftKings official lineup CSV,https://www.draftkings.com/lineup/getavailableplayerscsv?contestTypeId=9&draftGroupId=149344,149344,9,Selected largest-prize regular Classic MLB draft group after excluding Turbo/Night/qualifier/satellite/showdown/snake/single-stat slates.,SS,Konnor Griffin (43321076),Konnor Griffin,43321076,SS,3600,PIT@COL 06/19/2026 08:40PM ET,06/19/2026 08:40PM ET,PIT,COL,away,8.18,,,needs_review_new_player,identity_name_team_map,No reviewed normalized-name/team identity alias; do not auto-guess.
2026-06-19,2026-06-19T16:19:46.381495+00:00,2026-06-19,DraftKings official lineup CSV,https://www.draftkings.com/lineup/getavailableplayerscsv?contestTypeId=9&draftGroupId=149344,149344,9,Selected largest-prize regular Classic MLB draft group after excluding Turbo/Night/qualifier/satellite/showdown/snake/single-stat slates.,OF,Dominic Canzone (43320824),Dominic Canzone,43320824,OF,3600,BOS@SEA 06/19/2026 10:10PM ET,06/19/2026 10:10PM ET,SEA,BOS,home,6.21,,,needs_review_new_player,identity_name_team_map,No reviewed normalized-name/team identity alias; do not auto-guess.
2026-06-19,2026-06-19T16:19:46.381495+00:00,2026-06-19,DraftKings official lineup CSV,https://www.draftkings.com/lineup/getavailableplayerscsv?contestTypeId=9&draftGroupId=149344,149344,9,Selected largest-prize regular Classic MLB draft group after excluding Turbo/Night/qualifier/satellite/showdown/snake/single-stat slates.,C,Carter Jensen (43320826),Carter Jensen,43320826,C,3600,STL@KC 06/19/2026 08:15PM ET,06/19/2026 08:15PM ET,KC,STL,home,6.59,695600,Carter Jensen,mapped,identity_name_team_map,Stable identity seed from old DK-ID map. Pilot join status: matched via normalized_name_team
2026-06-19,2026-06-19T16:19:46.381495+00:00,2026-06-19,DraftKings official lineup CSV,https://www.draftkings.com/lineup/getavailableplayerscsv?contestTypeId=9&draftGroupId=149344,149344,9,Selected largest-prize regular Classic MLB draft group after excluding Turbo/Night/qualifier/satellite/showdown/snake/single-stat slates.,OF,Lars Nootbaar (43320827),Lars Nootbaar,43320827,OF,3600,STL@KC 06/19/2026 08:15PM ET,06/19/2026 08:15PM ET,STL,KC,away,7.58,663457,Lars Nootbaar,mapped,identity_name_team_map,Stable identity seed from old DK-ID map. Pilot join status: matched via normalized_name_team
2026-06-19,2026-06-19T16:19:46.381495+00:00,2026-06-19,DraftKings official lineup CSV,https://www.draftkings.com/lineup/getavailableplayerscsv?contestTypeId=9&draftGroupId=149344,149344,9,Selected largest-prize regular Classic MLB draft group after excluding Turbo/Night/qualifier/satellite/showdown/snake/single-stat slates.,3B,Nolan Arenado (43320835),Nolan Arenado,43320835,3B,3500,MIN@ARI 06/19/2026 09:45PM ET,06/19/2026 09:45PM ET,ARI,MIN,home,6.35,,,needs_review_new_player,identity_name_team_map,No reviewed normalized-name/team identity alias; do not auto-guess.
2026-06-19,2026-06-19T16:19:46.381495+00:00,2026-06-19,DraftKings official lineup CSV,https://www.draftkings.com/lineup/getavailableplayerscsv?contestTypeId=9&draftGroupId=149344,149344,9,Selected largest-prize regular Classic MLB draft group after excluding Turbo/Night/qualifier/satellite/showdown/snake/single-stat slates.,OF,Brandon Nimmo (43320830),Brandon Nimmo,43320830,OF,3500,SD@TEX 06/19/2026 08:05PM ET,06/19/2026 08:05PM ET,TEX,SD,home,6.67,607043,Brandon Nimmo,mapped,identity_name_team_map,Stable identity seed from old DK-ID map. Pilot join status: matched via normalized_name_team
2026-06-19,2026-06-19T16:19:46.381495+00:00,2026-06-19,DraftKings official lineup CSV,https://www.draftkings.com/lineup/getavailableplayerscsv?contestTypeId=9&draftGroupId=149344,149344,9,Selected largest-prize regular Classic MLB draft group after excluding Turbo/Night/qualifier/satellite/showdown/snake/single-stat slates.,2B,Richie Palacios (43320832),Richie Palacios,43320832,2B,3500,WSH@TB 06/19/2026 07:10PM ET,06/19/2026 07:10PM ET,TB,WSH,home,5.65,,,needs_review_new_player,identity_name_team_map,No reviewed normalized-name/team identity alias; do not auto-guess.
2026-06-19,2026-06-19T16:19:46.381495+00:00,2026-06-19,DraftKings official lineup CSV,https://www.draftkings.com/lineup/getavailableplayerscsv?contestTypeId=9&draftGroupId=149344,149344,9,Selected largest-prize regular Classic MLB draft group after excluding Turbo/Night/qualifier/satellite/showdown/snake/single-stat slates.,2B,Nasim Nunez (43320834),Nasim Nunez,43320834,2B,3500,WSH@TB 06/19/2026 07:10PM ET,06/19/2026 07:10PM ET,WSH,TB,away,6.51,683083,Nasim Nuñez,mapped,identity_name_team_map,Stable identity seed from old DK-ID map. Pilot join status: matched via normalized_name_team
2026-06-19,2026-06-19T16:19:46.381495+00:00,2026-06-19,DraftKings official lineup CSV,https://www.draftkings.com/lineup/getavailableplayerscsv?contestTypeId=9&draftGroupId=149344,149344,9,Selected largest-prize regular Classic MLB draft group after excluding Turbo/Night/qualifier/satellite/showdown/snake/single-stat slates.,3B,Brady House (43321077),Brady House,43321077,3B,3500,WSH@TB 06/19/2026 07:10PM ET,06/19/2026 07:10PM ET,WSH,TB,away,6.84,691781,Brady House,mapped,identity_name_team_map,Stable identity seed from old DK-ID map. Pilot join status: matched via normalized_name_team
2026-06-19,2026-06-19T16:19:46.381495+00:00,2026-06-19,DraftKings official lineup CSV,https://www.draftkings.com/lineup/getavailableplayerscsv?contestTypeId=9&draftGroupId=149344,149344,9,Selected largest-prize regular Classic MLB draft group after excluding Turbo/Night/qualifier/satellite/showdown/snake/single-stat slates.,OF,Heliot Ramos (43321080),Heliot Ramos,43321080,OF,3500,SF@MIA 06/19/2026 07:10PM ET,06/19/2026 07:10PM ET,SF,MIA,away,6.52,671218,Heliot Ramos,mapped,identity_name_team_map,Stable identity seed from old DK-ID map. Pilot join status: matched via normalized_name_team
2026-06-19,2026-06-19T16:19:46.381495+00:00,2026-06-19,DraftKings official lineup CSV,https://www.draftkings.com/lineup/getavailableplayerscsv?contestTypeId=9&draftGroupId=149344,149344,9,Selected largest-prize regular Classic MLB draft group after excluding Turbo/Night/qualifier/satellite/showdown/snake/single-stat slates.,3B,Kyle Karros (43320836),Kyle Karros,43320836,3B,3500,PIT@COL 06/19/2026 08:40PM ET,06/19/2026 08:40PM ET,COL,PIT,home,5.58,691720,Kyle Karros,mapped,identity_name_team_map,Stable identity seed from old DK-ID map. Pilot join status: matched via normalized_name_team
2026-06-19,2026-06-19T16:19:46.381495+00:00,2026-06-19,DraftKings official lineup CSV,https://www.draftkings.com/lineup/getavailableplayerscsv?contestTypeId=9&draftGroupId=149344,149344,9,Selected largest-prize regular Classic MLB draft group after excluding Turbo/Night/qualifier/satellite/showdown/snake/single-stat slates.,OF,Chase DeLauter (43321078),Chase DeLauter,43321078,OF,3500,CLE@HOU 06/19/2026 08:10PM ET,06/19/2026 08:10PM ET,CLE,HOU,away,6.80,,,needs_review_new_player,identity_name_team_map,No reviewed normalized-name/team identity alias; do not auto-guess.
2026-06-19,2026-06-19T16:19:46.381495+00:00,2026-06-19,DraftKings official lineup CSV,https://www.draftkings.com/lineup/getavailableplayerscsv?contestTypeId=9&draftGroupId=149344,149344,9,Selected largest-prize regular Classic MLB draft group after excluding Turbo/Night/qualifier/satellite/showdown/snake/single-stat slates.,C,Samuel Basallo (43320831),Samuel Basallo,43320831,C,3500,BAL@LAD 06/19/2026 10:10PM ET,06/19/2026 10:10PM ET,BAL,LAD,away,6.44,,,needs_review_new_player,identity_name_team_map,No reviewed normalized-name/team identity alias; do not auto-guess.
2026-06-19,2026-06-19T16:19:46.381495+00:00,2026-06-19,DraftKings official lineup CSV,https://www.draftkings.com/lineup/getavailableplayerscsv?contestTypeId=9&draftGroupId=149344,149344,9,Selected largest-prize regular Classic MLB draft group after excluding Turbo/Night/qualifier/satellite/showdown/snake/single-stat slates.,OF,Dylan Beavers (43321079),Dylan Beavers,43321079,OF,3500,BAL@LAD 06/19/2026 10:10PM ET,06/19/2026 10:10PM ET,BAL,LAD,away,6.12,,,needs_review_new_player,identity_name_team_map,No reviewed normalized-name/team identity alias; do not auto-guess.
2026-06-19,2026-06-19T16:19:46.381495+00:00,2026-06-19,DraftKings official lineup CSV,https://www.draftkings.com/lineup/getavailableplayerscsv?contestTypeId=9&draftGroupId=149344,149344,9,Selected largest-prize regular Classic MLB draft group after excluding Turbo/Night/qualifier/satellite/showdown/snake/single-stat slates.,OF,Jasson Dominguez (43320833),Jasson Dominguez,43320833,OF,3500,CIN@NYY 06/19/2026 07:05PM ET,06/19/2026 07:05PM ET,NYY,CIN,home,5.92,,,needs_review_new_player,identity_name_team_map,No reviewed normalized-name/team identity alias; do not auto-guess.
2026-06-19,2026-06-19T16:19:46.381495+00:00,2026-06-19,DraftKings official lineup CSV,https://www.draftkings.com/lineup/getavailableplayerscsv?contestTypeId=9&draftGroupId=149344,149344,9,Selected largest-prize regular Classic MLB draft group after excluding Turbo/Night/qualifier/satellite/showdown/snake/single-stat slates.,2B,Oswald Peraza (43320847),Oswald Peraza,43320847,2B,3400,LAA@ATH 06/19/2026 09:40PM ET,06/19/2026 09:40PM ET,LAA,ATH,away,5.86,672724,Oswald Peraza,mapped,identity_name_team_map,Stable identity seed from old DK-ID map. Pilot join status: matched via normalized_name_team
2026-06-19,2026-06-19T16:19:46.381495+00:00,2026-06-19,DraftKings official lineup CSV,https://www.draftkings.com/lineup/getavailableplayerscsv?contestTypeId=9&draftGroupId=149344,149344,9,Selected largest-prize regular Classic MLB draft group after excluding Turbo/Night/qualifier/satellite/showdown/snake/single-stat slates.,OF,Trevor Larnach (43320838),Trevor Larnach,43320838,OF,3400,MIN@ARI 06/19/2026 09:45PM ET,06/19/2026 09:45PM ET,MIN,ARI,away,6.41,663616,Trevor Larnach,mapped,identity_name_team_map,Proposed from review candidates; basis=exact normalized name + team; role-compatible; hr-distance-latest.json|statcast_batter_des_2026; confidence=high; sources=hr-distance-latest.json|statcast_batter_des_2026
2026-06-19,2026-06-19T16:19:46.381495+00:00,2026-06-19,DraftKings official lineup CSV,https://www.draftkings.com/lineup/getavailableplayerscsv?contestTypeId=9&draftGroupId=149344,149344,9,Selected largest-prize regular Classic MLB draft group after excluding Turbo/Night/qualifier/satellite/showdown/snake/single-stat slates.,1B/2B,Ildemaro Vargas (43320848),Ildemaro Vargas,43320848,1B/2B,3400,MIN@ARI 06/19/2026 09:45PM ET,06/19/2026 09:45PM ET,ARI,MIN,home,6.75,,,needs_review_new_player,identity_name_team_map,No reviewed normalized-name/team identity alias; do not auto-guess.
2026-06-19,2026-06-19T16:19:46.381495+00:00,2026-06-19,DraftKings official lineup CSV,https://www.draftkings.com/lineup/getavailableplayerscsv?contestTypeId=9&draftGroupId=149344,149344,9,Selected largest-prize regular Classic MLB draft group after excluding Turbo/Night/qualifier/satellite/showdown/snake/single-stat slates.,1B,Andrew Vaughn (43320845),Andrew Vaughn,43320845,1B,3400,MIL@ATL 06/19/2026 07:15PM ET,06/19/2026 07:15PM ET,MIL,ATL,away,6.97,683734,Andrew Vaughn,mapped,identity_name_team_map,Stable identity seed from old DK-ID map. Pilot join status: matched via normalized_name_team
2026-06-19,2026-06-19T16:19:46.381495+00:00,2026-06-19,DraftKings official lineup CSV,https://www.draftkings.com/lineup/getavailableplayerscsv?contestTypeId=9&draftGroupId=149344,149344,9,Selected largest-prize regular Classic MLB draft group after excluding Turbo/Night/qualifier/satellite/showdown/snake/single-stat slates.,OF,Wyatt Langford (43320837),Wyatt Langford,43320837,OF,3400,SD@TEX 06/19/2026 08:05PM ET,06/19/2026 08:05PM ET,TEX,SD,home,7.16,694671,Wyatt Langford,mapped,identity_name_team_map,Stable identity seed from old DK-ID map. Pilot join status: matched via normalized_name_team
2026-06-19,2026-06-19T16:19:46.381495+00:00,2026-06-19,DraftKings official lineup CSV,https://www.draftkings.com/lineup/getavailableplayerscsv?contestTypeId=9&draftGroupId=149344,149344,9,Selected largest-prize regular Classic MLB draft group after excluding Turbo/Night/qualifier/satellite/showdown/snake/single-stat slates.,1B/OF,Gavin Sheets (43320852),Gavin Sheets,43320852,1B/OF,3400,SD@TEX 06/19/2026 08:05PM ET,06/19/2026 08:05PM ET,SD,TEX,away,6.45,657757,Gavin Sheets,mapped,identity_name_team_map,Stable identity seed from old DK-ID map. Pilot join status: matched via normalized_name_team
2026-06-19,2026-06-19T16:19:46.381495+00:00,2026-06-19,DraftKings official lineup CSV,https://www.draftkings.com/lineup/getavailableplayerscsv?contestTypeId=9&draftGroupId=149344,149344,9,Selected largest-prize regular Classic MLB draft group after excluding Turbo/Night/qualifier/satellite/showdown/snake/single-stat slates.,1B,Blaine Crim (43321086),Blaine Crim,43321086,1B,3400,SD@TEX 06/19/2026 08:05PM ET,06/19/2026 08:05PM ET,TEX,SD,home,0,688760,Blaine Crim,mapped,identity_name_team_map,Stable identity seed from old DK-ID map. Pilot join status: matched_people_search_name via mlb_people_search_normalized_name
2026-06-19,2026-06-19T16:19:46.381495+00:00,2026-06-19,DraftKings official lineup CSV,https://www.draftkings.com/lineup/getavailableplayerscsv?contestTypeId=9&draftGroupId=149344,149344,9,Selected largest-prize regular Classic MLB draft group after excluding Turbo/Night/qualifier/satellite/showdown/snake/single-stat slates.,OF,Jake Fraley (43321085),Jake Fraley,43321085,OF,3400,WSH@TB 06/19/2026 07:10PM ET,06/19/2026 07:10PM ET,TB,WSH,home,4.93,,,needs_review_new_player,identity_name_team_map,No reviewed normalized-name/team identity alias; do not auto-guess.
2026-06-19,2026-06-19T16:19:46.381495+00:00,2026-06-19,DraftKings official lineup CSV,https://www.draftkings.com/lineup/getavailableplayerscsv?contestTypeId=9&draftGroupId=149344,149344,9,Selected largest-prize regular Classic MLB draft group after excluding Turbo/Night/qualifier/satellite/showdown/snake/single-stat slates.,OF,Heriberto Hernandez (43320844),Heriberto Hernandez,43320844,OF,3400,SF@MIA 06/19/2026 07:10PM ET,06/19/2026 07:10PM ET,MIA,SF,home,5.92,681715,Heriberto Hernández,mapped,identity_name_team_map,Proposed from review candidates; basis=exact normalized name + team; role-compatible; statcast_batter_des_2026; confidence=high; sources=statcast_batter_des_2026
2026-06-19,2026-06-19T16:19:46.381495+00:00,2026-06-19,DraftKings official lineup CSV,https://www.draftkings.com/lineup/getavailableplayerscsv?contestTypeId=9&draftGroupId=149344,149344,9,Selected largest-prize regular Classic MLB draft group after excluding Turbo/Night/qualifier/satellite/showdown/snake/single-stat slates.,OF,Jung Hoo Lee (43320850),Jung Hoo Lee,43320850,OF,3400,SF@MIA 06/19/2026 07:10PM ET,06/19/2026 07:10PM ET,SF,MIA,away,7.29,808982,Jung Hoo Lee,mapped,identity_name_team_map,Stable identity seed from old DK-ID map. Pilot join status: matched via normalized_name_team
2026-06-19,2026-06-19T16:19:46.381495+00:00,2026-06-19,DraftKings official lineup CSV,https://www.draftkings.com/lineup/getavailableplayerscsv?contestTypeId=9&draftGroupId=149344,149344,9,Selected largest-prize regular Classic MLB draft group after excluding Turbo/Night/qualifier/satellite/showdown/snake/single-stat slates.,OF,Griffin Conine (43321081),Griffin Conine,43321081,OF,3400,SF@MIA 06/19/2026 07:10PM ET,06/19/2026 07:10PM ET,MIA,SF,home,6.36,665052,Griffin Conine,mapped,identity_name_team_map,Proposed from review candidates; basis=exact normalized name + team; role-compatible; statcast_batter_des_2026; confidence=high; sources=statcast_batter_des_2026
2026-06-19,2026-06-19T16:19:46.381495+00:00,2026-06-19,DraftKings official lineup CSV,https://www.draftkings.com/lineup/getavailableplayerscsv?contestTypeId=9&draftGroupId=149344,149344,9,Selected largest-prize regular Classic MLB draft group after excluding Turbo/Night/qualifier/satellite/showdown/snake/single-stat slates.,C,Brett Sullivan (43320854),Brett Sullivan,43320854,C,3400,PIT@COL 06/19/2026 08:40PM ET,06/19/2026 08:40PM ET,COL,PIT,home,4.10,664954,Brett Sullivan,mapped,identity_name_team_map,Stable identity seed from old DK-ID map. Pilot join status: matched via normalized_name_team
2026-06-19,2026-06-19T16:19:46.381495+00:00,2026-06-19,DraftKings official lineup CSV,https://www.draftkings.com/lineup/getavailableplayerscsv?contestTypeId=9&draftGroupId=149344,149344,9,Selected largest-prize regular Classic MLB draft group after excluding Turbo/Night/qualifier/satellite/showdown/snake/single-stat slates.,2B/SS,Cole Young (43320839),Cole Young,43320839,2B/SS,3400,BOS@SEA 06/19/2026 10:10PM ET,06/19/2026 10:10PM ET,SEA,BOS,home,6.29,,,needs_review_new_player,identity_name_team_map,No reviewed normalized-name/team identity alias; do not auto-guess.
2026-06-19,2026-06-19T16:19:46.381495+00:00,2026-06-19,DraftKings official lineup CSV,https://www.draftkings.com/lineup/getavailableplayerscsv?contestTypeId=9&draftGroupId=149344,149344,9,Selected largest-prize regular Classic MLB draft group after excluding Turbo/Night/qualifier/satellite/showdown/snake/single-stat slates.,SS,Trevor Story (43321083),Trevor Story,43321083,SS,3400,BOS@SEA 06/19/2026 10:10PM ET,06/19/2026 10:10PM ET,BOS,SEA,away,5.98,,,needs_review_new_player,identity_name_team_map,No reviewed normalized-name/team identity alias; do not auto-guess.
2026-06-19,2026-06-19T16:19:46.381495+00:00,2026-06-19,DraftKings official lineup CSV,https://www.draftkings.com/lineup/getavailableplayerscsv?contestTypeId=9&draftGroupId=149344,149344,9,Selected largest-prize regular Classic MLB draft group after excluding Turbo/Night/qualifier/satellite/showdown/snake/single-stat slates.,3B,Brendan Donovan (43321084),Brendan Donovan,43321084,3B,3400,BOS@SEA 06/19/2026 10:10PM ET,06/19/2026 10:10PM ET,SEA,BOS,home,6.96,,,needs_review_new_player,identity_name_team_map,No reviewed normalized-name/team identity alias; do not auto-guess.
2026-06-19,2026-06-19T16:19:46.381495+00:00,2026-06-19,DraftKings official lineup CSV,https://www.draftkings.com/lineup/getavailableplayerscsv?contestTypeId=9&draftGroupId=149344,149344,9,Selected largest-prize regular Classic MLB draft group after excluding Turbo/Night/qualifier/satellite/showdown/snake/single-stat slates.,2B/3B,Tommy Edman (43320841),Tommy Edman,43320841,2B/3B,3400,BAL@LAD 06/19/2026 10:10PM ET,06/19/2026 10:10PM ET,LAD,BAL,home,2,,,needs_review_new_player,identity_name_team_map,No reviewed normalized-name/team identity alias; do not auto-guess.
2026-06-19,2026-06-19T16:19:46.381495+00:00,2026-06-19,DraftKings official lineup CSV,https://www.draftkings.com/lineup/getavailableplayerscsv?contestTypeId=9&draftGroupId=149344,149344,9,Selected largest-prize regular Classic MLB draft group after excluding Turbo/Night/qualifier/satellite/showdown/snake/single-stat slates.,OF,Lane Thomas (43320851),Lane Thomas,43320851,OF,3400,STL@KC 06/19/2026 08:15PM ET,06/19/2026 08:15PM ET,KC,STL,home,4.97,657041,Lane Thomas,mapped,identity_name_team_map,Stable identity seed from old DK-ID map. Pilot join status: matched via normalized_name_team
2026-06-19,2026-06-19T16:19:46.381495+00:00,2026-06-19,DraftKings official lineup CSV,https://www.draftkings.com/lineup/getavailableplayerscsv?contestTypeId=9&draftGroupId=149344,149344,9,Selected largest-prize regular Classic MLB draft group after excluding Turbo/Night/qualifier/satellite/showdown/snake/single-stat slates.,3B,Ramon Urias (43321082),Ramon Urias,43321082,3B,3400,STL@KC 06/19/2026 08:15PM ET,06/19/2026 08:15PM ET,STL,KC,away,3.8,602104,Ramón Urías,mapped,identity_name_team_map,Stable identity seed from old DK-ID map. Pilot join status: matched via normalized_name_team
2026-06-19,2026-06-19T16:19:46.381495+00:00,2026-06-19,DraftKings official lineup CSV,https://www.draftkings.com/lineup/getavailableplayerscsv?contestTypeId=9&draftGroupId=149344,149344,9,Selected largest-prize regular Classic MLB draft group after excluding Turbo/Night/qualifier/satellite/showdown/snake/single-stat slates.,SS,Matt McLain (43320843),Matt McLain,43320843,SS,3400,CIN@NYY 06/19/2026 07:05PM ET,06/19/2026 07:05PM ET,CIN,NYY,away,6.67,680574,Matt McLain,mapped,identity_name_team_map,Stable identity seed from old DK-ID map. Pilot join status: matched via normalized_name_team
2026-06-19,2026-06-19T16:19:46.381495+00:00,2026-06-19,DraftKings official lineup CSV,https://www.draftkings.com/lineup/getavailableplayerscsv?contestTypeId=9&draftGroupId=149344,149344,9,Selected largest-prize regular Classic MLB draft group after excluding Turbo/Night/qualifier/satellite/showdown/snake/single-stat slates.,SS,Anthony Volpe (43320846),Anthony Volpe,43320846,SS,3400,CIN@NYY 06/19/2026 07:05PM ET,06/19/2026 07:05PM ET,NYY,CIN,home,7.48,,,needs_review_new_player,identity_name_team_map,No reviewed normalized-name/team identity alias; do not auto-guess.
2026-06-19,2026-06-19T16:19:46.381495+00:00,2026-06-19,DraftKings official lineup CSV,https://www.draftkings.com/lineup/getavailableplayerscsv?contestTypeId=9&draftGroupId=149344,149344,9,Selected largest-prize regular Classic MLB draft group after excluding Turbo/Night/qualifier/satellite/showdown/snake/single-stat slates.,OF,Lawrence Butler (43320858),Lawrence Butler,43320858,OF,3300,LAA@ATH 06/19/2026 09:40PM ET,06/19/2026 09:40PM ET,ATH,LAA,home,4.28,671732,Lawrence Butler,mapped,identity_name_team_map,Stable identity seed from old DK-ID map. Pilot join status: matched via normalized_name_team
2026-06-19,2026-06-19T16:19:46.381495+00:00,2026-06-19,DraftKings official lineup CSV,https://www.draftkings.com/lineup/getavailableplayerscsv?contestTypeId=9&draftGroupId=149344,149344,9,Selected largest-prize regular Classic MLB draft group after excluding Turbo/Night/qualifier/satellite/showdown/snake/single-stat slates.,1B,Vaughn Grissom (43320861),Vaughn Grissom,43320861,1B,3300,LAA@ATH 06/19/2026 09:40PM ET,06/19/2026 09:40PM ET,LAA,ATH,away,6.38,687093,Vaughn Grissom,mapped,identity_name_team_map,Stable identity seed from old DK-ID map. Pilot join status: matched via normalized_name_team
2026-06-19,2026-06-19T16:19:46.381495+00:00,2026-06-19,DraftKings official lineup CSV,https://www.draftkings.com/lineup/getavailableplayerscsv?contestTypeId=9&draftGroupId=149344,149344,9,Selected largest-prize regular Classic MLB draft group after excluding Turbo/Night/qualifier/satellite/showdown/snake/single-stat slates.,3B,Brooks Lee (43320856),Brooks Lee,43320856,3B,3300,MIN@ARI 06/19/2026 09:45PM ET,06/19/2026 09:45PM ET,MIN,ARI,away,6.94,686797,Brooks Lee,mapped,identity_name_team_map,Proposed from review candidates; basis=exact normalized name + team; role-compatible; hr-distance-latest.json|statcast_batter_des_2026; confidence=high; sources=hr-distance-latest.json|statcast_batter_des_2026
2026-06-19,2026-06-19T16:19:46.381495+00:00,2026-06-19,DraftKings official lineup CSV,https://www.draftkings.com/lineup/getavailableplayerscsv?contestTypeId=9&draftGroupId=149344,149344,9,Selected largest-prize regular Classic MLB draft group after excluding Turbo/Night/qualifier/satellite/showdown/snake/single-stat slates.,OF,Ryan Waldschmidt (43321089),Ryan Waldschmidt,43321089,OF,3300,MIN@ARI 06/19/2026 09:45PM ET,06/19/2026 09:45PM ET,ARI,MIN,home,5.79,,,needs_review_new_player,identity_name_team_map,No reviewed normalized-name/team identity alias; do not auto-guess.
2026-06-19,2026-06-19T16:19:46.381495+00:00,2026-06-19,DraftKings official lineup CSV,https://www.draftkings.com/lineup/getavailableplayerscsv?contestTypeId=9&draftGroupId=149344,149344,9,Selected largest-prize regular Classic MLB draft group after excluding Turbo/Night/qualifier/satellite/showdown/snake/single-stat slates.,OF,Sterlin Thompson (43320864),Sterlin Thompson,43320864,OF,3300,PIT@COL 06/19/2026 08:40PM ET,06/19/2026 08:40PM ET,COL,PIT,home,4.71,694514,Sterlin Thompson,mapped,identity_name_team_map,Stable identity seed from old DK-ID map. Pilot join status: matched via normalized_name_team
2026-06-19,2026-06-19T16:19:46.381495+00:00,2026-06-19,DraftKings official lineup CSV,https://www.draftkings.com/lineup/getavailableplayerscsv?contestTypeId=9&draftGroupId=149344,149344,9,Selected largest-prize regular Classic MLB draft group after excluding Turbo/Night/qualifier/satellite/showdown/snake/single-stat slates.,SS,Brayan Rocchio (43320857),Brayan Rocchio,43320857,SS,3300,CLE@HOU 06/19/2026 08:10PM ET,06/19/2026 08:10PM ET,CLE,HOU,away,6.92,,,needs_review_new_player,identity_name_team_map,No reviewed normalized-name/team identity alias; do not auto-guess.
2026-06-19,2026-06-19T16:19:46.381495+00:00,2026-06-19,DraftKings official lineup CSV,https://www.draftkings.com/lineup/getavailableplayerscsv?contestTypeId=9&draftGroupId=149344,149344,9,Selected largest-prize regular Classic MLB draft group after excluding Turbo/Night/qualifier/satellite/showdown/snake/single-stat slates.,OF,Leody Taveras (43320855),Leody Taveras,43320855,OF,3300,BAL@LAD 06/19/2026 10:10PM ET,06/19/2026 10:10PM ET,BAL,LAD,away,6.33,,,needs_review_new_player,identity_name_team_map,No reviewed normalized-name/team identity alias; do not auto-guess.
2026-06-19,2026-06-19T16:19:46.381495+00:00,2026-06-19,DraftKings official lineup CSV,https://www.draftkings.com/lineup/getavailableplayerscsv?contestTypeId=9&draftGroupId=149344,149344,9,Selected largest-prize regular Classic MLB draft group after excluding Turbo/Night/qualifier/satellite/showdown/snake/single-stat slates.,3B/OF,Kike Hernandez (43321087),Kike Hernandez,43321087,3B/OF,3300,BAL@LAD 06/19/2026 10:10PM ET,06/19/2026 10:10PM ET,LAD,BAL,home,15.5,,,needs_review_new_player,identity_name_team_map,No reviewed normalized-name/team identity alias; do not auto-guess.
2026-06-19,2026-06-19T16:19:46.381495+00:00,2026-06-19,DraftKings official lineup CSV,https://www.draftkings.com/lineup/getavailableplayerscsv?contestTypeId=9&draftGroupId=149344,149344,9,Selected largest-prize regular Classic MLB draft group after excluding Turbo/Night/qualifier/satellite/showdown/snake/single-stat slates.,OF,Nelson Velazquez (43320860),Nelson Velazquez,43320860,OF,3300,STL@KC 06/19/2026 08:15PM ET,06/19/2026 08:15PM ET,STL,KC,away,6.33,676369,Nelson Velázquez,mapped,identity_name_team_map,Stable identity seed from old DK-ID map. Pilot join status: matched via normalized_name_team
2026-06-19,2026-06-19T16:19:46.381495+00:00,2026-06-19,DraftKings official lineup CSV,https://www.draftkings.com/lineup/getavailableplayerscsv?contestTypeId=9&draftGroupId=149344,149344,9,Selected largest-prize regular Classic MLB draft group after excluding Turbo/Night/qualifier/satellite/showdown/snake/single-stat slates.,1B,Nathaniel Lowe (43320859),Nathaniel Lowe,43320859,1B,3300,CIN@NYY 06/19/2026 07:05PM ET,06/19/2026 07:05PM ET,CIN,NYY,away,5.91,663993,Nathaniel Lowe,mapped,identity_name_team_map,Stable identity seed from old DK-ID map. Pilot join status: matched via normalized_name_team
2026-06-19,2026-06-19T16:19:46.381495+00:00,2026-06-19,DraftKings official lineup CSV,https://www.draftkings.com/lineup/getavailableplayerscsv?contestTypeId=9&draftGroupId=149344,149344,9,Selected largest-prize regular Classic MLB draft group after excluding Turbo/Night/qualifier/satellite/showdown/snake/single-stat slates.,OF/SS,Jose Caballero (43320862),Jose Caballero,43320862,SS/OF,3300,CIN@NYY 06/19/2026 07:05PM ET,06/19/2026 07:05PM ET,NYY,CIN,home,7.14,,,needs_review_new_player,identity_name_team_map,No reviewed normalized-name/team identity alias; do not auto-guess.
2026-06-19,2026-06-19T16:19:46.381495+00:00,2026-06-19,DraftKings official lineup CSV,https://www.draftkings.com/lineup/getavailableplayerscsv?contestTypeId=9&draftGroupId=149344,149344,9,Selected largest-prize regular Classic MLB draft group after excluding Turbo/Night/qualifier/satellite/showdown/snake/single-stat slates.,3B,Max Muncy (43320868),Max Muncy,43320868,3B,3200,LAA@ATH 06/19/2026 09:40PM ET,06/19/2026 09:40PM ET,ATH,LAA,home,6.58,691777,Max Muncy,mapped,identity_name_team_map,Stable identity seed from old DK-ID map. Pilot join status: matched via normalized_name_team
2026-06-19,2026-06-19T16:19:46.381495+00:00,2026-06-19,DraftKings official lineup CSV,https://www.draftkings.com/lineup/getavailableplayerscsv?contestTypeId=9&draftGroupId=149344,149344,9,Selected largest-prize regular Classic MLB draft group after excluding Turbo/Night/qualifier/satellite/showdown/snake/single-stat slates.,2B,Luke Keaschall (43320869),Luke Keaschall,43320869,2B,3200,MIN@ARI 06/19/2026 09:45PM ET,06/19/2026 09:45PM ET,MIN,ARI,away,6.67,807712,Luke Keaschall,mapped,identity_name_team_map,Proposed from review candidates; basis=exact normalized name + team; role-compatible; hr-distance-latest.json|statcast_batter_des_2026; confidence=high; sources=hr-distance-latest.json|statcast_batter_des_2026
2026-06-19,2026-06-19T16:19:46.381495+00:00,2026-06-19,DraftKings official lineup CSV,https://www.draftkings.com/lineup/getavailableplayerscsv?contestTypeId=9&draftGroupId=149344,149344,9,Selected largest-prize regular Classic MLB draft group after excluding Turbo/Night/qualifier/satellite/showdown/snake/single-stat slates.,OF,Samad Taylor (43320874),Samad Taylor,43320874,OF,3200,SD@TEX 06/19/2026 08:05PM ET,06/19/2026 08:05PM ET,SD,TEX,away,10.5,669392,Samad Taylor,mapped,identity_name_team_map,Stable identity seed from old DK-ID map. Pilot join status: matched via normalized_name_team
2026-06-19,2026-06-19T16:19:46.381495+00:00,2026-06-19,DraftKings official lineup CSV,https://www.draftkings.com/lineup/getavailableplayerscsv?contestTypeId=9&draftGroupId=149344,149344,9,Selected largest-prize regular Classic MLB draft group after excluding Turbo/Night/qualifier/satellite/showdown/snake/single-stat slates.,OF,Evan Carter (43321093),Evan Carter,43321093,OF,3200,SD@TEX 06/19/2026 08:05PM ET,06/19/2026 08:05PM ET,TEX,SD,home,5.67,694497,Evan Carter,mapped,identity_name_team_map,Stable identity seed from old DK-ID map. Pilot join status: matched via normalized_name_team
2026-06-19,2026-06-19T16:19:46.381495+00:00,2026-06-19,DraftKings official lineup CSV,https://www.draftkings.com/lineup/getavailableplayerscsv?contestTypeId=9&draftGroupId=149344,149344,9,Selected largest-prize regular Classic MLB draft group after excluding Turbo/Night/qualifier/satellite/showdown/snake/single-stat slates.,OF,Ryan Vilade (43320865),Ryan Vilade,43320865,OF,3200,WSH@TB 06/19/2026 07:10PM ET,06/19/2026 07:10PM ET,TB,WSH,home,5.68,,,needs_review_new_player,identity_name_team_map,No reviewed normalized-name/team identity alias; do not auto-guess.
2026-06-19,2026-06-19T16:19:46.381495+00:00,2026-06-19,DraftKings official lineup CSV,https://www.draftkings.com/lineup/getavailableplayerscsv?contestTypeId=9&draftGroupId=149344,149344,9,Selected largest-prize regular Classic MLB draft group after excluding Turbo/Night/qualifier/satellite/showdown/snake/single-stat slates.,OF,Gavin Lux (43321092),Gavin Lux,43321092,OF,3200,WSH@TB 06/19/2026 07:10PM ET,06/19/2026 07:10PM ET,TB,WSH,home,0,,,needs_review_new_player,identity_name_team_map,No reviewed normalized-name/team identity alias; do not auto-guess.
2026-06-19,2026-06-19T16:19:46.381495+00:00,2026-06-19,DraftKings official lineup CSV,https://www.draftkings.com/lineup/getavailableplayerscsv?contestTypeId=9&draftGroupId=149344,149344,9,Selected largest-prize regular Classic MLB draft group after excluding Turbo/Night/qualifier/satellite/showdown/snake/single-stat slates.,1B,Connor Norby (43320873),Connor Norby,43320873,1B,3200,SF@MIA 06/19/2026 07:10PM ET,06/19/2026 07:10PM ET,MIA,SF,home,5.39,681393,Connor Norby,mapped,identity_name_team_map,Proposed from review candidates; basis=exact normalized name + team; role-compatible; hr-distance-latest.json|statcast_batter_des_2026; confidence=high; sources=hr-distance-latest.json|statcast_batter_des_2026
2026-06-19,2026-06-19T16:19:46.381495+00:00,2026-06-19,DraftKings official lineup CSV,https://www.draftkings.com/lineup/getavailableplayerscsv?contestTypeId=9&draftGroupId=149344,149344,9,Selected largest-prize regular Classic MLB draft group after excluding Turbo/Night/qualifier/satellite/showdown/snake/single-stat slates.,SS,Jared Triolo (43320875),Jared Triolo,43320875,SS,3200,PIT@COL 06/19/2026 08:40PM ET,06/19/2026 08:40PM ET,PIT,COL,away,4.14,,,needs_review_new_player,identity_name_team_map,No reviewed normalized-name/team identity alias; do not auto-guess.
2026-06-19,2026-06-19T16:19:46.381495+00:00,2026-06-19,DraftKings official lineup CSV,https://www.draftkings.com/lineup/getavailableplayerscsv?contestTypeId=9&draftGroupId=149344,149344,9,Selected largest-prize regular Classic MLB draft group after excluding Turbo/Night/qualifier/satellite/showdown/snake/single-stat slates.,2B,Jackson Holliday (43320866),Jackson Holliday,43320866,2B,3200,BAL@LAD 06/19/2026 10:10PM ET,06/19/2026 10:10PM ET,BAL,LAD,away,6.30,,,needs_review_new_player,identity_name_team_map,No reviewed normalized-name/team identity alias; do not auto-guess.
2026-06-19,2026-06-19T16:19:46.381495+00:00,2026-06-19,DraftKings official lineup CSV,https://www.draftkings.com/lineup/getavailableplayerscsv?contestTypeId=9&draftGroupId=149344,149344,9,Selected largest-prize regular Classic MLB draft group after excluding Turbo/Night/qualifier/satellite/showdown/snake/single-stat slates.,OF,Ryan Ward (43320867),Ryan Ward,43320867,OF,3200,BAL@LAD 06/19/2026 10:10PM ET,06/19/2026 10:10PM ET,LAD,BAL,home,6.93,,,needs_review_new_player,identity_name_team_map,No reviewed normalized-name/team identity alias; do not auto-guess.
2026-06-19,2026-06-19T16:19:46.381495+00:00,2026-06-19,DraftKings official lineup CSV,https://www.draftkings.com/lineup/getavailableplayerscsv?contestTypeId=9&draftGroupId=149344,149344,9,Selected largest-prize regular Classic MLB draft group after excluding Turbo/Night/qualifier/satellite/showdown/snake/single-stat slates.,2B/OF,Bryan Torres (43320870),Bryan Torres,43320870,2B/OF,3200,STL@KC 06/19/2026 08:15PM ET,06/19/2026 08:15PM ET,STL,KC,away,5.53,663494,Bryan Torres,mapped,identity_name_team_map,Stable identity seed from old DK-ID map. Pilot join status: matched via normalized_name_team
2026-06-19,2026-06-19T16:19:46.381495+00:00,2026-06-19,DraftKings official lineup CSV,https://www.draftkings.com/lineup/getavailableplayerscsv?contestTypeId=9&draftGroupId=149344,149344,9,Selected largest-prize regular Classic MLB draft group after excluding Turbo/Night/qualifier/satellite/showdown/snake/single-stat slates.,OF,Blake Dunn (43320872),Blake Dunn,43320872,OF,3200,CIN@NYY 06/19/2026 07:05PM ET,06/19/2026 07:05PM ET,CIN,NYY,away,6.84,694362,Blake Dunn,mapped,identity_name_team_map,Stable identity seed from old DK-ID map. Pilot join status: matched via normalized_name_team
2026-06-19,2026-06-19T16:19:46.381495+00:00,2026-06-19,DraftKings official lineup CSV,https://www.draftkings.com/lineup/getavailableplayerscsv?contestTypeId=9&draftGroupId=149344,149344,9,Selected largest-prize regular Classic MLB draft group after excluding Turbo/Night/qualifier/satellite/showdown/snake/single-stat slates.,2B/3B,Paul DeJong (43321090),Paul DeJong,43321090,2B/3B,3200,CIN@NYY 06/19/2026 07:05PM ET,06/19/2026 07:05PM ET,NYY,CIN,home,0,,,needs_review_new_player,identity_name_team_map,No reviewed normalized-name/team identity alias; do not auto-guess.
2026-06-19,2026-06-19T16:19:46.381495+00:00,2026-06-19,DraftKings official lineup CSV,https://www.draftkings.com/lineup/getavailableplayerscsv?contestTypeId=9&draftGroupId=149344,149344,9,Selected largest-prize regular Classic MLB draft group after excluding Turbo/Night/qualifier/satellite/showdown/snake/single-stat slates.,C,Jonah Heim (43320878),Jonah Heim,43320878,C,3100,LAA@ATH 06/19/2026 09:40PM ET,06/19/2026 09:40PM ET,ATH,LAA,home,6.19,641680,Jonah Heim,mapped,identity_name_team_map,Stable identity seed from old DK-ID map. Pilot join status: matched via normalized_name_team
2026-06-19,2026-06-19T16:19:46.381495+00:00,2026-06-19,DraftKings official lineup CSV,https://www.draftkings.com/lineup/getavailableplayerscsv?contestTypeId=9&draftGroupId=149344,149344,9,Selected largest-prize regular Classic MLB draft group after excluding Turbo/Night/qualifier/satellite/showdown/snake/single-stat slates.,1B/2B,Royce Lewis (43320880),Royce Lewis,43320880,1B/2B,3100,MIN@ARI 06/19/2026 09:45PM ET,06/19/2026 09:45PM ET,MIN,ARI,away,6.40,668904,Royce Lewis,mapped,identity_name_team_map,Proposed from review candidates; basis=exact normalized name + team; role-compatible; statcast_batter_des_2026; confidence=high; sources=statcast_batter_des_2026
2026-06-19,2026-06-19T16:19:46.381495+00:00,2026-06-19,DraftKings official lineup CSV,https://www.draftkings.com/lineup/getavailableplayerscsv?contestTypeId=9&draftGroupId=149344,149344,9,Selected largest-prize regular Classic MLB draft group after excluding Turbo/Night/qualifier/satellite/showdown/snake/single-stat slates.,1B/3B,Jose Fernandez (43321098),Jose Fernandez,43321098,1B/3B,3100,MIN@ARI 06/19/2026 09:45PM ET,06/19/2026 09:45PM ET,ARI,MIN,home,5.24,,,needs_review_new_player,identity_name_team_map,No reviewed normalized-name/team identity alias; do not auto-guess.
2026-06-19,2026-06-19T16:19:46.381495+00:00,2026-06-19,DraftKings official lineup CSV,https://www.draftkings.com/lineup/getavailableplayerscsv?contestTypeId=9&draftGroupId=149344,149344,9,Selected largest-prize regular Classic MLB draft group after excluding Turbo/Night/qualifier/satellite/showdown/snake/single-stat slates.,2B/SS,Ezequiel Duran (43320876),Ezequiel Duran,43320876,2B/SS,3100,SD@TEX 06/19/2026 08:05PM ET,06/19/2026 08:05PM ET,TEX,SD,home,6.92,677649,Ezequiel Duran,mapped,identity_name_team_map,Stable identity seed from old DK-ID map. Pilot join status: matched via normalized_name_team
2026-06-19,2026-06-19T16:19:46.381495+00:00,2026-06-19,DraftKings official lineup CSV,https://www.draftkings.com/lineup/getavailableplayerscsv?contestTypeId=9&draftGroupId=149344,149344,9,Selected largest-prize regular Classic MLB draft group after excluding Turbo/Night/qualifier/satellite/showdown/snake/single-stat slates.,OF,Ramon Laureano (43321100),Ramon Laureano,43321100,OF,3100,SD@TEX 06/19/2026 08:05PM ET,06/19/2026 08:05PM ET,SD,TEX,away,6.58,657656,Ramón Laureano,mapped,identity_name_team_map,Stable identity seed from old DK-ID map. Pilot join status: matched via normalized_name_team
2026-06-19,2026-06-19T16:19:46.381495+00:00,2026-06-19,DraftKings official lineup CSV,https://www.draftkings.com/lineup/getavailableplayerscsv?contestTypeId=9&draftGroupId=149344,149344,9,Selected largest-prize regular Classic MLB draft group after excluding Turbo/Night/qualifier/satellite/showdown/snake/single-stat slates.,OF,Jacob Young (43320886),Jacob Young,43320886,OF,3100,WSH@TB 06/19/2026 07:10PM ET,06/19/2026 07:10PM ET,WSH,TB,away,5.92,696285,Jacob Young,mapped,identity_name_team_map,Stable identity seed from old DK-ID map. Pilot join status: matched via normalized_name_team
2026-06-19,2026-06-19T16:19:46.381495+00:00,2026-06-19,DraftKings official lineup CSV,https://www.draftkings.com/lineup/getavailableplayerscsv?contestTypeId=9&draftGroupId=149344,149344,9,Selected largest-prize regular Classic MLB draft group after excluding Turbo/Night/qualifier/satellite/showdown/snake/single-stat slates.,OF,Joey Wiemer (43321096),Joey Wiemer,43321096,OF,3100,WSH@TB 06/19/2026 07:10PM ET,06/19/2026 07:10PM ET,WSH,TB,away,5.72,686894,Joey Wiemer,mapped,identity_name_team_map,Stable identity seed from old DK-ID map. Pilot join status: matched via normalized_name_team
2026-06-19,2026-06-19T16:19:46.381495+00:00,2026-06-19,DraftKings official lineup CSV,https://www.draftkings.com/lineup/getavailableplayerscsv?contestTypeId=9&draftGroupId=149344,149344,9,Selected largest-prize regular Classic MLB draft group after excluding Turbo/Night/qualifier/satellite/showdown/snake/single-stat slates.,OF,Esteury Ruiz (43320883),Esteury Ruiz,43320883,OF,3100,SF@MIA 06/19/2026 07:10PM ET,06/19/2026 07:10PM ET,MIA,SF,home,5.78,665923,Esteury Ruiz,mapped,identity_name_team_map,Proposed from review candidates; basis=exact normalized name + team; role-compatible; statcast_batter_des_2026; confidence=high; sources=statcast_batter_des_2026
2026-06-19,2026-06-19T16:19:46.381495+00:00,2026-06-19,DraftKings official lineup CSV,https://www.draftkings.com/lineup/getavailableplayerscsv?contestTypeId=9&draftGroupId=149344,149344,9,Selected largest-prize regular Classic MLB draft group after excluding Turbo/Night/qualifier/satellite/showdown/snake/single-stat slates.,1B,Bryce Eldridge (43320885),Bryce Eldridge,43320885,1B,3100,SF@MIA 06/19/2026 07:10PM ET,06/19/2026 07:10PM ET,SF,MIA,away,8.24,805811,Bryce Eldridge,mapped,identity_name_team_map,Stable identity seed from old DK-ID map. Pilot join status: matched via normalized_name_team
2026-06-19,2026-06-19T16:19:46.381495+00:00,2026-06-19,DraftKings official lineup CSV,https://www.draftkings.com/lineup/getavailableplayerscsv?contestTypeId=9&draftGroupId=149344,149344,9,Selected largest-prize regular Classic MLB draft group after excluding Turbo/Night/qualifier/satellite/showdown/snake/single-stat slates.,OF,Harrison Bader (43321097),Harrison Bader,43321097,OF,3100,SF@MIA 06/19/2026 07:10PM ET,06/19/2026 07:10PM ET,SF,MIA,away,5.17,664056,Harrison Bader,mapped,identity_name_team_map,Stable identity seed from old DK-ID map. Pilot join status: matched via normalized_name_team
2026-06-19,2026-06-19T16:19:46.381495+00:00,2026-06-19,DraftKings official lineup CSV,https://www.draftkings.com/lineup/getavailableplayerscsv?contestTypeId=9&draftGroupId=149344,149344,9,Selected largest-prize regular Classic MLB draft group after excluding Turbo/Night/qualifier/satellite/showdown/snake/single-stat slates.,OF,Esmerlyn Valdez (43320888),Esmerlyn Valdez,43320888,OF,3100,PIT@COL 06/19/2026 08:40PM ET,06/19/2026 08:40PM ET,PIT,COL,away,4.22,,,needs_review_new_player,identity_name_team_map,No reviewed normalized-name/team identity alias; do not auto-guess.
2026-06-19,2026-06-19T16:19:46.381495+00:00,2026-06-19,DraftKings official lineup CSV,https://www.draftkings.com/lineup/getavailableplayerscsv?contestTypeId=9&draftGroupId=149344,149344,9,Selected largest-prize regular Classic MLB draft group after excluding Turbo/Night/qualifier/satellite/showdown/snake/single-stat slates.,C,Yainer Diaz (43320879),Yainer Diaz,43320879,C,3100,CLE@HOU 06/19/2026 08:10PM ET,06/19/2026 08:10PM ET,HOU,CLE,home,5.70,673237,Yainer Diaz,mapped,identity_name_team_map,Stable identity seed from old DK-ID map. Pilot join status: matched via normalized_name_team
2026-06-19,2026-06-19T16:19:46.381495+00:00,2026-06-19,DraftKings official lineup CSV,https://www.draftkings.com/lineup/getavailableplayerscsv?contestTypeId=9&draftGroupId=149344,149344,9,Selected largest-prize regular Classic MLB draft group after excluding Turbo/Night/qualifier/satellite/showdown/snake/single-stat slates.,3B/SS,Shay Whitcomb (43321094),Shay Whitcomb,43321094,3B/SS,3100,CLE@HOU 06/19/2026 08:10PM ET,06/19/2026 08:10PM ET,HOU,CLE,home,2.29,694376,Shay Whitcomb,mapped,identity_name_team_map,Stable identity seed from old DK-ID map. Pilot join status: matched via normalized_name_team
2026-06-19,2026-06-19T16:19:46.381495+00:00,2026-06-19,DraftKings official lineup CSV,https://www.draftkings.com/lineup/getavailableplayerscsv?contestTypeId=9&draftGroupId=149344,149344,9,Selected largest-prize regular Classic MLB draft group after excluding Turbo/Night/qualifier/satellite/showdown/snake/single-stat slates.,C,Mickey Gasper (43320887),Mickey Gasper,43320887,C,3100,BOS@SEA 06/19/2026 10:10PM ET,06/19/2026 10:10PM ET,BOS,SEA,away,4.83,,,needs_review_new_player,identity_name_team_map,No reviewed normalized-name/team identity alias; do not auto-guess.
2026-06-19,2026-06-19T16:19:46.381495+00:00,2026-06-19,DraftKings official lineup CSV,https://www.draftkings.com/lineup/getavailableplayerscsv?contestTypeId=9&draftGroupId=149344,149344,9,Selected largest-prize regular Classic MLB draft group after excluding Turbo/Night/qualifier/satellite/showdown/snake/single-stat slates.,OF,Alex Call (43320882),Alex Call,43320882,OF,3100,BAL@LAD 06/19/2026 10:10PM ET,06/19/2026 10:10PM ET,LAD,BAL,home,4.09,,,needs_review_new_player,identity_name_team_map,No reviewed normalized-name/team identity alias; do not auto-guess.
2026-06-19,2026-06-19T16:19:46.381495+00:00,2026-06-19,DraftKings official lineup CSV,https://www.draftkings.com/lineup/getavailableplayerscsv?contestTypeId=9&draftGroupId=149344,149344,9,Selected largest-prize regular Classic MLB draft group after excluding Turbo/Night/qualifier/satellite/showdown/snake/single-stat slates.,SS,Masyn Winn (43320884),Masyn Winn,43320884,SS,3100,STL@KC 06/19/2026 08:15PM ET,06/19/2026 08:15PM ET,STL,KC,away,6.41,691026,Masyn Winn,mapped,identity_name_team_map,Stable identity seed from old DK-ID map. Pilot join status: matched via normalized_name_team
2026-06-19,2026-06-19T16:19:46.381495+00:00,2026-06-19,DraftKings official lineup CSV,https://www.draftkings.com/lineup/getavailableplayerscsv?contestTypeId=9&draftGroupId=149344,149344,9,Selected largest-prize regular Classic MLB draft group after excluding Turbo/Night/qualifier/satellite/showdown/snake/single-stat slates.,OF,Colby Thomas (43320890),Colby Thomas,43320890,OF,3000,LAA@ATH 06/19/2026 09:40PM ET,06/19/2026 09:40PM ET,ATH,LAA,home,3.03,687515,Colby Thomas,mapped,identity_name_team_map,Stable identity seed from old DK-ID map. Pilot join status: matched via normalized_name_team
2026-06-19,2026-06-19T16:19:46.381495+00:00,2026-06-19,DraftKings official lineup CSV,https://www.draftkings.com/lineup/getavailableplayerscsv?contestTypeId=9&draftGroupId=149344,149344,9,Selected largest-prize regular Classic MLB draft group after excluding Turbo/Night/qualifier/satellite/showdown/snake/single-stat slates.,3B/SS,Denzer Guzman (43320897),Denzer Guzman,43320897,3B/SS,3000,LAA@ATH 06/19/2026 09:40PM ET,06/19/2026 09:40PM ET,LAA,ATH,away,6.22,694203,Denzer Guzman,mapped,identity_name_team_map,Stable identity seed from old DK-ID map. Pilot join status: matched via normalized_name_team
2026-06-19,2026-06-19T16:19:46.381495+00:00,2026-06-19,DraftKings official lineup CSV,https://www.draftkings.com/lineup/getavailableplayerscsv?contestTypeId=9&draftGroupId=149344,149344,9,Selected largest-prize regular Classic MLB draft group after excluding Turbo/Night/qualifier/satellite/showdown/snake/single-stat slates.,OF,Austin Martin (43320889),Austin Martin,43320889,OF,3000,MIN@ARI 06/19/2026 09:45PM ET,06/19/2026 09:45PM ET,MIN,ARI,away,5.64,668885,Austin Martin,mapped,identity_name_team_map,Proposed from review candidates; basis=exact normalized name + team; role-compatible; hr-distance-latest.json|statcast_batter_des_2026; confidence=high; sources=hr-distance-latest.json|statcast_batter_des_2026
2026-06-19,2026-06-19T16:19:46.381495+00:00,2026-06-19,DraftKings official lineup CSV,https://www.draftkings.com/lineup/getavailableplayerscsv?contestTypeId=9&draftGroupId=149344,149344,9,Selected largest-prize regular Classic MLB draft group after excluding Turbo/Night/qualifier/satellite/showdown/snake/single-stat slates.,OF,Jordan Lawlar (43320899),Jordan Lawlar,43320899,OF,3000,MIN@ARI 06/19/2026 09:45PM ET,06/19/2026 09:45PM ET,ARI,MIN,home,8.46,,,needs_review_new_player,identity_name_team_map,No reviewed normalized-name/team identity alias; do not auto-guess.
2026-06-19,2026-06-19T16:19:46.381495+00:00,2026-06-19,DraftKings official lineup CSV,https://www.draftkings.com/lineup/getavailableplayerscsv?contestTypeId=9&draftGroupId=149344,149344,9,Selected largest-prize regular Classic MLB draft group after excluding Turbo/Night/qualifier/satellite/showdown/snake/single-stat slates.,OF/SS,Mauricio Dubon (43320892),Mauricio Dubon,43320892,SS/OF,3000,MIL@ATL 06/19/2026 07:15PM ET,06/19/2026 07:15PM ET,ATL,MIL,home,6.78,643289,Mauricio Dubón,mapped,identity_name_team_map,Stable identity seed from old DK-ID map. Pilot join status: matched via normalized_name_team
2026-06-19,2026-06-19T16:19:46.381495+00:00,2026-06-19,DraftKings official lineup CSV,https://www.draftkings.com/lineup/getavailableplayerscsv?contestTypeId=9&draftGroupId=149344,149344,9,Selected largest-prize regular Classic MLB draft group after excluding Turbo/Night/qualifier/satellite/showdown/snake/single-stat slates.,OF,Garrett Mitchell (43320894),Garrett Mitchell,43320894,OF,3000,MIL@ATL 06/19/2026 07:15PM ET,06/19/2026 07:15PM ET,MIL,ATL,away,7.02,669003,Garrett Mitchell,mapped,identity_name_team_map,Stable identity seed from old DK-ID map. Pilot join status: matched via normalized_name_team
2026-06-19,2026-06-19T16:19:46.381495+00:00,2026-06-19,DraftKings official lineup CSV,https://www.draftkings.com/lineup/getavailableplayerscsv?contestTypeId=9&draftGroupId=149344,149344,9,Selected largest-prize regular Classic MLB draft group after excluding Turbo/Night/qualifier/satellite/showdown/snake/single-stat slates.,3B,Javier Sanoja (43320895),Javier Sanoja,43320895,3B,3000,SF@MIA 06/19/2026 07:10PM ET,06/19/2026 07:10PM ET,MIA,SF,home,4.57,691594,Javier Sanoja,mapped,identity_name_team_map,Proposed from review candidates; basis=exact normalized name + team; role-compatible; hr-distance-latest.json|statcast_batter_des_2026; confidence=high; sources=hr-distance-latest.json|statcast_batter_des_2026
2026-06-19,2026-06-19T16:19:46.381495+00:00,2026-06-19,DraftKings official lineup CSV,https://www.draftkings.com/lineup/getavailableplayerscsv?contestTypeId=9&draftGroupId=149344,149344,9,Selected largest-prize regular Classic MLB draft group after excluding Turbo/Night/qualifier/satellite/showdown/snake/single-stat slates.,C,Agustin Ramirez (43321101),Agustin Ramirez,43321101,C,3000,SF@MIA 06/19/2026 07:10PM ET,06/19/2026 07:10PM ET,MIA,SF,home,6.71,682663,Agustín Ramírez,mapped,identity_name_team_map,Proposed from review candidates; basis=exact normalized name + team; role-compatible; statcast_batter_des_2026; confidence=high; sources=statcast_batter_des_2026
2026-06-19,2026-06-19T16:19:46.381495+00:00,2026-06-19,DraftKings official lineup CSV,https://www.draftkings.com/lineup/getavailableplayerscsv?contestTypeId=9&draftGroupId=149344,149344,9,Selected largest-prize regular Classic MLB draft group after excluding Turbo/Night/qualifier/satellite/showdown/snake/single-stat slates.,OF,Billy Cook (43320900),Billy Cook,43320900,OF,3000,PIT@COL 06/19/2026 08:40PM ET,06/19/2026 08:40PM ET,PIT,COL,away,1,,,needs_review_new_player,identity_name_team_map,No reviewed normalized-name/team identity alias; do not auto-guess.
2026-06-19,2026-06-19T16:19:46.381495+00:00,2026-06-19,DraftKings official lineup CSV,https://www.draftkings.com/lineup/getavailableplayerscsv?contestTypeId=9&draftGroupId=149344,149344,9,Selected largest-prize regular Classic MLB draft group after excluding Turbo/Night/qualifier/satellite/showdown/snake/single-stat slates.,1B,Rhys Hoskins (43320891),Rhys Hoskins,43320891,1B,3000,CLE@HOU 06/19/2026 08:10PM ET,06/19/2026 08:10PM ET,CLE,HOU,away,5.58,,,needs_review_new_player,identity_name_team_map,No reviewed normalized-name/team identity alias; do not auto-guess.
2026-06-19,2026-06-19T16:19:46.381495+00:00,2026-06-19,DraftKings official lineup CSV,https://www.draftkings.com/lineup/getavailableplayerscsv?contestTypeId=9&draftGroupId=149344,149344,9,Selected largest-prize regular Classic MLB draft group after excluding Turbo/Night/qualifier/satellite/showdown/snake/single-stat slates.,C,Tyler Stephenson (43320896),Tyler Stephenson,43320896,C,3000,CIN@NYY 06/19/2026 07:05PM ET,06/19/2026 07:05PM ET,CIN,NYY,away,4.78,663886,Tyler Stephenson,mapped,identity_name_team_map,Stable identity seed from old DK-ID map. Pilot join status: matched via normalized_name_team
2026-06-19,2026-06-19T16:19:46.381495+00:00,2026-06-19,DraftKings official lineup CSV,https://www.draftkings.com/lineup/getavailableplayerscsv?contestTypeId=9&draftGroupId=149344,149344,9,Selected largest-prize regular Classic MLB draft group after excluding Turbo/Night/qualifier/satellite/showdown/snake/single-stat slates.,OF,Seth Brown (43321102),Seth Brown,43321102,OF,3000,CIN@NYY 06/19/2026 07:05PM ET,06/19/2026 07:05PM ET,NYY,CIN,home,0,,,needs_review_new_player,identity_name_team_map,No reviewed normalized-name/team identity alias; do not auto-guess.
2026-06-19,2026-06-19T16:19:46.381495+00:00,2026-06-19,DraftKings official lineup CSV,https://www.draftkings.com/lineup/getavailableplayerscsv?contestTypeId=9&draftGroupId=149344,149344,9,Selected largest-prize regular Classic MLB draft group after excluding Turbo/Night/qualifier/satellite/showdown/snake/single-stat slates.,3B,Oswaldo Cabrera (43321103),Oswaldo Cabrera,43321103,3B,3000,CIN@NYY 06/19/2026 07:05PM ET,06/19/2026 07:05PM ET,NYY,CIN,home,0,,,needs_review_new_player,identity_name_team_map,No reviewed normalized-name/team identity alias; do not auto-guess.
2026-06-19,2026-06-19T16:19:46.381495+00:00,2026-06-19,DraftKings official lineup CSV,https://www.draftkings.com/lineup/getavailableplayerscsv?contestTypeId=9&draftGroupId=149344,149344,9,Selected largest-prize regular Classic MLB draft group after excluding Turbo/Night/qualifier/satellite/showdown/snake/single-stat slates.,1B,Nolan Schanuel (43320903),Nolan Schanuel,43320903,1B,2900,LAA@ATH 06/19/2026 09:40PM ET,06/19/2026 09:40PM ET,LAA,ATH,away,5.98,694384,Nolan Schanuel,mapped,identity_name_team_map,Stable identity seed from old DK-ID map. Pilot join status: matched via normalized_name_team
2026-06-19,2026-06-19T16:19:46.381495+00:00,2026-06-19,DraftKings official lineup CSV,https://www.draftkings.com/lineup/getavailableplayerscsv?contestTypeId=9&draftGroupId=149344,149344,9,Selected largest-prize regular Classic MLB draft group after excluding Turbo/Night/qualifier/satellite/showdown/snake/single-stat slates.,OF,Henry Bolte (43320907),Henry Bolte,43320907,OF,2900,LAA@ATH 06/19/2026 09:40PM ET,06/19/2026 09:40PM ET,ATH,LAA,home,6.54,703607,Henry Bolte,mapped,identity_name_team_map,Stable identity seed from old DK-ID map. Pilot join status: matched via normalized_name_team
2026-06-19,2026-06-19T16:19:46.381495+00:00,2026-06-19,DraftKings official lineup CSV,https://www.draftkings.com/lineup/getavailableplayerscsv?contestTypeId=9&draftGroupId=149344,149344,9,Selected largest-prize regular Classic MLB draft group after excluding Turbo/Night/qualifier/satellite/showdown/snake/single-stat slates.,1B,Josh Bell (43320906),Josh Bell,43320906,1B,2900,MIN@ARI 06/19/2026 09:45PM ET,06/19/2026 09:45PM ET,MIN,ARI,away,6.81,605137,Josh Bell,mapped,identity_name_team_map,Proposed from review candidates; basis=exact normalized name + team; role-compatible; hr-distance-latest.json|statcast_batter_des_2026; confidence=high; sources=hr-distance-latest.json|statcast_batter_des_2026
2026-06-19,2026-06-19T16:19:46.381495+00:00,2026-06-19,DraftKings official lineup CSV,https://www.draftkings.com/lineup/getavailableplayerscsv?contestTypeId=9&draftGroupId=149344,149344,9,Selected largest-prize regular Classic MLB draft group after excluding Turbo/Night/qualifier/satellite/showdown/snake/single-stat slates.,1B/OF,Dominic Smith (43320904),Dominic Smith,43320904,1B/OF,2900,MIL@ATL 06/19/2026 07:15PM ET,06/19/2026 07:15PM ET,ATL,MIL,home,5.4,642086,Dominic Smith,mapped,identity_name_team_map,Stable identity seed from old DK-ID map. Pilot join status: matched via normalized_name_team
2026-06-19,2026-06-19T16:19:46.381495+00:00,2026-06-19,DraftKings official lineup CSV,https://www.draftkings.com/lineup/getavailableplayerscsv?contestTypeId=9&draftGroupId=149344,149344,9,Selected largest-prize regular Classic MLB draft group after excluding Turbo/Night/qualifier/satellite/showdown/snake/single-stat slates.,C,Sean Murphy (43321105),Sean Murphy,43321105,C,2900,MIL@ATL 06/19/2026 07:15PM ET,06/19/2026 07:15PM ET,ATL,MIL,home,1.25,669221,Sean Murphy,mapped,identity_name_team_map,Stable identity seed from old DK-ID map. Pilot join status: matched via normalized_name_team
2026-06-19,2026-06-19T16:19:46.381495+00:00,2026-06-19,DraftKings official lineup CSV,https://www.draftkings.com/lineup/getavailableplayerscsv?contestTypeId=9&draftGroupId=149344,149344,9,Selected largest-prize regular Classic MLB draft group after excluding Turbo/Night/qualifier/satellite/showdown/snake/single-stat slates.,1B,Jake Burger (43320901),Jake Burger,43320901,1B,2900,SD@TEX 06/19/2026 08:05PM ET,06/19/2026 08:05PM ET,TEX,SD,home,7.04,669394,Jake Burger,mapped,identity_name_team_map,Stable identity seed from old DK-ID map. Pilot join status: matched via normalized_name_team
2026-06-19,2026-06-19T16:19:46.381495+00:00,2026-06-19,DraftKings official lineup CSV,https://www.draftkings.com/lineup/getavailableplayerscsv?contestTypeId=9&draftGroupId=149344,149344,9,Selected largest-prize regular Classic MLB draft group after excluding Turbo/Night/qualifier/satellite/showdown/snake/single-stat slates.,OF,Andrew McCutchen (43321104),Andrew McCutchen,43321104,OF,2900,SD@TEX 06/19/2026 08:05PM ET,06/19/2026 08:05PM ET,TEX,SD,home,2.62,457705,Andrew McCutchen,mapped,identity_name_team_map,Stable identity seed from old DK-ID map. Pilot join status: matched via normalized_name_team
2026-06-19,2026-06-19T16:19:46.381495+00:00,2026-06-19,DraftKings official lineup CSV,https://www.draftkings.com/lineup/getavailableplayerscsv?contestTypeId=9&draftGroupId=149344,149344,9,Selected largest-prize regular Classic MLB draft group after excluding Turbo/Night/qualifier/satellite/showdown/snake/single-stat slates.,3B,Miguel Andujar (43321112),Miguel Andujar,43321112,3B,2900,SD@TEX 06/19/2026 08:05PM ET,06/19/2026 08:05PM ET,SD,TEX,away,5.76,609280,Miguel Andujar,mapped,identity_name_team_map,Stable identity seed from old DK-ID map. Pilot join status: matched via normalized_name_team
2026-06-19,2026-06-19T16:19:46.381495+00:00,2026-06-19,DraftKings official lineup CSV,https://www.draftkings.com/lineup/getavailableplayerscsv?contestTypeId=9&draftGroupId=149344,149344,9,Selected largest-prize regular Classic MLB draft group after excluding Turbo/Night/qualifier/satellite/showdown/snake/single-stat slates.,OF,Jordan Beck (43321106),Jordan Beck,43321106,OF,2900,PIT@COL 06/19/2026 08:40PM ET,06/19/2026 08:40PM ET,COL,PIT,home,4.03,687597,Jordan Beck,mapped,identity_name_team_map,Stable identity seed from old DK-ID map. Pilot join status: matched via normalized_name_team
2026-06-19,2026-06-19T16:19:46.381495+00:00,2026-06-19,DraftKings official lineup CSV,https://www.draftkings.com/lineup/getavailableplayerscsv?contestTypeId=9&draftGroupId=149344,149344,9,Selected largest-prize regular Classic MLB draft group after excluding Turbo/Night/qualifier/satellite/showdown/snake/single-stat slates.,OF,Steven Kwan (43320908),Steven Kwan,43320908,OF,2900,CLE@HOU 06/19/2026 08:10PM ET,06/19/2026 08:10PM ET,CLE,HOU,away,5.25,,,needs_review_new_player,identity_name_team_map,No reviewed normalized-name/team identity alias; do not auto-guess.
2026-06-19,2026-06-19T16:19:46.381495+00:00,2026-06-19,DraftKings official lineup CSV,https://www.draftkings.com/lineup/getavailableplayerscsv?contestTypeId=9&draftGroupId=149344,149344,9,Selected largest-prize regular Classic MLB draft group after excluding Turbo/Night/qualifier/satellite/showdown/snake/single-stat slates.,1B/2B,Romy Gonzalez (43321107),Romy Gonzalez,43321107,1B/2B,2900,BOS@SEA 06/19/2026 10:10PM ET,06/19/2026 10:10PM ET,BOS,SEA,away,0,,,needs_review_new_player,identity_name_team_map,No reviewed normalized-name/team identity alias; do not auto-guess.
2026-06-19,2026-06-19T16:19:46.381495+00:00,2026-06-19,DraftKings official lineup CSV,https://www.draftkings.com/lineup/getavailableplayerscsv?contestTypeId=9&draftGroupId=149344,149344,9,Selected largest-prize regular Classic MLB draft group after excluding Turbo/Night/qualifier/satellite/showdown/snake/single-stat slates.,C,Jhonny Pereda (43321109),Jhonny Pereda,43321109,C,2900,BOS@SEA 06/19/2026 10:10PM ET,06/19/2026 10:10PM ET,SEA,BOS,home,5.21,,,needs_review_new_player,identity_name_team_map,No reviewed normalized-name/team identity alias; do not auto-guess.
2026-06-19,2026-06-19T16:19:46.381495+00:00,2026-06-19,DraftKings official lineup CSV,https://www.draftkings.com/lineup/getavailableplayerscsv?contestTypeId=9&draftGroupId=149344,149344,9,Selected largest-prize regular Classic MLB draft group after excluding Turbo/Night/qualifier/satellite/showdown/snake/single-stat slates.,3B,Coby Mayo (43320902),Coby Mayo,43320902,3B,2900,BAL@LAD 06/19/2026 10:10PM ET,06/19/2026 10:10PM ET,BAL,LAD,away,5.53,,,needs_review_new_player,identity_name_team_map,No reviewed normalized-name/team identity alias; do not auto-guess.
2026-06-19,2026-06-19T16:19:46.381495+00:00,2026-06-19,DraftKings official lineup CSV,https://www.draftkings.com/lineup/getavailableplayerscsv?contestTypeId=9&draftGroupId=149344,149344,9,Selected largest-prize regular Classic MLB draft group after excluding Turbo/Night/qualifier/satellite/showdown/snake/single-stat slates.,2B,Michael Massey (43320910),Michael Massey,43320910,2B,2900,STL@KC 06/19/2026 08:15PM ET,06/19/2026 08:15PM ET,KC,STL,home,5.28,686681,Michael Massey,mapped,identity_name_team_map,Stable identity seed from old DK-ID map. Pilot join status: matched via normalized_name_team
2026-06-19,2026-06-19T16:19:46.381495+00:00,2026-06-19,DraftKings official lineup CSV,https://www.draftkings.com/lineup/getavailableplayerscsv?contestTypeId=9&draftGroupId=149344,149344,9,Selected largest-prize regular Classic MLB draft group after excluding Turbo/Night/qualifier/satellite/showdown/snake/single-stat slates.,2B,Jonathan India (43321110),Jonathan India,43321110,2B,2900,STL@KC 06/19/2026 08:15PM ET,06/19/2026 08:15PM ET,KC,STL,home,5.41,663697,Jonathan India,mapped,identity_name_team_map,Stable identity seed from old DK-ID map. Pilot join status: matched via normalized_name_team
2026-06-19,2026-06-19T16:19:46.381495+00:00,2026-06-19,DraftKings official lineup CSV,https://www.draftkings.com/lineup/getavailableplayerscsv?contestTypeId=9&draftGroupId=149344,149344,9,Selected largest-prize regular Classic MLB draft group after excluding Turbo/Night/qualifier/satellite/showdown/snake/single-stat slates.,OF,Dane Myers (43320909),Dane Myers,43320909,OF,2900,CIN@NYY 06/19/2026 07:05PM ET,06/19/2026 07:05PM ET,CIN,NYY,away,3.93,667472,Dane Myers,mapped,identity_name_team_map,Stable identity seed from old DK-ID map. Pilot join status: matched via normalized_name_team
2026-06-19,2026-06-19T16:19:46.381495+00:00,2026-06-19,DraftKings official lineup CSV,https://www.draftkings.com/lineup/getavailableplayerscsv?contestTypeId=9&draftGroupId=149344,149344,9,Selected largest-prize regular Classic MLB draft group after excluding Turbo/Night/qualifier/satellite/showdown/snake/single-stat slates.,C,Austin Wells (43321111),Austin Wells,43321111,C,2900,CIN@NYY 06/19/2026 07:05PM ET,06/19/2026 07:05PM ET,NYY,CIN,home,4.08,,,needs_review_new_player,identity_name_team_map,No reviewed normalized-name/team identity alias; do not auto-guess.
2026-06-19,2026-06-19T16:19:46.381495+00:00,2026-06-19,DraftKings official lineup CSV,https://www.draftkings.com/lineup/getavailableplayerscsv?contestTypeId=9&draftGroupId=149344,149344,9,Selected largest-prize regular Classic MLB draft group after excluding Turbo/Night/qualifier/satellite/showdown/snake/single-stat slates.,2B/SS,Alika Williams (43320914),Alika Williams,43320914,2B/SS,2800,LAA@ATH 06/19/2026 09:40PM ET,06/19/2026 09:40PM ET,ATH,LAA,home,3.73,675961,Alika Williams,mapped,identity_name_team_map,Stable identity seed from old DK-ID map. Pilot join status: matched via normalized_name_team
2026-06-19,2026-06-19T16:19:46.381495+00:00,2026-06-19,DraftKings official lineup CSV,https://www.draftkings.com/lineup/getavailableplayerscsv?contestTypeId=9&draftGroupId=149344,149344,9,Selected largest-prize regular Classic MLB draft group after excluding Turbo/Night/qualifier/satellite/showdown/snake/single-stat slates.,OF,Jose Siri (43320926),Jose Siri,43320926,OF,2800,LAA@ATH 06/19/2026 09:40PM ET,06/19/2026 09:40PM ET,LAA,ATH,away,4.89,642350,Jose Siri,mapped,identity_name_team_map,Stable identity seed from old DK-ID map. Pilot join status: matched via normalized_name_team
2026-06-19,2026-06-19T16:19:46.381495+00:00,2026-06-19,DraftKings official lineup CSV,https://www.draftkings.com/lineup/getavailableplayerscsv?contestTypeId=9&draftGroupId=149344,149344,9,Selected largest-prize regular Classic MLB draft group after excluding Turbo/Night/qualifier/satellite/showdown/snake/single-stat slates.,2B,Christian Moore (43321114),Christian Moore,43321114,2B,2800,LAA@ATH 06/19/2026 09:40PM ET,06/19/2026 09:40PM ET,LAA,ATH,away,3,695681,Christian Moore,mapped,identity_name_team_map,Stable identity seed from old DK-ID map. Pilot join status: matched_people_search_name via mlb_people_search_normalized_name
2026-06-19,2026-06-19T16:19:46.381495+00:00,2026-06-19,DraftKings official lineup CSV,https://www.draftkings.com/lineup/getavailableplayerscsv?contestTypeId=9&draftGroupId=149344,149344,9,Selected largest-prize regular Classic MLB draft group after excluding Turbo/Night/qualifier/satellite/showdown/snake/single-stat slates.,C,Victor Caratini (43320916),Victor Caratini,43320916,C,2800,MIN@ARI 06/19/2026 09:45PM ET,06/19/2026 09:45PM ET,MIN,ARI,away,5.18,605170,Víctor Caratini,mapped,identity_name_team_map,Proposed from review candidates; basis=exact normalized name + team; role-compatible; hr-distance-latest.json|statcast_batter_des_2026; confidence=high; sources=hr-distance-latest.json|statcast_batter_des_2026
2026-06-19,2026-06-19T16:19:46.381495+00:00,2026-06-19,DraftKings official lineup CSV,https://www.draftkings.com/lineup/getavailableplayerscsv?contestTypeId=9&draftGroupId=149344,149344,9,Selected largest-prize regular Classic MLB draft group after excluding Turbo/Night/qualifier/satellite/showdown/snake/single-stat slates.,OF,Lourdes Gurriel Jr. (43320921),Lourdes Gurriel Jr.,43320921,OF,2800,MIN@ARI 06/19/2026 09:45PM ET,06/19/2026 09:45PM ET,ARI,MIN,home,5.18,,,needs_review_new_player,identity_name_team_map,No reviewed normalized-name/team identity alias; do not auto-guess.
2026-06-19,2026-06-19T16:19:46.381495+00:00,2026-06-19,DraftKings official lineup CSV,https://www.draftkings.com/lineup/getavailableplayerscsv?contestTypeId=9&draftGroupId=149344,149344,9,Selected largest-prize regular Classic MLB draft group after excluding Turbo/Night/qualifier/satellite/showdown/snake/single-stat slates.,OF,Matt Wallner (43321118),Matt Wallner,43321118,OF,2800,MIN@ARI 06/19/2026 09:45PM ET,06/19/2026 09:45PM ET,MIN,ARI,away,5.06,670242,Matt Wallner,mapped,identity_name_team_map,Proposed from review candidates; basis=exact normalized name + team; role-compatible; statcast_batter_des_2026; confidence=high; sources=statcast_batter_des_2026
2026-06-19,2026-06-19T16:19:46.381495+00:00,2026-06-19,DraftKings official lineup CSV,https://www.draftkings.com/lineup/getavailableplayerscsv?contestTypeId=9&draftGroupId=149344,149344,9,Selected largest-prize regular Classic MLB draft group after excluding Turbo/Night/qualifier/satellite/showdown/snake/single-stat slates.,OF,Sal Frelick (43320925),Sal Frelick,43320925,OF,2800,MIL@ATL 06/19/2026 07:15PM ET,06/19/2026 07:15PM ET,MIL,ATL,away,5.52,686217,Sal Frelick,mapped,identity_name_team_map,Stable identity seed from old DK-ID map. Pilot join status: matched via normalized_name_team
2026-06-19,2026-06-19T16:19:46.381495+00:00,2026-06-19,DraftKings official lineup CSV,https://www.draftkings.com/lineup/getavailableplayerscsv?contestTypeId=9&draftGroupId=149344,149344,9,Selected largest-prize regular Classic MLB draft group after excluding Turbo/Night/qualifier/satellite/showdown/snake/single-stat slates.,OF,Joc Pederson (43320911),Joc Pederson,43320911,OF,2800,SD@TEX 06/19/2026 08:05PM ET,06/19/2026 08:05PM ET,TEX,SD,home,5.62,592626,Joc Pederson,mapped,identity_name_team_map,Stable identity seed from old DK-ID map. Pilot join status: matched via normalized_name_team
2026-06-19,2026-06-19T16:19:46.381495+00:00,2026-06-19,DraftKings official lineup CSV,https://www.draftkings.com/lineup/getavailableplayerscsv?contestTypeId=9&draftGroupId=149344,149344,9,Selected largest-prize regular Classic MLB draft group after excluding Turbo/Night/qualifier/satellite/showdown/snake/single-stat slates.,1B,Ty France (43320923),Ty France,43320923,1B,2800,SD@TEX 06/19/2026 08:05PM ET,06/19/2026 08:05PM ET,SD,TEX,away,5.10,664034,Ty France,mapped,identity_name_team_map,Stable identity seed from old DK-ID map. Pilot join status: matched via normalized_name_team
2026-06-19,2026-06-19T16:19:46.381495+00:00,2026-06-19,DraftKings official lineup CSV,https://www.draftkings.com/lineup/getavailableplayerscsv?contestTypeId=9&draftGroupId=149344,149344,9,Selected largest-prize regular Classic MLB draft group after excluding Turbo/Night/qualifier/satellite/showdown/snake/single-stat slates.,OF,Dairon Blanco (43321113),Dairon Blanco,43321113,OF,2800,SD@TEX 06/19/2026 08:05PM ET,06/19/2026 08:05PM ET,TEX,SD,home,0,680118,Dairon Blanco,mapped,identity_name_team_map,Stable identity seed from old DK-ID map. Pilot join status: matched_people_search_name via mlb_people_search_normalized_name
2026-06-19,2026-06-19T16:19:46.381495+00:00,2026-06-19,DraftKings official lineup CSV,https://www.draftkings.com/lineup/getavailableplayerscsv?contestTypeId=9&draftGroupId=149344,149344,9,Selected largest-prize regular Classic MLB draft group after excluding Turbo/Night/qualifier/satellite/showdown/snake/single-stat slates.,C,Luis Campusano (43321121),Luis Campusano,43321121,C,2800,SD@TEX 06/19/2026 08:05PM ET,06/19/2026 08:05PM ET,SD,TEX,away,7.22,669134,Luis Campusano,mapped,identity_name_team_map,Stable identity seed from old DK-ID map. Pilot join status: matched via normalized_name_team
2026-06-19,2026-06-19T16:19:46.381495+00:00,2026-06-19,DraftKings official lineup CSV,https://www.draftkings.com/lineup/getavailableplayerscsv?contestTypeId=9&draftGroupId=149344,149344,9,Selected largest-prize regular Classic MLB draft group after excluding Turbo/Night/qualifier/satellite/showdown/snake/single-stat slates.,OF,Victor Mesa Jr. (43320912),Victor Mesa Jr.,43320912,OF,2800,WSH@TB 06/19/2026 07:10PM ET,06/19/2026 07:10PM ET,TB,WSH,home,4.88,,,needs_review_new_player,identity_name_team_map,No reviewed normalized-name/team identity alias; do not auto-guess.
2026-06-19,2026-06-19T16:19:46.381495+00:00,2026-06-19,DraftKings official lineup CSV,https://www.draftkings.com/lineup/getavailableplayerscsv?contestTypeId=9&draftGroupId=149344,149344,9,Selected largest-prize regular Classic MLB draft group after excluding Turbo/Night/qualifier/satellite/showdown/snake/single-stat slates.,C,Daniel Susac (43320922),Daniel Susac,43320922,C,2800,SF@MIA 06/19/2026 07:10PM ET,06/19/2026 07:10PM ET,SF,MIA,away,4.84,691740,Daniel Susac,mapped,identity_name_team_map,Stable identity seed from old DK-ID map. Pilot join status: matched via normalized_name_team
2026-06-19,2026-06-19T16:19:46.381495+00:00,2026-06-19,DraftKings official lineup CSV,https://www.draftkings.com/lineup/getavailableplayerscsv?contestTypeId=9&draftGroupId=149344,149344,9,Selected largest-prize regular Classic MLB draft group after excluding Turbo/Night/qualifier/satellite/showdown/snake/single-stat slates.,2B/3B,Chad Stevens (43321116),Chad Stevens,43321116,2B/3B,2800,PIT@COL 06/19/2026 08:40PM ET,06/19/2026 08:40PM ET,COL,PIT,home,1.31,677060,Chad Stevens,mapped,identity_name_team_map,Stable identity seed from old DK-ID map. Pilot join status: matched via normalized_name_team
2026-06-19,2026-06-19T16:19:46.381495+00:00,2026-06-19,DraftKings official lineup CSV,https://www.draftkings.com/lineup/getavailableplayerscsv?contestTypeId=9&draftGroupId=149344,149344,9,Selected largest-prize regular Classic MLB draft group after excluding Turbo/Night/qualifier/satellite/showdown/snake/single-stat slates.,OF,Jake Meyers (43320917),Jake Meyers,43320917,OF,2800,CLE@HOU 06/19/2026 08:10PM ET,06/19/2026 08:10PM ET,HOU,CLE,home,4.36,676694,Jake Meyers,mapped,identity_name_team_map,Stable identity seed from old DK-ID map. Pilot join status: matched via normalized_name_team
2026-06-19,2026-06-19T16:19:46.381495+00:00,2026-06-19,DraftKings official lineup CSV,https://www.draftkings.com/lineup/getavailableplayerscsv?contestTypeId=9&draftGroupId=149344,149344,9,Selected largest-prize regular Classic MLB draft group after excluding Turbo/Night/qualifier/satellite/showdown/snake/single-stat slates.,OF,David Fry (43320924),David Fry,43320924,OF,2800,CLE@HOU 06/19/2026 08:10PM ET,06/19/2026 08:10PM ET,CLE,HOU,away,4.06,,,needs_review_new_player,identity_name_team_map,No reviewed normalized-name/team identity alias; do not auto-guess.
2026-06-19,2026-06-19T16:19:46.381495+00:00,2026-06-19,DraftKings official lineup CSV,https://www.draftkings.com/lineup/getavailableplayerscsv?contestTypeId=9&draftGroupId=149344,149344,9,Selected largest-prize regular Classic MLB draft group after excluding Turbo/Night/qualifier/satellite/showdown/snake/single-stat slates.,2B/3B,Braden Shewmake (43321119),Braden Shewmake,43321119,2B/3B,2800,CLE@HOU 06/19/2026 08:10PM ET,06/19/2026 08:10PM ET,HOU,CLE,home,4.18,669699,Braden Shewmake,mapped,identity_name_team_map,Stable identity seed from old DK-ID map. Pilot join status: matched via normalized_name_team
2026-06-19,2026-06-19T16:19:46.381495+00:00,2026-06-19,DraftKings official lineup CSV,https://www.draftkings.com/lineup/getavailableplayerscsv?contestTypeId=9&draftGroupId=149344,149344,9,Selected largest-prize regular Classic MLB draft group after excluding Turbo/Night/qualifier/satellite/showdown/snake/single-stat slates.,C,Mitch Garver (43320920),Mitch Garver,43320920,C,2800,BOS@SEA 06/19/2026 10:10PM ET,06/19/2026 10:10PM ET,SEA,BOS,home,4.53,,,needs_review_new_player,identity_name_team_map,No reviewed normalized-name/team identity alias; do not auto-guess.
2026-06-19,2026-06-19T16:19:46.381495+00:00,2026-06-19,DraftKings official lineup CSV,https://www.draftkings.com/lineup/getavailableplayerscsv?contestTypeId=9&draftGroupId=149344,149344,9,Selected largest-prize regular Classic MLB draft group after excluding Turbo/Night/qualifier/satellite/showdown/snake/single-stat slates.,2B,Jeremiah Jackson (43320913),Jeremiah Jackson,43320913,2B,2800,BAL@LAD 06/19/2026 10:10PM ET,06/19/2026 10:10PM ET,BAL,LAD,away,5.27,,,needs_review_new_player,identity_name_team_map,No reviewed normalized-name/team identity alias; do not auto-guess.
2026-06-19,2026-06-19T16:19:46.381495+00:00,2026-06-19,DraftKings official lineup CSV,https://www.draftkings.com/lineup/getavailableplayerscsv?contestTypeId=9&draftGroupId=149344,149344,9,Selected largest-prize regular Classic MLB draft group after excluding Turbo/Night/qualifier/satellite/showdown/snake/single-stat slates.,2B/3B,Nick Loftin (43320918),Nick Loftin,43320918,2B/3B,2800,STL@KC 06/19/2026 08:15PM ET,06/19/2026 08:15PM ET,KC,STL,home,5.5,679845,Nick Loftin,mapped,identity_name_team_map,Stable identity seed from old DK-ID map. Pilot join status: matched via normalized_name_team
2026-06-19,2026-06-19T16:19:46.381495+00:00,2026-06-19,DraftKings official lineup CSV,https://www.draftkings.com/lineup/getavailableplayerscsv?contestTypeId=9&draftGroupId=149344,149344,9,Selected largest-prize regular Classic MLB draft group after excluding Turbo/Night/qualifier/satellite/showdown/snake/single-stat slates.,3B,Nolan Gorman (43321115),Nolan Gorman,43321115,3B,2800,STL@KC 06/19/2026 08:15PM ET,06/19/2026 08:15PM ET,STL,KC,away,5.06,669357,Nolan Gorman,mapped,identity_name_team_map,Stable identity seed from old DK-ID map. Pilot join status: matched via normalized_name_team
2026-06-19,2026-06-19T16:19:46.381495+00:00,2026-06-19,DraftKings official lineup CSV,https://www.draftkings.com/lineup/getavailableplayerscsv?contestTypeId=9&draftGroupId=149344,149344,9,Selected largest-prize regular Classic MLB draft group after excluding Turbo/Night/qualifier/satellite/showdown/snake/single-stat slates.,3B,Donovan Walton (43320929),Donovan Walton,43320929,3B,2700,LAA@ATH 06/19/2026 09:40PM ET,06/19/2026 09:40PM ET,LAA,ATH,away,6.2,622268,Donovan Walton,mapped,identity_name_team_map,Stable identity seed from old DK-ID map. Pilot join status: matched via normalized_name_team
2026-06-19,2026-06-19T16:19:46.381495+00:00,2026-06-19,DraftKings official lineup CSV,https://www.draftkings.com/lineup/getavailableplayerscsv?contestTypeId=9&draftGroupId=149344,149344,9,Selected largest-prize regular Classic MLB draft group after excluding Turbo/Night/qualifier/satellite/showdown/snake/single-stat slates.,OF,Max Kepler (43321122),Max Kepler,43321122,OF,2700,MIN@ARI 06/19/2026 09:45PM ET,06/19/2026 09:45PM ET,ARI,MIN,home,0,,,needs_review_new_player,identity_name_team_map,No reviewed normalized-name/team identity alias; do not auto-guess.
2026-06-19,2026-06-19T16:19:46.381495+00:00,2026-06-19,DraftKings official lineup CSV,https://www.draftkings.com/lineup/getavailableplayerscsv?contestTypeId=9&draftGroupId=149344,149344,9,Selected largest-prize regular Classic MLB draft group after excluding Turbo/Night/qualifier/satellite/showdown/snake/single-stat slates.,3B/SS,David Hamilton (43320934),David Hamilton,43320934,3B/SS,2700,MIL@ATL 06/19/2026 07:15PM ET,06/19/2026 07:15PM ET,MIL,ATL,away,5.79,666152,David Hamilton,mapped,identity_name_team_map,Stable identity seed from old DK-ID map. Pilot join status: matched via normalized_name_team
2026-06-19,2026-06-19T16:19:46.381495+00:00,2026-06-19,DraftKings official lineup CSV,https://www.draftkings.com/lineup/getavailableplayerscsv?contestTypeId=9&draftGroupId=149344,149344,9,Selected largest-prize regular Classic MLB draft group after excluding Turbo/Night/qualifier/satellite/showdown/snake/single-stat slates.,C,Danny Jansen (43321125),Danny Jansen,43321125,C,2700,SD@TEX 06/19/2026 08:05PM ET,06/19/2026 08:05PM ET,TEX,SD,home,4.58,643376,Danny Jansen,mapped,identity_name_team_map,Stable identity seed from old DK-ID map. Pilot join status: matched via normalized_name_team
2026-06-19,2026-06-19T16:19:46.381495+00:00,2026-06-19,DraftKings official lineup CSV,https://www.draftkings.com/lineup/getavailableplayerscsv?contestTypeId=9&draftGroupId=149344,149344,9,Selected largest-prize regular Classic MLB draft group after excluding Turbo/Night/qualifier/satellite/showdown/snake/single-stat slates.,C,Eric Haase (43320930),Eric Haase,43320930,C,2700,SF@MIA 06/19/2026 07:10PM ET,06/19/2026 07:10PM ET,SF,MIA,away,5.6,606992,Eric Haase,mapped,identity_name_team_map,Stable identity seed from old DK-ID map. Pilot join status: matched via normalized_name_team
2026-06-19,2026-06-19T16:19:46.381495+00:00,2026-06-19,DraftKings official lineup CSV,https://www.draftkings.com/lineup/getavailableplayerscsv?contestTypeId=9&draftGroupId=149344,149344,9,Selected largest-prize regular Classic MLB draft group after excluding Turbo/Night/qualifier/satellite/showdown/snake/single-stat slates.,OF,Cam Smith (43320931),Cam Smith,43320931,OF,2700,CLE@HOU 06/19/2026 08:10PM ET,06/19/2026 08:10PM ET,HOU,CLE,home,6.08,701358,Cam Smith,mapped,identity_name_team_map,Stable identity seed from old DK-ID map. Pilot join status: matched via normalized_name_team
2026-06-19,2026-06-19T16:19:46.381495+00:00,2026-06-19,DraftKings official lineup CSV,https://www.draftkings.com/lineup/getavailableplayerscsv?contestTypeId=9&draftGroupId=149344,149344,9,Selected largest-prize regular Classic MLB draft group after excluding Turbo/Night/qualifier/satellite/showdown/snake/single-stat slates.,1B,Kyle Manzardo (43320932),Kyle Manzardo,43320932,1B,2700,CLE@HOU 06/19/2026 08:10PM ET,06/19/2026 08:10PM ET,CLE,HOU,away,5.66,,,needs_review_new_player,identity_name_team_map,No reviewed normalized-name/team identity alias; do not auto-guess.
2026-06-19,2026-06-19T16:19:46.381495+00:00,2026-06-19,DraftKings official lineup CSV,https://www.draftkings.com/lineup/getavailableplayerscsv?contestTypeId=9&draftGroupId=149344,149344,9,Selected largest-prize regular Classic MLB draft group after excluding Turbo/Night/qualifier/satellite/showdown/snake/single-stat slates.,OF,Masataka Yoshida (43320937),Masataka Yoshida,43320937,OF,2700,BOS@SEA 06/19/2026 10:10PM ET,06/19/2026 10:10PM ET,BOS,SEA,away,4.53,,,needs_review_new_player,identity_name_team_map,No reviewed normalized-name/team identity alias; do not auto-guess.
2026-06-19,2026-06-19T16:19:46.381495+00:00,2026-06-19,DraftKings official lineup CSV,https://www.draftkings.com/lineup/getavailableplayerscsv?contestTypeId=9&draftGroupId=149344,149344,9,Selected largest-prize regular Classic MLB draft group after excluding Turbo/Night/qualifier/satellite/showdown/snake/single-stat slates.,2B/3B,Will Wilson (43321123),Will Wilson,43321123,2B/3B,2700,BOS@SEA 06/19/2026 10:10PM ET,06/19/2026 10:10PM ET,SEA,BOS,home,9,,,needs_review_new_player,identity_name_team_map,No reviewed normalized-name/team identity alias; do not auto-guess.
2026-06-19,2026-06-19T16:19:46.381495+00:00,2026-06-19,DraftKings official lineup CSV,https://www.draftkings.com/lineup/getavailableplayerscsv?contestTypeId=9&draftGroupId=149344,149344,9,Selected largest-prize regular Classic MLB draft group after excluding Turbo/Night/qualifier/satellite/showdown/snake/single-stat slates.,2B,Alex Freeland (43320927),Alex Freeland,43320927,2B,2700,BAL@LAD 06/19/2026 10:10PM ET,06/19/2026 10:10PM ET,LAD,BAL,home,4.73,,,needs_review_new_player,identity_name_team_map,No reviewed normalized-name/team identity alias; do not auto-guess.
2026-06-19,2026-06-19T16:19:46.381495+00:00,2026-06-19,DraftKings official lineup CSV,https://www.draftkings.com/lineup/getavailableplayerscsv?contestTypeId=9&draftGroupId=149344,149344,9,Selected largest-prize regular Classic MLB draft group after excluding Turbo/Night/qualifier/satellite/showdown/snake/single-stat slates.,OF,Alek Thomas (43321126),Alek Thomas,43321126,OF,2700,BAL@LAD 06/19/2026 10:10PM ET,06/19/2026 10:10PM ET,LAD,BAL,home,5.61,,,needs_review_new_player,identity_name_team_map,No reviewed normalized-name/team identity alias; do not auto-guess.
2026-06-19,2026-06-19T16:19:46.381495+00:00,2026-06-19,DraftKings official lineup CSV,https://www.draftkings.com/lineup/getavailableplayerscsv?contestTypeId=9&draftGroupId=149344,149344,9,Selected largest-prize regular Classic MLB draft group after excluding Turbo/Night/qualifier/satellite/showdown/snake/single-stat slates.,OF,Starling Marte (43320928),Starling Marte,43320928,OF,2700,STL@KC 06/19/2026 08:15PM ET,06/19/2026 08:15PM ET,KC,STL,home,3.71,516782,Starling Marte,mapped,identity_name_team_map,Stable identity seed from old DK-ID map. Pilot join status: matched via normalized_name_team
2026-06-19,2026-06-19T16:19:46.381495+00:00,2026-06-19,DraftKings official lineup CSV,https://www.draftkings.com/lineup/getavailableplayerscsv?contestTypeId=9&draftGroupId=149344,149344,9,Selected largest-prize regular Classic MLB draft group after excluding Turbo/Night/qualifier/satellite/showdown/snake/single-stat slates.,OF,Nathan Church (43320933),Nathan Church,43320933,OF,2700,STL@KC 06/19/2026 08:15PM ET,06/19/2026 08:15PM ET,STL,KC,away,5.6,701675,Nathan Church,mapped,identity_name_team_map,Stable identity seed from old DK-ID map. Pilot join status: matched via normalized_name_team
2026-06-19,2026-06-19T16:19:46.381495+00:00,2026-06-19,DraftKings official lineup CSV,https://www.draftkings.com/lineup/getavailableplayerscsv?contestTypeId=9&draftGroupId=149344,149344,9,Selected largest-prize regular Classic MLB draft group after excluding Turbo/Night/qualifier/satellite/showdown/snake/single-stat slates.,OF,Noelvi Marte (43320936),Noelvi Marte,43320936,OF,2700,CIN@NYY 06/19/2026 07:05PM ET,06/19/2026 07:05PM ET,CIN,NYY,away,5.09,682622,Noelvi Marte,mapped,identity_name_team_map,Stable identity seed from old DK-ID map. Pilot join status: matched via normalized_name_team
2026-06-19,2026-06-19T16:19:46.381495+00:00,2026-06-19,DraftKings official lineup CSV,https://www.draftkings.com/lineup/getavailableplayerscsv?contestTypeId=9&draftGroupId=149344,149344,9,Selected largest-prize regular Classic MLB draft group after excluding Turbo/Night/qualifier/satellite/showdown/snake/single-stat slates.,2B,Jeff McNeil (43320942),Jeff McNeil,43320942,2B,2600,LAA@ATH 06/19/2026 09:40PM ET,06/19/2026 09:40PM ET,ATH,LAA,home,4.72,643446,Jeff McNeil,mapped,identity_name_team_map,Stable identity seed from old DK-ID map. Pilot join status: matched via normalized_name_team
2026-06-19,2026-06-19T16:19:46.381495+00:00,2026-06-19,DraftKings official lineup CSV,https://www.draftkings.com/lineup/getavailableplayerscsv?contestTypeId=9&draftGroupId=149344,149344,9,Selected largest-prize regular Classic MLB draft group after excluding Turbo/Night/qualifier/satellite/showdown/snake/single-stat slates.,OF,Gabriel Gonzalez (43321128),Gabriel Gonzalez,43321128,OF,2600,MIN@ARI 06/19/2026 09:45PM ET,06/19/2026 09:45PM ET,MIN,ARI,away,9,694224,Gabriel Gonzalez,mapped,identity_name_team_map,Proposed from review candidates; basis=exact normalized name + team; role-compatible; statcast_batter_des_2026; confidence=high; sources=statcast_batter_des_2026
2026-06-19,2026-06-19T16:19:46.381495+00:00,2026-06-19,DraftKings official lineup CSV,https://www.draftkings.com/lineup/getavailableplayerscsv?contestTypeId=9&draftGroupId=149344,149344,9,Selected largest-prize regular Classic MLB draft group after excluding Turbo/Night/qualifier/satellite/showdown/snake/single-stat slates.,2B/SS,Ben Williamson (43320938),Ben Williamson,43320938,2B/SS,2600,WSH@TB 06/19/2026 07:10PM ET,06/19/2026 07:10PM ET,TB,WSH,home,5.30,,,needs_review_new_player,identity_name_team_map,No reviewed normalized-name/team identity alias; do not auto-guess.
2026-06-19,2026-06-19T16:19:46.381495+00:00,2026-06-19,DraftKings official lineup CSV,https://www.draftkings.com/lineup/getavailableplayerscsv?contestTypeId=9&draftGroupId=149344,149344,9,Selected largest-prize regular Classic MLB draft group after excluding Turbo/Night/qualifier/satellite/showdown/snake/single-stat slates.,OF,Owen Caissie (43320943),Owen Caissie,43320943,OF,2600,SF@MIA 06/19/2026 07:10PM ET,06/19/2026 07:10PM ET,MIA,SF,home,5.38,683357,Owen Caissie,mapped,identity_name_team_map,Proposed from review candidates; basis=exact normalized name + team; role-compatible; statcast_batter_des_2026; confidence=high; sources=statcast_batter_des_2026
2026-06-19,2026-06-19T16:19:46.381495+00:00,2026-06-19,DraftKings official lineup CSV,https://www.draftkings.com/lineup/getavailableplayerscsv?contestTypeId=9&draftGroupId=149344,149344,9,Selected largest-prize regular Classic MLB draft group after excluding Turbo/Night/qualifier/satellite/showdown/snake/single-stat slates.,2B/OF,Brice Matthews (43320944),Brice Matthews,43320944,2B/OF,2600,CLE@HOU 06/19/2026 08:10PM ET,06/19/2026 08:10PM ET,HOU,CLE,home,4.30,694728,Brice Matthews,mapped,identity_name_team_map,Stable identity seed from old DK-ID map. Pilot join status: matched via normalized_name_team
2026-06-19,2026-06-19T16:19:46.381495+00:00,2026-06-19,DraftKings official lineup CSV,https://www.draftkings.com/lineup/getavailableplayerscsv?contestTypeId=9&draftGroupId=149344,149344,9,Selected largest-prize regular Classic MLB draft group after excluding Turbo/Night/qualifier/satellite/showdown/snake/single-stat slates.,C,Austin Hedges (43320946),Austin Hedges,43320946,C,2600,CLE@HOU 06/19/2026 08:10PM ET,06/19/2026 08:10PM ET,CLE,HOU,away,4.35,,,needs_review_new_player,identity_name_team_map,No reviewed normalized-name/team identity alias; do not auto-guess.
2026-06-19,2026-06-19T16:19:46.381495+00:00,2026-06-19,DraftKings official lineup CSV,https://www.draftkings.com/lineup/getavailableplayerscsv?contestTypeId=9&draftGroupId=149344,149344,9,Selected largest-prize regular Classic MLB draft group after excluding Turbo/Night/qualifier/satellite/showdown/snake/single-stat slates.,SS,Marcelo Mayer (43320948),Marcelo Mayer,43320948,SS,2600,BOS@SEA 06/19/2026 10:10PM ET,06/19/2026 10:10PM ET,BOS,SEA,away,4.38,,,needs_review_new_player,identity_name_team_map,No reviewed normalized-name/team identity alias; do not auto-guess.
2026-06-19,2026-06-19T16:19:46.381495+00:00,2026-06-19,DraftKings official lineup CSV,https://www.draftkings.com/lineup/getavailableplayerscsv?contestTypeId=9&draftGroupId=149344,149344,9,Selected largest-prize regular Classic MLB draft group after excluding Turbo/Night/qualifier/satellite/showdown/snake/single-stat slates.,3B/OF,Blaze Alexander (43320940),Blaze Alexander,43320940,3B/OF,2600,BAL@LAD 06/19/2026 10:10PM ET,06/19/2026 10:10PM ET,BAL,LAD,away,5.19,,,needs_review_new_player,identity_name_team_map,No reviewed normalized-name/team identity alias; do not auto-guess.
2026-06-19,2026-06-19T16:19:46.381495+00:00,2026-06-19,DraftKings official lineup CSV,https://www.draftkings.com/lineup/getavailableplayerscsv?contestTypeId=9&draftGroupId=149344,149344,9,Selected largest-prize regular Classic MLB draft group after excluding Turbo/Night/qualifier/satellite/showdown/snake/single-stat slates.,C,Pedro Pages (43320947),Pedro Pages,43320947,C,2600,STL@KC 06/19/2026 08:15PM ET,06/19/2026 08:15PM ET,STL,KC,away,4.62,686780,Pedro Pagés,mapped,identity_name_team_map,Stable identity seed from old DK-ID map. Pilot join status: matched via normalized_name_team
2026-06-19,2026-06-19T16:19:46.381495+00:00,2026-06-19,DraftKings official lineup CSV,https://www.draftkings.com/lineup/getavailableplayerscsv?contestTypeId=9&draftGroupId=149344,149344,9,Selected largest-prize regular Classic MLB draft group after excluding Turbo/Night/qualifier/satellite/showdown/snake/single-stat slates.,OF,Victor Scott II (43321127),Victor Scott II,43321127,OF,2600,STL@KC 06/19/2026 08:15PM ET,06/19/2026 08:15PM ET,STL,KC,away,4.08,687363,Victor Scott II,mapped,identity_name_team_map,Stable identity seed from old DK-ID map. Pilot join status: matched via normalized_name_team
2026-06-19,2026-06-19T16:19:46.381495+00:00,2026-06-19,DraftKings official lineup CSV,https://www.draftkings.com/lineup/getavailableplayerscsv?contestTypeId=9&draftGroupId=149344,149344,9,Selected largest-prize regular Classic MLB draft group after excluding Turbo/Night/qualifier/satellite/showdown/snake/single-stat slates.,C,Yohel Pozo (43321129),Yohel Pozo,43321129,C,2600,STL@KC 06/19/2026 08:15PM ET,06/19/2026 08:15PM ET,STL,KC,away,2,650968,Yohel Pozo,mapped,identity_name_team_map,Stable identity seed from old DK-ID map. Pilot join status: matched via normalized_name_team
2026-06-19,2026-06-19T16:19:46.381495+00:00,2026-06-19,DraftKings official lineup CSV,https://www.draftkings.com/lineup/getavailableplayerscsv?contestTypeId=9&draftGroupId=149344,149344,9,Selected largest-prize regular Classic MLB draft group after excluding Turbo/Night/qualifier/satellite/showdown/snake/single-stat slates.,2B/3B,Nick Madrigal (43320955),Nick Madrigal,43320955,2B/3B,2500,LAA@ATH 06/19/2026 09:40PM ET,06/19/2026 09:40PM ET,LAA,ATH,away,5.13,663611,Nick Madrigal,mapped,identity_name_team_map,Stable identity seed from old DK-ID map. Pilot join status: matched via normalized_name_team
2026-06-19,2026-06-19T16:19:46.381495+00:00,2026-06-19,DraftKings official lineup CSV,https://www.draftkings.com/lineup/getavailableplayerscsv?contestTypeId=9&draftGroupId=149344,149344,9,Selected largest-prize regular Classic MLB draft group after excluding Turbo/Night/qualifier/satellite/showdown/snake/single-stat slates.,OF/SS,Ryan Kreidler (43320953),Ryan Kreidler,43320953,SS/OF,2500,MIN@ARI 06/19/2026 09:45PM ET,06/19/2026 09:45PM ET,MIN,ARI,away,4.82,668952,Ryan Kreidler,mapped,identity_name_team_map,Proposed from review candidates; basis=exact normalized name + team; role-compatible; statcast_batter_des_2026; confidence=high; sources=statcast_batter_des_2026
2026-06-19,2026-06-19T16:19:46.381495+00:00,2026-06-19,DraftKings official lineup CSV,https://www.draftkings.com/lineup/getavailableplayerscsv?contestTypeId=9&draftGroupId=149344,149344,9,Selected largest-prize regular Classic MLB draft group after excluding Turbo/Night/qualifier/satellite/showdown/snake/single-stat slates.,OF,Tommy Troy (43320972),Tommy Troy,43320972,OF,2500,MIN@ARI 06/19/2026 09:45PM ET,06/19/2026 09:45PM ET,ARI,MIN,home,5.52,,,needs_review_new_player,identity_name_team_map,No reviewed normalized-name/team identity alias; do not auto-guess.
2026-06-19,2026-06-19T16:19:46.381495+00:00,2026-06-19,DraftKings official lineup CSV,https://www.draftkings.com/lineup/getavailableplayerscsv?contestTypeId=9&draftGroupId=149344,149344,9,Selected largest-prize regular Classic MLB draft group after excluding Turbo/Night/qualifier/satellite/showdown/snake/single-stat slates.,1B,Carlos Santana (43321131),Carlos Santana,43321131,1B,2500,MIN@ARI 06/19/2026 09:45PM ET,06/19/2026 09:45PM ET,ARI,MIN,home,1.75,,,needs_review_new_player,identity_name_team_map,No reviewed normalized-name/team identity alias; do not auto-guess.
2026-06-19,2026-06-19T16:19:46.381495+00:00,2026-06-19,DraftKings official lineup CSV,https://www.draftkings.com/lineup/getavailableplayerscsv?contestTypeId=9&draftGroupId=149344,149344,9,Selected largest-prize regular Classic MLB draft group after excluding Turbo/Night/qualifier/satellite/showdown/snake/single-stat slates.,OF,Mike Yastrzemski (43320952),Mike Yastrzemski,43320952,OF,2500,MIL@ATL 06/19/2026 07:15PM ET,06/19/2026 07:15PM ET,ATL,MIL,home,4.64,573262,Mike Yastrzemski,mapped,identity_name_team_map,Stable identity seed from old DK-ID map. Pilot join status: matched via normalized_name_team
2026-06-19,2026-06-19T16:19:46.381495+00:00,2026-06-19,DraftKings official lineup CSV,https://www.draftkings.com/lineup/getavailableplayerscsv?contestTypeId=9&draftGroupId=149344,149344,9,Selected largest-prize regular Classic MLB draft group after excluding Turbo/Night/qualifier/satellite/showdown/snake/single-stat slates.,2B,Justin Foscue (43320950),Justin Foscue,43320950,2B,2500,SD@TEX 06/19/2026 08:05PM ET,06/19/2026 08:05PM ET,TEX,SD,home,5,679822,Justin Foscue,mapped,identity_name_team_map,Stable identity seed from old DK-ID map. Pilot join status: matched via normalized_name_team
2026-06-19,2026-06-19T16:19:46.381495+00:00,2026-06-19,DraftKings official lineup CSV,https://www.draftkings.com/lineup/getavailableplayerscsv?contestTypeId=9&draftGroupId=149344,149344,9,Selected largest-prize regular Classic MLB draft group after excluding Turbo/Night/qualifier/satellite/showdown/snake/single-stat slates.,2B/SS,Sung-Mun Song (43320968),Sung-Mun Song,43320968,2B/SS,2500,SD@TEX 06/19/2026 08:05PM ET,06/19/2026 08:05PM ET,SD,TEX,away,3.24,823550,Sung-Mun Song,mapped,identity_name_team_map,Stable identity seed from old DK-ID map. Pilot join status: matched via normalized_name_team
2026-06-19,2026-06-19T16:19:46.381495+00:00,2026-06-19,DraftKings official lineup CSV,https://www.draftkings.com/lineup/getavailableplayerscsv?contestTypeId=9&draftGroupId=149344,149344,9,Selected largest-prize regular Classic MLB draft group after excluding Turbo/Night/qualifier/satellite/showdown/snake/single-stat slates.,SS,Taylor Walls (43320949),Taylor Walls,43320949,SS,2500,WSH@TB 06/19/2026 07:10PM ET,06/19/2026 07:10PM ET,TB,WSH,home,5.49,,,needs_review_new_player,identity_name_team_map,No reviewed normalized-name/team identity alias; do not auto-guess.
2026-06-19,2026-06-19T16:19:46.381495+00:00,2026-06-19,DraftKings official lineup CSV,https://www.draftkings.com/lineup/getavailableplayerscsv?contestTypeId=9&draftGroupId=149344,149344,9,Selected largest-prize regular Classic MLB draft group after excluding Turbo/Night/qualifier/satellite/showdown/snake/single-stat slates.,2B,Jose Tena (43320967),Jose Tena,43320967,2B,2500,WSH@TB 06/19/2026 07:10PM ET,06/19/2026 07:10PM ET,WSH,TB,away,3.96,677588,José Tena,mapped,identity_name_team_map,Stable identity seed from old DK-ID map. Pilot join status: matched via normalized_name_team
2026-06-19,2026-06-19T16:19:46.381495+00:00,2026-06-19,DraftKings official lineup CSV,https://www.draftkings.com/lineup/getavailableplayerscsv?contestTypeId=9&draftGroupId=149344,149344,9,Selected largest-prize regular Classic MLB draft group after excluding Turbo/Night/qualifier/satellite/showdown/snake/single-stat slates.,OF,Joey Loperfido (43320960),Joey Loperfido,43320960,OF,2500,CLE@HOU 06/19/2026 08:10PM ET,06/19/2026 08:10PM ET,HOU,CLE,home,4.63,694388,Joey Loperfido,mapped,identity_name_team_map,Stable identity seed from old DK-ID map. Pilot join status: matched via normalized_name_team
2026-06-19,2026-06-19T16:19:46.381495+00:00,2026-06-19,DraftKings official lineup CSV,https://www.draftkings.com/lineup/getavailableplayerscsv?contestTypeId=9&draftGroupId=149344,149344,9,Selected largest-prize regular Classic MLB draft group after excluding Turbo/Night/qualifier/satellite/showdown/snake/single-stat slates.,3B/OF,Daniel Schneemann (43320961),Daniel Schneemann,43320961,3B/OF,2500,CLE@HOU 06/19/2026 08:10PM ET,06/19/2026 08:10PM ET,CLE,HOU,away,5.83,,,needs_review_new_player,identity_name_team_map,No reviewed normalized-name/team identity alias; do not auto-guess.
2026-06-19,2026-06-19T16:19:46.381495+00:00,2026-06-19,DraftKings official lineup CSV,https://www.draftkings.com/lineup/getavailableplayerscsv?contestTypeId=9&draftGroupId=149344,149344,9,Selected largest-prize regular Classic MLB draft group after excluding Turbo/Night/qualifier/satellite/showdown/snake/single-stat slates.,2B/3B,Nick Allen (43321134),Nick Allen,43321134,2B/3B,2500,CLE@HOU 06/19/2026 08:10PM ET,06/19/2026 08:10PM ET,HOU,CLE,home,2.95,669397,Nick Allen,mapped,identity_name_team_map,Stable identity seed from old DK-ID map. Pilot join status: matched via normalized_name_team
2026-06-19,2026-06-19T16:19:46.381495+00:00,2026-06-19,DraftKings official lineup CSV,https://www.draftkings.com/lineup/getavailableplayerscsv?contestTypeId=9&draftGroupId=149344,149344,9,Selected largest-prize regular Classic MLB draft group after excluding Turbo/Night/qualifier/satellite/showdown/snake/single-stat slates.,OF,Victor Robles (43320959),Victor Robles,43320959,OF,2500,BOS@SEA 06/19/2026 10:10PM ET,06/19/2026 10:10PM ET,SEA,BOS,home,3.13,,,needs_review_new_player,identity_name_team_map,No reviewed normalized-name/team identity alias; do not auto-guess.
2026-06-19,2026-06-19T16:19:46.381495+00:00,2026-06-19,DraftKings official lineup CSV,https://www.draftkings.com/lineup/getavailableplayerscsv?contestTypeId=9&draftGroupId=149344,149344,9,Selected largest-prize regular Classic MLB draft group after excluding Turbo/Night/qualifier/satellite/showdown/snake/single-stat slates.,2B/SS,Isiah Kiner-Falefa (43320970),Isiah Kiner-Falefa,43320970,2B/SS,2500,BOS@SEA 06/19/2026 10:10PM ET,06/19/2026 10:10PM ET,BOS,SEA,away,5.19,,,needs_review_new_player,identity_name_team_map,No reviewed normalized-name/team identity alias; do not auto-guess.
2026-06-19,2026-06-19T16:19:46.381495+00:00,2026-06-19,DraftKings official lineup CSV,https://www.draftkings.com/lineup/getavailableplayerscsv?contestTypeId=9&draftGroupId=149344,149344,9,Selected largest-prize regular Classic MLB draft group after excluding Turbo/Night/qualifier/satellite/showdown/snake/single-stat slates.,OF,Rhylan Thomas (43321130),Rhylan Thomas,43321130,OF,2500,BOS@SEA 06/19/2026 10:10PM ET,06/19/2026 10:10PM ET,SEA,BOS,home,0,,,needs_review_new_player,identity_name_team_map,No reviewed normalized-name/team identity alias; do not auto-guess.
2026-06-19,2026-06-19T16:19:46.381495+00:00,2026-06-19,DraftKings official lineup CSV,https://www.draftkings.com/lineup/getavailableplayerscsv?contestTypeId=9&draftGroupId=149344,149344,9,Selected largest-prize regular Classic MLB draft group after excluding Turbo/Night/qualifier/satellite/showdown/snake/single-stat slates.,OF,Tyler O'Neill (43320951),Tyler O'Neill,43320951,OF,2500,BAL@LAD 06/19/2026 10:10PM ET,06/19/2026 10:10PM ET,BAL,LAD,away,3.91,,,needs_review_new_player,identity_name_team_map,No reviewed normalized-name/team identity alias; do not auto-guess.
2026-06-19,2026-06-19T16:19:46.381495+00:00,2026-06-19,DraftKings official lineup CSV,https://www.draftkings.com/lineup/getavailableplayerscsv?contestTypeId=9&draftGroupId=149344,149344,9,Selected largest-prize regular Classic MLB draft group after excluding Turbo/Night/qualifier/satellite/showdown/snake/single-stat slates.,2B/SS,Miguel Rojas (43320965),Miguel Rojas,43320965,2B/SS,2500,BAL@LAD 06/19/2026 10:10PM ET,06/19/2026 10:10PM ET,LAD,BAL,home,3.65,,,needs_review_new_player,identity_name_team_map,No reviewed normalized-name/team identity alias; do not auto-guess.
2026-06-19,2026-06-19T16:19:46.381495+00:00,2026-06-19,DraftKings official lineup CSV,https://www.draftkings.com/lineup/getavailableplayerscsv?contestTypeId=9&draftGroupId=149344,149344,9,Selected largest-prize regular Classic MLB draft group after excluding Turbo/Night/qualifier/satellite/showdown/snake/single-stat slates.,2B,Hyeseong Kim (43321133),Hyeseong Kim,43321133,2B,2500,BAL@LAD 06/19/2026 10:10PM ET,06/19/2026 10:10PM ET,LAD,BAL,home,4.91,,,needs_review_new_player,identity_name_team_map,No reviewed normalized-name/team identity alias; do not auto-guess.
2026-06-19,2026-06-19T16:19:46.381495+00:00,2026-06-19,DraftKings official lineup CSV,https://www.draftkings.com/lineup/getavailableplayerscsv?contestTypeId=9&draftGroupId=149344,149344,9,Selected largest-prize regular Classic MLB draft group after excluding Turbo/Night/qualifier/satellite/showdown/snake/single-stat slates.,3B/OF,Jose Fermin (43320963),Jose Fermin,43320963,3B/OF,2500,STL@KC 06/19/2026 08:15PM ET,06/19/2026 08:15PM ET,STL,KC,away,4.29,665877,José Fermín,mapped,identity_name_team_map,Stable identity seed from old DK-ID map. Pilot join status: matched via normalized_name_team
2026-06-19,2026-06-19T16:19:46.381495+00:00,2026-06-19,DraftKings official lineup CSV,https://www.draftkings.com/lineup/getavailableplayerscsv?contestTypeId=9&draftGroupId=149344,149344,9,Selected largest-prize regular Classic MLB draft group after excluding Turbo/Night/qualifier/satellite/showdown/snake/single-stat slates.,2B/OF,Max Schuemann (43320957),Max Schuemann,43320957,2B/OF,2500,CIN@NYY 06/19/2026 07:05PM ET,06/19/2026 07:05PM ET,NYY,CIN,home,4.10,,,needs_review_new_player,identity_name_team_map,No reviewed normalized-name/team identity alias; do not auto-guess.
2026-06-19,2026-06-19T16:19:46.381495+00:00,2026-06-19,DraftKings official lineup CSV,https://www.draftkings.com/lineup/getavailableplayerscsv?contestTypeId=9&draftGroupId=149344,149344,9,Selected largest-prize regular Classic MLB draft group after excluding Turbo/Night/qualifier/satellite/showdown/snake/single-stat slates.,OF,TJ Friedl (43321132),TJ Friedl,43321132,OF,2500,CIN@NYY 06/19/2026 07:05PM ET,06/19/2026 07:05PM ET,CIN,NYY,away,4.57,670770,TJ Friedl,mapped,identity_name_team_map,Stable identity seed from old DK-ID map. Pilot join status: matched via normalized_name_team
2026-06-19,2026-06-19T16:19:46.381495+00:00,2026-06-19,DraftKings official lineup CSV,https://www.draftkings.com/lineup/getavailableplayerscsv?contestTypeId=9&draftGroupId=149344,149344,9,Selected largest-prize regular Classic MLB draft group after excluding Turbo/Night/qualifier/satellite/showdown/snake/single-stat slates.,C,Joey Bart (43321144),Joey Bart,43321144,C,2400,MIL@ATL 06/19/2026 07:15PM ET,06/19/2026 07:15PM ET,ATL,MIL,home,4.62,,,needs_review_new_player,identity_name_team_map,No reviewed normalized-name/team identity alias; do not auto-guess.
2026-06-19,2026-06-19T16:19:46.381495+00:00,2026-06-19,DraftKings official lineup CSV,https://www.draftkings.com/lineup/getavailableplayerscsv?contestTypeId=9&draftGroupId=149344,149344,9,Selected largest-prize regular Classic MLB draft group after excluding Turbo/Night/qualifier/satellite/showdown/snake/single-stat slates.,C,Adrian Del Castillo (43320975),Adrian Del Castillo,43320975,C,2400,MIN@ARI 06/19/2026 09:45PM ET,06/19/2026 09:45PM ET,ARI,MIN,home,4.54,,,needs_review_new_player,identity_name_team_map,No reviewed normalized-name/team identity alias; do not auto-guess.
2026-06-19,2026-06-19T16:19:46.381495+00:00,2026-06-19,DraftKings official lineup CSV,https://www.draftkings.com/lineup/getavailableplayerscsv?contestTypeId=9&draftGroupId=149344,149344,9,Selected largest-prize regular Classic MLB draft group after excluding Turbo/Night/qualifier/satellite/showdown/snake/single-stat slates.,OF,Kyler Fedko (43320978),Kyler Fedko,43320978,OF,2400,MIN@ARI 06/19/2026 09:45PM ET,06/19/2026 09:45PM ET,MIN,ARI,away,0.67,,,needs_review_new_player,identity_name_team_map,No reviewed normalized-name/team identity alias; do not auto-guess.
2026-06-19,2026-06-19T16:19:46.381495+00:00,2026-06-19,DraftKings official lineup CSV,https://www.draftkings.com/lineup/getavailableplayerscsv?contestTypeId=9&draftGroupId=149344,149344,9,Selected largest-prize regular Classic MLB draft group after excluding Turbo/Night/qualifier/satellite/showdown/snake/single-stat slates.,SS,Jorge Mateo (43320976),Jorge Mateo,43320976,SS,2400,MIL@ATL 06/19/2026 07:15PM ET,06/19/2026 07:15PM ET,ATL,MIL,home,5.13,622761,Jorge Mateo,mapped,identity_name_team_map,Stable identity seed from old DK-ID map. Pilot join status: matched via normalized_name_team
2026-06-19,2026-06-19T16:19:46.381495+00:00,2026-06-19,DraftKings official lineup CSV,https://www.draftkings.com/lineup/getavailableplayerscsv?contestTypeId=9&draftGroupId=149344,149344,9,Selected largest-prize regular Classic MLB draft group after excluding Turbo/Night/qualifier/satellite/showdown/snake/single-stat slates.,OF,Brandon Lockridge (43321143),Brandon Lockridge,43321143,OF,2400,MIL@ATL 06/19/2026 07:15PM ET,06/19/2026 07:15PM ET,MIL,ATL,away,6.07,663604,Brandon Lockridge,mapped,identity_name_team_map,Stable identity seed from old DK-ID map. Pilot join status: matched via normalized_name_team
2026-06-19,2026-06-19T16:19:46.381495+00:00,2026-06-19,DraftKings official lineup CSV,https://www.draftkings.com/lineup/getavailableplayerscsv?contestTypeId=9&draftGroupId=149344,149344,9,Selected largest-prize regular Classic MLB draft group after excluding Turbo/Night/qualifier/satellite/showdown/snake/single-stat slates.,C,Kyle Higashioka (43320974),Kyle Higashioka,43320974,C,2400,SD@TEX 06/19/2026 08:05PM ET,06/19/2026 08:05PM ET,TEX,SD,home,5.10,543309,Kyle Higashioka,mapped,identity_name_team_map,Stable identity seed from old DK-ID map. Pilot join status: matched via normalized_name_team
2026-06-19,2026-06-19T16:19:46.381495+00:00,2026-06-19,DraftKings official lineup CSV,https://www.draftkings.com/lineup/getavailableplayerscsv?contestTypeId=9&draftGroupId=149344,149344,9,Selected largest-prize regular Classic MLB draft group after excluding Turbo/Night/qualifier/satellite/showdown/snake/single-stat slates.,OF,Jase Bowen (43320982),Jase Bowen,43320982,OF,2400,SD@TEX 06/19/2026 08:05PM ET,06/19/2026 08:05PM ET,SD,TEX,away,2.27,687749,Jase Bowen,mapped,identity_name_team_map,Stable identity seed from old DK-ID map. Pilot join status: matched via normalized_name_team
2026-06-19,2026-06-19T16:19:46.381495+00:00,2026-06-19,DraftKings official lineup CSV,https://www.draftkings.com/lineup/getavailableplayerscsv?contestTypeId=9&draftGroupId=149344,149344,9,Selected largest-prize regular Classic MLB draft group after excluding Turbo/Night/qualifier/satellite/showdown/snake/single-stat slates.,OF,Michael Helman (43321148),Michael Helman,43321148,OF,2400,SD@TEX 06/19/2026 08:05PM ET,06/19/2026 08:05PM ET,TEX,SD,home,2.53,680737,Michael Helman,mapped,identity_name_team_map,Stable identity seed from old DK-ID map. Pilot join status: matched via normalized_name_team
2026-06-19,2026-06-19T16:19:46.381495+00:00,2026-06-19,DraftKings official lineup CSV,https://www.draftkings.com/lineup/getavailableplayerscsv?contestTypeId=9&draftGroupId=149344,149344,9,Selected largest-prize regular Classic MLB draft group after excluding Turbo/Night/qualifier/satellite/showdown/snake/single-stat slates.,OF,Austin Slater (43320973),Austin Slater,43320973,OF,2400,WSH@TB 06/19/2026 07:10PM ET,06/19/2026 07:10PM ET,TB,WSH,home,3.75,,,needs_review_new_player,identity_name_team_map,No reviewed normalized-name/team identity alias; do not auto-guess.
2026-06-19,2026-06-19T16:19:46.381495+00:00,2026-06-19,DraftKings official lineup CSV,https://www.draftkings.com/lineup/getavailableplayerscsv?contestTypeId=9&draftGroupId=149344,149344,9,Selected largest-prize regular Classic MLB draft group after excluding Turbo/Night/qualifier/satellite/showdown/snake/single-stat slates.,C,Drew Millas (43320983),Drew Millas,43320983,C,2400,WSH@TB 06/19/2026 07:10PM ET,06/19/2026 07:10PM ET,WSH,TB,away,3.71,686452,Drew Millas,mapped,identity_name_team_map,Stable identity seed from old DK-ID map. Pilot join status: matched via normalized_name_team
2026-06-19,2026-06-19T16:19:46.381495+00:00,2026-06-19,DraftKings official lineup CSV,https://www.draftkings.com/lineup/getavailableplayerscsv?contestTypeId=9&draftGroupId=149344,149344,9,Selected largest-prize regular Classic MLB draft group after excluding Turbo/Night/qualifier/satellite/showdown/snake/single-stat slates.,OF,Jacob Melton (43321147),Jacob Melton,43321147,OF,2400,WSH@TB 06/19/2026 07:10PM ET,06/19/2026 07:10PM ET,TB,WSH,home,0,,,needs_review_new_player,identity_name_team_map,No reviewed normalized-name/team identity alias; do not auto-guess.
2026-06-19,2026-06-19T16:19:46.381495+00:00,2026-06-19,DraftKings official lineup CSV,https://www.draftkings.com/lineup/getavailableplayerscsv?contestTypeId=9&draftGroupId=149344,149344,9,Selected largest-prize regular Classic MLB draft group after excluding Turbo/Night/qualifier/satellite/showdown/snake/single-stat slates.,C,Joe Mack (43320977),Joe Mack,43320977,C,2400,SF@MIA 06/19/2026 07:10PM ET,06/19/2026 07:10PM ET,MIA,SF,home,5.79,691788,Joe Mack,mapped,identity_name_team_map,Proposed from review candidates; basis=exact normalized name + team; role-compatible; statcast_batter_des_2026; confidence=high; sources=statcast_batter_des_2026
2026-06-19,2026-06-19T16:19:46.381495+00:00,2026-06-19,DraftKings official lineup CSV,https://www.draftkings.com/lineup/getavailableplayerscsv?contestTypeId=9&draftGroupId=149344,149344,9,Selected largest-prize regular Classic MLB draft group after excluding Turbo/Night/qualifier/satellite/showdown/snake/single-stat slates.,2B/3B,Maximo Acosta (43321136),Maximo Acosta,43321136,2B/3B,2400,SF@MIA 06/19/2026 07:10PM ET,06/19/2026 07:10PM ET,MIA,SF,home,0,,,needs_review_new_player,identity_name_team_map,No reviewed normalized-name/team identity alias; do not auto-guess.
2026-06-19,2026-06-19T16:19:46.381495+00:00,2026-06-19,DraftKings official lineup CSV,https://www.draftkings.com/lineup/getavailableplayerscsv?contestTypeId=9&draftGroupId=149344,149344,9,Selected largest-prize regular Classic MLB draft group after excluding Turbo/Night/qualifier/satellite/showdown/snake/single-stat slates.,1B/C,Rafael Flores Jr. (43321145),Rafael Flores Jr.,43321145,C/1B,2400,PIT@COL 06/19/2026 08:40PM ET,06/19/2026 08:40PM ET,PIT,COL,away,13.5,,,needs_review_new_player,identity_name_team_map,No reviewed normalized-name/team identity alias; do not auto-guess.
2026-06-19,2026-06-19T16:19:46.381495+00:00,2026-06-19,DraftKings official lineup CSV,https://www.draftkings.com/lineup/getavailableplayerscsv?contestTypeId=9&draftGroupId=149344,149344,9,Selected largest-prize regular Classic MLB draft group after excluding Turbo/Night/qualifier/satellite/showdown/snake/single-stat slates.,OF,Petey Halpin (43320979),Petey Halpin,43320979,OF,2400,CLE@HOU 06/19/2026 08:10PM ET,06/19/2026 08:10PM ET,CLE,HOU,away,1.85,,,needs_review_new_player,identity_name_team_map,No reviewed normalized-name/team identity alias; do not auto-guess.
2026-06-19,2026-06-19T16:19:46.381495+00:00,2026-06-19,DraftKings official lineup CSV,https://www.draftkings.com/lineup/getavailableplayerscsv?contestTypeId=9&draftGroupId=149344,149344,9,Selected largest-prize regular Classic MLB draft group after excluding Turbo/Night/qualifier/satellite/showdown/snake/single-stat slates.,C,Bo Naylor (43321140),Bo Naylor,43321140,C,2400,CLE@HOU 06/19/2026 08:10PM ET,06/19/2026 08:10PM ET,CLE,HOU,away,3.14,,,needs_review_new_player,identity_name_team_map,No reviewed normalized-name/team identity alias; do not auto-guess.
2026-06-19,2026-06-19T16:19:46.381495+00:00,2026-06-19,DraftKings official lineup CSV,https://www.draftkings.com/lineup/getavailableplayerscsv?contestTypeId=9&draftGroupId=149344,149344,9,Selected largest-prize regular Classic MLB draft group after excluding Turbo/Night/qualifier/satellite/showdown/snake/single-stat slates.,C,Connor Wong (43320984),Connor Wong,43320984,C,2400,BOS@SEA 06/19/2026 10:10PM ET,06/19/2026 10:10PM ET,BOS,SEA,away,5.21,,,needs_review_new_player,identity_name_team_map,No reviewed normalized-name/team identity alias; do not auto-guess.
2026-06-19,2026-06-19T16:19:46.381495+00:00,2026-06-19,DraftKings official lineup CSV,https://www.draftkings.com/lineup/getavailableplayerscsv?contestTypeId=9&draftGroupId=149344,149344,9,Selected largest-prize regular Classic MLB draft group after excluding Turbo/Night/qualifier/satellite/showdown/snake/single-stat slates.,1B/3B,Patrick Wisdom (43321138),Patrick Wisdom,43321138,1B/3B,2400,BOS@SEA 06/19/2026 10:10PM ET,06/19/2026 10:10PM ET,SEA,BOS,home,2.93,,,needs_review_new_player,identity_name_team_map,No reviewed normalized-name/team identity alias; do not auto-guess.
2026-06-19,2026-06-19T16:19:46.381495+00:00,2026-06-19,DraftKings official lineup CSV,https://www.draftkings.com/lineup/getavailableplayerscsv?contestTypeId=9&draftGroupId=149344,149344,9,Selected largest-prize regular Classic MLB draft group after excluding Turbo/Night/qualifier/satellite/showdown/snake/single-stat slates.,2B/3B,Nick Sogard (43321141),Nick Sogard,43321141,2B/3B,2400,BOS@SEA 06/19/2026 10:10PM ET,06/19/2026 10:10PM ET,BOS,SEA,away,4.67,,,needs_review_new_player,identity_name_team_map,No reviewed normalized-name/team identity alias; do not auto-guess.
2026-06-19,2026-06-19T16:19:46.381495+00:00,2026-06-19,DraftKings official lineup CSV,https://www.draftkings.com/lineup/getavailableplayerscsv?contestTypeId=9&draftGroupId=149344,149344,9,Selected largest-prize regular Classic MLB draft group after excluding Turbo/Night/qualifier/satellite/showdown/snake/single-stat slates.,OF,Isaac Collins (43320980),Isaac Collins,43320980,OF,2400,STL@KC 06/19/2026 08:15PM ET,06/19/2026 08:15PM ET,KC,STL,home,5.48,686555,Isaac Collins,mapped,identity_name_team_map,Stable identity seed from old DK-ID map. Pilot join status: matched via normalized_name_team
2026-06-19,2026-06-19T16:19:46.381495+00:00,2026-06-19,DraftKings official lineup CSV,https://www.draftkings.com/lineup/getavailableplayerscsv?contestTypeId=9&draftGroupId=149344,149344,9,Selected largest-prize regular Classic MLB draft group after excluding Turbo/Night/qualifier/satellite/showdown/snake/single-stat slates.,3B,Blaze Jordan (43320981),Blaze Jordan,43320981,3B,2400,STL@KC 06/19/2026 08:15PM ET,06/19/2026 08:15PM ET,STL,KC,away,8.86,,,needs_review_new_player,identity_name_team_map,No reviewed normalized-name/team identity alias; do not auto-guess.
2026-06-19,2026-06-19T16:19:46.381495+00:00,2026-06-19,DraftKings official lineup CSV,https://www.draftkings.com/lineup/getavailableplayerscsv?contestTypeId=9&draftGroupId=149344,149344,9,Selected largest-prize regular Classic MLB draft group after excluding Turbo/Night/qualifier/satellite/showdown/snake/single-stat slates.,3B,Yoan Moncada (43321151),Yoan Moncada,43321151,3B,2300,LAA@ATH 06/19/2026 09:40PM ET,06/19/2026 09:40PM ET,LAA,ATH,away,4.20,660162,Yoán Moncada,mapped,identity_name_team_map,Stable identity seed from old DK-ID map. Pilot join status: matched via normalized_name_team
2026-06-19,2026-06-19T16:19:46.381495+00:00,2026-06-19,DraftKings official lineup CSV,https://www.draftkings.com/lineup/getavailableplayerscsv?contestTypeId=9&draftGroupId=149344,149344,9,Selected largest-prize regular Classic MLB draft group after excluding Turbo/Night/qualifier/satellite/showdown/snake/single-stat slates.,1B,Pavin Smith (43320996),Pavin Smith,43320996,1B,2300,MIN@ARI 06/19/2026 09:45PM ET,06/19/2026 09:45PM ET,ARI,MIN,home,3.57,,,needs_review_new_player,identity_name_team_map,No reviewed normalized-name/team identity alias; do not auto-guess.
2026-06-19,2026-06-19T16:19:46.381495+00:00,2026-06-19,DraftKings official lineup CSV,https://www.draftkings.com/lineup/getavailableplayerscsv?contestTypeId=9&draftGroupId=149344,149344,9,Selected largest-prize regular Classic MLB draft group after excluding Turbo/Night/qualifier/satellite/showdown/snake/single-stat slates.,OF,Tim Tawa (43321156),Tim Tawa,43321156,OF,2300,MIN@ARI 06/19/2026 09:45PM ET,06/19/2026 09:45PM ET,ARI,MIN,home,2.93,,,needs_review_new_player,identity_name_team_map,No reviewed normalized-name/team identity alias; do not auto-guess.
2026-06-19,2026-06-19T16:19:46.381495+00:00,2026-06-19,DraftKings official lineup CSV,https://www.draftkings.com/lineup/getavailableplayerscsv?contestTypeId=9&draftGroupId=149344,149344,9,Selected largest-prize regular Classic MLB draft group after excluding Turbo/Night/qualifier/satellite/showdown/snake/single-stat slates.,OF,Eli White (43320988),Eli White,43320988,OF,2300,MIL@ATL 06/19/2026 07:15PM ET,06/19/2026 07:15PM ET,ATL,MIL,home,3.95,642201,Eli White,mapped,identity_name_team_map,Stable identity seed from old DK-ID map. Pilot join status: matched via normalized_name_team
2026-06-19,2026-06-19T16:19:46.381495+00:00,2026-06-19,DraftKings official lineup CSV,https://www.draftkings.com/lineup/getavailableplayerscsv?contestTypeId=9&draftGroupId=149344,149344,9,Selected largest-prize regular Classic MLB draft group after excluding Turbo/Night/qualifier/satellite/showdown/snake/single-stat slates.,OF,Alejandro Osuna (43320986),Alejandro Osuna,43320986,OF,2300,SD@TEX 06/19/2026 08:05PM ET,06/19/2026 08:05PM ET,TEX,SD,home,4.32,696030,Alejandro Osuna,mapped,identity_name_team_map,Stable identity seed from old DK-ID map. Pilot join status: matched via normalized_name_team
2026-06-19,2026-06-19T16:19:46.381495+00:00,2026-06-19,DraftKings official lineup CSV,https://www.draftkings.com/lineup/getavailableplayerscsv?contestTypeId=9&draftGroupId=149344,149344,9,Selected largest-prize regular Classic MLB draft group after excluding Turbo/Night/qualifier/satellite/showdown/snake/single-stat slates.,2B,Josh Smith (43320987),Josh Smith,43320987,2B,2300,SD@TEX 06/19/2026 08:05PM ET,06/19/2026 08:05PM ET,TEX,SD,home,4,669701,Josh Smith,mapped,identity_name_team_map,Stable identity seed from old DK-ID map. Pilot join status: matched via normalized_name_team
2026-06-19,2026-06-19T16:19:46.381495+00:00,2026-06-19,DraftKings official lineup CSV,https://www.draftkings.com/lineup/getavailableplayerscsv?contestTypeId=9&draftGroupId=149344,149344,9,Selected largest-prize regular Classic MLB draft group after excluding Turbo/Night/qualifier/satellite/showdown/snake/single-stat slates.,C,Rodolfo Duran (43320994),Rodolfo Duran,43320994,C,2300,SD@TEX 06/19/2026 08:05PM ET,06/19/2026 08:05PM ET,SD,TEX,away,4.19,660710,Rodolfo Durán,mapped,identity_name_team_map,Stable identity seed from old DK-ID map. Pilot join status: matched via normalized_name_team
2026-06-19,2026-06-19T16:19:46.381495+00:00,2026-06-19,DraftKings official lineup CSV,https://www.draftkings.com/lineup/getavailableplayerscsv?contestTypeId=9&draftGroupId=149344,149344,9,Selected largest-prize regular Classic MLB draft group after excluding Turbo/Night/qualifier/satellite/showdown/snake/single-stat slates.,3B,Jose Miranda (43321149),Jose Miranda,43321149,3B,2300,SD@TEX 06/19/2026 08:05PM ET,06/19/2026 08:05PM ET,SD,TEX,away,0,669304,Jose Miranda,mapped,identity_name_team_map,Stable identity seed from old DK-ID map. Pilot join status: matched_people_search_name via mlb_people_search_normalized_name
2026-06-19,2026-06-19T16:19:46.381495+00:00,2026-06-19,DraftKings official lineup CSV,https://www.draftkings.com/lineup/getavailableplayerscsv?contestTypeId=9&draftGroupId=149344,149344,9,Selected largest-prize regular Classic MLB draft group after excluding Turbo/Night/qualifier/satellite/showdown/snake/single-stat slates.,C,Nick Fortes (43320985),Nick Fortes,43320985,C,2300,WSH@TB 06/19/2026 07:10PM ET,06/19/2026 07:10PM ET,TB,WSH,home,4.25,,,needs_review_new_player,identity_name_team_map,No reviewed normalized-name/team identity alias; do not auto-guess.
2026-06-19,2026-06-19T16:19:46.381495+00:00,2026-06-19,DraftKings official lineup CSV,https://www.draftkings.com/lineup/getavailableplayerscsv?contestTypeId=9&draftGroupId=149344,149344,9,Selected largest-prize regular Classic MLB draft group after excluding Turbo/Night/qualifier/satellite/showdown/snake/single-stat slates.,OF,Drew Gilbert (43320989),Drew Gilbert,43320989,OF,2300,SF@MIA 06/19/2026 07:10PM ET,06/19/2026 07:10PM ET,SF,MIA,away,4.34,687551,Drew Gilbert,mapped,identity_name_team_map,Stable identity seed from old DK-ID map. Pilot join status: matched via normalized_name_team
2026-06-19,2026-06-19T16:19:46.381495+00:00,2026-06-19,DraftKings official lineup CSV,https://www.draftkings.com/lineup/getavailableplayerscsv?contestTypeId=9&draftGroupId=149344,149344,9,Selected largest-prize regular Classic MLB draft group after excluding Turbo/Night/qualifier/satellite/showdown/snake/single-stat slates.,C/OF,Jesus Rodriguez (43321154),Jesus Rodriguez,43321154,C/OF,2300,SF@MIA 06/19/2026 07:10PM ET,06/19/2026 07:10PM ET,SF,MIA,away,5.29,683679,Jesus Rodriguez,mapped,identity_name_team_map,Stable identity seed from old DK-ID map. Pilot join status: matched via normalized_name_team
2026-06-19,2026-06-19T16:19:46.381495+00:00,2026-06-19,DraftKings official lineup CSV,https://www.draftkings.com/lineup/getavailableplayerscsv?contestTypeId=9&draftGroupId=149344,149344,9,Selected largest-prize regular Classic MLB draft group after excluding Turbo/Night/qualifier/satellite/showdown/snake/single-stat slates.,OF,Taylor Trammell (43320990),Taylor Trammell,43320990,OF,2300,CLE@HOU 06/19/2026 08:10PM ET,06/19/2026 08:10PM ET,HOU,CLE,home,4.61,666211,Taylor Trammell,mapped,identity_name_team_map,Stable identity seed from old DK-ID map. Pilot join status: matched via normalized_name_team
2026-06-19,2026-06-19T16:19:46.381495+00:00,2026-06-19,DraftKings official lineup CSV,https://www.draftkings.com/lineup/getavailableplayerscsv?contestTypeId=9&draftGroupId=149344,149344,9,Selected largest-prize regular Classic MLB draft group after excluding Turbo/Night/qualifier/satellite/showdown/snake/single-stat slates.,3B/SS,Gabriel Arias (43320991),Gabriel Arias,43320991,3B/SS,2300,CLE@HOU 06/19/2026 08:10PM ET,06/19/2026 08:10PM ET,CLE,HOU,away,5.08,,,needs_review_new_player,identity_name_team_map,No reviewed normalized-name/team identity alias; do not auto-guess.
2026-06-19,2026-06-19T16:19:46.381495+00:00,2026-06-19,DraftKings official lineup CSV,https://www.draftkings.com/lineup/getavailableplayerscsv?contestTypeId=9&draftGroupId=149344,149344,9,Selected largest-prize regular Classic MLB draft group after excluding Turbo/Night/qualifier/satellite/showdown/snake/single-stat slates.,OF,LaMonte Wade Jr. (43321157),LaMonte Wade Jr.,43321157,OF,2300,CLE@HOU 06/19/2026 08:10PM ET,06/19/2026 08:10PM ET,HOU,CLE,home,9.25,664774,LaMonte Wade Jr.,mapped,identity_name_team_map,Stable identity seed from old DK-ID map. Pilot join status: matched via normalized_name_team
2026-06-19,2026-06-19T16:19:46.381495+00:00,2026-06-19,DraftKings official lineup CSV,https://www.draftkings.com/lineup/getavailableplayerscsv?contestTypeId=9&draftGroupId=149344,149344,9,Selected largest-prize regular Classic MLB draft group after excluding Turbo/Night/qualifier/satellite/showdown/snake/single-stat slates.,3B,Caleb Durbin (43320995),Caleb Durbin,43320995,3B,2300,BOS@SEA 06/19/2026 10:10PM ET,06/19/2026 10:10PM ET,BOS,SEA,away,5.17,,,needs_review_new_player,identity_name_team_map,No reviewed normalized-name/team identity alias; do not auto-guess.
2026-06-19,2026-06-19T16:19:46.381495+00:00,2026-06-19,DraftKings official lineup CSV,https://www.draftkings.com/lineup/getavailableplayerscsv?contestTypeId=9&draftGroupId=149344,149344,9,Selected largest-prize regular Classic MLB draft group after excluding Turbo/Night/qualifier/satellite/showdown/snake/single-stat slates.,1B,Ryan Mountcastle (43321152),Ryan Mountcastle,43321152,1B,2300,BAL@LAD 06/19/2026 10:10PM ET,06/19/2026 10:10PM ET,BAL,LAD,away,2.25,,,needs_review_new_player,identity_name_team_map,No reviewed normalized-name/team identity alias; do not auto-guess.
2026-06-19,2026-06-19T16:19:46.381495+00:00,2026-06-19,DraftKings official lineup CSV,https://www.draftkings.com/lineup/getavailableplayerscsv?contestTypeId=9&draftGroupId=149344,149344,9,Selected largest-prize regular Classic MLB draft group after excluding Turbo/Night/qualifier/satellite/showdown/snake/single-stat slates.,OF,Kyle Isbel (43321153),Kyle Isbel,43321153,OF,2300,STL@KC 06/19/2026 08:15PM ET,06/19/2026 08:15PM ET,KC,STL,home,4.73,664728,Kyle Isbel,mapped,identity_name_team_map,Stable identity seed from old DK-ID map. Pilot join status: matched via normalized_name_team
2026-06-19,2026-06-19T16:19:46.381495+00:00,2026-06-19,DraftKings official lineup CSV,https://www.draftkings.com/lineup/getavailableplayerscsv?contestTypeId=9&draftGroupId=149344,149344,9,Selected largest-prize regular Classic MLB draft group after excluding Turbo/Night/qualifier/satellite/showdown/snake/single-stat slates.,3B,Ryan McMahon (43320993),Ryan McMahon,43320993,3B,2300,CIN@NYY 06/19/2026 07:05PM ET,06/19/2026 07:05PM ET,NYY,CIN,home,4.58,,,needs_review_new_player,identity_name_team_map,No reviewed normalized-name/team identity alias; do not auto-guess.
2026-06-19,2026-06-19T16:19:46.381495+00:00,2026-06-19,DraftKings official lineup CSV,https://www.draftkings.com/lineup/getavailableplayerscsv?contestTypeId=9&draftGroupId=149344,149344,9,Selected largest-prize regular Classic MLB draft group after excluding Turbo/Night/qualifier/satellite/showdown/snake/single-stat slates.,2B/SS,Edwin Arroyo (43320997),Edwin Arroyo,43320997,2B/SS,2300,CIN@NYY 06/19/2026 07:05PM ET,06/19/2026 07:05PM ET,CIN,NYY,away,2.93,695490,Edwin Arroyo,mapped,identity_name_team_map,Stable identity seed from old DK-ID map. Pilot join status: matched via normalized_name_team
2026-06-19,2026-06-19T16:19:46.381495+00:00,2026-06-19,DraftKings official lineup CSV,https://www.draftkings.com/lineup/getavailableplayerscsv?contestTypeId=9&draftGroupId=149344,149344,9,Selected largest-prize regular Classic MLB draft group after excluding Turbo/Night/qualifier/satellite/showdown/snake/single-stat slates.,C,P.J. Higgins (43321150),P.J. Higgins,43321150,C,2300,CIN@NYY 06/19/2026 07:05PM ET,06/19/2026 07:05PM ET,CIN,NYY,away,2.43,664731,P.J. Higgins,mapped,identity_name_team_map,Stable identity seed from old DK-ID map. Pilot join status: matched via normalized_name_team
2026-06-19,2026-06-19T16:19:46.381495+00:00,2026-06-19,DraftKings official lineup CSV,https://www.draftkings.com/lineup/getavailableplayerscsv?contestTypeId=9&draftGroupId=149344,149344,9,Selected largest-prize regular Classic MLB draft group after excluding Turbo/Night/qualifier/satellite/showdown/snake/single-stat slates.,C,Logan O'Hoppe (43321002),Logan O'Hoppe,43321002,C,2200,LAA@ATH 06/19/2026 09:40PM ET,06/19/2026 09:40PM ET,LAA,ATH,away,4.80,681351,Logan O'Hoppe,mapped,identity_name_team_map,Stable identity seed from old DK-ID map. Pilot join status: matched via normalized_name_team
2026-06-19,2026-06-19T16:19:46.381495+00:00,2026-06-19,DraftKings official lineup CSV,https://www.draftkings.com/lineup/getavailableplayerscsv?contestTypeId=9&draftGroupId=149344,149344,9,Selected largest-prize regular Classic MLB draft group after excluding Turbo/Night/qualifier/satellite/showdown/snake/single-stat slates.,SS,Tristan Gray (43321003),Tristan Gray,43321003,SS,2200,MIN@ARI 06/19/2026 09:45PM ET,06/19/2026 09:45PM ET,MIN,ARI,away,5.04,656484,Tristan Gray,mapped,identity_name_team_map,Proposed from review candidates; basis=exact normalized name + team; role-compatible; statcast_batter_des_2026; confidence=high; sources=statcast_batter_des_2026
2026-06-19,2026-06-19T16:19:46.381495+00:00,2026-06-19,DraftKings official lineup CSV,https://www.draftkings.com/lineup/getavailableplayerscsv?contestTypeId=9&draftGroupId=149344,149344,9,Selected largest-prize regular Classic MLB draft group after excluding Turbo/Night/qualifier/satellite/showdown/snake/single-stat slates.,OF,Jorge Barrosa (43321020),Jorge Barrosa,43321020,OF,2200,MIN@ARI 06/19/2026 09:45PM ET,06/19/2026 09:45PM ET,ARI,MIN,home,2.65,,,needs_review_new_player,identity_name_team_map,No reviewed normalized-name/team identity alias; do not auto-guess.
2026-06-19,2026-06-19T16:19:46.381495+00:00,2026-06-19,DraftKings official lineup CSV,https://www.draftkings.com/lineup/getavailableplayerscsv?contestTypeId=9&draftGroupId=149344,149344,9,Selected largest-prize regular Classic MLB draft group after excluding Turbo/Night/qualifier/satellite/showdown/snake/single-stat slates.,1B,Rowdy Tellez (43321004),Rowdy Tellez,43321004,1B,2200,MIL@ATL 06/19/2026 07:15PM ET,06/19/2026 07:15PM ET,ATL,MIL,home,0,,,needs_review_new_player,identity_name_team_map,No reviewed normalized-name/team identity alias; do not auto-guess.
2026-06-19,2026-06-19T16:19:46.381495+00:00,2026-06-19,DraftKings official lineup CSV,https://www.draftkings.com/lineup/getavailableplayerscsv?contestTypeId=9&draftGroupId=149344,149344,9,Selected largest-prize regular Classic MLB draft group after excluding Turbo/Night/qualifier/satellite/showdown/snake/single-stat slates.,OF,Blake Perkins (43321013),Blake Perkins,43321013,OF,2200,MIL@ATL 06/19/2026 07:15PM ET,06/19/2026 07:15PM ET,MIL,ATL,away,2.93,663368,Blake Perkins,mapped,identity_name_team_map,Stable identity seed from old DK-ID map. Pilot join status: matched via normalized_name_team
2026-06-19,2026-06-19T16:19:46.381495+00:00,2026-06-19,DraftKings official lineup CSV,https://www.draftkings.com/lineup/getavailableplayerscsv?contestTypeId=9&draftGroupId=149344,149344,9,Selected largest-prize regular Classic MLB draft group after excluding Turbo/Night/qualifier/satellite/showdown/snake/single-stat slates.,C,Elias Diaz (43321000),Elias Diaz,43321000,C,2200,SD@TEX 06/19/2026 08:05PM ET,06/19/2026 08:05PM ET,TEX,SD,home,4.89,553869,Elias Díaz,mapped,identity_name_team_map,Stable identity seed from old DK-ID map. Pilot join status: matched via normalized_name_team
2026-06-19,2026-06-19T16:19:46.381495+00:00,2026-06-19,DraftKings official lineup CSV,https://www.draftkings.com/lineup/getavailableplayerscsv?contestTypeId=9&draftGroupId=149344,149344,9,Selected largest-prize regular Classic MLB draft group after excluding Turbo/Night/qualifier/satellite/showdown/snake/single-stat slates.,2B/3B,Will Wagner (43321016),Will Wagner,43321016,2B/3B,2200,SD@TEX 06/19/2026 08:05PM ET,06/19/2026 08:05PM ET,SD,TEX,away,4.12,695238,Will Wagner,mapped,identity_name_team_map,Stable identity seed from old DK-ID map. Pilot join status: matched_people_search_name via mlb_people_search_normalized_name
2026-06-19,2026-06-19T16:19:46.381495+00:00,2026-06-19,DraftKings official lineup CSV,https://www.draftkings.com/lineup/getavailableplayerscsv?contestTypeId=9&draftGroupId=149344,149344,9,Selected largest-prize regular Classic MLB draft group after excluding Turbo/Night/qualifier/satellite/showdown/snake/single-stat slates.,C,Hunter Feduccia (43320999),Hunter Feduccia,43320999,C,2200,WSH@TB 06/19/2026 07:10PM ET,06/19/2026 07:10PM ET,TB,WSH,home,3.33,,,needs_review_new_player,identity_name_team_map,No reviewed normalized-name/team identity alias; do not auto-guess.
2026-06-19,2026-06-19T16:19:46.381495+00:00,2026-06-19,DraftKings official lineup CSV,https://www.draftkings.com/lineup/getavailableplayerscsv?contestTypeId=9&draftGroupId=149344,149344,9,Selected largest-prize regular Classic MLB draft group after excluding Turbo/Night/qualifier/satellite/showdown/snake/single-stat slates.,OF,Victor Bericoto (43321012),Victor Bericoto,43321012,OF,2200,SF@MIA 06/19/2026 07:10PM ET,06/19/2026 07:10PM ET,SF,MIA,away,1.67,682674,Victor Bericoto,mapped,identity_name_team_map,Stable identity seed from old DK-ID map. Pilot join status: matched via normalized_name_team
2026-06-19,2026-06-19T16:19:46.381495+00:00,2026-06-19,DraftKings official lineup CSV,https://www.draftkings.com/lineup/getavailableplayerscsv?contestTypeId=9&draftGroupId=149344,149344,9,Selected largest-prize regular Classic MLB draft group after excluding Turbo/Night/qualifier/satellite/showdown/snake/single-stat slates.,C,Christian Vazquez (43321005),Christian Vazquez,43321005,C,2200,CLE@HOU 06/19/2026 08:10PM ET,06/19/2026 08:10PM ET,HOU,CLE,home,4.61,543877,Christian Vázquez,mapped,identity_name_team_map,Stable identity seed from old DK-ID map. Pilot join status: matched via normalized_name_team
2026-06-19,2026-06-19T16:19:46.381495+00:00,2026-06-19,DraftKings official lineup CSV,https://www.draftkings.com/lineup/getavailableplayerscsv?contestTypeId=9&draftGroupId=149344,149344,9,Selected largest-prize regular Classic MLB draft group after excluding Turbo/Night/qualifier/satellite/showdown/snake/single-stat slates.,C,Patrick Bailey (43321006),Patrick Bailey,43321006,C,2200,CLE@HOU 06/19/2026 08:10PM ET,06/19/2026 08:10PM ET,CLE,HOU,away,3.29,,,needs_review_new_player,identity_name_team_map,No reviewed normalized-name/team identity alias; do not auto-guess.
2026-06-19,2026-06-19T16:19:46.381495+00:00,2026-06-19,DraftKings official lineup CSV,https://www.draftkings.com/lineup/getavailableplayerscsv?contestTypeId=9&draftGroupId=149344,149344,9,Selected largest-prize regular Classic MLB draft group after excluding Turbo/Night/qualifier/satellite/showdown/snake/single-stat slates.,OF,Zach Cole (43321158),Zach Cole,43321158,OF,2200,CLE@HOU 06/19/2026 08:10PM ET,06/19/2026 08:10PM ET,HOU,CLE,home,3.95,805904,Zach Cole,mapped,identity_name_team_map,Stable identity seed from old DK-ID map. Pilot join status: matched via normalized_name_team
2026-06-19,2026-06-19T16:19:46.381495+00:00,2026-06-19,DraftKings official lineup CSV,https://www.draftkings.com/lineup/getavailableplayerscsv?contestTypeId=9&draftGroupId=149344,149344,9,Selected largest-prize regular Classic MLB draft group after excluding Turbo/Night/qualifier/satellite/showdown/snake/single-stat slates.,1B/3B,Miles Mastrobuoni (43321014),Miles Mastrobuoni,43321014,1B/3B,2200,BOS@SEA 06/19/2026 10:10PM ET,06/19/2026 10:10PM ET,SEA,BOS,home,4,,,needs_review_new_player,identity_name_team_map,No reviewed normalized-name/team identity alias; do not auto-guess.
2026-06-19,2026-06-19T16:19:46.381495+00:00,2026-06-19,DraftKings official lineup CSV,https://www.draftkings.com/lineup/getavailableplayerscsv?contestTypeId=9&draftGroupId=149344,149344,9,Selected largest-prize regular Classic MLB draft group after excluding Turbo/Night/qualifier/satellite/showdown/snake/single-stat slates.,2B/SS,Andruw Monasterio (43321018),Andruw Monasterio,43321018,2B/SS,2200,BOS@SEA 06/19/2026 10:10PM ET,06/19/2026 10:10PM ET,BOS,SEA,away,4.38,,,needs_review_new_player,identity_name_team_map,No reviewed normalized-name/team identity alias; do not auto-guess.
2026-06-19,2026-06-19T16:19:46.381495+00:00,2026-06-19,DraftKings official lineup CSV,https://www.draftkings.com/lineup/getavailableplayerscsv?contestTypeId=9&draftGroupId=149344,149344,9,Selected largest-prize regular Classic MLB draft group after excluding Turbo/Night/qualifier/satellite/showdown/snake/single-stat slates.,OF,Colton Cowser (43321001),Colton Cowser,43321001,OF,2200,BAL@LAD 06/19/2026 10:10PM ET,06/19/2026 10:10PM ET,BAL,LAD,away,4.63,,,needs_review_new_player,identity_name_team_map,No reviewed normalized-name/team identity alias; do not auto-guess.
2026-06-19,2026-06-19T16:19:46.381495+00:00,2026-06-19,DraftKings official lineup CSV,https://www.draftkings.com/lineup/getavailableplayerscsv?contestTypeId=9&draftGroupId=149344,149344,9,Selected largest-prize regular Classic MLB draft group after excluding Turbo/Night/qualifier/satellite/showdown/snake/single-stat slates.,C,Sam Huff (43321008),Sam Huff,43321008,C,2200,BAL@LAD 06/19/2026 10:10PM ET,06/19/2026 10:10PM ET,BAL,LAD,away,2.86,,,needs_review_new_player,identity_name_team_map,No reviewed normalized-name/team identity alias; do not auto-guess.
2026-06-19,2026-06-19T16:19:46.381495+00:00,2026-06-19,DraftKings official lineup CSV,https://www.draftkings.com/lineup/getavailableplayerscsv?contestTypeId=9&draftGroupId=149344,149344,9,Selected largest-prize regular Classic MLB draft group after excluding Turbo/Night/qualifier/satellite/showdown/snake/single-stat slates.,OF,Johnathan Rodriguez (43321161),Johnathan Rodriguez,43321161,OF,2200,BAL@LAD 06/19/2026 10:10PM ET,06/19/2026 10:10PM ET,BAL,LAD,away,1.6,,,needs_review_new_player,identity_name_team_map,No reviewed normalized-name/team identity alias; do not auto-guess.
2026-06-19,2026-06-19T16:19:46.381495+00:00,2026-06-19,DraftKings official lineup CSV,https://www.draftkings.com/lineup/getavailableplayerscsv?contestTypeId=9&draftGroupId=149344,149344,9,Selected largest-prize regular Classic MLB draft group after excluding Turbo/Night/qualifier/satellite/showdown/snake/single-stat slates.,OF,Michael Siani (43321162),Michael Siani,43321162,OF,2200,BAL@LAD 06/19/2026 10:10PM ET,06/19/2026 10:10PM ET,BAL,LAD,away,0,,,needs_review_new_player,identity_name_team_map,No reviewed normalized-name/team identity alias; do not auto-guess.
2026-06-19,2026-06-19T16:19:46.381495+00:00,2026-06-19,DraftKings official lineup CSV,https://www.draftkings.com/lineup/getavailableplayerscsv?contestTypeId=9&draftGroupId=149344,149344,9,Selected largest-prize regular Classic MLB draft group after excluding Turbo/Night/qualifier/satellite/showdown/snake/single-stat slates.,1B/3B,Christian Encarnacion-Strand (43321163),Christian Encarnacion-Strand,43321163,1B/3B,2200,BAL@LAD 06/19/2026 10:10PM ET,06/19/2026 10:10PM ET,BAL,LAD,away,0,,,needs_review_new_player,identity_name_team_map,No reviewed normalized-name/team identity alias; do not auto-guess.
2026-06-19,2026-06-19T16:19:46.381495+00:00,2026-06-19,DraftKings official lineup CSV,https://www.draftkings.com/lineup/getavailableplayerscsv?contestTypeId=9&draftGroupId=149344,149344,9,Selected largest-prize regular Classic MLB draft group after excluding Turbo/Night/qualifier/satellite/showdown/snake/single-stat slates.,OF,Tyler Tolbert (43321007),Tyler Tolbert,43321007,OF,2200,STL@KC 06/19/2026 08:15PM ET,06/19/2026 08:15PM ET,KC,STL,home,2.71,686475,Tyler Tolbert,mapped,identity_name_team_map,Stable identity seed from old DK-ID map. Pilot join status: matched via normalized_name_team
2026-06-19,2026-06-19T16:19:46.381495+00:00,2026-06-19,DraftKings official lineup CSV,https://www.draftkings.com/lineup/getavailableplayerscsv?contestTypeId=9&draftGroupId=149344,149344,9,Selected largest-prize regular Classic MLB draft group after excluding Turbo/Night/qualifier/satellite/showdown/snake/single-stat slates.,C,Jimmy Crooks (43321010),Jimmy Crooks,43321010,C,2200,STL@KC 06/19/2026 08:15PM ET,06/19/2026 08:15PM ET,STL,KC,away,4.58,699625,Jimmy Crooks,mapped,identity_name_team_map,Stable identity seed from old DK-ID map. Pilot join status: matched via normalized_name_team
2026-06-19,2026-06-19T16:19:46.381495+00:00,2026-06-19,DraftKings official lineup CSV,https://www.draftkings.com/lineup/getavailableplayerscsv?contestTypeId=9&draftGroupId=149344,149344,9,Selected largest-prize regular Classic MLB draft group after excluding Turbo/Night/qualifier/satellite/showdown/snake/single-stat slates.,2B/OF,Thomas Saggese (43321159),Thomas Saggese,43321159,2B/OF,2200,STL@KC 06/19/2026 08:15PM ET,06/19/2026 08:15PM ET,STL,KC,away,3.16,695336,Thomas Saggese,mapped,identity_name_team_map,Stable identity seed from old DK-ID map. Pilot join status: matched via normalized_name_team
2026-06-19,2026-06-19T16:19:46.381495+00:00,2026-06-19,DraftKings official lineup CSV,https://www.draftkings.com/lineup/getavailableplayerscsv?contestTypeId=9&draftGroupId=149344,149344,9,Selected largest-prize regular Classic MLB draft group after excluding Turbo/Night/qualifier/satellite/showdown/snake/single-stat slates.,OF,Will Benson (43321009),Will Benson,43321009,OF,2200,CIN@NYY 06/19/2026 07:05PM ET,06/19/2026 07:05PM ET,CIN,NYY,away,3.12,666181,Will Benson,mapped,identity_name_team_map,Stable identity seed from old DK-ID map. Pilot join status: matched via normalized_name_team
2026-06-19,2026-06-19T16:19:46.381495+00:00,2026-06-19,DraftKings official lineup CSV,https://www.draftkings.com/lineup/getavailableplayerscsv?contestTypeId=9&draftGroupId=149344,149344,9,Selected largest-prize regular Classic MLB draft group after excluding Turbo/Night/qualifier/satellite/showdown/snake/single-stat slates.,C,Ali Sanchez (43321011),Ali Sanchez,43321011,C,2200,CIN@NYY 06/19/2026 07:05PM ET,06/19/2026 07:05PM ET,NYY,CIN,home,3.43,,,needs_review_new_player,identity_name_team_map,No reviewed normalized-name/team identity alias; do not auto-guess.
2026-06-19,2026-06-19T16:19:46.381495+00:00,2026-06-19,DraftKings official lineup CSV,https://www.draftkings.com/lineup/getavailableplayerscsv?contestTypeId=9&draftGroupId=149344,149344,9,Selected largest-prize regular Classic MLB draft group after excluding Turbo/Night/qualifier/satellite/showdown/snake/single-stat slates.,C,Alex Jackson (43321025),Alex Jackson,43321025,C,2100,MIN@ARI 06/19/2026 09:45PM ET,06/19/2026 09:45PM ET,MIN,ARI,away,4.23,656577,Alex Jackson,mapped,identity_name_team_map,Proposed from review candidates; basis=exact normalized name + team; role-compatible; statcast_batter_des_2026; confidence=high; sources=statcast_batter_des_2026
2026-06-19,2026-06-19T16:19:46.381495+00:00,2026-06-19,DraftKings official lineup CSV,https://www.draftkings.com/lineup/getavailableplayerscsv?contestTypeId=9&draftGroupId=149344,149344,9,Selected largest-prize regular Classic MLB draft group after excluding Turbo/Night/qualifier/satellite/showdown/snake/single-stat slates.,SS,Ha-Seong Kim (43321023),Ha-Seong Kim,43321023,SS,2100,MIL@ATL 06/19/2026 07:15PM ET,06/19/2026 07:15PM ET,ATL,MIL,home,2.53,673490,Ha-Seong Kim,mapped,identity_name_team_map,Stable identity seed from old DK-ID map. Pilot join status: matched via normalized_name_team
2026-06-19,2026-06-19T16:19:46.381495+00:00,2026-06-19,DraftKings official lineup CSV,https://www.draftkings.com/lineup/getavailableplayerscsv?contestTypeId=9&draftGroupId=149344,149344,9,Selected largest-prize regular Classic MLB draft group after excluding Turbo/Night/qualifier/satellite/showdown/snake/single-stat slates.,SS,Cooper Pratt (43321032),Cooper Pratt,43321032,SS,2100,MIL@ATL 06/19/2026 07:15PM ET,06/19/2026 07:15PM ET,MIL,ATL,away,7.33,806198,Cooper Pratt,mapped,identity_name_team_map,Stable identity seed from old DK-ID map. Pilot join status: matched_people_search_name via mlb_people_search_normalized_name
2026-06-19,2026-06-19T16:19:46.381495+00:00,2026-06-19,DraftKings official lineup CSV,https://www.draftkings.com/lineup/getavailableplayerscsv?contestTypeId=9&draftGroupId=149344,149344,9,Selected largest-prize regular Classic MLB draft group after excluding Turbo/Night/qualifier/satellite/showdown/snake/single-stat slates.,SS,Jim Jarvis (43321168),Jim Jarvis,43321168,SS,2100,MIL@ATL 06/19/2026 07:15PM ET,06/19/2026 07:15PM ET,ATL,MIL,home,1.5,805347,Jim Jarvis,mapped,identity_name_team_map,Stable identity seed from old DK-ID map. Pilot join status: matched via normalized_name_team
2026-06-19,2026-06-19T16:19:46.381495+00:00,2026-06-19,DraftKings official lineup CSV,https://www.draftkings.com/lineup/getavailableplayerscsv?contestTypeId=9&draftGroupId=149344,149344,9,Selected largest-prize regular Classic MLB draft group after excluding Turbo/Night/qualifier/satellite/showdown/snake/single-stat slates.,3B,Nacho Alvarez Jr. (43321169),Nacho Alvarez Jr.,43321169,3B,2100,MIL@ATL 06/19/2026 07:15PM ET,06/19/2026 07:15PM ET,ATL,MIL,home,0,805373,Nacho Alvarez Jr.,mapped,identity_name_team_map,Stable identity seed from old DK-ID map. Pilot join status: matched_people_search_name via mlb_people_search_normalized_name
2026-06-19,2026-06-19T16:19:46.381495+00:00,2026-06-19,DraftKings official lineup CSV,https://www.draftkings.com/lineup/getavailableplayerscsv?contestTypeId=9&draftGroupId=149344,149344,9,Selected largest-prize regular Classic MLB draft group after excluding Turbo/Night/qualifier/satellite/showdown/snake/single-stat slates.,2B/SS,Nicky Lopez (43321021),Nicky Lopez,43321021,2B/SS,2100,SD@TEX 06/19/2026 08:05PM ET,06/19/2026 08:05PM ET,TEX,SD,home,4.29,670032,Nicky Lopez,mapped,identity_name_team_map,Stable identity seed from old DK-ID map. Pilot join status: matched via normalized_name_team
2026-06-19,2026-06-19T16:19:46.381495+00:00,2026-06-19,DraftKings official lineup CSV,https://www.draftkings.com/lineup/getavailableplayerscsv?contestTypeId=9&draftGroupId=149344,149344,9,Selected largest-prize regular Classic MLB draft group after excluding Turbo/Night/qualifier/satellite/showdown/snake/single-stat slates.,2B/OF,Nick Solak (43321033),Nick Solak,43321033,2B/OF,2100,SD@TEX 06/19/2026 08:05PM ET,06/19/2026 08:05PM ET,SD,TEX,away,2.5,,,needs_review_new_player,identity_name_team_map,No reviewed normalized-name/team identity alias; do not auto-guess.
2026-06-19,2026-06-19T16:19:46.381495+00:00,2026-06-19,DraftKings official lineup CSV,https://www.draftkings.com/lineup/getavailableplayerscsv?contestTypeId=9&draftGroupId=149344,149344,9,Selected largest-prize regular Classic MLB draft group after excluding Turbo/Night/qualifier/satellite/showdown/snake/single-stat slates.,1B,Andres Chaparro (43321031),Andres Chaparro,43321031,1B,2100,WSH@TB 06/19/2026 07:10PM ET,06/19/2026 07:10PM ET,WSH,TB,away,3,665953,Andrés Chaparro,mapped,identity_name_team_map,Stable identity seed from old DK-ID map. Pilot join status: matched via normalized_name_team
2026-06-19,2026-06-19T16:19:46.381495+00:00,2026-06-19,DraftKings official lineup CSV,https://www.draftkings.com/lineup/getavailableplayerscsv?contestTypeId=9&draftGroupId=149344,149344,9,Selected largest-prize regular Classic MLB draft group after excluding Turbo/Night/qualifier/satellite/showdown/snake/single-stat slates.,3B,Leo Jimenez (43321027),Leo Jimenez,43321027,3B,2100,SF@MIA 06/19/2026 07:10PM ET,06/19/2026 07:10PM ET,MIA,SF,home,3.04,677870,Leo Jiménez,mapped,identity_name_team_map,Proposed from review candidates; basis=exact normalized name + team; role-compatible; statcast_batter_des_2026; confidence=high; sources=statcast_batter_des_2026
2026-06-19,2026-06-19T16:19:46.381495+00:00,2026-06-19,DraftKings official lineup CSV,https://www.draftkings.com/lineup/getavailableplayerscsv?contestTypeId=9&draftGroupId=149344,149344,9,Selected largest-prize regular Classic MLB draft group after excluding Turbo/Night/qualifier/satellite/showdown/snake/single-stat slates.,OF,Jonah Cox (43321036),Jonah Cox,43321036,OF,2100,SF@MIA 06/19/2026 07:10PM ET,06/19/2026 07:10PM ET,SF,MIA,away,4,813841,Jonah Cox,mapped,identity_name_team_map,Stable identity seed from old DK-ID map. Pilot join status: matched via normalized_name_team
2026-06-19,2026-06-19T16:19:46.381495+00:00,2026-06-19,DraftKings official lineup CSV,https://www.draftkings.com/lineup/getavailableplayerscsv?contestTypeId=9&draftGroupId=149344,149344,9,Selected largest-prize regular Classic MLB draft group after excluding Turbo/Night/qualifier/satellite/showdown/snake/single-stat slates.,OF,Stuart Fairchild (43321024),Stuart Fairchild,43321024,OF,2100,CLE@HOU 06/19/2026 08:10PM ET,06/19/2026 08:10PM ET,CLE,HOU,away,3.6,,,needs_review_new_player,identity_name_team_map,No reviewed normalized-name/team identity alias; do not auto-guess.
2026-06-19,2026-06-19T16:19:46.381495+00:00,2026-06-19,DraftKings official lineup CSV,https://www.draftkings.com/lineup/getavailableplayerscsv?contestTypeId=9&draftGroupId=149344,149344,9,Selected largest-prize regular Classic MLB draft group after excluding Turbo/Night/qualifier/satellite/showdown/snake/single-stat slates.,1B/OF,CJ Kayfus (43321165),CJ Kayfus,43321165,1B/OF,2100,CLE@HOU 06/19/2026 08:10PM ET,06/19/2026 08:10PM ET,CLE,HOU,away,4.33,,,needs_review_new_player,identity_name_team_map,No reviewed normalized-name/team identity alias; do not auto-guess.
2026-06-19,2026-06-19T16:19:46.381495+00:00,2026-06-19,DraftKings official lineup CSV,https://www.draftkings.com/lineup/getavailableplayerscsv?contestTypeId=9&draftGroupId=149344,149344,9,Selected largest-prize regular Classic MLB draft group after excluding Turbo/Night/qualifier/satellite/showdown/snake/single-stat slates.,2B,Juan Brito (43321167),Juan Brito,43321167,2B,2100,CLE@HOU 06/19/2026 08:10PM ET,06/19/2026 08:10PM ET,CLE,HOU,away,4.33,,,needs_review_new_player,identity_name_team_map,No reviewed normalized-name/team identity alias; do not auto-guess.
2026-06-19,2026-06-19T16:19:46.381495+00:00,2026-06-19,DraftKings official lineup CSV,https://www.draftkings.com/lineup/getavailableplayerscsv?contestTypeId=9&draftGroupId=149344,149344,9,Selected largest-prize regular Classic MLB draft group after excluding Turbo/Night/qualifier/satellite/showdown/snake/single-stat slates.,C,Collin Price (43321171),Collin Price,43321171,C,2100,CLE@HOU 06/19/2026 08:10PM ET,06/19/2026 08:10PM ET,HOU,CLE,home,1.71,805672,Collin Price,mapped,identity_name_team_map,Stable identity seed from old DK-ID map. Pilot join status: matched via normalized_name_team
2026-06-19,2026-06-19T16:19:46.381495+00:00,2026-06-19,DraftKings official lineup CSV,https://www.draftkings.com/lineup/getavailableplayerscsv?contestTypeId=9&draftGroupId=149344,149344,9,Selected largest-prize regular Classic MLB draft group after excluding Turbo/Night/qualifier/satellite/showdown/snake/single-stat slates.,C,Carlos Narvaez (43321030),Carlos Narvaez,43321030,C,2100,BOS@SEA 06/19/2026 10:10PM ET,06/19/2026 10:10PM ET,BOS,SEA,away,4,,,needs_review_new_player,identity_name_team_map,No reviewed normalized-name/team identity alias; do not auto-guess.
2026-06-19,2026-06-19T16:19:46.381495+00:00,2026-06-19,DraftKings official lineup CSV,https://www.draftkings.com/lineup/getavailableplayerscsv?contestTypeId=9&draftGroupId=149344,149344,9,Selected largest-prize regular Classic MLB draft group after excluding Turbo/Night/qualifier/satellite/showdown/snake/single-stat slates.,OF,Rob Refsnyder (43321035),Rob Refsnyder,43321035,OF,2100,BOS@SEA 06/19/2026 10:10PM ET,06/19/2026 10:10PM ET,SEA,BOS,home,2.54,,,needs_review_new_player,identity_name_team_map,No reviewed normalized-name/team identity alias; do not auto-guess.
2026-06-19,2026-06-19T16:19:46.381495+00:00,2026-06-19,DraftKings official lineup CSV,https://www.draftkings.com/lineup/getavailableplayerscsv?contestTypeId=9&draftGroupId=149344,149344,9,Selected largest-prize regular Classic MLB draft group after excluding Turbo/Night/qualifier/satellite/showdown/snake/single-stat slates.,2B,Ryan Bliss (43321170),Ryan Bliss,43321170,2B,2100,BOS@SEA 06/19/2026 10:10PM ET,06/19/2026 10:10PM ET,SEA,BOS,home,2.33,,,needs_review_new_player,identity_name_team_map,No reviewed normalized-name/team identity alias; do not auto-guess.
2026-06-19,2026-06-19T16:19:46.381495+00:00,2026-06-19,DraftKings official lineup CSV,https://www.draftkings.com/lineup/getavailableplayerscsv?contestTypeId=9&draftGroupId=149344,149344,9,Selected largest-prize regular Classic MLB draft group after excluding Turbo/Night/qualifier/satellite/showdown/snake/single-stat slates.,OF,Kameron Misner (43321026),Kameron Misner,43321026,OF,2100,STL@KC 06/19/2026 08:15PM ET,06/19/2026 08:15PM ET,KC,STL,home,4.43,670224,Kameron Misner,mapped,identity_name_team_map,Stable identity seed from old DK-ID map. Pilot join status: matched_people_search_name via mlb_people_search_normalized_name
2026-06-19,2026-06-19T16:19:46.381495+00:00,2026-06-19,DraftKings official lineup CSV,https://www.draftkings.com/lineup/getavailableplayerscsv?contestTypeId=9&draftGroupId=149344,149344,9,Selected largest-prize regular Classic MLB draft group after excluding Turbo/Night/qualifier/satellite/showdown/snake/single-stat slates.,C,Jose Trevino (43321028),Jose Trevino,43321028,C,2100,CIN@NYY 06/19/2026 07:05PM ET,06/19/2026 07:05PM ET,CIN,NYY,away,2,624431,Jose Trevino,mapped,identity_name_team_map,Stable identity seed from old DK-ID map. Pilot join status: matched via normalized_name_team
2026-06-19,2026-06-19T16:19:46.381495+00:00,2026-06-19,DraftKings official lineup CSV,https://www.draftkings.com/lineup/getavailableplayerscsv?contestTypeId=9&draftGroupId=149344,149344,9,Selected largest-prize regular Classic MLB draft group after excluding Turbo/Night/qualifier/satellite/showdown/snake/single-stat slates.,OF,Spencer Jones (43321029),Spencer Jones,43321029,OF,2100,CIN@NYY 06/19/2026 07:05PM ET,06/19/2026 07:05PM ET,NYY,CIN,home,5,,,needs_review_new_player,identity_name_team_map,No reviewed normalized-name/team identity alias; do not auto-guess.
2026-06-19,2026-06-19T16:19:46.381495+00:00,2026-06-19,DraftKings official lineup CSV,https://www.draftkings.com/lineup/getavailableplayerscsv?contestTypeId=9&draftGroupId=149344,149344,9,Selected largest-prize regular Classic MLB draft group after excluding Turbo/Night/qualifier/satellite/showdown/snake/single-stat slates.,C,Logan Porter (43321037),Logan Porter,43321037,C,2000,LAA@ATH 06/19/2026 09:40PM ET,06/19/2026 09:40PM ET,LAA,ATH,away,4.33,,,needs_review_new_player,identity_name_team_map,No reviewed normalized-name/team identity alias; do not auto-guess.
2026-06-19,2026-06-19T16:19:46.381495+00:00,2026-06-19,DraftKings official lineup CSV,https://www.draftkings.com/lineup/getavailableplayerscsv?contestTypeId=9&draftGroupId=149344,149344,9,Selected largest-prize regular Classic MLB draft group after excluding Turbo/Night/qualifier/satellite/showdown/snake/single-stat slates.,OF,Josh Lowe (43321172),Josh Lowe,43321172,OF,2000,LAA@ATH 06/19/2026 09:40PM ET,06/19/2026 09:40PM ET,LAA,ATH,away,3.8,666139,Josh Lowe,mapped,identity_name_team_map,Stable identity seed from old DK-ID map. Pilot join status: matched via normalized_name_team
2026-06-19,2026-06-19T16:19:46.381495+00:00,2026-06-19,DraftKings official lineup CSV,https://www.draftkings.com/lineup/getavailableplayerscsv?contestTypeId=9&draftGroupId=149344,149344,9,Selected largest-prize regular Classic MLB draft group after excluding Turbo/Night/qualifier/satellite/showdown/snake/single-stat slates.,2B/OF,Chris Taylor (43321175),Chris Taylor,43321175,2B/OF,2000,LAA@ATH 06/19/2026 09:40PM ET,06/19/2026 09:40PM ET,LAA,ATH,away,0,621035,Chris Taylor,mapped,identity_name_team_map,Stable identity seed from old DK-ID map. Pilot join status: matched_people_search_name via mlb_people_search_normalized_name
2026-06-19,2026-06-19T16:19:46.381495+00:00,2026-06-19,DraftKings official lineup CSV,https://www.draftkings.com/lineup/getavailableplayerscsv?contestTypeId=9&draftGroupId=149344,149344,9,Selected largest-prize regular Classic MLB draft group after excluding Turbo/Night/qualifier/satellite/showdown/snake/single-stat slates.,2B,Adam Frazier (43321177),Adam Frazier,43321177,2B,2000,LAA@ATH 06/19/2026 09:40PM ET,06/19/2026 09:40PM ET,LAA,ATH,away,3.22,624428,Adam Frazier,mapped,identity_name_team_map,Stable identity seed from old DK-ID map. Pilot join status: matched via normalized_name_team
2026-06-19,2026-06-19T16:19:46.381495+00:00,2026-06-19,DraftKings official lineup CSV,https://www.draftkings.com/lineup/getavailableplayerscsv?contestTypeId=9&draftGroupId=149344,149344,9,Selected largest-prize regular Classic MLB draft group after excluding Turbo/Night/qualifier/satellite/showdown/snake/single-stat slates.,OF,Gustavo Campero (43321178),Gustavo Campero,43321178,OF,2000,LAA@ATH 06/19/2026 09:40PM ET,06/19/2026 09:40PM ET,LAA,ATH,away,0,672569,Gustavo Campero,mapped,identity_name_team_map,Stable identity seed from old DK-ID map. Pilot join status: matched_people_search_name via mlb_people_search_normalized_name
2026-06-19,2026-06-19T16:19:46.381495+00:00,2026-06-19,DraftKings official lineup CSV,https://www.draftkings.com/lineup/getavailableplayerscsv?contestTypeId=9&draftGroupId=149344,149344,9,Selected largest-prize regular Classic MLB draft group after excluding Turbo/Night/qualifier/satellite/showdown/snake/single-stat slates.,C,Sebastian Rivero (43321179),Sebastian Rivero,43321179,C,2000,LAA@ATH 06/19/2026 09:40PM ET,06/19/2026 09:40PM ET,LAA,ATH,away,3.12,665861,Sebastián Rivero,mapped,identity_name_team_map,Stable identity seed from old DK-ID map. Pilot join status: matched via normalized_name_team
2026-06-19,2026-06-19T16:19:46.381495+00:00,2026-06-19,DraftKings official lineup CSV,https://www.draftkings.com/lineup/getavailableplayerscsv?contestTypeId=9&draftGroupId=149344,149344,9,Selected largest-prize regular Classic MLB draft group after excluding Turbo/Night/qualifier/satellite/showdown/snake/single-stat slates.,C,Travis d'Arnaud (43321180),Travis d'Arnaud,43321180,C,2000,LAA@ATH 06/19/2026 09:40PM ET,06/19/2026 09:40PM ET,LAA,ATH,away,4,518595,Travis d'Arnaud,mapped,identity_name_team_map,Stable identity seed from old DK-ID map. Pilot join status: matched via normalized_name_team
2026-06-19,2026-06-19T16:19:46.381495+00:00,2026-06-19,DraftKings official lineup CSV,https://www.draftkings.com/lineup/getavailableplayerscsv?contestTypeId=9&draftGroupId=149344,149344,9,Selected largest-prize regular Classic MLB draft group after excluding Turbo/Night/qualifier/satellite/showdown/snake/single-stat slates.,2B/3B,Anthony Rendon (43321207),Anthony Rendon,43321207,2B/3B,2000,LAA@ATH 06/19/2026 09:40PM ET,06/19/2026 09:40PM ET,LAA,ATH,away,0,543685,Anthony Rendon,mapped,identity_name_team_map,Stable identity seed from old DK-ID map. Pilot join status: matched_people_search_name via mlb_people_search_normalized_name
2026-06-19,2026-06-19T16:19:46.381495+00:00,2026-06-19,DraftKings official lineup CSV,https://www.draftkings.com/lineup/getavailableplayerscsv?contestTypeId=9&draftGroupId=149344,149344,9,Selected largest-prize regular Classic MLB draft group after excluding Turbo/Night/qualifier/satellite/showdown/snake/single-stat slates.,OF,Kyren Paris (43321221),Kyren Paris,43321221,OF,2000,LAA@ATH 06/19/2026 09:40PM ET,06/19/2026 09:40PM ET,LAA,ATH,away,0,677347,Kyren Paris,mapped,identity_name_team_map,Stable identity seed from old DK-ID map. Pilot join status: matched_people_search_name via mlb_people_search_normalized_name
2026-06-19,2026-06-19T16:19:46.381495+00:00,2026-06-19,DraftKings official lineup CSV,https://www.draftkings.com/lineup/getavailableplayerscsv?contestTypeId=9&draftGroupId=149344,149344,9,Selected largest-prize regular Classic MLB draft group after excluding Turbo/Night/qualifier/satellite/showdown/snake/single-stat slates.,SS,Darell Hernaiz (43321225),Darell Hernaiz,43321225,SS,2000,LAA@ATH 06/19/2026 09:40PM ET,06/19/2026 09:40PM ET,ATH,LAA,home,3.79,687231,Darell Hernaiz,mapped,identity_name_team_map,Stable identity seed from old DK-ID map. Pilot join status: matched via normalized_name_team
2026-06-19,2026-06-19T16:19:46.381495+00:00,2026-06-19,DraftKings official lineup CSV,https://www.draftkings.com/lineup/getavailableplayerscsv?contestTypeId=9&draftGroupId=149344,149344,9,Selected largest-prize regular Classic MLB draft group after excluding Turbo/Night/qualifier/satellite/showdown/snake/single-stat slates.,3B,Brett Harris (43321234),Brett Harris,43321234,3B,2000,LAA@ATH 06/19/2026 09:40PM ET,06/19/2026 09:40PM ET,ATH,LAA,home,0.8,695391,Brett Harris,mapped,identity_name_team_map,Stable identity seed from old DK-ID map. Pilot join status: matched via normalized_name_team
2026-06-19,2026-06-19T16:19:46.381495+00:00,2026-06-19,DraftKings official lineup CSV,https://www.draftkings.com/lineup/getavailableplayerscsv?contestTypeId=9&draftGroupId=149344,149344,9,Selected largest-prize regular Classic MLB draft group after excluding Turbo/Night/qualifier/satellite/showdown/snake/single-stat slates.,OF,Bryce Teodosio (43321237),Bryce Teodosio,43321237,OF,2000,LAA@ATH 06/19/2026 09:40PM ET,06/19/2026 09:40PM ET,LAA,ATH,away,2.18,669326,Bryce Teodosio,mapped,identity_name_team_map,Stable identity seed from old DK-ID map. Pilot join status: matched via normalized_name_team
2026-06-19,2026-06-19T16:19:46.381495+00:00,2026-06-19,DraftKings official lineup CSV,https://www.draftkings.com/lineup/getavailableplayerscsv?contestTypeId=9&draftGroupId=149344,149344,9,Selected largest-prize regular Classic MLB draft group after excluding Turbo/Night/qualifier/satellite/showdown/snake/single-stat slates.,OF,Denzel Clarke (43321242),Denzel Clarke,43321242,OF,2000,LAA@ATH 06/19/2026 09:40PM ET,06/19/2026 09:40PM ET,ATH,LAA,home,3.04,672016,Denzel Clarke,mapped,identity_name_team_map,Stable identity seed from old DK-ID map. Pilot join status: matched via normalized_name_team
2026-06-19,2026-06-19T16:19:46.381495+00:00,2026-06-19,DraftKings official lineup CSV,https://www.draftkings.com/lineup/getavailableplayerscsv?contestTypeId=9&draftGroupId=149344,149344,9,Selected largest-prize regular Classic MLB draft group after excluding Turbo/Night/qualifier/satellite/showdown/snake/single-stat slates.,C,Tyler Heineman (43321264),Tyler Heineman,43321264,C,2000,LAA@ATH 06/19/2026 09:40PM ET,06/19/2026 09:40PM ET,LAA,ATH,away,2.39,623168,Tyler Heineman,needs_review_team_change,identity_name_unique_mlbam,Name maps to one reviewed MLBAM identity but not this DK team; review as team-change/new alias before trusting automation.
2026-06-19,2026-06-19T16:19:46.381495+00:00,2026-06-19,DraftKings official lineup CSV,https://www.draftkings.com/lineup/getavailableplayerscsv?contestTypeId=9&draftGroupId=149344,149344,9,Selected largest-prize regular Classic MLB draft group after excluding Turbo/Night/qualifier/satellite/showdown/snake/single-stat slates.,1B,LuJames Groover (43321044),LuJames Groover,43321044,1B,2000,MIN@ARI 06/19/2026 09:45PM ET,06/19/2026 09:45PM ET,ARI,MIN,home,3,,,needs_review_new_player,identity_name_team_map,No reviewed normalized-name/team identity alias; do not auto-guess.
2026-06-19,2026-06-19T16:19:46.381495+00:00,2026-06-19,DraftKings official lineup CSV,https://www.draftkings.com/lineup/getavailableplayerscsv?contestTypeId=9&draftGroupId=149344,149344,9,Selected largest-prize regular Classic MLB draft group after excluding Turbo/Night/qualifier/satellite/showdown/snake/single-stat slates.,OF,Hendry Mendez (43321190),Hendry Mendez,43321190,OF,2000,MIN@ARI 06/19/2026 09:45PM ET,06/19/2026 09:45PM ET,MIN,ARI,away,0,,,needs_review_new_player,identity_name_team_map,No reviewed normalized-name/team identity alias; do not auto-guess.
2026-06-19,2026-06-19T16:19:46.381495+00:00,2026-06-19,DraftKings official lineup CSV,https://www.draftkings.com/lineup/getavailableplayerscsv?contestTypeId=9&draftGroupId=149344,149344,9,Selected largest-prize regular Classic MLB draft group after excluding Turbo/Night/qualifier/satellite/showdown/snake/single-stat slates.,OF,Emmanuel Rodriguez (43321204),Emmanuel Rodriguez,43321204,OF,2000,MIN@ARI 06/19/2026 09:45PM ET,06/19/2026 09:45PM ET,MIN,ARI,away,0,,,needs_review_new_player,identity_name_team_map,No reviewed normalized-name/team identity alias; do not auto-guess.
2026-06-19,2026-06-19T16:19:46.381495+00:00,2026-06-19,DraftKings official lineup CSV,https://www.draftkings.com/lineup/getavailableplayerscsv?contestTypeId=9&draftGroupId=149344,149344,9,Selected largest-prize regular Classic MLB draft group after excluding Turbo/Night/qualifier/satellite/showdown/snake/single-stat slates.,OF,Alan Roden (43321223),Alan Roden,43321223,OF,2000,MIN@ARI 06/19/2026 09:45PM ET,06/19/2026 09:45PM ET,MIN,ARI,away,0,702176,Alan Roden,mapped,identity_name_team_map,Proposed from review candidates; basis=exact normalized name + team; role-compatible; statcast_batter_des_2026; confidence=high; sources=statcast_batter_des_2026
2026-06-19,2026-06-19T16:19:46.381495+00:00,2026-06-19,DraftKings official lineup CSV,https://www.draftkings.com/lineup/getavailableplayerscsv?contestTypeId=9&draftGroupId=149344,149344,9,Selected largest-prize regular Classic MLB draft group after excluding Turbo/Night/qualifier/satellite/showdown/snake/single-stat slates.,C,James McCann (43321227),James McCann,43321227,C,2000,MIN@ARI 06/19/2026 09:45PM ET,06/19/2026 09:45PM ET,ARI,MIN,home,2.82,,,needs_review_new_player,identity_name_team_map,No reviewed normalized-name/team identity alias; do not auto-guess.
2026-06-19,2026-06-19T16:19:46.381495+00:00,2026-06-19,DraftKings official lineup CSV,https://www.draftkings.com/lineup/getavailableplayerscsv?contestTypeId=9&draftGroupId=149344,149344,9,Selected largest-prize regular Classic MLB draft group after excluding Turbo/Night/qualifier/satellite/showdown/snake/single-stat slates.,1B,Tyler Locklear (43321228),Tyler Locklear,43321228,1B,2000,MIN@ARI 06/19/2026 09:45PM ET,06/19/2026 09:45PM ET,ARI,MIN,home,0,,,needs_review_new_player,identity_name_team_map,No reviewed normalized-name/team identity alias; do not auto-guess.
2026-06-19,2026-06-19T16:19:46.381495+00:00,2026-06-19,DraftKings official lineup CSV,https://www.draftkings.com/lineup/getavailableplayerscsv?contestTypeId=9&draftGroupId=149344,149344,9,Selected largest-prize regular Classic MLB draft group after excluding Turbo/Night/qualifier/satellite/showdown/snake/single-stat slates.,SS,Joey Ortiz (43321041),Joey Ortiz,43321041,SS,2000,MIL@ATL 06/19/2026 07:15PM ET,06/19/2026 07:15PM ET,MIL,ATL,away,3.81,687401,Joey Ortiz,mapped,identity_name_team_map,Stable identity seed from old DK-ID map. Pilot join status: matched via normalized_name_team
2026-06-19,2026-06-19T16:19:46.381495+00:00,2026-06-19,DraftKings official lineup CSV,https://www.draftkings.com/lineup/getavailableplayerscsv?contestTypeId=9&draftGroupId=149344,149344,9,Selected largest-prize regular Classic MLB draft group after excluding Turbo/Night/qualifier/satellite/showdown/snake/single-stat slates.,C,Sandy Leon (43321049),Sandy Leon,43321049,C,2000,MIL@ATL 06/19/2026 07:15PM ET,06/19/2026 07:15PM ET,ATL,MIL,home,0.57,506702,Sandy León,mapped,identity_name_team_map,Stable identity seed from old DK-ID map. Pilot join status: matched via normalized_name_team
2026-06-19,2026-06-19T16:19:46.381495+00:00,2026-06-19,DraftKings official lineup CSV,https://www.draftkings.com/lineup/getavailableplayerscsv?contestTypeId=9&draftGroupId=149344,149344,9,Selected largest-prize regular Classic MLB draft group after excluding Turbo/Night/qualifier/satellite/showdown/snake/single-stat slates.,OF,Brewer Hicklen (43321196),Brewer Hicklen,43321196,OF,2000,MIL@ATL 06/19/2026 07:15PM ET,06/19/2026 07:15PM ET,ATL,MIL,home,0,,,needs_review_new_player,identity_name_team_map,No reviewed normalized-name/team identity alias; do not auto-guess.
2026-06-19,2026-06-19T16:19:46.381495+00:00,2026-06-19,DraftKings official lineup CSV,https://www.draftkings.com/lineup/getavailableplayerscsv?contestTypeId=9&draftGroupId=149344,149344,9,Selected largest-prize regular Classic MLB draft group after excluding Turbo/Night/qualifier/satellite/showdown/snake/single-stat slates.,OF,Luis Lara (43321202),Luis Lara,43321202,OF,2000,MIL@ATL 06/19/2026 07:15PM ET,06/19/2026 07:15PM ET,MIL,ATL,away,0,,,needs_review_new_player,identity_name_team_map,No reviewed normalized-name/team identity alias; do not auto-guess.
2026-06-19,2026-06-19T16:19:46.381495+00:00,2026-06-19,DraftKings official lineup CSV,https://www.draftkings.com/lineup/getavailableplayerscsv?contestTypeId=9&draftGroupId=149344,149344,9,Selected largest-prize regular Classic MLB draft group after excluding Turbo/Night/qualifier/satellite/showdown/snake/single-stat slates.,C,Jair Camargo (43321205),Jair Camargo,43321205,C,2000,MIL@ATL 06/19/2026 07:15PM ET,06/19/2026 07:15PM ET,ATL,MIL,home,7,,,needs_review_new_player,identity_name_team_map,No reviewed normalized-name/team identity alias; do not auto-guess.
2026-06-19,2026-06-19T16:19:46.381495+00:00,2026-06-19,DraftKings official lineup CSV,https://www.draftkings.com/lineup/getavailableplayerscsv?contestTypeId=9&draftGroupId=149344,149344,9,Selected largest-prize regular Classic MLB draft group after excluding Turbo/Night/qualifier/satellite/showdown/snake/single-stat slates.,OF,Jurickson Profar (43321209),Jurickson Profar,43321209,OF,2000,MIL@ATL 06/19/2026 07:15PM ET,06/19/2026 07:15PM ET,ATL,MIL,home,0,595777,Jurickson Profar,mapped,identity_name_team_map,Stable identity seed from old DK-ID map. Pilot join status: matched_people_search_name via mlb_people_search_normalized_name
2026-06-19,2026-06-19T16:19:46.381495+00:00,2026-06-19,DraftKings official lineup CSV,https://www.draftkings.com/lineup/getavailableplayerscsv?contestTypeId=9&draftGroupId=149344,149344,9,Selected largest-prize regular Classic MLB draft group after excluding Turbo/Night/qualifier/satellite/showdown/snake/single-stat slates.,OF,Akil Baddoo (43321214),Akil Baddoo,43321214,OF,2000,MIL@ATL 06/19/2026 07:15PM ET,06/19/2026 07:15PM ET,MIL,ATL,away,0,668731,Akil Baddoo,mapped,identity_name_team_map,Stable identity seed from old DK-ID map. Pilot join status: matched_people_search_name via mlb_people_search_normalized_name
2026-06-19,2026-06-19T16:19:46.381495+00:00,2026-06-19,DraftKings official lineup CSV,https://www.draftkings.com/lineup/getavailableplayerscsv?contestTypeId=9&draftGroupId=149344,149344,9,Selected largest-prize regular Classic MLB draft group after excluding Turbo/Night/qualifier/satellite/showdown/snake/single-stat slates.,OF,Tyler Black (43321218),Tyler Black,43321218,OF,2000,MIL@ATL 06/19/2026 07:15PM ET,06/19/2026 07:15PM ET,MIL,ATL,away,6.11,672012,Tyler Black,mapped,identity_name_team_map,Stable identity seed from old DK-ID map. Pilot join status: matched via normalized_name_team
2026-06-19,2026-06-19T16:19:46.381495+00:00,2026-06-19,DraftKings official lineup CSV,https://www.draftkings.com/lineup/getavailableplayerscsv?contestTypeId=9&draftGroupId=149344,149344,9,Selected largest-prize regular Classic MLB draft group after excluding Turbo/Night/qualifier/satellite/showdown/snake/single-stat slates.,OF,DaShawn Keirsey Jr. (43321243),DaShawn Keirsey Jr.,43321243,OF,2000,MIL@ATL 06/19/2026 07:15PM ET,06/19/2026 07:15PM ET,ATL,MIL,home,0,680577,DaShawn Keirsey Jr.,mapped,identity_name_team_map,Stable identity seed from old DK-ID map. Pilot join status: matched_people_search_name via mlb_people_search_normalized_name
2026-06-19,2026-06-19T16:19:46.381495+00:00,2026-06-19,DraftKings official lineup CSV,https://www.draftkings.com/lineup/getavailableplayerscsv?contestTypeId=9&draftGroupId=149344,149344,9,Selected largest-prize regular Classic MLB draft group after excluding Turbo/Night/qualifier/satellite/showdown/snake/single-stat slates.,1B/3B,Kyle Farmer (43321246),Kyle Farmer,43321246,1B/3B,2000,MIL@ATL 06/19/2026 07:15PM ET,06/19/2026 07:15PM ET,ATL,MIL,home,2.4,571657,Kyle Farmer,mapped,identity_name_team_map,Stable identity seed from old DK-ID map. Pilot join status: matched via normalized_name_team
2026-06-19,2026-06-19T16:19:46.381495+00:00,2026-06-19,DraftKings official lineup CSV,https://www.draftkings.com/lineup/getavailableplayerscsv?contestTypeId=9&draftGroupId=149344,149344,9,Selected largest-prize regular Classic MLB draft group after excluding Turbo/Night/qualifier/satellite/showdown/snake/single-stat slates.,C,Jeferson Quero (43321253),Jeferson Quero,43321253,C,2000,MIL@ATL 06/19/2026 07:15PM ET,06/19/2026 07:15PM ET,MIL,ATL,away,2,691620,Jeferson Quero,mapped,identity_name_team_map,Stable identity seed from old DK-ID map. Pilot join status: matched via normalized_name_team
2026-06-19,2026-06-19T16:19:46.381495+00:00,2026-06-19,DraftKings official lineup CSV,https://www.draftkings.com/lineup/getavailableplayerscsv?contestTypeId=9&draftGroupId=149344,149344,9,Selected largest-prize regular Classic MLB draft group after excluding Turbo/Night/qualifier/satellite/showdown/snake/single-stat slates.,C,Blake Hunt (43321039),Blake Hunt,43321039,C,2000,SD@TEX 06/19/2026 08:05PM ET,06/19/2026 08:05PM ET,SD,TEX,away,0,,,needs_review_new_player,identity_name_team_map,No reviewed normalized-name/team identity alias; do not auto-guess.
2026-06-19,2026-06-19T16:19:46.381495+00:00,2026-06-19,DraftKings official lineup CSV,https://www.draftkings.com/lineup/getavailableplayerscsv?contestTypeId=9&draftGroupId=149344,149344,9,Selected largest-prize regular Classic MLB draft group after excluding Turbo/Night/qualifier/satellite/showdown/snake/single-stat slates.,2B,Cody Freeman (43321047),Cody Freeman,43321047,2B,2000,SD@TEX 06/19/2026 08:05PM ET,06/19/2026 08:05PM ET,TEX,SD,home,2.67,683227,Cody Freeman,mapped,identity_name_team_map,Stable identity seed from old DK-ID map. Pilot join status: matched via normalized_name_team
2026-06-19,2026-06-19T16:19:46.381495+00:00,2026-06-19,DraftKings official lineup CSV,https://www.draftkings.com/lineup/getavailableplayerscsv?contestTypeId=9&draftGroupId=149344,149344,9,Selected largest-prize regular Classic MLB draft group after excluding Turbo/Night/qualifier/satellite/showdown/snake/single-stat slates.,OF,Nick Castellanos (43321174),Nick Castellanos,43321174,OF,2000,SD@TEX 06/19/2026 08:05PM ET,06/19/2026 08:05PM ET,SD,TEX,away,4.67,592206,Nick Castellanos,mapped,identity_name_team_map,Stable identity seed from old DK-ID map. Pilot join status: matched via normalized_name_team
2026-06-19,2026-06-19T16:19:46.381495+00:00,2026-06-19,DraftKings official lineup CSV,https://www.draftkings.com/lineup/getavailableplayerscsv?contestTypeId=9&draftGroupId=149344,149344,9,Selected largest-prize regular Classic MLB draft group after excluding Turbo/Night/qualifier/satellite/showdown/snake/single-stat slates.,2B,Jake Cronenworth (43321229),Jake Cronenworth,43321229,2B,2000,SD@TEX 06/19/2026 08:05PM ET,06/19/2026 08:05PM ET,SD,TEX,away,3.94,630105,Jake Cronenworth,mapped,identity_name_team_map,Stable identity seed from old DK-ID map. Pilot join status: matched via normalized_name_team
2026-06-19,2026-06-19T16:19:46.381495+00:00,2026-06-19,DraftKings official lineup CSV,https://www.draftkings.com/lineup/getavailableplayerscsv?contestTypeId=9&draftGroupId=149344,149344,9,Selected largest-prize regular Classic MLB draft group after excluding Turbo/Night/qualifier/satellite/showdown/snake/single-stat slates.,2B/SS,Mason McCoy (43321240),Mason McCoy,43321240,2B/SS,2000,SD@TEX 06/19/2026 08:05PM ET,06/19/2026 08:05PM ET,SD,TEX,away,0,669200,Mason McCoy,mapped,identity_name_team_map,Stable identity seed from old DK-ID map. Pilot join status: matched_people_search_name via mlb_people_search_normalized_name
2026-06-19,2026-06-19T16:19:46.381495+00:00,2026-06-19,DraftKings official lineup CSV,https://www.draftkings.com/lineup/getavailableplayerscsv?contestTypeId=9&draftGroupId=149344,149344,9,Selected largest-prize regular Classic MLB draft group after excluding Turbo/Night/qualifier/satellite/showdown/snake/single-stat slates.,C,Freddy Fermin (43321252),Freddy Fermin,43321252,C,2000,SD@TEX 06/19/2026 08:05PM ET,06/19/2026 08:05PM ET,SD,TEX,away,3.28,666023,Freddy Fermin,mapped,identity_name_team_map,Stable identity seed from old DK-ID map. Pilot join status: matched via normalized_name_team
2026-06-19,2026-06-19T16:19:46.381495+00:00,2026-06-19,DraftKings official lineup CSV,https://www.draftkings.com/lineup/getavailableplayerscsv?contestTypeId=9&draftGroupId=149344,149344,9,Selected largest-prize regular Classic MLB draft group after excluding Turbo/Night/qualifier/satellite/showdown/snake/single-stat slates.,2B/3B,Jorbit Vivas (43321042),Jorbit Vivas,43321042,2B/3B,2000,WSH@TB 06/19/2026 07:10PM ET,06/19/2026 07:10PM ET,WSH,TB,away,3.80,678391,Jorbit Vivas,mapped,identity_name_team_map,Stable identity seed from old DK-ID map. Pilot join status: matched via normalized_name_team
2026-06-19,2026-06-19T16:19:46.381495+00:00,2026-06-19,DraftKings official lineup CSV,https://www.draftkings.com/lineup/getavailableplayerscsv?contestTypeId=9&draftGroupId=149344,149344,9,Selected largest-prize regular Classic MLB draft group after excluding Turbo/Night/qualifier/satellite/showdown/snake/single-stat slates.,C,Dom Keegan (43321184),Dom Keegan,43321184,C,2000,WSH@TB 06/19/2026 07:10PM ET,06/19/2026 07:10PM ET,TB,WSH,home,0,,,needs_review_new_player,identity_name_team_map,No reviewed normalized-name/team identity alias; do not auto-guess.
2026-06-19,2026-06-19T16:19:46.381495+00:00,2026-06-19,DraftKings official lineup CSV,https://www.draftkings.com/lineup/getavailableplayerscsv?contestTypeId=9&draftGroupId=149344,149344,9,Selected largest-prize regular Classic MLB draft group after excluding Turbo/Night/qualifier/satellite/showdown/snake/single-stat slates.,2B/SS,Jadher Areinamo (43321186),Jadher Areinamo,43321186,2B/SS,2000,WSH@TB 06/19/2026 07:10PM ET,06/19/2026 07:10PM ET,TB,WSH,home,0,,,needs_review_new_player,identity_name_team_map,No reviewed normalized-name/team identity alias; do not auto-guess.
2026-06-19,2026-06-19T16:19:46.381495+00:00,2026-06-19,DraftKings official lineup CSV,https://www.draftkings.com/lineup/getavailableplayerscsv?contestTypeId=9&draftGroupId=149344,149344,9,Selected largest-prize regular Classic MLB draft group after excluding Turbo/Night/qualifier/satellite/showdown/snake/single-stat slates.,OF,Christian Franklin (43321189),Christian Franklin,43321189,OF,2000,WSH@TB 06/19/2026 07:10PM ET,06/19/2026 07:10PM ET,WSH,TB,away,0,681047,Christian Franklin,mapped,identity_name_team_map,Stable identity seed from old DK-ID map. Pilot join status: matched_people_search_name via mlb_people_search_normalized_name
2026-06-19,2026-06-19T16:19:46.381495+00:00,2026-06-19,DraftKings official lineup CSV,https://www.draftkings.com/lineup/getavailableplayerscsv?contestTypeId=9&draftGroupId=149344,149344,9,Selected largest-prize regular Classic MLB draft group after excluding Turbo/Night/qualifier/satellite/showdown/snake/single-stat slates.,1B/OF,Abimelec Ortiz (43321193),Abimelec Ortiz,43321193,1B/OF,2000,WSH@TB 06/19/2026 07:10PM ET,06/19/2026 07:10PM ET,WSH,TB,away,0,694673,Abimelec Ortiz,mapped,identity_name_team_map,Stable identity seed from old DK-ID map. Pilot join status: matched_people_search_name via mlb_people_search_normalized_name
2026-06-19,2026-06-19T16:19:46.381495+00:00,2026-06-19,DraftKings official lineup CSV,https://www.draftkings.com/lineup/getavailableplayerscsv?contestTypeId=9&draftGroupId=149344,149344,9,Selected largest-prize regular Classic MLB draft group after excluding Turbo/Night/qualifier/satellite/showdown/snake/single-stat slates.,OF,Robert Hassell III (43321219),Robert Hassell III,43321219,OF,2000,WSH@TB 06/19/2026 07:10PM ET,06/19/2026 07:10PM ET,WSH,TB,away,0,690987,Robert Hassell III,mapped,identity_name_team_map,Stable identity seed from old DK-ID map. Pilot join status: matched_people_search_name via mlb_people_search_normalized_name
2026-06-19,2026-06-19T16:19:46.381495+00:00,2026-06-19,DraftKings official lineup CSV,https://www.draftkings.com/lineup/getavailableplayerscsv?contestTypeId=9&draftGroupId=149344,149344,9,Selected largest-prize regular Classic MLB draft group after excluding Turbo/Night/qualifier/satellite/showdown/snake/single-stat slates.,2B/SS,Carson Williams (43321248),Carson Williams,43321248,2B/SS,2000,WSH@TB 06/19/2026 07:10PM ET,06/19/2026 07:10PM ET,TB,WSH,home,2.75,,,needs_review_new_player,identity_name_team_map,No reviewed normalized-name/team identity alias; do not auto-guess.
2026-06-19,2026-06-19T16:19:46.381495+00:00,2026-06-19,DraftKings official lineup CSV,https://www.draftkings.com/lineup/getavailableplayerscsv?contestTypeId=9&draftGroupId=149344,149344,9,Selected largest-prize regular Classic MLB draft group after excluding Turbo/Night/qualifier/satellite/showdown/snake/single-stat slates.,3B/SS,Oliver Dunn (43321255),Oliver Dunn,43321255,3B/SS,2000,WSH@TB 06/19/2026 07:10PM ET,06/19/2026 07:10PM ET,TB,WSH,home,1.67,,,needs_review_new_player,identity_name_team_map,No reviewed normalized-name/team identity alias; do not auto-guess.
2026-06-19,2026-06-19T16:19:46.381495+00:00,2026-06-19,DraftKings official lineup CSV,https://www.draftkings.com/lineup/getavailableplayerscsv?contestTypeId=9&draftGroupId=149344,149344,9,Selected largest-prize regular Classic MLB draft group after excluding Turbo/Night/qualifier/satellite/showdown/snake/single-stat slates.,C,Harry Ford (43321262),Harry Ford,43321262,C,2000,WSH@TB 06/19/2026 07:10PM ET,06/19/2026 07:10PM ET,WSH,TB,away,0,695670,Harry Ford,mapped,identity_name_team_map,Stable identity seed from old DK-ID map. Pilot join status: matched_people_search_name via mlb_people_search_normalized_name
2026-06-19,2026-06-19T16:19:46.381495+00:00,2026-06-19,DraftKings official lineup CSV,https://www.draftkings.com/lineup/getavailableplayerscsv?contestTypeId=9&draftGroupId=149344,149344,9,Selected largest-prize regular Classic MLB draft group after excluding Turbo/Night/qualifier/satellite/showdown/snake/single-stat slates.,1B,Christopher Morel (43321045),Christopher Morel,43321045,1B,2000,SF@MIA 06/19/2026 07:10PM ET,06/19/2026 07:10PM ET,MIA,SF,home,2.82,666624,Christopher Morel,mapped,identity_name_team_map,Proposed from review candidates; basis=exact normalized name + team; role-compatible; statcast_batter_des_2026; confidence=high; sources=statcast_batter_des_2026
2026-06-19,2026-06-19T16:19:46.381495+00:00,2026-06-19,DraftKings official lineup CSV,https://www.draftkings.com/lineup/getavailableplayerscsv?contestTypeId=9&draftGroupId=149344,149344,9,Selected largest-prize regular Classic MLB draft group after excluding Turbo/Night/qualifier/satellite/showdown/snake/single-stat slates.,3B,Buddy Kennedy (43321046),Buddy Kennedy,43321046,3B,2000,SF@MIA 06/19/2026 07:10PM ET,06/19/2026 07:10PM ET,SF,MIA,away,0.29,671083,Buddy Kennedy,mapped,identity_name_team_map,Stable identity seed from old DK-ID map. Pilot join status: matched via normalized_name_team
2026-06-19,2026-06-19T16:19:46.381495+00:00,2026-06-19,DraftKings official lineup CSV,https://www.draftkings.com/lineup/getavailableplayerscsv?contestTypeId=9&draftGroupId=149344,149344,9,Selected largest-prize regular Classic MLB draft group after excluding Turbo/Night/qualifier/satellite/showdown/snake/single-stat slates.,1B,Deyvison De Los Santos (43321173),Deyvison De Los Santos,43321173,1B,2000,SF@MIA 06/19/2026 07:10PM ET,06/19/2026 07:10PM ET,MIA,SF,home,2.67,691277,Deyvison De Los Santos,mapped,identity_name_team_map,Proposed from review candidates; basis=exact normalized name + team; role-compatible; statcast_batter_des_2026; confidence=high; sources=statcast_batter_des_2026
2026-06-19,2026-06-19T16:19:46.381495+00:00,2026-06-19,DraftKings official lineup CSV,https://www.draftkings.com/lineup/getavailableplayerscsv?contestTypeId=9&draftGroupId=149344,149344,9,Selected largest-prize regular Classic MLB draft group after excluding Turbo/Night/qualifier/satellite/showdown/snake/single-stat slates.,SS,Jared Serna (43321199),Jared Serna,43321199,SS,2000,SF@MIA 06/19/2026 07:10PM ET,06/19/2026 07:10PM ET,MIA,SF,home,0,,,needs_review_new_player,identity_name_team_map,No reviewed normalized-name/team identity alias; do not auto-guess.
2026-06-19,2026-06-19T16:19:46.381495+00:00,2026-06-19,DraftKings official lineup CSV,https://www.draftkings.com/lineup/getavailableplayerscsv?contestTypeId=9&draftGroupId=149344,149344,9,Selected largest-prize regular Classic MLB draft group after excluding Turbo/Night/qualifier/satellite/showdown/snake/single-stat slates.,C,Diego Cartaya (43321201),Diego Cartaya,43321201,C,2000,SF@MIA 06/19/2026 07:10PM ET,06/19/2026 07:10PM ET,SF,MIA,away,0,682616,Diego Cartaya,mapped,identity_name_team_map,Stable identity seed from old DK-ID map. Pilot join status: matched_people_search_name via mlb_people_search_normalized_name
2026-06-19,2026-06-19T16:19:46.381495+00:00,2026-06-19,DraftKings official lineup CSV,https://www.draftkings.com/lineup/getavailableplayerscsv?contestTypeId=9&draftGroupId=149344,149344,9,Selected largest-prize regular Classic MLB draft group after excluding Turbo/Night/qualifier/satellite/showdown/snake/single-stat slates.,OF,Rece Hinds (43321230),Rece Hinds,43321230,OF,2000,SF@MIA 06/19/2026 07:10PM ET,06/19/2026 07:10PM ET,MIA,SF,home,3,,,needs_review_new_player,identity_name_team_map,No reviewed normalized-name/team identity alias; do not auto-guess.
2026-06-19,2026-06-19T16:19:46.381495+00:00,2026-06-19,DraftKings official lineup CSV,https://www.draftkings.com/lineup/getavailableplayerscsv?contestTypeId=9&draftGroupId=149344,149344,9,Selected largest-prize regular Classic MLB draft group after excluding Turbo/Night/qualifier/satellite/showdown/snake/single-stat slates.,3B,Graham Pauley (43321233),Graham Pauley,43321233,3B,2000,SF@MIA 06/19/2026 07:10PM ET,06/19/2026 07:10PM ET,MIA,SF,home,3.33,688363,Graham Pauley,mapped,identity_name_team_map,Proposed from review candidates; basis=exact normalized name + team; role-compatible; statcast_batter_des_2026; confidence=high; sources=statcast_batter_des_2026
2026-06-19,2026-06-19T16:19:46.381495+00:00,2026-06-19,DraftKings official lineup CSV,https://www.draftkings.com/lineup/getavailableplayerscsv?contestTypeId=9&draftGroupId=149344,149344,9,Selected largest-prize regular Classic MLB draft group after excluding Turbo/Night/qualifier/satellite/showdown/snake/single-stat slates.,OF,Grant McCray (43321239),Grant McCray,43321239,OF,2000,SF@MIA 06/19/2026 07:10PM ET,06/19/2026 07:10PM ET,SF,MIA,away,0,687529,Grant McCray,mapped,identity_name_team_map,Stable identity seed from old DK-ID map. Pilot join status: matched_people_search_name via mlb_people_search_normalized_name
2026-06-19,2026-06-19T16:19:46.381495+00:00,2026-06-19,DraftKings official lineup CSV,https://www.draftkings.com/lineup/getavailableplayerscsv?contestTypeId=9&draftGroupId=149344,149344,9,Selected largest-prize regular Classic MLB draft group after excluding Turbo/Night/qualifier/satellite/showdown/snake/single-stat slates.,1B/OF,Jerar Encarnacion (43321244),Jerar Encarnacion,43321244,1B/OF,2000,SF@MIA 06/19/2026 07:10PM ET,06/19/2026 07:10PM ET,SF,MIA,away,1.41,666464,Jerar Encarnacion,mapped,identity_name_team_map,Stable identity seed from old DK-ID map. Pilot join status: matched via normalized_name_team
2026-06-19,2026-06-19T16:19:46.381495+00:00,2026-06-19,DraftKings official lineup CSV,https://www.draftkings.com/lineup/getavailableplayerscsv?contestTypeId=9&draftGroupId=149344,149344,9,Selected largest-prize regular Classic MLB draft group after excluding Turbo/Night/qualifier/satellite/showdown/snake/single-stat slates.,OF,Jared Oliva (43321254),Jared Oliva,43321254,OF,2000,SF@MIA 06/19/2026 07:10PM ET,06/19/2026 07:10PM ET,SF,MIA,away,1.43,666931,Jared Oliva,mapped,identity_name_team_map,Stable identity seed from old DK-ID map. Pilot join status: matched via normalized_name_team
2026-06-19,2026-06-19T16:19:46.381495+00:00,2026-06-19,DraftKings official lineup CSV,https://www.draftkings.com/lineup/getavailableplayerscsv?contestTypeId=9&draftGroupId=149344,149344,9,Selected largest-prize regular Classic MLB draft group after excluding Turbo/Night/qualifier/satellite/showdown/snake/single-stat slates.,2B/SS,Christian Koss (43321265),Christian Koss,43321265,2B/SS,2000,SF@MIA 06/19/2026 07:10PM ET,06/19/2026 07:10PM ET,SF,MIA,away,0.9,683766,Christian Koss,mapped,identity_name_team_map,Stable identity seed from old DK-ID map. Pilot join status: matched via normalized_name_team
2026-06-19,2026-06-19T16:19:46.381495+00:00,2026-06-19,DraftKings official lineup CSV,https://www.draftkings.com/lineup/getavailableplayerscsv?contestTypeId=9&draftGroupId=149344,149344,9,Selected largest-prize regular Classic MLB draft group after excluding Turbo/Night/qualifier/satellite/showdown/snake/single-stat slates.,SS,Jack Brannigan (43321200),Jack Brannigan,43321200,SS,2000,PIT@COL 06/19/2026 08:40PM ET,06/19/2026 08:40PM ET,PIT,COL,away,0,,,needs_review_new_player,identity_name_team_map,No reviewed normalized-name/team identity alias; do not auto-guess.
2026-06-19,2026-06-19T16:19:46.381495+00:00,2026-06-19,DraftKings official lineup CSV,https://www.draftkings.com/lineup/getavailableplayerscsv?contestTypeId=9&draftGroupId=149344,149344,9,Selected largest-prize regular Classic MLB draft group after excluding Turbo/Night/qualifier/satellite/showdown/snake/single-stat slates.,3B/OF,Kris Bryant (43321212),Kris Bryant,43321212,3B/OF,2000,PIT@COL 06/19/2026 08:40PM ET,06/19/2026 08:40PM ET,COL,PIT,home,0,592178,Kris Bryant,mapped,identity_name_team_map,Stable identity seed from old DK-ID map. Pilot join status: matched_people_search_name via mlb_people_search_normalized_name
2026-06-19,2026-06-19T16:19:46.381495+00:00,2026-06-19,DraftKings official lineup CSV,https://www.draftkings.com/lineup/getavailableplayerscsv?contestTypeId=9&draftGroupId=149344,149344,9,Selected largest-prize regular Classic MLB draft group after excluding Turbo/Night/qualifier/satellite/showdown/snake/single-stat slates.,OF,Jhostynxon Garcia (43321222),Jhostynxon Garcia,43321222,OF,2000,PIT@COL 06/19/2026 08:40PM ET,06/19/2026 08:40PM ET,PIT,COL,away,2.69,,,needs_review_new_player,identity_name_team_map,No reviewed normalized-name/team identity alias; do not auto-guess.
2026-06-19,2026-06-19T16:19:46.381495+00:00,2026-06-19,DraftKings official lineup CSV,https://www.draftkings.com/lineup/getavailableplayerscsv?contestTypeId=9&draftGroupId=149344,149344,9,Selected largest-prize regular Classic MLB draft group after excluding Turbo/Night/qualifier/satellite/showdown/snake/single-stat slates.,OF,Zac Veen (43321224),Zac Veen,43321224,OF,2000,PIT@COL 06/19/2026 08:40PM ET,06/19/2026 08:40PM ET,COL,PIT,home,0,691728,Zac Veen,mapped,identity_name_team_map,Stable identity seed from old DK-ID map. Pilot join status: matched_people_search_name via mlb_people_search_normalized_name
2026-06-19,2026-06-19T16:19:46.381495+00:00,2026-06-19,DraftKings official lineup CSV,https://www.draftkings.com/lineup/getavailableplayerscsv?contestTypeId=9&draftGroupId=149344,149344,9,Selected largest-prize regular Classic MLB draft group after excluding Turbo/Night/qualifier/satellite/showdown/snake/single-stat slates.,2B,Adael Amador (43321232),Adael Amador,43321232,2B,2000,PIT@COL 06/19/2026 08:40PM ET,06/19/2026 08:40PM ET,COL,PIT,home,0,691182,Adael Amador,mapped,identity_name_team_map,Stable identity seed from old DK-ID map. Pilot join status: matched_people_search_name via mlb_people_search_normalized_name
2026-06-19,2026-06-19T16:19:46.381495+00:00,2026-06-19,DraftKings official lineup CSV,https://www.draftkings.com/lineup/getavailableplayerscsv?contestTypeId=9&draftGroupId=149344,149344,9,Selected largest-prize regular Classic MLB draft group after excluding Turbo/Night/qualifier/satellite/showdown/snake/single-stat slates.,1B/3B,Nick Yorke (43321235),Nick Yorke,43321235,1B/3B,2000,PIT@COL 06/19/2026 08:40PM ET,06/19/2026 08:40PM ET,PIT,COL,away,3.70,,,needs_review_new_player,identity_name_team_map,No reviewed normalized-name/team identity alias; do not auto-guess.
2026-06-19,2026-06-19T16:19:46.381495+00:00,2026-06-19,DraftKings official lineup CSV,https://www.draftkings.com/lineup/getavailableplayerscsv?contestTypeId=9&draftGroupId=149344,149344,9,Selected largest-prize regular Classic MLB draft group after excluding Turbo/Night/qualifier/satellite/showdown/snake/single-stat slates.,1B,Davis Wendzel (43321263),Davis Wendzel,43321263,1B,2000,PIT@COL 06/19/2026 08:40PM ET,06/19/2026 08:40PM ET,PIT,COL,away,0,,,needs_review_new_player,identity_name_team_map,No reviewed normalized-name/team identity alias; do not auto-guess.
2026-06-19,2026-06-19T16:19:46.381495+00:00,2026-06-19,DraftKings official lineup CSV,https://www.draftkings.com/lineup/getavailableplayerscsv?contestTypeId=9&draftGroupId=149344,149344,9,Selected largest-prize regular Classic MLB draft group after excluding Turbo/Night/qualifier/satellite/showdown/snake/single-stat slates.,2B,Ryan Ritter (43321267),Ryan Ritter,43321267,2B,2000,PIT@COL 06/19/2026 08:40PM ET,06/19/2026 08:40PM ET,COL,PIT,home,0.83,690022,Ryan Ritter,mapped,identity_name_team_map,Stable identity seed from old DK-ID map. Pilot join status: matched via normalized_name_team
2026-06-19,2026-06-19T16:19:46.381495+00:00,2026-06-19,DraftKings official lineup CSV,https://www.draftkings.com/lineup/getavailableplayerscsv?contestTypeId=9&draftGroupId=149344,149344,9,Selected largest-prize regular Classic MLB draft group after excluding Turbo/Night/qualifier/satellite/showdown/snake/single-stat slates.,SS,Kahlil Watson (43321040),Kahlil Watson,43321040,SS,2000,CLE@HOU 06/19/2026 08:10PM ET,06/19/2026 08:10PM ET,CLE,HOU,away,0,,,needs_review_new_player,identity_name_team_map,No reviewed normalized-name/team identity alias; do not auto-guess.
2026-06-19,2026-06-19T16:19:46.381495+00:00,2026-06-19,DraftKings official lineup CSV,https://www.draftkings.com/lineup/getavailableplayerscsv?contestTypeId=9&draftGroupId=149344,149344,9,Selected largest-prize regular Classic MLB draft group after excluding Turbo/Night/qualifier/satellite/showdown/snake/single-stat slates.,3B,Raynel Delgado (43321052),Raynel Delgado,43321052,3B,2000,CLE@HOU 06/19/2026 08:10PM ET,06/19/2026 08:10PM ET,HOU,CLE,home,5,,,needs_review_new_player,identity_name_team_map,No reviewed normalized-name/team identity alias; do not auto-guess.
2026-06-19,2026-06-19T16:19:46.381495+00:00,2026-06-19,DraftKings official lineup CSV,https://www.draftkings.com/lineup/getavailableplayerscsv?contestTypeId=9&draftGroupId=149344,149344,9,Selected largest-prize regular Classic MLB draft group after excluding Turbo/Night/qualifier/satellite/showdown/snake/single-stat slates.,SS,Angel Genao (43321206),Angel Genao,43321206,SS,2000,CLE@HOU 06/19/2026 08:10PM ET,06/19/2026 08:10PM ET,CLE,HOU,away,0,,,needs_review_new_player,identity_name_team_map,No reviewed normalized-name/team identity alias; do not auto-guess.
2026-06-19,2026-06-19T16:19:46.381495+00:00,2026-06-19,DraftKings official lineup CSV,https://www.draftkings.com/lineup/getavailableplayerscsv?contestTypeId=9&draftGroupId=149344,149344,9,Selected largest-prize regular Classic MLB draft group after excluding Turbo/Night/qualifier/satellite/showdown/snake/single-stat slates.,SS,Carlos Correa (43321210),Carlos Correa,43321210,SS,2000,CLE@HOU 06/19/2026 08:10PM ET,06/19/2026 08:10PM ET,HOU,CLE,home,8,621043,Carlos Correa,mapped,identity_name_team_map,Stable identity seed from old DK-ID map. Pilot join status: matched via normalized_name_team
2026-06-19,2026-06-19T16:19:46.381495+00:00,2026-06-19,DraftKings official lineup CSV,https://www.draftkings.com/lineup/getavailableplayerscsv?contestTypeId=9&draftGroupId=149344,149344,9,Selected largest-prize regular Classic MLB draft group after excluding Turbo/Night/qualifier/satellite/showdown/snake/single-stat slates.,OF,Zach Dezenzo (43321238),Zach Dezenzo,43321238,OF,2000,CLE@HOU 06/19/2026 08:10PM ET,06/19/2026 08:10PM ET,HOU,CLE,home,3.05,701305,Zach Dezenzo,mapped,identity_name_team_map,Stable identity seed from old DK-ID map. Pilot join status: matched via normalized_name_team
2026-06-19,2026-06-19T16:19:46.381495+00:00,2026-06-19,DraftKings official lineup CSV,https://www.draftkings.com/lineup/getavailableplayerscsv?contestTypeId=9&draftGroupId=149344,149344,9,Selected largest-prize regular Classic MLB draft group after excluding Turbo/Night/qualifier/satellite/showdown/snake/single-stat slates.,OF,Daniel Johnson (43321257),Daniel Johnson,43321257,OF,2000,CLE@HOU 06/19/2026 08:10PM ET,06/19/2026 08:10PM ET,HOU,CLE,home,1.75,669288,Daniel Johnson,mapped,identity_name_team_map,Stable identity seed from old DK-ID map. Pilot join status: matched via normalized_name_team
2026-06-19,2026-06-19T16:19:46.381495+00:00,2026-06-19,DraftKings official lineup CSV,https://www.draftkings.com/lineup/getavailableplayerscsv?contestTypeId=9&draftGroupId=149344,149344,9,Selected largest-prize regular Classic MLB draft group after excluding Turbo/Night/qualifier/satellite/showdown/snake/single-stat slates.,1B/OF,Connor Joe (43321050),Connor Joe,43321050,1B/OF,2000,BOS@SEA 06/19/2026 10:10PM ET,06/19/2026 10:10PM ET,SEA,BOS,home,3.37,,,needs_review_new_player,identity_name_team_map,No reviewed normalized-name/team identity alias; do not auto-guess.
2026-06-19,2026-06-19T16:19:46.381495+00:00,2026-06-19,DraftKings official lineup CSV,https://www.draftkings.com/lineup/getavailableplayerscsv?contestTypeId=9&draftGroupId=149344,149344,9,Selected largest-prize regular Classic MLB draft group after excluding Turbo/Night/qualifier/satellite/showdown/snake/single-stat slates.,OF,Nate Eaton (43321053),Nate Eaton,43321053,OF,2000,BOS@SEA 06/19/2026 10:10PM ET,06/19/2026 10:10PM ET,BOS,SEA,away,1.67,,,needs_review_new_player,identity_name_team_map,No reviewed normalized-name/team identity alias; do not auto-guess.
2026-06-19,2026-06-19T16:19:46.381495+00:00,2026-06-19,DraftKings official lineup CSV,https://www.draftkings.com/lineup/getavailableplayerscsv?contestTypeId=9&draftGroupId=149344,149344,9,Selected largest-prize regular Classic MLB draft group after excluding Turbo/Night/qualifier/satellite/showdown/snake/single-stat slates.,OF,Brennen Davis (43321185),Brennen Davis,43321185,OF,2000,BOS@SEA 06/19/2026 10:10PM ET,06/19/2026 10:10PM ET,SEA,BOS,home,0,,,needs_review_new_player,identity_name_team_map,No reviewed normalized-name/team identity alias; do not auto-guess.
2026-06-19,2026-06-19T16:19:46.381495+00:00,2026-06-19,DraftKings official lineup CSV,https://www.draftkings.com/lineup/getavailableplayerscsv?contestTypeId=9&draftGroupId=149344,149344,9,Selected largest-prize regular Classic MLB draft group after excluding Turbo/Night/qualifier/satellite/showdown/snake/single-stat slates.,OF,Curtis Washington Jr. (43321195),Curtis Washington Jr.,43321195,OF,2000,BOS@SEA 06/19/2026 10:10PM ET,06/19/2026 10:10PM ET,SEA,BOS,home,0,,,needs_review_new_player,identity_name_team_map,No reviewed normalized-name/team identity alias; do not auto-guess.
2026-06-19,2026-06-19T16:19:46.381495+00:00,2026-06-19,DraftKings official lineup CSV,https://www.draftkings.com/lineup/getavailableplayerscsv?contestTypeId=9&draftGroupId=149344,149344,9,Selected largest-prize regular Classic MLB draft group after excluding Turbo/Night/qualifier/satellite/showdown/snake/single-stat slates.,1B,Triston Casas (43321211),Triston Casas,43321211,1B,2000,BOS@SEA 06/19/2026 10:10PM ET,06/19/2026 10:10PM ET,BOS,SEA,away,0,,,needs_review_new_player,identity_name_team_map,No reviewed normalized-name/team identity alias; do not auto-guess.
2026-06-19,2026-06-19T16:19:46.381495+00:00,2026-06-19,DraftKings official lineup CSV,https://www.draftkings.com/lineup/getavailableplayerscsv?contestTypeId=9&draftGroupId=149344,149344,9,Selected largest-prize regular Classic MLB draft group after excluding Turbo/Night/qualifier/satellite/showdown/snake/single-stat slates.,2B,Kristian Campbell (43321215),Kristian Campbell,43321215,2B,2000,BOS@SEA 06/19/2026 10:10PM ET,06/19/2026 10:10PM ET,BOS,SEA,away,0,,,needs_review_new_player,identity_name_team_map,No reviewed normalized-name/team identity alias; do not auto-guess.
2026-06-19,2026-06-19T16:19:46.381495+00:00,2026-06-19,DraftKings official lineup CSV,https://www.draftkings.com/lineup/getavailableplayerscsv?contestTypeId=9&draftGroupId=149344,149344,9,Selected largest-prize regular Classic MLB draft group after excluding Turbo/Night/qualifier/satellite/showdown/snake/single-stat slates.,3B,Leo Rivas (43321226),Leo Rivas,43321226,3B,2000,BOS@SEA 06/19/2026 10:10PM ET,06/19/2026 10:10PM ET,SEA,BOS,home,3.32,,,needs_review_new_player,identity_name_team_map,No reviewed normalized-name/team identity alias; do not auto-guess.
2026-06-19,2026-06-19T16:19:46.381495+00:00,2026-06-19,DraftKings official lineup CSV,https://www.draftkings.com/lineup/getavailableplayerscsv?contestTypeId=9&draftGroupId=149344,149344,9,Selected largest-prize regular Classic MLB draft group after excluding Turbo/Night/qualifier/satellite/showdown/snake/single-stat slates.,2B/3B,Anthony Seigler (43321258),Anthony Seigler,43321258,2B/3B,2000,BOS@SEA 06/19/2026 10:10PM ET,06/19/2026 10:10PM ET,BOS,SEA,away,3.5,,,needs_review_new_player,identity_name_team_map,No reviewed normalized-name/team identity alias; do not auto-guess.
2026-06-19,2026-06-19T16:19:46.381495+00:00,2026-06-19,DraftKings official lineup CSV,https://www.draftkings.com/lineup/getavailableplayerscsv?contestTypeId=9&draftGroupId=149344,149344,9,Selected largest-prize regular Classic MLB draft group after excluding Turbo/Night/qualifier/satellite/showdown/snake/single-stat slates.,2B/SS,Tsung-Che Cheng (43321260),Tsung-Che Cheng,43321260,2B/SS,2000,BOS@SEA 06/19/2026 10:10PM ET,06/19/2026 10:10PM ET,BOS,SEA,away,0,,,needs_review_new_player,identity_name_team_map,No reviewed normalized-name/team identity alias; do not auto-guess.
2026-06-19,2026-06-19T16:19:46.381495+00:00,2026-06-19,DraftKings official lineup CSV,https://www.draftkings.com/lineup/getavailableplayerscsv?contestTypeId=9&draftGroupId=149344,149344,9,Selected largest-prize regular Classic MLB draft group after excluding Turbo/Night/qualifier/satellite/showdown/snake/single-stat slates.,C,Chuckie Robinson (43321054),Chuckie Robinson,43321054,C,2000,BAL@LAD 06/19/2026 10:10PM ET,06/19/2026 10:10PM ET,LAD,BAL,home,0,,,needs_review_new_player,identity_name_team_map,No reviewed normalized-name/team identity alias; do not auto-guess.
2026-06-19,2026-06-19T16:19:46.381495+00:00,2026-06-19,DraftKings official lineup CSV,https://www.draftkings.com/lineup/getavailableplayerscsv?contestTypeId=9&draftGroupId=149344,149344,9,Selected largest-prize regular Classic MLB draft group after excluding Turbo/Night/qualifier/satellite/showdown/snake/single-stat slates.,OF,Reed Trimble (43321183),Reed Trimble,43321183,OF,2000,BAL@LAD 06/19/2026 10:10PM ET,06/19/2026 10:10PM ET,BAL,LAD,away,0,,,needs_review_new_player,identity_name_team_map,No reviewed normalized-name/team identity alias; do not auto-guess.
2026-06-19,2026-06-19T16:19:46.381495+00:00,2026-06-19,DraftKings official lineup CSV,https://www.draftkings.com/lineup/getavailableplayerscsv?contestTypeId=9&draftGroupId=149344,149344,9,Selected largest-prize regular Classic MLB draft group after excluding Turbo/Night/qualifier/satellite/showdown/snake/single-stat slates.,3B/OF,Nick Senzel (43321197),Nick Senzel,43321197,3B/OF,2000,BAL@LAD 06/19/2026 10:10PM ET,06/19/2026 10:10PM ET,LAD,BAL,home,0,,,needs_review_new_player,identity_name_team_map,No reviewed normalized-name/team identity alias; do not auto-guess.
2026-06-19,2026-06-19T16:19:46.381495+00:00,2026-06-19,DraftKings official lineup CSV,https://www.draftkings.com/lineup/getavailableplayerscsv?contestTypeId=9&draftGroupId=149344,149344,9,Selected largest-prize regular Classic MLB draft group after excluding Turbo/Night/qualifier/satellite/showdown/snake/single-stat slates.,2B/OF,Tyler Fitzgerald (43321216),Tyler Fitzgerald,43321216,2B/OF,2000,BAL@LAD 06/19/2026 10:10PM ET,06/19/2026 10:10PM ET,LAD,BAL,home,0,,,needs_review_new_player,identity_name_team_map,No reviewed normalized-name/team identity alias; do not auto-guess.
2026-06-19,2026-06-19T16:19:46.381495+00:00,2026-06-19,DraftKings official lineup CSV,https://www.draftkings.com/lineup/getavailableplayerscsv?contestTypeId=9&draftGroupId=149344,149344,9,Selected largest-prize regular Classic MLB draft group after excluding Turbo/Night/qualifier/satellite/showdown/snake/single-stat slates.,OF,Heston Kjerstad (43321220),Heston Kjerstad,43321220,OF,2000,BAL@LAD 06/19/2026 10:10PM ET,06/19/2026 10:10PM ET,BAL,LAD,away,0,,,needs_review_new_player,identity_name_team_map,No reviewed normalized-name/team identity alias; do not auto-guess.
2026-06-19,2026-06-19T16:19:46.381495+00:00,2026-06-19,DraftKings official lineup CSV,https://www.draftkings.com/lineup/getavailableplayerscsv?contestTypeId=9&draftGroupId=149344,149344,9,Selected largest-prize regular Classic MLB draft group after excluding Turbo/Night/qualifier/satellite/showdown/snake/single-stat slates.,OF,John Rave (43321038),John Rave,43321038,OF,2000,STL@KC 06/19/2026 08:15PM ET,06/19/2026 08:15PM ET,KC,STL,home,13,670231,John Rave,mapped,identity_name_team_map,Stable identity seed from old DK-ID map. Pilot join status: matched_people_search_name via mlb_people_search_normalized_name
2026-06-19,2026-06-19T16:19:46.381495+00:00,2026-06-19,DraftKings official lineup CSV,https://www.draftkings.com/lineup/getavailableplayerscsv?contestTypeId=9&draftGroupId=149344,149344,9,Selected largest-prize regular Classic MLB draft group after excluding Turbo/Night/qualifier/satellite/showdown/snake/single-stat slates.,2B/3B,Josh Rojas (43321181),Josh Rojas,43321181,2B/3B,2000,STL@KC 06/19/2026 08:15PM ET,06/19/2026 08:15PM ET,KC,STL,home,4.5,668942,Josh Rojas,mapped,identity_name_team_map,Stable identity seed from old DK-ID map. Pilot join status: matched via normalized_name_team
2026-06-19,2026-06-19T16:19:46.381495+00:00,2026-06-19,DraftKings official lineup CSV,https://www.draftkings.com/lineup/getavailableplayerscsv?contestTypeId=9&draftGroupId=149344,149344,9,Selected largest-prize regular Classic MLB draft group after excluding Turbo/Night/qualifier/satellite/showdown/snake/single-stat slates.,OF,Joshua Baez (43321188),Joshua Baez,43321188,OF,2000,STL@KC 06/19/2026 08:15PM ET,06/19/2026 08:15PM ET,STL,KC,away,0,695491,Joshua Báez,mapped,identity_name_team_map,Stable identity seed from old DK-ID map. Pilot join status: matched_people_search_name via mlb_people_search_normalized_name
2026-06-19,2026-06-19T16:19:46.381495+00:00,2026-06-19,DraftKings official lineup CSV,https://www.draftkings.com/lineup/getavailableplayerscsv?contestTypeId=9&draftGroupId=149344,149344,9,Selected largest-prize regular Classic MLB draft group after excluding Turbo/Night/qualifier/satellite/showdown/snake/single-stat slates.,C,Leo Bernal (43321203),Leo Bernal,43321203,C,2000,STL@KC 06/19/2026 08:15PM ET,06/19/2026 08:15PM ET,STL,KC,away,0,699024,Leo Bernal,mapped,identity_name_team_map,Stable identity seed from old DK-ID map. Pilot join status: matched_people_search_name via mlb_people_search_normalized_name
2026-06-19,2026-06-19T16:19:46.381495+00:00,2026-06-19,DraftKings official lineup CSV,https://www.draftkings.com/lineup/getavailableplayerscsv?contestTypeId=9&draftGroupId=149344,149344,9,Selected largest-prize regular Classic MLB draft group after excluding Turbo/Night/qualifier/satellite/showdown/snake/single-stat slates.,OF,Matthew Lugo (43321250),Matthew Lugo,43321250,OF,2000,STL@KC 06/19/2026 08:15PM ET,06/19/2026 08:15PM ET,KC,STL,home,0,683090,Matthew Lugo,mapped,identity_name_team_map,Stable identity seed from old DK-ID map. Pilot join status: matched_people_search_name via mlb_people_search_normalized_name
2026-06-19,2026-06-19T16:19:46.381495+00:00,2026-06-19,DraftKings official lineup CSV,https://www.draftkings.com/lineup/getavailableplayerscsv?contestTypeId=9&draftGroupId=149344,149344,9,Selected largest-prize regular Classic MLB draft group after excluding Turbo/Night/qualifier/satellite/showdown/snake/single-stat slates.,3B,Cesar Prieto (43321251),Cesar Prieto,43321251,3B,2000,STL@KC 06/19/2026 08:15PM ET,06/19/2026 08:15PM ET,STL,KC,away,0,693409,César Prieto,mapped,identity_name_team_map,Stable identity seed from old DK-ID map. Pilot join status: matched via normalized_name_team
2026-06-19,2026-06-19T16:19:46.381495+00:00,2026-06-19,DraftKings official lineup CSV,https://www.draftkings.com/lineup/getavailableplayerscsv?contestTypeId=9&draftGroupId=149344,149344,9,Selected largest-prize regular Classic MLB draft group after excluding Turbo/Night/qualifier/satellite/showdown/snake/single-stat slates.,C,J.C. Escarra (43321048),J.C. Escarra,43321048,C,2000,CIN@NYY 06/19/2026 07:05PM ET,06/19/2026 07:05PM ET,NYY,CIN,home,3.4,,,needs_review_new_player,identity_name_team_map,No reviewed normalized-name/team identity alias; do not auto-guess.
2026-06-19,2026-06-19T16:19:46.381495+00:00,2026-06-19,DraftKings official lineup CSV,https://www.draftkings.com/lineup/getavailableplayerscsv?contestTypeId=9&draftGroupId=149344,149344,9,Selected largest-prize regular Classic MLB draft group after excluding Turbo/Night/qualifier/satellite/showdown/snake/single-stat slates.,OF,Hector Rodriguez (43321191),Hector Rodriguez,43321191,OF,2000,CIN@NYY 06/19/2026 07:05PM ET,06/19/2026 07:05PM ET,CIN,NYY,away,0,699302,Héctor Rodríguez,mapped,identity_name_team_map,"Stable identity seed from old DK-ID map. Resolved name collision: selected active/current OF Héctor Rodríguez, not historical MLBAM 121356."
2026-06-19,2026-06-19T16:19:46.381495+00:00,2026-06-19,DraftKings official lineup CSV,https://www.draftkings.com/lineup/getavailableplayerscsv?contestTypeId=9&draftGroupId=149344,149344,9,Selected largest-prize regular Classic MLB draft group after excluding Turbo/Night/qualifier/satellite/showdown/snake/single-stat slates.,SS,Leo Balcazar (43321192),Leo Balcazar,43321192,SS,2000,CIN@NYY 06/19/2026 07:05PM ET,06/19/2026 07:05PM ET,CIN,NYY,away,0,699114,Leo Balcazar,mapped,identity_name_team_map,Stable identity seed from old DK-ID map. Pilot join status: matched_people_search_name via mlb_people_search_normalized_name
2026-06-19,2026-06-19T16:19:46.381495+00:00,2026-06-19,DraftKings official lineup CSV,https://www.draftkings.com/lineup/getavailableplayerscsv?contestTypeId=9&draftGroupId=149344,149344,9,Selected largest-prize regular Classic MLB draft group after excluding Turbo/Night/qualifier/satellite/showdown/snake/single-stat slates.,3B,Ke'Bryan Hayes (43321231),Ke'Bryan Hayes,43321231,3B,2000,CIN@NYY 06/19/2026 07:05PM ET,06/19/2026 07:05PM ET,CIN,NYY,away,2.84,663647,Ke'Bryan Hayes,mapped,identity_name_team_map,Stable identity seed from old DK-ID map. Pilot join status: matched via normalized_name_team
