captureDate,capturedAtUtc,slateDate,source,sourceUrl,draftGroupId,contestTypeId,selectionReason,position,namePlusId,dkName,dkPlayerId,rosterPosition,salary,gameInfo,gameDateTimeEt,teamAbbrev,opponent,homeAway,avgPointsPerGame,mlbamId,mlbName,joinStatus,joinMethod,joinNote
2026-08-05,2026-08-05T15:40:32.372930+00:00,2026-08-05,DraftKings official lineup CSV,https://www.draftkings.com/lineup/getavailableplayerscsv?contestTypeId=9&draftGroupId=151691,151691,9,Selected largest-prize regular Classic MLB draft group after excluding Turbo/Night/qualifier/satellite/showdown/snake/single-stat slates.,SP,Jacob Misiorowski (43755889),Jacob Misiorowski,43755889,P,12000,PIT@MIL 08/05/2026 07:40PM ET,08/05/2026 07:40PM ET,MIL,PIT,home,29.4,694819,Jacob Misiorowski,mapped,identity_name_team_map,Stable identity seed from old DK-ID map. Pilot join status: matched via normalized_name_team
2026-08-05,2026-08-05T15:40:32.372930+00:00,2026-08-05,DraftKings official lineup CSV,https://www.draftkings.com/lineup/getavailableplayerscsv?contestTypeId=9&draftGroupId=151691,151691,9,Selected largest-prize regular Classic MLB draft group after excluding Turbo/Night/qualifier/satellite/showdown/snake/single-stat slates.,SP,Cam Schlittler (43755890),Cam Schlittler,43755890,P,11300,STL@NYY 08/05/2026 07:05PM ET,08/05/2026 07:05PM ET,NYY,STL,home,22.6,,,needs_review_new_player,identity_name_team_map,No reviewed normalized-name/team identity alias; do not auto-guess.
2026-08-05,2026-08-05T15:40:32.372930+00:00,2026-08-05,DraftKings official lineup CSV,https://www.draftkings.com/lineup/getavailableplayerscsv?contestTypeId=9&draftGroupId=151691,151691,9,Selected largest-prize regular Classic MLB draft group after excluding Turbo/Night/qualifier/satellite/showdown/snake/single-stat slates.,SP,Logan Henderson (43755891),Logan Henderson,43755891,P,10500,PIT@MIL 08/05/2026 07:40PM ET,08/05/2026 07:40PM ET,MIL,PIT,home,20.3,701656,Logan Henderson,mapped,identity_name_team_map,Stable identity seed from old DK-ID map. Pilot join status: matched via normalized_name_team
2026-08-05,2026-08-05T15:40:32.372930+00:00,2026-08-05,DraftKings official lineup CSV,https://www.draftkings.com/lineup/getavailableplayerscsv?contestTypeId=9&draftGroupId=151691,151691,9,Selected largest-prize regular Classic MLB draft group after excluding Turbo/Night/qualifier/satellite/showdown/snake/single-stat slates.,SP,Chris Sale (43755892),Chris Sale,43755892,P,10400,MIA@ATL 08/05/2026 07:15PM ET,08/05/2026 07:15PM ET,ATL,MIA,home,23.3,519242,Chris Sale,mapped,identity_name_team_map,Stable identity seed from old DK-ID map. Pilot join status: matched via normalized_name_team
2026-08-05,2026-08-05T15:40:32.372930+00:00,2026-08-05,DraftKings official lineup CSV,https://www.draftkings.com/lineup/getavailableplayerscsv?contestTypeId=9&draftGroupId=151691,151691,9,Selected largest-prize regular Classic MLB draft group after excluding Turbo/Night/qualifier/satellite/showdown/snake/single-stat slates.,SP,Logan Gilbert (43755893),Logan Gilbert,43755893,P,10000,DET@SEA 08/05/2026 09:40PM ET,08/05/2026 09:40PM ET,SEA,DET,home,19.3,,,needs_review_new_player,identity_name_team_map,No reviewed normalized-name/team identity alias; do not auto-guess.
2026-08-05,2026-08-05T15:40:32.372930+00:00,2026-08-05,DraftKings official lineup CSV,https://www.draftkings.com/lineup/getavailableplayerscsv?contestTypeId=9&draftGroupId=151691,151691,9,Selected largest-prize regular Classic MLB draft group after excluding Turbo/Night/qualifier/satellite/showdown/snake/single-stat slates.,SP,Troy Melton (43755894),Troy Melton,43755894,P,9800,DET@SEA 08/05/2026 09:40PM ET,08/05/2026 09:40PM ET,DET,SEA,away,21.3,675512,Troy Melton,mapped,identity_name_team_map,Proposed from review candidates; basis=exact normalized name + team; role-compatible; hot-dog-stand-latest.json|statcast_pitcher_2026; confidence=high; sources=hot-dog-stand-latest.json|statcast_pitcher_2026
2026-08-05,2026-08-05T15:40:32.372930+00:00,2026-08-05,DraftKings official lineup CSV,https://www.draftkings.com/lineup/getavailableplayerscsv?contestTypeId=9&draftGroupId=151691,151691,9,Selected largest-prize regular Classic MLB draft group after excluding Turbo/Night/qualifier/satellite/showdown/snake/single-stat slates.,SP,Gerrit Cole (43755895),Gerrit Cole,43755895,P,9800,STL@NYY 08/05/2026 07:05PM ET,08/05/2026 07:05PM ET,NYY,STL,home,18.2,,,needs_review_new_player,identity_name_team_map,No reviewed normalized-name/team identity alias; do not auto-guess.
2026-08-05,2026-08-05T15:40:32.372930+00:00,2026-08-05,DraftKings official lineup CSV,https://www.draftkings.com/lineup/getavailableplayerscsv?contestTypeId=9&draftGroupId=151691,151691,9,Selected largest-prize regular Classic MLB draft group after excluding Turbo/Night/qualifier/satellite/showdown/snake/single-stat slates.,SP,Paul Skenes (43755555),Paul Skenes,43755555,P,9600,PIT@MIL 08/05/2026 07:40PM ET,08/05/2026 07:40PM ET,PIT,MIL,away,18.5,,,needs_review_new_player,identity_name_team_map,No reviewed normalized-name/team identity alias; do not auto-guess.
2026-08-05,2026-08-05T15:40:32.372930+00:00,2026-08-05,DraftKings official lineup CSV,https://www.draftkings.com/lineup/getavailableplayerscsv?contestTypeId=9&draftGroupId=151691,151691,9,Selected largest-prize regular Classic MLB draft group after excluding Turbo/Night/qualifier/satellite/showdown/snake/single-stat slates.,SP,Brandon Woodruff (43755896),Brandon Woodruff,43755896,P,9500,PIT@MIL 08/05/2026 07:40PM ET,08/05/2026 07:40PM ET,MIL,PIT,home,16.7,605540,Brandon Woodruff,mapped,identity_name_team_map,Stable identity seed from old DK-ID map. Pilot join status: matched via normalized_name_team
2026-08-05,2026-08-05T15:40:32.372930+00:00,2026-08-05,DraftKings official lineup CSV,https://www.draftkings.com/lineup/getavailableplayerscsv?contestTypeId=9&draftGroupId=151691,151691,9,Selected largest-prize regular Classic MLB draft group after excluding Turbo/Night/qualifier/satellite/showdown/snake/single-stat slates.,SP,Spencer Schwellenbach (43755897),Spencer Schwellenbach,43755897,P,9400,MIA@ATL 08/05/2026 07:15PM ET,08/05/2026 07:15PM ET,ATL,MIA,home,0,680885,Spencer Schwellenbach,mapped,identity_name_team_map,Stable identity seed from old DK-ID map. Pilot join status: matched_people_search_name via mlb_people_search_normalized_name
2026-08-05,2026-08-05T15:40:32.372930+00:00,2026-08-05,DraftKings official lineup CSV,https://www.draftkings.com/lineup/getavailableplayerscsv?contestTypeId=9&draftGroupId=151691,151691,9,Selected largest-prize regular Classic MLB draft group after excluding Turbo/Night/qualifier/satellite/showdown/snake/single-stat slates.,RP,Spencer Strider (43755898),Spencer Strider,43755898,P,9400,MIA@ATL 08/05/2026 07:15PM ET,08/05/2026 07:15PM ET,ATL,MIA,home,14.7,675911,Spencer Strider,mapped,identity_name_team_map,Stable identity seed from old DK-ID map. Pilot join status: matched via normalized_name_team
2026-08-05,2026-08-05T15:40:32.372930+00:00,2026-08-05,DraftKings official lineup CSV,https://www.draftkings.com/lineup/getavailableplayerscsv?contestTypeId=9&draftGroupId=151691,151691,9,Selected largest-prize regular Classic MLB draft group after excluding Turbo/Night/qualifier/satellite/showdown/snake/single-stat slates.,SP,Sonny Gray (43755556),Sonny Gray,43755556,P,9300,CWS@BOS 08/05/2026 07:10PM ET,08/05/2026 07:10PM ET,BOS,CWS,home,17.4,,,needs_review_new_player,identity_name_team_map,No reviewed normalized-name/team identity alias; do not auto-guess.
2026-08-05,2026-08-05T15:40:32.372930+00:00,2026-08-05,DraftKings official lineup CSV,https://www.draftkings.com/lineup/getavailableplayerscsv?contestTypeId=9&draftGroupId=151691,151691,9,Selected largest-prize regular Classic MLB draft group after excluding Turbo/Night/qualifier/satellite/showdown/snake/single-stat slates.,SP,Garrett Crochet (43755899),Garrett Crochet,43755899,P,9300,CWS@BOS 08/05/2026 07:10PM ET,08/05/2026 07:10PM ET,BOS,CWS,home,13.8,,,needs_review_new_player,identity_name_team_map,No reviewed normalized-name/team identity alias; do not auto-guess.
2026-08-05,2026-08-05T15:40:32.372930+00:00,2026-08-05,DraftKings official lineup CSV,https://www.draftkings.com/lineup/getavailableplayerscsv?contestTypeId=9&draftGroupId=151691,151691,9,Selected largest-prize regular Classic MLB draft group after excluding Turbo/Night/qualifier/satellite/showdown/snake/single-stat slates.,SP,Joe Ryan (43755900),Joe Ryan,43755900,P,9300,MIN@KC 08/05/2026 07:40PM ET,08/05/2026 07:40PM ET,MIN,KC,away,16.5,657746,Joe Ryan,mapped,identity_name_team_map,Proposed from review candidates; basis=exact normalized name + team; role-compatible; hot-dog-stand-latest.json|statcast_pitcher_2026; confidence=high; sources=hot-dog-stand-latest.json|statcast_pitcher_2026
2026-08-05,2026-08-05T15:40:32.372930+00:00,2026-08-05,DraftKings official lineup CSV,https://www.draftkings.com/lineup/getavailableplayerscsv?contestTypeId=9&draftGroupId=151691,151691,9,Selected largest-prize regular Classic MLB draft group after excluding Turbo/Night/qualifier/satellite/showdown/snake/single-stat slates.,SP,Max Meyer (43755901),Max Meyer,43755901,P,9300,MIA@ATL 08/05/2026 07:15PM ET,08/05/2026 07:15PM ET,MIA,ATL,away,19.1,676974,Max Meyer,mapped,identity_name_team_map,Proposed from review candidates; basis=exact normalized name + team; role-compatible; hot-dog-stand-latest.json|statcast_pitcher_2026; confidence=high; sources=hot-dog-stand-latest.json|statcast_pitcher_2026
2026-08-05,2026-08-05T15:40:32.372930+00:00,2026-08-05,DraftKings official lineup CSV,https://www.draftkings.com/lineup/getavailableplayerscsv?contestTypeId=9&draftGroupId=151691,151691,9,Selected largest-prize regular Classic MLB draft group after excluding Turbo/Night/qualifier/satellite/showdown/snake/single-stat slates.,SP,Bryan Woo (43755557),Bryan Woo,43755557,P,9000,DET@SEA 08/05/2026 09:40PM ET,08/05/2026 09:40PM ET,SEA,DET,home,16,,,needs_review_new_player,identity_name_team_map,No reviewed normalized-name/team identity alias; do not auto-guess.
2026-08-05,2026-08-05T15:40:32.372930+00:00,2026-08-05,DraftKings official lineup CSV,https://www.draftkings.com/lineup/getavailableplayerscsv?contestTypeId=9&draftGroupId=151691,151691,9,Selected largest-prize regular Classic MLB draft group after excluding Turbo/Night/qualifier/satellite/showdown/snake/single-stat slates.,SP,George Kirby (43755902),George Kirby,43755902,P,9000,DET@SEA 08/05/2026 09:40PM ET,08/05/2026 09:40PM ET,SEA,DET,home,16,,,needs_review_new_player,identity_name_team_map,No reviewed normalized-name/team identity alias; do not auto-guess.
2026-08-05,2026-08-05T15:40:32.372930+00:00,2026-08-05,DraftKings official lineup CSV,https://www.draftkings.com/lineup/getavailableplayerscsv?contestTypeId=9&draftGroupId=151691,151691,9,Selected largest-prize regular Classic MLB draft group after excluding Turbo/Night/qualifier/satellite/showdown/snake/single-stat slates.,SP,Bryce Miller (43755903),Bryce Miller,43755903,P,9000,DET@SEA 08/05/2026 09:40PM ET,08/05/2026 09:40PM ET,SEA,DET,home,18.7,,,needs_review_new_player,identity_name_team_map,No reviewed normalized-name/team identity alias; do not auto-guess.
2026-08-05,2026-08-05T15:40:32.372930+00:00,2026-08-05,DraftKings official lineup CSV,https://www.draftkings.com/lineup/getavailableplayerscsv?contestTypeId=9&draftGroupId=151691,151691,9,Selected largest-prize regular Classic MLB draft group after excluding Turbo/Night/qualifier/satellite/showdown/snake/single-stat slates.,SP,Nick Pivetta (43755904),Nick Pivetta,43755904,P,9000,SD@ARI 08/05/2026 09:40PM ET,08/05/2026 09:40PM ET,SD,ARI,away,15.3,601713,Nick Pivetta,mapped,identity_name_team_map,Stable identity seed from old DK-ID map. Pilot join status: matched via normalized_name_team
2026-08-05,2026-08-05T15:40:32.372930+00:00,2026-08-05,DraftKings official lineup CSV,https://www.draftkings.com/lineup/getavailableplayerscsv?contestTypeId=9&draftGroupId=151691,151691,9,Selected largest-prize regular Classic MLB draft group after excluding Turbo/Night/qualifier/satellite/showdown/snake/single-stat slates.,SP,Casey Mize (43755905),Casey Mize,43755905,P,9000,SD@ARI 08/05/2026 09:40PM ET,08/05/2026 09:40PM ET,SD,ARI,away,17.3,663554,Casey Mize,needs_review_team_change,identity_name_unique_mlbam,Name maps to one reviewed MLBAM identity but not this DK team; review as team-change/new alias before trusting automation.
2026-08-05,2026-08-05T15:40:32.372930+00:00,2026-08-05,DraftKings official lineup CSV,https://www.draftkings.com/lineup/getavailableplayerscsv?contestTypeId=9&draftGroupId=151691,151691,9,Selected largest-prize regular Classic MLB draft group after excluding Turbo/Night/qualifier/satellite/showdown/snake/single-stat slates.,RP,Ryan Weathers (43755906),Ryan Weathers,43755906,P,8800,STL@NYY 08/05/2026 07:05PM ET,08/05/2026 07:05PM ET,NYY,STL,home,16.5,,,needs_review_new_player,identity_name_team_map,No reviewed normalized-name/team identity alias; do not auto-guess.
2026-08-05,2026-08-05T15:40:32.372930+00:00,2026-08-05,DraftKings official lineup CSV,https://www.draftkings.com/lineup/getavailableplayerscsv?contestTypeId=9&draftGroupId=151691,151691,9,Selected largest-prize regular Classic MLB draft group after excluding Turbo/Night/qualifier/satellite/showdown/snake/single-stat slates.,SP,Carlos Rodon (43755907),Carlos Rodon,43755907,P,8800,STL@NYY 08/05/2026 07:05PM ET,08/05/2026 07:05PM ET,NYY,STL,home,17.2,,,needs_review_new_player,identity_name_team_map,No reviewed normalized-name/team identity alias; do not auto-guess.
2026-08-05,2026-08-05T15:40:32.372930+00:00,2026-08-05,DraftKings official lineup CSV,https://www.draftkings.com/lineup/getavailableplayerscsv?contestTypeId=9&draftGroupId=151691,151691,9,Selected largest-prize regular Classic MLB draft group after excluding Turbo/Night/qualifier/satellite/showdown/snake/single-stat slates.,SP,Payton Tolle (43755908),Payton Tolle,43755908,P,8800,CWS@BOS 08/05/2026 07:10PM ET,08/05/2026 07:10PM ET,BOS,CWS,home,17.8,,,needs_review_new_player,identity_name_team_map,No reviewed normalized-name/team identity alias; do not auto-guess.
2026-08-05,2026-08-05T15:40:32.372930+00:00,2026-08-05,DraftKings official lineup CSV,https://www.draftkings.com/lineup/getavailableplayerscsv?contestTypeId=9&draftGroupId=151691,151691,9,Selected largest-prize regular Classic MLB draft group after excluding Turbo/Night/qualifier/satellite/showdown/snake/single-stat slates.,SP,Ranger Suarez (43755909),Ranger Suarez,43755909,P,8800,CWS@BOS 08/05/2026 07:10PM ET,08/05/2026 07:10PM ET,BOS,CWS,home,16.3,,,needs_review_new_player,identity_name_team_map,No reviewed normalized-name/team identity alias; do not auto-guess.
2026-08-05,2026-08-05T15:40:32.372930+00:00,2026-08-05,DraftKings official lineup CSV,https://www.draftkings.com/lineup/getavailableplayerscsv?contestTypeId=9&draftGroupId=151691,151691,9,Selected largest-prize regular Classic MLB draft group after excluding Turbo/Night/qualifier/satellite/showdown/snake/single-stat slates.,RP,Drew Anderson (43755910),Drew Anderson,43755910,P,8800,DET@SEA 08/05/2026 09:40PM ET,08/05/2026 09:40PM ET,DET,SEA,away,5.1,623454,Drew Anderson,mapped,identity_name_team_map,Proposed from review candidates; basis=exact normalized name + team; role-compatible; hot-dog-stand-latest.json|statcast_pitcher_2026; confidence=high; sources=hot-dog-stand-latest.json|statcast_pitcher_2026
2026-08-05,2026-08-05T15:40:32.372930+00:00,2026-08-05,DraftKings official lineup CSV,https://www.draftkings.com/lineup/getavailableplayerscsv?contestTypeId=9&draftGroupId=151691,151691,9,Selected largest-prize regular Classic MLB draft group after excluding Turbo/Night/qualifier/satellite/showdown/snake/single-stat slates.,SP,Max Fried (43755911),Max Fried,43755911,P,8800,STL@NYY 08/05/2026 07:05PM ET,08/05/2026 07:05PM ET,NYY,STL,home,17.2,,,needs_review_new_player,identity_name_team_map,No reviewed normalized-name/team identity alias; do not auto-guess.
2026-08-05,2026-08-05T15:40:32.372930+00:00,2026-08-05,DraftKings official lineup CSV,https://www.draftkings.com/lineup/getavailableplayerscsv?contestTypeId=9&draftGroupId=151691,151691,9,Selected largest-prize regular Classic MLB draft group after excluding Turbo/Night/qualifier/satellite/showdown/snake/single-stat slates.,SP,Sean Burke (43755558),Sean Burke,43755558,P,8700,CWS@BOS 08/05/2026 07:10PM ET,08/05/2026 07:10PM ET,CWS,BOS,away,18.9,680732,Sean Burke,mapped,identity_name_team_map,Stable identity seed from old DK-ID map. Pilot join status: matched via normalized_name_team
2026-08-05,2026-08-05T15:40:32.372930+00:00,2026-08-05,DraftKings official lineup CSV,https://www.draftkings.com/lineup/getavailableplayerscsv?contestTypeId=9&draftGroupId=151691,151691,9,Selected largest-prize regular Classic MLB draft group after excluding Turbo/Night/qualifier/satellite/showdown/snake/single-stat slates.,RP,Braxton Ashcraft (43755912),Braxton Ashcraft,43755912,P,8600,PIT@MIL 08/05/2026 07:40PM ET,08/05/2026 07:40PM ET,PIT,MIL,away,18.4,,,needs_review_new_player,identity_name_team_map,No reviewed normalized-name/team identity alias; do not auto-guess.
2026-08-05,2026-08-05T15:40:32.372930+00:00,2026-08-05,DraftKings official lineup CSV,https://www.draftkings.com/lineup/getavailableplayerscsv?contestTypeId=9&draftGroupId=151691,151691,9,Selected largest-prize regular Classic MLB draft group after excluding Turbo/Night/qualifier/satellite/showdown/snake/single-stat slates.,SP,Kyle Harrison (43755559),Kyle Harrison,43755559,P,8500,PIT@MIL 08/05/2026 07:40PM ET,08/05/2026 07:40PM ET,MIL,PIT,home,18.2,690986,Kyle Harrison,mapped,identity_name_team_map,Stable identity seed from old DK-ID map. Pilot join status: matched via normalized_name_team
2026-08-05,2026-08-05T15:40:32.372930+00:00,2026-08-05,DraftKings official lineup CSV,https://www.draftkings.com/lineup/getavailableplayerscsv?contestTypeId=9&draftGroupId=151691,151691,9,Selected largest-prize regular Classic MLB draft group after excluding Turbo/Night/qualifier/satellite/showdown/snake/single-stat slates.,SP,Corbin Burnes (43755913),Corbin Burnes,43755913,P,8500,SD@ARI 08/05/2026 09:40PM ET,08/05/2026 09:40PM ET,ARI,SD,home,0,,,needs_review_new_player,identity_name_team_map,No reviewed normalized-name/team identity alias; do not auto-guess.
2026-08-05,2026-08-05T15:40:32.372930+00:00,2026-08-05,DraftKings official lineup CSV,https://www.draftkings.com/lineup/getavailableplayerscsv?contestTypeId=9&draftGroupId=151691,151691,9,Selected largest-prize regular Classic MLB draft group after excluding Turbo/Night/qualifier/satellite/showdown/snake/single-stat slates.,RP,Shane Drohan (43755914),Shane Drohan,43755914,P,8500,PIT@MIL 08/05/2026 07:40PM ET,08/05/2026 07:40PM ET,MIL,PIT,home,12.2,675660,Shane Drohan,mapped,identity_name_team_map,Stable identity seed from old DK-ID map. Pilot join status: matched via normalized_name_team
2026-08-05,2026-08-05T15:40:32.372930+00:00,2026-08-05,DraftKings official lineup CSV,https://www.draftkings.com/lineup/getavailableplayerscsv?contestTypeId=9&draftGroupId=151691,151691,9,Selected largest-prize regular Classic MLB draft group after excluding Turbo/Night/qualifier/satellite/showdown/snake/single-stat slates.,SP,Brandon Sproat (43755915),Brandon Sproat,43755915,P,8500,PIT@MIL 08/05/2026 07:40PM ET,08/05/2026 07:40PM ET,MIL,PIT,home,10.9,687075,Brandon Sproat,mapped,identity_name_team_map,Stable identity seed from old DK-ID map. Pilot join status: matched via normalized_name_team
2026-08-05,2026-08-05T15:40:32.372930+00:00,2026-08-05,DraftKings official lineup CSV,https://www.draftkings.com/lineup/getavailableplayerscsv?contestTypeId=9&draftGroupId=151691,151691,9,Selected largest-prize regular Classic MLB draft group after excluding Turbo/Night/qualifier/satellite/showdown/snake/single-stat slates.,SP,Robert Gasser (43755916),Robert Gasser,43755916,P,8500,PIT@MIL 08/05/2026 07:40PM ET,08/05/2026 07:40PM ET,MIL,PIT,home,13.3,688107,Robert Gasser,mapped,identity_name_team_map,Stable identity seed from old DK-ID map. Pilot join status: matched via normalized_name_team
2026-08-05,2026-08-05T15:40:32.372930+00:00,2026-08-05,DraftKings official lineup CSV,https://www.draftkings.com/lineup/getavailableplayerscsv?contestTypeId=9&draftGroupId=151691,151691,9,Selected largest-prize regular Classic MLB draft group after excluding Turbo/Night/qualifier/satellite/showdown/snake/single-stat slates.,RP,AJ Smith-Shawver (43755917),AJ Smith-Shawver,43755917,P,8400,MIA@ATL 08/05/2026 07:15PM ET,08/05/2026 07:15PM ET,ATL,MIA,home,10.2,700363,AJ Smith-Shawver,mapped,identity_name_team_map,Stable identity seed from old DK-ID map. Pilot join status: matched_people_search_name via mlb_people_search_normalized_name
2026-08-05,2026-08-05T15:40:32.372930+00:00,2026-08-05,DraftKings official lineup CSV,https://www.draftkings.com/lineup/getavailableplayerscsv?contestTypeId=9&draftGroupId=151691,151691,9,Selected largest-prize regular Classic MLB draft group after excluding Turbo/Night/qualifier/satellite/showdown/snake/single-stat slates.,SP,Eury Perez (43755560),Eury Perez,43755560,P,8300,MIA@ATL 08/05/2026 07:15PM ET,08/05/2026 07:15PM ET,MIA,ATL,away,17.1,691587,Eury Pérez,mapped,identity_name_team_map,Proposed from review candidates; basis=exact normalized name + team; role-compatible; hot-dog-stand-latest.json|statcast_pitcher_2026; confidence=high; sources=hot-dog-stand-latest.json|statcast_pitcher_2026
2026-08-05,2026-08-05T15:40:32.372930+00:00,2026-08-05,DraftKings official lineup CSV,https://www.draftkings.com/lineup/getavailableplayerscsv?contestTypeId=9&draftGroupId=151691,151691,9,Selected largest-prize regular Classic MLB draft group after excluding Turbo/Night/qualifier/satellite/showdown/snake/single-stat slates.,SP,Mick Abel (43755918),Mick Abel,43755918,P,8300,MIN@KC 08/05/2026 07:40PM ET,08/05/2026 07:40PM ET,MIN,KC,away,14.2,690953,Mick Abel,mapped,identity_name_team_map,Proposed from review candidates; basis=exact normalized name + team; role-compatible; statcast_pitcher_2026; confidence=high; sources=statcast_pitcher_2026
2026-08-05,2026-08-05T15:40:32.372930+00:00,2026-08-05,DraftKings official lineup CSV,https://www.draftkings.com/lineup/getavailableplayerscsv?contestTypeId=9&draftGroupId=151691,151691,9,Selected largest-prize regular Classic MLB draft group after excluding Turbo/Night/qualifier/satellite/showdown/snake/single-stat slates.,SP,Taj Bradley (43755919),Taj Bradley,43755919,P,8300,MIN@KC 08/05/2026 07:40PM ET,08/05/2026 07:40PM ET,MIN,KC,away,18.3,671737,Taj Bradley,mapped,identity_name_team_map,Proposed from review candidates; basis=exact normalized name + team; role-compatible; hot-dog-stand-latest.json|statcast_pitcher_2026; confidence=high; sources=hot-dog-stand-latest.json|statcast_pitcher_2026
2026-08-05,2026-08-05T15:40:32.372930+00:00,2026-08-05,DraftKings official lineup CSV,https://www.draftkings.com/lineup/getavailableplayerscsv?contestTypeId=9&draftGroupId=151691,151691,9,Selected largest-prize regular Classic MLB draft group after excluding Turbo/Night/qualifier/satellite/showdown/snake/single-stat slates.,SP,Jake Bennett (43755920),Jake Bennett,43755920,P,8300,CWS@BOS 08/05/2026 07:10PM ET,08/05/2026 07:10PM ET,BOS,CWS,home,16.5,,,needs_review_new_player,identity_name_team_map,No reviewed normalized-name/team identity alias; do not auto-guess.
2026-08-05,2026-08-05T15:40:32.372930+00:00,2026-08-05,DraftKings official lineup CSV,https://www.draftkings.com/lineup/getavailableplayerscsv?contestTypeId=9&draftGroupId=151691,151691,9,Selected largest-prize regular Classic MLB draft group after excluding Turbo/Night/qualifier/satellite/showdown/snake/single-stat slates.,SP,Pablo Lopez (43755921),Pablo Lopez,43755921,P,8300,MIN@KC 08/05/2026 07:40PM ET,08/05/2026 07:40PM ET,MIN,KC,away,0,,,needs_review_new_player,identity_name_team_map,No reviewed normalized-name/team identity alias; do not auto-guess.
2026-08-05,2026-08-05T15:40:32.372930+00:00,2026-08-05,DraftKings official lineup CSV,https://www.draftkings.com/lineup/getavailableplayerscsv?contestTypeId=9&draftGroupId=151691,151691,9,Selected largest-prize regular Classic MLB draft group after excluding Turbo/Night/qualifier/satellite/showdown/snake/single-stat slates.,SP,Sandy Alcantara (43755922),Sandy Alcantara,43755922,P,8300,MIA@ATL 08/05/2026 07:15PM ET,08/05/2026 07:15PM ET,MIA,ATL,away,16.6,645261,Sandy Alcantara,mapped,identity_name_team_map,Proposed from review candidates; basis=exact normalized name + team; role-compatible; hot-dog-stand-latest.json|statcast_pitcher_2026; confidence=high; sources=hot-dog-stand-latest.json|statcast_pitcher_2026
2026-08-05,2026-08-05T15:40:32.372930+00:00,2026-08-05,DraftKings official lineup CSV,https://www.draftkings.com/lineup/getavailableplayerscsv?contestTypeId=9&draftGroupId=151691,151691,9,Selected largest-prize regular Classic MLB draft group after excluding Turbo/Night/qualifier/satellite/showdown/snake/single-stat slates.,SP,Robbie Ray (43755561),Robbie Ray,43755561,P,8000,SD@ARI 08/05/2026 09:40PM ET,08/05/2026 09:40PM ET,SD,ARI,away,15.9,592662,Robbie Ray,needs_review_team_change,identity_name_unique_mlbam,Name maps to one reviewed MLBAM identity but not this DK team; review as team-change/new alias before trusting automation.
2026-08-05,2026-08-05T15:40:32.372930+00:00,2026-08-05,DraftKings official lineup CSV,https://www.draftkings.com/lineup/getavailableplayerscsv?contestTypeId=9&draftGroupId=151691,151691,9,Selected largest-prize regular Classic MLB draft group after excluding Turbo/Night/qualifier/satellite/showdown/snake/single-stat slates.,SP,Emerson Hancock (43755923),Emerson Hancock,43755923,P,8000,DET@SEA 08/05/2026 09:40PM ET,08/05/2026 09:40PM ET,SEA,DET,home,16.1,,,needs_review_new_player,identity_name_team_map,No reviewed normalized-name/team identity alias; do not auto-guess.
2026-08-05,2026-08-05T15:40:32.372930+00:00,2026-08-05,DraftKings official lineup CSV,https://www.draftkings.com/lineup/getavailableplayerscsv?contestTypeId=9&draftGroupId=151691,151691,9,Selected largest-prize regular Classic MLB draft group after excluding Turbo/Night/qualifier/satellite/showdown/snake/single-stat slates.,RP,Michael King (43755924),Michael King,43755924,P,8000,SD@ARI 08/05/2026 09:40PM ET,08/05/2026 09:40PM ET,SD,ARI,away,15.1,650633,Michael King,mapped,identity_name_team_map,Stable identity seed from old DK-ID map. Pilot join status: matched via normalized_name_team
2026-08-05,2026-08-05T15:40:32.372930+00:00,2026-08-05,DraftKings official lineup CSV,https://www.draftkings.com/lineup/getavailableplayerscsv?contestTypeId=9&draftGroupId=151691,151691,9,Selected largest-prize regular Classic MLB draft group after excluding Turbo/Night/qualifier/satellite/showdown/snake/single-stat slates.,SP,Joe Musgrove (43755925),Joe Musgrove,43755925,P,8000,SD@ARI 08/05/2026 09:40PM ET,08/05/2026 09:40PM ET,SD,ARI,away,0,605397,Joe Musgrove,mapped,identity_name_team_map,Stable identity seed from old DK-ID map. Pilot join status: matched_people_search_name via mlb_people_search_normalized_name
2026-08-05,2026-08-05T15:40:32.372930+00:00,2026-08-05,DraftKings official lineup CSV,https://www.draftkings.com/lineup/getavailableplayerscsv?contestTypeId=9&draftGroupId=151691,151691,9,Selected largest-prize regular Classic MLB draft group after excluding Turbo/Night/qualifier/satellite/showdown/snake/single-stat slates.,SP,Will Warren (43755562),Will Warren,43755562,P,7800,STL@NYY 08/05/2026 07:05PM ET,08/05/2026 07:05PM ET,NYY,STL,home,13.8,,,needs_review_new_player,identity_name_team_map,No reviewed normalized-name/team identity alias; do not auto-guess.
2026-08-05,2026-08-05T15:40:32.372930+00:00,2026-08-05,DraftKings official lineup CSV,https://www.draftkings.com/lineup/getavailableplayerscsv?contestTypeId=9&draftGroupId=151691,151691,9,Selected largest-prize regular Classic MLB draft group after excluding Turbo/Night/qualifier/satellite/showdown/snake/single-stat slates.,SP,Jack Flaherty (43755926),Jack Flaherty,43755926,P,7800,DET@SEA 08/05/2026 09:40PM ET,08/05/2026 09:40PM ET,DET,SEA,away,12.9,656427,Jack Flaherty,mapped,identity_name_team_map,Proposed from review candidates; basis=exact normalized name + team; role-compatible; hot-dog-stand-latest.json|statcast_pitcher_2026; confidence=high; sources=hot-dog-stand-latest.json|statcast_pitcher_2026
2026-08-05,2026-08-05T15:40:32.372930+00:00,2026-08-05,DraftKings official lineup CSV,https://www.draftkings.com/lineup/getavailableplayerscsv?contestTypeId=9&draftGroupId=151691,151691,9,Selected largest-prize regular Classic MLB draft group after excluding Turbo/Night/qualifier/satellite/showdown/snake/single-stat slates.,RP,Keider Montero (43755927),Keider Montero,43755927,P,7800,DET@SEA 08/05/2026 09:40PM ET,08/05/2026 09:40PM ET,DET,SEA,away,12.6,672456,Keider Montero,mapped,identity_name_team_map,Proposed from review candidates; basis=exact normalized name + team; role-compatible; hot-dog-stand-latest.json|statcast_pitcher_2026; confidence=high; sources=hot-dog-stand-latest.json|statcast_pitcher_2026
2026-08-05,2026-08-05T15:40:32.372930+00:00,2026-08-05,DraftKings official lineup CSV,https://www.draftkings.com/lineup/getavailableplayerscsv?contestTypeId=9&draftGroupId=151691,151691,9,Selected largest-prize regular Classic MLB draft group after excluding Turbo/Night/qualifier/satellite/showdown/snake/single-stat slates.,SP,Clarke Schmidt (43755928),Clarke Schmidt,43755928,P,7800,STL@NYY 08/05/2026 07:05PM ET,08/05/2026 07:05PM ET,NYY,STL,home,0,,,needs_review_new_player,identity_name_team_map,No reviewed normalized-name/team identity alias; do not auto-guess.
2026-08-05,2026-08-05T15:40:32.372930+00:00,2026-08-05,DraftKings official lineup CSV,https://www.draftkings.com/lineup/getavailableplayerscsv?contestTypeId=9&draftGroupId=151691,151691,9,Selected largest-prize regular Classic MLB draft group after excluding Turbo/Night/qualifier/satellite/showdown/snake/single-stat slates.,SP,Jared Jones (43755929),Jared Jones,43755929,P,7600,PIT@MIL 08/05/2026 07:40PM ET,08/05/2026 07:40PM ET,PIT,MIL,away,14.2,,,needs_review_new_player,identity_name_team_map,No reviewed normalized-name/team identity alias; do not auto-guess.
2026-08-05,2026-08-05T15:40:32.372930+00:00,2026-08-05,DraftKings official lineup CSV,https://www.draftkings.com/lineup/getavailableplayerscsv?contestTypeId=9&draftGroupId=151691,151691,9,Selected largest-prize regular Classic MLB draft group after excluding Turbo/Night/qualifier/satellite/showdown/snake/single-stat slates.,SP,Bubba Chandler (43755930),Bubba Chandler,43755930,P,7600,PIT@MIL 08/05/2026 07:40PM ET,08/05/2026 07:40PM ET,PIT,MIL,away,11.4,,,needs_review_new_player,identity_name_team_map,No reviewed normalized-name/team identity alias; do not auto-guess.
2026-08-05,2026-08-05T15:40:32.372930+00:00,2026-08-05,DraftKings official lineup CSV,https://www.draftkings.com/lineup/getavailableplayerscsv?contestTypeId=9&draftGroupId=151691,151691,9,Selected largest-prize regular Classic MLB draft group after excluding Turbo/Night/qualifier/satellite/showdown/snake/single-stat slates.,SP,Mitch Keller (43755931),Mitch Keller,43755931,P,7600,PIT@MIL 08/05/2026 07:40PM ET,08/05/2026 07:40PM ET,PIT,MIL,away,10.3,,,needs_review_new_player,identity_name_team_map,No reviewed normalized-name/team identity alias; do not auto-guess.
2026-08-05,2026-08-05T15:40:32.372930+00:00,2026-08-05,DraftKings official lineup CSV,https://www.draftkings.com/lineup/getavailableplayerscsv?contestTypeId=9&draftGroupId=151691,151691,9,Selected largest-prize regular Classic MLB draft group after excluding Turbo/Night/qualifier/satellite/showdown/snake/single-stat slates.,RP,Carmen Mlodzinski (43755932),Carmen Mlodzinski,43755932,P,7600,PIT@MIL 08/05/2026 07:40PM ET,08/05/2026 07:40PM ET,PIT,MIL,away,9.8,,,needs_review_new_player,identity_name_team_map,No reviewed normalized-name/team identity alias; do not auto-guess.
2026-08-05,2026-08-05T15:40:32.372930+00:00,2026-08-05,DraftKings official lineup CSV,https://www.draftkings.com/lineup/getavailableplayerscsv?contestTypeId=9&draftGroupId=151691,151691,9,Selected largest-prize regular Classic MLB draft group after excluding Turbo/Night/qualifier/satellite/showdown/snake/single-stat slates.,RP,Randy Dobnak (43755933),Randy Dobnak,43755933,P,7600,MIN@KC 08/05/2026 07:40PM ET,08/05/2026 07:40PM ET,KC,MIN,home,12.9,,,needs_review_new_player,identity_name_team_map,No reviewed normalized-name/team identity alias; do not auto-guess.
2026-08-05,2026-08-05T15:40:32.372930+00:00,2026-08-05,DraftKings official lineup CSV,https://www.draftkings.com/lineup/getavailableplayerscsv?contestTypeId=9&draftGroupId=151691,151691,9,Selected largest-prize regular Classic MLB draft group after excluding Turbo/Night/qualifier/satellite/showdown/snake/single-stat slates.,RP,Michael Soroka (43755934),Michael Soroka,43755934,P,7500,SD@ARI 08/05/2026 09:40PM ET,08/05/2026 09:40PM ET,ARI,SD,home,17.5,,,needs_review_new_player,identity_name_team_map,No reviewed normalized-name/team identity alias; do not auto-guess.
2026-08-05,2026-08-05T15:40:32.372930+00:00,2026-08-05,DraftKings official lineup CSV,https://www.draftkings.com/lineup/getavailableplayerscsv?contestTypeId=9&draftGroupId=151691,151691,9,Selected largest-prize regular Classic MLB draft group after excluding Turbo/Night/qualifier/satellite/showdown/snake/single-stat slates.,SP,Dustin May (43755935),Dustin May,43755935,P,7500,PIT@MIL 08/05/2026 07:40PM ET,08/05/2026 07:40PM ET,MIL,PIT,home,13.7,669160,Dustin May,needs_review_team_change,identity_name_unique_mlbam,Name maps to one reviewed MLBAM identity but not this DK team; review as team-change/new alias before trusting automation.
2026-08-05,2026-08-05T15:40:32.372930+00:00,2026-08-05,DraftKings official lineup CSV,https://www.draftkings.com/lineup/getavailableplayerscsv?contestTypeId=9&draftGroupId=151691,151691,9,Selected largest-prize regular Classic MLB draft group after excluding Turbo/Night/qualifier/satellite/showdown/snake/single-stat slates.,RP,Eduardo Rodriguez (43755936),Eduardo Rodriguez,43755936,P,7500,SD@ARI 08/05/2026 09:40PM ET,08/05/2026 09:40PM ET,ARI,SD,home,15.1,,,needs_review_new_player,identity_name_team_map,No reviewed normalized-name/team identity alias; do not auto-guess.
2026-08-05,2026-08-05T15:40:32.372930+00:00,2026-08-05,DraftKings official lineup CSV,https://www.draftkings.com/lineup/getavailableplayerscsv?contestTypeId=9&draftGroupId=151691,151691,9,Selected largest-prize regular Classic MLB draft group after excluding Turbo/Night/qualifier/satellite/showdown/snake/single-stat slates.,SP,Chad Patrick (43755937),Chad Patrick,43755937,P,7500,PIT@MIL 08/05/2026 07:40PM ET,08/05/2026 07:40PM ET,MIL,PIT,home,6.4,694477,Chad Patrick,mapped,identity_name_team_map,Stable identity seed from old DK-ID map. Pilot join status: matched via normalized_name_team
2026-08-05,2026-08-05T15:40:32.372930+00:00,2026-08-05,DraftKings official lineup CSV,https://www.draftkings.com/lineup/getavailableplayerscsv?contestTypeId=9&draftGroupId=151691,151691,9,Selected largest-prize regular Classic MLB draft group after excluding Turbo/Night/qualifier/satellite/showdown/snake/single-stat slates.,SP,Bryce Elder (43755563),Bryce Elder,43755563,P,7400,MIA@ATL 08/05/2026 07:15PM ET,08/05/2026 07:15PM ET,ATL,MIA,home,14.6,693821,Bryce Elder,mapped,identity_name_team_map,Stable identity seed from old DK-ID map. Pilot join status: matched via normalized_name_team
2026-08-05,2026-08-05T15:40:32.372930+00:00,2026-08-05,DraftKings official lineup CSV,https://www.draftkings.com/lineup/getavailableplayerscsv?contestTypeId=9&draftGroupId=151691,151691,9,Selected largest-prize regular Classic MLB draft group after excluding Turbo/Night/qualifier/satellite/showdown/snake/single-stat slates.,RP,Owen Murphy (43755938),Owen Murphy,43755938,P,7400,MIA@ATL 08/05/2026 07:15PM ET,08/05/2026 07:15PM ET,ATL,MIA,home,5.2,,,needs_review_new_player,identity_name_team_map,No reviewed normalized-name/team identity alias; do not auto-guess.
2026-08-05,2026-08-05T15:40:32.372930+00:00,2026-08-05,DraftKings official lineup CSV,https://www.draftkings.com/lineup/getavailableplayerscsv?contestTypeId=9&draftGroupId=151691,151691,9,Selected largest-prize regular Classic MLB draft group after excluding Turbo/Night/qualifier/satellite/showdown/snake/single-stat slates.,RP,Reynaldo Lopez (43755939),Reynaldo Lopez,43755939,P,7400,MIA@ATL 08/05/2026 07:15PM ET,08/05/2026 07:15PM ET,ATL,MIA,home,8,625643,Reynaldo López,mapped,identity_name_team_map,Stable identity seed from old DK-ID map. Pilot join status: matched via normalized_name_team
2026-08-05,2026-08-05T15:40:32.372930+00:00,2026-08-05,DraftKings official lineup CSV,https://www.draftkings.com/lineup/getavailableplayerscsv?contestTypeId=9&draftGroupId=151691,151691,9,Selected largest-prize regular Classic MLB draft group after excluding Turbo/Night/qualifier/satellite/showdown/snake/single-stat slates.,SP,Tyler Mahle (43755940),Tyler Mahle,43755940,P,7400,MIA@ATL 08/05/2026 07:15PM ET,08/05/2026 07:15PM ET,ATL,MIA,home,11.9,641816,Tyler Mahle,needs_review_team_change,identity_name_unique_mlbam,Name maps to one reviewed MLBAM identity but not this DK team; review as team-change/new alias before trusting automation.
2026-08-05,2026-08-05T15:40:32.372930+00:00,2026-08-05,DraftKings official lineup CSV,https://www.draftkings.com/lineup/getavailableplayerscsv?contestTypeId=9&draftGroupId=151691,151691,9,Selected largest-prize regular Classic MLB draft group after excluding Turbo/Night/qualifier/satellite/showdown/snake/single-stat slates.,RP,Martin Perez (43755941),Martin Perez,43755941,P,7400,MIA@ATL 08/05/2026 07:15PM ET,08/05/2026 07:15PM ET,ATL,MIA,home,12.3,527048,Martín Pérez,mapped,identity_name_team_map,Stable identity seed from old DK-ID map. Pilot join status: matched via normalized_name_team
2026-08-05,2026-08-05T15:40:32.372930+00:00,2026-08-05,DraftKings official lineup CSV,https://www.draftkings.com/lineup/getavailableplayerscsv?contestTypeId=9&draftGroupId=151691,151691,9,Selected largest-prize regular Classic MLB draft group after excluding Turbo/Night/qualifier/satellite/showdown/snake/single-stat slates.,SP,JR Ritchie (43755942),JR Ritchie,43755942,P,7400,MIA@ATL 08/05/2026 07:15PM ET,08/05/2026 07:15PM ET,ATL,MIA,home,9.1,702275,JR Ritchie,mapped,identity_name_team_map,Stable identity seed from old DK-ID map. Pilot join status: matched via normalized_name_team
2026-08-05,2026-08-05T15:40:32.372930+00:00,2026-08-05,DraftKings official lineup CSV,https://www.draftkings.com/lineup/getavailableplayerscsv?contestTypeId=9&draftGroupId=151691,151691,9,Selected largest-prize regular Classic MLB draft group after excluding Turbo/Night/qualifier/satellite/showdown/snake/single-stat slates.,SP,Robby Snelling (43755943),Robby Snelling,43755943,P,7300,MIA@ATL 08/05/2026 07:15PM ET,08/05/2026 07:15PM ET,MIA,ATL,away,3.9,702281,Robby Snelling,mapped,identity_name_team_map,Proposed from review candidates; basis=exact normalized name + team; role-compatible; statcast_pitcher_2026; confidence=high; sources=statcast_pitcher_2026
2026-08-05,2026-08-05T15:40:32.372930+00:00,2026-08-05,DraftKings official lineup CSV,https://www.draftkings.com/lineup/getavailableplayerscsv?contestTypeId=9&draftGroupId=151691,151691,9,Selected largest-prize regular Classic MLB draft group after excluding Turbo/Night/qualifier/satellite/showdown/snake/single-stat slates.,RP,David Sandlin (43755944),David Sandlin,43755944,P,7200,CWS@BOS 08/05/2026 07:10PM ET,08/05/2026 07:10PM ET,CWS,BOS,away,12.6,689818,David Sandlin,mapped,identity_name_team_map,Stable identity seed from old DK-ID map. Pilot join status: matched via normalized_name_team
2026-08-05,2026-08-05T15:40:32.372930+00:00,2026-08-05,DraftKings official lineup CSV,https://www.draftkings.com/lineup/getavailableplayerscsv?contestTypeId=9&draftGroupId=151691,151691,9,Selected largest-prize regular Classic MLB draft group after excluding Turbo/Night/qualifier/satellite/showdown/snake/single-stat slates.,SP,Davis Martin (43755945),Davis Martin,43755945,P,7200,CWS@BOS 08/05/2026 07:10PM ET,08/05/2026 07:10PM ET,CWS,BOS,away,14.2,663436,Davis Martin,mapped,identity_name_team_map,Stable identity seed from old DK-ID map. Pilot join status: matched via normalized_name_team
2026-08-05,2026-08-05T15:40:32.372930+00:00,2026-08-05,DraftKings official lineup CSV,https://www.draftkings.com/lineup/getavailableplayerscsv?contestTypeId=9&draftGroupId=151691,151691,9,Selected largest-prize regular Classic MLB draft group after excluding Turbo/Night/qualifier/satellite/showdown/snake/single-stat slates.,SP,Jonathan Cannon (43755946),Jonathan Cannon,43755946,P,7200,CWS@BOS 08/05/2026 07:10PM ET,08/05/2026 07:10PM ET,CWS,BOS,away,-3.8,686563,Jonathan Cannon,mapped,identity_name_team_map,Stable identity seed from old DK-ID map. Pilot join status: matched via normalized_name_team
2026-08-05,2026-08-05T15:40:32.372930+00:00,2026-08-05,DraftKings official lineup CSV,https://www.draftkings.com/lineup/getavailableplayerscsv?contestTypeId=9&draftGroupId=151691,151691,9,Selected largest-prize regular Classic MLB draft group after excluding Turbo/Night/qualifier/satellite/showdown/snake/single-stat slates.,RP,Shane Smith (43755947),Shane Smith,43755947,P,7200,CWS@BOS 08/05/2026 07:10PM ET,08/05/2026 07:10PM ET,CWS,BOS,away,2.5,681343,Shane Smith,mapped,identity_name_team_map,Stable identity seed from old DK-ID map. Pilot join status: matched via normalized_name_team
2026-08-05,2026-08-05T15:40:32.372930+00:00,2026-08-05,DraftKings official lineup CSV,https://www.draftkings.com/lineup/getavailableplayerscsv?contestTypeId=9&draftGroupId=151691,151691,9,Selected largest-prize regular Classic MLB draft group after excluding Turbo/Night/qualifier/satellite/showdown/snake/single-stat slates.,SP,Andre Pallante (43755564),Andre Pallante,43755564,P,7000,STL@NYY 08/05/2026 07:05PM ET,08/05/2026 07:05PM ET,STL,NYY,away,13.9,669467,Andre Pallante,mapped,identity_name_team_map,Stable identity seed from old DK-ID map. Pilot join status: matched via normalized_name_team
2026-08-05,2026-08-05T15:40:32.372930+00:00,2026-08-05,DraftKings official lineup CSV,https://www.draftkings.com/lineup/getavailableplayerscsv?contestTypeId=9&draftGroupId=151691,151691,9,Selected largest-prize regular Classic MLB draft group after excluding Turbo/Night/qualifier/satellite/showdown/snake/single-stat slates.,SP,Logan Evans (43755948),Logan Evans,43755948,P,7000,DET@SEA 08/05/2026 09:40PM ET,08/05/2026 09:40PM ET,SEA,DET,home,0,,,needs_review_new_player,identity_name_team_map,No reviewed normalized-name/team identity alias; do not auto-guess.
2026-08-05,2026-08-05T15:40:32.372930+00:00,2026-08-05,DraftKings official lineup CSV,https://www.draftkings.com/lineup/getavailableplayerscsv?contestTypeId=9&draftGroupId=151691,151691,9,Selected largest-prize regular Classic MLB draft group after excluding Turbo/Night/qualifier/satellite/showdown/snake/single-stat slates.,RP,Cooper Criswell (43755949),Cooper Criswell,43755949,P,7000,DET@SEA 08/05/2026 09:40PM ET,08/05/2026 09:40PM ET,SEA,DET,home,3,,,needs_review_new_player,identity_name_team_map,No reviewed normalized-name/team identity alias; do not auto-guess.
2026-08-05,2026-08-05T15:40:32.372930+00:00,2026-08-05,DraftKings official lineup CSV,https://www.draftkings.com/lineup/getavailableplayerscsv?contestTypeId=9&draftGroupId=151691,151691,9,Selected largest-prize regular Classic MLB draft group after excluding Turbo/Night/qualifier/satellite/showdown/snake/single-stat slates.,RP,Kyle Leahy (43755950),Kyle Leahy,43755950,P,7000,STL@NYY 08/05/2026 07:05PM ET,08/05/2026 07:05PM ET,STL,NYY,away,13.4,681517,Kyle Leahy,mapped,identity_name_team_map,Stable identity seed from old DK-ID map. Pilot join status: matched via normalized_name_team
2026-08-05,2026-08-05T15:40:32.372930+00:00,2026-08-05,DraftKings official lineup CSV,https://www.draftkings.com/lineup/getavailableplayerscsv?contestTypeId=9&draftGroupId=151691,151691,9,Selected largest-prize regular Classic MLB draft group after excluding Turbo/Night/qualifier/satellite/showdown/snake/single-stat slates.,SP,Michael McGreevy (43755951),Michael McGreevy,43755951,P,7000,STL@NYY 08/05/2026 07:05PM ET,08/05/2026 07:05PM ET,STL,NYY,away,12.1,700241,Michael McGreevy,mapped,identity_name_team_map,Stable identity seed from old DK-ID map. Pilot join status: matched via normalized_name_team
2026-08-05,2026-08-05T15:40:32.372930+00:00,2026-08-05,DraftKings official lineup CSV,https://www.draftkings.com/lineup/getavailableplayerscsv?contestTypeId=9&draftGroupId=151691,151691,9,Selected largest-prize regular Classic MLB draft group after excluding Turbo/Night/qualifier/satellite/showdown/snake/single-stat slates.,SP,Quinn Mathews (43755952),Quinn Mathews,43755952,P,7000,STL@NYY 08/05/2026 07:05PM ET,08/05/2026 07:05PM ET,STL,NYY,away,7.9,,,needs_review_new_player,identity_name_team_map,No reviewed normalized-name/team identity alias; do not auto-guess.
2026-08-05,2026-08-05T15:40:32.372930+00:00,2026-08-05,DraftKings official lineup CSV,https://www.draftkings.com/lineup/getavailableplayerscsv?contestTypeId=9&draftGroupId=151691,151691,9,Selected largest-prize regular Classic MLB draft group after excluding Turbo/Night/qualifier/satellite/showdown/snake/single-stat slates.,RP,Matthew Liberatore (43755953),Matthew Liberatore,43755953,P,7000,STL@NYY 08/05/2026 07:05PM ET,08/05/2026 07:05PM ET,STL,NYY,away,11.8,669461,Matthew Liberatore,mapped,identity_name_team_map,Stable identity seed from old DK-ID map. Pilot join status: matched via normalized_name_team
2026-08-05,2026-08-05T15:40:32.372930+00:00,2026-08-05,DraftKings official lineup CSV,https://www.draftkings.com/lineup/getavailableplayerscsv?contestTypeId=9&draftGroupId=151691,151691,9,Selected largest-prize regular Classic MLB draft group after excluding Turbo/Night/qualifier/satellite/showdown/snake/single-stat slates.,SP,Hunter Dobbins (43755954),Hunter Dobbins,43755954,P,7000,STL@NYY 08/05/2026 07:05PM ET,08/05/2026 07:05PM ET,STL,NYY,away,13.3,690928,Hunter Dobbins,mapped,identity_name_team_map,Stable identity seed from old DK-ID map. Pilot join status: matched via normalized_name_team
2026-08-05,2026-08-05T15:40:32.372930+00:00,2026-08-05,DraftKings official lineup CSV,https://www.draftkings.com/lineup/getavailableplayerscsv?contestTypeId=9&draftGroupId=151691,151691,9,Selected largest-prize regular Classic MLB draft group after excluding Turbo/Night/qualifier/satellite/showdown/snake/single-stat slates.,RP,Grant Holmes (43755955),Grant Holmes,43755955,P,6900,MIA@ATL 08/05/2026 07:15PM ET,08/05/2026 07:15PM ET,ATL,MIA,home,12.6,656550,Grant Holmes,mapped,identity_name_team_map,Stable identity seed from old DK-ID map. Pilot join status: matched via normalized_name_team
2026-08-05,2026-08-05T15:40:32.372930+00:00,2026-08-05,DraftKings official lineup CSV,https://www.draftkings.com/lineup/getavailableplayerscsv?contestTypeId=9&draftGroupId=151691,151691,9,Selected largest-prize regular Classic MLB draft group after excluding Turbo/Night/qualifier/satellite/showdown/snake/single-stat slates.,RP,Ryan Yarbrough (43755956),Ryan Yarbrough,43755956,P,6800,STL@NYY 08/05/2026 07:05PM ET,08/05/2026 07:05PM ET,NYY,STL,home,3,,,needs_review_new_player,identity_name_team_map,No reviewed normalized-name/team identity alias; do not auto-guess.
2026-08-05,2026-08-05T15:40:32.372930+00:00,2026-08-05,DraftKings official lineup CSV,https://www.draftkings.com/lineup/getavailableplayerscsv?contestTypeId=9&draftGroupId=151691,151691,9,Selected largest-prize regular Classic MLB draft group after excluding Turbo/Night/qualifier/satellite/showdown/snake/single-stat slates.,RP,Framber Valdez (43755957),Framber Valdez,43755957,P,6800,DET@SEA 08/05/2026 09:40PM ET,08/05/2026 09:40PM ET,DET,SEA,away,12.1,664285,Framber Valdez,mapped,identity_name_team_map,Proposed from review candidates; basis=exact normalized name + team; role-compatible; hot-dog-stand-latest.json|statcast_pitcher_2026; confidence=high; sources=hot-dog-stand-latest.json|statcast_pitcher_2026
2026-08-05,2026-08-05T15:40:32.372930+00:00,2026-08-05,DraftKings official lineup CSV,https://www.draftkings.com/lineup/getavailableplayerscsv?contestTypeId=9&draftGroupId=151691,151691,9,Selected largest-prize regular Classic MLB draft group after excluding Turbo/Night/qualifier/satellite/showdown/snake/single-stat slates.,SP,Reese Olson (43755958),Reese Olson,43755958,P,6800,DET@SEA 08/05/2026 09:40PM ET,08/05/2026 09:40PM ET,DET,SEA,away,0,,,needs_review_new_player,identity_name_team_map,No reviewed normalized-name/team identity alias; do not auto-guess.
2026-08-05,2026-08-05T15:40:32.372930+00:00,2026-08-05,DraftKings official lineup CSV,https://www.draftkings.com/lineup/getavailableplayerscsv?contestTypeId=9&draftGroupId=151691,151691,9,Selected largest-prize regular Classic MLB draft group after excluding Turbo/Night/qualifier/satellite/showdown/snake/single-stat slates.,SP,Jackson Jobe (43755959),Jackson Jobe,43755959,P,6800,DET@SEA 08/05/2026 09:40PM ET,08/05/2026 09:40PM ET,DET,SEA,away,0,,,needs_review_new_player,identity_name_team_map,No reviewed normalized-name/team identity alias; do not auto-guess.
2026-08-05,2026-08-05T15:40:32.372930+00:00,2026-08-05,DraftKings official lineup CSV,https://www.draftkings.com/lineup/getavailableplayerscsv?contestTypeId=9&draftGroupId=151691,151691,9,Selected largest-prize regular Classic MLB draft group after excluding Turbo/Night/qualifier/satellite/showdown/snake/single-stat slates.,SP,Justin Verlander (43755960),Justin Verlander,43755960,P,6800,DET@SEA 08/05/2026 09:40PM ET,08/05/2026 09:40PM ET,DET,SEA,away,-4.6,434378,Justin Verlander,mapped,identity_name_team_map,Proposed from review candidates; basis=exact normalized name + team; role-compatible; statcast_pitcher_2026; confidence=high; sources=statcast_pitcher_2026
2026-08-05,2026-08-05T15:40:32.372930+00:00,2026-08-05,DraftKings official lineup CSV,https://www.draftkings.com/lineup/getavailableplayerscsv?contestTypeId=9&draftGroupId=151691,151691,9,Selected largest-prize regular Classic MLB draft group after excluding Turbo/Night/qualifier/satellite/showdown/snake/single-stat slates.,SP,Patrick Sandoval (43755961),Patrick Sandoval,43755961,P,6800,CWS@BOS 08/05/2026 07:10PM ET,08/05/2026 07:10PM ET,BOS,CWS,home,13.1,,,needs_review_new_player,identity_name_team_map,No reviewed normalized-name/team identity alias; do not auto-guess.
2026-08-05,2026-08-05T15:40:32.372930+00:00,2026-08-05,DraftKings official lineup CSV,https://www.draftkings.com/lineup/getavailableplayerscsv?contestTypeId=9&draftGroupId=151691,151691,9,Selected largest-prize regular Classic MLB draft group after excluding Turbo/Night/qualifier/satellite/showdown/snake/single-stat slates.,SP,Tanner Houck (43755962),Tanner Houck,43755962,P,6800,CWS@BOS 08/05/2026 07:10PM ET,08/05/2026 07:10PM ET,BOS,CWS,home,0,,,needs_review_new_player,identity_name_team_map,No reviewed normalized-name/team identity alias; do not auto-guess.
2026-08-05,2026-08-05T15:40:32.372930+00:00,2026-08-05,DraftKings official lineup CSV,https://www.draftkings.com/lineup/getavailableplayerscsv?contestTypeId=9&draftGroupId=151691,151691,9,Selected largest-prize regular Classic MLB draft group after excluding Turbo/Night/qualifier/satellite/showdown/snake/single-stat slates.,SP,Kutter Crawford (43755963),Kutter Crawford,43755963,P,6800,CWS@BOS 08/05/2026 07:10PM ET,08/05/2026 07:10PM ET,BOS,CWS,home,0,,,needs_review_new_player,identity_name_team_map,No reviewed normalized-name/team identity alias; do not auto-guess.
2026-08-05,2026-08-05T15:40:32.372930+00:00,2026-08-05,DraftKings official lineup CSV,https://www.draftkings.com/lineup/getavailableplayerscsv?contestTypeId=9&draftGroupId=151691,151691,9,Selected largest-prize regular Classic MLB draft group after excluding Turbo/Night/qualifier/satellite/showdown/snake/single-stat slates.,RP,Eduardo Rivera (43755964),Eduardo Rivera,43755964,P,6800,CWS@BOS 08/05/2026 07:10PM ET,08/05/2026 07:10PM ET,BOS,CWS,home,5,,,needs_review_new_player,identity_name_team_map,No reviewed normalized-name/team identity alias; do not auto-guess.
2026-08-05,2026-08-05T15:40:32.372930+00:00,2026-08-05,DraftKings official lineup CSV,https://www.draftkings.com/lineup/getavailableplayerscsv?contestTypeId=9&draftGroupId=151691,151691,9,Selected largest-prize regular Classic MLB draft group after excluding Turbo/Night/qualifier/satellite/showdown/snake/single-stat slates.,SP,Noah Cameron (43755565),Noah Cameron,43755565,P,6600,MIN@KC 08/05/2026 07:40PM ET,08/05/2026 07:40PM ET,KC,MIN,home,13.4,702070,Noah Cameron,mapped,identity_name_team_map,Stable identity seed from old DK-ID map. Pilot join status: matched via normalized_name_team
2026-08-05,2026-08-05T15:40:32.372930+00:00,2026-08-05,DraftKings official lineup CSV,https://www.draftkings.com/lineup/getavailableplayerscsv?contestTypeId=9&draftGroupId=151691,151691,9,Selected largest-prize regular Classic MLB draft group after excluding Turbo/Night/qualifier/satellite/showdown/snake/single-stat slates.,SP,Cole Ragans (43755965),Cole Ragans,43755965,P,6600,MIN@KC 08/05/2026 07:40PM ET,08/05/2026 07:40PM ET,KC,MIN,home,13.2,666142,Cole Ragans,mapped,identity_name_team_map,Stable identity seed from old DK-ID map. Pilot join status: matched via normalized_name_team
2026-08-05,2026-08-05T15:40:32.372930+00:00,2026-08-05,DraftKings official lineup CSV,https://www.draftkings.com/lineup/getavailableplayerscsv?contestTypeId=9&draftGroupId=151691,151691,9,Selected largest-prize regular Classic MLB draft group after excluding Turbo/Night/qualifier/satellite/showdown/snake/single-stat slates.,SP,Michael Wacha (43755966),Michael Wacha,43755966,P,6600,MIN@KC 08/05/2026 07:40PM ET,08/05/2026 07:40PM ET,KC,MIN,home,15.7,608379,Michael Wacha,mapped,identity_name_team_map,Stable identity seed from old DK-ID map. Pilot join status: matched via normalized_name_team
2026-08-05,2026-08-05T15:40:32.372930+00:00,2026-08-05,DraftKings official lineup CSV,https://www.draftkings.com/lineup/getavailableplayerscsv?contestTypeId=9&draftGroupId=151691,151691,9,Selected largest-prize regular Classic MLB draft group after excluding Turbo/Night/qualifier/satellite/showdown/snake/single-stat slates.,RP,Seth Lugo (43755967),Seth Lugo,43755967,P,6600,MIN@KC 08/05/2026 07:40PM ET,08/05/2026 07:40PM ET,KC,MIN,home,11.6,607625,Seth Lugo,mapped,identity_name_team_map,Stable identity seed from old DK-ID map. Pilot join status: matched via normalized_name_team
2026-08-05,2026-08-05T15:40:32.372930+00:00,2026-08-05,DraftKings official lineup CSV,https://www.draftkings.com/lineup/getavailableplayerscsv?contestTypeId=9&draftGroupId=151691,151691,9,Selected largest-prize regular Classic MLB draft group after excluding Turbo/Night/qualifier/satellite/showdown/snake/single-stat slates.,RP,Lake Bachar (43755968),Lake Bachar,43755968,P,6600,PIT@MIL 08/05/2026 07:40PM ET,08/05/2026 07:40PM ET,PIT,MIL,away,4.4,669199,Lake Bachar,needs_review_team_change,identity_name_unique_mlbam,Name maps to one reviewed MLBAM identity but not this DK team; review as team-change/new alias before trusting automation.
2026-08-05,2026-08-05T15:40:32.372930+00:00,2026-08-05,DraftKings official lineup CSV,https://www.draftkings.com/lineup/getavailableplayerscsv?contestTypeId=9&draftGroupId=151691,151691,9,Selected largest-prize regular Classic MLB draft group after excluding Turbo/Night/qualifier/satellite/showdown/snake/single-stat slates.,SP,Colton Gordon (43755969),Colton Gordon,43755969,P,6500,PIT@MIL 08/05/2026 07:40PM ET,08/05/2026 07:40PM ET,MIL,PIT,home,1,676467,Colton Gordon,needs_review_team_change,identity_name_unique_mlbam,Name maps to one reviewed MLBAM identity but not this DK team; review as team-change/new alias before trusting automation.
2026-08-05,2026-08-05T15:40:32.372930+00:00,2026-08-05,DraftKings official lineup CSV,https://www.draftkings.com/lineup/getavailableplayerscsv?contestTypeId=9&draftGroupId=151691,151691,9,Selected largest-prize regular Classic MLB draft group after excluding Turbo/Night/qualifier/satellite/showdown/snake/single-stat slates.,SP,Quinn Priester (43755970),Quinn Priester,43755970,P,6500,PIT@MIL 08/05/2026 07:40PM ET,08/05/2026 07:40PM ET,MIL,PIT,home,0,682990,Quinn Priester,mapped,identity_name_team_map,Stable identity seed from old DK-ID map. Pilot join status: matched_people_search_name via mlb_people_search_normalized_name
2026-08-05,2026-08-05T15:40:32.372930+00:00,2026-08-05,DraftKings official lineup CSV,https://www.draftkings.com/lineup/getavailableplayerscsv?contestTypeId=9&draftGroupId=151691,151691,9,Selected largest-prize regular Classic MLB draft group after excluding Turbo/Night/qualifier/satellite/showdown/snake/single-stat slates.,SP,Ryne Nelson (43755971),Ryne Nelson,43755971,P,6500,SD@ARI 08/05/2026 09:40PM ET,08/05/2026 09:40PM ET,ARI,SD,home,11.1,,,needs_review_new_player,identity_name_team_map,No reviewed normalized-name/team identity alias; do not auto-guess.
2026-08-05,2026-08-05T15:40:32.372930+00:00,2026-08-05,DraftKings official lineup CSV,https://www.draftkings.com/lineup/getavailableplayerscsv?contestTypeId=9&draftGroupId=151691,151691,9,Selected largest-prize regular Classic MLB draft group after excluding Turbo/Night/qualifier/satellite/showdown/snake/single-stat slates.,SP,Brandon Pfaadt (43755972),Brandon Pfaadt,43755972,P,6500,SD@ARI 08/05/2026 09:40PM ET,08/05/2026 09:40PM ET,ARI,SD,home,8.8,,,needs_review_new_player,identity_name_team_map,No reviewed normalized-name/team identity alias; do not auto-guess.
2026-08-05,2026-08-05T15:40:32.372930+00:00,2026-08-05,DraftKings official lineup CSV,https://www.draftkings.com/lineup/getavailableplayerscsv?contestTypeId=9&draftGroupId=151691,151691,9,Selected largest-prize regular Classic MLB draft group after excluding Turbo/Night/qualifier/satellite/showdown/snake/single-stat slates.,SP,Merrill Kelly (43755973),Merrill Kelly,43755973,P,6500,SD@ARI 08/05/2026 09:40PM ET,08/05/2026 09:40PM ET,ARI,SD,home,10.6,,,needs_review_new_player,identity_name_team_map,No reviewed normalized-name/team identity alias; do not auto-guess.
2026-08-05,2026-08-05T15:40:32.372930+00:00,2026-08-05,DraftKings official lineup CSV,https://www.draftkings.com/lineup/getavailableplayerscsv?contestTypeId=9&draftGroupId=151691,151691,9,Selected largest-prize regular Classic MLB draft group after excluding Turbo/Night/qualifier/satellite/showdown/snake/single-stat slates.,SP,JP Sears (43755974),JP Sears,43755974,P,6500,SD@ARI 08/05/2026 09:40PM ET,08/05/2026 09:40PM ET,SD,ARI,away,9.2,676664,JP Sears,mapped,identity_name_team_map,Stable identity seed from old DK-ID map. Pilot join status: matched_people_search_name via mlb_people_search_normalized_name
2026-08-05,2026-08-05T15:40:32.372930+00:00,2026-08-05,DraftKings official lineup CSV,https://www.draftkings.com/lineup/getavailableplayerscsv?contestTypeId=9&draftGroupId=151691,151691,9,Selected largest-prize regular Classic MLB draft group after excluding Turbo/Night/qualifier/satellite/showdown/snake/single-stat slates.,SP,Walker Buehler (43755975),Walker Buehler,43755975,P,6500,SD@ARI 08/05/2026 09:40PM ET,08/05/2026 09:40PM ET,SD,ARI,away,10.4,621111,Walker Buehler,mapped,identity_name_team_map,Stable identity seed from old DK-ID map. Pilot join status: matched via normalized_name_team
2026-08-05,2026-08-05T15:40:32.372930+00:00,2026-08-05,DraftKings official lineup CSV,https://www.draftkings.com/lineup/getavailableplayerscsv?contestTypeId=9&draftGroupId=151691,151691,9,Selected largest-prize regular Classic MLB draft group after excluding Turbo/Night/qualifier/satellite/showdown/snake/single-stat slates.,SP,German Marquez (43755976),German Marquez,43755976,P,6500,SD@ARI 08/05/2026 09:40PM ET,08/05/2026 09:40PM ET,SD,ARI,away,7.6,608566,Germán Márquez,mapped,identity_name_team_map,Stable identity seed from old DK-ID map. Pilot join status: matched via normalized_name_team
2026-08-05,2026-08-05T15:40:32.372930+00:00,2026-08-05,DraftKings official lineup CSV,https://www.draftkings.com/lineup/getavailableplayerscsv?contestTypeId=9&draftGroupId=151691,151691,9,Selected largest-prize regular Classic MLB draft group after excluding Turbo/Night/qualifier/satellite/showdown/snake/single-stat slates.,SP,Lucas Giolito (43755977),Lucas Giolito,43755977,P,6500,SD@ARI 08/05/2026 09:40PM ET,08/05/2026 09:40PM ET,SD,ARI,away,6.2,608337,Lucas Giolito,mapped,identity_name_team_map,Stable identity seed from old DK-ID map. Pilot join status: matched via normalized_name_team
2026-08-05,2026-08-05T15:40:32.372930+00:00,2026-08-05,DraftKings official lineup CSV,https://www.draftkings.com/lineup/getavailableplayerscsv?contestTypeId=9&draftGroupId=151691,151691,9,Selected largest-prize regular Classic MLB draft group after excluding Turbo/Night/qualifier/satellite/showdown/snake/single-stat slates.,RP,Joey Wentz (43755978),Joey Wentz,43755978,P,6400,MIA@ATL 08/05/2026 07:15PM ET,08/05/2026 07:15PM ET,ATL,MIA,home,0,666214,Joey Wentz,mapped,identity_name_team_map,Stable identity seed from old DK-ID map. Pilot join status: matched_people_search_name via mlb_people_search_normalized_name
2026-08-05,2026-08-05T15:40:32.372930+00:00,2026-08-05,DraftKings official lineup CSV,https://www.draftkings.com/lineup/getavailableplayerscsv?contestTypeId=9&draftGroupId=151691,151691,9,Selected largest-prize regular Classic MLB draft group after excluding Turbo/Night/qualifier/satellite/showdown/snake/single-stat slates.,RP,Victor Mederos (43755979),Victor Mederos,43755979,P,6400,MIA@ATL 08/05/2026 07:15PM ET,08/05/2026 07:15PM ET,ATL,MIA,home,3.7,682989,Victor Mederos,mapped,identity_name_team_map,Stable identity seed from old DK-ID map. Pilot join status: matched via normalized_name_team
2026-08-05,2026-08-05T15:40:32.372930+00:00,2026-08-05,DraftKings official lineup CSV,https://www.draftkings.com/lineup/getavailableplayerscsv?contestTypeId=9&draftGroupId=151691,151691,9,Selected largest-prize regular Classic MLB draft group after excluding Turbo/Night/qualifier/satellite/showdown/snake/single-stat slates.,RP,Didier Fuentes (43755980),Didier Fuentes,43755980,P,6400,MIA@ATL 08/05/2026 07:15PM ET,08/05/2026 07:15PM ET,ATL,MIA,home,4.8,800311,Didier Fuentes,mapped,identity_name_team_map,Stable identity seed from old DK-ID map. Pilot join status: matched via normalized_name_team
2026-08-05,2026-08-05T15:40:32.372930+00:00,2026-08-05,DraftKings official lineup CSV,https://www.draftkings.com/lineup/getavailableplayerscsv?contestTypeId=9&draftGroupId=151691,151691,9,Selected largest-prize regular Classic MLB draft group after excluding Turbo/Night/qualifier/satellite/showdown/snake/single-stat slates.,SP,Hurston Waldrep (43755981),Hurston Waldrep,43755981,P,6400,MIA@ATL 08/05/2026 07:15PM ET,08/05/2026 07:15PM ET,ATL,MIA,home,2.3,694462,Hurston Waldrep,mapped,identity_name_team_map,Stable identity seed from old DK-ID map. Pilot join status: matched_people_search_name via mlb_people_search_normalized_name
2026-08-05,2026-08-05T15:40:32.372930+00:00,2026-08-05,DraftKings official lineup CSV,https://www.draftkings.com/lineup/getavailableplayerscsv?contestTypeId=9&draftGroupId=151691,151691,9,Selected largest-prize regular Classic MLB draft group after excluding Turbo/Night/qualifier/satellite/showdown/snake/single-stat slates.,SP,Dean Kremer (43755566),Dean Kremer,43755566,P,6300,MIN@KC 08/05/2026 07:40PM ET,08/05/2026 07:40PM ET,MIN,KC,away,11.4,,,needs_review_new_player,identity_name_team_map,No reviewed normalized-name/team identity alias; do not auto-guess.
2026-08-05,2026-08-05T15:40:32.372930+00:00,2026-08-05,DraftKings official lineup CSV,https://www.draftkings.com/lineup/getavailableplayerscsv?contestTypeId=9&draftGroupId=151691,151691,9,Selected largest-prize regular Classic MLB draft group after excluding Turbo/Night/qualifier/satellite/showdown/snake/single-stat slates.,SP,Connor Prielipp (43755982),Connor Prielipp,43755982,P,6300,MIN@KC 08/05/2026 07:40PM ET,08/05/2026 07:40PM ET,MIN,KC,away,13.5,687570,Connor Prielipp,mapped,identity_name_team_map,Proposed from review candidates; basis=exact normalized name + team; role-compatible; statcast_pitcher_2026; confidence=high; sources=statcast_pitcher_2026
2026-08-05,2026-08-05T15:40:32.372930+00:00,2026-08-05,DraftKings official lineup CSV,https://www.draftkings.com/lineup/getavailableplayerscsv?contestTypeId=9&draftGroupId=151691,151691,9,Selected largest-prize regular Classic MLB draft group after excluding Turbo/Night/qualifier/satellite/showdown/snake/single-stat slates.,RP,Jack Anderson (43755983),Jack Anderson,43755983,P,6300,MIN@KC 08/05/2026 07:40PM ET,08/05/2026 07:40PM ET,MIN,KC,away,6,,,needs_review_new_player,identity_name_team_map,No reviewed normalized-name/team identity alias; do not auto-guess.
2026-08-05,2026-08-05T15:40:32.372930+00:00,2026-08-05,DraftKings official lineup CSV,https://www.draftkings.com/lineup/getavailableplayerscsv?contestTypeId=9&draftGroupId=151691,151691,9,Selected largest-prize regular Classic MLB draft group after excluding Turbo/Night/qualifier/satellite/showdown/snake/single-stat slates.,SP,Zebby Matthews (43755984),Zebby Matthews,43755984,P,6300,MIN@KC 08/05/2026 07:40PM ET,08/05/2026 07:40PM ET,MIN,KC,away,12.6,805673,Zebby Matthews,mapped,identity_name_team_map,Proposed from review candidates; basis=exact normalized name + team; role-compatible; hot-dog-stand-latest.json|statcast_pitcher_2026; confidence=high; sources=hot-dog-stand-latest.json|statcast_pitcher_2026
2026-08-05,2026-08-05T15:40:32.372930+00:00,2026-08-05,DraftKings official lineup CSV,https://www.draftkings.com/lineup/getavailableplayerscsv?contestTypeId=9&draftGroupId=151691,151691,9,Selected largest-prize regular Classic MLB draft group after excluding Turbo/Night/qualifier/satellite/showdown/snake/single-stat slates.,SP,Bailey Ober (43755985),Bailey Ober,43755985,P,6300,MIN@KC 08/05/2026 07:40PM ET,08/05/2026 07:40PM ET,MIN,KC,away,12.7,641927,Bailey Ober,mapped,identity_name_team_map,Proposed from review candidates; basis=exact normalized name + team; role-compatible; hot-dog-stand-latest.json|statcast_pitcher_2026; confidence=high; sources=hot-dog-stand-latest.json|statcast_pitcher_2026
2026-08-05,2026-08-05T15:40:32.372930+00:00,2026-08-05,DraftKings official lineup CSV,https://www.draftkings.com/lineup/getavailableplayerscsv?contestTypeId=9&draftGroupId=151691,151691,9,Selected largest-prize regular Classic MLB draft group after excluding Turbo/Night/qualifier/satellite/showdown/snake/single-stat slates.,SP,David Festa (43755986),David Festa,43755986,P,6300,MIN@KC 08/05/2026 07:40PM ET,08/05/2026 07:40PM ET,MIN,KC,away,0,,,needs_review_new_player,identity_name_team_map,No reviewed normalized-name/team identity alias; do not auto-guess.
2026-08-05,2026-08-05T15:40:32.372930+00:00,2026-08-05,DraftKings official lineup CSV,https://www.draftkings.com/lineup/getavailableplayerscsv?contestTypeId=9&draftGroupId=151691,151691,9,Selected largest-prize regular Classic MLB draft group after excluding Turbo/Night/qualifier/satellite/showdown/snake/single-stat slates.,RP,Janson Junk (43755987),Janson Junk,43755987,P,6300,MIA@ATL 08/05/2026 07:15PM ET,08/05/2026 07:15PM ET,MIA,ATL,away,11.7,676083,Janson Junk,mapped,identity_name_team_map,Proposed from review candidates; basis=exact normalized name + team; role-compatible; hot-dog-stand-latest.json|statcast_pitcher_2026; confidence=high; sources=hot-dog-stand-latest.json|statcast_pitcher_2026
2026-08-05,2026-08-05T15:40:32.372930+00:00,2026-08-05,DraftKings official lineup CSV,https://www.draftkings.com/lineup/getavailableplayerscsv?contestTypeId=9&draftGroupId=151691,151691,9,Selected largest-prize regular Classic MLB draft group after excluding Turbo/Night/qualifier/satellite/showdown/snake/single-stat slates.,RP,Tyler Phillips (43755988),Tyler Phillips,43755988,P,6300,MIA@ATL 08/05/2026 07:15PM ET,08/05/2026 07:15PM ET,MIA,ATL,away,7.2,663969,Tyler Phillips,mapped,identity_name_team_map,Proposed from review candidates; basis=exact normalized name + team; role-compatible; statcast_pitcher_2026; confidence=high; sources=statcast_pitcher_2026
2026-08-05,2026-08-05T15:40:32.372930+00:00,2026-08-05,DraftKings official lineup CSV,https://www.draftkings.com/lineup/getavailableplayerscsv?contestTypeId=9&draftGroupId=151691,151691,9,Selected largest-prize regular Classic MLB draft group after excluding Turbo/Night/qualifier/satellite/showdown/snake/single-stat slates.,RP,Jose Urquidy (43755989),Jose Urquidy,43755989,P,6200,CWS@BOS 08/05/2026 07:10PM ET,08/05/2026 07:10PM ET,CWS,BOS,away,0.8,,,needs_review_new_player,identity_name_team_map,No reviewed normalized-name/team identity alias; do not auto-guess.
2026-08-05,2026-08-05T15:40:32.372930+00:00,2026-08-05,DraftKings official lineup CSV,https://www.draftkings.com/lineup/getavailableplayerscsv?contestTypeId=9&draftGroupId=151691,151691,9,Selected largest-prize regular Classic MLB draft group after excluding Turbo/Night/qualifier/satellite/showdown/snake/single-stat slates.,RP,Trevor Richards (43755990),Trevor Richards,43755990,P,6200,CWS@BOS 08/05/2026 07:10PM ET,08/05/2026 07:10PM ET,CWS,BOS,away,4.3,670950,Trevor Richards,mapped,identity_name_team_map,Stable identity seed from old DK-ID map. Pilot join status: matched via normalized_name_team
2026-08-05,2026-08-05T15:40:32.372930+00:00,2026-08-05,DraftKings official lineup CSV,https://www.draftkings.com/lineup/getavailableplayerscsv?contestTypeId=9&draftGroupId=151691,151691,9,Selected largest-prize regular Classic MLB draft group after excluding Turbo/Night/qualifier/satellite/showdown/snake/single-stat slates.,RP,Mike Vasil (43755991),Mike Vasil,43755991,P,6200,CWS@BOS 08/05/2026 07:10PM ET,08/05/2026 07:10PM ET,CWS,BOS,away,0,678024,Mike Vasil,mapped,identity_name_team_map,Stable identity seed from old DK-ID map. Pilot join status: matched_people_search_name via mlb_people_search_normalized_name
2026-08-05,2026-08-05T15:40:32.372930+00:00,2026-08-05,DraftKings official lineup CSV,https://www.draftkings.com/lineup/getavailableplayerscsv?contestTypeId=9&draftGroupId=151691,151691,9,Selected largest-prize regular Classic MLB draft group after excluding Turbo/Night/qualifier/satellite/showdown/snake/single-stat slates.,RP,Joe Rock (43755992),Joe Rock,43755992,P,6200,CWS@BOS 08/05/2026 07:10PM ET,08/05/2026 07:10PM ET,CWS,BOS,away,6.2,697812,Joe Rock,mapped,identity_name_team_map,Stable identity seed from old DK-ID map. Pilot join status: matched_people_search_name via mlb_people_search_normalized_name
2026-08-05,2026-08-05T15:40:32.372930+00:00,2026-08-05,DraftKings official lineup CSV,https://www.draftkings.com/lineup/getavailableplayerscsv?contestTypeId=9&draftGroupId=151691,151691,9,Selected largest-prize regular Classic MLB draft group after excluding Turbo/Night/qualifier/satellite/showdown/snake/single-stat slates.,SP,Erick Fedde (43755993),Erick Fedde,43755993,P,6200,CWS@BOS 08/05/2026 07:10PM ET,08/05/2026 07:10PM ET,CWS,BOS,away,9.5,607200,Erick Fedde,mapped,identity_name_team_map,Stable identity seed from old DK-ID map. Pilot join status: matched via normalized_name_team
2026-08-05,2026-08-05T15:40:32.372930+00:00,2026-08-05,DraftKings official lineup CSV,https://www.draftkings.com/lineup/getavailableplayerscsv?contestTypeId=9&draftGroupId=151691,151691,9,Selected largest-prize regular Classic MLB draft group after excluding Turbo/Night/qualifier/satellite/showdown/snake/single-stat slates.,RP,Anthony Kay (43755994),Anthony Kay,43755994,P,6200,CWS@BOS 08/05/2026 07:10PM ET,08/05/2026 07:10PM ET,CWS,BOS,away,11.2,641743,Anthony Kay,mapped,identity_name_team_map,Stable identity seed from old DK-ID map. Pilot join status: matched via normalized_name_team
2026-08-05,2026-08-05T15:40:32.372930+00:00,2026-08-05,DraftKings official lineup CSV,https://www.draftkings.com/lineup/getavailableplayerscsv?contestTypeId=9&draftGroupId=151691,151691,9,Selected largest-prize regular Classic MLB draft group after excluding Turbo/Night/qualifier/satellite/showdown/snake/single-stat slates.,SP,Luis Castillo (43755995),Luis Castillo,43755995,P,6200,CWS@BOS 08/05/2026 07:10PM ET,08/05/2026 07:10PM ET,CWS,BOS,away,10.5,,,needs_review_new_player,identity_name_team_map,No reviewed normalized-name/team identity alias; do not auto-guess.
2026-08-05,2026-08-05T15:40:32.372930+00:00,2026-08-05,DraftKings official lineup CSV,https://www.draftkings.com/lineup/getavailableplayerscsv?contestTypeId=9&draftGroupId=151691,151691,9,Selected largest-prize regular Classic MLB draft group after excluding Turbo/Night/qualifier/satellite/showdown/snake/single-stat slates.,RP,Grant Taylor (43755996),Grant Taylor,43755996,P,6200,CWS@BOS 08/05/2026 07:10PM ET,08/05/2026 07:10PM ET,CWS,BOS,away,5.6,691799,Grant Taylor,mapped,identity_name_team_map,Stable identity seed from old DK-ID map. Pilot join status: matched via normalized_name_team
2026-08-05,2026-08-05T15:40:32.372930+00:00,2026-08-05,DraftKings official lineup CSV,https://www.draftkings.com/lineup/getavailableplayerscsv?contestTypeId=9&draftGroupId=151691,151691,9,Selected largest-prize regular Classic MLB draft group after excluding Turbo/Night/qualifier/satellite/showdown/snake/single-stat slates.,SP,Noah Schultz (43755997),Noah Schultz,43755997,P,6200,CWS@BOS 08/05/2026 07:10PM ET,08/05/2026 07:10PM ET,CWS,BOS,away,9.4,702273,Noah Schultz,mapped,identity_name_team_map,Stable identity seed from old DK-ID map. Pilot join status: matched via normalized_name_team
2026-08-05,2026-08-05T15:40:32.372930+00:00,2026-08-05,DraftKings official lineup CSV,https://www.draftkings.com/lineup/getavailableplayerscsv?contestTypeId=9&draftGroupId=151691,151691,9,Selected largest-prize regular Classic MLB draft group after excluding Turbo/Night/qualifier/satellite/showdown/snake/single-stat slates.,OF,Fernando Tatis Jr. (43755569),Fernando Tatis Jr.,43755569,OF,6000,SD@ARI 08/05/2026 09:40PM ET,08/05/2026 09:40PM ET,SD,ARI,away,8.3,665487,Fernando Tatis Jr.,mapped,identity_name_team_map,Stable identity seed from old DK-ID map. Pilot join status: matched via normalized_name_team
2026-08-05,2026-08-05T15:40:32.372930+00:00,2026-08-05,DraftKings official lineup CSV,https://www.draftkings.com/lineup/getavailableplayerscsv?contestTypeId=9&draftGroupId=151691,151691,9,Selected largest-prize regular Classic MLB draft group after excluding Turbo/Night/qualifier/satellite/showdown/snake/single-stat slates.,OF,Aaron Judge (43755774),Aaron Judge,43755774,OF,6000,STL@NYY 08/05/2026 07:05PM ET,08/05/2026 07:05PM ET,NYY,STL,home,9.7,,,needs_review_new_player,identity_name_team_map,No reviewed normalized-name/team identity alias; do not auto-guess.
2026-08-05,2026-08-05T15:40:32.372930+00:00,2026-08-05,DraftKings official lineup CSV,https://www.draftkings.com/lineup/getavailableplayerscsv?contestTypeId=9&draftGroupId=151691,151691,9,Selected largest-prize regular Classic MLB draft group after excluding Turbo/Night/qualifier/satellite/showdown/snake/single-stat slates.,SP,Tekoah Roby (43755998),Tekoah Roby,43755998,P,6000,STL@NYY 08/05/2026 07:05PM ET,08/05/2026 07:05PM ET,STL,NYY,away,0,694358,Tekoah Roby,mapped,identity_name_team_map,Stable identity seed from old DK-ID map. Pilot join status: matched_people_search_name via mlb_people_search_normalized_name
2026-08-05,2026-08-05T15:40:32.372930+00:00,2026-08-05,DraftKings official lineup CSV,https://www.draftkings.com/lineup/getavailableplayerscsv?contestTypeId=9&draftGroupId=151691,151691,9,Selected largest-prize regular Classic MLB draft group after excluding Turbo/Night/qualifier/satellite/showdown/snake/single-stat slates.,SP,Brycen Mautz (43755999),Brycen Mautz,43755999,P,6000,STL@NYY 08/05/2026 07:05PM ET,08/05/2026 07:05PM ET,STL,NYY,away,3.2,802408,Brycen Mautz,mapped,identity_name_team_map,Stable identity seed from old DK-ID map. Pilot join status: matched via normalized_name_team
2026-08-05,2026-08-05T15:40:32.372930+00:00,2026-08-05,DraftKings official lineup CSV,https://www.draftkings.com/lineup/getavailableplayerscsv?contestTypeId=9&draftGroupId=151691,151691,9,Selected largest-prize regular Classic MLB draft group after excluding Turbo/Night/qualifier/satellite/showdown/snake/single-stat slates.,SP,Richard Fitts (43756000),Richard Fitts,43756000,P,6000,STL@NYY 08/05/2026 07:05PM ET,08/05/2026 07:05PM ET,STL,NYY,away,0,690916,Richard Fitts,mapped,identity_name_team_map,Stable identity seed from old DK-ID map. Pilot join status: matched_people_search_name via mlb_people_search_normalized_name
2026-08-05,2026-08-05T15:40:32.372930+00:00,2026-08-05,DraftKings official lineup CSV,https://www.draftkings.com/lineup/getavailableplayerscsv?contestTypeId=9&draftGroupId=151691,151691,9,Selected largest-prize regular Classic MLB draft group after excluding Turbo/Night/qualifier/satellite/showdown/snake/single-stat slates.,1B,Ben Rice (43755570),Ben Rice,43755570,1B,5900,STL@NYY 08/05/2026 07:05PM ET,08/05/2026 07:05PM ET,NYY,STL,home,9.2,,,needs_review_new_player,identity_name_team_map,No reviewed normalized-name/team identity alias; do not auto-guess.
2026-08-05,2026-08-05T15:40:32.372930+00:00,2026-08-05,DraftKings official lineup CSV,https://www.draftkings.com/lineup/getavailableplayerscsv?contestTypeId=9&draftGroupId=151691,151691,9,Selected largest-prize regular Classic MLB draft group after excluding Turbo/Night/qualifier/satellite/showdown/snake/single-stat slates.,SP,Ty Madden (43755567),Ty Madden,43755567,P,5800,DET@SEA 08/05/2026 09:40PM ET,08/05/2026 09:40PM ET,DET,SEA,away,9.3,680744,Ty Madden,mapped,identity_name_team_map,Proposed from review candidates; basis=exact normalized name + team; role-compatible; statcast_pitcher_2026; confidence=high; sources=statcast_pitcher_2026
2026-08-05,2026-08-05T15:40:32.372930+00:00,2026-08-05,DraftKings official lineup CSV,https://www.draftkings.com/lineup/getavailableplayerscsv?contestTypeId=9&draftGroupId=151691,151691,9,Selected largest-prize regular Classic MLB draft group after excluding Turbo/Night/qualifier/satellite/showdown/snake/single-stat slates.,1B,Munetaka Murakami (43755571),Munetaka Murakami,43755571,1B,5800,CWS@BOS 08/05/2026 07:10PM ET,08/05/2026 07:10PM ET,CWS,BOS,away,9.5,808959,Munetaka Murakami,mapped,identity_name_team_map,Stable identity seed from old DK-ID map. Pilot join status: matched via normalized_name_team
2026-08-05,2026-08-05T15:40:32.372930+00:00,2026-08-05,DraftKings official lineup CSV,https://www.draftkings.com/lineup/getavailableplayerscsv?contestTypeId=9&draftGroupId=151691,151691,9,Selected largest-prize regular Classic MLB draft group after excluding Turbo/Night/qualifier/satellite/showdown/snake/single-stat slates.,SS,Bobby Witt Jr. (43755775),Bobby Witt Jr.,43755775,SS,5800,MIN@KC 08/05/2026 07:40PM ET,08/05/2026 07:40PM ET,KC,MIN,home,9.3,677951,Bobby Witt Jr.,mapped,identity_name_team_map,Stable identity seed from old DK-ID map. Pilot join status: matched via normalized_name_team
2026-08-05,2026-08-05T15:40:32.372930+00:00,2026-08-05,DraftKings official lineup CSV,https://www.draftkings.com/lineup/getavailableplayerscsv?contestTypeId=9&draftGroupId=151691,151691,9,Selected largest-prize regular Classic MLB draft group after excluding Turbo/Night/qualifier/satellite/showdown/snake/single-stat slates.,RP,Paul Blackburn (43756001),Paul Blackburn,43756001,P,5800,STL@NYY 08/05/2026 07:05PM ET,08/05/2026 07:05PM ET,NYY,STL,home,4.5,,,needs_review_new_player,identity_name_team_map,No reviewed normalized-name/team identity alias; do not auto-guess.
2026-08-05,2026-08-05T15:40:32.372930+00:00,2026-08-05,DraftKings official lineup CSV,https://www.draftkings.com/lineup/getavailableplayerscsv?contestTypeId=9&draftGroupId=151691,151691,9,Selected largest-prize regular Classic MLB draft group after excluding Turbo/Night/qualifier/satellite/showdown/snake/single-stat slates.,SP,Elmer Rodriguez (43756002),Elmer Rodriguez,43756002,P,5800,STL@NYY 08/05/2026 07:05PM ET,08/05/2026 07:05PM ET,NYY,STL,home,5.1,,,needs_review_new_player,identity_name_team_map,No reviewed normalized-name/team identity alias; do not auto-guess.
2026-08-05,2026-08-05T15:40:32.372930+00:00,2026-08-05,DraftKings official lineup CSV,https://www.draftkings.com/lineup/getavailableplayerscsv?contestTypeId=9&draftGroupId=151691,151691,9,Selected largest-prize regular Classic MLB draft group after excluding Turbo/Night/qualifier/satellite/showdown/snake/single-stat slates.,SP,Luis Gil (43756003),Luis Gil,43756003,P,5800,STL@NYY 08/05/2026 07:05PM ET,08/05/2026 07:05PM ET,NYY,STL,home,5.5,,,needs_review_new_player,identity_name_team_map,No reviewed normalized-name/team identity alias; do not auto-guess.
2026-08-05,2026-08-05T15:40:32.372930+00:00,2026-08-05,DraftKings official lineup CSV,https://www.draftkings.com/lineup/getavailableplayerscsv?contestTypeId=9&draftGroupId=151691,151691,9,Selected largest-prize regular Classic MLB draft group after excluding Turbo/Night/qualifier/satellite/showdown/snake/single-stat slates.,SP,Yilber Diaz (43756004),Yilber Diaz,43756004,P,5800,DET@SEA 08/05/2026 09:40PM ET,08/05/2026 09:40PM ET,DET,SEA,away,-5.1,,,needs_review_new_player,identity_name_team_map,No reviewed normalized-name/team identity alias; do not auto-guess.
2026-08-05,2026-08-05T15:40:32.372930+00:00,2026-08-05,DraftKings official lineup CSV,https://www.draftkings.com/lineup/getavailableplayerscsv?contestTypeId=9&draftGroupId=151691,151691,9,Selected largest-prize regular Classic MLB draft group after excluding Turbo/Night/qualifier/satellite/showdown/snake/single-stat slates.,RP,Sawyer Gipson-Long (43756005),Sawyer Gipson-Long,43756005,P,5800,DET@SEA 08/05/2026 09:40PM ET,08/05/2026 09:40PM ET,DET,SEA,away,0,,,needs_review_new_player,identity_name_team_map,No reviewed normalized-name/team identity alias; do not auto-guess.
2026-08-05,2026-08-05T15:40:32.372930+00:00,2026-08-05,DraftKings official lineup CSV,https://www.draftkings.com/lineup/getavailableplayerscsv?contestTypeId=9&draftGroupId=151691,151691,9,Selected largest-prize regular Classic MLB draft group after excluding Turbo/Night/qualifier/satellite/showdown/snake/single-stat slates.,SP,Brayan Bello (43756006),Brayan Bello,43756006,P,5800,CWS@BOS 08/05/2026 07:10PM ET,08/05/2026 07:10PM ET,BOS,CWS,home,9.2,,,needs_review_new_player,identity_name_team_map,No reviewed normalized-name/team identity alias; do not auto-guess.
2026-08-05,2026-08-05T15:40:32.372930+00:00,2026-08-05,DraftKings official lineup CSV,https://www.draftkings.com/lineup/getavailableplayerscsv?contestTypeId=9&draftGroupId=151691,151691,9,Selected largest-prize regular Classic MLB draft group after excluding Turbo/Night/qualifier/satellite/showdown/snake/single-stat slates.,SP,Johan Oviedo (43756007),Johan Oviedo,43756007,P,5800,CWS@BOS 08/05/2026 07:10PM ET,08/05/2026 07:10PM ET,BOS,CWS,home,1.5,,,needs_review_new_player,identity_name_team_map,No reviewed normalized-name/team identity alias; do not auto-guess.
2026-08-05,2026-08-05T15:40:32.372930+00:00,2026-08-05,DraftKings official lineup CSV,https://www.draftkings.com/lineup/getavailableplayerscsv?contestTypeId=9&draftGroupId=151691,151691,9,Selected largest-prize regular Classic MLB draft group after excluding Turbo/Night/qualifier/satellite/showdown/snake/single-stat slates.,RP,Kendry Rojas (43756008),Kendry Rojas,43756008,P,5800,MIN@KC 08/05/2026 07:40PM ET,08/05/2026 07:40PM ET,MIN,KC,away,7.4,696070,Kendry Rojas,mapped,identity_name_team_map,Proposed from review candidates; basis=exact normalized name + team; role-compatible; statcast_pitcher_2026; confidence=high; sources=statcast_pitcher_2026
2026-08-05,2026-08-05T15:40:32.372930+00:00,2026-08-05,DraftKings official lineup CSV,https://www.draftkings.com/lineup/getavailableplayerscsv?contestTypeId=9&draftGroupId=151691,151691,9,Selected largest-prize regular Classic MLB draft group after excluding Turbo/Night/qualifier/satellite/showdown/snake/single-stat slates.,RP,Yoendrys Gomez (43756009),Yoendrys Gomez,43756009,P,5800,MIN@KC 08/05/2026 07:40PM ET,08/05/2026 07:40PM ET,MIN,KC,away,2.9,672782,Yoendrys Gómez,mapped,identity_name_team_map,Proposed from review candidates; basis=exact normalized name + team; role-compatible; hot-dog-stand-latest.json; confidence=high; sources=hot-dog-stand-latest.json
2026-08-05,2026-08-05T15:40:32.372930+00:00,2026-08-05,DraftKings official lineup CSV,https://www.draftkings.com/lineup/getavailableplayerscsv?contestTypeId=9&draftGroupId=151691,151691,9,Selected largest-prize regular Classic MLB draft group after excluding Turbo/Night/qualifier/satellite/showdown/snake/single-stat slates.,RP,Marco Raya (43756010),Marco Raya,43756010,P,5800,MIN@KC 08/05/2026 07:40PM ET,08/05/2026 07:40PM ET,MIN,KC,away,4.2,,,needs_review_new_player,identity_name_team_map,No reviewed normalized-name/team identity alias; do not auto-guess.
2026-08-05,2026-08-05T15:40:32.372930+00:00,2026-08-05,DraftKings official lineup CSV,https://www.draftkings.com/lineup/getavailableplayerscsv?contestTypeId=9&draftGroupId=151691,151691,9,Selected largest-prize regular Classic MLB draft group after excluding Turbo/Night/qualifier/satellite/showdown/snake/single-stat slates.,RP,Mike Paredes (43756011),Mike Paredes,43756011,P,5800,MIN@KC 08/05/2026 07:40PM ET,08/05/2026 07:40PM ET,MIN,KC,away,5.3,702474,Mike Paredes,mapped,identity_name_team_map,Proposed from review candidates; basis=exact normalized name + team; role-compatible; statcast_pitcher_2026; confidence=high; sources=statcast_pitcher_2026
2026-08-05,2026-08-05T15:40:32.372930+00:00,2026-08-05,DraftKings official lineup CSV,https://www.draftkings.com/lineup/getavailableplayerscsv?contestTypeId=9&draftGroupId=151691,151691,9,Selected largest-prize regular Classic MLB draft group after excluding Turbo/Night/qualifier/satellite/showdown/snake/single-stat slates.,OF,Ronald Acuna Jr. (43755572),Ronald Acuna Jr.,43755572,OF,5700,MIA@ATL 08/05/2026 07:15PM ET,08/05/2026 07:15PM ET,ATL,MIA,home,8.7,660670,Ronald Acuña Jr.,mapped,identity_name_team_map,Stable identity seed from old DK-ID map. Pilot join status: matched via normalized_name_team
2026-08-05,2026-08-05T15:40:32.372930+00:00,2026-08-05,DraftKings official lineup CSV,https://www.draftkings.com/lineup/getavailableplayerscsv?contestTypeId=9&draftGroupId=151691,151691,9,Selected largest-prize regular Classic MLB draft group after excluding Turbo/Night/qualifier/satellite/showdown/snake/single-stat slates.,OF,Byron Buxton (43755776),Byron Buxton,43755776,OF,5700,MIN@KC 08/05/2026 07:40PM ET,08/05/2026 07:40PM ET,MIN,KC,away,9.4,621439,Byron Buxton,mapped,identity_name_team_map,Proposed from review candidates; basis=exact normalized name + team; role-compatible; hr-distance-latest.json|statcast_batter_des_2026; confidence=high; sources=hr-distance-latest.json|statcast_batter_des_2026
2026-08-05,2026-08-05T15:40:32.372930+00:00,2026-08-05,DraftKings official lineup CSV,https://www.draftkings.com/lineup/getavailableplayerscsv?contestTypeId=9&draftGroupId=151691,151691,9,Selected largest-prize regular Classic MLB draft group after excluding Turbo/Night/qualifier/satellite/showdown/snake/single-stat slates.,C,Ryan Jeffers (43755573),Ryan Jeffers,43755573,C,5600,MIN@KC 08/05/2026 07:40PM ET,08/05/2026 07:40PM ET,MIN,KC,away,8.5,680777,Ryan Jeffers,mapped,identity_name_team_map,Proposed from review candidates; basis=exact normalized name + team; role-compatible; statcast_batter_des_2026; confidence=high; sources=statcast_batter_des_2026
2026-08-05,2026-08-05T15:40:32.372930+00:00,2026-08-05,DraftKings official lineup CSV,https://www.draftkings.com/lineup/getavailableplayerscsv?contestTypeId=9&draftGroupId=151691,151691,9,Selected largest-prize regular Classic MLB draft group after excluding Turbo/Night/qualifier/satellite/showdown/snake/single-stat slates.,RP,Antwone Kelly (43756012),Antwone Kelly,43756012,P,5600,PIT@MIL 08/05/2026 07:40PM ET,08/05/2026 07:40PM ET,PIT,MIL,away,2.4,,,needs_review_new_player,identity_name_team_map,No reviewed normalized-name/team identity alias; do not auto-guess.
2026-08-05,2026-08-05T15:40:32.372930+00:00,2026-08-05,DraftKings official lineup CSV,https://www.draftkings.com/lineup/getavailableplayerscsv?contestTypeId=9&draftGroupId=151691,151691,9,Selected largest-prize regular Classic MLB draft group after excluding Turbo/Night/qualifier/satellite/showdown/snake/single-stat slates.,RP,Thomas Harrington (43756013),Thomas Harrington,43756013,P,5600,PIT@MIL 08/05/2026 07:40PM ET,08/05/2026 07:40PM ET,PIT,MIL,away,0,,,needs_review_new_player,identity_name_team_map,No reviewed normalized-name/team identity alias; do not auto-guess.
2026-08-05,2026-08-05T15:40:32.372930+00:00,2026-08-05,DraftKings official lineup CSV,https://www.draftkings.com/lineup/getavailableplayerscsv?contestTypeId=9&draftGroupId=151691,151691,9,Selected largest-prize regular Classic MLB draft group after excluding Turbo/Night/qualifier/satellite/showdown/snake/single-stat slates.,RP,Hunter Barco (43756014),Hunter Barco,43756014,P,5600,PIT@MIL 08/05/2026 07:40PM ET,08/05/2026 07:40PM ET,PIT,MIL,away,1.5,,,needs_review_new_player,identity_name_team_map,No reviewed normalized-name/team identity alias; do not auto-guess.
2026-08-05,2026-08-05T15:40:32.372930+00:00,2026-08-05,DraftKings official lineup CSV,https://www.draftkings.com/lineup/getavailableplayerscsv?contestTypeId=9&draftGroupId=151691,151691,9,Selected largest-prize regular Classic MLB draft group after excluding Turbo/Night/qualifier/satellite/showdown/snake/single-stat slates.,RP,Wilber Dotel (43756015),Wilber Dotel,43756015,P,5600,PIT@MIL 08/05/2026 07:40PM ET,08/05/2026 07:40PM ET,PIT,MIL,away,4.9,,,needs_review_new_player,identity_name_team_map,No reviewed normalized-name/team identity alias; do not auto-guess.
2026-08-05,2026-08-05T15:40:32.372930+00:00,2026-08-05,DraftKings official lineup CSV,https://www.draftkings.com/lineup/getavailableplayerscsv?contestTypeId=9&draftGroupId=151691,151691,9,Selected largest-prize regular Classic MLB draft group after excluding Turbo/Night/qualifier/satellite/showdown/snake/single-stat slates.,RP,Stephen Kolek (43756016),Stephen Kolek,43756016,P,5600,MIN@KC 08/05/2026 07:40PM ET,08/05/2026 07:40PM ET,KC,MIN,home,11.5,663568,Stephen Kolek,mapped,identity_name_team_map,Stable identity seed from old DK-ID map. Pilot join status: matched via normalized_name_team
2026-08-05,2026-08-05T15:40:32.372930+00:00,2026-08-05,DraftKings official lineup CSV,https://www.draftkings.com/lineup/getavailableplayerscsv?contestTypeId=9&draftGroupId=151691,151691,9,Selected largest-prize regular Classic MLB draft group after excluding Turbo/Night/qualifier/satellite/showdown/snake/single-stat slates.,SP,Mitch Bratt (43755568),Mitch Bratt,43755568,P,5500,SD@ARI 08/05/2026 09:40PM ET,08/05/2026 09:40PM ET,ARI,SD,home,4.6,,,needs_review_new_player,identity_name_team_map,No reviewed normalized-name/team identity alias; do not auto-guess.
2026-08-05,2026-08-05T15:40:32.372930+00:00,2026-08-05,DraftKings official lineup CSV,https://www.draftkings.com/lineup/getavailableplayerscsv?contestTypeId=9&draftGroupId=151691,151691,9,Selected largest-prize regular Classic MLB draft group after excluding Turbo/Night/qualifier/satellite/showdown/snake/single-stat slates.,C,Dillon Dingler (43755574),Dillon Dingler,43755574,C,5500,DET@SEA 08/05/2026 09:40PM ET,08/05/2026 09:40PM ET,DET,SEA,away,8.5,693307,Dillon Dingler,mapped,identity_name_team_map,Proposed from review candidates; basis=exact normalized name + team; role-compatible; hr-distance-latest.json|statcast_batter_des_2026; confidence=high; sources=hr-distance-latest.json|statcast_batter_des_2026
2026-08-05,2026-08-05T15:40:32.372930+00:00,2026-08-05,DraftKings official lineup CSV,https://www.draftkings.com/lineup/getavailableplayerscsv?contestTypeId=9&draftGroupId=151691,151691,9,Selected largest-prize regular Classic MLB draft group after excluding Turbo/Night/qualifier/satellite/showdown/snake/single-stat slates.,RP,Jhony Brito (43756017),Jhony Brito,43756017,P,5500,SD@ARI 08/05/2026 09:40PM ET,08/05/2026 09:40PM ET,SD,ARI,away,4.3,666745,Jhony Brito,mapped,identity_name_team_map,Stable identity seed from old DK-ID map. Pilot join status: matched_people_search_name via mlb_people_search_normalized_name
2026-08-05,2026-08-05T15:40:32.372930+00:00,2026-08-05,DraftKings official lineup CSV,https://www.draftkings.com/lineup/getavailableplayerscsv?contestTypeId=9&draftGroupId=151691,151691,9,Selected largest-prize regular Classic MLB draft group after excluding Turbo/Night/qualifier/satellite/showdown/snake/single-stat slates.,SP,Randy Vasquez (43756018),Randy Vasquez,43756018,P,5500,SD@ARI 08/05/2026 09:40PM ET,08/05/2026 09:40PM ET,SD,ARI,away,9.2,681190,Randy Vásquez,mapped,identity_name_team_map,Stable identity seed from old DK-ID map. Pilot join status: matched via normalized_name_team
2026-08-05,2026-08-05T15:40:32.372930+00:00,2026-08-05,DraftKings official lineup CSV,https://www.draftkings.com/lineup/getavailableplayerscsv?contestTypeId=9&draftGroupId=151691,151691,9,Selected largest-prize regular Classic MLB draft group after excluding Turbo/Night/qualifier/satellite/showdown/snake/single-stat slates.,SP,Kyle Hart (43756019),Kyle Hart,43756019,P,5500,SD@ARI 08/05/2026 09:40PM ET,08/05/2026 09:40PM ET,SD,ARI,away,3.5,606996,Kyle Hart,mapped,identity_name_team_map,Stable identity seed from old DK-ID map. Pilot join status: matched via normalized_name_team
2026-08-05,2026-08-05T15:40:32.372930+00:00,2026-08-05,DraftKings official lineup CSV,https://www.draftkings.com/lineup/getavailableplayerscsv?contestTypeId=9&draftGroupId=151691,151691,9,Selected largest-prize regular Classic MLB draft group after excluding Turbo/Night/qualifier/satellite/showdown/snake/single-stat slates.,SP,Griffin Canning (43756020),Griffin Canning,43756020,P,5500,SD@ARI 08/05/2026 09:40PM ET,08/05/2026 09:40PM ET,SD,ARI,away,7.6,656288,Griffin Canning,mapped,identity_name_team_map,Stable identity seed from old DK-ID map. Pilot join status: matched via normalized_name_team
2026-08-05,2026-08-05T15:40:32.372930+00:00,2026-08-05,DraftKings official lineup CSV,https://www.draftkings.com/lineup/getavailableplayerscsv?contestTypeId=9&draftGroupId=151691,151691,9,Selected largest-prize regular Classic MLB draft group after excluding Turbo/Night/qualifier/satellite/showdown/snake/single-stat slates.,SP,Coleman Crow (43756021),Coleman Crow,43756021,P,5500,PIT@MIL 08/05/2026 07:40PM ET,08/05/2026 07:40PM ET,MIL,PIT,home,4.6,689441,Coleman Crow,mapped,identity_name_team_map,Stable identity seed from old DK-ID map. Pilot join status: matched via normalized_name_team
2026-08-05,2026-08-05T15:40:32.372930+00:00,2026-08-05,DraftKings official lineup CSV,https://www.draftkings.com/lineup/getavailableplayerscsv?contestTypeId=9&draftGroupId=151691,151691,9,Selected largest-prize regular Classic MLB draft group after excluding Turbo/Night/qualifier/satellite/showdown/snake/single-stat slates.,RP,DL Hall (43756022),DL Hall,43756022,P,5500,PIT@MIL 08/05/2026 07:40PM ET,08/05/2026 07:40PM ET,MIL,PIT,home,3.9,669084,DL Hall,mapped,identity_name_team_map,Stable identity seed from old DK-ID map. Pilot join status: matched via normalized_name_team
2026-08-05,2026-08-05T15:40:32.372930+00:00,2026-08-05,DraftKings official lineup CSV,https://www.draftkings.com/lineup/getavailableplayerscsv?contestTypeId=9&draftGroupId=151691,151691,9,Selected largest-prize regular Classic MLB draft group after excluding Turbo/Night/qualifier/satellite/showdown/snake/single-stat slates.,RP,Bryse Wilson (43756023),Bryse Wilson,43756023,P,5500,PIT@MIL 08/05/2026 07:40PM ET,08/05/2026 07:40PM ET,MIL,PIT,home,4.5,,,needs_review_new_player,identity_name_team_map,No reviewed normalized-name/team identity alias; do not auto-guess.
2026-08-05,2026-08-05T15:40:32.372930+00:00,2026-08-05,DraftKings official lineup CSV,https://www.draftkings.com/lineup/getavailableplayerscsv?contestTypeId=9&draftGroupId=151691,151691,9,Selected largest-prize regular Classic MLB draft group after excluding Turbo/Night/qualifier/satellite/showdown/snake/single-stat slates.,RP,Kohl Drake (43756024),Kohl Drake,43756024,P,5500,SD@ARI 08/05/2026 09:40PM ET,08/05/2026 09:40PM ET,ARI,SD,home,8.9,,,needs_review_new_player,identity_name_team_map,No reviewed normalized-name/team identity alias; do not auto-guess.
2026-08-05,2026-08-05T15:40:32.372930+00:00,2026-08-05,DraftKings official lineup CSV,https://www.draftkings.com/lineup/getavailableplayerscsv?contestTypeId=9&draftGroupId=151691,151691,9,Selected largest-prize regular Classic MLB draft group after excluding Turbo/Night/qualifier/satellite/showdown/snake/single-stat slates.,SP,Antonio Senzatela (43756025),Antonio Senzatela,43756025,P,5500,PIT@MIL 08/05/2026 07:40PM ET,08/05/2026 07:40PM ET,MIL,PIT,home,4.7,622608,Antonio Senzatela,needs_review_team_change,identity_name_unique_mlbam,Name maps to one reviewed MLBAM identity but not this DK team; review as team-change/new alias before trusting automation.
2026-08-05,2026-08-05T15:40:32.372930+00:00,2026-08-05,DraftKings official lineup CSV,https://www.draftkings.com/lineup/getavailableplayerscsv?contestTypeId=9&draftGroupId=151691,151691,9,Selected largest-prize regular Classic MLB draft group after excluding Turbo/Night/qualifier/satellite/showdown/snake/single-stat slates.,SP,Dylan Ray (43756026),Dylan Ray,43756026,P,5500,SD@ARI 08/05/2026 09:40PM ET,08/05/2026 09:40PM ET,ARI,SD,home,0,,,needs_review_new_player,identity_name_team_map,No reviewed normalized-name/team identity alias; do not auto-guess.
2026-08-05,2026-08-05T15:40:32.372930+00:00,2026-08-05,DraftKings official lineup CSV,https://www.draftkings.com/lineup/getavailableplayerscsv?contestTypeId=9&draftGroupId=151691,151691,9,Selected largest-prize regular Classic MLB draft group after excluding Turbo/Night/qualifier/satellite/showdown/snake/single-stat slates.,RP,Gerardo Carrillo (43756027),Gerardo Carrillo,43756027,P,5500,SD@ARI 08/05/2026 09:40PM ET,08/05/2026 09:40PM ET,ARI,SD,home,8.1,,,needs_review_new_player,identity_name_team_map,No reviewed normalized-name/team identity alias; do not auto-guess.
2026-08-05,2026-08-05T15:40:32.372930+00:00,2026-08-05,DraftKings official lineup CSV,https://www.draftkings.com/lineup/getavailableplayerscsv?contestTypeId=9&draftGroupId=151691,151691,9,Selected largest-prize regular Classic MLB draft group after excluding Turbo/Night/qualifier/satellite/showdown/snake/single-stat slates.,SP,Cristian Mena (43756028),Cristian Mena,43756028,P,5500,SD@ARI 08/05/2026 09:40PM ET,08/05/2026 09:40PM ET,ARI,SD,home,0,,,needs_review_new_player,identity_name_team_map,No reviewed normalized-name/team identity alias; do not auto-guess.
2026-08-05,2026-08-05T15:40:32.372930+00:00,2026-08-05,DraftKings official lineup CSV,https://www.draftkings.com/lineup/getavailableplayerscsv?contestTypeId=9&draftGroupId=151691,151691,9,Selected largest-prize regular Classic MLB draft group after excluding Turbo/Night/qualifier/satellite/showdown/snake/single-stat slates.,SP,Zac Gallen (43756029),Zac Gallen,43756029,P,5500,SD@ARI 08/05/2026 09:40PM ET,08/05/2026 09:40PM ET,ARI,SD,home,6.4,,,needs_review_new_player,identity_name_team_map,No reviewed normalized-name/team identity alias; do not auto-guess.
2026-08-05,2026-08-05T15:40:32.372930+00:00,2026-08-05,DraftKings official lineup CSV,https://www.draftkings.com/lineup/getavailableplayerscsv?contestTypeId=9&draftGroupId=151691,151691,9,Selected largest-prize regular Classic MLB draft group after excluding Turbo/Night/qualifier/satellite/showdown/snake/single-stat slates.,SP,Jose Cabrera (43756030),Jose Cabrera,43756030,P,5500,SD@ARI 08/05/2026 09:40PM ET,08/05/2026 09:40PM ET,ARI,SD,home,6.1,,,needs_review_new_player,identity_name_team_map,No reviewed normalized-name/team identity alias; do not auto-guess.
2026-08-05,2026-08-05T15:40:32.372930+00:00,2026-08-05,DraftKings official lineup CSV,https://www.draftkings.com/lineup/getavailableplayerscsv?contestTypeId=9&draftGroupId=151691,151691,9,Selected largest-prize regular Classic MLB draft group after excluding Turbo/Night/qualifier/satellite/showdown/snake/single-stat slates.,OF,Corbin Carroll (43755575),Corbin Carroll,43755575,OF,5400,SD@ARI 08/05/2026 09:40PM ET,08/05/2026 09:40PM ET,ARI,SD,home,8.6,,,needs_review_new_player,identity_name_team_map,No reviewed normalized-name/team identity alias; do not auto-guess.
2026-08-05,2026-08-05T15:40:32.372930+00:00,2026-08-05,DraftKings official lineup CSV,https://www.draftkings.com/lineup/getavailableplayerscsv?contestTypeId=9&draftGroupId=151691,151691,9,Selected largest-prize regular Classic MLB draft group after excluding Turbo/Night/qualifier/satellite/showdown/snake/single-stat slates.,OF,Jordan Walker (43755576),Jordan Walker,43755576,OF,5400,STL@NYY 08/05/2026 07:05PM ET,08/05/2026 07:05PM ET,STL,NYY,away,9.2,691023,Jordan Walker,mapped,identity_name_team_map,Stable identity seed from old DK-ID map. Pilot join status: matched via normalized_name_team
2026-08-05,2026-08-05T15:40:32.372930+00:00,2026-08-05,DraftKings official lineup CSV,https://www.draftkings.com/lineup/getavailableplayerscsv?contestTypeId=9&draftGroupId=151691,151691,9,Selected largest-prize regular Classic MLB draft group after excluding Turbo/Night/qualifier/satellite/showdown/snake/single-stat slates.,OF,Jackson Chourio (43755577),Jackson Chourio,43755577,OF,5300,PIT@MIL 08/05/2026 07:40PM ET,08/05/2026 07:40PM ET,MIL,PIT,home,9.1,694192,Jackson Chourio,mapped,identity_name_team_map,Stable identity seed from old DK-ID map. Pilot join status: matched via normalized_name_team
2026-08-05,2026-08-05T15:40:32.372930+00:00,2026-08-05,DraftKings official lineup CSV,https://www.draftkings.com/lineup/getavailableplayerscsv?contestTypeId=9&draftGroupId=151691,151691,9,Selected largest-prize regular Classic MLB draft group after excluding Turbo/Night/qualifier/satellite/showdown/snake/single-stat slates.,3B,Manny Machado (43755578),Manny Machado,43755578,3B,5300,SD@ARI 08/05/2026 09:40PM ET,08/05/2026 09:40PM ET,SD,ARI,away,7.5,592518,Manny Machado,mapped,identity_name_team_map,Stable identity seed from old DK-ID map. Pilot join status: matched via normalized_name_team
2026-08-05,2026-08-05T15:40:32.372930+00:00,2026-08-05,DraftKings official lineup CSV,https://www.draftkings.com/lineup/getavailableplayerscsv?contestTypeId=9&draftGroupId=151691,151691,9,Selected largest-prize regular Classic MLB draft group after excluding Turbo/Night/qualifier/satellite/showdown/snake/single-stat slates.,RP,Dax Fulton (43756031),Dax Fulton,43756031,P,5300,MIA@ATL 08/05/2026 07:15PM ET,08/05/2026 07:15PM ET,MIA,ATL,away,5,690978,Dax Fulton,mapped,identity_name_team_map,Proposed from review candidates; basis=exact normalized name + team; role-compatible; statcast_pitcher_2026; confidence=high; sources=statcast_pitcher_2026
2026-08-05,2026-08-05T15:40:32.372930+00:00,2026-08-05,DraftKings official lineup CSV,https://www.draftkings.com/lineup/getavailableplayerscsv?contestTypeId=9&draftGroupId=151691,151691,9,Selected largest-prize regular Classic MLB draft group after excluding Turbo/Night/qualifier/satellite/showdown/snake/single-stat slates.,SP,Adam Mazur (43756032),Adam Mazur,43756032,P,5300,MIA@ATL 08/05/2026 07:15PM ET,08/05/2026 07:15PM ET,MIA,ATL,away,0,,,needs_review_new_player,identity_name_team_map,No reviewed normalized-name/team identity alias; do not auto-guess.
2026-08-05,2026-08-05T15:40:32.372930+00:00,2026-08-05,DraftKings official lineup CSV,https://www.draftkings.com/lineup/getavailableplayerscsv?contestTypeId=9&draftGroupId=151691,151691,9,Selected largest-prize regular Classic MLB draft group after excluding Turbo/Night/qualifier/satellite/showdown/snake/single-stat slates.,SP,Bradley Blalock (43756033),Bradley Blalock,43756033,P,5300,MIA@ATL 08/05/2026 07:15PM ET,08/05/2026 07:15PM ET,MIA,ATL,away,0,687134,Bradley Blalock,mapped,identity_name_team_map,Proposed from review candidates; basis=exact normalized name + team; role-compatible; statcast_pitcher_2026; confidence=high; sources=statcast_pitcher_2026
2026-08-05,2026-08-05T15:40:32.372930+00:00,2026-08-05,DraftKings official lineup CSV,https://www.draftkings.com/lineup/getavailableplayerscsv?contestTypeId=9&draftGroupId=151691,151691,9,Selected largest-prize regular Classic MLB draft group after excluding Turbo/Night/qualifier/satellite/showdown/snake/single-stat slates.,RP,Ryan Gusto (43756034),Ryan Gusto,43756034,P,5300,MIA@ATL 08/05/2026 07:15PM ET,08/05/2026 07:15PM ET,MIA,ATL,away,6.7,687473,Ryan Gusto,mapped,identity_name_team_map,Proposed from review candidates; basis=exact normalized name + team; role-compatible; statcast_pitcher_2026; confidence=high; sources=statcast_pitcher_2026
2026-08-05,2026-08-05T15:40:32.372930+00:00,2026-08-05,DraftKings official lineup CSV,https://www.draftkings.com/lineup/getavailableplayerscsv?contestTypeId=9&draftGroupId=151691,151691,9,Selected largest-prize regular Classic MLB draft group after excluding Turbo/Night/qualifier/satellite/showdown/snake/single-stat slates.,2B,Brice Turang (43755579),Brice Turang,43755579,2B,5200,PIT@MIL 08/05/2026 07:40PM ET,08/05/2026 07:40PM ET,MIL,PIT,home,9.3,668930,Brice Turang,mapped,identity_name_team_map,Stable identity seed from old DK-ID map. Pilot join status: matched via normalized_name_team
2026-08-05,2026-08-05T15:40:32.372930+00:00,2026-08-05,DraftKings official lineup CSV,https://www.draftkings.com/lineup/getavailableplayerscsv?contestTypeId=9&draftGroupId=151691,151691,9,Selected largest-prize regular Classic MLB draft group after excluding Turbo/Night/qualifier/satellite/showdown/snake/single-stat slates.,3B,Miguel Vargas (43755580),Miguel Vargas,43755580,3B,5200,CWS@BOS 08/05/2026 07:10PM ET,08/05/2026 07:10PM ET,CWS,BOS,away,8.9,678246,Miguel Vargas,mapped,identity_name_team_map,Stable identity seed from old DK-ID map. Pilot join status: matched via normalized_name_team
2026-08-05,2026-08-05T15:40:32.372930+00:00,2026-08-05,DraftKings official lineup CSV,https://www.draftkings.com/lineup/getavailableplayerscsv?contestTypeId=9&draftGroupId=151691,151691,9,Selected largest-prize regular Classic MLB draft group after excluding Turbo/Night/qualifier/satellite/showdown/snake/single-stat slates.,OF,Oneil Cruz (43755777),Oneil Cruz,43755777,OF,5200,PIT@MIL 08/05/2026 07:40PM ET,08/05/2026 07:40PM ET,PIT,MIL,away,10.4,,,needs_review_new_player,identity_name_team_map,No reviewed normalized-name/team identity alias; do not auto-guess.
2026-08-05,2026-08-05T15:40:32.372930+00:00,2026-08-05,DraftKings official lineup CSV,https://www.draftkings.com/lineup/getavailableplayerscsv?contestTypeId=9&draftGroupId=151691,151691,9,Selected largest-prize regular Classic MLB draft group after excluding Turbo/Night/qualifier/satellite/showdown/snake/single-stat slates.,2B,Brandon Lowe (43755581),Brandon Lowe,43755581,2B,5100,PIT@MIL 08/05/2026 07:40PM ET,08/05/2026 07:40PM ET,PIT,MIL,away,8.7,,,needs_review_new_player,identity_name_team_map,No reviewed normalized-name/team identity alias; do not auto-guess.
2026-08-05,2026-08-05T15:40:32.372930+00:00,2026-08-05,DraftKings official lineup CSV,https://www.draftkings.com/lineup/getavailableplayerscsv?contestTypeId=9&draftGroupId=151691,151691,9,Selected largest-prize regular Classic MLB draft group after excluding Turbo/Night/qualifier/satellite/showdown/snake/single-stat slates.,1B,Willson Contreras (43755582),Willson Contreras,43755582,1B,5100,CWS@BOS 08/05/2026 07:10PM ET,08/05/2026 07:10PM ET,BOS,CWS,home,8.8,,,needs_review_new_player,identity_name_team_map,No reviewed normalized-name/team identity alias; do not auto-guess.
2026-08-05,2026-08-05T15:40:32.372930+00:00,2026-08-05,DraftKings official lineup CSV,https://www.draftkings.com/lineup/getavailableplayerscsv?contestTypeId=9&draftGroupId=151691,151691,9,Selected largest-prize regular Classic MLB draft group after excluding Turbo/Night/qualifier/satellite/showdown/snake/single-stat slates.,RP,Ryan Bergert (43756035),Ryan Bergert,43756035,P,5100,MIN@KC 08/05/2026 07:40PM ET,08/05/2026 07:40PM ET,KC,MIN,home,0,686701,Ryan Bergert,mapped,identity_name_team_map,Stable identity seed from old DK-ID map. Pilot join status: matched_people_search_name via mlb_people_search_normalized_name
2026-08-05,2026-08-05T15:40:32.372930+00:00,2026-08-05,DraftKings official lineup CSV,https://www.draftkings.com/lineup/getavailableplayerscsv?contestTypeId=9&draftGroupId=151691,151691,9,Selected largest-prize regular Classic MLB draft group after excluding Turbo/Night/qualifier/satellite/showdown/snake/single-stat slates.,SP,Ben Kudrna (43756036),Ben Kudrna,43756036,P,5100,MIN@KC 08/05/2026 07:40PM ET,08/05/2026 07:40PM ET,KC,MIN,home,0,695667,Ben Kudrna,mapped,identity_name_team_map,Stable identity seed from old DK-ID map. Pilot join status: matched_people_search_name via mlb_people_search_normalized_name
2026-08-05,2026-08-05T15:40:32.372930+00:00,2026-08-05,DraftKings official lineup CSV,https://www.draftkings.com/lineup/getavailableplayerscsv?contestTypeId=9&draftGroupId=151691,151691,9,Selected largest-prize regular Classic MLB draft group after excluding Turbo/Night/qualifier/satellite/showdown/snake/single-stat slates.,SP,Alec Marsh (43756037),Alec Marsh,43756037,P,5100,MIN@KC 08/05/2026 07:40PM ET,08/05/2026 07:40PM ET,KC,MIN,home,0,679525,Alec Marsh,mapped,identity_name_team_map,Stable identity seed from old DK-ID map. Pilot join status: matched_people_search_name via mlb_people_search_normalized_name
2026-08-05,2026-08-05T15:40:32.372930+00:00,2026-08-05,DraftKings official lineup CSV,https://www.draftkings.com/lineup/getavailableplayerscsv?contestTypeId=9&draftGroupId=151691,151691,9,Selected largest-prize regular Classic MLB draft group after excluding Turbo/Night/qualifier/satellite/showdown/snake/single-stat slates.,RP,Daniel Lynch IV (43756038),Daniel Lynch IV,43756038,P,5100,MIN@KC 08/05/2026 07:40PM ET,08/05/2026 07:40PM ET,KC,MIN,home,3.1,663738,Daniel Lynch IV,mapped,identity_name_team_map,Stable identity seed from old DK-ID map. Pilot join status: matched via normalized_name_team
2026-08-05,2026-08-05T15:40:32.372930+00:00,2026-08-05,DraftKings official lineup CSV,https://www.draftkings.com/lineup/getavailableplayerscsv?contestTypeId=9&draftGroupId=151691,151691,9,Selected largest-prize regular Classic MLB draft group after excluding Turbo/Night/qualifier/satellite/showdown/snake/single-stat slates.,RP,Luinder Avila (43756039),Luinder Avila,43756039,P,5100,MIN@KC 08/05/2026 07:40PM ET,08/05/2026 07:40PM ET,KC,MIN,home,7,679883,Luinder Avila,mapped,identity_name_team_map,Stable identity seed from old DK-ID map. Pilot join status: matched via normalized_name_team
2026-08-05,2026-08-05T15:40:32.372930+00:00,2026-08-05,DraftKings official lineup CSV,https://www.draftkings.com/lineup/getavailableplayerscsv?contestTypeId=9&draftGroupId=151691,151691,9,Selected largest-prize regular Classic MLB draft group after excluding Turbo/Night/qualifier/satellite/showdown/snake/single-stat slates.,RP,Mitch Spence (43756040),Mitch Spence,43756040,P,5100,MIN@KC 08/05/2026 07:40PM ET,08/05/2026 07:40PM ET,KC,MIN,home,-9.3,687765,Mitch Spence,mapped,identity_name_team_map,Stable identity seed from old DK-ID map. Pilot join status: matched via normalized_name_team
2026-08-05,2026-08-05T15:40:32.372930+00:00,2026-08-05,DraftKings official lineup CSV,https://www.draftkings.com/lineup/getavailableplayerscsv?contestTypeId=9&draftGroupId=151691,151691,9,Selected largest-prize regular Classic MLB draft group after excluding Turbo/Night/qualifier/satellite/showdown/snake/single-stat slates.,RP,Mason Black (43756041),Mason Black,43756041,P,5100,MIN@KC 08/05/2026 07:40PM ET,08/05/2026 07:40PM ET,KC,MIN,home,3.1,696131,Mason Black,mapped,identity_name_team_map,Stable identity seed from old DK-ID map. Pilot join status: matched via normalized_name_team
2026-08-05,2026-08-05T15:40:32.372930+00:00,2026-08-05,DraftKings official lineup CSV,https://www.draftkings.com/lineup/getavailableplayerscsv?contestTypeId=9&draftGroupId=151691,151691,9,Selected largest-prize regular Classic MLB draft group after excluding Turbo/Night/qualifier/satellite/showdown/snake/single-stat slates.,1B,Luis Garcia Jr. (43755583),Luis Garcia Jr.,43755583,1B,5000,STL@NYY 08/05/2026 07:05PM ET,08/05/2026 07:05PM ET,NYY,STL,home,8,671277,Luis García Jr.,needs_review_team_change,identity_name_unique_mlbam,Name maps to one reviewed MLBAM identity but not this DK team; review as team-change/new alias before trusting automation.
2026-08-05,2026-08-05T15:40:32.372930+00:00,2026-08-05,DraftKings official lineup CSV,https://www.draftkings.com/lineup/getavailableplayerscsv?contestTypeId=9&draftGroupId=151691,151691,9,Selected largest-prize regular Classic MLB draft group after excluding Turbo/Night/qualifier/satellite/showdown/snake/single-stat slates.,2B/OF,Kody Clemens (43755584),Kody Clemens,43755584,2B/OF,5000,MIN@KC 08/05/2026 07:40PM ET,08/05/2026 07:40PM ET,MIN,KC,away,7.6,665019,Kody Clemens,mapped,identity_name_team_map,Proposed from review candidates; basis=exact normalized name + team; role-compatible; hr-distance-latest.json|statcast_batter_des_2026; confidence=high; sources=hr-distance-latest.json|statcast_batter_des_2026
2026-08-05,2026-08-05T15:40:32.372930+00:00,2026-08-05,DraftKings official lineup CSV,https://www.draftkings.com/lineup/getavailableplayerscsv?contestTypeId=9&draftGroupId=151691,151691,9,Selected largest-prize regular Classic MLB draft group after excluding Turbo/Night/qualifier/satellite/showdown/snake/single-stat slates.,1B,Matt Olson (43755586),Matt Olson,43755586,1B,4900,MIA@ATL 08/05/2026 07:15PM ET,08/05/2026 07:15PM ET,ATL,MIA,home,9.2,621566,Matt Olson,mapped,identity_name_team_map,Stable identity seed from old DK-ID map. Pilot join status: matched via normalized_name_team
2026-08-05,2026-08-05T15:40:32.372930+00:00,2026-08-05,DraftKings official lineup CSV,https://www.draftkings.com/lineup/getavailableplayerscsv?contestTypeId=9&draftGroupId=151691,151691,9,Selected largest-prize regular Classic MLB draft group after excluding Turbo/Night/qualifier/satellite/showdown/snake/single-stat slates.,2B,Ketel Marte (43755587),Ketel Marte,43755587,2B,4900,SD@ARI 08/05/2026 09:40PM ET,08/05/2026 09:40PM ET,ARI,SD,home,7.9,,,needs_review_new_player,identity_name_team_map,No reviewed normalized-name/team identity alias; do not auto-guess.
2026-08-05,2026-08-05T15:40:32.372930+00:00,2026-08-05,DraftKings official lineup CSV,https://www.draftkings.com/lineup/getavailableplayerscsv?contestTypeId=9&draftGroupId=151691,151691,9,Selected largest-prize regular Classic MLB draft group after excluding Turbo/Night/qualifier/satellite/showdown/snake/single-stat slates.,1B,Alec Burleson (43755588),Alec Burleson,43755588,1B,4800,STL@NYY 08/05/2026 07:05PM ET,08/05/2026 07:05PM ET,STL,NYY,away,8.3,676475,Alec Burleson,mapped,identity_name_team_map,Stable identity seed from old DK-ID map. Pilot join status: matched via normalized_name_team
2026-08-05,2026-08-05T15:40:32.372930+00:00,2026-08-05,DraftKings official lineup CSV,https://www.draftkings.com/lineup/getavailableplayerscsv?contestTypeId=9&draftGroupId=151691,151691,9,Selected largest-prize regular Classic MLB draft group after excluding Turbo/Night/qualifier/satellite/showdown/snake/single-stat slates.,2B,JJ Wetherholt (43755589),JJ Wetherholt,43755589,2B,4800,STL@NYY 08/05/2026 07:05PM ET,08/05/2026 07:05PM ET,STL,NYY,away,8,802139,JJ Wetherholt,mapped,identity_name_team_map,Stable identity seed from old DK-ID map. Pilot join status: matched via normalized_name_team
2026-08-05,2026-08-05T15:40:32.372930+00:00,2026-08-05,DraftKings official lineup CSV,https://www.draftkings.com/lineup/getavailableplayerscsv?contestTypeId=9&draftGroupId=151691,151691,9,Selected largest-prize regular Classic MLB draft group after excluding Turbo/Night/qualifier/satellite/showdown/snake/single-stat slates.,C,Drake Baldwin (43755590),Drake Baldwin,43755590,C,4800,MIA@ATL 08/05/2026 07:15PM ET,08/05/2026 07:15PM ET,ATL,MIA,home,8.7,686948,Drake Baldwin,mapped,identity_name_team_map,Stable identity seed from old DK-ID map. Pilot join status: matched via normalized_name_team
2026-08-05,2026-08-05T15:40:32.372930+00:00,2026-08-05,DraftKings official lineup CSV,https://www.draftkings.com/lineup/getavailableplayerscsv?contestTypeId=9&draftGroupId=151691,151691,9,Selected largest-prize regular Classic MLB draft group after excluding Turbo/Night/qualifier/satellite/showdown/snake/single-stat slates.,OF,Randy Arozarena (43755591),Randy Arozarena,43755591,OF,4800,DET@SEA 08/05/2026 09:40PM ET,08/05/2026 09:40PM ET,SEA,DET,home,8.8,,,needs_review_new_player,identity_name_team_map,No reviewed normalized-name/team identity alias; do not auto-guess.
2026-08-05,2026-08-05T15:40:32.372930+00:00,2026-08-05,DraftKings official lineup CSV,https://www.draftkings.com/lineup/getavailableplayerscsv?contestTypeId=9&draftGroupId=151691,151691,9,Selected largest-prize regular Classic MLB draft group after excluding Turbo/Night/qualifier/satellite/showdown/snake/single-stat slates.,3B/SS,Kevin McGonigle (43755592),Kevin McGonigle,43755592,3B/SS,4800,DET@SEA 08/05/2026 09:40PM ET,08/05/2026 09:40PM ET,DET,SEA,away,8.4,805808,Kevin Mcgonigle,mapped,identity_name_team_map,Proposed from review candidates; basis=exact normalized name + team; role-compatible; hr-distance-latest.json|statcast_batter_des_2026; confidence=high; sources=hr-distance-latest.json|statcast_batter_des_2026
2026-08-05,2026-08-05T15:40:32.372930+00:00,2026-08-05,DraftKings official lineup CSV,https://www.draftkings.com/lineup/getavailableplayerscsv?contestTypeId=9&draftGroupId=151691,151691,9,Selected largest-prize regular Classic MLB draft group after excluding Turbo/Night/qualifier/satellite/showdown/snake/single-stat slates.,2B,Jazz Chisholm Jr. (43755594),Jazz Chisholm Jr.,43755594,2B,4700,STL@NYY 08/05/2026 07:05PM ET,08/05/2026 07:05PM ET,NYY,STL,home,7.9,,,needs_review_new_player,identity_name_team_map,No reviewed normalized-name/team identity alias; do not auto-guess.
2026-08-05,2026-08-05T15:40:32.372930+00:00,2026-08-05,DraftKings official lineup CSV,https://www.draftkings.com/lineup/getavailableplayerscsv?contestTypeId=9&draftGroupId=151691,151691,9,Selected largest-prize regular Classic MLB draft group after excluding Turbo/Night/qualifier/satellite/showdown/snake/single-stat slates.,1B/OF,Jake Bauers (43755595),Jake Bauers,43755595,1B/OF,4700,PIT@MIL 08/05/2026 07:40PM ET,08/05/2026 07:40PM ET,MIL,PIT,home,8.6,641343,Jake Bauers,mapped,identity_name_team_map,Stable identity seed from old DK-ID map. Pilot join status: matched via normalized_name_team
2026-08-05,2026-08-05T15:40:32.372930+00:00,2026-08-05,DraftKings official lineup CSV,https://www.draftkings.com/lineup/getavailableplayerscsv?contestTypeId=9&draftGroupId=151691,151691,9,Selected largest-prize regular Classic MLB draft group after excluding Turbo/Night/qualifier/satellite/showdown/snake/single-stat slates.,OF,Jackson Merrill (43755597),Jackson Merrill,43755597,OF,4700,SD@ARI 08/05/2026 09:40PM ET,08/05/2026 09:40PM ET,SD,ARI,away,7.7,701538,Jackson Merrill,mapped,identity_name_team_map,Stable identity seed from old DK-ID map. Pilot join status: matched via normalized_name_team
2026-08-05,2026-08-05T15:40:32.372930+00:00,2026-08-05,DraftKings official lineup CSV,https://www.draftkings.com/lineup/getavailableplayerscsv?contestTypeId=9&draftGroupId=151691,151691,9,Selected largest-prize regular Classic MLB draft group after excluding Turbo/Night/qualifier/satellite/showdown/snake/single-stat slates.,C,Carter Jensen (43755598),Carter Jensen,43755598,C,4700,MIN@KC 08/05/2026 07:40PM ET,08/05/2026 07:40PM ET,KC,MIN,home,6.7,695600,Carter Jensen,mapped,identity_name_team_map,Stable identity seed from old DK-ID map. Pilot join status: matched via normalized_name_team
2026-08-05,2026-08-05T15:40:32.372930+00:00,2026-08-05,DraftKings official lineup CSV,https://www.draftkings.com/lineup/getavailableplayerscsv?contestTypeId=9&draftGroupId=151691,151691,9,Selected largest-prize regular Classic MLB draft group after excluding Turbo/Night/qualifier/satellite/showdown/snake/single-stat slates.,OF,Christian Yelich (43755599),Christian Yelich,43755599,OF,4700,PIT@MIL 08/05/2026 07:40PM ET,08/05/2026 07:40PM ET,MIL,PIT,home,7.7,592885,Christian Yelich,mapped,identity_name_team_map,Stable identity seed from old DK-ID map. Pilot join status: matched via normalized_name_team
2026-08-05,2026-08-05T15:40:32.372930+00:00,2026-08-05,DraftKings official lineup CSV,https://www.draftkings.com/lineup/getavailableplayerscsv?contestTypeId=9&draftGroupId=151691,151691,9,Selected largest-prize regular Classic MLB draft group after excluding Turbo/Night/qualifier/satellite/showdown/snake/single-stat slates.,OF,Riley Greene (43755600),Riley Greene,43755600,OF,4700,DET@SEA 08/05/2026 09:40PM ET,08/05/2026 09:40PM ET,DET,SEA,away,7.8,682985,Riley Greene,mapped,identity_name_team_map,Proposed from review candidates; basis=exact normalized name + team; role-compatible; hr-distance-latest.json|statcast_batter_des_2026; confidence=high; sources=hr-distance-latest.json|statcast_batter_des_2026
2026-08-05,2026-08-05T15:40:32.372930+00:00,2026-08-05,DraftKings official lineup CSV,https://www.draftkings.com/lineup/getavailableplayerscsv?contestTypeId=9&draftGroupId=151691,151691,9,Selected largest-prize regular Classic MLB draft group after excluding Turbo/Night/qualifier/satellite/showdown/snake/single-stat slates.,SS,Colson Montgomery (43755601),Colson Montgomery,43755601,SS,4700,CWS@BOS 08/05/2026 07:10PM ET,08/05/2026 07:10PM ET,CWS,BOS,away,7.5,695657,Colson Montgomery,mapped,identity_name_team_map,Stable identity seed from old DK-ID map. Pilot join status: matched via normalized_name_team
2026-08-05,2026-08-05T15:40:32.372930+00:00,2026-08-05,DraftKings official lineup CSV,https://www.draftkings.com/lineup/getavailableplayerscsv?contestTypeId=9&draftGroupId=151691,151691,9,Selected largest-prize regular Classic MLB draft group after excluding Turbo/Night/qualifier/satellite/showdown/snake/single-stat slates.,OF,Bryan Reynolds (43755602),Bryan Reynolds,43755602,OF,4600,PIT@MIL 08/05/2026 07:40PM ET,08/05/2026 07:40PM ET,PIT,MIL,away,8.4,,,needs_review_new_player,identity_name_team_map,No reviewed normalized-name/team identity alias; do not auto-guess.
2026-08-05,2026-08-05T15:40:32.372930+00:00,2026-08-05,DraftKings official lineup CSV,https://www.draftkings.com/lineup/getavailableplayerscsv?contestTypeId=9&draftGroupId=151691,151691,9,Selected largest-prize regular Classic MLB draft group after excluding Turbo/Night/qualifier/satellite/showdown/snake/single-stat slates.,1B/OF,Jac Caglianone (43755603),Jac Caglianone,43755603,1B/OF,4500,MIN@KC 08/05/2026 07:40PM ET,08/05/2026 07:40PM ET,KC,MIN,home,6.9,695506,Jac Caglianone,mapped,identity_name_team_map,Stable identity seed from old DK-ID map. Pilot join status: matched via normalized_name_team
2026-08-05,2026-08-05T15:40:32.372930+00:00,2026-08-05,DraftKings official lineup CSV,https://www.draftkings.com/lineup/getavailableplayerscsv?contestTypeId=9&draftGroupId=151691,151691,9,Selected largest-prize regular Classic MLB draft group after excluding Turbo/Night/qualifier/satellite/showdown/snake/single-stat slates.,OF,Wilyer Abreu (43755605),Wilyer Abreu,43755605,OF,4500,CWS@BOS 08/05/2026 07:10PM ET,08/05/2026 07:10PM ET,BOS,CWS,home,7.9,,,needs_review_new_player,identity_name_team_map,No reviewed normalized-name/team identity alias; do not auto-guess.
2026-08-05,2026-08-05T15:40:32.372930+00:00,2026-08-05,DraftKings official lineup CSV,https://www.draftkings.com/lineup/getavailableplayerscsv?contestTypeId=9&draftGroupId=151691,151691,9,Selected largest-prize regular Classic MLB draft group after excluding Turbo/Night/qualifier/satellite/showdown/snake/single-stat slates.,OF,Julio Rodriguez (43755606),Julio Rodriguez,43755606,OF,4500,DET@SEA 08/05/2026 09:40PM ET,08/05/2026 09:40PM ET,SEA,DET,home,7.8,,,needs_review_new_player,identity_name_team_map,No reviewed normalized-name/team identity alias; do not auto-guess.
2026-08-05,2026-08-05T15:40:32.372930+00:00,2026-08-05,DraftKings official lineup CSV,https://www.draftkings.com/lineup/getavailableplayerscsv?contestTypeId=9&draftGroupId=151691,151691,9,Selected largest-prize regular Classic MLB draft group after excluding Turbo/Night/qualifier/satellite/showdown/snake/single-stat slates.,C,Gabriel Moreno (43755607),Gabriel Moreno,43755607,C,4500,SD@ARI 08/05/2026 09:40PM ET,08/05/2026 09:40PM ET,ARI,SD,home,7.7,,,needs_review_new_player,identity_name_team_map,No reviewed normalized-name/team identity alias; do not auto-guess.
2026-08-05,2026-08-05T15:40:32.372930+00:00,2026-08-05,DraftKings official lineup CSV,https://www.draftkings.com/lineup/getavailableplayerscsv?contestTypeId=9&draftGroupId=151691,151691,9,Selected largest-prize regular Classic MLB draft group after excluding Turbo/Night/qualifier/satellite/showdown/snake/single-stat slates.,1B,Ryan O'Hearn (43755778),Ryan O'Hearn,43755778,1B,4500,PIT@MIL 08/05/2026 07:40PM ET,08/05/2026 07:40PM ET,PIT,MIL,away,7.9,,,needs_review_new_player,identity_name_team_map,No reviewed normalized-name/team identity alias; do not auto-guess.
2026-08-05,2026-08-05T15:40:32.372930+00:00,2026-08-05,DraftKings official lineup CSV,https://www.draftkings.com/lineup/getavailableplayerscsv?contestTypeId=9&draftGroupId=151691,151691,9,Selected largest-prize regular Classic MLB draft group after excluding Turbo/Night/qualifier/satellite/showdown/snake/single-stat slates.,2B/3B,Curtis Mead (43755779),Curtis Mead,43755779,2B/3B,4500,CWS@BOS 08/05/2026 07:10PM ET,08/05/2026 07:10PM ET,BOS,CWS,home,7.8,678554,Curtis Mead,needs_review_team_change,identity_name_unique_mlbam,Name maps to one reviewed MLBAM identity but not this DK team; review as team-change/new alias before trusting automation.
2026-08-05,2026-08-05T15:40:32.372930+00:00,2026-08-05,DraftKings official lineup CSV,https://www.draftkings.com/lineup/getavailableplayerscsv?contestTypeId=9&draftGroupId=151691,151691,9,Selected largest-prize regular Classic MLB draft group after excluding Turbo/Night/qualifier/satellite/showdown/snake/single-stat slates.,SS,Otto Lopez (43755608),Otto Lopez,43755608,SS,4400,MIA@ATL 08/05/2026 07:15PM ET,08/05/2026 07:15PM ET,MIA,ATL,away,9,672640,Otto Lopez,mapped,identity_name_team_map,Proposed from review candidates; basis=exact normalized name + team; role-compatible; hr-distance-latest.json|statcast_batter_des_2026; confidence=high; sources=hr-distance-latest.json|statcast_batter_des_2026
2026-08-05,2026-08-05T15:40:32.372930+00:00,2026-08-05,DraftKings official lineup CSV,https://www.draftkings.com/lineup/getavailableplayerscsv?contestTypeId=9&draftGroupId=151691,151691,9,Selected largest-prize regular Classic MLB draft group after excluding Turbo/Night/qualifier/satellite/showdown/snake/single-stat slates.,2B,Gleyber Torres (43755609),Gleyber Torres,43755609,2B,4400,DET@SEA 08/05/2026 09:40PM ET,08/05/2026 09:40PM ET,DET,SEA,away,7.9,650402,Gleyber Torres,mapped,identity_name_team_map,Proposed from review candidates; basis=exact normalized name + team; role-compatible; hr-distance-latest.json|statcast_batter_des_2026; confidence=high; sources=hr-distance-latest.json|statcast_batter_des_2026
2026-08-05,2026-08-05T15:40:32.372930+00:00,2026-08-05,DraftKings official lineup CSV,https://www.draftkings.com/lineup/getavailableplayerscsv?contestTypeId=9&draftGroupId=151691,151691,9,Selected largest-prize regular Classic MLB draft group after excluding Turbo/Night/qualifier/satellite/showdown/snake/single-stat slates.,OF,Sam Antonacci (43755610),Sam Antonacci,43755610,OF,4400,CWS@BOS 08/05/2026 07:10PM ET,08/05/2026 07:10PM ET,CWS,BOS,away,7.6,803011,Sam Antonacci,mapped,identity_name_team_map,Stable identity seed from old DK-ID map. Pilot join status: matched via normalized_name_team
2026-08-05,2026-08-05T15:40:32.372930+00:00,2026-08-05,DraftKings official lineup CSV,https://www.draftkings.com/lineup/getavailableplayerscsv?contestTypeId=9&draftGroupId=151691,151691,9,Selected largest-prize regular Classic MLB draft group after excluding Turbo/Night/qualifier/satellite/showdown/snake/single-stat slates.,C,Ivan Herrera (43755611),Ivan Herrera,43755611,C,4400,STL@NYY 08/05/2026 07:05PM ET,08/05/2026 07:05PM ET,STL,NYY,away,7.5,671056,Iván Herrera,mapped,identity_name_team_map,Stable identity seed from old DK-ID map. Pilot join status: matched via normalized_name_team
2026-08-05,2026-08-05T15:40:32.372930+00:00,2026-08-05,DraftKings official lineup CSV,https://www.draftkings.com/lineup/getavailableplayerscsv?contestTypeId=9&draftGroupId=151691,151691,9,Selected largest-prize regular Classic MLB draft group after excluding Turbo/Night/qualifier/satellite/showdown/snake/single-stat slates.,OF,Roman Anthony (43755781),Roman Anthony,43755781,OF,4400,CWS@BOS 08/05/2026 07:10PM ET,08/05/2026 07:10PM ET,BOS,CWS,home,6.1,,,needs_review_new_player,identity_name_team_map,No reviewed normalized-name/team identity alias; do not auto-guess.
2026-08-05,2026-08-05T15:40:32.372930+00:00,2026-08-05,DraftKings official lineup CSV,https://www.draftkings.com/lineup/getavailableplayerscsv?contestTypeId=9&draftGroupId=151691,151691,9,Selected largest-prize regular Classic MLB draft group after excluding Turbo/Night/qualifier/satellite/showdown/snake/single-stat slates.,OF,Ceddanne Rafaela (43755612),Ceddanne Rafaela,43755612,OF,4300,CWS@BOS 08/05/2026 07:10PM ET,08/05/2026 07:10PM ET,BOS,CWS,home,8.3,,,needs_review_new_player,identity_name_team_map,No reviewed normalized-name/team identity alias; do not auto-guess.
2026-08-05,2026-08-05T15:40:32.372930+00:00,2026-08-05,DraftKings official lineup CSV,https://www.draftkings.com/lineup/getavailableplayerscsv?contestTypeId=9&draftGroupId=151691,151691,9,Selected largest-prize regular Classic MLB draft group after excluding Turbo/Night/qualifier/satellite/showdown/snake/single-stat slates.,OF,Esmerlyn Valdez (43755613),Esmerlyn Valdez,43755613,OF,4300,PIT@MIL 08/05/2026 07:40PM ET,08/05/2026 07:40PM ET,PIT,MIL,away,9.2,,,needs_review_new_player,identity_name_team_map,No reviewed normalized-name/team identity alias; do not auto-guess.
2026-08-05,2026-08-05T15:40:32.372930+00:00,2026-08-05,DraftKings official lineup CSV,https://www.draftkings.com/lineup/getavailableplayerscsv?contestTypeId=9&draftGroupId=151691,151691,9,Selected largest-prize regular Classic MLB draft group after excluding Turbo/Night/qualifier/satellite/showdown/snake/single-stat slates.,OF,Michael Harris II (43755614),Michael Harris II,43755614,OF,4300,MIA@ATL 08/05/2026 07:15PM ET,08/05/2026 07:15PM ET,ATL,MIA,home,7.8,671739,Michael Harris II,mapped,identity_name_team_map,Stable identity seed from old DK-ID map. Pilot join status: matched via normalized_name_team
2026-08-05,2026-08-05T15:40:32.372930+00:00,2026-08-05,DraftKings official lineup CSV,https://www.draftkings.com/lineup/getavailableplayerscsv?contestTypeId=9&draftGroupId=151691,151691,9,Selected largest-prize regular Classic MLB draft group after excluding Turbo/Night/qualifier/satellite/showdown/snake/single-stat slates.,C,William Contreras (43755615),William Contreras,43755615,C,4300,PIT@MIL 08/05/2026 07:40PM ET,08/05/2026 07:40PM ET,MIL,PIT,home,7.1,661388,William Contreras,mapped,identity_name_team_map,Stable identity seed from old DK-ID map. Pilot join status: matched via normalized_name_team
2026-08-05,2026-08-05T15:40:32.372930+00:00,2026-08-05,DraftKings official lineup CSV,https://www.draftkings.com/lineup/getavailableplayerscsv?contestTypeId=9&draftGroupId=151691,151691,9,Selected largest-prize regular Classic MLB draft group after excluding Turbo/Night/qualifier/satellite/showdown/snake/single-stat slates.,OF,Taylor Ward (43755616),Taylor Ward,43755616,OF,4300,DET@SEA 08/05/2026 09:40PM ET,08/05/2026 09:40PM ET,SEA,DET,home,7,,,needs_review_new_player,identity_name_team_map,No reviewed normalized-name/team identity alias; do not auto-guess.
2026-08-05,2026-08-05T15:40:32.372930+00:00,2026-08-05,DraftKings official lineup CSV,https://www.draftkings.com/lineup/getavailableplayerscsv?contestTypeId=9&draftGroupId=151691,151691,9,Selected largest-prize regular Classic MLB draft group after excluding Turbo/Night/qualifier/satellite/showdown/snake/single-stat slates.,OF,Trent Grisham (43755617),Trent Grisham,43755617,OF,4300,STL@NYY 08/05/2026 07:05PM ET,08/05/2026 07:05PM ET,NYY,STL,home,7,,,needs_review_new_player,identity_name_team_map,No reviewed normalized-name/team identity alias; do not auto-guess.
2026-08-05,2026-08-05T15:40:32.372930+00:00,2026-08-05,DraftKings official lineup CSV,https://www.draftkings.com/lineup/getavailableplayerscsv?contestTypeId=9&draftGroupId=151691,151691,9,Selected largest-prize regular Classic MLB draft group after excluding Turbo/Night/qualifier/satellite/showdown/snake/single-stat slates.,1B,Ty France (43755618),Ty France,43755618,1B,4300,SD@ARI 08/05/2026 09:40PM ET,08/05/2026 09:40PM ET,SD,ARI,away,7,664034,Ty France,mapped,identity_name_team_map,Stable identity seed from old DK-ID map. Pilot join status: matched via normalized_name_team
2026-08-05,2026-08-05T15:40:32.372930+00:00,2026-08-05,DraftKings official lineup CSV,https://www.draftkings.com/lineup/getavailableplayerscsv?contestTypeId=9&draftGroupId=151691,151691,9,Selected largest-prize regular Classic MLB draft group after excluding Turbo/Night/qualifier/satellite/showdown/snake/single-stat slates.,OF,Cody Bellinger (43755782),Cody Bellinger,43755782,OF,4300,STL@NYY 08/05/2026 07:05PM ET,08/05/2026 07:05PM ET,NYY,STL,home,7.8,,,needs_review_new_player,identity_name_team_map,No reviewed normalized-name/team identity alias; do not auto-guess.
2026-08-05,2026-08-05T15:40:32.372930+00:00,2026-08-05,DraftKings official lineup CSV,https://www.draftkings.com/lineup/getavailableplayerscsv?contestTypeId=9&draftGroupId=151691,151691,9,Selected largest-prize regular Classic MLB draft group after excluding Turbo/Night/qualifier/satellite/showdown/snake/single-stat slates.,1B/C,Endy Rodriguez (43755619),Endy Rodriguez,43755619,C/1B,4200,PIT@MIL 08/05/2026 07:40PM ET,08/05/2026 07:40PM ET,PIT,MIL,away,7.3,,,needs_review_new_player,identity_name_team_map,No reviewed normalized-name/team identity alias; do not auto-guess.
2026-08-05,2026-08-05T15:40:32.372930+00:00,2026-08-05,DraftKings official lineup CSV,https://www.draftkings.com/lineup/getavailableplayerscsv?contestTypeId=9&draftGroupId=151691,151691,9,Selected largest-prize regular Classic MLB draft group after excluding Turbo/Night/qualifier/satellite/showdown/snake/single-stat slates.,OF,Heliot Ramos (43755621),Heliot Ramos,43755621,OF,4200,STL@NYY 08/05/2026 07:05PM ET,08/05/2026 07:05PM ET,NYY,STL,home,6.9,671218,Heliot Ramos,needs_review_team_change,identity_name_unique_mlbam,Name maps to one reviewed MLBAM identity but not this DK team; review as team-change/new alias before trusting automation.
2026-08-05,2026-08-05T15:40:32.372930+00:00,2026-08-05,DraftKings official lineup CSV,https://www.draftkings.com/lineup/getavailableplayerscsv?contestTypeId=9&draftGroupId=151691,151691,9,Selected largest-prize regular Classic MLB draft group after excluding Turbo/Night/qualifier/satellite/showdown/snake/single-stat slates.,SS,Geraldo Perdomo (43755622),Geraldo Perdomo,43755622,SS,4200,SD@ARI 08/05/2026 09:40PM ET,08/05/2026 09:40PM ET,ARI,SD,home,7.5,,,needs_review_new_player,identity_name_team_map,No reviewed normalized-name/team identity alias; do not auto-guess.
2026-08-05,2026-08-05T15:40:32.372930+00:00,2026-08-05,DraftKings official lineup CSV,https://www.draftkings.com/lineup/getavailableplayerscsv?contestTypeId=9&draftGroupId=151691,151691,9,Selected largest-prize regular Classic MLB draft group after excluding Turbo/Night/qualifier/satellite/showdown/snake/single-stat slates.,1B,Spencer Torkelson (43755623),Spencer Torkelson,43755623,1B,4200,DET@SEA 08/05/2026 09:40PM ET,08/05/2026 09:40PM ET,DET,SEA,away,6.7,679529,Spencer Torkelson,mapped,identity_name_team_map,Proposed from review candidates; basis=exact normalized name + team; role-compatible; hr-distance-latest.json|statcast_batter_des_2026; confidence=high; sources=hr-distance-latest.json|statcast_batter_des_2026
2026-08-05,2026-08-05T15:40:32.372930+00:00,2026-08-05,DraftKings official lineup CSV,https://www.draftkings.com/lineup/getavailableplayerscsv?contestTypeId=9&draftGroupId=151691,151691,9,Selected largest-prize regular Classic MLB draft group after excluding Turbo/Night/qualifier/satellite/showdown/snake/single-stat slates.,C,Adley Rutschman (43755783),Adley Rutschman,43755783,C,4200,CWS@BOS 08/05/2026 07:10PM ET,08/05/2026 07:10PM ET,BOS,CWS,home,7.5,,,needs_review_new_player,identity_name_team_map,No reviewed normalized-name/team identity alias; do not auto-guess.
2026-08-05,2026-08-05T15:40:32.372930+00:00,2026-08-05,DraftKings official lineup CSV,https://www.draftkings.com/lineup/getavailableplayerscsv?contestTypeId=9&draftGroupId=151691,151691,9,Selected largest-prize regular Classic MLB draft group after excluding Turbo/Night/qualifier/satellite/showdown/snake/single-stat slates.,3B/SS,Maikel Garcia (43755784),Maikel Garcia,43755784,3B/SS,4200,MIN@KC 08/05/2026 07:40PM ET,08/05/2026 07:40PM ET,KC,MIN,home,6.8,672580,Maikel Garcia,mapped,identity_name_team_map,Stable identity seed from old DK-ID map. Pilot join status: matched via normalized_name_team
2026-08-05,2026-08-05T15:40:32.372930+00:00,2026-08-05,DraftKings official lineup CSV,https://www.draftkings.com/lineup/getavailableplayerscsv?contestTypeId=9&draftGroupId=151691,151691,9,Selected largest-prize regular Classic MLB draft group after excluding Turbo/Night/qualifier/satellite/showdown/snake/single-stat slates.,OF,Giancarlo Stanton (43755786),Giancarlo Stanton,43755786,OF,4200,STL@NYY 08/05/2026 07:05PM ET,08/05/2026 07:05PM ET,NYY,STL,home,6.8,,,needs_review_new_player,identity_name_team_map,No reviewed normalized-name/team identity alias; do not auto-guess.
2026-08-05,2026-08-05T15:40:32.372930+00:00,2026-08-05,DraftKings official lineup CSV,https://www.draftkings.com/lineup/getavailableplayerscsv?contestTypeId=9&draftGroupId=151691,151691,9,Selected largest-prize regular Classic MLB draft group after excluding Turbo/Night/qualifier/satellite/showdown/snake/single-stat slates.,2B,Michael Massey (43755624),Michael Massey,43755624,2B,4100,MIN@KC 08/05/2026 07:40PM ET,08/05/2026 07:40PM ET,KC,MIN,home,5.5,686681,Michael Massey,mapped,identity_name_team_map,Stable identity seed from old DK-ID map. Pilot join status: matched via normalized_name_team
2026-08-05,2026-08-05T15:40:32.372930+00:00,2026-08-05,DraftKings official lineup CSV,https://www.draftkings.com/lineup/getavailableplayerscsv?contestTypeId=9&draftGroupId=151691,151691,9,Selected largest-prize regular Classic MLB draft group after excluding Turbo/Night/qualifier/satellite/showdown/snake/single-stat slates.,3B,Brooks Lee (43755625),Brooks Lee,43755625,3B,4100,MIN@KC 08/05/2026 07:40PM ET,08/05/2026 07:40PM ET,MIN,KC,away,7.1,686797,Brooks Lee,mapped,identity_name_team_map,Proposed from review candidates; basis=exact normalized name + team; role-compatible; hr-distance-latest.json|statcast_batter_des_2026; confidence=high; sources=hr-distance-latest.json|statcast_batter_des_2026
2026-08-05,2026-08-05T15:40:32.372930+00:00,2026-08-05,DraftKings official lineup CSV,https://www.draftkings.com/lineup/getavailableplayerscsv?contestTypeId=9&draftGroupId=151691,151691,9,Selected largest-prize regular Classic MLB draft group after excluding Turbo/Night/qualifier/satellite/showdown/snake/single-stat slates.,2B,Ozzie Albies (43755626),Ozzie Albies,43755626,2B,4000,MIA@ATL 08/05/2026 07:15PM ET,08/05/2026 07:15PM ET,ATL,MIA,home,7.7,645277,Ozzie Albies,mapped,identity_name_team_map,Stable identity seed from old DK-ID map. Pilot join status: matched via normalized_name_team
2026-08-05,2026-08-05T15:40:32.372930+00:00,2026-08-05,DraftKings official lineup CSV,https://www.draftkings.com/lineup/getavailableplayerscsv?contestTypeId=9&draftGroupId=151691,151691,9,Selected largest-prize regular Classic MLB draft group after excluding Turbo/Night/qualifier/satellite/showdown/snake/single-stat slates.,C,Cal Raleigh (43755627),Cal Raleigh,43755627,C,4000,DET@SEA 08/05/2026 09:40PM ET,08/05/2026 09:40PM ET,SEA,DET,home,5.9,,,needs_review_new_player,identity_name_team_map,No reviewed normalized-name/team identity alias; do not auto-guess.
2026-08-05,2026-08-05T15:40:32.372930+00:00,2026-08-05,DraftKings official lineup CSV,https://www.draftkings.com/lineup/getavailableplayerscsv?contestTypeId=9&draftGroupId=151691,151691,9,Selected largest-prize regular Classic MLB draft group after excluding Turbo/Night/qualifier/satellite/showdown/snake/single-stat slates.,OF,Garrett Mitchell (43755628),Garrett Mitchell,43755628,OF,4000,PIT@MIL 08/05/2026 07:40PM ET,08/05/2026 07:40PM ET,MIL,PIT,home,6.9,669003,Garrett Mitchell,mapped,identity_name_team_map,Stable identity seed from old DK-ID map. Pilot join status: matched via normalized_name_team
2026-08-05,2026-08-05T15:40:32.372930+00:00,2026-08-05,DraftKings official lineup CSV,https://www.draftkings.com/lineup/getavailableplayerscsv?contestTypeId=9&draftGroupId=151691,151691,9,Selected largest-prize regular Classic MLB draft group after excluding Turbo/Night/qualifier/satellite/showdown/snake/single-stat slates.,OF,Luis Rengifo (43755629),Luis Rengifo,43755629,OF,4000,SD@ARI 08/05/2026 09:40PM ET,08/05/2026 09:40PM ET,SD,ARI,away,5.6,650859,Luis Rengifo,needs_review_team_change,identity_name_unique_mlbam,Name maps to one reviewed MLBAM identity but not this DK team; review as team-change/new alias before trusting automation.
2026-08-05,2026-08-05T15:40:32.372930+00:00,2026-08-05,DraftKings official lineup CSV,https://www.draftkings.com/lineup/getavailableplayerscsv?contestTypeId=9&draftGroupId=151691,151691,9,Selected largest-prize regular Classic MLB draft group after excluding Turbo/Night/qualifier/satellite/showdown/snake/single-stat slates.,1B,Kyle Stowers (43755630),Kyle Stowers,43755630,1B,4000,MIA@ATL 08/05/2026 07:15PM ET,08/05/2026 07:15PM ET,MIA,ATL,away,7.6,669065,Kyle Stowers,mapped,identity_name_team_map,Proposed from review candidates; basis=exact normalized name + team; role-compatible; hr-distance-latest.json|statcast_batter_des_2026; confidence=high; sources=hr-distance-latest.json|statcast_batter_des_2026
2026-08-05,2026-08-05T15:40:32.372930+00:00,2026-08-05,DraftKings official lineup CSV,https://www.draftkings.com/lineup/getavailableplayerscsv?contestTypeId=9&draftGroupId=151691,151691,9,Selected largest-prize regular Classic MLB draft group after excluding Turbo/Night/qualifier/satellite/showdown/snake/single-stat slates.,1B,Vinnie Pasquantino (43755787),Vinnie Pasquantino,43755787,1B,4000,MIN@KC 08/05/2026 07:40PM ET,08/05/2026 07:40PM ET,KC,MIN,home,6.5,686469,Vinnie Pasquantino,mapped,identity_name_team_map,Stable identity seed from old DK-ID map. Pilot join status: matched via normalized_name_team
2026-08-05,2026-08-05T15:40:32.372930+00:00,2026-08-05,DraftKings official lineup CSV,https://www.draftkings.com/lineup/getavailableplayerscsv?contestTypeId=9&draftGroupId=151691,151691,9,Selected largest-prize regular Classic MLB draft group after excluding Turbo/Night/qualifier/satellite/showdown/snake/single-stat slates.,SP,Drew Thorpe (43756042),Drew Thorpe,43756042,P,4000,CWS@BOS 08/05/2026 07:10PM ET,08/05/2026 07:10PM ET,CWS,BOS,away,0,689672,Drew Thorpe,mapped,identity_name_team_map,Stable identity seed from old DK-ID map. Pilot join status: matched_people_search_name via mlb_people_search_normalized_name
2026-08-05,2026-08-05T15:40:32.372930+00:00,2026-08-05,DraftKings official lineup CSV,https://www.draftkings.com/lineup/getavailableplayerscsv?contestTypeId=9&draftGroupId=151691,151691,9,Selected largest-prize regular Classic MLB draft group after excluding Turbo/Night/qualifier/satellite/showdown/snake/single-stat slates.,RP,Cooper Hjerpe (43756043),Cooper Hjerpe,43756043,P,4000,STL@NYY 08/05/2026 07:05PM ET,08/05/2026 07:05PM ET,STL,NYY,away,0,687309,Cooper Hjerpe,mapped,identity_name_team_map,Stable identity seed from old DK-ID map. Pilot join status: matched_people_search_name via mlb_people_search_normalized_name
2026-08-05,2026-08-05T15:40:32.372930+00:00,2026-08-05,DraftKings official lineup CSV,https://www.draftkings.com/lineup/getavailableplayerscsv?contestTypeId=9&draftGroupId=151691,151691,9,Selected largest-prize regular Classic MLB draft group after excluding Turbo/Night/qualifier/satellite/showdown/snake/single-stat slates.,SP,Ky Bush (43756044),Ky Bush,43756044,P,4000,CWS@BOS 08/05/2026 07:10PM ET,08/05/2026 07:10PM ET,CWS,BOS,away,0,681066,Ky Bush,mapped,identity_name_team_map,Stable identity seed from old DK-ID map. Pilot join status: matched_people_search_name via mlb_people_search_normalized_name
2026-08-05,2026-08-05T15:40:32.372930+00:00,2026-08-05,DraftKings official lineup CSV,https://www.draftkings.com/lineup/getavailableplayerscsv?contestTypeId=9&draftGroupId=151691,151691,9,Selected largest-prize regular Classic MLB draft group after excluding Turbo/Night/qualifier/satellite/showdown/snake/single-stat slates.,SP,Steven Zobac (43756045),Steven Zobac,43756045,P,4000,MIN@KC 08/05/2026 07:40PM ET,08/05/2026 07:40PM ET,KC,MIN,home,0,686632,Steven Zobac,mapped,identity_name_team_map,Stable identity seed from old DK-ID map. Pilot join status: matched_people_search_name via mlb_people_search_normalized_name
2026-08-05,2026-08-05T15:40:32.372930+00:00,2026-08-05,DraftKings official lineup CSV,https://www.draftkings.com/lineup/getavailableplayerscsv?contestTypeId=9&draftGroupId=151691,151691,9,Selected largest-prize regular Classic MLB draft group after excluding Turbo/Night/qualifier/satellite/showdown/snake/single-stat slates.,RP,Prelander Berroa (43756046),Prelander Berroa,43756046,P,4000,CWS@BOS 08/05/2026 07:10PM ET,08/05/2026 07:10PM ET,CWS,BOS,away,0,672860,Prelander Berroa,mapped,identity_name_team_map,Stable identity seed from old DK-ID map. Pilot join status: matched_people_search_name via mlb_people_search_normalized_name
2026-08-05,2026-08-05T15:40:32.372930+00:00,2026-08-05,DraftKings official lineup CSV,https://www.draftkings.com/lineup/getavailableplayerscsv?contestTypeId=9&draftGroupId=151691,151691,9,Selected largest-prize regular Classic MLB draft group after excluding Turbo/Night/qualifier/satellite/showdown/snake/single-stat slates.,SP,Tanner McDougal (43756047),Tanner McDougal,43756047,P,4000,CWS@BOS 08/05/2026 07:10PM ET,08/05/2026 07:10PM ET,CWS,BOS,away,0,701780,Tanner McDougal,mapped,identity_name_team_map,Stable identity seed from old DK-ID map. Pilot join status: matched_people_search_name via mlb_people_search_normalized_name
2026-08-05,2026-08-05T15:40:32.372930+00:00,2026-08-05,DraftKings official lineup CSV,https://www.draftkings.com/lineup/getavailableplayerscsv?contestTypeId=9&draftGroupId=151691,151691,9,Selected largest-prize regular Classic MLB draft group after excluding Turbo/Night/qualifier/satellite/showdown/snake/single-stat slates.,RP,Blake Walston (43756048),Blake Walston,43756048,P,4000,SD@ARI 08/05/2026 09:40PM ET,08/05/2026 09:40PM ET,ARI,SD,home,0,,,needs_review_new_player,identity_name_team_map,No reviewed normalized-name/team identity alias; do not auto-guess.
2026-08-05,2026-08-05T15:40:32.372930+00:00,2026-08-05,DraftKings official lineup CSV,https://www.draftkings.com/lineup/getavailableplayerscsv?contestTypeId=9&draftGroupId=151691,151691,9,Selected largest-prize regular Classic MLB draft group after excluding Turbo/Night/qualifier/satellite/showdown/snake/single-stat slates.,SP,Jake Miller (43756049),Jake Miller,43756049,P,4000,DET@SEA 08/05/2026 09:40PM ET,08/05/2026 09:40PM ET,DET,SEA,away,0,,,needs_review_new_player,identity_name_team_map,No reviewed normalized-name/team identity alias; do not auto-guess.
2026-08-05,2026-08-05T15:40:32.372930+00:00,2026-08-05,DraftKings official lineup CSV,https://www.draftkings.com/lineup/getavailableplayerscsv?contestTypeId=9&draftGroupId=151691,151691,9,Selected largest-prize regular Classic MLB draft group after excluding Turbo/Night/qualifier/satellite/showdown/snake/single-stat slates.,SP,Chase Hampton (43756050),Chase Hampton,43756050,P,4000,STL@NYY 08/05/2026 07:05PM ET,08/05/2026 07:05PM ET,NYY,STL,home,0,,,needs_review_new_player,identity_name_team_map,No reviewed normalized-name/team identity alias; do not auto-guess.
2026-08-05,2026-08-05T15:40:32.372930+00:00,2026-08-05,DraftKings official lineup CSV,https://www.draftkings.com/lineup/getavailableplayerscsv?contestTypeId=9&draftGroupId=151691,151691,9,Selected largest-prize regular Classic MLB draft group after excluding Turbo/Night/qualifier/satellite/showdown/snake/single-stat slates.,RP,Khristian Curtis (43756051),Khristian Curtis,43756051,P,4000,PIT@MIL 08/05/2026 07:40PM ET,08/05/2026 07:40PM ET,PIT,MIL,away,16.9,,,needs_review_new_player,identity_name_team_map,No reviewed normalized-name/team identity alias; do not auto-guess.
2026-08-05,2026-08-05T15:40:32.372930+00:00,2026-08-05,DraftKings official lineup CSV,https://www.draftkings.com/lineup/getavailableplayerscsv?contestTypeId=9&draftGroupId=151691,151691,9,Selected largest-prize regular Classic MLB draft group after excluding Turbo/Night/qualifier/satellite/showdown/snake/single-stat slates.,SP,River Ryan (43756052),River Ryan,43756052,P,4000,DET@SEA 08/05/2026 09:40PM ET,08/05/2026 09:40PM ET,DET,SEA,away,0,,,needs_review_new_player,identity_name_team_map,No reviewed normalized-name/team identity alias; do not auto-guess.
2026-08-05,2026-08-05T15:40:32.372930+00:00,2026-08-05,DraftKings official lineup CSV,https://www.draftkings.com/lineup/getavailableplayerscsv?contestTypeId=9&draftGroupId=151691,151691,9,Selected largest-prize regular Classic MLB draft group after excluding Turbo/Night/qualifier/satellite/showdown/snake/single-stat slates.,RP,Robinson Ortiz (43756053),Robinson Ortiz,43756053,P,4000,DET@SEA 08/05/2026 09:40PM ET,08/05/2026 09:40PM ET,SEA,DET,home,0,,,needs_review_new_player,identity_name_team_map,No reviewed normalized-name/team identity alias; do not auto-guess.
2026-08-05,2026-08-05T15:40:32.372930+00:00,2026-08-05,DraftKings official lineup CSV,https://www.draftkings.com/lineup/getavailableplayerscsv?contestTypeId=9&draftGroupId=151691,151691,9,Selected largest-prize regular Classic MLB draft group after excluding Turbo/Night/qualifier/satellite/showdown/snake/single-stat slates.,RP,Bradley Hanner (43756054),Bradley Hanner,43756054,P,4000,STL@NYY 08/05/2026 07:05PM ET,08/05/2026 07:05PM ET,NYY,STL,home,0,,,needs_review_new_player,identity_name_team_map,No reviewed normalized-name/team identity alias; do not auto-guess.
2026-08-05,2026-08-05T15:40:32.372930+00:00,2026-08-05,DraftKings official lineup CSV,https://www.draftkings.com/lineup/getavailableplayerscsv?contestTypeId=9&draftGroupId=151691,151691,9,Selected largest-prize regular Classic MLB draft group after excluding Turbo/Night/qualifier/satellite/showdown/snake/single-stat slates.,RP,James McArthur (43756055),James McArthur,43756055,P,4000,MIN@KC 08/05/2026 07:40PM ET,08/05/2026 07:40PM ET,KC,MIN,home,0,663704,James McArthur,mapped,identity_name_team_map,Stable identity seed from old DK-ID map. Pilot join status: matched_people_search_name via mlb_people_search_normalized_name
2026-08-05,2026-08-05T15:40:32.372930+00:00,2026-08-05,DraftKings official lineup CSV,https://www.draftkings.com/lineup/getavailableplayerscsv?contestTypeId=9&draftGroupId=151691,151691,9,Selected largest-prize regular Classic MLB draft group after excluding Turbo/Night/qualifier/satellite/showdown/snake/single-stat slates.,RP,Garrett Hawkins (43756056),Garrett Hawkins,43756056,P,4000,SD@ARI 08/05/2026 09:40PM ET,08/05/2026 09:40PM ET,SD,ARI,away,0,678184,Garrett Hawkins,mapped,identity_name_team_map,Stable identity seed from old DK-ID map. Pilot join status: matched_people_search_name via mlb_people_search_normalized_name
2026-08-05,2026-08-05T15:40:32.372930+00:00,2026-08-05,DraftKings official lineup CSV,https://www.draftkings.com/lineup/getavailableplayerscsv?contestTypeId=9&draftGroupId=151691,151691,9,Selected largest-prize regular Classic MLB draft group after excluding Turbo/Night/qualifier/satellite/showdown/snake/single-stat slates.,RP,Joe Jimenez (43756057),Joe Jimenez,43756057,P,4000,MIA@ATL 08/05/2026 07:15PM ET,08/05/2026 07:15PM ET,ATL,MIA,home,0,641729,Joe Jiménez,mapped,identity_name_team_map,Stable identity seed from old DK-ID map. Pilot join status: matched_people_search_name via mlb_people_search_normalized_name
2026-08-05,2026-08-05T15:40:32.372930+00:00,2026-08-05,DraftKings official lineup CSV,https://www.draftkings.com/lineup/getavailableplayerscsv?contestTypeId=9&draftGroupId=151691,151691,9,Selected largest-prize regular Classic MLB draft group after excluding Turbo/Night/qualifier/satellite/showdown/snake/single-stat slates.,RP,Raisel Iglesias (43756058),Raisel Iglesias,43756058,P,4000,MIA@ATL 08/05/2026 07:15PM ET,08/05/2026 07:15PM ET,ATL,MIA,home,3.2,628452,Raisel Iglesias,mapped,identity_name_team_map,Stable identity seed from old DK-ID map. Pilot join status: matched via normalized_name_team
2026-08-05,2026-08-05T15:40:32.372930+00:00,2026-08-05,DraftKings official lineup CSV,https://www.draftkings.com/lineup/getavailableplayerscsv?contestTypeId=9&draftGroupId=151691,151691,9,Selected largest-prize regular Classic MLB draft group after excluding Turbo/Night/qualifier/satellite/showdown/snake/single-stat slates.,RP,Eduard Bazardo (43756059),Eduard Bazardo,43756059,P,4000,DET@SEA 08/05/2026 09:40PM ET,08/05/2026 09:40PM ET,SEA,DET,home,2.8,,,needs_review_new_player,identity_name_team_map,No reviewed normalized-name/team identity alias; do not auto-guess.
2026-08-05,2026-08-05T15:40:32.372930+00:00,2026-08-05,DraftKings official lineup CSV,https://www.draftkings.com/lineup/getavailableplayerscsv?contestTypeId=9&draftGroupId=151691,151691,9,Selected largest-prize regular Classic MLB draft group after excluding Turbo/Night/qualifier/satellite/showdown/snake/single-stat slates.,RP,Ricky Vanasco (43756060),Ricky Vanasco,43756060,P,4000,DET@SEA 08/05/2026 09:40PM ET,08/05/2026 09:40PM ET,DET,SEA,away,-2.4,676568,Ricky Vanasco,mapped,identity_name_team_map,Proposed from review candidates; basis=exact normalized name + team; role-compatible; statcast_pitcher_2026; confidence=high; sources=statcast_pitcher_2026
2026-08-05,2026-08-05T15:40:32.372930+00:00,2026-08-05,DraftKings official lineup CSV,https://www.draftkings.com/lineup/getavailableplayerscsv?contestTypeId=9&draftGroupId=151691,151691,9,Selected largest-prize regular Classic MLB draft group after excluding Turbo/Night/qualifier/satellite/showdown/snake/single-stat slates.,RP,Alex Lange (43756061),Alex Lange,43756061,P,4000,MIN@KC 08/05/2026 07:40PM ET,08/05/2026 07:40PM ET,KC,MIN,home,2.1,656638,Alex Lange,mapped,identity_name_team_map,Stable identity seed from old DK-ID map. Pilot join status: matched via normalized_name_team
2026-08-05,2026-08-05T15:40:32.372930+00:00,2026-08-05,DraftKings official lineup CSV,https://www.draftkings.com/lineup/getavailableplayerscsv?contestTypeId=9&draftGroupId=151691,151691,9,Selected largest-prize regular Classic MLB draft group after excluding Turbo/Night/qualifier/satellite/showdown/snake/single-stat slates.,RP,JoJo Romero (43756062),JoJo Romero,43756062,P,4000,PIT@MIL 08/05/2026 07:40PM ET,08/05/2026 07:40PM ET,MIL,PIT,home,2.7,668941,JoJo Romero,needs_review_team_change,identity_name_unique_mlbam,Name maps to one reviewed MLBAM identity but not this DK team; review as team-change/new alias before trusting automation.
2026-08-05,2026-08-05T15:40:32.372930+00:00,2026-08-05,DraftKings official lineup CSV,https://www.draftkings.com/lineup/getavailableplayerscsv?contestTypeId=9&draftGroupId=151691,151691,9,Selected largest-prize regular Classic MLB draft group after excluding Turbo/Night/qualifier/satellite/showdown/snake/single-stat slates.,RP,Mason Montgomery (43756063),Mason Montgomery,43756063,P,4000,PIT@MIL 08/05/2026 07:40PM ET,08/05/2026 07:40PM ET,PIT,MIL,away,4.1,,,needs_review_new_player,identity_name_team_map,No reviewed normalized-name/team identity alias; do not auto-guess.
2026-08-05,2026-08-05T15:40:32.372930+00:00,2026-08-05,DraftKings official lineup CSV,https://www.draftkings.com/lineup/getavailableplayerscsv?contestTypeId=9&draftGroupId=151691,151691,9,Selected largest-prize regular Classic MLB draft group after excluding Turbo/Night/qualifier/satellite/showdown/snake/single-stat slates.,RP,Alek Jacob (43756064),Alek Jacob,43756064,P,4000,SD@ARI 08/05/2026 09:40PM ET,08/05/2026 09:40PM ET,SD,ARI,away,5.5,689690,Alek Jacob,mapped,identity_name_team_map,Stable identity seed from old DK-ID map. Pilot join status: matched via normalized_name_team
2026-08-05,2026-08-05T15:40:32.372930+00:00,2026-08-05,DraftKings official lineup CSV,https://www.draftkings.com/lineup/getavailableplayerscsv?contestTypeId=9&draftGroupId=151691,151691,9,Selected largest-prize regular Classic MLB draft group after excluding Turbo/Night/qualifier/satellite/showdown/snake/single-stat slates.,RP,Brandan Bidois (43756065),Brandan Bidois,43756065,P,4000,MIA@ATL 08/05/2026 07:15PM ET,08/05/2026 07:15PM ET,MIA,ATL,away,2.3,,,needs_review_new_player,identity_name_team_map,No reviewed normalized-name/team identity alias; do not auto-guess.
2026-08-05,2026-08-05T15:40:32.372930+00:00,2026-08-05,DraftKings official lineup CSV,https://www.draftkings.com/lineup/getavailableplayerscsv?contestTypeId=9&draftGroupId=151691,151691,9,Selected largest-prize regular Classic MLB draft group after excluding Turbo/Night/qualifier/satellite/showdown/snake/single-stat slates.,RP,Adrian Morejon (43756066),Adrian Morejon,43756066,P,4000,SD@ARI 08/05/2026 09:40PM ET,08/05/2026 09:40PM ET,SD,ARI,away,4.4,670970,Adrian Morejon,mapped,identity_name_team_map,Stable identity seed from old DK-ID map. Pilot join status: matched via normalized_name_team
2026-08-05,2026-08-05T15:40:32.372930+00:00,2026-08-05,DraftKings official lineup CSV,https://www.draftkings.com/lineup/getavailableplayerscsv?contestTypeId=9&draftGroupId=151691,151691,9,Selected largest-prize regular Classic MLB draft group after excluding Turbo/Night/qualifier/satellite/showdown/snake/single-stat slates.,RP,Luke Weaver (43756067),Luke Weaver,43756067,P,4000,PIT@MIL 08/05/2026 07:40PM ET,08/05/2026 07:40PM ET,PIT,MIL,away,3.7,596133,Luke Weaver,needs_review_team_change,identity_name_unique_mlbam,Name maps to one reviewed MLBAM identity but not this DK team; review as team-change/new alias before trusting automation.
2026-08-05,2026-08-05T15:40:32.372930+00:00,2026-08-05,DraftKings official lineup CSV,https://www.draftkings.com/lineup/getavailableplayerscsv?contestTypeId=9&draftGroupId=151691,151691,9,Selected largest-prize regular Classic MLB draft group after excluding Turbo/Night/qualifier/satellite/showdown/snake/single-stat slates.,RP,Alec Gamboa (43756068),Alec Gamboa,43756068,P,4000,CWS@BOS 08/05/2026 07:10PM ET,08/05/2026 07:10PM ET,BOS,CWS,home,5.5,,,needs_review_new_player,identity_name_team_map,No reviewed normalized-name/team identity alias; do not auto-guess.
2026-08-05,2026-08-05T15:40:32.372930+00:00,2026-08-05,DraftKings official lineup CSV,https://www.draftkings.com/lineup/getavailableplayerscsv?contestTypeId=9&draftGroupId=151691,151691,9,Selected largest-prize regular Classic MLB draft group after excluding Turbo/Night/qualifier/satellite/showdown/snake/single-stat slates.,RP,Angel Chivilli (43756069),Angel Chivilli,43756069,P,4000,STL@NYY 08/05/2026 07:05PM ET,08/05/2026 07:05PM ET,NYY,STL,home,3.1,,,needs_review_new_player,identity_name_team_map,No reviewed normalized-name/team identity alias; do not auto-guess.
2026-08-05,2026-08-05T15:40:32.372930+00:00,2026-08-05,DraftKings official lineup CSV,https://www.draftkings.com/lineup/getavailableplayerscsv?contestTypeId=9&draftGroupId=151691,151691,9,Selected largest-prize regular Classic MLB draft group after excluding Turbo/Night/qualifier/satellite/showdown/snake/single-stat slates.,RP,Beau Brieske (43756070),Beau Brieske,43756070,P,4000,DET@SEA 08/05/2026 09:40PM ET,08/05/2026 09:40PM ET,DET,SEA,away,1.9,689225,Beau Brieske,mapped,identity_name_team_map,Proposed from review candidates; basis=exact normalized name + team; role-compatible; statcast_pitcher_2026; confidence=high; sources=statcast_pitcher_2026
2026-08-05,2026-08-05T15:40:32.372930+00:00,2026-08-05,DraftKings official lineup CSV,https://www.draftkings.com/lineup/getavailableplayerscsv?contestTypeId=9&draftGroupId=151691,151691,9,Selected largest-prize regular Classic MLB draft group after excluding Turbo/Night/qualifier/satellite/showdown/snake/single-stat slates.,RP,Luis Gastelum (43756071),Luis Gastelum,43756071,P,4000,STL@NYY 08/05/2026 07:05PM ET,08/05/2026 07:05PM ET,STL,NYY,away,1.6,,,needs_review_new_player,identity_name_team_map,No reviewed normalized-name/team identity alias; do not auto-guess.
2026-08-05,2026-08-05T15:40:32.372930+00:00,2026-08-05,DraftKings official lineup CSV,https://www.draftkings.com/lineup/getavailableplayerscsv?contestTypeId=9&draftGroupId=151691,151691,9,Selected largest-prize regular Classic MLB draft group after excluding Turbo/Night/qualifier/satellite/showdown/snake/single-stat slates.,RP,Tyler Schweitzer (43756072),Tyler Schweitzer,43756072,P,4000,CWS@BOS 08/05/2026 07:10PM ET,08/05/2026 07:10PM ET,CWS,BOS,away,4.1,805326,Tyler Schweitzer,mapped,identity_name_team_map,Stable identity seed from old DK-ID map. Pilot join status: matched via normalized_name_team
2026-08-05,2026-08-05T15:40:32.372930+00:00,2026-08-05,DraftKings official lineup CSV,https://www.draftkings.com/lineup/getavailableplayerscsv?contestTypeId=9&draftGroupId=151691,151691,9,Selected largest-prize regular Classic MLB draft group after excluding Turbo/Night/qualifier/satellite/showdown/snake/single-stat slates.,SP,Duncan Davitt (43756073),Duncan Davitt,43756073,P,4000,MIA@ATL 08/05/2026 07:15PM ET,08/05/2026 07:15PM ET,ATL,MIA,home,1.4,701474,Duncan Davitt,needs_review_team_change,identity_name_unique_mlbam,Name maps to one reviewed MLBAM identity but not this DK team; review as team-change/new alias before trusting automation.
2026-08-05,2026-08-05T15:40:32.372930+00:00,2026-08-05,DraftKings official lineup CSV,https://www.draftkings.com/lineup/getavailableplayerscsv?contestTypeId=9&draftGroupId=151691,151691,9,Selected largest-prize regular Classic MLB draft group after excluding Turbo/Night/qualifier/satellite/showdown/snake/single-stat slates.,RP,Brent Suter (43756074),Brent Suter,43756074,P,4000,MIA@ATL 08/05/2026 07:15PM ET,08/05/2026 07:15PM ET,ATL,MIA,home,3.7,608718,Brent Suter,needs_review_team_change,identity_name_unique_mlbam,Name maps to one reviewed MLBAM identity but not this DK team; review as team-change/new alias before trusting automation.
2026-08-05,2026-08-05T15:40:32.372930+00:00,2026-08-05,DraftKings official lineup CSV,https://www.draftkings.com/lineup/getavailableplayerscsv?contestTypeId=9&draftGroupId=151691,151691,9,Selected largest-prize regular Classic MLB draft group after excluding Turbo/Night/qualifier/satellite/showdown/snake/single-stat slates.,RP,Aaron Bummer (43756075),Aaron Bummer,43756075,P,4000,MIN@KC 08/05/2026 07:40PM ET,08/05/2026 07:40PM ET,KC,MIN,home,0.7,,,needs_review_new_player,identity_name_team_map,No reviewed normalized-name/team identity alias; do not auto-guess.
2026-08-05,2026-08-05T15:40:32.372930+00:00,2026-08-05,DraftKings official lineup CSV,https://www.draftkings.com/lineup/getavailableplayerscsv?contestTypeId=9&draftGroupId=151691,151691,9,Selected largest-prize regular Classic MLB draft group after excluding Turbo/Night/qualifier/satellite/showdown/snake/single-stat slates.,SP,Noah Murdock (43756076),Noah Murdock,43756076,P,4000,PIT@MIL 08/05/2026 07:40PM ET,08/05/2026 07:40PM ET,PIT,MIL,away,5.6,,,needs_review_new_player,identity_name_team_map,No reviewed normalized-name/team identity alias; do not auto-guess.
2026-08-05,2026-08-05T15:40:32.372930+00:00,2026-08-05,DraftKings official lineup CSV,https://www.draftkings.com/lineup/getavailableplayerscsv?contestTypeId=9&draftGroupId=151691,151691,9,Selected largest-prize regular Classic MLB draft group after excluding Turbo/Night/qualifier/satellite/showdown/snake/single-stat slates.,RP,Nolan Hoffman (43756077),Nolan Hoffman,43756077,P,4000,MIN@KC 08/05/2026 07:40PM ET,08/05/2026 07:40PM ET,KC,MIN,home,1.7,676510,Nolan Hoffman,needs_review_team_change,identity_name_unique_mlbam,Name maps to one reviewed MLBAM identity but not this DK team; review as team-change/new alias before trusting automation.
2026-08-05,2026-08-05T15:40:32.372930+00:00,2026-08-05,DraftKings official lineup CSV,https://www.draftkings.com/lineup/getavailableplayerscsv?contestTypeId=9&draftGroupId=151691,151691,9,Selected largest-prize regular Classic MLB draft group after excluding Turbo/Night/qualifier/satellite/showdown/snake/single-stat slates.,RP,Wikelman Gonzalez (43756078),Wikelman Gonzalez,43756078,P,4000,CWS@BOS 08/05/2026 07:10PM ET,08/05/2026 07:10PM ET,CWS,BOS,away,0,682790,Wikelman González,mapped,identity_name_team_map,Stable identity seed from old DK-ID map. Pilot join status: matched_people_search_name via mlb_people_search_normalized_name
2026-08-05,2026-08-05T15:40:32.372930+00:00,2026-08-05,DraftKings official lineup CSV,https://www.draftkings.com/lineup/getavailableplayerscsv?contestTypeId=9&draftGroupId=151691,151691,9,Selected largest-prize regular Classic MLB draft group after excluding Turbo/Night/qualifier/satellite/showdown/snake/single-stat slates.,RP,Justin Slaten (43756079),Justin Slaten,43756079,P,4000,CWS@BOS 08/05/2026 07:10PM ET,08/05/2026 07:10PM ET,BOS,CWS,home,2.9,,,needs_review_new_player,identity_name_team_map,No reviewed normalized-name/team identity alias; do not auto-guess.
2026-08-05,2026-08-05T15:40:32.372930+00:00,2026-08-05,DraftKings official lineup CSV,https://www.draftkings.com/lineup/getavailableplayerscsv?contestTypeId=9&draftGroupId=151691,151691,9,Selected largest-prize regular Classic MLB draft group after excluding Turbo/Night/qualifier/satellite/showdown/snake/single-stat slates.,RP,Paul Sewald (43756080),Paul Sewald,43756080,P,4000,SD@ARI 08/05/2026 09:40PM ET,08/05/2026 09:40PM ET,ARI,SD,home,2.3,,,needs_review_new_player,identity_name_team_map,No reviewed normalized-name/team identity alias; do not auto-guess.
2026-08-05,2026-08-05T15:40:32.372930+00:00,2026-08-05,DraftKings official lineup CSV,https://www.draftkings.com/lineup/getavailableplayerscsv?contestTypeId=9&draftGroupId=151691,151691,9,Selected largest-prize regular Classic MLB draft group after excluding Turbo/Night/qualifier/satellite/showdown/snake/single-stat slates.,RP,Gregory Soto (43756081),Gregory Soto,43756081,P,4000,PIT@MIL 08/05/2026 07:40PM ET,08/05/2026 07:40PM ET,PIT,MIL,away,3.5,,,needs_review_new_player,identity_name_team_map,No reviewed normalized-name/team identity alias; do not auto-guess.
2026-08-05,2026-08-05T15:40:32.372930+00:00,2026-08-05,DraftKings official lineup CSV,https://www.draftkings.com/lineup/getavailableplayerscsv?contestTypeId=9&draftGroupId=151691,151691,9,Selected largest-prize regular Classic MLB draft group after excluding Turbo/Night/qualifier/satellite/showdown/snake/single-stat slates.,RP,Drey Jameson (43756082),Drey Jameson,43756082,P,4000,SD@ARI 08/05/2026 09:40PM ET,08/05/2026 09:40PM ET,ARI,SD,home,2.9,,,needs_review_new_player,identity_name_team_map,No reviewed normalized-name/team identity alias; do not auto-guess.
2026-08-05,2026-08-05T15:40:32.372930+00:00,2026-08-05,DraftKings official lineup CSV,https://www.draftkings.com/lineup/getavailableplayerscsv?contestTypeId=9&draftGroupId=151691,151691,9,Selected largest-prize regular Classic MLB draft group after excluding Turbo/Night/qualifier/satellite/showdown/snake/single-stat slates.,RP,Philip Abner (43756083),Philip Abner,43756083,P,4000,SD@ARI 08/05/2026 09:40PM ET,08/05/2026 09:40PM ET,ARI,SD,home,1.7,,,needs_review_new_player,identity_name_team_map,No reviewed normalized-name/team identity alias; do not auto-guess.
2026-08-05,2026-08-05T15:40:32.372930+00:00,2026-08-05,DraftKings official lineup CSV,https://www.draftkings.com/lineup/getavailableplayerscsv?contestTypeId=9&draftGroupId=151691,151691,9,Selected largest-prize regular Classic MLB draft group after excluding Turbo/Night/qualifier/satellite/showdown/snake/single-stat slates.,RP,David Bednar (43756084),David Bednar,43756084,P,4000,STL@NYY 08/05/2026 07:05PM ET,08/05/2026 07:05PM ET,NYY,STL,home,3.9,,,needs_review_new_player,identity_name_team_map,No reviewed normalized-name/team identity alias; do not auto-guess.
2026-08-05,2026-08-05T15:40:32.372930+00:00,2026-08-05,DraftKings official lineup CSV,https://www.draftkings.com/lineup/getavailableplayerscsv?contestTypeId=9&draftGroupId=151691,151691,9,Selected largest-prize regular Classic MLB draft group after excluding Turbo/Night/qualifier/satellite/showdown/snake/single-stat slates.,RP,Cade Gibson (43756085),Cade Gibson,43756085,P,4000,MIA@ATL 08/05/2026 07:15PM ET,08/05/2026 07:15PM ET,MIA,ATL,away,2.5,806188,Cade Gibson,mapped,identity_name_team_map,Proposed from review candidates; basis=exact normalized name + team; role-compatible; statcast_pitcher_2026; confidence=high; sources=statcast_pitcher_2026
2026-08-05,2026-08-05T15:40:32.372930+00:00,2026-08-05,DraftKings official lineup CSV,https://www.draftkings.com/lineup/getavailableplayerscsv?contestTypeId=9&draftGroupId=151691,151691,9,Selected largest-prize regular Classic MLB draft group after excluding Turbo/Night/qualifier/satellite/showdown/snake/single-stat slates.,RP,Troy Taylor (43756086),Troy Taylor,43756086,P,4000,DET@SEA 08/05/2026 09:40PM ET,08/05/2026 09:40PM ET,SEA,DET,home,0,,,needs_review_new_player,identity_name_team_map,No reviewed normalized-name/team identity alias; do not auto-guess.
2026-08-05,2026-08-05T15:40:32.372930+00:00,2026-08-05,DraftKings official lineup CSV,https://www.draftkings.com/lineup/getavailableplayerscsv?contestTypeId=9&draftGroupId=151691,151691,9,Selected largest-prize regular Classic MLB draft group after excluding Turbo/Night/qualifier/satellite/showdown/snake/single-stat slates.,RP,Justin Martinez (43756087),Justin Martinez,43756087,P,4000,SD@ARI 08/05/2026 09:40PM ET,08/05/2026 09:40PM ET,ARI,SD,home,0,,,needs_review_new_player,identity_name_team_map,No reviewed normalized-name/team identity alias; do not auto-guess.
2026-08-05,2026-08-05T15:40:32.372930+00:00,2026-08-05,DraftKings official lineup CSV,https://www.draftkings.com/lineup/getavailableplayerscsv?contestTypeId=9&draftGroupId=151691,151691,9,Selected largest-prize regular Classic MLB draft group after excluding Turbo/Night/qualifier/satellite/showdown/snake/single-stat slates.,RP,Grant Anderson (43756088),Grant Anderson,43756088,P,4000,PIT@MIL 08/05/2026 07:40PM ET,08/05/2026 07:40PM ET,MIL,PIT,home,3,681982,Grant Anderson,mapped,identity_name_team_map,Stable identity seed from old DK-ID map. Pilot join status: matched via normalized_name_team
2026-08-05,2026-08-05T15:40:32.372930+00:00,2026-08-05,DraftKings official lineup CSV,https://www.draftkings.com/lineup/getavailableplayerscsv?contestTypeId=9&draftGroupId=151691,151691,9,Selected largest-prize regular Classic MLB draft group after excluding Turbo/Night/qualifier/satellite/showdown/snake/single-stat slates.,RP,Hayden Harris (43756089),Hayden Harris,43756089,P,4000,MIA@ATL 08/05/2026 07:15PM ET,08/05/2026 07:15PM ET,ATL,MIA,home,0,802686,Hayden Harris,mapped,identity_name_team_map,Stable identity seed from old DK-ID map. Pilot join status: matched_people_search_name via mlb_people_search_normalized_name
2026-08-05,2026-08-05T15:40:32.372930+00:00,2026-08-05,DraftKings official lineup CSV,https://www.draftkings.com/lineup/getavailableplayerscsv?contestTypeId=9&draftGroupId=151691,151691,9,Selected largest-prize regular Classic MLB draft group after excluding Turbo/Night/qualifier/satellite/showdown/snake/single-stat slates.,RP,Easton McGee (43756090),Easton McGee,43756090,P,4000,MIN@KC 08/05/2026 07:40PM ET,08/05/2026 07:40PM ET,KC,MIN,home,2.4,668834,Easton McGee,needs_review_team_change,identity_name_unique_mlbam,Name maps to one reviewed MLBAM identity but not this DK team; review as team-change/new alias before trusting automation.
2026-08-05,2026-08-05T15:40:32.372930+00:00,2026-08-05,DraftKings official lineup CSV,https://www.draftkings.com/lineup/getavailableplayerscsv?contestTypeId=9&draftGroupId=151691,151691,9,Selected largest-prize regular Classic MLB draft group after excluding Turbo/Night/qualifier/satellite/showdown/snake/single-stat slates.,SP,Riley O'Brien (43756091),Riley O'Brien,43756091,P,4000,STL@NYY 08/05/2026 07:05PM ET,08/05/2026 07:05PM ET,STL,NYY,away,3,676617,Riley O'Brien,mapped,identity_name_team_map,Stable identity seed from old DK-ID map. Pilot join status: matched via normalized_name_team
2026-08-05,2026-08-05T15:40:32.372930+00:00,2026-08-05,DraftKings official lineup CSV,https://www.draftkings.com/lineup/getavailableplayerscsv?contestTypeId=9&draftGroupId=151691,151691,9,Selected largest-prize regular Classic MLB draft group after excluding Turbo/Night/qualifier/satellite/showdown/snake/single-stat slates.,RP,Pete Fairbanks (43756092),Pete Fairbanks,43756092,P,4000,MIA@ATL 08/05/2026 07:15PM ET,08/05/2026 07:15PM ET,MIA,ATL,away,2.8,664126,Pete Fairbanks,mapped,identity_name_team_map,Proposed from review candidates; basis=exact normalized name + team; role-compatible; statcast_pitcher_2026; confidence=high; sources=statcast_pitcher_2026
2026-08-05,2026-08-05T15:40:32.372930+00:00,2026-08-05,DraftKings official lineup CSV,https://www.draftkings.com/lineup/getavailableplayerscsv?contestTypeId=9&draftGroupId=151691,151691,9,Selected largest-prize regular Classic MLB draft group after excluding Turbo/Night/qualifier/satellite/showdown/snake/single-stat slates.,RP,Jordan Hicks (43756093),Jordan Hicks,43756093,P,4000,CWS@BOS 08/05/2026 07:10PM ET,08/05/2026 07:10PM ET,CWS,BOS,away,2.9,663855,Jordan Hicks,mapped,identity_name_team_map,Stable identity seed from old DK-ID map. Pilot join status: matched via normalized_name_team
2026-08-05,2026-08-05T15:40:32.372930+00:00,2026-08-05,DraftKings official lineup CSV,https://www.draftkings.com/lineup/getavailableplayerscsv?contestTypeId=9&draftGroupId=151691,151691,9,Selected largest-prize regular Classic MLB draft group after excluding Turbo/Night/qualifier/satellite/showdown/snake/single-stat slates.,RP,Zack Kelly (43756094),Zack Kelly,43756094,P,4000,CWS@BOS 08/05/2026 07:10PM ET,08/05/2026 07:10PM ET,BOS,CWS,home,2.2,,,needs_review_new_player,identity_name_team_map,No reviewed normalized-name/team identity alias; do not auto-guess.
2026-08-05,2026-08-05T15:40:32.372930+00:00,2026-08-05,DraftKings official lineup CSV,https://www.draftkings.com/lineup/getavailableplayerscsv?contestTypeId=9&draftGroupId=151691,151691,9,Selected largest-prize regular Classic MLB draft group after excluding Turbo/Night/qualifier/satellite/showdown/snake/single-stat slates.,RP,Aaron Ashby (43756095),Aaron Ashby,43756095,P,4000,PIT@MIL 08/05/2026 07:40PM ET,08/05/2026 07:40PM ET,MIL,PIT,home,4.8,676879,Aaron Ashby,mapped,identity_name_team_map,Stable identity seed from old DK-ID map. Pilot join status: matched via normalized_name_team
2026-08-05,2026-08-05T15:40:32.372930+00:00,2026-08-05,DraftKings official lineup CSV,https://www.draftkings.com/lineup/getavailableplayerscsv?contestTypeId=9&draftGroupId=151691,151691,9,Selected largest-prize regular Classic MLB draft group after excluding Turbo/Night/qualifier/satellite/showdown/snake/single-stat slates.,RP,Yohan Ramirez (43756096),Yohan Ramirez,43756096,P,4000,PIT@MIL 08/05/2026 07:40PM ET,08/05/2026 07:40PM ET,PIT,MIL,away,4.4,,,needs_review_new_player,identity_name_team_map,No reviewed normalized-name/team identity alias; do not auto-guess.
2026-08-05,2026-08-05T15:40:32.372930+00:00,2026-08-05,DraftKings official lineup CSV,https://www.draftkings.com/lineup/getavailableplayerscsv?contestTypeId=9&draftGroupId=151691,151691,9,Selected largest-prize regular Classic MLB draft group after excluding Turbo/Night/qualifier/satellite/showdown/snake/single-stat slates.,RP,Drew Sommers (43756097),Drew Sommers,43756097,P,4000,DET@SEA 08/05/2026 09:40PM ET,08/05/2026 09:40PM ET,DET,SEA,away,2.3,805427,Drew Sommers,mapped,identity_name_team_map,Proposed from review candidates; basis=exact normalized name + team; role-compatible; statcast_pitcher_2026; confidence=high; sources=statcast_pitcher_2026
2026-08-05,2026-08-05T15:40:32.372930+00:00,2026-08-05,DraftKings official lineup CSV,https://www.draftkings.com/lineup/getavailableplayerscsv?contestTypeId=9&draftGroupId=151691,151691,9,Selected largest-prize regular Classic MLB draft group after excluding Turbo/Night/qualifier/satellite/showdown/snake/single-stat slates.,RP,Michael Petersen (43756098),Michael Petersen,43756098,P,4000,MIA@ATL 08/05/2026 07:15PM ET,08/05/2026 07:15PM ET,MIA,ATL,away,3.4,656848,Michael Petersen,mapped,identity_name_team_map,Proposed from review candidates; basis=exact normalized name + team; role-compatible; statcast_pitcher_2026; confidence=high; sources=statcast_pitcher_2026
2026-08-05,2026-08-05T15:40:32.372930+00:00,2026-08-05,DraftKings official lineup CSV,https://www.draftkings.com/lineup/getavailableplayerscsv?contestTypeId=9&draftGroupId=151691,151691,9,Selected largest-prize regular Classic MLB draft group after excluding Turbo/Night/qualifier/satellite/showdown/snake/single-stat slates.,RP,Bailey Horn (43756099),Bailey Horn,43756099,P,4000,DET@SEA 08/05/2026 09:40PM ET,08/05/2026 09:40PM ET,DET,SEA,away,0,,,needs_review_new_player,identity_name_team_map,No reviewed normalized-name/team identity alias; do not auto-guess.
2026-08-05,2026-08-05T15:40:32.372930+00:00,2026-08-05,DraftKings official lineup CSV,https://www.draftkings.com/lineup/getavailableplayerscsv?contestTypeId=9&draftGroupId=151691,151691,9,Selected largest-prize regular Classic MLB draft group after excluding Turbo/Night/qualifier/satellite/showdown/snake/single-stat slates.,RP,Eric Orze (43756100),Eric Orze,43756100,P,4000,MIN@KC 08/05/2026 07:40PM ET,08/05/2026 07:40PM ET,MIN,KC,away,2.3,679358,Eric Orze,mapped,identity_name_team_map,Proposed from review candidates; basis=exact normalized name + team; role-compatible; statcast_pitcher_2026; confidence=high; sources=statcast_pitcher_2026
2026-08-05,2026-08-05T15:40:32.372930+00:00,2026-08-05,DraftKings official lineup CSV,https://www.draftkings.com/lineup/getavailableplayerscsv?contestTypeId=9&draftGroupId=151691,151691,9,Selected largest-prize regular Classic MLB draft group after excluding Turbo/Night/qualifier/satellite/showdown/snake/single-stat slates.,RP,Andres Munoz (43756101),Andres Munoz,43756101,P,4000,DET@SEA 08/05/2026 09:40PM ET,08/05/2026 09:40PM ET,SEA,DET,home,4,,,needs_review_new_player,identity_name_team_map,No reviewed normalized-name/team identity alias; do not auto-guess.
2026-08-05,2026-08-05T15:40:32.372930+00:00,2026-08-05,DraftKings official lineup CSV,https://www.draftkings.com/lineup/getavailableplayerscsv?contestTypeId=9&draftGroupId=151691,151691,9,Selected largest-prize regular Classic MLB draft group after excluding Turbo/Night/qualifier/satellite/showdown/snake/single-stat slates.,RP,Andrew Nardi (43756102),Andrew Nardi,43756102,P,4000,MIA@ATL 08/05/2026 07:15PM ET,08/05/2026 07:15PM ET,MIA,ATL,away,2.8,677053,Andrew Nardi,mapped,identity_name_team_map,Proposed from review candidates; basis=exact normalized name + team; role-compatible; statcast_pitcher_2026; confidence=high; sources=statcast_pitcher_2026
2026-08-05,2026-08-05T15:40:32.372930+00:00,2026-08-05,DraftKings official lineup CSV,https://www.draftkings.com/lineup/getavailableplayerscsv?contestTypeId=9&draftGroupId=151691,151691,9,Selected largest-prize regular Classic MLB draft group after excluding Turbo/Night/qualifier/satellite/showdown/snake/single-stat slates.,RP,Garrett Stallings (43756103),Garrett Stallings,43756103,P,4000,PIT@MIL 08/05/2026 07:40PM ET,08/05/2026 07:40PM ET,MIL,PIT,home,8.1,,,needs_review_new_player,identity_name_team_map,No reviewed normalized-name/team identity alias; do not auto-guess.
2026-08-05,2026-08-05T15:40:32.372930+00:00,2026-08-05,DraftKings official lineup CSV,https://www.draftkings.com/lineup/getavailableplayerscsv?contestTypeId=9&draftGroupId=151691,151691,9,Selected largest-prize regular Classic MLB draft group after excluding Turbo/Night/qualifier/satellite/showdown/snake/single-stat slates.,RP,Taylor Rogers (43756104),Taylor Rogers,43756104,P,4000,MIN@KC 08/05/2026 07:40PM ET,08/05/2026 07:40PM ET,MIN,KC,away,2,573124,Taylor Rogers,mapped,identity_name_team_map,Proposed from review candidates; basis=exact normalized name + team; role-compatible; statcast_pitcher_2026; confidence=high; sources=statcast_pitcher_2026
2026-08-05,2026-08-05T15:40:32.372930+00:00,2026-08-05,DraftKings official lineup CSV,https://www.draftkings.com/lineup/getavailableplayerscsv?contestTypeId=9&draftGroupId=151691,151691,9,Selected largest-prize regular Classic MLB draft group after excluding Turbo/Night/qualifier/satellite/showdown/snake/single-stat slates.,RP,Tyler Zuber (43756105),Tyler Zuber,43756105,P,4000,MIA@ATL 08/05/2026 07:15PM ET,08/05/2026 07:15PM ET,MIA,ATL,away,2.5,676604,Tyler Zuber,mapped,identity_name_team_map,Proposed from review candidates; basis=exact normalized name + team; role-compatible; statcast_pitcher_2026; confidence=high; sources=statcast_pitcher_2026
2026-08-05,2026-08-05T15:40:32.372930+00:00,2026-08-05,DraftKings official lineup CSV,https://www.draftkings.com/lineup/getavailableplayerscsv?contestTypeId=9&draftGroupId=151691,151691,9,Selected largest-prize regular Classic MLB draft group after excluding Turbo/Night/qualifier/satellite/showdown/snake/single-stat slates.,RP,Jose Cuas (43756106),Jose Cuas,43756106,P,4000,MIN@KC 08/05/2026 07:40PM ET,08/05/2026 07:40PM ET,KC,MIN,home,4.5,,,needs_review_new_player,identity_name_team_map,No reviewed normalized-name/team identity alias; do not auto-guess.
2026-08-05,2026-08-05T15:40:32.372930+00:00,2026-08-05,DraftKings official lineup CSV,https://www.draftkings.com/lineup/getavailableplayerscsv?contestTypeId=9&draftGroupId=151691,151691,9,Selected largest-prize regular Classic MLB draft group after excluding Turbo/Night/qualifier/satellite/showdown/snake/single-stat slates.,RP,Max Rajcic (43756107),Max Rajcic,43756107,P,4000,STL@NYY 08/05/2026 07:05PM ET,08/05/2026 07:05PM ET,STL,NYY,away,3.2,,,needs_review_new_player,identity_name_team_map,No reviewed normalized-name/team identity alias; do not auto-guess.
2026-08-05,2026-08-05T15:40:32.372930+00:00,2026-08-05,DraftKings official lineup CSV,https://www.draftkings.com/lineup/getavailableplayerscsv?contestTypeId=9&draftGroupId=151691,151691,9,Selected largest-prize regular Classic MLB draft group after excluding Turbo/Night/qualifier/satellite/showdown/snake/single-stat slates.,RP,Carlos Vargas (43756108),Carlos Vargas,43756108,P,4000,DET@SEA 08/05/2026 09:40PM ET,08/05/2026 09:40PM ET,SEA,DET,home,0,,,needs_review_new_player,identity_name_team_map,No reviewed normalized-name/team identity alias; do not auto-guess.
2026-08-05,2026-08-05T15:40:32.372930+00:00,2026-08-05,DraftKings official lineup CSV,https://www.draftkings.com/lineup/getavailableplayerscsv?contestTypeId=9&draftGroupId=151691,151691,9,Selected largest-prize regular Classic MLB draft group after excluding Turbo/Night/qualifier/satellite/showdown/snake/single-stat slates.,RP,Brenan Hanifee (43756109),Brenan Hanifee,43756109,P,4000,DET@SEA 08/05/2026 09:40PM ET,08/05/2026 09:40PM ET,DET,SEA,away,1.3,669724,Brenan Hanifee,mapped,identity_name_team_map,Proposed from review candidates; basis=exact normalized name + team; role-compatible; statcast_pitcher_2026; confidence=high; sources=statcast_pitcher_2026
2026-08-05,2026-08-05T15:40:32.372930+00:00,2026-08-05,DraftKings official lineup CSV,https://www.draftkings.com/lineup/getavailableplayerscsv?contestTypeId=9&draftGroupId=151691,151691,9,Selected largest-prize regular Classic MLB draft group after excluding Turbo/Night/qualifier/satellite/showdown/snake/single-stat slates.,RP,Eli Morgan (43756110),Eli Morgan,43756110,P,4000,MIN@KC 08/05/2026 07:40PM ET,08/05/2026 07:40PM ET,KC,MIN,home,2,669212,Eli Morgan,mapped,identity_name_team_map,Stable identity seed from old DK-ID map. Pilot join status: matched via normalized_name_team
2026-08-05,2026-08-05T15:40:32.372930+00:00,2026-08-05,DraftKings official lineup CSV,https://www.draftkings.com/lineup/getavailableplayerscsv?contestTypeId=9&draftGroupId=151691,151691,9,Selected largest-prize regular Classic MLB draft group after excluding Turbo/Night/qualifier/satellite/showdown/snake/single-stat slates.,RP,Nick Mears (43756111),Nick Mears,43756111,P,4000,MIN@KC 08/05/2026 07:40PM ET,08/05/2026 07:40PM ET,KC,MIN,home,2,683232,Nick Mears,mapped,identity_name_team_map,Stable identity seed from old DK-ID map. Pilot join status: matched via normalized_name_team
2026-08-05,2026-08-05T15:40:32.372930+00:00,2026-08-05,DraftKings official lineup CSV,https://www.draftkings.com/lineup/getavailableplayerscsv?contestTypeId=9&draftGroupId=151691,151691,9,Selected largest-prize regular Classic MLB draft group after excluding Turbo/Night/qualifier/satellite/showdown/snake/single-stat slates.,RP,Gabe Speier (43756112),Gabe Speier,43756112,P,4000,DET@SEA 08/05/2026 09:40PM ET,08/05/2026 09:40PM ET,SEA,DET,home,2.7,,,needs_review_new_player,identity_name_team_map,No reviewed normalized-name/team identity alias; do not auto-guess.
2026-08-05,2026-08-05T15:40:32.372930+00:00,2026-08-05,DraftKings official lineup CSV,https://www.draftkings.com/lineup/getavailableplayerscsv?contestTypeId=9&draftGroupId=151691,151691,9,Selected largest-prize regular Classic MLB draft group after excluding Turbo/Night/qualifier/satellite/showdown/snake/single-stat slates.,RP,Will Kempner (43756113),Will Kempner,43756113,P,4000,MIA@ATL 08/05/2026 07:15PM ET,08/05/2026 07:15PM ET,MIA,ATL,away,4.8,,,needs_review_new_player,identity_name_team_map,No reviewed normalized-name/team identity alias; do not auto-guess.
2026-08-05,2026-08-05T15:40:32.372930+00:00,2026-08-05,DraftKings official lineup CSV,https://www.draftkings.com/lineup/getavailableplayerscsv?contestTypeId=9&draftGroupId=151691,151691,9,Selected largest-prize regular Classic MLB draft group after excluding Turbo/Night/qualifier/satellite/showdown/snake/single-stat slates.,RP,Abner Uribe (43756114),Abner Uribe,43756114,P,4000,PIT@MIL 08/05/2026 07:40PM ET,08/05/2026 07:40PM ET,MIL,PIT,home,3.5,682842,Abner Uribe,mapped,identity_name_team_map,Stable identity seed from old DK-ID map. Pilot join status: matched via normalized_name_team
2026-08-05,2026-08-05T15:40:32.372930+00:00,2026-08-05,DraftKings official lineup CSV,https://www.draftkings.com/lineup/getavailableplayerscsv?contestTypeId=9&draftGroupId=151691,151691,9,Selected largest-prize regular Classic MLB draft group after excluding Turbo/Night/qualifier/satellite/showdown/snake/single-stat slates.,RP,Anthony Banda (43756115),Anthony Banda,43756115,P,4000,MIN@KC 08/05/2026 07:40PM ET,08/05/2026 07:40PM ET,MIN,KC,away,2.2,607455,Anthony Banda,mapped,identity_name_team_map,Proposed from review candidates; basis=exact normalized name + team; role-compatible; statcast_pitcher_2026; confidence=high; sources=statcast_pitcher_2026
2026-08-05,2026-08-05T15:40:32.372930+00:00,2026-08-05,DraftKings official lineup CSV,https://www.draftkings.com/lineup/getavailableplayerscsv?contestTypeId=9&draftGroupId=151691,151691,9,Selected largest-prize regular Classic MLB draft group after excluding Turbo/Night/qualifier/satellite/showdown/snake/single-stat slates.,RP,Greg Weissert (43756116),Greg Weissert,43756116,P,4000,CWS@BOS 08/05/2026 07:10PM ET,08/05/2026 07:10PM ET,BOS,CWS,home,2.6,,,needs_review_new_player,identity_name_team_map,No reviewed normalized-name/team identity alias; do not auto-guess.
2026-08-05,2026-08-05T15:40:32.372930+00:00,2026-08-05,DraftKings official lineup CSV,https://www.draftkings.com/lineup/getavailableplayerscsv?contestTypeId=9&draftGroupId=151691,151691,9,Selected largest-prize regular Classic MLB draft group after excluding Turbo/Night/qualifier/satellite/showdown/snake/single-stat slates.,RP,Rob Zastryzny (43756117),Rob Zastryzny,43756117,P,4000,PIT@MIL 08/05/2026 07:40PM ET,08/05/2026 07:40PM ET,MIL,PIT,home,0,642239,Rob Zastryzny,mapped,identity_name_team_map,Stable identity seed from old DK-ID map. Pilot join status: matched_people_search_name via mlb_people_search_normalized_name
2026-08-05,2026-08-05T15:40:32.372930+00:00,2026-08-05,DraftKings official lineup CSV,https://www.draftkings.com/lineup/getavailableplayerscsv?contestTypeId=9&draftGroupId=151691,151691,9,Selected largest-prize regular Classic MLB draft group after excluding Turbo/Night/qualifier/satellite/showdown/snake/single-stat slates.,RP,George Soriano (43756118),George Soriano,43756118,P,4000,STL@NYY 08/05/2026 07:05PM ET,08/05/2026 07:05PM ET,STL,NYY,away,2.9,666277,George Soriano,mapped,identity_name_team_map,Stable identity seed from old DK-ID map. Pilot join status: matched via normalized_name_team
2026-08-05,2026-08-05T15:40:32.372930+00:00,2026-08-05,DraftKings official lineup CSV,https://www.draftkings.com/lineup/getavailableplayerscsv?contestTypeId=9&draftGroupId=151691,151691,9,Selected largest-prize regular Classic MLB draft group after excluding Turbo/Night/qualifier/satellite/showdown/snake/single-stat slates.,RP,Zach Brzykcy (43756119),Zach Brzykcy,43756119,P,4000,MIA@ATL 08/05/2026 07:15PM ET,08/05/2026 07:15PM ET,MIA,ATL,away,2.9,694350,Zach Brzykcy,mapped,identity_name_team_map,Proposed from review candidates; basis=exact normalized name + team; role-compatible; statcast_pitcher_2026; confidence=high; sources=statcast_pitcher_2026
2026-08-05,2026-08-05T15:40:32.372930+00:00,2026-08-05,DraftKings official lineup CSV,https://www.draftkings.com/lineup/getavailableplayerscsv?contestTypeId=9&draftGroupId=151691,151691,9,Selected largest-prize regular Classic MLB draft group after excluding Turbo/Night/qualifier/satellite/showdown/snake/single-stat slates.,RP,Jason Adam (43756120),Jason Adam,43756120,P,4000,SD@ARI 08/05/2026 09:40PM ET,08/05/2026 09:40PM ET,SD,ARI,away,2.3,592094,Jason Adam,mapped,identity_name_team_map,Stable identity seed from old DK-ID map. Pilot join status: matched via normalized_name_team
2026-08-05,2026-08-05T15:40:32.372930+00:00,2026-08-05,DraftKings official lineup CSV,https://www.draftkings.com/lineup/getavailableplayerscsv?contestTypeId=9&draftGroupId=151691,151691,9,Selected largest-prize regular Classic MLB draft group after excluding Turbo/Night/qualifier/satellite/showdown/snake/single-stat slates.,RP,Jose A. Ferrer (43756121),Jose A. Ferrer,43756121,P,4000,DET@SEA 08/05/2026 09:40PM ET,08/05/2026 09:40PM ET,SEA,DET,home,2.4,,,needs_review_new_player,identity_name_team_map,No reviewed normalized-name/team identity alias; do not auto-guess.
2026-08-05,2026-08-05T15:40:32.372930+00:00,2026-08-05,DraftKings official lineup CSV,https://www.draftkings.com/lineup/getavailableplayerscsv?contestTypeId=9&draftGroupId=151691,151691,9,Selected largest-prize regular Classic MLB draft group after excluding Turbo/Night/qualifier/satellite/showdown/snake/single-stat slates.,RP,Hunter Stratton (43756122),Hunter Stratton,43756122,P,4000,SD@ARI 08/05/2026 09:40PM ET,08/05/2026 09:40PM ET,SD,ARI,away,2,676702,Hunter Stratton,needs_review_team_change,identity_name_unique_mlbam,Name maps to one reviewed MLBAM identity but not this DK team; review as team-change/new alias before trusting automation.
2026-08-05,2026-08-05T15:40:32.372930+00:00,2026-08-05,DraftKings official lineup CSV,https://www.draftkings.com/lineup/getavailableplayerscsv?contestTypeId=9&draftGroupId=151691,151691,9,Selected largest-prize regular Classic MLB draft group after excluding Turbo/Night/qualifier/satellite/showdown/snake/single-stat slates.,RP,Matt Svanson (43756123),Matt Svanson,43756123,P,4000,STL@NYY 08/05/2026 07:05PM ET,08/05/2026 07:05PM ET,STL,NYY,away,1.7,694335,Matt Svanson,mapped,identity_name_team_map,Stable identity seed from old DK-ID map. Pilot join status: matched via normalized_name_team
2026-08-05,2026-08-05T15:40:32.372930+00:00,2026-08-05,DraftKings official lineup CSV,https://www.draftkings.com/lineup/getavailableplayerscsv?contestTypeId=9&draftGroupId=151691,151691,9,Selected largest-prize regular Classic MLB draft group after excluding Turbo/Night/qualifier/satellite/showdown/snake/single-stat slates.,RP,Trevor Megill (43756124),Trevor Megill,43756124,P,4000,PIT@MIL 08/05/2026 07:40PM ET,08/05/2026 07:40PM ET,MIL,PIT,home,3.5,656730,Trevor Megill,mapped,identity_name_team_map,Stable identity seed from old DK-ID map. Pilot join status: matched via normalized_name_team
2026-08-05,2026-08-05T15:40:32.372930+00:00,2026-08-05,DraftKings official lineup CSV,https://www.draftkings.com/lineup/getavailableplayerscsv?contestTypeId=9&draftGroupId=151691,151691,9,Selected largest-prize regular Classic MLB draft group after excluding Turbo/Night/qualifier/satellite/showdown/snake/single-stat slates.,RP,Yerry de los Santos (43756125),Yerry de los Santos,43756125,P,4000,STL@NYY 08/05/2026 07:05PM ET,08/05/2026 07:05PM ET,NYY,STL,home,4.9,,,needs_review_new_player,identity_name_team_map,No reviewed normalized-name/team identity alias; do not auto-guess.
2026-08-05,2026-08-05T15:40:32.372930+00:00,2026-08-05,DraftKings official lineup CSV,https://www.draftkings.com/lineup/getavailableplayerscsv?contestTypeId=9&draftGroupId=151691,151691,9,Selected largest-prize regular Classic MLB draft group after excluding Turbo/Night/qualifier/satellite/showdown/snake/single-stat slates.,RP,Jacob Waguespack (43756126),Jacob Waguespack,43756126,P,4000,DET@SEA 08/05/2026 09:40PM ET,08/05/2026 09:40PM ET,DET,SEA,away,3.5,,,needs_review_new_player,identity_name_team_map,No reviewed normalized-name/team identity alias; do not auto-guess.
2026-08-05,2026-08-05T15:40:32.372930+00:00,2026-08-05,DraftKings official lineup CSV,https://www.draftkings.com/lineup/getavailableplayerscsv?contestTypeId=9&draftGroupId=151691,151691,9,Selected largest-prize regular Classic MLB draft group after excluding Turbo/Night/qualifier/satellite/showdown/snake/single-stat slates.,RP,Chris Murphy (43756127),Chris Murphy,43756127,P,4000,CWS@BOS 08/05/2026 07:10PM ET,08/05/2026 07:10PM ET,CWS,BOS,away,2.8,669684,Chris Murphy,mapped,identity_name_team_map,Stable identity seed from old DK-ID map. Pilot join status: matched via normalized_name_team
2026-08-05,2026-08-05T15:40:32.372930+00:00,2026-08-05,DraftKings official lineup CSV,https://www.draftkings.com/lineup/getavailableplayerscsv?contestTypeId=9&draftGroupId=151691,151691,9,Selected largest-prize regular Classic MLB draft group after excluding Turbo/Night/qualifier/satellite/showdown/snake/single-stat slates.,RP,Ryne Stanek (43756128),Ryne Stanek,43756128,P,4000,STL@NYY 08/05/2026 07:05PM ET,08/05/2026 07:05PM ET,STL,NYY,away,2.3,592773,Ryne Stanek,mapped,identity_name_team_map,Stable identity seed from old DK-ID map. Pilot join status: matched via normalized_name_team
2026-08-05,2026-08-05T15:40:32.372930+00:00,2026-08-05,DraftKings official lineup CSV,https://www.draftkings.com/lineup/getavailableplayerscsv?contestTypeId=9&draftGroupId=151691,151691,9,Selected largest-prize regular Classic MLB draft group after excluding Turbo/Night/qualifier/satellite/showdown/snake/single-stat slates.,RP,Josh Simpson (43756129),Josh Simpson,43756129,P,4000,DET@SEA 08/05/2026 09:40PM ET,08/05/2026 09:40PM ET,SEA,DET,home,1.8,,,needs_review_new_player,identity_name_team_map,No reviewed normalized-name/team identity alias; do not auto-guess.
2026-08-05,2026-08-05T15:40:32.372930+00:00,2026-08-05,DraftKings official lineup CSV,https://www.draftkings.com/lineup/getavailableplayerscsv?contestTypeId=9&draftGroupId=151691,151691,9,Selected largest-prize regular Classic MLB draft group after excluding Turbo/Night/qualifier/satellite/showdown/snake/single-stat slates.,RP,Robert Suarez (43756130),Robert Suarez,43756130,P,4000,MIA@ATL 08/05/2026 07:15PM ET,08/05/2026 07:15PM ET,ATL,MIA,home,3.9,663158,Robert Suarez,mapped,identity_name_team_map,Stable identity seed from old DK-ID map. Pilot join status: matched via normalized_name_team
2026-08-05,2026-08-05T15:40:32.372930+00:00,2026-08-05,DraftKings official lineup CSV,https://www.draftkings.com/lineup/getavailableplayerscsv?contestTypeId=9&draftGroupId=151691,151691,9,Selected largest-prize regular Classic MLB draft group after excluding Turbo/Night/qualifier/satellite/showdown/snake/single-stat slates.,RP,Beck Way (43756131),Beck Way,43756131,P,4000,MIN@KC 08/05/2026 07:40PM ET,08/05/2026 07:40PM ET,KC,MIN,home,2.9,694360,Beck Way,mapped,identity_name_team_map,Stable identity seed from old DK-ID map. Pilot join status: matched via normalized_name_team
2026-08-05,2026-08-05T15:40:32.372930+00:00,2026-08-05,DraftKings official lineup CSV,https://www.draftkings.com/lineup/getavailableplayerscsv?contestTypeId=9&draftGroupId=151691,151691,9,Selected largest-prize regular Classic MLB draft group after excluding Turbo/Night/qualifier/satellite/showdown/snake/single-stat slates.,RP,Brant Hurter (43756132),Brant Hurter,43756132,P,4000,DET@SEA 08/05/2026 09:40PM ET,08/05/2026 09:40PM ET,DET,SEA,away,3.6,676428,Brant Hurter,mapped,identity_name_team_map,Proposed from review candidates; basis=exact normalized name + team; role-compatible; statcast_pitcher_2026; confidence=high; sources=statcast_pitcher_2026
2026-08-05,2026-08-05T15:40:32.372930+00:00,2026-08-05,DraftKings official lineup CSV,https://www.draftkings.com/lineup/getavailableplayerscsv?contestTypeId=9&draftGroupId=151691,151691,9,Selected largest-prize regular Classic MLB draft group after excluding Turbo/Night/qualifier/satellite/showdown/snake/single-stat slates.,RP,Camilo Doval (43756133),Camilo Doval,43756133,P,4000,PIT@MIL 08/05/2026 07:40PM ET,08/05/2026 07:40PM ET,PIT,MIL,away,2.5,,,needs_review_new_player,identity_name_team_map,No reviewed normalized-name/team identity alias; do not auto-guess.
2026-08-05,2026-08-05T15:40:32.372930+00:00,2026-08-05,DraftKings official lineup CSV,https://www.draftkings.com/lineup/getavailableplayerscsv?contestTypeId=9&draftGroupId=151691,151691,9,Selected largest-prize regular Classic MLB draft group after excluding Turbo/Night/qualifier/satellite/showdown/snake/single-stat slates.,RP,Anthony Bender (43756134),Anthony Bender,43756134,P,4000,MIA@ATL 08/05/2026 07:15PM ET,08/05/2026 07:15PM ET,MIA,ATL,away,3.5,669622,Anthony Bender,mapped,identity_name_team_map,Proposed from review candidates; basis=exact normalized name + team; role-compatible; statcast_pitcher_2026; confidence=high; sources=statcast_pitcher_2026
2026-08-05,2026-08-05T15:40:32.372930+00:00,2026-08-05,DraftKings official lineup CSV,https://www.draftkings.com/lineup/getavailableplayerscsv?contestTypeId=9&draftGroupId=151691,151691,9,Selected largest-prize regular Classic MLB draft group after excluding Turbo/Night/qualifier/satellite/showdown/snake/single-stat slates.,RP,Kevin Ginkel (43756135),Kevin Ginkel,43756135,P,4000,SD@ARI 08/05/2026 09:40PM ET,08/05/2026 09:40PM ET,ARI,SD,home,2.9,,,needs_review_new_player,identity_name_team_map,No reviewed normalized-name/team identity alias; do not auto-guess.
2026-08-05,2026-08-05T15:40:32.372930+00:00,2026-08-05,DraftKings official lineup CSV,https://www.draftkings.com/lineup/getavailableplayerscsv?contestTypeId=9&draftGroupId=151691,151691,9,Selected largest-prize regular Classic MLB draft group after excluding Turbo/Night/qualifier/satellite/showdown/snake/single-stat slates.,RP,A.J. Puk (43756136),A.J. Puk,43756136,P,4000,SD@ARI 08/05/2026 09:40PM ET,08/05/2026 09:40PM ET,ARI,SD,home,0,,,needs_review_new_player,identity_name_team_map,No reviewed normalized-name/team identity alias; do not auto-guess.
2026-08-05,2026-08-05T15:40:32.372930+00:00,2026-08-05,DraftKings official lineup CSV,https://www.draftkings.com/lineup/getavailableplayerscsv?contestTypeId=9&draftGroupId=151691,151691,9,Selected largest-prize regular Classic MLB draft group after excluding Turbo/Night/qualifier/satellite/showdown/snake/single-stat slates.,RP,Brendan Beck (43756137),Brendan Beck,43756137,P,4000,STL@NYY 08/05/2026 07:05PM ET,08/05/2026 07:05PM ET,NYY,STL,home,0.9,,,needs_review_new_player,identity_name_team_map,No reviewed normalized-name/team identity alias; do not auto-guess.
2026-08-05,2026-08-05T15:40:32.372930+00:00,2026-08-05,DraftKings official lineup CSV,https://www.draftkings.com/lineup/getavailableplayerscsv?contestTypeId=9&draftGroupId=151691,151691,9,Selected largest-prize regular Classic MLB draft group after excluding Turbo/Night/qualifier/satellite/showdown/snake/single-stat slates.,RP,Seranthony Dominguez (43756138),Seranthony Dominguez,43756138,P,4000,DET@SEA 08/05/2026 09:40PM ET,08/05/2026 09:40PM ET,SEA,DET,home,2.7,622554,Seranthony Domínguez,needs_review_team_change,identity_name_unique_mlbam,Name maps to one reviewed MLBAM identity but not this DK team; review as team-change/new alias before trusting automation.
2026-08-05,2026-08-05T15:40:32.372930+00:00,2026-08-05,DraftKings official lineup CSV,https://www.draftkings.com/lineup/getavailableplayerscsv?contestTypeId=9&draftGroupId=151691,151691,9,Selected largest-prize regular Classic MLB draft group after excluding Turbo/Night/qualifier/satellite/showdown/snake/single-stat slates.,RP,Josh Ekness (43756139),Josh Ekness,43756139,P,4000,MIA@ATL 08/05/2026 07:15PM ET,08/05/2026 07:15PM ET,MIA,ATL,away,2.6,694795,Josh Ekness,mapped,identity_name_team_map,Proposed from review candidates; basis=exact normalized name + team; role-compatible; statcast_pitcher_2026; confidence=high; sources=statcast_pitcher_2026
2026-08-05,2026-08-05T15:40:32.372930+00:00,2026-08-05,DraftKings official lineup CSV,https://www.draftkings.com/lineup/getavailableplayerscsv?contestTypeId=9&draftGroupId=151691,151691,9,Selected largest-prize regular Classic MLB draft group after excluding Turbo/Night/qualifier/satellite/showdown/snake/single-stat slates.,RP,Dylan Dodd (43756140),Dylan Dodd,43756140,P,4000,MIA@ATL 08/05/2026 07:15PM ET,08/05/2026 07:15PM ET,ATL,MIA,home,4.4,689266,Dylan Dodd,mapped,identity_name_team_map,Stable identity seed from old DK-ID map. Pilot join status: matched via normalized_name_team
2026-08-05,2026-08-05T15:40:32.372930+00:00,2026-08-05,DraftKings official lineup CSV,https://www.draftkings.com/lineup/getavailableplayerscsv?contestTypeId=9&draftGroupId=151691,151691,9,Selected largest-prize regular Classic MLB draft group after excluding Turbo/Night/qualifier/satellite/showdown/snake/single-stat slates.,RP,Kervin Castro (43756141),Kervin Castro,43756141,P,4000,STL@NYY 08/05/2026 07:05PM ET,08/05/2026 07:05PM ET,NYY,STL,home,5.8,,,needs_review_new_player,identity_name_team_map,No reviewed normalized-name/team identity alias; do not auto-guess.
2026-08-05,2026-08-05T15:40:32.372930+00:00,2026-08-05,DraftKings official lineup CSV,https://www.draftkings.com/lineup/getavailableplayerscsv?contestTypeId=9&draftGroupId=151691,151691,9,Selected largest-prize regular Classic MLB draft group after excluding Turbo/Night/qualifier/satellite/showdown/snake/single-stat slates.,RP,Brent Headrick (43756142),Brent Headrick,43756142,P,4000,STL@NYY 08/05/2026 07:05PM ET,08/05/2026 07:05PM ET,NYY,STL,home,4.1,,,needs_review_new_player,identity_name_team_map,No reviewed normalized-name/team identity alias; do not auto-guess.
2026-08-05,2026-08-05T15:40:32.372930+00:00,2026-08-05,DraftKings official lineup CSV,https://www.draftkings.com/lineup/getavailableplayerscsv?contestTypeId=9&draftGroupId=151691,151691,9,Selected largest-prize regular Classic MLB draft group after excluding Turbo/Night/qualifier/satellite/showdown/snake/single-stat slates.,RP,John Schreiber (43756143),John Schreiber,43756143,P,4000,MIN@KC 08/05/2026 07:40PM ET,08/05/2026 07:40PM ET,KC,MIN,home,1.9,670167,John Schreiber,mapped,identity_name_team_map,Stable identity seed from old DK-ID map. Pilot join status: matched via normalized_name_team
2026-08-05,2026-08-05T15:40:32.372930+00:00,2026-08-05,DraftKings official lineup CSV,https://www.draftkings.com/lineup/getavailableplayerscsv?contestTypeId=9&draftGroupId=151691,151691,9,Selected largest-prize regular Classic MLB draft group after excluding Turbo/Night/qualifier/satellite/showdown/snake/single-stat slates.,RP,John King (43756144),John King,43756144,P,4000,MIA@ATL 08/05/2026 07:15PM ET,08/05/2026 07:15PM ET,MIA,ATL,away,3.1,667463,John King,mapped,identity_name_team_map,Proposed from review candidates; basis=exact normalized name + team; role-compatible; statcast_pitcher_2026; confidence=high; sources=statcast_pitcher_2026
2026-08-05,2026-08-05T15:40:32.372930+00:00,2026-08-05,DraftKings official lineup CSV,https://www.draftkings.com/lineup/getavailableplayerscsv?contestTypeId=9&draftGroupId=151691,151691,9,Selected largest-prize regular Classic MLB draft group after excluding Turbo/Night/qualifier/satellite/showdown/snake/single-stat slates.,RP,Tyron Guerrero (43756145),Tyron Guerrero,43756145,P,4000,CWS@BOS 08/05/2026 07:10PM ET,08/05/2026 07:10PM ET,BOS,CWS,home,3.6,,,needs_review_new_player,identity_name_team_map,No reviewed normalized-name/team identity alias; do not auto-guess.
2026-08-05,2026-08-05T15:40:32.372930+00:00,2026-08-05,DraftKings official lineup CSV,https://www.draftkings.com/lineup/getavailableplayerscsv?contestTypeId=9&draftGroupId=151691,151691,9,Selected largest-prize regular Classic MLB draft group after excluding Turbo/Night/qualifier/satellite/showdown/snake/single-stat slates.,RP,Andrew Hoffmann (43756146),Andrew Hoffmann,43756146,P,4000,SD@ARI 08/05/2026 09:40PM ET,08/05/2026 09:40PM ET,ARI,SD,home,2.1,,,needs_review_new_player,identity_name_team_map,No reviewed normalized-name/team identity alias; do not auto-guess.
2026-08-05,2026-08-05T15:40:32.372930+00:00,2026-08-05,DraftKings official lineup CSV,https://www.draftkings.com/lineup/getavailableplayerscsv?contestTypeId=9&draftGroupId=151691,151691,9,Selected largest-prize regular Classic MLB draft group after excluding Turbo/Night/qualifier/satellite/showdown/snake/single-stat slates.,RP,Juan Burgos (43756147),Juan Burgos,43756147,P,4000,SD@ARI 08/05/2026 09:40PM ET,08/05/2026 09:40PM ET,ARI,SD,home,0.8,,,needs_review_new_player,identity_name_team_map,No reviewed normalized-name/team identity alias; do not auto-guess.
2026-08-05,2026-08-05T15:40:32.372930+00:00,2026-08-05,DraftKings official lineup CSV,https://www.draftkings.com/lineup/getavailableplayerscsv?contestTypeId=9&draftGroupId=151691,151691,9,Selected largest-prize regular Classic MLB draft group after excluding Turbo/Night/qualifier/satellite/showdown/snake/single-stat slates.,RP,Tommy Nance (43756148),Tommy Nance,43756148,P,4000,MIN@KC 08/05/2026 07:40PM ET,08/05/2026 07:40PM ET,MIN,KC,away,3,667297,Tommy Nance,needs_review_team_change,identity_name_unique_mlbam,Name maps to one reviewed MLBAM identity but not this DK team; review as team-change/new alias before trusting automation.
2026-08-05,2026-08-05T15:40:32.372930+00:00,2026-08-05,DraftKings official lineup CSV,https://www.draftkings.com/lineup/getavailableplayerscsv?contestTypeId=9&draftGroupId=151691,151691,9,Selected largest-prize regular Classic MLB draft group after excluding Turbo/Night/qualifier/satellite/showdown/snake/single-stat slates.,RP,A.J. Minter (43756149),A.J. Minter,43756149,P,4000,MIN@KC 08/05/2026 07:40PM ET,08/05/2026 07:40PM ET,MIN,KC,away,3,621345,A.J. Minter,needs_review_team_change,identity_name_unique_mlbam,Name maps to one reviewed MLBAM identity but not this DK team; review as team-change/new alias before trusting automation.
2026-08-05,2026-08-05T15:40:32.372930+00:00,2026-08-05,DraftKings official lineup CSV,https://www.draftkings.com/lineup/getavailableplayerscsv?contestTypeId=9&draftGroupId=151691,151691,9,Selected largest-prize regular Classic MLB draft group after excluding Turbo/Night/qualifier/satellite/showdown/snake/single-stat slates.,RP,Joe La Sorsa (43756150),Joe La Sorsa,43756150,P,4000,CWS@BOS 08/05/2026 07:10PM ET,08/05/2026 07:10PM ET,BOS,CWS,home,0.2,,,needs_review_new_player,identity_name_team_map,No reviewed normalized-name/team identity alias; do not auto-guess.
2026-08-05,2026-08-05T15:40:32.372930+00:00,2026-08-05,DraftKings official lineup CSV,https://www.draftkings.com/lineup/getavailableplayerscsv?contestTypeId=9&draftGroupId=151691,151691,9,Selected largest-prize regular Classic MLB draft group after excluding Turbo/Night/qualifier/satellite/showdown/snake/single-stat slates.,RP,Taylor Rashi (43756151),Taylor Rashi,43756151,P,4000,MIN@KC 08/05/2026 07:40PM ET,08/05/2026 07:40PM ET,MIN,KC,away,3.3,,,needs_review_new_player,identity_name_team_map,No reviewed normalized-name/team identity alias; do not auto-guess.
2026-08-05,2026-08-05T15:40:32.372930+00:00,2026-08-05,DraftKings official lineup CSV,https://www.draftkings.com/lineup/getavailableplayerscsv?contestTypeId=9&draftGroupId=151691,151691,9,Selected largest-prize regular Classic MLB draft group after excluding Turbo/Night/qualifier/satellite/showdown/snake/single-stat slates.,RP,Ryan Thompson (43756152),Ryan Thompson,43756152,P,4000,SD@ARI 08/05/2026 09:40PM ET,08/05/2026 09:40PM ET,ARI,SD,home,1.9,,,needs_review_new_player,identity_name_team_map,No reviewed normalized-name/team identity alias; do not auto-guess.
2026-08-05,2026-08-05T15:40:32.372930+00:00,2026-08-05,DraftKings official lineup CSV,https://www.draftkings.com/lineup/getavailableplayerscsv?contestTypeId=9&draftGroupId=151691,151691,9,Selected largest-prize regular Classic MLB draft group after excluding Turbo/Night/qualifier/satellite/showdown/snake/single-stat slates.,RP,Steven Cruz (43756153),Steven Cruz,43756153,P,4000,MIN@KC 08/05/2026 07:40PM ET,08/05/2026 07:40PM ET,KC,MIN,home,3.2,674444,Steven Cruz,mapped,identity_name_team_map,Stable identity seed from old DK-ID map. Pilot join status: matched via normalized_name_team
2026-08-05,2026-08-05T15:40:32.372930+00:00,2026-08-05,DraftKings official lineup CSV,https://www.draftkings.com/lineup/getavailableplayerscsv?contestTypeId=9&draftGroupId=151691,151691,9,Selected largest-prize regular Classic MLB draft group after excluding Turbo/Night/qualifier/satellite/showdown/snake/single-stat slates.,RP,Jonathan Loaisiga (43756154),Jonathan Loaisiga,43756154,P,4000,SD@ARI 08/05/2026 09:40PM ET,08/05/2026 09:40PM ET,ARI,SD,home,2.5,,,needs_review_new_player,identity_name_team_map,No reviewed normalized-name/team identity alias; do not auto-guess.
2026-08-05,2026-08-05T15:40:32.372930+00:00,2026-08-05,DraftKings official lineup CSV,https://www.draftkings.com/lineup/getavailableplayerscsv?contestTypeId=9&draftGroupId=151691,151691,9,Selected largest-prize regular Classic MLB draft group after excluding Turbo/Night/qualifier/satellite/showdown/snake/single-stat slates.,RP,Erik Miller (43756155),Erik Miller,43756155,P,4000,CWS@BOS 08/05/2026 07:10PM ET,08/05/2026 07:10PM ET,BOS,CWS,home,3.2,669062,Erik Miller,needs_review_team_change,identity_name_unique_mlbam,Name maps to one reviewed MLBAM identity but not this DK team; review as team-change/new alias before trusting automation.
2026-08-05,2026-08-05T15:40:32.372930+00:00,2026-08-05,DraftKings official lineup CSV,https://www.draftkings.com/lineup/getavailableplayerscsv?contestTypeId=9&draftGroupId=151691,151691,9,Selected largest-prize regular Classic MLB draft group after excluding Turbo/Night/qualifier/satellite/showdown/snake/single-stat slates.,RP,Kody Funderburk (43756156),Kody Funderburk,43756156,P,4000,MIN@KC 08/05/2026 07:40PM ET,08/05/2026 07:40PM ET,MIN,KC,away,2.4,681892,Kody Funderburk,mapped,identity_name_team_map,Proposed from review candidates; basis=exact normalized name + team; role-compatible; statcast_pitcher_2026; confidence=high; sources=statcast_pitcher_2026
2026-08-05,2026-08-05T15:40:32.372930+00:00,2026-08-05,DraftKings official lineup CSV,https://www.draftkings.com/lineup/getavailableplayerscsv?contestTypeId=9&draftGroupId=151691,151691,9,Selected largest-prize regular Classic MLB draft group after excluding Turbo/Night/qualifier/satellite/showdown/snake/single-stat slates.,RP,Fernando Cruz (43756157),Fernando Cruz,43756157,P,4000,STL@NYY 08/05/2026 07:05PM ET,08/05/2026 07:05PM ET,NYY,STL,home,3.3,,,needs_review_new_player,identity_name_team_map,No reviewed normalized-name/team identity alias; do not auto-guess.
2026-08-05,2026-08-05T15:40:32.372930+00:00,2026-08-05,DraftKings official lineup CSV,https://www.draftkings.com/lineup/getavailableplayerscsv?contestTypeId=9&draftGroupId=151691,151691,9,Selected largest-prize regular Classic MLB draft group after excluding Turbo/Night/qualifier/satellite/showdown/snake/single-stat slates.,RP,Isaac Mattson (43756158),Isaac Mattson,43756158,P,4000,PIT@MIL 08/05/2026 07:40PM ET,08/05/2026 07:40PM ET,PIT,MIL,away,2,,,needs_review_new_player,identity_name_team_map,No reviewed normalized-name/team identity alias; do not auto-guess.
2026-08-05,2026-08-05T15:40:32.372930+00:00,2026-08-05,DraftKings official lineup CSV,https://www.draftkings.com/lineup/getavailableplayerscsv?contestTypeId=9&draftGroupId=151691,151691,9,Selected largest-prize regular Classic MLB draft group after excluding Turbo/Night/qualifier/satellite/showdown/snake/single-stat slates.,RP,Jeremiah Estrada (43756159),Jeremiah Estrada,43756159,P,4000,SD@ARI 08/05/2026 09:40PM ET,08/05/2026 09:40PM ET,SD,ARI,away,3.2,669093,Jeremiah Estrada,mapped,identity_name_team_map,Stable identity seed from old DK-ID map. Pilot join status: matched via normalized_name_team
2026-08-05,2026-08-05T15:40:32.372930+00:00,2026-08-05,DraftKings official lineup CSV,https://www.draftkings.com/lineup/getavailableplayerscsv?contestTypeId=9&draftGroupId=151691,151691,9,Selected largest-prize regular Classic MLB draft group after excluding Turbo/Night/qualifier/satellite/showdown/snake/single-stat slates.,RP,Ryan Watson (43756160),Ryan Watson,43756160,P,4000,CWS@BOS 08/05/2026 07:10PM ET,08/05/2026 07:10PM ET,BOS,CWS,home,3.2,,,needs_review_new_player,identity_name_team_map,No reviewed normalized-name/team identity alias; do not auto-guess.
2026-08-05,2026-08-05T15:40:32.372930+00:00,2026-08-05,DraftKings official lineup CSV,https://www.draftkings.com/lineup/getavailableplayerscsv?contestTypeId=9&draftGroupId=151691,151691,9,Selected largest-prize regular Classic MLB draft group after excluding Turbo/Night/qualifier/satellite/showdown/snake/single-stat slates.,RP,Bryan Hoeing (43756161),Bryan Hoeing,43756161,P,4000,SD@ARI 08/05/2026 09:40PM ET,08/05/2026 09:40PM ET,SD,ARI,away,0,663773,Bryan Hoeing,mapped,identity_name_team_map,Stable identity seed from old DK-ID map. Pilot join status: matched_people_search_name via mlb_people_search_normalized_name
2026-08-05,2026-08-05T15:40:32.372930+00:00,2026-08-05,DraftKings official lineup CSV,https://www.draftkings.com/lineup/getavailableplayerscsv?contestTypeId=9&draftGroupId=151691,151691,9,Selected largest-prize regular Classic MLB draft group after excluding Turbo/Night/qualifier/satellite/showdown/snake/single-stat slates.,RP,Carlos Duran (43756162),Carlos Duran,43756162,P,4000,MIN@KC 08/05/2026 07:40PM ET,08/05/2026 07:40PM ET,KC,MIN,home,0,,,needs_review_new_player,identity_name_team_map,No reviewed normalized-name/team identity alias; do not auto-guess.
2026-08-05,2026-08-05T15:40:32.372930+00:00,2026-08-05,DraftKings official lineup CSV,https://www.draftkings.com/lineup/getavailableplayerscsv?contestTypeId=9&draftGroupId=151691,151691,9,Selected largest-prize regular Classic MLB draft group after excluding Turbo/Night/qualifier/satellite/showdown/snake/single-stat slates.,RP,Bradgley Rodriguez (43756163),Bradgley Rodriguez,43756163,P,4000,SD@ARI 08/05/2026 09:40PM ET,08/05/2026 09:40PM ET,SD,ARI,away,3.5,699134,Bradgley Rodriguez,mapped,identity_name_team_map,Stable identity seed from old DK-ID map. Pilot join status: matched via normalized_name_team
2026-08-05,2026-08-05T15:40:32.372930+00:00,2026-08-05,DraftKings official lineup CSV,https://www.draftkings.com/lineup/getavailableplayerscsv?contestTypeId=9&draftGroupId=151691,151691,9,Selected largest-prize regular Classic MLB draft group after excluding Turbo/Night/qualifier/satellite/showdown/snake/single-stat slates.,RP,Calvin Faucher (43756164),Calvin Faucher,43756164,P,4000,MIA@ATL 08/05/2026 07:15PM ET,08/05/2026 07:15PM ET,MIA,ATL,away,2.8,676534,Calvin Faucher,mapped,identity_name_team_map,Proposed from review candidates; basis=exact normalized name + team; role-compatible; statcast_pitcher_2026; confidence=high; sources=statcast_pitcher_2026
2026-08-05,2026-08-05T15:40:32.372930+00:00,2026-08-05,DraftKings official lineup CSV,https://www.draftkings.com/lineup/getavailableplayerscsv?contestTypeId=9&draftGroupId=151691,151691,9,Selected largest-prize regular Classic MLB draft group after excluding Turbo/Night/qualifier/satellite/showdown/snake/single-stat slates.,RP,Will Vest (43756165),Will Vest,43756165,P,4000,DET@SEA 08/05/2026 09:40PM ET,08/05/2026 09:40PM ET,DET,SEA,away,2.4,676684,Will Vest,mapped,identity_name_team_map,Proposed from review candidates; basis=exact normalized name + team; role-compatible; statcast_pitcher_2026; confidence=high; sources=statcast_pitcher_2026
2026-08-05,2026-08-05T15:40:32.372930+00:00,2026-08-05,DraftKings official lineup CSV,https://www.draftkings.com/lineup/getavailableplayerscsv?contestTypeId=9&draftGroupId=151691,151691,9,Selected largest-prize regular Classic MLB draft group after excluding Turbo/Night/qualifier/satellite/showdown/snake/single-stat slates.,RP,Sean Guenther (43756166),Sean Guenther,43756166,P,4000,DET@SEA 08/05/2026 09:40PM ET,08/05/2026 09:40PM ET,DET,SEA,away,0,,,needs_review_new_player,identity_name_team_map,No reviewed normalized-name/team identity alias; do not auto-guess.
2026-08-05,2026-08-05T15:40:32.372930+00:00,2026-08-05,DraftKings official lineup CSV,https://www.draftkings.com/lineup/getavailableplayerscsv?contestTypeId=9&draftGroupId=151691,151691,9,Selected largest-prize regular Classic MLB draft group after excluding Turbo/Night/qualifier/satellite/showdown/snake/single-stat slates.,RP,Gordon Graceffo (43756167),Gordon Graceffo,43756167,P,4000,STL@NYY 08/05/2026 07:05PM ET,08/05/2026 07:05PM ET,STL,NYY,away,3.3,700669,Gordon Graceffo,mapped,identity_name_team_map,Stable identity seed from old DK-ID map. Pilot join status: matched via normalized_name_team
2026-08-05,2026-08-05T15:40:32.372930+00:00,2026-08-05,DraftKings official lineup CSV,https://www.draftkings.com/lineup/getavailableplayerscsv?contestTypeId=9&draftGroupId=151691,151691,9,Selected largest-prize regular Classic MLB draft group after excluding Turbo/Night/qualifier/satellite/showdown/snake/single-stat slates.,RP,Wandy Peralta (43756168),Wandy Peralta,43756168,P,4000,SD@ARI 08/05/2026 09:40PM ET,08/05/2026 09:40PM ET,SD,ARI,away,2.3,593974,Wandy Peralta,mapped,identity_name_team_map,Stable identity seed from old DK-ID map. Pilot join status: matched via normalized_name_team
2026-08-05,2026-08-05T15:40:32.372930+00:00,2026-08-05,DraftKings official lineup CSV,https://www.draftkings.com/lineup/getavailableplayerscsv?contestTypeId=9&draftGroupId=151691,151691,9,Selected largest-prize regular Classic MLB draft group after excluding Turbo/Night/qualifier/satellite/showdown/snake/single-stat slates.,RP,Nate Pearson (43756169),Nate Pearson,43756169,P,4000,MIN@KC 08/05/2026 07:40PM ET,08/05/2026 07:40PM ET,KC,MIN,home,3.1,663878,Nate Pearson,needs_review_team_change,identity_name_unique_mlbam,Name maps to one reviewed MLBAM identity but not this DK team; review as team-change/new alias before trusting automation.
2026-08-05,2026-08-05T15:40:32.372930+00:00,2026-08-05,DraftKings official lineup CSV,https://www.draftkings.com/lineup/getavailableplayerscsv?contestTypeId=9&draftGroupId=151691,151691,9,Selected largest-prize regular Classic MLB draft group after excluding Turbo/Night/qualifier/satellite/showdown/snake/single-stat slates.,RP,Enmanuel De Jesus (43756170),Enmanuel De Jesus,43756170,P,4000,DET@SEA 08/05/2026 09:40PM ET,08/05/2026 09:40PM ET,DET,SEA,away,4.3,646241,Enmanuel De Jesus,mapped,identity_name_team_map,Proposed from review candidates; basis=exact normalized name + team; role-compatible; statcast_pitcher_2026; confidence=high; sources=statcast_pitcher_2026
2026-08-05,2026-08-05T15:40:32.372930+00:00,2026-08-05,DraftKings official lineup CSV,https://www.draftkings.com/lineup/getavailableplayerscsv?contestTypeId=9&draftGroupId=151691,151691,9,Selected largest-prize regular Classic MLB draft group after excluding Turbo/Night/qualifier/satellite/showdown/snake/single-stat slates.,RP,Justin Bruihl (43756171),Justin Bruihl,43756171,P,4000,STL@NYY 08/05/2026 07:05PM ET,08/05/2026 07:05PM ET,STL,NYY,away,2.2,677865,Justin Bruihl,mapped,identity_name_team_map,Stable identity seed from old DK-ID map. Pilot join status: matched via normalized_name_team
2026-08-05,2026-08-05T15:40:32.372930+00:00,2026-08-05,DraftKings official lineup CSV,https://www.draftkings.com/lineup/getavailableplayerscsv?contestTypeId=9&draftGroupId=151691,151691,9,Selected largest-prize regular Classic MLB draft group after excluding Turbo/Night/qualifier/satellite/showdown/snake/single-stat slates.,RP,Tim Hill (43756172),Tim Hill,43756172,P,4000,STL@NYY 08/05/2026 07:05PM ET,08/05/2026 07:05PM ET,NYY,STL,home,1.4,,,needs_review_new_player,identity_name_team_map,No reviewed normalized-name/team identity alias; do not auto-guess.
2026-08-05,2026-08-05T15:40:32.372930+00:00,2026-08-05,DraftKings official lineup CSV,https://www.draftkings.com/lineup/getavailableplayerscsv?contestTypeId=9&draftGroupId=151691,151691,9,Selected largest-prize regular Classic MLB draft group after excluding Turbo/Night/qualifier/satellite/showdown/snake/single-stat slates.,RP,Nick Davila (43756173),Nick Davila,43756173,P,4000,DET@SEA 08/05/2026 09:40PM ET,08/05/2026 09:40PM ET,SEA,DET,home,1.7,,,needs_review_new_player,identity_name_team_map,No reviewed normalized-name/team identity alias; do not auto-guess.
2026-08-05,2026-08-05T15:40:32.372930+00:00,2026-08-05,DraftKings official lineup CSV,https://www.draftkings.com/lineup/getavailableplayerscsv?contestTypeId=9&draftGroupId=151691,151691,9,Selected largest-prize regular Classic MLB draft group after excluding Turbo/Night/qualifier/satellite/showdown/snake/single-stat slates.,RP,Connor Seabold (43756174),Connor Seabold,43756174,P,4000,MIN@KC 08/05/2026 07:40PM ET,08/05/2026 07:40PM ET,KC,MIN,home,2.1,657756,Connor Seabold,needs_review_team_change,identity_name_unique_mlbam,Name maps to one reviewed MLBAM identity but not this DK team; review as team-change/new alias before trusting automation.
2026-08-05,2026-08-05T15:40:32.372930+00:00,2026-08-05,DraftKings official lineup CSV,https://www.draftkings.com/lineup/getavailableplayerscsv?contestTypeId=9&draftGroupId=151691,151691,9,Selected largest-prize regular Classic MLB draft group after excluding Turbo/Night/qualifier/satellite/showdown/snake/single-stat slates.,RP,Mason Miller (43756175),Mason Miller,43756175,P,4000,SD@ARI 08/05/2026 09:40PM ET,08/05/2026 09:40PM ET,SD,ARI,away,5.9,695243,Mason Miller,mapped,identity_name_team_map,Stable identity seed from old DK-ID map. Pilot join status: matched via normalized_name_team
2026-08-05,2026-08-05T15:40:32.372930+00:00,2026-08-05,DraftKings official lineup CSV,https://www.draftkings.com/lineup/getavailableplayerscsv?contestTypeId=9&draftGroupId=151691,151691,9,Selected largest-prize regular Classic MLB draft group after excluding Turbo/Night/qualifier/satellite/showdown/snake/single-stat slates.,RP,Andrew Morris (43756176),Andrew Morris,43756176,P,4000,MIN@KC 08/05/2026 07:40PM ET,08/05/2026 07:40PM ET,MIN,KC,away,3.7,702193,Andrew Morris,mapped,identity_name_team_map,Proposed from review candidates; basis=exact normalized name + team; role-compatible; statcast_pitcher_2026; confidence=high; sources=statcast_pitcher_2026
2026-08-05,2026-08-05T15:40:32.372930+00:00,2026-08-05,DraftKings official lineup CSV,https://www.draftkings.com/lineup/getavailableplayerscsv?contestTypeId=9&draftGroupId=151691,151691,9,Selected largest-prize regular Classic MLB draft group after excluding Turbo/Night/qualifier/satellite/showdown/snake/single-stat slates.,RP,Brandon Eisert (43756177),Brandon Eisert,43756177,P,4000,PIT@MIL 08/05/2026 07:40PM ET,08/05/2026 07:40PM ET,PIT,MIL,away,2.8,685126,Brandon Eisert,needs_review_team_change,identity_name_unique_mlbam,Name maps to one reviewed MLBAM identity but not this DK team; review as team-change/new alias before trusting automation.
2026-08-05,2026-08-05T15:40:32.372930+00:00,2026-08-05,DraftKings official lineup CSV,https://www.draftkings.com/lineup/getavailableplayerscsv?contestTypeId=9&draftGroupId=151691,151691,9,Selected largest-prize regular Classic MLB draft group after excluding Turbo/Night/qualifier/satellite/showdown/snake/single-stat slates.,RP,Jared Koenig (43756178),Jared Koenig,43756178,P,4000,PIT@MIL 08/05/2026 07:40PM ET,08/05/2026 07:40PM ET,MIL,PIT,home,0.4,657649,Jared Koenig,mapped,identity_name_team_map,Stable identity seed from old DK-ID map. Pilot join status: matched via normalized_name_team
2026-08-05,2026-08-05T15:40:32.372930+00:00,2026-08-05,DraftKings official lineup CSV,https://www.draftkings.com/lineup/getavailableplayerscsv?contestTypeId=9&draftGroupId=151691,151691,9,Selected largest-prize regular Classic MLB draft group after excluding Turbo/Night/qualifier/satellite/showdown/snake/single-stat slates.,RP,Garrett Acton (43756179),Garrett Acton,43756179,P,4000,MIN@KC 08/05/2026 07:40PM ET,08/05/2026 07:40PM ET,MIN,KC,away,7.1,670183,Garrett Acton,mapped,identity_name_team_map,Proposed from review candidates; basis=exact normalized name + team; role-compatible; statcast_pitcher_2026; confidence=high; sources=statcast_pitcher_2026
2026-08-05,2026-08-05T15:40:32.372930+00:00,2026-08-05,DraftKings official lineup CSV,https://www.draftkings.com/lineup/getavailableplayerscsv?contestTypeId=9&draftGroupId=151691,151691,9,Selected largest-prize regular Classic MLB draft group after excluding Turbo/Night/qualifier/satellite/showdown/snake/single-stat slates.,RP,Chris Devenski (43756180),Chris Devenski,43756180,P,4000,PIT@MIL 08/05/2026 07:40PM ET,08/05/2026 07:40PM ET,PIT,MIL,away,1.4,,,needs_review_new_player,identity_name_team_map,No reviewed normalized-name/team identity alias; do not auto-guess.
2026-08-05,2026-08-05T15:40:32.372930+00:00,2026-08-05,DraftKings official lineup CSV,https://www.draftkings.com/lineup/getavailableplayerscsv?contestTypeId=9&draftGroupId=151691,151691,9,Selected largest-prize regular Classic MLB draft group after excluding Turbo/Night/qualifier/satellite/showdown/snake/single-stat slates.,RP,David Morgan (43756181),David Morgan,43756181,P,4000,SD@ARI 08/05/2026 09:40PM ET,08/05/2026 09:40PM ET,SD,ARI,away,3.5,688158,David Morgan,mapped,identity_name_team_map,Stable identity seed from old DK-ID map. Pilot join status: matched via normalized_name_team
2026-08-05,2026-08-05T15:40:32.372930+00:00,2026-08-05,DraftKings official lineup CSV,https://www.draftkings.com/lineup/getavailableplayerscsv?contestTypeId=9&draftGroupId=151691,151691,9,Selected largest-prize regular Classic MLB draft group after excluding Turbo/Night/qualifier/satellite/showdown/snake/single-stat slates.,RP,Jeff Hoffman (43756182),Jeff Hoffman,43756182,P,4000,MIN@KC 08/05/2026 07:40PM ET,08/05/2026 07:40PM ET,MIN,KC,away,3.9,656546,Jeff Hoffman,needs_review_team_change,identity_name_unique_mlbam,Name maps to one reviewed MLBAM identity but not this DK team; review as team-change/new alias before trusting automation.
2026-08-05,2026-08-05T15:40:32.372930+00:00,2026-08-05,DraftKings official lineup CSV,https://www.draftkings.com/lineup/getavailableplayerscsv?contestTypeId=9&draftGroupId=151691,151691,9,Selected largest-prize regular Classic MLB draft group after excluding Turbo/Night/qualifier/satellite/showdown/snake/single-stat slates.,RP,Tyler Uberstine (43756183),Tyler Uberstine,43756183,P,4000,MIA@ATL 08/05/2026 07:15PM ET,08/05/2026 07:15PM ET,ATL,MIA,home,5.6,,,needs_review_new_player,identity_name_team_map,No reviewed normalized-name/team identity alias; do not auto-guess.
2026-08-05,2026-08-05T15:40:32.372930+00:00,2026-08-05,DraftKings official lineup CSV,https://www.draftkings.com/lineup/getavailableplayerscsv?contestTypeId=9&draftGroupId=151691,151691,9,Selected largest-prize regular Classic MLB draft group after excluding Turbo/Night/qualifier/satellite/showdown/snake/single-stat slates.,RP,Caleb Ferguson (43756184),Caleb Ferguson,43756184,P,4000,STL@NYY 08/05/2026 07:05PM ET,08/05/2026 07:05PM ET,STL,NYY,away,2.4,657571,Caleb Ferguson,needs_review_team_change,identity_name_unique_mlbam,Name maps to one reviewed MLBAM identity but not this DK team; review as team-change/new alias before trusting automation.
2026-08-05,2026-08-05T15:40:32.372930+00:00,2026-08-05,DraftKings official lineup CSV,https://www.draftkings.com/lineup/getavailableplayerscsv?contestTypeId=9&draftGroupId=151691,151691,9,Selected largest-prize regular Classic MLB draft group after excluding Turbo/Night/qualifier/satellite/showdown/snake/single-stat slates.,RP,Travis Adams (43756185),Travis Adams,43756185,P,4000,MIN@KC 08/05/2026 07:40PM ET,08/05/2026 07:40PM ET,MIN,KC,away,3.5,701519,Travis Adams,mapped,identity_name_team_map,Proposed from review candidates; basis=exact normalized name + team; role-compatible; statcast_pitcher_2026; confidence=high; sources=statcast_pitcher_2026
2026-08-05,2026-08-05T15:40:32.372930+00:00,2026-08-05,DraftKings official lineup CSV,https://www.draftkings.com/lineup/getavailableplayerscsv?contestTypeId=9&draftGroupId=151691,151691,9,Selected largest-prize regular Classic MLB draft group after excluding Turbo/Night/qualifier/satellite/showdown/snake/single-stat slates.,RP,Garrett Whitlock (43756186),Garrett Whitlock,43756186,P,4000,CWS@BOS 08/05/2026 07:10PM ET,08/05/2026 07:10PM ET,BOS,CWS,home,3.9,,,needs_review_new_player,identity_name_team_map,No reviewed normalized-name/team identity alias; do not auto-guess.
2026-08-05,2026-08-05T15:40:32.372930+00:00,2026-08-05,DraftKings official lineup CSV,https://www.draftkings.com/lineup/getavailableplayerscsv?contestTypeId=9&draftGroupId=151691,151691,9,Selected largest-prize regular Classic MLB draft group after excluding Turbo/Night/qualifier/satellite/showdown/snake/single-stat slates.,RP,Cole Wilcox (43756187),Cole Wilcox,43756187,P,4000,DET@SEA 08/05/2026 09:40PM ET,08/05/2026 09:40PM ET,SEA,DET,home,3.2,,,needs_review_new_player,identity_name_team_map,No reviewed normalized-name/team identity alias; do not auto-guess.
2026-08-05,2026-08-05T15:40:32.372930+00:00,2026-08-05,DraftKings official lineup CSV,https://www.draftkings.com/lineup/getavailableplayerscsv?contestTypeId=9&draftGroupId=151691,151691,9,Selected largest-prize regular Classic MLB draft group after excluding Turbo/Night/qualifier/satellite/showdown/snake/single-stat slates.,RP,Huascar Brazoban (43756188),Huascar Brazoban,43756188,P,4000,CWS@BOS 08/05/2026 07:10PM ET,08/05/2026 07:10PM ET,CWS,BOS,away,3.8,623211,Huascar Brazobán,needs_review_team_change,identity_name_unique_mlbam,Name maps to one reviewed MLBAM identity but not this DK team; review as team-change/new alias before trusting automation.
2026-08-05,2026-08-05T15:40:32.372930+00:00,2026-08-05,DraftKings official lineup CSV,https://www.draftkings.com/lineup/getavailableplayerscsv?contestTypeId=9&draftGroupId=151691,151691,9,Selected largest-prize regular Classic MLB draft group after excluding Turbo/Night/qualifier/satellite/showdown/snake/single-stat slates.,RP,Joel Kuhnel (43756189),Joel Kuhnel,43756189,P,4000,PIT@MIL 08/05/2026 07:40PM ET,08/05/2026 07:40PM ET,MIL,PIT,home,1.6,669270,Joel Kuhnel,mapped,identity_name_team_map,Stable identity seed from old DK-ID map. Pilot join status: matched via normalized_name_team
2026-08-05,2026-08-05T15:40:32.372930+00:00,2026-08-05,DraftKings official lineup CSV,https://www.draftkings.com/lineup/getavailableplayerscsv?contestTypeId=9&draftGroupId=151691,151691,9,Selected largest-prize regular Classic MLB draft group after excluding Turbo/Night/qualifier/satellite/showdown/snake/single-stat slates.,RP,Kyle Finnegan (43756190),Kyle Finnegan,43756190,P,4000,DET@SEA 08/05/2026 09:40PM ET,08/05/2026 09:40PM ET,DET,SEA,away,2.2,640448,Kyle Finnegan,mapped,identity_name_team_map,Proposed from review candidates; basis=exact normalized name + team; role-compatible; statcast_pitcher_2026; confidence=high; sources=statcast_pitcher_2026
2026-08-05,2026-08-05T15:40:32.372930+00:00,2026-08-05,DraftKings official lineup CSV,https://www.draftkings.com/lineup/getavailableplayerscsv?contestTypeId=9&draftGroupId=151691,151691,9,Selected largest-prize regular Classic MLB draft group after excluding Turbo/Night/qualifier/satellite/showdown/snake/single-stat slates.,RP,Tyler Gilbert (43756191),Tyler Gilbert,43756191,P,4000,CWS@BOS 08/05/2026 07:10PM ET,08/05/2026 07:10PM ET,CWS,BOS,away,-1.6,656457,Tyler Gilbert,mapped,identity_name_team_map,Stable identity seed from old DK-ID map. Pilot join status: matched via normalized_name_team
2026-08-05,2026-08-05T15:40:32.372930+00:00,2026-08-05,DraftKings official lineup CSV,https://www.draftkings.com/lineup/getavailableplayerscsv?contestTypeId=9&draftGroupId=151691,151691,9,Selected largest-prize regular Classic MLB draft group after excluding Turbo/Night/qualifier/satellite/showdown/snake/single-stat slates.,RP,Carlos Estevez (43756192),Carlos Estevez,43756192,P,4000,MIN@KC 08/05/2026 07:40PM ET,08/05/2026 07:40PM ET,KC,MIN,home,-14.9,608032,Carlos Estévez,mapped,identity_name_team_map,Stable identity seed from old DK-ID map. Pilot join status: matched via normalized_name_team
2026-08-05,2026-08-05T15:40:32.372930+00:00,2026-08-05,DraftKings official lineup CSV,https://www.draftkings.com/lineup/getavailableplayerscsv?contestTypeId=9&draftGroupId=151691,151691,9,Selected largest-prize regular Classic MLB draft group after excluding Turbo/Night/qualifier/satellite/showdown/snake/single-stat slates.,RP,Brandyn Garcia (43756193),Brandyn Garcia,43756193,P,4000,SD@ARI 08/05/2026 09:40PM ET,08/05/2026 09:40PM ET,ARI,SD,home,3,,,needs_review_new_player,identity_name_team_map,No reviewed normalized-name/team identity alias; do not auto-guess.
2026-08-05,2026-08-05T15:40:32.372930+00:00,2026-08-05,DraftKings official lineup CSV,https://www.draftkings.com/lineup/getavailableplayerscsv?contestTypeId=9&draftGroupId=151691,151691,9,Selected largest-prize regular Classic MLB draft group after excluding Turbo/Night/qualifier/satellite/showdown/snake/single-stat slates.,RP,Michael Rucker (43756194),Michael Rucker,43756194,P,4000,DET@SEA 08/05/2026 09:40PM ET,08/05/2026 09:40PM ET,SEA,DET,home,3.1,,,needs_review_new_player,identity_name_team_map,No reviewed normalized-name/team identity alias; do not auto-guess.
2026-08-05,2026-08-05T15:40:32.372930+00:00,2026-08-05,DraftKings official lineup CSV,https://www.draftkings.com/lineup/getavailableplayerscsv?contestTypeId=9&draftGroupId=151691,151691,9,Selected largest-prize regular Classic MLB draft group after excluding Turbo/Night/qualifier/satellite/showdown/snake/single-stat slates.,RP,Aroldis Chapman (43756195),Aroldis Chapman,43756195,P,4000,CWS@BOS 08/05/2026 07:10PM ET,08/05/2026 07:10PM ET,BOS,CWS,home,3.9,,,needs_review_new_player,identity_name_team_map,No reviewed normalized-name/team identity alias; do not auto-guess.
2026-08-05,2026-08-05T15:40:32.372930+00:00,2026-08-05,DraftKings official lineup CSV,https://www.draftkings.com/lineup/getavailableplayerscsv?contestTypeId=9&draftGroupId=151691,151691,9,Selected largest-prize regular Classic MLB draft group after excluding Turbo/Night/qualifier/satellite/showdown/snake/single-stat slates.,RP,Tyler Samaniego (43756196),Tyler Samaniego,43756196,P,4000,CWS@BOS 08/05/2026 07:10PM ET,08/05/2026 07:10PM ET,BOS,CWS,home,2.4,,,needs_review_new_player,identity_name_team_map,No reviewed normalized-name/team identity alias; do not auto-guess.
2026-08-05,2026-08-05T15:40:32.372930+00:00,2026-08-05,DraftKings official lineup CSV,https://www.draftkings.com/lineup/getavailableplayerscsv?contestTypeId=9&draftGroupId=151691,151691,9,Selected largest-prize regular Classic MLB draft group after excluding Turbo/Night/qualifier/satellite/showdown/snake/single-stat slates.,RP,Rolddy Munoz (43756197),Rolddy Munoz,43756197,P,4000,MIA@ATL 08/05/2026 07:15PM ET,08/05/2026 07:15PM ET,ATL,MIA,home,0.9,691548,Rolddy Muñoz,mapped,identity_name_team_map,Stable identity seed from old DK-ID map. Pilot join status: matched via normalized_name_team
2026-08-05,2026-08-05T15:40:32.372930+00:00,2026-08-05,DraftKings official lineup CSV,https://www.draftkings.com/lineup/getavailableplayerscsv?contestTypeId=9&draftGroupId=151691,151691,9,Selected largest-prize regular Classic MLB draft group after excluding Turbo/Night/qualifier/satellite/showdown/snake/single-stat slates.,RP,Tyler Davis (43756198),Tyler Davis,43756198,P,4000,CWS@BOS 08/05/2026 07:10PM ET,08/05/2026 07:10PM ET,CWS,BOS,away,2.8,699823,Tyler Davis,mapped,identity_name_team_map,Stable identity seed from old DK-ID map. Pilot join status: matched via normalized_name_team
2026-08-05,2026-08-05T15:40:32.372930+00:00,2026-08-05,DraftKings official lineup CSV,https://www.draftkings.com/lineup/getavailableplayerscsv?contestTypeId=9&draftGroupId=151691,151691,9,Selected largest-prize regular Classic MLB draft group after excluding Turbo/Night/qualifier/satellite/showdown/snake/single-stat slates.,RP,Peter Strzelecki (43756199),Peter Strzelecki,43756199,P,4000,STL@NYY 08/05/2026 07:05PM ET,08/05/2026 07:05PM ET,STL,NYY,away,1.2,,,needs_review_new_player,identity_name_team_map,No reviewed normalized-name/team identity alias; do not auto-guess.
2026-08-05,2026-08-05T15:40:32.372930+00:00,2026-08-05,DraftKings official lineup CSV,https://www.draftkings.com/lineup/getavailableplayerscsv?contestTypeId=9&draftGroupId=151691,151691,9,Selected largest-prize regular Classic MLB draft group after excluding Turbo/Night/qualifier/satellite/showdown/snake/single-stat slates.,RP,Tyler Holton (43756200),Tyler Holton,43756200,P,4000,DET@SEA 08/05/2026 09:40PM ET,08/05/2026 09:40PM ET,DET,SEA,away,2.5,663947,Tyler Holton,mapped,identity_name_team_map,Proposed from review candidates; basis=exact normalized name + team; role-compatible; statcast_pitcher_2026; confidence=high; sources=statcast_pitcher_2026
2026-08-05,2026-08-05T15:40:32.372930+00:00,2026-08-05,DraftKings official lineup CSV,https://www.draftkings.com/lineup/getavailableplayerscsv?contestTypeId=9&draftGroupId=151691,151691,9,Selected largest-prize regular Classic MLB draft group after excluding Turbo/Night/qualifier/satellite/showdown/snake/single-stat slates.,RP,James Karinchak (43756201),James Karinchak,43756201,P,4000,MIA@ATL 08/05/2026 07:15PM ET,08/05/2026 07:15PM ET,ATL,MIA,home,3.2,,,needs_review_new_player,identity_name_team_map,No reviewed normalized-name/team identity alias; do not auto-guess.
2026-08-05,2026-08-05T15:40:32.372930+00:00,2026-08-05,DraftKings official lineup CSV,https://www.draftkings.com/lineup/getavailableplayerscsv?contestTypeId=9&draftGroupId=151691,151691,9,Selected largest-prize regular Classic MLB draft group after excluding Turbo/Night/qualifier/satellite/showdown/snake/single-stat slates.,RP,Kenley Jansen (43756202),Kenley Jansen,43756202,P,4000,DET@SEA 08/05/2026 09:40PM ET,08/05/2026 09:40PM ET,DET,SEA,away,2.9,445276,Kenley Jansen,mapped,identity_name_team_map,Proposed from review candidates; basis=exact normalized name + team; role-compatible; statcast_pitcher_2026; confidence=high; sources=statcast_pitcher_2026
2026-08-05,2026-08-05T15:40:32.372930+00:00,2026-08-05,DraftKings official lineup CSV,https://www.draftkings.com/lineup/getavailableplayerscsv?contestTypeId=9&draftGroupId=151691,151691,9,Selected largest-prize regular Classic MLB draft group after excluding Turbo/Night/qualifier/satellite/showdown/snake/single-stat slates.,RP,Drew Rom (43756203),Drew Rom,43756203,P,4000,PIT@MIL 08/05/2026 07:40PM ET,08/05/2026 07:40PM ET,MIL,PIT,home,5.8,680723,Drew Rom,mapped,identity_name_team_map,Stable identity seed from old DK-ID map. Pilot join status: matched via normalized_name_team
2026-08-05,2026-08-05T15:40:32.372930+00:00,2026-08-05,DraftKings official lineup CSV,https://www.draftkings.com/lineup/getavailableplayerscsv?contestTypeId=9&draftGroupId=151691,151691,9,Selected largest-prize regular Classic MLB draft group after excluding Turbo/Night/qualifier/satellite/showdown/snake/single-stat slates.,RP,Bryan Hudson (43756204),Bryan Hudson,43756204,P,4000,CWS@BOS 08/05/2026 07:10PM ET,08/05/2026 07:10PM ET,CWS,BOS,away,2.9,663542,Bryan Hudson,mapped,identity_name_team_map,Stable identity seed from old DK-ID map. Pilot join status: matched via normalized_name_team
2026-08-05,2026-08-05T15:40:32.372930+00:00,2026-08-05,DraftKings official lineup CSV,https://www.draftkings.com/lineup/getavailableplayerscsv?contestTypeId=9&draftGroupId=151691,151691,9,Selected largest-prize regular Classic MLB draft group after excluding Turbo/Night/qualifier/satellite/showdown/snake/single-stat slates.,RP,Cole Sands (43756205),Cole Sands,43756205,P,4000,MIN@KC 08/05/2026 07:40PM ET,08/05/2026 07:40PM ET,MIN,KC,away,1.4,663485,Cole Sands,mapped,identity_name_team_map,Proposed from review candidates; basis=exact normalized name + team; role-compatible; statcast_pitcher_2026; confidence=high; sources=statcast_pitcher_2026
2026-08-05,2026-08-05T15:40:32.372930+00:00,2026-08-05,DraftKings official lineup CSV,https://www.draftkings.com/lineup/getavailableplayerscsv?contestTypeId=9&draftGroupId=151691,151691,9,Selected largest-prize regular Classic MLB draft group after excluding Turbo/Night/qualifier/satellite/showdown/snake/single-stat slates.,RP,Woo Suk Go (43756206),Woo Suk Go,43756206,P,4000,MIN@KC 08/05/2026 07:40PM ET,08/05/2026 07:40PM ET,MIN,KC,away,1.3,,,needs_review_new_player,identity_name_team_map,No reviewed normalized-name/team identity alias; do not auto-guess.
2026-08-05,2026-08-05T15:40:32.372930+00:00,2026-08-05,DraftKings official lineup CSV,https://www.draftkings.com/lineup/getavailableplayerscsv?contestTypeId=9&draftGroupId=151691,151691,9,Selected largest-prize regular Classic MLB draft group after excluding Turbo/Night/qualifier/satellite/showdown/snake/single-stat slates.,RP,Kade Strowd (43756207),Kade Strowd,43756207,P,4000,SD@ARI 08/05/2026 09:40PM ET,08/05/2026 09:40PM ET,ARI,SD,home,-0.2,,,needs_review_new_player,identity_name_team_map,No reviewed normalized-name/team identity alias; do not auto-guess.
2026-08-05,2026-08-05T15:40:32.372930+00:00,2026-08-05,DraftKings official lineup CSV,https://www.draftkings.com/lineup/getavailableplayerscsv?contestTypeId=9&draftGroupId=151691,151691,9,Selected largest-prize regular Classic MLB draft group after excluding Turbo/Night/qualifier/satellite/showdown/snake/single-stat slates.,RP,Taylor Clarke (43756208),Taylor Clarke,43756208,P,4000,SD@ARI 08/05/2026 09:40PM ET,08/05/2026 09:40PM ET,ARI,SD,home,2.5,,,needs_review_new_player,identity_name_team_map,No reviewed normalized-name/team identity alias; do not auto-guess.
2026-08-05,2026-08-05T15:40:32.372930+00:00,2026-08-05,DraftKings official lineup CSV,https://www.draftkings.com/lineup/getavailableplayerscsv?contestTypeId=9&draftGroupId=151691,151691,9,Selected largest-prize regular Classic MLB draft group after excluding Turbo/Night/qualifier/satellite/showdown/snake/single-stat slates.,RP,Lucas Erceg (43756209),Lucas Erceg,43756209,P,4000,MIN@KC 08/05/2026 07:40PM ET,08/05/2026 07:40PM ET,KC,MIN,home,1.4,668674,Lucas Erceg,mapped,identity_name_team_map,Stable identity seed from old DK-ID map. Pilot join status: matched via normalized_name_team
2026-08-05,2026-08-05T15:40:32.372930+00:00,2026-08-05,DraftKings official lineup CSV,https://www.draftkings.com/lineup/getavailableplayerscsv?contestTypeId=9&draftGroupId=151691,151691,9,Selected largest-prize regular Classic MLB draft group after excluding Turbo/Night/qualifier/satellite/showdown/snake/single-stat slates.,RP,Andrew Saalfrank (43756210),Andrew Saalfrank,43756210,P,4000,SD@ARI 08/05/2026 09:40PM ET,08/05/2026 09:40PM ET,ARI,SD,home,0,,,needs_review_new_player,identity_name_team_map,No reviewed normalized-name/team identity alias; do not auto-guess.
2026-08-05,2026-08-05T15:40:32.372930+00:00,2026-08-05,DraftKings official lineup CSV,https://www.draftkings.com/lineup/getavailableplayerscsv?contestTypeId=9&draftGroupId=151691,151691,9,Selected largest-prize regular Classic MLB draft group after excluding Turbo/Night/qualifier/satellite/showdown/snake/single-stat slates.,RP,Brian Fitzpatrick (43756211),Brian Fitzpatrick,43756211,P,4000,PIT@MIL 08/05/2026 07:40PM ET,08/05/2026 07:40PM ET,MIL,PIT,home,3.4,702153,Brian Fitzpatrick,mapped,identity_name_team_map,Stable identity seed from old DK-ID map. Pilot join status: matched via normalized_name_team
2026-08-05,2026-08-05T15:40:32.372930+00:00,2026-08-05,DraftKings official lineup CSV,https://www.draftkings.com/lineup/getavailableplayerscsv?contestTypeId=9&draftGroupId=151691,151691,9,Selected largest-prize regular Classic MLB draft group after excluding Turbo/Night/qualifier/satellite/showdown/snake/single-stat slates.,RP,Matt Brash (43756212),Matt Brash,43756212,P,4000,DET@SEA 08/05/2026 09:40PM ET,08/05/2026 09:40PM ET,SEA,DET,home,3.4,,,needs_review_new_player,identity_name_team_map,No reviewed normalized-name/team identity alias; do not auto-guess.
2026-08-05,2026-08-05T15:40:32.372930+00:00,2026-08-05,DraftKings official lineup CSV,https://www.draftkings.com/lineup/getavailableplayerscsv?contestTypeId=9&draftGroupId=151691,151691,9,Selected largest-prize regular Classic MLB draft group after excluding Turbo/Night/qualifier/satellite/showdown/snake/single-stat slates.,RP,Angel Zerpa (43756213),Angel Zerpa,43756213,P,4000,PIT@MIL 08/05/2026 07:40PM ET,08/05/2026 07:40PM ET,MIL,PIT,home,1.1,672582,Angel Zerpa,mapped,identity_name_team_map,Stable identity seed from old DK-ID map. Pilot join status: matched via normalized_name_team
2026-08-05,2026-08-05T15:40:32.372930+00:00,2026-08-05,DraftKings official lineup CSV,https://www.draftkings.com/lineup/getavailableplayerscsv?contestTypeId=9&draftGroupId=151691,151691,9,Selected largest-prize regular Classic MLB draft group after excluding Turbo/Night/qualifier/satellite/showdown/snake/single-stat slates.,RP,Burch Smith (43756214),Burch Smith,43756214,P,4000,DET@SEA 08/05/2026 09:40PM ET,08/05/2026 09:40PM ET,DET,SEA,away,3.9,572143,Burch Smith,mapped,identity_name_team_map,Proposed from review candidates; basis=exact normalized name + team; role-compatible; statcast_pitcher_2026; confidence=high; sources=statcast_pitcher_2026
2026-08-05,2026-08-05T15:40:32.372930+00:00,2026-08-05,DraftKings official lineup CSV,https://www.draftkings.com/lineup/getavailableplayerscsv?contestTypeId=9&draftGroupId=151691,151691,9,Selected largest-prize regular Classic MLB draft group after excluding Turbo/Night/qualifier/satellite/showdown/snake/single-stat slates.,RP,Ryan Fernandez (43756215),Ryan Fernandez,43756215,P,4000,STL@NYY 08/05/2026 07:05PM ET,08/05/2026 07:05PM ET,STL,NYY,away,5,681676,Ryan Fernandez,mapped,identity_name_team_map,Stable identity seed from old DK-ID map. Pilot join status: matched via normalized_name_team
2026-08-05,2026-08-05T15:40:32.372930+00:00,2026-08-05,DraftKings official lineup CSV,https://www.draftkings.com/lineup/getavailableplayerscsv?contestTypeId=9&draftGroupId=151691,151691,9,Selected largest-prize regular Classic MLB draft group after excluding Turbo/Night/qualifier/satellite/showdown/snake/single-stat slates.,RP,Yuki Matsui (43756216),Yuki Matsui,43756216,P,4000,SD@ARI 08/05/2026 09:40PM ET,08/05/2026 09:40PM ET,SD,ARI,away,4.5,673513,Yuki Matsui,mapped,identity_name_team_map,Stable identity seed from old DK-ID map. Pilot join status: matched via normalized_name_team
2026-08-05,2026-08-05T15:40:32.372930+00:00,2026-08-05,DraftKings official lineup CSV,https://www.draftkings.com/lineup/getavailableplayerscsv?contestTypeId=9&draftGroupId=151691,151691,9,Selected largest-prize regular Classic MLB draft group after excluding Turbo/Night/qualifier/satellite/showdown/snake/single-stat slates.,RP,Jordan Leasure (43756217),Jordan Leasure,43756217,P,4000,CWS@BOS 08/05/2026 07:10PM ET,08/05/2026 07:10PM ET,CWS,BOS,away,2.6,673929,Jordan Leasure,mapped,identity_name_team_map,Stable identity seed from old DK-ID map. Pilot join status: matched via normalized_name_team
2026-08-05,2026-08-05T15:40:32.372930+00:00,2026-08-05,DraftKings official lineup CSV,https://www.draftkings.com/lineup/getavailableplayerscsv?contestTypeId=9&draftGroupId=151691,151691,9,Selected largest-prize regular Classic MLB draft group after excluding Turbo/Night/qualifier/satellite/showdown/snake/single-stat slates.,RP,Matt Strahm (43756218),Matt Strahm,43756218,P,4000,MIN@KC 08/05/2026 07:40PM ET,08/05/2026 07:40PM ET,KC,MIN,home,1.6,621381,Matt Strahm,mapped,identity_name_team_map,Stable identity seed from old DK-ID map. Pilot join status: matched via normalized_name_team
2026-08-05,2026-08-05T15:40:32.372930+00:00,2026-08-05,DraftKings official lineup CSV,https://www.draftkings.com/lineup/getavailableplayerscsv?contestTypeId=9&draftGroupId=151691,151691,9,Selected largest-prize regular Classic MLB draft group after excluding Turbo/Night/qualifier/satellite/showdown/snake/single-stat slates.,RP,Dylan Lee (43756219),Dylan Lee,43756219,P,4000,MIA@ATL 08/05/2026 07:15PM ET,08/05/2026 07:15PM ET,ATL,MIA,home,4.1,669276,Dylan Lee,mapped,identity_name_team_map,Stable identity seed from old DK-ID map. Pilot join status: matched via normalized_name_team
2026-08-05,2026-08-05T15:40:32.372930+00:00,2026-08-05,DraftKings official lineup CSV,https://www.draftkings.com/lineup/getavailableplayerscsv?contestTypeId=9&draftGroupId=151691,151691,9,Selected largest-prize regular Classic MLB draft group after excluding Turbo/Night/qualifier/satellite/showdown/snake/single-stat slates.,RP,Victor Vodnik (43756220),Victor Vodnik,43756220,P,4000,MIA@ATL 08/05/2026 07:15PM ET,08/05/2026 07:15PM ET,MIA,ATL,away,1.9,680767,Victor Vodnik,needs_review_team_change,identity_name_unique_mlbam,Name maps to one reviewed MLBAM identity but not this DK team; review as team-change/new alias before trusting automation.
2026-08-05,2026-08-05T15:40:32.372930+00:00,2026-08-05,DraftKings official lineup CSV,https://www.draftkings.com/lineup/getavailableplayerscsv?contestTypeId=9&draftGroupId=151691,151691,9,Selected largest-prize regular Classic MLB draft group after excluding Turbo/Night/qualifier/satellite/showdown/snake/single-stat slates.,RP,Sean Newcomb (43756221),Sean Newcomb,43756221,P,4000,CWS@BOS 08/05/2026 07:10PM ET,08/05/2026 07:10PM ET,CWS,BOS,away,4.2,656794,Sean Newcomb,mapped,identity_name_team_map,Stable identity seed from old DK-ID map. Pilot join status: matched via normalized_name_team
2026-08-05,2026-08-05T15:40:32.372930+00:00,2026-08-05,DraftKings official lineup CSV,https://www.draftkings.com/lineup/getavailableplayerscsv?contestTypeId=9&draftGroupId=151691,151691,9,Selected largest-prize regular Classic MLB draft group after excluding Turbo/Night/qualifier/satellite/showdown/snake/single-stat slates.,RP,Kirby Yates (43756222),Kirby Yates,43756222,P,4000,PIT@MIL 08/05/2026 07:40PM ET,08/05/2026 07:40PM ET,PIT,MIL,away,2.8,489446,Kirby Yates,needs_review_team_change,identity_name_unique_mlbam,Name maps to one reviewed MLBAM identity but not this DK team; review as team-change/new alias before trusting automation.
2026-08-05,2026-08-05T15:40:32.372930+00:00,2026-08-05,DraftKings official lineup CSV,https://www.draftkings.com/lineup/getavailableplayerscsv?contestTypeId=9&draftGroupId=151691,151691,9,Selected largest-prize regular Classic MLB draft group after excluding Turbo/Night/qualifier/satellite/showdown/snake/single-stat slates.,RP,Josh White (43756223),Josh White,43756223,P,4000,MIA@ATL 08/05/2026 07:15PM ET,08/05/2026 07:15PM ET,MIA,ATL,away,-10.1,687985,Josh White,mapped,identity_name_team_map,Proposed from review candidates; basis=exact normalized name + team; role-compatible; statcast_pitcher_2026; confidence=high; sources=statcast_pitcher_2026
2026-08-05,2026-08-05T15:40:32.372930+00:00,2026-08-05,DraftKings official lineup CSV,https://www.draftkings.com/lineup/getavailableplayerscsv?contestTypeId=9&draftGroupId=151691,151691,9,Selected largest-prize regular Classic MLB draft group after excluding Turbo/Night/qualifier/satellite/showdown/snake/single-stat slates.,RP,Ronny Henriquez (43756224),Ronny Henriquez,43756224,P,4000,MIA@ATL 08/05/2026 07:15PM ET,08/05/2026 07:15PM ET,MIA,ATL,away,0,,,needs_review_new_player,identity_name_team_map,No reviewed normalized-name/team identity alias; do not auto-guess.
2026-08-05,2026-08-05T15:40:32.372930+00:00,2026-08-05,DraftKings official lineup CSV,https://www.draftkings.com/lineup/getavailableplayerscsv?contestTypeId=9&draftGroupId=151691,151691,9,Selected largest-prize regular Classic MLB draft group after excluding Turbo/Night/qualifier/satellite/showdown/snake/single-stat slates.,RP,Juan Morillo (43756225),Juan Morillo,43756225,P,4000,SD@ARI 08/05/2026 09:40PM ET,08/05/2026 09:40PM ET,ARI,SD,home,3.5,,,needs_review_new_player,identity_name_team_map,No reviewed normalized-name/team identity alias; do not auto-guess.
2026-08-05,2026-08-05T15:40:32.372930+00:00,2026-08-05,DraftKings official lineup CSV,https://www.draftkings.com/lineup/getavailableplayerscsv?contestTypeId=9&draftGroupId=151691,151691,9,Selected largest-prize regular Classic MLB draft group after excluding Turbo/Night/qualifier/satellite/showdown/snake/single-stat slates.,RP,Danny Young (43756226),Danny Young,43756226,P,4000,MIA@ATL 08/05/2026 07:15PM ET,08/05/2026 07:15PM ET,ATL,MIA,home,1.3,664849,Danny Young,mapped,identity_name_team_map,"Stable identity seed from old DK-ID map. Resolved name collision: selected active current-era Danny Young, not historical MLBAM 277415."
2026-08-05,2026-08-05T15:40:32.372930+00:00,2026-08-05,DraftKings official lineup CSV,https://www.draftkings.com/lineup/getavailableplayerscsv?contestTypeId=9&draftGroupId=151691,151691,9,Selected largest-prize regular Classic MLB draft group after excluding Turbo/Night/qualifier/satellite/showdown/snake/single-stat slates.,RP,Jovani Moran (43756227),Jovani Moran,43756227,P,4000,CWS@BOS 08/05/2026 07:10PM ET,08/05/2026 07:10PM ET,BOS,CWS,home,4.8,,,needs_review_new_player,identity_name_team_map,No reviewed normalized-name/team identity alias; do not auto-guess.
2026-08-05,2026-08-05T15:40:32.372930+00:00,2026-08-05,DraftKings official lineup CSV,https://www.draftkings.com/lineup/getavailableplayerscsv?contestTypeId=9&draftGroupId=151691,151691,9,Selected largest-prize regular Classic MLB draft group after excluding Turbo/Night/qualifier/satellite/showdown/snake/single-stat slates.,RP,Evan Sisk (43756228),Evan Sisk,43756228,P,4000,PIT@MIL 08/05/2026 07:40PM ET,08/05/2026 07:40PM ET,PIT,MIL,away,3.9,,,needs_review_new_player,identity_name_team_map,No reviewed normalized-name/team identity alias; do not auto-guess.
2026-08-05,2026-08-05T15:40:32.372930+00:00,2026-08-05,DraftKings official lineup CSV,https://www.draftkings.com/lineup/getavailableplayerscsv?contestTypeId=9&draftGroupId=151691,151691,9,Selected largest-prize regular Classic MLB draft group after excluding Turbo/Night/qualifier/satellite/showdown/snake/single-stat slates.,RP,Tyler Kinley (43756229),Tyler Kinley,43756229,P,4000,MIA@ATL 08/05/2026 07:15PM ET,08/05/2026 07:15PM ET,ATL,MIA,home,2.7,641755,Tyler Kinley,mapped,identity_name_team_map,Stable identity seed from old DK-ID map. Pilot join status: matched via normalized_name_team
2026-08-05,2026-08-05T15:40:32.372930+00:00,2026-08-05,DraftKings official lineup CSV,https://www.draftkings.com/lineup/getavailableplayerscsv?contestTypeId=9&draftGroupId=151691,151691,9,Selected largest-prize regular Classic MLB draft group after excluding Turbo/Night/qualifier/satellite/showdown/snake/single-stat slates.,2B,Xavier Edwards (43755631),Xavier Edwards,43755631,2B,3900,MIA@ATL 08/05/2026 07:15PM ET,08/05/2026 07:15PM ET,MIA,ATL,away,7.4,669364,Xavier Edwards,mapped,identity_name_team_map,Proposed from review candidates; basis=exact normalized name + team; role-compatible; hr-distance-latest.json|statcast_batter_des_2026; confidence=high; sources=hr-distance-latest.json|statcast_batter_des_2026
2026-08-05,2026-08-05T15:40:32.372930+00:00,2026-08-05,DraftKings official lineup CSV,https://www.draftkings.com/lineup/getavailableplayerscsv?contestTypeId=9&draftGroupId=151691,151691,9,Selected largest-prize regular Classic MLB draft group after excluding Turbo/Night/qualifier/satellite/showdown/snake/single-stat slates.,C,Eduardo Valencia (43755632),Eduardo Valencia,43755632,C,3900,DET@SEA 08/05/2026 09:40PM ET,08/05/2026 09:40PM ET,DET,SEA,away,10.7,680664,Eduardo Valencia,mapped,identity_name_team_map,Proposed from review candidates; basis=exact normalized name + team; role-compatible; statcast_batter_des_2026; confidence=high; sources=statcast_batter_des_2026
2026-08-05,2026-08-05T15:40:32.372930+00:00,2026-08-05,DraftKings official lineup CSV,https://www.draftkings.com/lineup/getavailableplayerscsv?contestTypeId=9&draftGroupId=151691,151691,9,Selected largest-prize regular Classic MLB draft group after excluding Turbo/Night/qualifier/satellite/showdown/snake/single-stat slates.,1B,Spencer Horwitz (43755633),Spencer Horwitz,43755633,1B,3900,PIT@MIL 08/05/2026 07:40PM ET,08/05/2026 07:40PM ET,PIT,MIL,away,7.1,,,needs_review_new_player,identity_name_team_map,No reviewed normalized-name/team identity alias; do not auto-guess.
2026-08-05,2026-08-05T15:40:32.372930+00:00,2026-08-05,DraftKings official lineup CSV,https://www.draftkings.com/lineup/getavailableplayerscsv?contestTypeId=9&draftGroupId=151691,151691,9,Selected largest-prize regular Classic MLB draft group after excluding Turbo/Night/qualifier/satellite/showdown/snake/single-stat slates.,3B,Nick Gonzales (43755634),Nick Gonzales,43755634,3B,3800,PIT@MIL 08/05/2026 07:40PM ET,08/05/2026 07:40PM ET,PIT,MIL,away,7.2,,,needs_review_new_player,identity_name_team_map,No reviewed normalized-name/team identity alias; do not auto-guess.
2026-08-05,2026-08-05T15:40:32.372930+00:00,2026-08-05,DraftKings official lineup CSV,https://www.draftkings.com/lineup/getavailableplayerscsv?contestTypeId=9&draftGroupId=151691,151691,9,Selected largest-prize regular Classic MLB draft group after excluding Turbo/Night/qualifier/satellite/showdown/snake/single-stat slates.,C,Gary Sanchez (43755635),Gary Sanchez,43755635,C,3800,PIT@MIL 08/05/2026 07:40PM ET,08/05/2026 07:40PM ET,MIL,PIT,home,6,596142,Gary Sánchez,mapped,identity_name_team_map,Stable identity seed from old DK-ID map. Pilot join status: matched via normalized_name_team
2026-08-05,2026-08-05T15:40:32.372930+00:00,2026-08-05,DraftKings official lineup CSV,https://www.draftkings.com/lineup/getavailableplayerscsv?contestTypeId=9&draftGroupId=151691,151691,9,Selected largest-prize regular Classic MLB draft group after excluding Turbo/Night/qualifier/satellite/showdown/snake/single-stat slates.,OF,Dominic Canzone (43755636),Dominic Canzone,43755636,OF,3800,DET@SEA 08/05/2026 09:40PM ET,08/05/2026 09:40PM ET,SEA,DET,home,6.4,,,needs_review_new_player,identity_name_team_map,No reviewed normalized-name/team identity alias; do not auto-guess.
2026-08-05,2026-08-05T15:40:32.372930+00:00,2026-08-05,DraftKings official lineup CSV,https://www.draftkings.com/lineup/getavailableplayerscsv?contestTypeId=9&draftGroupId=151691,151691,9,Selected largest-prize regular Classic MLB draft group after excluding Turbo/Night/qualifier/satellite/showdown/snake/single-stat slates.,1B/2B,Royce Lewis (43755637),Royce Lewis,43755637,1B/2B,3800,MIN@KC 08/05/2026 07:40PM ET,08/05/2026 07:40PM ET,MIN,KC,away,7.4,668904,Royce Lewis,mapped,identity_name_team_map,Proposed from review candidates; basis=exact normalized name + team; role-compatible; statcast_batter_des_2026; confidence=high; sources=statcast_batter_des_2026
2026-08-05,2026-08-05T15:40:32.372930+00:00,2026-08-05,DraftKings official lineup CSV,https://www.draftkings.com/lineup/getavailableplayerscsv?contestTypeId=9&draftGroupId=151691,151691,9,Selected largest-prize regular Classic MLB draft group after excluding Turbo/Night/qualifier/satellite/showdown/snake/single-stat slates.,3B,Austin Riley (43755639),Austin Riley,43755639,3B,3700,MIA@ATL 08/05/2026 07:15PM ET,08/05/2026 07:15PM ET,ATL,MIA,home,6.4,663586,Austin Riley,mapped,identity_name_team_map,Stable identity seed from old DK-ID map. Pilot join status: matched via normalized_name_team
2026-08-05,2026-08-05T15:40:32.372930+00:00,2026-08-05,DraftKings official lineup CSV,https://www.draftkings.com/lineup/getavailableplayerscsv?contestTypeId=9&draftGroupId=151691,151691,9,Selected largest-prize regular Classic MLB draft group after excluding Turbo/Night/qualifier/satellite/showdown/snake/single-stat slates.,1B,Paul Goldschmidt (43755640),Paul Goldschmidt,43755640,1B,3700,STL@NYY 08/05/2026 07:05PM ET,08/05/2026 07:05PM ET,NYY,STL,home,6.8,,,needs_review_new_player,identity_name_team_map,No reviewed normalized-name/team identity alias; do not auto-guess.
2026-08-05,2026-08-05T15:40:32.372930+00:00,2026-08-05,DraftKings official lineup CSV,https://www.draftkings.com/lineup/getavailableplayerscsv?contestTypeId=9&draftGroupId=151691,151691,9,Selected largest-prize regular Classic MLB draft group after excluding Turbo/Night/qualifier/satellite/showdown/snake/single-stat slates.,OF,Heriberto Hernandez (43755641),Heriberto Hernandez,43755641,OF,3700,MIA@ATL 08/05/2026 07:15PM ET,08/05/2026 07:15PM ET,MIA,ATL,away,6.9,681715,Heriberto Hernández,mapped,identity_name_team_map,Proposed from review candidates; basis=exact normalized name + team; role-compatible; statcast_batter_des_2026; confidence=high; sources=statcast_batter_des_2026
2026-08-05,2026-08-05T15:40:32.372930+00:00,2026-08-05,DraftKings official lineup CSV,https://www.draftkings.com/lineup/getavailableplayerscsv?contestTypeId=9&draftGroupId=151691,151691,9,Selected largest-prize regular Classic MLB draft group after excluding Turbo/Night/qualifier/satellite/showdown/snake/single-stat slates.,SS,Xander Bogaerts (43755642),Xander Bogaerts,43755642,SS,3700,SD@ARI 08/05/2026 09:40PM ET,08/05/2026 09:40PM ET,SD,ARI,away,6.5,593428,Xander Bogaerts,mapped,identity_name_team_map,Stable identity seed from old DK-ID map. Pilot join status: matched via normalized_name_team
2026-08-05,2026-08-05T15:40:32.372930+00:00,2026-08-05,DraftKings official lineup CSV,https://www.draftkings.com/lineup/getavailableplayerscsv?contestTypeId=9&draftGroupId=151691,151691,9,Selected largest-prize regular Classic MLB draft group after excluding Turbo/Night/qualifier/satellite/showdown/snake/single-stat slates.,2B,Chase Meidroth (43755643),Chase Meidroth,43755643,2B,3700,CWS@BOS 08/05/2026 07:10PM ET,08/05/2026 07:10PM ET,CWS,BOS,away,6.8,805367,Chase Meidroth,mapped,identity_name_team_map,Stable identity seed from old DK-ID map. Pilot join status: matched via normalized_name_team
2026-08-05,2026-08-05T15:40:32.372930+00:00,2026-08-05,DraftKings official lineup CSV,https://www.draftkings.com/lineup/getavailableplayerscsv?contestTypeId=9&draftGroupId=151691,151691,9,Selected largest-prize regular Classic MLB draft group after excluding Turbo/Night/qualifier/satellite/showdown/snake/single-stat slates.,C,Kyle Teel (43755788),Kyle Teel,43755788,C,3700,CWS@BOS 08/05/2026 07:10PM ET,08/05/2026 07:10PM ET,CWS,BOS,away,6,691019,Kyle Teel,mapped,identity_name_team_map,Stable identity seed from old DK-ID map. Pilot join status: matched_people_search_name via mlb_people_search_normalized_name
2026-08-05,2026-08-05T15:40:32.372930+00:00,2026-08-05,DraftKings official lineup CSV,https://www.draftkings.com/lineup/getavailableplayerscsv?contestTypeId=9&draftGroupId=151691,151691,9,Selected largest-prize regular Classic MLB draft group after excluding Turbo/Night/qualifier/satellite/showdown/snake/single-stat slates.,OF,Jake Mangum (43755644),Jake Mangum,43755644,OF,3600,PIT@MIL 08/05/2026 07:40PM ET,08/05/2026 07:40PM ET,PIT,MIL,away,6.5,,,needs_review_new_player,identity_name_team_map,No reviewed normalized-name/team identity alias; do not auto-guess.
2026-08-05,2026-08-05T15:40:32.372930+00:00,2026-08-05,DraftKings official lineup CSV,https://www.draftkings.com/lineup/getavailableplayerscsv?contestTypeId=9&draftGroupId=151691,151691,9,Selected largest-prize regular Classic MLB draft group after excluding Turbo/Night/qualifier/satellite/showdown/snake/single-stat slates.,OF,John Rave (43755645),John Rave,43755645,OF,3600,MIN@KC 08/05/2026 07:40PM ET,08/05/2026 07:40PM ET,KC,MIN,home,6,670231,John Rave,mapped,identity_name_team_map,Stable identity seed from old DK-ID map. Pilot join status: matched_people_search_name via mlb_people_search_normalized_name
2026-08-05,2026-08-05T15:40:32.372930+00:00,2026-08-05,DraftKings official lineup CSV,https://www.draftkings.com/lineup/getavailableplayerscsv?contestTypeId=9&draftGroupId=151691,151691,9,Selected largest-prize regular Classic MLB draft group after excluding Turbo/Night/qualifier/satellite/showdown/snake/single-stat slates.,OF,Lane Thomas (43755646),Lane Thomas,43755646,OF,3600,MIA@ATL 08/05/2026 07:15PM ET,08/05/2026 07:15PM ET,ATL,MIA,home,5.7,657041,Lane Thomas,needs_review_team_change,identity_name_unique_mlbam,Name maps to one reviewed MLBAM identity but not this DK team; review as team-change/new alias before trusting automation.
2026-08-05,2026-08-05T15:40:32.372930+00:00,2026-08-05,DraftKings official lineup CSV,https://www.draftkings.com/lineup/getavailableplayerscsv?contestTypeId=9&draftGroupId=151691,151691,9,Selected largest-prize regular Classic MLB draft group after excluding Turbo/Night/qualifier/satellite/showdown/snake/single-stat slates.,OF,Trevor Larnach (43755647),Trevor Larnach,43755647,OF,3600,MIN@KC 08/05/2026 07:40PM ET,08/05/2026 07:40PM ET,MIN,KC,away,6.8,663616,Trevor Larnach,mapped,identity_name_team_map,Proposed from review candidates; basis=exact normalized name + team; role-compatible; hr-distance-latest.json|statcast_batter_des_2026; confidence=high; sources=hr-distance-latest.json|statcast_batter_des_2026
2026-08-05,2026-08-05T15:40:32.372930+00:00,2026-08-05,DraftKings official lineup CSV,https://www.draftkings.com/lineup/getavailableplayerscsv?contestTypeId=9&draftGroupId=151691,151691,9,Selected largest-prize regular Classic MLB draft group after excluding Turbo/Night/qualifier/satellite/showdown/snake/single-stat slates.,OF,Esteury Ruiz (43755648),Esteury Ruiz,43755648,OF,3600,MIA@ATL 08/05/2026 07:15PM ET,08/05/2026 07:15PM ET,MIA,ATL,away,5.7,665923,Esteury Ruiz,mapped,identity_name_team_map,Proposed from review candidates; basis=exact normalized name + team; role-compatible; statcast_batter_des_2026; confidence=high; sources=statcast_batter_des_2026
2026-08-05,2026-08-05T15:40:32.372930+00:00,2026-08-05,DraftKings official lineup CSV,https://www.draftkings.com/lineup/getavailableplayerscsv?contestTypeId=9&draftGroupId=151691,151691,9,Selected largest-prize regular Classic MLB draft group after excluding Turbo/Night/qualifier/satellite/showdown/snake/single-stat slates.,3B,Nolan Arenado (43755649),Nolan Arenado,43755649,3B,3600,SD@ARI 08/05/2026 09:40PM ET,08/05/2026 09:40PM ET,ARI,SD,home,6.9,,,needs_review_new_player,identity_name_team_map,No reviewed normalized-name/team identity alias; do not auto-guess.
2026-08-05,2026-08-05T15:40:32.372930+00:00,2026-08-05,DraftKings official lineup CSV,https://www.draftkings.com/lineup/getavailableplayerscsv?contestTypeId=9&draftGroupId=151691,151691,9,Selected largest-prize regular Classic MLB draft group after excluding Turbo/Night/qualifier/satellite/showdown/snake/single-stat slates.,1B,Josh Bell (43755650),Josh Bell,43755650,1B,3600,MIN@KC 08/05/2026 07:40PM ET,08/05/2026 07:40PM ET,MIN,KC,away,7,605137,Josh Bell,mapped,identity_name_team_map,Proposed from review candidates; basis=exact normalized name + team; role-compatible; hr-distance-latest.json|statcast_batter_des_2026; confidence=high; sources=hr-distance-latest.json|statcast_batter_des_2026
2026-08-05,2026-08-05T15:40:32.372930+00:00,2026-08-05,DraftKings official lineup CSV,https://www.draftkings.com/lineup/getavailableplayerscsv?contestTypeId=9&draftGroupId=151691,151691,9,Selected largest-prize regular Classic MLB draft group after excluding Turbo/Night/qualifier/satellite/showdown/snake/single-stat slates.,2B,Cole Young (43755651),Cole Young,43755651,2B,3600,DET@SEA 08/05/2026 09:40PM ET,08/05/2026 09:40PM ET,SEA,DET,home,6.8,,,needs_review_new_player,identity_name_team_map,No reviewed normalized-name/team identity alias; do not auto-guess.
2026-08-05,2026-08-05T15:40:32.372930+00:00,2026-08-05,DraftKings official lineup CSV,https://www.draftkings.com/lineup/getavailableplayerscsv?contestTypeId=9&draftGroupId=151691,151691,9,Selected largest-prize regular Classic MLB draft group after excluding Turbo/Night/qualifier/satellite/showdown/snake/single-stat slates.,3B/SS,Jose Caballero (43755652),Jose Caballero,43755652,3B/SS,3600,STL@NYY 08/05/2026 07:05PM ET,08/05/2026 07:05PM ET,NYY,STL,home,7,,,needs_review_new_player,identity_name_team_map,No reviewed normalized-name/team identity alias; do not auto-guess.
2026-08-05,2026-08-05T15:40:32.372930+00:00,2026-08-05,DraftKings official lineup CSV,https://www.draftkings.com/lineup/getavailableplayerscsv?contestTypeId=9&draftGroupId=151691,151691,9,Selected largest-prize regular Classic MLB draft group after excluding Turbo/Night/qualifier/satellite/showdown/snake/single-stat slates.,OF,Brenton Doyle (43755654),Brenton Doyle,43755654,OF,3600,CWS@BOS 08/05/2026 07:10PM ET,08/05/2026 07:10PM ET,CWS,BOS,away,4.7,686668,Brenton Doyle,needs_review_team_change,identity_name_unique_mlbam,Name maps to one reviewed MLBAM identity but not this DK team; review as team-change/new alias before trusting automation.
2026-08-05,2026-08-05T15:40:32.372930+00:00,2026-08-05,DraftKings official lineup CSV,https://www.draftkings.com/lineup/getavailableplayerscsv?contestTypeId=9&draftGroupId=151691,151691,9,Selected largest-prize regular Classic MLB draft group after excluding Turbo/Night/qualifier/satellite/showdown/snake/single-stat slates.,C,Luis Campusano (43755655),Luis Campusano,43755655,C,3500,SD@ARI 08/05/2026 09:40PM ET,08/05/2026 09:40PM ET,SD,ARI,away,6.3,669134,Luis Campusano,mapped,identity_name_team_map,Stable identity seed from old DK-ID map. Pilot join status: matched via normalized_name_team
2026-08-05,2026-08-05T15:40:32.372930+00:00,2026-08-05,DraftKings official lineup CSV,https://www.draftkings.com/lineup/getavailableplayerscsv?contestTypeId=9&draftGroupId=151691,151691,9,Selected largest-prize regular Classic MLB draft group after excluding Turbo/Night/qualifier/satellite/showdown/snake/single-stat slates.,OF,Jarren Duran (43755656),Jarren Duran,43755656,OF,3500,CWS@BOS 08/05/2026 07:10PM ET,08/05/2026 07:10PM ET,BOS,CWS,home,7.1,,,needs_review_new_player,identity_name_team_map,No reviewed normalized-name/team identity alias; do not auto-guess.
2026-08-05,2026-08-05T15:40:32.372930+00:00,2026-08-05,DraftKings official lineup CSV,https://www.draftkings.com/lineup/getavailableplayerscsv?contestTypeId=9&draftGroupId=151691,151691,9,Selected largest-prize regular Classic MLB draft group after excluding Turbo/Night/qualifier/satellite/showdown/snake/single-stat slates.,OF,Jakob Marsee (43755657),Jakob Marsee,43755657,OF,3500,MIA@ATL 08/05/2026 07:15PM ET,08/05/2026 07:15PM ET,MIA,ATL,away,6.3,805300,Jakob Marsee,mapped,identity_name_team_map,Proposed from review candidates; basis=exact normalized name + team; role-compatible; hr-distance-latest.json|statcast_batter_des_2026; confidence=high; sources=hr-distance-latest.json|statcast_batter_des_2026
2026-08-05,2026-08-05T15:40:32.372930+00:00,2026-08-05,DraftKings official lineup CSV,https://www.draftkings.com/lineup/getavailableplayerscsv?contestTypeId=9&draftGroupId=151691,151691,9,Selected largest-prize regular Classic MLB draft group after excluding Turbo/Night/qualifier/satellite/showdown/snake/single-stat slates.,SS,Cooper Pratt (43755658),Cooper Pratt,43755658,SS,3500,PIT@MIL 08/05/2026 07:40PM ET,08/05/2026 07:40PM ET,MIL,PIT,home,7.3,806198,Cooper Pratt,mapped,identity_name_team_map,Stable identity seed from old DK-ID map. Pilot join status: matched_people_search_name via mlb_people_search_normalized_name
2026-08-05,2026-08-05T15:40:32.372930+00:00,2026-08-05,DraftKings official lineup CSV,https://www.draftkings.com/lineup/getavailableplayerscsv?contestTypeId=9&draftGroupId=151691,151691,9,Selected largest-prize regular Classic MLB draft group after excluding Turbo/Night/qualifier/satellite/showdown/snake/single-stat slates.,OF,Lars Nootbaar (43755659),Lars Nootbaar,43755659,OF,3500,SD@ARI 08/05/2026 09:40PM ET,08/05/2026 09:40PM ET,ARI,SD,home,5.8,663457,Lars Nootbaar,needs_review_team_change,identity_name_unique_mlbam,Name maps to one reviewed MLBAM identity but not this DK team; review as team-change/new alias before trusting automation.
2026-08-05,2026-08-05T15:40:32.372930+00:00,2026-08-05,DraftKings official lineup CSV,https://www.draftkings.com/lineup/getavailableplayerscsv?contestTypeId=9&draftGroupId=151691,151691,9,Selected largest-prize regular Classic MLB draft group after excluding Turbo/Night/qualifier/satellite/showdown/snake/single-stat slates.,OF,Braden Montgomery (43755660),Braden Montgomery,43755660,OF,3500,CWS@BOS 08/05/2026 07:10PM ET,08/05/2026 07:10PM ET,CWS,BOS,away,6.5,695731,Braden Montgomery,mapped,identity_name_team_map,Resolved via MLB Stats API all-players list and Pipeline prospect board context; DK team CWS.
2026-08-05,2026-08-05T15:40:32.372930+00:00,2026-08-05,DraftKings official lineup CSV,https://www.draftkings.com/lineup/getavailableplayerscsv?contestTypeId=9&draftGroupId=151691,151691,9,Selected largest-prize regular Classic MLB draft group after excluding Turbo/Night/qualifier/satellite/showdown/snake/single-stat slates.,1B/2B,Ildemaro Vargas (43755661),Ildemaro Vargas,43755661,1B/2B,3500,SD@ARI 08/05/2026 09:40PM ET,08/05/2026 09:40PM ET,ARI,SD,home,6.1,,,needs_review_new_player,identity_name_team_map,No reviewed normalized-name/team identity alias; do not auto-guess.
2026-08-05,2026-08-05T15:40:32.372930+00:00,2026-08-05,DraftKings official lineup CSV,https://www.draftkings.com/lineup/getavailableplayerscsv?contestTypeId=9&draftGroupId=151691,151691,9,Selected largest-prize regular Classic MLB draft group after excluding Turbo/Night/qualifier/satellite/showdown/snake/single-stat slates.,OF,Jasson Dominguez (43755789),Jasson Dominguez,43755789,OF,3500,STL@NYY 08/05/2026 07:05PM ET,08/05/2026 07:05PM ET,NYY,STL,home,6.2,,,needs_review_new_player,identity_name_team_map,No reviewed normalized-name/team identity alias; do not auto-guess.
2026-08-05,2026-08-05T15:40:32.372930+00:00,2026-08-05,DraftKings official lineup CSV,https://www.draftkings.com/lineup/getavailableplayerscsv?contestTypeId=9&draftGroupId=151691,151691,9,Selected largest-prize regular Classic MLB draft group after excluding Turbo/Night/qualifier/satellite/showdown/snake/single-stat slates.,SS,Trevor Story (43755790),Trevor Story,43755790,SS,3500,CWS@BOS 08/05/2026 07:10PM ET,08/05/2026 07:10PM ET,BOS,CWS,home,6,,,needs_review_new_player,identity_name_team_map,No reviewed normalized-name/team identity alias; do not auto-guess.
2026-08-05,2026-08-05T15:40:32.372930+00:00,2026-08-05,DraftKings official lineup CSV,https://www.draftkings.com/lineup/getavailableplayerscsv?contestTypeId=9&draftGroupId=151691,151691,9,Selected largest-prize regular Classic MLB draft group after excluding Turbo/Night/qualifier/satellite/showdown/snake/single-stat slates.,OF,Kerry Carpenter (43755791),Kerry Carpenter,43755791,OF,3500,DET@SEA 08/05/2026 09:40PM ET,08/05/2026 09:40PM ET,DET,SEA,away,5.3,681481,Kerry Carpenter,mapped,identity_name_team_map,Proposed from review candidates; basis=exact normalized name + team; role-compatible; statcast_batter_des_2026; confidence=high; sources=statcast_batter_des_2026
2026-08-05,2026-08-05T15:40:32.372930+00:00,2026-08-05,DraftKings official lineup CSV,https://www.draftkings.com/lineup/getavailableplayerscsv?contestTypeId=9&draftGroupId=151691,151691,9,Selected largest-prize regular Classic MLB draft group after excluding Turbo/Night/qualifier/satellite/showdown/snake/single-stat slates.,SS,Tyler Tolbert (43755663),Tyler Tolbert,43755663,SS,3400,MIN@KC 08/05/2026 07:40PM ET,08/05/2026 07:40PM ET,KC,MIN,home,5.1,686475,Tyler Tolbert,mapped,identity_name_team_map,Stable identity seed from old DK-ID map. Pilot join status: matched via normalized_name_team
2026-08-05,2026-08-05T15:40:32.372930+00:00,2026-08-05,DraftKings official lineup CSV,https://www.draftkings.com/lineup/getavailableplayerscsv?contestTypeId=9&draftGroupId=151691,151691,9,Selected largest-prize regular Classic MLB draft group after excluding Turbo/Night/qualifier/satellite/showdown/snake/single-stat slates.,3B,Caleb Durbin (43755664),Caleb Durbin,43755664,3B,3400,CWS@BOS 08/05/2026 07:10PM ET,08/05/2026 07:10PM ET,BOS,CWS,home,6.9,,,needs_review_new_player,identity_name_team_map,No reviewed normalized-name/team identity alias; do not auto-guess.
2026-08-05,2026-08-05T15:40:32.372930+00:00,2026-08-05,DraftKings official lineup CSV,https://www.draftkings.com/lineup/getavailableplayerscsv?contestTypeId=9&draftGroupId=151691,151691,9,Selected largest-prize regular Classic MLB draft group after excluding Turbo/Night/qualifier/satellite/showdown/snake/single-stat slates.,OF,Luis Lara (43755665),Luis Lara,43755665,OF,3400,PIT@MIL 08/05/2026 07:40PM ET,08/05/2026 07:40PM ET,MIL,PIT,home,6.2,,,needs_review_new_player,identity_name_team_map,No reviewed normalized-name/team identity alias; do not auto-guess.
2026-08-05,2026-08-05T15:40:32.372930+00:00,2026-08-05,DraftKings official lineup CSV,https://www.draftkings.com/lineup/getavailableplayerscsv?contestTypeId=9&draftGroupId=151691,151691,9,Selected largest-prize regular Classic MLB draft group after excluding Turbo/Night/qualifier/satellite/showdown/snake/single-stat slates.,3B,Javier Sanoja (43755666),Javier Sanoja,43755666,3B,3400,MIA@ATL 08/05/2026 07:15PM ET,08/05/2026 07:15PM ET,MIA,ATL,away,5.2,691594,Javier Sanoja,mapped,identity_name_team_map,Proposed from review candidates; basis=exact normalized name + team; role-compatible; hr-distance-latest.json|statcast_batter_des_2026; confidence=high; sources=hr-distance-latest.json|statcast_batter_des_2026
2026-08-05,2026-08-05T15:40:32.372930+00:00,2026-08-05,DraftKings official lineup CSV,https://www.draftkings.com/lineup/getavailableplayerscsv?contestTypeId=9&draftGroupId=151691,151691,9,Selected largest-prize regular Classic MLB draft group after excluding Turbo/Night/qualifier/satellite/showdown/snake/single-stat slates.,1B,Josh Naylor (43755667),Josh Naylor,43755667,1B,3400,DET@SEA 08/05/2026 09:40PM ET,08/05/2026 09:40PM ET,SEA,DET,home,7.2,,,needs_review_new_player,identity_name_team_map,No reviewed normalized-name/team identity alias; do not auto-guess.
2026-08-05,2026-08-05T15:40:32.372930+00:00,2026-08-05,DraftKings official lineup CSV,https://www.draftkings.com/lineup/getavailableplayerscsv?contestTypeId=9&draftGroupId=151691,151691,9,Selected largest-prize regular Classic MLB draft group after excluding Turbo/Night/qualifier/satellite/showdown/snake/single-stat slates.,3B,Brendan Donovan (43755792),Brendan Donovan,43755792,3B,3400,DET@SEA 08/05/2026 09:40PM ET,08/05/2026 09:40PM ET,SEA,DET,home,6.7,,,needs_review_new_player,identity_name_team_map,No reviewed normalized-name/team identity alias; do not auto-guess.
2026-08-05,2026-08-05T15:40:32.372930+00:00,2026-08-05,DraftKings official lineup CSV,https://www.draftkings.com/lineup/getavailableplayerscsv?contestTypeId=9&draftGroupId=151691,151691,9,Selected largest-prize regular Classic MLB draft group after excluding Turbo/Night/qualifier/satellite/showdown/snake/single-stat slates.,2B/3B,Hao-Yu Lee (43755668),Hao-Yu Lee,43755668,2B/3B,3300,DET@SEA 08/05/2026 09:40PM ET,08/05/2026 09:40PM ET,DET,SEA,away,4.7,701678,Hao-Yu Lee,mapped,identity_name_team_map,Proposed from review candidates; basis=exact normalized name + team; role-compatible; statcast_batter_des_2026; confidence=high; sources=statcast_batter_des_2026
2026-08-05,2026-08-05T15:40:32.372930+00:00,2026-08-05,DraftKings official lineup CSV,https://www.draftkings.com/lineup/getavailableplayerscsv?contestTypeId=9&draftGroupId=151691,151691,9,Selected largest-prize regular Classic MLB draft group after excluding Turbo/Night/qualifier/satellite/showdown/snake/single-stat slates.,SS,Andruw Monasterio (43755670),Andruw Monasterio,43755670,SS,3300,CWS@BOS 08/05/2026 07:10PM ET,08/05/2026 07:10PM ET,BOS,CWS,home,5.5,,,needs_review_new_player,identity_name_team_map,No reviewed normalized-name/team identity alias; do not auto-guess.
2026-08-05,2026-08-05T15:40:32.372930+00:00,2026-08-05,DraftKings official lineup CSV,https://www.draftkings.com/lineup/getavailableplayerscsv?contestTypeId=9&draftGroupId=151691,151691,9,Selected largest-prize regular Classic MLB draft group after excluding Turbo/Night/qualifier/satellite/showdown/snake/single-stat slates.,OF,Max Kepler (43755671),Max Kepler,43755671,OF,3300,SD@ARI 08/05/2026 09:40PM ET,08/05/2026 09:40PM ET,ARI,SD,home,5.3,,,needs_review_new_player,identity_name_team_map,No reviewed normalized-name/team identity alias; do not auto-guess.
2026-08-05,2026-08-05T15:40:32.372930+00:00,2026-08-05,DraftKings official lineup CSV,https://www.draftkings.com/lineup/getavailableplayerscsv?contestTypeId=9&draftGroupId=151691,151691,9,Selected largest-prize regular Classic MLB draft group after excluding Turbo/Night/qualifier/satellite/showdown/snake/single-stat slates.,OF,Spencer Jones (43755672),Spencer Jones,43755672,OF,3300,STL@NYY 08/05/2026 07:05PM ET,08/05/2026 07:05PM ET,NYY,STL,home,4.8,,,needs_review_new_player,identity_name_team_map,No reviewed normalized-name/team identity alias; do not auto-guess.
2026-08-05,2026-08-05T15:40:32.372930+00:00,2026-08-05,DraftKings official lineup CSV,https://www.draftkings.com/lineup/getavailableplayerscsv?contestTypeId=9&draftGroupId=151691,151691,9,Selected largest-prize regular Classic MLB draft group after excluding Turbo/Night/qualifier/satellite/showdown/snake/single-stat slates.,1B/OF,Dominic Smith (43755673),Dominic Smith,43755673,1B/OF,3300,MIA@ATL 08/05/2026 07:15PM ET,08/05/2026 07:15PM ET,ATL,MIA,home,5.2,642086,Dominic Smith,mapped,identity_name_team_map,Stable identity seed from old DK-ID map. Pilot join status: matched via normalized_name_team
2026-08-05,2026-08-05T15:40:32.372930+00:00,2026-08-05,DraftKings official lineup CSV,https://www.draftkings.com/lineup/getavailableplayerscsv?contestTypeId=9&draftGroupId=151691,151691,9,Selected largest-prize regular Classic MLB draft group after excluding Turbo/Night/qualifier/satellite/showdown/snake/single-stat slates.,OF,Luke Keaschall (43755675),Luke Keaschall,43755675,OF,3300,MIN@KC 08/05/2026 07:40PM ET,08/05/2026 07:40PM ET,MIN,KC,away,6.6,807712,Luke Keaschall,mapped,identity_name_team_map,Proposed from review candidates; basis=exact normalized name + team; role-compatible; hr-distance-latest.json|statcast_batter_des_2026; confidence=high; sources=hr-distance-latest.json|statcast_batter_des_2026
2026-08-05,2026-08-05T15:40:32.372930+00:00,2026-08-05,DraftKings official lineup CSV,https://www.draftkings.com/lineup/getavailableplayerscsv?contestTypeId=9&draftGroupId=151691,151691,9,Selected largest-prize regular Classic MLB draft group after excluding Turbo/Night/qualifier/satellite/showdown/snake/single-stat slates.,1B/2B,Romy Gonzalez (43755676),Romy Gonzalez,43755676,1B/2B,3300,CWS@BOS 08/05/2026 07:10PM ET,08/05/2026 07:10PM ET,BOS,CWS,home,5.3,,,needs_review_new_player,identity_name_team_map,No reviewed normalized-name/team identity alias; do not auto-guess.
2026-08-05,2026-08-05T15:40:32.372930+00:00,2026-08-05,DraftKings official lineup CSV,https://www.draftkings.com/lineup/getavailableplayerscsv?contestTypeId=9&draftGroupId=151691,151691,9,Selected largest-prize regular Classic MLB draft group after excluding Turbo/Night/qualifier/satellite/showdown/snake/single-stat slates.,1B/C,Salvador Perez (43755678),Salvador Perez,43755678,C/1B,3300,MIN@KC 08/05/2026 07:40PM ET,08/05/2026 07:40PM ET,KC,MIN,home,6.1,521692,Salvador Perez,mapped,identity_name_team_map,Stable identity seed from old DK-ID map. Pilot join status: matched via normalized_name_team
2026-08-05,2026-08-05T15:40:32.372930+00:00,2026-08-05,DraftKings official lineup CSV,https://www.draftkings.com/lineup/getavailableplayerscsv?contestTypeId=9&draftGroupId=151691,151691,9,Selected largest-prize regular Classic MLB draft group after excluding Turbo/Night/qualifier/satellite/showdown/snake/single-stat slates.,1B/3B,Jose Fernandez (43755793),Jose Fernandez,43755793,1B/3B,3300,SD@ARI 08/05/2026 09:40PM ET,08/05/2026 09:40PM ET,ARI,SD,home,5.2,,,needs_review_new_player,identity_name_team_map,No reviewed normalized-name/team identity alias; do not auto-guess.
2026-08-05,2026-08-05T15:40:32.372930+00:00,2026-08-05,DraftKings official lineup CSV,https://www.draftkings.com/lineup/getavailableplayerscsv?contestTypeId=9&draftGroupId=151691,151691,9,Selected largest-prize regular Classic MLB draft group after excluding Turbo/Night/qualifier/satellite/showdown/snake/single-stat slates.,SS,Masyn Winn (43755680),Masyn Winn,43755680,SS,3200,STL@NYY 08/05/2026 07:05PM ET,08/05/2026 07:05PM ET,STL,NYY,away,6.1,691026,Masyn Winn,mapped,identity_name_team_map,Stable identity seed from old DK-ID map. Pilot join status: matched via normalized_name_team
2026-08-05,2026-08-05T15:40:32.372930+00:00,2026-08-05,DraftKings official lineup CSV,https://www.draftkings.com/lineup/getavailableplayerscsv?contestTypeId=9&draftGroupId=151691,151691,9,Selected largest-prize regular Classic MLB draft group after excluding Turbo/Night/qualifier/satellite/showdown/snake/single-stat slates.,OF,Griffin Conine (43755681),Griffin Conine,43755681,OF,3200,MIA@ATL 08/05/2026 07:15PM ET,08/05/2026 07:15PM ET,MIA,ATL,away,6.6,665052,Griffin Conine,mapped,identity_name_team_map,Proposed from review candidates; basis=exact normalized name + team; role-compatible; statcast_batter_des_2026; confidence=high; sources=statcast_batter_des_2026
2026-08-05,2026-08-05T15:40:32.372930+00:00,2026-08-05,DraftKings official lineup CSV,https://www.draftkings.com/lineup/getavailableplayerscsv?contestTypeId=9&draftGroupId=151691,151691,9,Selected largest-prize regular Classic MLB draft group after excluding Turbo/Night/qualifier/satellite/showdown/snake/single-stat slates.,3B,David Hamilton (43755682),David Hamilton,43755682,3B,3200,PIT@MIL 08/05/2026 07:40PM ET,08/05/2026 07:40PM ET,MIL,PIT,home,5.5,666152,David Hamilton,mapped,identity_name_team_map,Stable identity seed from old DK-ID map. Pilot join status: matched via normalized_name_team
2026-08-05,2026-08-05T15:40:32.372930+00:00,2026-08-05,DraftKings official lineup CSV,https://www.draftkings.com/lineup/getavailableplayerscsv?contestTypeId=9&draftGroupId=151691,151691,9,Selected largest-prize regular Classic MLB draft group after excluding Turbo/Night/qualifier/satellite/showdown/snake/single-stat slates.,OF,Gavin Sheets (43755683),Gavin Sheets,43755683,OF,3200,SD@ARI 08/05/2026 09:40PM ET,08/05/2026 09:40PM ET,SD,ARI,away,5.9,657757,Gavin Sheets,mapped,identity_name_team_map,Stable identity seed from old DK-ID map. Pilot join status: matched via normalized_name_team
2026-08-05,2026-08-05T15:40:32.372930+00:00,2026-08-05,DraftKings official lineup CSV,https://www.draftkings.com/lineup/getavailableplayerscsv?contestTypeId=9&draftGroupId=151691,151691,9,Selected largest-prize regular Classic MLB draft group after excluding Turbo/Night/qualifier/satellite/showdown/snake/single-stat slates.,OF,Randal Grichuk (43755684),Randal Grichuk,43755684,OF,3200,CWS@BOS 08/05/2026 07:10PM ET,08/05/2026 07:10PM ET,CWS,BOS,away,4.4,545341,Randal Grichuk,mapped,identity_name_team_map,Stable identity seed from old DK-ID map. Pilot join status: matched via normalized_name_team
2026-08-05,2026-08-05T15:40:32.372930+00:00,2026-08-05,DraftKings official lineup CSV,https://www.draftkings.com/lineup/getavailableplayerscsv?contestTypeId=9&draftGroupId=151691,151691,9,Selected largest-prize regular Classic MLB draft group after excluding Turbo/Night/qualifier/satellite/showdown/snake/single-stat slates.,3B,Colt Keith (43755685),Colt Keith,43755685,3B,3200,DET@SEA 08/05/2026 09:40PM ET,08/05/2026 09:40PM ET,DET,SEA,away,5.4,690993,Colt Keith,mapped,identity_name_team_map,Proposed from review candidates; basis=exact normalized name + team; role-compatible; hr-distance-latest.json|statcast_batter_des_2026; confidence=high; sources=hr-distance-latest.json|statcast_batter_des_2026
2026-08-05,2026-08-05T15:40:32.372930+00:00,2026-08-05,DraftKings official lineup CSV,https://www.draftkings.com/lineup/getavailableplayerscsv?contestTypeId=9&draftGroupId=151691,151691,9,Selected largest-prize regular Classic MLB draft group after excluding Turbo/Night/qualifier/satellite/showdown/snake/single-stat slates.,2B,Anthony Seigler (43755686),Anthony Seigler,43755686,2B,3200,CWS@BOS 08/05/2026 07:10PM ET,08/05/2026 07:10PM ET,BOS,CWS,home,5.8,,,needs_review_new_player,identity_name_team_map,No reviewed normalized-name/team identity alias; do not auto-guess.
2026-08-05,2026-08-05T15:40:32.372930+00:00,2026-08-05,DraftKings official lineup CSV,https://www.draftkings.com/lineup/getavailableplayerscsv?contestTypeId=9&draftGroupId=151691,151691,9,Selected largest-prize regular Classic MLB draft group after excluding Turbo/Night/qualifier/satellite/showdown/snake/single-stat slates.,C,Mitch Garver (43755687),Mitch Garver,43755687,C,3200,DET@SEA 08/05/2026 09:40PM ET,08/05/2026 09:40PM ET,SEA,DET,home,4.3,,,needs_review_new_player,identity_name_team_map,No reviewed normalized-name/team identity alias; do not auto-guess.
2026-08-05,2026-08-05T15:40:32.372930+00:00,2026-08-05,DraftKings official lineup CSV,https://www.draftkings.com/lineup/getavailableplayerscsv?contestTypeId=9&draftGroupId=151691,151691,9,Selected largest-prize regular Classic MLB draft group after excluding Turbo/Night/qualifier/satellite/showdown/snake/single-stat slates.,OF,Samad Taylor (43755795),Samad Taylor,43755795,OF,3200,SD@ARI 08/05/2026 09:40PM ET,08/05/2026 09:40PM ET,SD,ARI,away,7.9,669392,Samad Taylor,mapped,identity_name_team_map,Stable identity seed from old DK-ID map. Pilot join status: matched via normalized_name_team
2026-08-05,2026-08-05T15:40:32.372930+00:00,2026-08-05,DraftKings official lineup CSV,https://www.draftkings.com/lineup/getavailableplayerscsv?contestTypeId=9&draftGroupId=151691,151691,9,Selected largest-prize regular Classic MLB draft group after excluding Turbo/Night/qualifier/satellite/showdown/snake/single-stat slates.,1B/OF,Tyler Callihan (43755796),Tyler Callihan,43755796,1B/OF,3200,PIT@MIL 08/05/2026 07:40PM ET,08/05/2026 07:40PM ET,PIT,MIL,away,4.5,,,needs_review_new_player,identity_name_team_map,No reviewed normalized-name/team identity alias; do not auto-guess.
2026-08-05,2026-08-05T15:40:32.372930+00:00,2026-08-05,DraftKings official lineup CSV,https://www.draftkings.com/lineup/getavailableplayerscsv?contestTypeId=9&draftGroupId=151691,151691,9,Selected largest-prize regular Classic MLB draft group after excluding Turbo/Night/qualifier/satellite/showdown/snake/single-stat slates.,2B/3B,Paul DeJong (43755798),Paul DeJong,43755798,2B/3B,3200,DET@SEA 08/05/2026 09:40PM ET,08/05/2026 09:40PM ET,DET,SEA,away,0,,,needs_review_new_player,identity_name_team_map,No reviewed normalized-name/team identity alias; do not auto-guess.
2026-08-05,2026-08-05T15:40:32.372930+00:00,2026-08-05,DraftKings official lineup CSV,https://www.draftkings.com/lineup/getavailableplayerscsv?contestTypeId=9&draftGroupId=151691,151691,9,Selected largest-prize regular Classic MLB draft group after excluding Turbo/Night/qualifier/satellite/showdown/snake/single-stat slates.,C,Joey Bart (43755800),Joey Bart,43755800,C,3200,CWS@BOS 08/05/2026 07:10PM ET,08/05/2026 07:10PM ET,CWS,BOS,away,4.4,,,needs_review_new_player,identity_name_team_map,No reviewed normalized-name/team identity alias; do not auto-guess.
2026-08-05,2026-08-05T15:40:32.372930+00:00,2026-08-05,DraftKings official lineup CSV,https://www.draftkings.com/lineup/getavailableplayerscsv?contestTypeId=9&draftGroupId=151691,151691,9,Selected largest-prize regular Classic MLB draft group after excluding Turbo/Night/qualifier/satellite/showdown/snake/single-stat slates.,SS,Ryan Kreidler (43755688),Ryan Kreidler,43755688,SS,3100,MIN@KC 08/05/2026 07:40PM ET,08/05/2026 07:40PM ET,MIN,KC,away,4.9,668952,Ryan Kreidler,mapped,identity_name_team_map,Proposed from review candidates; basis=exact normalized name + team; role-compatible; statcast_batter_des_2026; confidence=high; sources=statcast_batter_des_2026
2026-08-05,2026-08-05T15:40:32.372930+00:00,2026-08-05,DraftKings official lineup CSV,https://www.draftkings.com/lineup/getavailableplayerscsv?contestTypeId=9&draftGroupId=151691,151691,9,Selected largest-prize regular Classic MLB draft group after excluding Turbo/Night/qualifier/satellite/showdown/snake/single-stat slates.,OF,Owen Caissie (43755689),Owen Caissie,43755689,OF,3100,MIA@ATL 08/05/2026 07:15PM ET,08/05/2026 07:15PM ET,MIA,ATL,away,5.9,683357,Owen Caissie,mapped,identity_name_team_map,Proposed from review candidates; basis=exact normalized name + team; role-compatible; statcast_batter_des_2026; confidence=high; sources=statcast_batter_des_2026
2026-08-05,2026-08-05T15:40:32.372930+00:00,2026-08-05,DraftKings official lineup CSV,https://www.draftkings.com/lineup/getavailableplayerscsv?contestTypeId=9&draftGroupId=151691,151691,9,Selected largest-prize regular Classic MLB draft group after excluding Turbo/Night/qualifier/satellite/showdown/snake/single-stat slates.,OF,Marcell Ozuna (43755690),Marcell Ozuna,43755690,OF,3100,PIT@MIL 08/05/2026 07:40PM ET,08/05/2026 07:40PM ET,PIT,MIL,away,5.5,,,needs_review_new_player,identity_name_team_map,No reviewed normalized-name/team identity alias; do not auto-guess.
2026-08-05,2026-08-05T15:40:32.372930+00:00,2026-08-05,DraftKings official lineup CSV,https://www.draftkings.com/lineup/getavailableplayerscsv?contestTypeId=9&draftGroupId=151691,151691,9,Selected largest-prize regular Classic MLB draft group after excluding Turbo/Night/qualifier/satellite/showdown/snake/single-stat slates.,3B/OF,Jose Fermin (43755691),Jose Fermin,43755691,3B/OF,3100,STL@NYY 08/05/2026 07:05PM ET,08/05/2026 07:05PM ET,STL,NYY,away,4.5,665877,José Fermín,mapped,identity_name_team_map,Stable identity seed from old DK-ID map. Pilot join status: matched via normalized_name_team
2026-08-05,2026-08-05T15:40:32.372930+00:00,2026-08-05,DraftKings official lineup CSV,https://www.draftkings.com/lineup/getavailableplayerscsv?contestTypeId=9&draftGroupId=151691,151691,9,Selected largest-prize regular Classic MLB draft group after excluding Turbo/Night/qualifier/satellite/showdown/snake/single-stat slates.,1B/OF,Tim Tawa (43755693),Tim Tawa,43755693,1B/OF,3100,SD@ARI 08/05/2026 09:40PM ET,08/05/2026 09:40PM ET,ARI,SD,home,4.6,,,needs_review_new_player,identity_name_team_map,No reviewed normalized-name/team identity alias; do not auto-guess.
2026-08-05,2026-08-05T15:40:32.372930+00:00,2026-08-05,DraftKings official lineup CSV,https://www.draftkings.com/lineup/getavailableplayerscsv?contestTypeId=9&draftGroupId=151691,151691,9,Selected largest-prize regular Classic MLB draft group after excluding Turbo/Night/qualifier/satellite/showdown/snake/single-stat slates.,OF,Brandon Lockridge (43755695),Brandon Lockridge,43755695,OF,3100,PIT@MIL 08/05/2026 07:40PM ET,08/05/2026 07:40PM ET,MIL,PIT,home,5.9,663604,Brandon Lockridge,mapped,identity_name_team_map,Stable identity seed from old DK-ID map. Pilot join status: matched via normalized_name_team
2026-08-05,2026-08-05T15:40:32.372930+00:00,2026-08-05,DraftKings official lineup CSV,https://www.draftkings.com/lineup/getavailableplayerscsv?contestTypeId=9&draftGroupId=151691,151691,9,Selected largest-prize regular Classic MLB draft group after excluding Turbo/Night/qualifier/satellite/showdown/snake/single-stat slates.,OF,Andrew Benintendi (43755696),Andrew Benintendi,43755696,OF,3100,CWS@BOS 08/05/2026 07:10PM ET,08/05/2026 07:10PM ET,CWS,BOS,away,6.2,643217,Andrew Benintendi,mapped,identity_name_team_map,Stable identity seed from old DK-ID map. Pilot join status: matched via normalized_name_team
2026-08-05,2026-08-05T15:40:32.372930+00:00,2026-08-05,DraftKings official lineup CSV,https://www.draftkings.com/lineup/getavailableplayerscsv?contestTypeId=9&draftGroupId=151691,151691,9,Selected largest-prize regular Classic MLB draft group after excluding Turbo/Night/qualifier/satellite/showdown/snake/single-stat slates.,OF,Max Clark (43755697),Max Clark,43755697,OF,3100,DET@SEA 08/05/2026 09:40PM ET,08/05/2026 09:40PM ET,DET,SEA,away,12.8,,,needs_review_new_player,identity_name_team_map,No reviewed normalized-name/team identity alias; do not auto-guess.
2026-08-05,2026-08-05T15:40:32.372930+00:00,2026-08-05,DraftKings official lineup CSV,https://www.draftkings.com/lineup/getavailableplayerscsv?contestTypeId=9&draftGroupId=151691,151691,9,Selected largest-prize regular Classic MLB draft group after excluding Turbo/Night/qualifier/satellite/showdown/snake/single-stat slates.,2B,Jake Cronenworth (43755698),Jake Cronenworth,43755698,2B,3100,SD@ARI 08/05/2026 09:40PM ET,08/05/2026 09:40PM ET,SD,ARI,away,5.3,630105,Jake Cronenworth,mapped,identity_name_team_map,Stable identity seed from old DK-ID map. Pilot join status: matched via normalized_name_team
2026-08-05,2026-08-05T15:40:32.372930+00:00,2026-08-05,DraftKings official lineup CSV,https://www.draftkings.com/lineup/getavailableplayerscsv?contestTypeId=9&draftGroupId=151691,151691,9,Selected largest-prize regular Classic MLB draft group after excluding Turbo/Night/qualifier/satellite/showdown/snake/single-stat slates.,2B,Jonathan India (43755801),Jonathan India,43755801,2B,3100,MIN@KC 08/05/2026 07:40PM ET,08/05/2026 07:40PM ET,KC,MIN,home,5.4,663697,Jonathan India,mapped,identity_name_team_map,Stable identity seed from old DK-ID map. Pilot join status: matched via normalized_name_team
2026-08-05,2026-08-05T15:40:32.372930+00:00,2026-08-05,DraftKings official lineup CSV,https://www.draftkings.com/lineup/getavailableplayerscsv?contestTypeId=9&draftGroupId=151691,151691,9,Selected largest-prize regular Classic MLB draft group after excluding Turbo/Night/qualifier/satellite/showdown/snake/single-stat slates.,C,Jhonny Pereda (43755802),Jhonny Pereda,43755802,C,3100,DET@SEA 08/05/2026 09:40PM ET,08/05/2026 09:40PM ET,SEA,DET,home,5.2,,,needs_review_new_player,identity_name_team_map,No reviewed normalized-name/team identity alias; do not auto-guess.
2026-08-05,2026-08-05T15:40:32.372930+00:00,2026-08-05,DraftKings official lineup CSV,https://www.draftkings.com/lineup/getavailableplayerscsv?contestTypeId=9&draftGroupId=151691,151691,9,Selected largest-prize regular Classic MLB draft group after excluding Turbo/Night/qualifier/satellite/showdown/snake/single-stat slates.,1B,Andrew Vaughn (43755699),Andrew Vaughn,43755699,1B,3000,PIT@MIL 08/05/2026 07:40PM ET,08/05/2026 07:40PM ET,MIL,PIT,home,6,683734,Andrew Vaughn,mapped,identity_name_team_map,Stable identity seed from old DK-ID map. Pilot join status: matched via normalized_name_team
2026-08-05,2026-08-05T15:40:32.372930+00:00,2026-08-05,DraftKings official lineup CSV,https://www.draftkings.com/lineup/getavailableplayerscsv?contestTypeId=9&draftGroupId=151691,151691,9,Selected largest-prize regular Classic MLB draft group after excluding Turbo/Night/qualifier/satellite/showdown/snake/single-stat slates.,2B/3B,Nick Loftin (43755700),Nick Loftin,43755700,2B/3B,3000,MIN@KC 08/05/2026 07:40PM ET,08/05/2026 07:40PM ET,KC,MIN,home,5.8,679845,Nick Loftin,mapped,identity_name_team_map,Stable identity seed from old DK-ID map. Pilot join status: matched via normalized_name_team
2026-08-05,2026-08-05T15:40:32.372930+00:00,2026-08-05,DraftKings official lineup CSV,https://www.draftkings.com/lineup/getavailableplayerscsv?contestTypeId=9&draftGroupId=151691,151691,9,Selected largest-prize regular Classic MLB draft group after excluding Turbo/Night/qualifier/satellite/showdown/snake/single-stat slates.,OF,Masataka Yoshida (43755702),Masataka Yoshida,43755702,OF,3000,CWS@BOS 08/05/2026 07:10PM ET,08/05/2026 07:10PM ET,BOS,CWS,home,5.4,,,needs_review_new_player,identity_name_team_map,No reviewed normalized-name/team identity alias; do not auto-guess.
2026-08-05,2026-08-05T15:40:32.372930+00:00,2026-08-05,DraftKings official lineup CSV,https://www.draftkings.com/lineup/getavailableplayerscsv?contestTypeId=9&draftGroupId=151691,151691,9,Selected largest-prize regular Classic MLB draft group after excluding Turbo/Night/qualifier/satellite/showdown/snake/single-stat slates.,OF,Mauricio Dubon (43755703),Mauricio Dubon,43755703,OF,3000,MIA@ATL 08/05/2026 07:15PM ET,08/05/2026 07:15PM ET,ATL,MIA,home,6.7,643289,Mauricio Dubón,mapped,identity_name_team_map,Stable identity seed from old DK-ID map. Pilot join status: matched via normalized_name_team
2026-08-05,2026-08-05T15:40:32.372930+00:00,2026-08-05,DraftKings official lineup CSV,https://www.draftkings.com/lineup/getavailableplayerscsv?contestTypeId=9&draftGroupId=151691,151691,9,Selected largest-prize regular Classic MLB draft group after excluding Turbo/Night/qualifier/satellite/showdown/snake/single-stat slates.,SS,Jacob Gonzalez (43755704),Jacob Gonzalez,43755704,SS,3000,PIT@MIL 08/05/2026 07:40PM ET,08/05/2026 07:40PM ET,PIT,MIL,away,5.3,694378,Jacob Gonzalez,needs_review_team_change,identity_name_unique_mlbam,Name maps to one reviewed MLBAM identity but not this DK team; review as team-change/new alias before trusting automation.
2026-08-05,2026-08-05T15:40:32.372930+00:00,2026-08-05,DraftKings official lineup CSV,https://www.draftkings.com/lineup/getavailableplayerscsv?contestTypeId=9&draftGroupId=151691,151691,9,Selected largest-prize regular Classic MLB draft group after excluding Turbo/Night/qualifier/satellite/showdown/snake/single-stat slates.,3B,Amed Rosario (43755705),Amed Rosario,43755705,3B,3000,STL@NYY 08/05/2026 07:05PM ET,08/05/2026 07:05PM ET,NYY,STL,home,5.1,,,needs_review_new_player,identity_name_team_map,No reviewed normalized-name/team identity alias; do not auto-guess.
2026-08-05,2026-08-05T15:40:32.372930+00:00,2026-08-05,DraftKings official lineup CSV,https://www.draftkings.com/lineup/getavailableplayerscsv?contestTypeId=9&draftGroupId=151691,151691,9,Selected largest-prize regular Classic MLB draft group after excluding Turbo/Night/qualifier/satellite/showdown/snake/single-stat slates.,OF/SS,Javier Baez (43755706),Javier Baez,43755706,SS/OF,3000,DET@SEA 08/05/2026 09:40PM ET,08/05/2026 09:40PM ET,DET,SEA,away,6.1,595879,Javier Báez,mapped,identity_name_team_map,Proposed from review candidates; basis=exact normalized name + team; role-compatible; statcast_batter_des_2026; confidence=high; sources=statcast_batter_des_2026
2026-08-05,2026-08-05T15:40:32.372930+00:00,2026-08-05,DraftKings official lineup CSV,https://www.draftkings.com/lineup/getavailableplayerscsv?contestTypeId=9&draftGroupId=151691,151691,9,Selected largest-prize regular Classic MLB draft group after excluding Turbo/Night/qualifier/satellite/showdown/snake/single-stat slates.,OF,Ryan Waldschmidt (43755708),Ryan Waldschmidt,43755708,OF,3000,SD@ARI 08/05/2026 09:40PM ET,08/05/2026 09:40PM ET,ARI,SD,home,6.1,,,needs_review_new_player,identity_name_team_map,No reviewed normalized-name/team identity alias; do not auto-guess.
2026-08-05,2026-08-05T15:40:32.372930+00:00,2026-08-05,DraftKings official lineup CSV,https://www.draftkings.com/lineup/getavailableplayerscsv?contestTypeId=9&draftGroupId=151691,151691,9,Selected largest-prize regular Classic MLB draft group after excluding Turbo/Night/qualifier/satellite/showdown/snake/single-stat slates.,OF,Nelson Velazquez (43755709),Nelson Velazquez,43755709,OF,3000,STL@NYY 08/05/2026 07:05PM ET,08/05/2026 07:05PM ET,STL,NYY,away,4.2,676369,Nelson Velázquez,mapped,identity_name_team_map,Stable identity seed from old DK-ID map. Pilot join status: matched via normalized_name_team
2026-08-05,2026-08-05T15:40:32.372930+00:00,2026-08-05,DraftKings official lineup CSV,https://www.draftkings.com/lineup/getavailableplayerscsv?contestTypeId=9&draftGroupId=151691,151691,9,Selected largest-prize regular Classic MLB draft group after excluding Turbo/Night/qualifier/satellite/showdown/snake/single-stat slates.,OF,Austin Martin (43755710),Austin Martin,43755710,OF,3000,MIN@KC 08/05/2026 07:40PM ET,08/05/2026 07:40PM ET,MIN,KC,away,4.8,668885,Austin Martin,mapped,identity_name_team_map,Proposed from review candidates; basis=exact normalized name + team; role-compatible; hr-distance-latest.json|statcast_batter_des_2026; confidence=high; sources=hr-distance-latest.json|statcast_batter_des_2026
2026-08-05,2026-08-05T15:40:32.372930+00:00,2026-08-05,DraftKings official lineup CSV,https://www.draftkings.com/lineup/getavailableplayerscsv?contestTypeId=9&draftGroupId=151691,151691,9,Selected largest-prize regular Classic MLB draft group after excluding Turbo/Night/qualifier/satellite/showdown/snake/single-stat slates.,OF,Tristan Peters (43755711),Tristan Peters,43755711,OF,3000,CWS@BOS 08/05/2026 07:10PM ET,08/05/2026 07:10PM ET,CWS,BOS,away,5.4,671976,Tristan Peters,mapped,identity_name_team_map,Stable identity seed from old DK-ID map. Pilot join status: matched via normalized_name_team
2026-08-05,2026-08-05T15:40:32.372930+00:00,2026-08-05,DraftKings official lineup CSV,https://www.draftkings.com/lineup/getavailableplayerscsv?contestTypeId=9&draftGroupId=151691,151691,9,Selected largest-prize regular Classic MLB draft group after excluding Turbo/Night/qualifier/satellite/showdown/snake/single-stat slates.,C,Joe Mack (43755712),Joe Mack,43755712,C,3000,MIA@ATL 08/05/2026 07:15PM ET,08/05/2026 07:15PM ET,MIA,ATL,away,5.7,691788,Joe Mack,mapped,identity_name_team_map,Proposed from review candidates; basis=exact normalized name + team; role-compatible; statcast_batter_des_2026; confidence=high; sources=statcast_batter_des_2026
2026-08-05,2026-08-05T15:40:32.372930+00:00,2026-08-05,DraftKings official lineup CSV,https://www.draftkings.com/lineup/getavailableplayerscsv?contestTypeId=9&draftGroupId=151691,151691,9,Selected largest-prize regular Classic MLB draft group after excluding Turbo/Night/qualifier/satellite/showdown/snake/single-stat slates.,3B/SS,J.P. Crawford (43755803),J.P. Crawford,43755803,3B/SS,3000,DET@SEA 08/05/2026 09:40PM ET,08/05/2026 09:40PM ET,SEA,DET,home,6.2,,,needs_review_new_player,identity_name_team_map,No reviewed normalized-name/team identity alias; do not auto-guess.
2026-08-05,2026-08-05T15:40:32.372930+00:00,2026-08-05,DraftKings official lineup CSV,https://www.draftkings.com/lineup/getavailableplayerscsv?contestTypeId=9&draftGroupId=151691,151691,9,Selected largest-prize regular Classic MLB draft group after excluding Turbo/Night/qualifier/satellite/showdown/snake/single-stat slates.,C,Agustin Ramirez (43755805),Agustin Ramirez,43755805,C,3000,MIA@ATL 08/05/2026 07:15PM ET,08/05/2026 07:15PM ET,MIA,ATL,away,6.5,682663,Agustín Ramírez,mapped,identity_name_team_map,Proposed from review candidates; basis=exact normalized name + team; role-compatible; statcast_batter_des_2026; confidence=high; sources=statcast_batter_des_2026
2026-08-05,2026-08-05T15:40:32.372930+00:00,2026-08-05,DraftKings official lineup CSV,https://www.draftkings.com/lineup/getavailableplayerscsv?contestTypeId=9&draftGroupId=151691,151691,9,Selected largest-prize regular Classic MLB draft group after excluding Turbo/Night/qualifier/satellite/showdown/snake/single-stat slates.,OF,Jordan Lawlar (43755806),Jordan Lawlar,43755806,OF,3000,SD@ARI 08/05/2026 09:40PM ET,08/05/2026 09:40PM ET,ARI,SD,home,8.3,,,needs_review_new_player,identity_name_team_map,No reviewed normalized-name/team identity alias; do not auto-guess.
2026-08-05,2026-08-05T15:40:32.372930+00:00,2026-08-05,DraftKings official lineup CSV,https://www.draftkings.com/lineup/getavailableplayerscsv?contestTypeId=9&draftGroupId=151691,151691,9,Selected largest-prize regular Classic MLB draft group after excluding Turbo/Night/qualifier/satellite/showdown/snake/single-stat slates.,SS,Konnor Griffin (43755807),Konnor Griffin,43755807,SS,3000,PIT@MIL 08/05/2026 07:40PM ET,08/05/2026 07:40PM ET,PIT,MIL,away,8.7,,,needs_review_new_player,identity_name_team_map,No reviewed normalized-name/team identity alias; do not auto-guess.
2026-08-05,2026-08-05T15:40:32.372930+00:00,2026-08-05,DraftKings official lineup CSV,https://www.draftkings.com/lineup/getavailableplayerscsv?contestTypeId=9&draftGroupId=151691,151691,9,Selected largest-prize regular Classic MLB draft group after excluding Turbo/Night/qualifier/satellite/showdown/snake/single-stat slates.,OF,Wenceel Perez (43755808),Wenceel Perez,43755808,OF,3000,DET@SEA 08/05/2026 09:40PM ET,08/05/2026 09:40PM ET,DET,SEA,away,5.1,672761,Wenceel Pérez,mapped,identity_name_team_map,Proposed from review candidates; basis=exact normalized name + team; role-compatible; hr-distance-latest.json|statcast_batter_des_2026; confidence=high; sources=hr-distance-latest.json|statcast_batter_des_2026
2026-08-05,2026-08-05T15:40:32.372930+00:00,2026-08-05,DraftKings official lineup CSV,https://www.draftkings.com/lineup/getavailableplayerscsv?contestTypeId=9&draftGroupId=151691,151691,9,Selected largest-prize regular Classic MLB draft group after excluding Turbo/Night/qualifier/satellite/showdown/snake/single-stat slates.,OF,Matt Vierling (43755809),Matt Vierling,43755809,OF,3000,DET@SEA 08/05/2026 09:40PM ET,08/05/2026 09:40PM ET,DET,SEA,away,4.5,663837,Matt Vierling,mapped,identity_name_team_map,Proposed from review candidates; basis=exact normalized name + team; role-compatible; hr-distance-latest.json|statcast_batter_des_2026; confidence=high; sources=hr-distance-latest.json|statcast_batter_des_2026
2026-08-05,2026-08-05T15:40:32.372930+00:00,2026-08-05,DraftKings official lineup CSV,https://www.draftkings.com/lineup/getavailableplayerscsv?contestTypeId=9&draftGroupId=151691,151691,9,Selected largest-prize regular Classic MLB draft group after excluding Turbo/Night/qualifier/satellite/showdown/snake/single-stat slates.,3B/SS,Joey Ortiz (43755713),Joey Ortiz,43755713,3B/SS,2900,PIT@MIL 08/05/2026 07:40PM ET,08/05/2026 07:40PM ET,MIL,PIT,home,4.7,687401,Joey Ortiz,mapped,identity_name_team_map,Stable identity seed from old DK-ID map. Pilot join status: matched via normalized_name_team
2026-08-05,2026-08-05T15:40:32.372930+00:00,2026-08-05,DraftKings official lineup CSV,https://www.draftkings.com/lineup/getavailableplayerscsv?contestTypeId=9&draftGroupId=151691,151691,9,Selected largest-prize regular Classic MLB draft group after excluding Turbo/Night/qualifier/satellite/showdown/snake/single-stat slates.,C,Adrian Del Castillo (43755715),Adrian Del Castillo,43755715,C,2900,SD@ARI 08/05/2026 09:40PM ET,08/05/2026 09:40PM ET,ARI,SD,home,4.7,,,needs_review_new_player,identity_name_team_map,No reviewed normalized-name/team identity alias; do not auto-guess.
2026-08-05,2026-08-05T15:40:32.372930+00:00,2026-08-05,DraftKings official lineup CSV,https://www.draftkings.com/lineup/getavailableplayerscsv?contestTypeId=9&draftGroupId=151691,151691,9,Selected largest-prize regular Classic MLB draft group after excluding Turbo/Night/qualifier/satellite/showdown/snake/single-stat slates.,OF,Nathan Church (43755716),Nathan Church,43755716,OF,2900,STL@NYY 08/05/2026 07:05PM ET,08/05/2026 07:05PM ET,STL,NYY,away,5.3,701675,Nathan Church,mapped,identity_name_team_map,Stable identity seed from old DK-ID map. Pilot join status: matched via normalized_name_team
2026-08-05,2026-08-05T15:40:32.372930+00:00,2026-08-05,DraftKings official lineup CSV,https://www.draftkings.com/lineup/getavailableplayerscsv?contestTypeId=9&draftGroupId=151691,151691,9,Selected largest-prize regular Classic MLB draft group after excluding Turbo/Night/qualifier/satellite/showdown/snake/single-stat slates.,SS,Anthony Volpe (43755810),Anthony Volpe,43755810,SS,2900,STL@NYY 08/05/2026 07:05PM ET,08/05/2026 07:05PM ET,NYY,STL,home,5.5,,,needs_review_new_player,identity_name_team_map,No reviewed normalized-name/team identity alias; do not auto-guess.
2026-08-05,2026-08-05T15:40:32.372930+00:00,2026-08-05,DraftKings official lineup CSV,https://www.draftkings.com/lineup/getavailableplayerscsv?contestTypeId=9&draftGroupId=151691,151691,9,Selected largest-prize regular Classic MLB draft group after excluding Turbo/Night/qualifier/satellite/showdown/snake/single-stat slates.,3B,Nolan Gorman (43755811),Nolan Gorman,43755811,3B,2900,STL@NYY 08/05/2026 07:05PM ET,08/05/2026 07:05PM ET,STL,NYY,away,5.1,669357,Nolan Gorman,mapped,identity_name_team_map,Stable identity seed from old DK-ID map. Pilot join status: matched via normalized_name_team
2026-08-05,2026-08-05T15:40:32.372930+00:00,2026-08-05,DraftKings official lineup CSV,https://www.draftkings.com/lineup/getavailableplayerscsv?contestTypeId=9&draftGroupId=151691,151691,9,Selected largest-prize regular Classic MLB draft group after excluding Turbo/Night/qualifier/satellite/showdown/snake/single-stat slates.,OF,Lourdes Gurriel Jr. (43755812),Lourdes Gurriel Jr.,43755812,OF,2900,SD@ARI 08/05/2026 09:40PM ET,08/05/2026 09:40PM ET,ARI,SD,home,5,,,needs_review_new_player,identity_name_team_map,No reviewed normalized-name/team identity alias; do not auto-guess.
2026-08-05,2026-08-05T15:40:32.372930+00:00,2026-08-05,DraftKings official lineup CSV,https://www.draftkings.com/lineup/getavailableplayerscsv?contestTypeId=9&draftGroupId=151691,151691,9,Selected largest-prize regular Classic MLB draft group after excluding Turbo/Night/qualifier/satellite/showdown/snake/single-stat slates.,OF,Austin Hays (43755813),Austin Hays,43755813,OF,2900,CWS@BOS 08/05/2026 07:10PM ET,08/05/2026 07:10PM ET,CWS,BOS,away,5.1,669720,Austin Hays,mapped,identity_name_team_map,Stable identity seed from old DK-ID map. Pilot join status: matched via normalized_name_team
2026-08-05,2026-08-05T15:40:32.372930+00:00,2026-08-05,DraftKings official lineup CSV,https://www.draftkings.com/lineup/getavailableplayerscsv?contestTypeId=9&draftGroupId=151691,151691,9,Selected largest-prize regular Classic MLB draft group after excluding Turbo/Night/qualifier/satellite/showdown/snake/single-stat slates.,3B/SS,Sung-Mun Song (43755717),Sung-Mun Song,43755717,3B/SS,2800,SD@ARI 08/05/2026 09:40PM ET,08/05/2026 09:40PM ET,SD,ARI,away,4.3,823550,Sung-Mun Song,mapped,identity_name_team_map,Stable identity seed from old DK-ID map. Pilot join status: matched via normalized_name_team
2026-08-05,2026-08-05T15:40:32.372930+00:00,2026-08-05,DraftKings official lineup CSV,https://www.draftkings.com/lineup/getavailableplayerscsv?contestTypeId=9&draftGroupId=151691,151691,9,Selected largest-prize regular Classic MLB draft group after excluding Turbo/Night/qualifier/satellite/showdown/snake/single-stat slates.,OF,Isaac Collins (43755719),Isaac Collins,43755719,OF,2800,MIN@KC 08/05/2026 07:40PM ET,08/05/2026 07:40PM ET,KC,MIN,home,5.9,686555,Isaac Collins,mapped,identity_name_team_map,Stable identity seed from old DK-ID map. Pilot join status: matched via normalized_name_team
2026-08-05,2026-08-05T15:40:32.372930+00:00,2026-08-05,DraftKings official lineup CSV,https://www.draftkings.com/lineup/getavailableplayerscsv?contestTypeId=9&draftGroupId=151691,151691,9,Selected largest-prize regular Classic MLB draft group after excluding Turbo/Night/qualifier/satellite/showdown/snake/single-stat slates.,C,Sean Murphy (43755720),Sean Murphy,43755720,C,2800,MIA@ATL 08/05/2026 07:15PM ET,08/05/2026 07:15PM ET,ATL,MIA,home,1.3,669221,Sean Murphy,mapped,identity_name_team_map,Stable identity seed from old DK-ID map. Pilot join status: matched via normalized_name_team
2026-08-05,2026-08-05T15:40:32.372930+00:00,2026-08-05,DraftKings official lineup CSV,https://www.draftkings.com/lineup/getavailableplayerscsv?contestTypeId=9&draftGroupId=151691,151691,9,Selected largest-prize regular Classic MLB draft group after excluding Turbo/Night/qualifier/satellite/showdown/snake/single-stat slates.,OF,Bryan Torres (43755721),Bryan Torres,43755721,OF,2800,STL@NYY 08/05/2026 07:05PM ET,08/05/2026 07:05PM ET,STL,NYY,away,3.8,663494,Bryan Torres,mapped,identity_name_team_map,Stable identity seed from old DK-ID map. Pilot join status: matched via normalized_name_team
2026-08-05,2026-08-05T15:40:32.372930+00:00,2026-08-05,DraftKings official lineup CSV,https://www.draftkings.com/lineup/getavailableplayerscsv?contestTypeId=9&draftGroupId=151691,151691,9,Selected largest-prize regular Classic MLB draft group after excluding Turbo/Night/qualifier/satellite/showdown/snake/single-stat slates.,1B/C,Rafael Flores Jr. (43755722),Rafael Flores Jr.,43755722,C/1B,2800,PIT@MIL 08/05/2026 07:40PM ET,08/05/2026 07:40PM ET,PIT,MIL,away,4.1,,,needs_review_new_player,identity_name_team_map,No reviewed normalized-name/team identity alias; do not auto-guess.
2026-08-05,2026-08-05T15:40:32.372930+00:00,2026-08-05,DraftKings official lineup CSV,https://www.draftkings.com/lineup/getavailableplayerscsv?contestTypeId=9&draftGroupId=151691,151691,9,Selected largest-prize regular Classic MLB draft group after excluding Turbo/Night/qualifier/satellite/showdown/snake/single-stat slates.,SS,Colt Emerson (43755724),Colt Emerson,43755724,SS,2800,DET@SEA 08/05/2026 09:40PM ET,08/05/2026 09:40PM ET,SEA,DET,home,5.3,,,needs_review_new_player,identity_name_team_map,No reviewed normalized-name/team identity alias; do not auto-guess.
2026-08-05,2026-08-05T15:40:32.372930+00:00,2026-08-05,DraftKings official lineup CSV,https://www.draftkings.com/lineup/getavailableplayerscsv?contestTypeId=9&draftGroupId=151691,151691,9,Selected largest-prize regular Classic MLB draft group after excluding Turbo/Night/qualifier/satellite/showdown/snake/single-stat slates.,3B/OF,Miguel Andujar (43755814),Miguel Andujar,43755814,3B/OF,2800,SD@ARI 08/05/2026 09:40PM ET,08/05/2026 09:40PM ET,SD,ARI,away,5.4,609280,Miguel Andujar,mapped,identity_name_team_map,Stable identity seed from old DK-ID map. Pilot join status: matched via normalized_name_team
2026-08-05,2026-08-05T15:40:32.372930+00:00,2026-08-05,DraftKings official lineup CSV,https://www.draftkings.com/lineup/getavailableplayerscsv?contestTypeId=9&draftGroupId=151691,151691,9,Selected largest-prize regular Classic MLB draft group after excluding Turbo/Night/qualifier/satellite/showdown/snake/single-stat slates.,3B,Ramon Urias (43755816),Ramon Urias,43755816,3B,2800,STL@NYY 08/05/2026 07:05PM ET,08/05/2026 07:05PM ET,STL,NYY,away,3.8,602104,Ramón Urías,mapped,identity_name_team_map,Stable identity seed from old DK-ID map. Pilot join status: matched via normalized_name_team
2026-08-05,2026-08-05T15:40:32.372930+00:00,2026-08-05,DraftKings official lineup CSV,https://www.draftkings.com/lineup/getavailableplayerscsv?contestTypeId=9&draftGroupId=151691,151691,9,Selected largest-prize regular Classic MLB draft group after excluding Turbo/Night/qualifier/satellite/showdown/snake/single-stat slates.,OF,Sal Frelick (43755817),Sal Frelick,43755817,OF,2800,PIT@MIL 08/05/2026 07:40PM ET,08/05/2026 07:40PM ET,MIL,PIT,home,5.2,686217,Sal Frelick,mapped,identity_name_team_map,Stable identity seed from old DK-ID map. Pilot join status: matched via normalized_name_team
2026-08-05,2026-08-05T15:40:32.372930+00:00,2026-08-05,DraftKings official lineup CSV,https://www.draftkings.com/lineup/getavailableplayerscsv?contestTypeId=9&draftGroupId=151691,151691,9,Selected largest-prize regular Classic MLB draft group after excluding Turbo/Night/qualifier/satellite/showdown/snake/single-stat slates.,OF/SS,Zach McKinstry (43755725),Zach McKinstry,43755725,SS/OF,2700,DET@SEA 08/05/2026 09:40PM ET,08/05/2026 09:40PM ET,DET,SEA,away,4.6,656716,Zach McKinstry,mapped,identity_name_team_map,Proposed from review candidates; basis=exact normalized name + team; role-compatible; statcast_batter_des_2026; confidence=high; sources=statcast_batter_des_2026
2026-08-05,2026-08-05T15:40:32.372930+00:00,2026-08-05,DraftKings official lineup CSV,https://www.draftkings.com/lineup/getavailableplayerscsv?contestTypeId=9&draftGroupId=151691,151691,9,Selected largest-prize regular Classic MLB draft group after excluding Turbo/Night/qualifier/satellite/showdown/snake/single-stat slates.,C,Freddy Fermin (43755727),Freddy Fermin,43755727,C,2700,SD@ARI 08/05/2026 09:40PM ET,08/05/2026 09:40PM ET,SD,ARI,away,3.5,666023,Freddy Fermin,mapped,identity_name_team_map,Stable identity seed from old DK-ID map. Pilot join status: matched via normalized_name_team
2026-08-05,2026-08-05T15:40:32.372930+00:00,2026-08-05,DraftKings official lineup CSV,https://www.draftkings.com/lineup/getavailableplayerscsv?contestTypeId=9&draftGroupId=151691,151691,9,Selected largest-prize regular Classic MLB draft group after excluding Turbo/Night/qualifier/satellite/showdown/snake/single-stat slates.,3B,Leo Jimenez (43755728),Leo Jimenez,43755728,3B,2700,MIA@ATL 08/05/2026 07:15PM ET,08/05/2026 07:15PM ET,MIA,ATL,away,3.8,677870,Leo Jiménez,mapped,identity_name_team_map,Proposed from review candidates; basis=exact normalized name + team; role-compatible; statcast_batter_des_2026; confidence=high; sources=statcast_batter_des_2026
2026-08-05,2026-08-05T15:40:32.372930+00:00,2026-08-05,DraftKings official lineup CSV,https://www.draftkings.com/lineup/getavailableplayerscsv?contestTypeId=9&draftGroupId=151691,151691,9,Selected largest-prize regular Classic MLB draft group after excluding Turbo/Night/qualifier/satellite/showdown/snake/single-stat slates.,1B,Tyler Locklear (43755729),Tyler Locklear,43755729,1B,2700,SD@ARI 08/05/2026 09:40PM ET,08/05/2026 09:40PM ET,ARI,SD,home,7.3,,,needs_review_new_player,identity_name_team_map,No reviewed normalized-name/team identity alias; do not auto-guess.
2026-08-05,2026-08-05T15:40:32.372930+00:00,2026-08-05,DraftKings official lineup CSV,https://www.draftkings.com/lineup/getavailableplayerscsv?contestTypeId=9&draftGroupId=151691,151691,9,Selected largest-prize regular Classic MLB draft group after excluding Turbo/Night/qualifier/satellite/showdown/snake/single-stat slates.,C,Henry Davis (43755730),Henry Davis,43755730,C,2700,PIT@MIL 08/05/2026 07:40PM ET,08/05/2026 07:40PM ET,PIT,MIL,away,4.7,,,needs_review_new_player,identity_name_team_map,No reviewed normalized-name/team identity alias; do not auto-guess.
2026-08-05,2026-08-05T15:40:32.372930+00:00,2026-08-05,DraftKings official lineup CSV,https://www.draftkings.com/lineup/getavailableplayerscsv?contestTypeId=9&draftGroupId=151691,151691,9,Selected largest-prize regular Classic MLB draft group after excluding Turbo/Night/qualifier/satellite/showdown/snake/single-stat slates.,OF,Nate Eaton (43755818),Nate Eaton,43755818,OF,2700,CWS@BOS 08/05/2026 07:10PM ET,08/05/2026 07:10PM ET,BOS,CWS,home,4.5,,,needs_review_new_player,identity_name_team_map,No reviewed normalized-name/team identity alias; do not auto-guess.
2026-08-05,2026-08-05T15:40:32.372930+00:00,2026-08-05,DraftKings official lineup CSV,https://www.draftkings.com/lineup/getavailableplayerscsv?contestTypeId=9&draftGroupId=151691,151691,9,Selected largest-prize regular Classic MLB draft group after excluding Turbo/Night/qualifier/satellite/showdown/snake/single-stat slates.,OF,Tommy Troy (43755819),Tommy Troy,43755819,OF,2700,SD@ARI 08/05/2026 09:40PM ET,08/05/2026 09:40PM ET,ARI,SD,home,5.5,,,needs_review_new_player,identity_name_team_map,No reviewed normalized-name/team identity alias; do not auto-guess.
2026-08-05,2026-08-05T15:40:32.372930+00:00,2026-08-05,DraftKings official lineup CSV,https://www.draftkings.com/lineup/getavailableplayerscsv?contestTypeId=9&draftGroupId=151691,151691,9,Selected largest-prize regular Classic MLB draft group after excluding Turbo/Night/qualifier/satellite/showdown/snake/single-stat slates.,OF,Tyler Black (43755820),Tyler Black,43755820,OF,2700,PIT@MIL 08/05/2026 07:40PM ET,08/05/2026 07:40PM ET,MIL,PIT,home,6.1,672012,Tyler Black,mapped,identity_name_team_map,Stable identity seed from old DK-ID map. Pilot join status: matched via normalized_name_team
2026-08-05,2026-08-05T15:40:32.372930+00:00,2026-08-05,DraftKings official lineup CSV,https://www.draftkings.com/lineup/getavailableplayerscsv?contestTypeId=9&draftGroupId=151691,151691,9,Selected largest-prize regular Classic MLB draft group after excluding Turbo/Night/qualifier/satellite/showdown/snake/single-stat slates.,OF,Robert Hassell III (43755821),Robert Hassell III,43755821,OF,2700,PIT@MIL 08/05/2026 07:40PM ET,08/05/2026 07:40PM ET,PIT,MIL,away,0,690987,Robert Hassell III,needs_review_team_change,identity_name_unique_mlbam,Name maps to one reviewed MLBAM identity but not this DK team; review as team-change/new alias before trusting automation.
2026-08-05,2026-08-05T15:40:32.372930+00:00,2026-08-05,DraftKings official lineup CSV,https://www.draftkings.com/lineup/getavailableplayerscsv?contestTypeId=9&draftGroupId=151691,151691,9,Selected largest-prize regular Classic MLB draft group after excluding Turbo/Night/qualifier/satellite/showdown/snake/single-stat slates.,OF,Parker Meadows (43755822),Parker Meadows,43755822,OF,2700,DET@SEA 08/05/2026 09:40PM ET,08/05/2026 09:40PM ET,DET,SEA,away,5.4,678009,Parker Meadows,mapped,identity_name_team_map,Proposed from review candidates; basis=exact normalized name + team; role-compatible; statcast_batter_des_2026; confidence=high; sources=statcast_batter_des_2026
2026-08-05,2026-08-05T15:40:32.372930+00:00,2026-08-05,DraftKings official lineup CSV,https://www.draftkings.com/lineup/getavailableplayerscsv?contestTypeId=9&draftGroupId=151691,151691,9,Selected largest-prize regular Classic MLB draft group after excluding Turbo/Night/qualifier/satellite/showdown/snake/single-stat slates.,OF,Matt Wallner (43755823),Matt Wallner,43755823,OF,2700,MIN@KC 08/05/2026 07:40PM ET,08/05/2026 07:40PM ET,MIN,KC,away,5.1,670242,Matt Wallner,mapped,identity_name_team_map,Proposed from review candidates; basis=exact normalized name + team; role-compatible; statcast_batter_des_2026; confidence=high; sources=statcast_batter_des_2026
2026-08-05,2026-08-05T15:40:32.372930+00:00,2026-08-05,DraftKings official lineup CSV,https://www.draftkings.com/lineup/getavailableplayerscsv?contestTypeId=9&draftGroupId=151691,151691,9,Selected largest-prize regular Classic MLB draft group after excluding Turbo/Night/qualifier/satellite/showdown/snake/single-stat slates.,SS,Jim Jarvis (43755731),Jim Jarvis,43755731,SS,2600,MIA@ATL 08/05/2026 07:15PM ET,08/05/2026 07:15PM ET,ATL,MIA,home,5,805347,Jim Jarvis,mapped,identity_name_team_map,Stable identity seed from old DK-ID map. Pilot join status: matched via normalized_name_team
2026-08-05,2026-08-05T15:40:32.372930+00:00,2026-08-05,DraftKings official lineup CSV,https://www.draftkings.com/lineup/getavailableplayerscsv?contestTypeId=9&draftGroupId=151691,151691,9,Selected largest-prize regular Classic MLB draft group after excluding Turbo/Night/qualifier/satellite/showdown/snake/single-stat slates.,2B,Nick Sogard (43755732),Nick Sogard,43755732,2B,2600,CWS@BOS 08/05/2026 07:10PM ET,08/05/2026 07:10PM ET,BOS,CWS,home,5.5,,,needs_review_new_player,identity_name_team_map,No reviewed normalized-name/team identity alias; do not auto-guess.
2026-08-05,2026-08-05T15:40:32.372930+00:00,2026-08-05,DraftKings official lineup CSV,https://www.draftkings.com/lineup/getavailableplayerscsv?contestTypeId=9&draftGroupId=151691,151691,9,Selected largest-prize regular Classic MLB draft group after excluding Turbo/Night/qualifier/satellite/showdown/snake/single-stat slates.,3B,Josh Rojas (43755733),Josh Rojas,43755733,3B,2600,MIN@KC 08/05/2026 07:40PM ET,08/05/2026 07:40PM ET,KC,MIN,home,3.5,668942,Josh Rojas,mapped,identity_name_team_map,Stable identity seed from old DK-ID map. Pilot join status: matched via normalized_name_team
2026-08-05,2026-08-05T15:40:32.372930+00:00,2026-08-05,DraftKings official lineup CSV,https://www.draftkings.com/lineup/getavailableplayerscsv?contestTypeId=9&draftGroupId=151691,151691,9,Selected largest-prize regular Classic MLB draft group after excluding Turbo/Night/qualifier/satellite/showdown/snake/single-stat slates.,OF,Mike Yastrzemski (43755734),Mike Yastrzemski,43755734,OF,2600,MIA@ATL 08/05/2026 07:15PM ET,08/05/2026 07:15PM ET,ATL,MIA,home,4.9,573262,Mike Yastrzemski,mapped,identity_name_team_map,Stable identity seed from old DK-ID map. Pilot join status: matched via normalized_name_team
2026-08-05,2026-08-05T15:40:32.372930+00:00,2026-08-05,DraftKings official lineup CSV,https://www.draftkings.com/lineup/getavailableplayerscsv?contestTypeId=9&draftGroupId=151691,151691,9,Selected largest-prize regular Classic MLB draft group after excluding Turbo/Night/qualifier/satellite/showdown/snake/single-stat slates.,1B/C,Victor Caratini (43755735),Victor Caratini,43755735,C/1B,2600,MIN@KC 08/05/2026 07:40PM ET,08/05/2026 07:40PM ET,MIN,KC,away,5.3,605170,Víctor Caratini,mapped,identity_name_team_map,Proposed from review candidates; basis=exact normalized name + team; role-compatible; hr-distance-latest.json|statcast_batter_des_2026; confidence=high; sources=hr-distance-latest.json|statcast_batter_des_2026
2026-08-05,2026-08-05T15:40:32.372930+00:00,2026-08-05,DraftKings official lineup CSV,https://www.draftkings.com/lineup/getavailableplayerscsv?contestTypeId=9&draftGroupId=151691,151691,9,Selected largest-prize regular Classic MLB draft group after excluding Turbo/Night/qualifier/satellite/showdown/snake/single-stat slates.,C,Brian Navarreto (43755737),Brian Navarreto,43755737,C,2600,MIA@ATL 08/05/2026 07:15PM ET,08/05/2026 07:15PM ET,MIA,ATL,away,2.3,,,needs_review_new_player,identity_name_team_map,No reviewed normalized-name/team identity alias; do not auto-guess.
2026-08-05,2026-08-05T15:40:32.372930+00:00,2026-08-05,DraftKings official lineup CSV,https://www.draftkings.com/lineup/getavailableplayerscsv?contestTypeId=9&draftGroupId=151691,151691,9,Selected largest-prize regular Classic MLB draft group after excluding Turbo/Night/qualifier/satellite/showdown/snake/single-stat slates.,C,Mickey Gasper (43755824),Mickey Gasper,43755824,C,2600,CWS@BOS 08/05/2026 07:10PM ET,08/05/2026 07:10PM ET,BOS,CWS,home,4.4,,,needs_review_new_player,identity_name_team_map,No reviewed normalized-name/team identity alias; do not auto-guess.
2026-08-05,2026-08-05T15:40:32.372930+00:00,2026-08-05,DraftKings official lineup CSV,https://www.draftkings.com/lineup/getavailableplayerscsv?contestTypeId=9&draftGroupId=151691,151691,9,Selected largest-prize regular Classic MLB draft group after excluding Turbo/Night/qualifier/satellite/showdown/snake/single-stat slates.,OF,Luke Raley (43755825),Luke Raley,43755825,OF,2600,DET@SEA 08/05/2026 09:40PM ET,08/05/2026 09:40PM ET,SEA,DET,home,5.1,,,needs_review_new_player,identity_name_team_map,No reviewed normalized-name/team identity alias; do not auto-guess.
2026-08-05,2026-08-05T15:40:32.372930+00:00,2026-08-05,DraftKings official lineup CSV,https://www.draftkings.com/lineup/getavailableplayerscsv?contestTypeId=9&draftGroupId=151691,151691,9,Selected largest-prize regular Classic MLB draft group after excluding Turbo/Night/qualifier/satellite/showdown/snake/single-stat slates.,OF,Brewer Hicklen (43755826),Brewer Hicklen,43755826,OF,2600,MIA@ATL 08/05/2026 07:15PM ET,08/05/2026 07:15PM ET,ATL,MIA,home,6.6,,,needs_review_new_player,identity_name_team_map,No reviewed normalized-name/team identity alias; do not auto-guess.
2026-08-05,2026-08-05T15:40:32.372930+00:00,2026-08-05,DraftKings official lineup CSV,https://www.draftkings.com/lineup/getavailableplayerscsv?contestTypeId=9&draftGroupId=151691,151691,9,Selected largest-prize regular Classic MLB draft group after excluding Turbo/Night/qualifier/satellite/showdown/snake/single-stat slates.,OF,Brooks Baldwin (43755827),Brooks Baldwin,43755827,OF,2600,CWS@BOS 08/05/2026 07:10PM ET,08/05/2026 07:10PM ET,CWS,BOS,away,0,681460,Brooks Baldwin,mapped,identity_name_team_map,Stable identity seed from old DK-ID map. Pilot join status: matched_people_search_name via mlb_people_search_normalized_name
2026-08-05,2026-08-05T15:40:32.372930+00:00,2026-08-05,DraftKings official lineup CSV,https://www.draftkings.com/lineup/getavailableplayerscsv?contestTypeId=9&draftGroupId=151691,151691,9,Selected largest-prize regular Classic MLB draft group after excluding Turbo/Night/qualifier/satellite/showdown/snake/single-stat slates.,3B/OF,Weston Wilson (43755738),Weston Wilson,43755738,3B/OF,2500,DET@SEA 08/05/2026 09:40PM ET,08/05/2026 09:40PM ET,SEA,DET,home,3.8,,,needs_review_new_player,identity_name_team_map,No reviewed normalized-name/team identity alias; do not auto-guess.
2026-08-05,2026-08-05T15:40:32.372930+00:00,2026-08-05,DraftKings official lineup CSV,https://www.draftkings.com/lineup/getavailableplayerscsv?contestTypeId=9&draftGroupId=151691,151691,9,Selected largest-prize regular Classic MLB draft group after excluding Turbo/Night/qualifier/satellite/showdown/snake/single-stat slates.,SS,George Lombard Jr. (43755740),George Lombard Jr.,43755740,SS,2500,STL@NYY 08/05/2026 07:05PM ET,08/05/2026 07:05PM ET,NYY,STL,home,16,,,needs_review_new_player,identity_name_team_map,No reviewed normalized-name/team identity alias; do not auto-guess.
2026-08-05,2026-08-05T15:40:32.372930+00:00,2026-08-05,DraftKings official lineup CSV,https://www.draftkings.com/lineup/getavailableplayerscsv?contestTypeId=9&draftGroupId=151691,151691,9,Selected largest-prize regular Classic MLB draft group after excluding Turbo/Night/qualifier/satellite/showdown/snake/single-stat slates.,OF,Jase Bowen (43755741),Jase Bowen,43755741,OF,2500,SD@ARI 08/05/2026 09:40PM ET,08/05/2026 09:40PM ET,SD,ARI,away,2.4,687749,Jase Bowen,mapped,identity_name_team_map,Stable identity seed from old DK-ID map. Pilot join status: matched via normalized_name_team
2026-08-05,2026-08-05T15:40:32.372930+00:00,2026-08-05,DraftKings official lineup CSV,https://www.draftkings.com/lineup/getavailableplayerscsv?contestTypeId=9&draftGroupId=151691,151691,9,Selected largest-prize regular Classic MLB draft group after excluding Turbo/Night/qualifier/satellite/showdown/snake/single-stat slates.,OF,Starling Marte (43755742),Starling Marte,43755742,OF,2500,MIN@KC 08/05/2026 07:40PM ET,08/05/2026 07:40PM ET,KC,MIN,home,3.9,516782,Starling Marte,mapped,identity_name_team_map,Stable identity seed from old DK-ID map. Pilot join status: matched via normalized_name_team
2026-08-05,2026-08-05T15:40:32.372930+00:00,2026-08-05,DraftKings official lineup CSV,https://www.draftkings.com/lineup/getavailableplayerscsv?contestTypeId=9&draftGroupId=151691,151691,9,Selected largest-prize regular Classic MLB draft group after excluding Turbo/Night/qualifier/satellite/showdown/snake/single-stat slates.,OF,Jahmai Jones (43755743),Jahmai Jones,43755743,OF,2500,CWS@BOS 08/05/2026 07:10PM ET,08/05/2026 07:10PM ET,BOS,CWS,home,2.5,663330,Jahmai Jones,needs_review_team_change,identity_name_unique_mlbam,Name maps to one reviewed MLBAM identity but not this DK team; review as team-change/new alias before trusting automation.
2026-08-05,2026-08-05T15:40:32.372930+00:00,2026-08-05,DraftKings official lineup CSV,https://www.draftkings.com/lineup/getavailableplayerscsv?contestTypeId=9&draftGroupId=151691,151691,9,Selected largest-prize regular Classic MLB draft group after excluding Turbo/Night/qualifier/satellite/showdown/snake/single-stat slates.,C,James McCann (43755744),James McCann,43755744,C,2500,SD@ARI 08/05/2026 09:40PM ET,08/05/2026 09:40PM ET,ARI,SD,home,6.4,,,needs_review_new_player,identity_name_team_map,No reviewed normalized-name/team identity alias; do not auto-guess.
2026-08-05,2026-08-05T15:40:32.372930+00:00,2026-08-05,DraftKings official lineup CSV,https://www.draftkings.com/lineup/getavailableplayerscsv?contestTypeId=9&draftGroupId=151691,151691,9,Selected largest-prize regular Classic MLB draft group after excluding Turbo/Night/qualifier/satellite/showdown/snake/single-stat slates.,OF,Victor Robles (43755745),Victor Robles,43755745,OF,2500,DET@SEA 08/05/2026 09:40PM ET,08/05/2026 09:40PM ET,SEA,DET,home,3.4,,,needs_review_new_player,identity_name_team_map,No reviewed normalized-name/team identity alias; do not auto-guess.
2026-08-05,2026-08-05T15:40:32.372930+00:00,2026-08-05,DraftKings official lineup CSV,https://www.draftkings.com/lineup/getavailableplayerscsv?contestTypeId=9&draftGroupId=151691,151691,9,Selected largest-prize regular Classic MLB draft group after excluding Turbo/Night/qualifier/satellite/showdown/snake/single-stat slates.,C,Drew Romo (43755746),Drew Romo,43755746,C,2500,CWS@BOS 08/05/2026 07:10PM ET,08/05/2026 07:10PM ET,CWS,BOS,away,4,691011,Drew Romo,mapped,identity_name_team_map,Stable identity seed from old DK-ID map. Pilot join status: matched via normalized_name_team
2026-08-05,2026-08-05T15:40:32.372930+00:00,2026-08-05,DraftKings official lineup CSV,https://www.draftkings.com/lineup/getavailableplayerscsv?contestTypeId=9&draftGroupId=151691,151691,9,Selected largest-prize regular Classic MLB draft group after excluding Turbo/Night/qualifier/satellite/showdown/snake/single-stat slates.,2B/SS,Isiah Kiner-Falefa (43755828),Isiah Kiner-Falefa,43755828,2B/SS,2500,CWS@BOS 08/05/2026 07:10PM ET,08/05/2026 07:10PM ET,BOS,CWS,home,5.2,,,needs_review_new_player,identity_name_team_map,No reviewed normalized-name/team identity alias; do not auto-guess.
2026-08-05,2026-08-05T15:40:32.372930+00:00,2026-08-05,DraftKings official lineup CSV,https://www.draftkings.com/lineup/getavailableplayerscsv?contestTypeId=9&draftGroupId=151691,151691,9,Selected largest-prize regular Classic MLB draft group after excluding Turbo/Night/qualifier/satellite/showdown/snake/single-stat slates.,OF,Akil Baddoo (43755830),Akil Baddoo,43755830,OF,2500,PIT@MIL 08/05/2026 07:40PM ET,08/05/2026 07:40PM ET,MIL,PIT,home,0,668731,Akil Baddoo,mapped,identity_name_team_map,Stable identity seed from old DK-ID map. Pilot join status: matched_people_search_name via mlb_people_search_normalized_name
2026-08-05,2026-08-05T15:40:32.372930+00:00,2026-08-05,DraftKings official lineup CSV,https://www.draftkings.com/lineup/getavailableplayerscsv?contestTypeId=9&draftGroupId=151691,151691,9,Selected largest-prize regular Classic MLB draft group after excluding Turbo/Night/qualifier/satellite/showdown/snake/single-stat slates.,1B/C,Alex Jackson (43755747),Alex Jackson,43755747,C/1B,2400,MIN@KC 08/05/2026 07:40PM ET,08/05/2026 07:40PM ET,MIN,KC,away,4.1,656577,Alex Jackson,mapped,identity_name_team_map,Proposed from review candidates; basis=exact normalized name + team; role-compatible; statcast_batter_des_2026; confidence=high; sources=statcast_batter_des_2026
2026-08-05,2026-08-05T15:40:32.372930+00:00,2026-08-05,DraftKings official lineup CSV,https://www.draftkings.com/lineup/getavailableplayerscsv?contestTypeId=9&draftGroupId=151691,151691,9,Selected largest-prize regular Classic MLB draft group after excluding Turbo/Night/qualifier/satellite/showdown/snake/single-stat slates.,3B/SS,Jared Triolo (43755749),Jared Triolo,43755749,3B/SS,2400,PIT@MIL 08/05/2026 07:40PM ET,08/05/2026 07:40PM ET,PIT,MIL,away,4.7,,,needs_review_new_player,identity_name_team_map,No reviewed normalized-name/team identity alias; do not auto-guess.
2026-08-05,2026-08-05T15:40:32.372930+00:00,2026-08-05,DraftKings official lineup CSV,https://www.draftkings.com/lineup/getavailableplayerscsv?contestTypeId=9&draftGroupId=151691,151691,9,Selected largest-prize regular Classic MLB draft group after excluding Turbo/Night/qualifier/satellite/showdown/snake/single-stat slates.,C,Connor Wong (43755751),Connor Wong,43755751,C,2400,CWS@BOS 08/05/2026 07:10PM ET,08/05/2026 07:10PM ET,BOS,CWS,home,4.7,,,needs_review_new_player,identity_name_team_map,No reviewed normalized-name/team identity alias; do not auto-guess.
2026-08-05,2026-08-05T15:40:32.372930+00:00,2026-08-05,DraftKings official lineup CSV,https://www.draftkings.com/lineup/getavailableplayerscsv?contestTypeId=9&draftGroupId=151691,151691,9,Selected largest-prize regular Classic MLB draft group after excluding Turbo/Night/qualifier/satellite/showdown/snake/single-stat slates.,OF,Kyle Isbel (43755752),Kyle Isbel,43755752,OF,2400,MIN@KC 08/05/2026 07:40PM ET,08/05/2026 07:40PM ET,KC,MIN,home,4.8,664728,Kyle Isbel,mapped,identity_name_team_map,Stable identity seed from old DK-ID map. Pilot join status: matched via normalized_name_team
2026-08-05,2026-08-05T15:40:32.372930+00:00,2026-08-05,DraftKings official lineup CSV,https://www.draftkings.com/lineup/getavailableplayerscsv?contestTypeId=9&draftGroupId=151691,151691,9,Selected largest-prize regular Classic MLB draft group after excluding Turbo/Night/qualifier/satellite/showdown/snake/single-stat slates.,OF,Jorge Barrosa (43755753),Jorge Barrosa,43755753,OF,2400,SD@ARI 08/05/2026 09:40PM ET,08/05/2026 09:40PM ET,ARI,SD,home,2.6,,,needs_review_new_player,identity_name_team_map,No reviewed normalized-name/team identity alias; do not auto-guess.
2026-08-05,2026-08-05T15:40:32.372930+00:00,2026-08-05,DraftKings official lineup CSV,https://www.draftkings.com/lineup/getavailableplayerscsv?contestTypeId=9&draftGroupId=151691,151691,9,Selected largest-prize regular Classic MLB draft group after excluding Turbo/Night/qualifier/satellite/showdown/snake/single-stat slates.,OF,Victor Scott II (43755831),Victor Scott II,43755831,OF,2400,STL@NYY 08/05/2026 07:05PM ET,08/05/2026 07:05PM ET,STL,NYY,away,4.1,687363,Victor Scott II,mapped,identity_name_team_map,Stable identity seed from old DK-ID map. Pilot join status: matched via normalized_name_team
2026-08-05,2026-08-05T15:40:32.372930+00:00,2026-08-05,DraftKings official lineup CSV,https://www.draftkings.com/lineup/getavailableplayerscsv?contestTypeId=9&draftGroupId=151691,151691,9,Selected largest-prize regular Classic MLB draft group after excluding Turbo/Night/qualifier/satellite/showdown/snake/single-stat slates.,2B/3B,Gage Workman (43755832),Gage Workman,43755832,2B/3B,2400,SD@ARI 08/05/2026 09:40PM ET,08/05/2026 09:40PM ET,SD,ARI,away,3.2,669398,Gage Workman,needs_review_team_change,identity_name_unique_mlbam,Name maps to one reviewed MLBAM identity but not this DK team; review as team-change/new alias before trusting automation.
2026-08-05,2026-08-05T15:40:32.372930+00:00,2026-08-05,DraftKings official lineup CSV,https://www.draftkings.com/lineup/getavailableplayerscsv?contestTypeId=9&draftGroupId=151691,151691,9,Selected largest-prize regular Classic MLB draft group after excluding Turbo/Night/qualifier/satellite/showdown/snake/single-stat slates.,C,Pedro Pages (43755754),Pedro Pages,43755754,C,2300,STL@NYY 08/05/2026 07:05PM ET,08/05/2026 07:05PM ET,STL,NYY,away,3.3,686780,Pedro Pagés,mapped,identity_name_team_map,Stable identity seed from old DK-ID map. Pilot join status: matched via normalized_name_team
2026-08-05,2026-08-05T15:40:32.372930+00:00,2026-08-05,DraftKings official lineup CSV,https://www.draftkings.com/lineup/getavailableplayerscsv?contestTypeId=9&draftGroupId=151691,151691,9,Selected largest-prize regular Classic MLB draft group after excluding Turbo/Night/qualifier/satellite/showdown/snake/single-stat slates.,3B,Ryan McMahon (43755755),Ryan McMahon,43755755,3B,2300,STL@NYY 08/05/2026 07:05PM ET,08/05/2026 07:05PM ET,NYY,STL,home,4.4,,,needs_review_new_player,identity_name_team_map,No reviewed normalized-name/team identity alias; do not auto-guess.
2026-08-05,2026-08-05T15:40:32.372930+00:00,2026-08-05,DraftKings official lineup CSV,https://www.draftkings.com/lineup/getavailableplayerscsv?contestTypeId=9&draftGroupId=151691,151691,9,Selected largest-prize regular Classic MLB draft group after excluding Turbo/Night/qualifier/satellite/showdown/snake/single-stat slates.,C,Ali Sanchez (43755756),Ali Sanchez,43755756,C,2300,STL@NYY 08/05/2026 07:05PM ET,08/05/2026 07:05PM ET,NYY,STL,home,2.8,,,needs_review_new_player,identity_name_team_map,No reviewed normalized-name/team identity alias; do not auto-guess.
2026-08-05,2026-08-05T15:40:32.372930+00:00,2026-08-05,DraftKings official lineup CSV,https://www.draftkings.com/lineup/getavailableplayerscsv?contestTypeId=9&draftGroupId=151691,151691,9,Selected largest-prize regular Classic MLB draft group after excluding Turbo/Night/qualifier/satellite/showdown/snake/single-stat slates.,SS,Andrew Velazquez (43755757),Andrew Velazquez,43755757,SS,2300,MIN@KC 08/05/2026 07:40PM ET,08/05/2026 07:40PM ET,KC,MIN,home,1.3,,,needs_review_new_player,identity_name_team_map,No reviewed normalized-name/team identity alias; do not auto-guess.
2026-08-05,2026-08-05T15:40:32.372930+00:00,2026-08-05,DraftKings official lineup CSV,https://www.draftkings.com/lineup/getavailableplayerscsv?contestTypeId=9&draftGroupId=151691,151691,9,Selected largest-prize regular Classic MLB draft group after excluding Turbo/Night/qualifier/satellite/showdown/snake/single-stat slates.,OF,Jhostynxon Garcia (43755758),Jhostynxon Garcia,43755758,OF,2300,PIT@MIL 08/05/2026 07:40PM ET,08/05/2026 07:40PM ET,PIT,MIL,away,2.4,,,needs_review_new_player,identity_name_team_map,No reviewed normalized-name/team identity alias; do not auto-guess.
2026-08-05,2026-08-05T15:40:32.372930+00:00,2026-08-05,DraftKings official lineup CSV,https://www.draftkings.com/lineup/getavailableplayerscsv?contestTypeId=9&draftGroupId=151691,151691,9,Selected largest-prize regular Classic MLB draft group after excluding Turbo/Night/qualifier/satellite/showdown/snake/single-stat slates.,OF,Stuart Fairchild (43755759),Stuart Fairchild,43755759,OF,2300,DET@SEA 08/05/2026 09:40PM ET,08/05/2026 09:40PM ET,SEA,DET,home,3,,,needs_review_new_player,identity_name_team_map,No reviewed normalized-name/team identity alias; do not auto-guess.
2026-08-05,2026-08-05T15:40:32.372930+00:00,2026-08-05,DraftKings official lineup CSV,https://www.draftkings.com/lineup/getavailableplayerscsv?contestTypeId=9&draftGroupId=151691,151691,9,Selected largest-prize regular Classic MLB draft group after excluding Turbo/Night/qualifier/satellite/showdown/snake/single-stat slates.,OF,James Outman (43755760),James Outman,43755760,OF,2300,DET@SEA 08/05/2026 09:40PM ET,08/05/2026 09:40PM ET,DET,SEA,away,3,,,needs_review_new_player,identity_name_team_map,No reviewed normalized-name/team identity alias; do not auto-guess.
2026-08-05,2026-08-05T15:40:32.372930+00:00,2026-08-05,DraftKings official lineup CSV,https://www.draftkings.com/lineup/getavailableplayerscsv?contestTypeId=9&draftGroupId=151691,151691,9,Selected largest-prize regular Classic MLB draft group after excluding Turbo/Night/qualifier/satellite/showdown/snake/single-stat slates.,2B/3B,Will Wilson (43755834),Will Wilson,43755834,2B/3B,2300,DET@SEA 08/05/2026 09:40PM ET,08/05/2026 09:40PM ET,SEA,DET,home,9,,,needs_review_new_player,identity_name_team_map,No reviewed normalized-name/team identity alias; do not auto-guess.
2026-08-05,2026-08-05T15:40:32.372930+00:00,2026-08-05,DraftKings official lineup CSV,https://www.draftkings.com/lineup/getavailableplayerscsv?contestTypeId=9&draftGroupId=151691,151691,9,Selected largest-prize regular Classic MLB draft group after excluding Turbo/Night/qualifier/satellite/showdown/snake/single-stat slates.,OF,Eli White (43755836),Eli White,43755836,OF,2300,CWS@BOS 08/05/2026 07:10PM ET,08/05/2026 07:10PM ET,BOS,CWS,home,3.8,642201,Eli White,needs_review_team_change,identity_name_unique_mlbam,Name maps to one reviewed MLBAM identity but not this DK team; review as team-change/new alias before trusting automation.
2026-08-05,2026-08-05T15:40:32.372930+00:00,2026-08-05,DraftKings official lineup CSV,https://www.draftkings.com/lineup/getavailableplayerscsv?contestTypeId=9&draftGroupId=151691,151691,9,Selected largest-prize regular Classic MLB draft group after excluding Turbo/Night/qualifier/satellite/showdown/snake/single-stat slates.,C,Bo Naylor (43755837),Bo Naylor,43755837,C,2300,PIT@MIL 08/05/2026 07:40PM ET,08/05/2026 07:40PM ET,MIL,PIT,home,3.1,,,needs_review_new_player,identity_name_team_map,No reviewed normalized-name/team identity alias; do not auto-guess.
2026-08-05,2026-08-05T15:40:32.372930+00:00,2026-08-05,DraftKings official lineup CSV,https://www.draftkings.com/lineup/getavailableplayerscsv?contestTypeId=9&draftGroupId=151691,151691,9,Selected largest-prize regular Classic MLB draft group after excluding Turbo/Night/qualifier/satellite/showdown/snake/single-stat slates.,SS,Luisangel Acuna (43755761),Luisangel Acuna,43755761,SS,2200,CWS@BOS 08/05/2026 07:10PM ET,08/05/2026 07:10PM ET,CWS,BOS,away,3.7,682668,Luisangel Acuña,mapped,identity_name_team_map,Stable identity seed from old DK-ID map. Pilot join status: matched via normalized_name_team
2026-08-05,2026-08-05T15:40:32.372930+00:00,2026-08-05,DraftKings official lineup CSV,https://www.draftkings.com/lineup/getavailableplayerscsv?contestTypeId=9&draftGroupId=151691,151691,9,Selected largest-prize regular Classic MLB draft group after excluding Turbo/Night/qualifier/satellite/showdown/snake/single-stat slates.,3B,Blaze Jordan (43755762),Blaze Jordan,43755762,3B,2200,STL@NYY 08/05/2026 07:05PM ET,08/05/2026 07:05PM ET,STL,NYY,away,5.3,,,needs_review_new_player,identity_name_team_map,No reviewed normalized-name/team identity alias; do not auto-guess.
2026-08-05,2026-08-05T15:40:32.372930+00:00,2026-08-05,DraftKings official lineup CSV,https://www.draftkings.com/lineup/getavailableplayerscsv?contestTypeId=9&draftGroupId=151691,151691,9,Selected largest-prize regular Classic MLB draft group after excluding Turbo/Night/qualifier/satellite/showdown/snake/single-stat slates.,C,Luke Maile (43755763),Luke Maile,43755763,C,2200,MIN@KC 08/05/2026 07:40PM ET,08/05/2026 07:40PM ET,KC,MIN,home,7.4,,,needs_review_new_player,identity_name_team_map,No reviewed normalized-name/team identity alias; do not auto-guess.
2026-08-05,2026-08-05T15:40:32.372930+00:00,2026-08-05,DraftKings official lineup CSV,https://www.draftkings.com/lineup/getavailableplayerscsv?contestTypeId=9&draftGroupId=151691,151691,9,Selected largest-prize regular Classic MLB draft group after excluding Turbo/Night/qualifier/satellite/showdown/snake/single-stat slates.,C,Jimmy Crooks (43755764),Jimmy Crooks,43755764,C,2200,STL@NYY 08/05/2026 07:05PM ET,08/05/2026 07:05PM ET,STL,NYY,away,3.6,699625,Jimmy Crooks,mapped,identity_name_team_map,Stable identity seed from old DK-ID map. Pilot join status: matched via normalized_name_team
2026-08-05,2026-08-05T15:40:32.372930+00:00,2026-08-05,DraftKings official lineup CSV,https://www.draftkings.com/lineup/getavailableplayerscsv?contestTypeId=9&draftGroupId=151691,151691,9,Selected largest-prize regular Classic MLB draft group after excluding Turbo/Night/qualifier/satellite/showdown/snake/single-stat slates.,OF,Ben Malgeri (43755765),Ben Malgeri,43755765,OF,2200,DET@SEA 08/05/2026 09:40PM ET,08/05/2026 09:40PM ET,DET,SEA,away,4.1,,,needs_review_new_player,identity_name_team_map,No reviewed normalized-name/team identity alias; do not auto-guess.
2026-08-05,2026-08-05T15:40:32.372930+00:00,2026-08-05,DraftKings official lineup CSV,https://www.draftkings.com/lineup/getavailableplayerscsv?contestTypeId=9&draftGroupId=151691,151691,9,Selected largest-prize regular Classic MLB draft group after excluding Turbo/Night/qualifier/satellite/showdown/snake/single-stat slates.,OF,Billy Cook (43755838),Billy Cook,43755838,OF,2200,PIT@MIL 08/05/2026 07:40PM ET,08/05/2026 07:40PM ET,PIT,MIL,away,1.3,,,needs_review_new_player,identity_name_team_map,No reviewed normalized-name/team identity alias; do not auto-guess.
2026-08-05,2026-08-05T15:40:32.372930+00:00,2026-08-05,DraftKings official lineup CSV,https://www.draftkings.com/lineup/getavailableplayerscsv?contestTypeId=9&draftGroupId=151691,151691,9,Selected largest-prize regular Classic MLB draft group after excluding Turbo/Night/qualifier/satellite/showdown/snake/single-stat slates.,SS,Tristan Gray (43755766),Tristan Gray,43755766,SS,2100,MIN@KC 08/05/2026 07:40PM ET,08/05/2026 07:40PM ET,MIN,KC,away,4.2,656484,Tristan Gray,mapped,identity_name_team_map,Proposed from review candidates; basis=exact normalized name + team; role-compatible; statcast_batter_des_2026; confidence=high; sources=statcast_batter_des_2026
2026-08-05,2026-08-05T15:40:32.372930+00:00,2026-08-05,DraftKings official lineup CSV,https://www.draftkings.com/lineup/getavailableplayerscsv?contestTypeId=9&draftGroupId=151691,151691,9,Selected largest-prize regular Classic MLB draft group after excluding Turbo/Night/qualifier/satellite/showdown/snake/single-stat slates.,C,Jake Rogers (43755767),Jake Rogers,43755767,C,2100,CWS@BOS 08/05/2026 07:10PM ET,08/05/2026 07:10PM ET,BOS,CWS,home,3.9,668670,Jake Rogers,needs_review_team_change,identity_name_unique_mlbam,Name maps to one reviewed MLBAM identity but not this DK team; review as team-change/new alias before trusting automation.
2026-08-05,2026-08-05T15:40:32.372930+00:00,2026-08-05,DraftKings official lineup CSV,https://www.draftkings.com/lineup/getavailableplayerscsv?contestTypeId=9&draftGroupId=151691,151691,9,Selected largest-prize regular Classic MLB draft group after excluding Turbo/Night/qualifier/satellite/showdown/snake/single-stat slates.,C,Austin Wells (43755768),Austin Wells,43755768,C,2100,STL@NYY 08/05/2026 07:05PM ET,08/05/2026 07:05PM ET,NYY,STL,home,4,,,needs_review_new_player,identity_name_team_map,No reviewed normalized-name/team identity alias; do not auto-guess.
2026-08-05,2026-08-05T15:40:32.372930+00:00,2026-08-05,DraftKings official lineup CSV,https://www.draftkings.com/lineup/getavailableplayerscsv?contestTypeId=9&draftGroupId=151691,151691,9,Selected largest-prize regular Classic MLB draft group after excluding Turbo/Night/qualifier/satellite/showdown/snake/single-stat slates.,OF,Rob Refsnyder (43755769),Rob Refsnyder,43755769,OF,2100,DET@SEA 08/05/2026 09:40PM ET,08/05/2026 09:40PM ET,SEA,DET,home,2.6,,,needs_review_new_player,identity_name_team_map,No reviewed normalized-name/team identity alias; do not auto-guess.
2026-08-05,2026-08-05T15:40:32.372930+00:00,2026-08-05,DraftKings official lineup CSV,https://www.draftkings.com/lineup/getavailableplayerscsv?contestTypeId=9&draftGroupId=151691,151691,9,Selected largest-prize regular Classic MLB draft group after excluding Turbo/Night/qualifier/satellite/showdown/snake/single-stat slates.,OF,Alan Roden (43755770),Alan Roden,43755770,OF,2100,MIN@KC 08/05/2026 07:40PM ET,08/05/2026 07:40PM ET,MIN,KC,away,3.4,702176,Alan Roden,mapped,identity_name_team_map,Proposed from review candidates; basis=exact normalized name + team; role-compatible; statcast_batter_des_2026; confidence=high; sources=statcast_batter_des_2026
2026-08-05,2026-08-05T15:40:32.372930+00:00,2026-08-05,DraftKings official lineup CSV,https://www.draftkings.com/lineup/getavailableplayerscsv?contestTypeId=9&draftGroupId=151691,151691,9,Selected largest-prize regular Classic MLB draft group after excluding Turbo/Night/qualifier/satellite/showdown/snake/single-stat slates.,C,Rodolfo Duran (43755771),Rodolfo Duran,43755771,C,2000,SD@ARI 08/05/2026 09:40PM ET,08/05/2026 09:40PM ET,SD,ARI,away,2.9,660710,Rodolfo Durán,mapped,identity_name_team_map,Stable identity seed from old DK-ID map. Pilot join status: matched via normalized_name_team
2026-08-05,2026-08-05T15:40:32.372930+00:00,2026-08-05,DraftKings official lineup CSV,https://www.draftkings.com/lineup/getavailableplayerscsv?contestTypeId=9&draftGroupId=151691,151691,9,Selected largest-prize regular Classic MLB draft group after excluding Turbo/Night/qualifier/satellite/showdown/snake/single-stat slates.,3B,Leo Rivas (43755772),Leo Rivas,43755772,3B,2000,DET@SEA 08/05/2026 09:40PM ET,08/05/2026 09:40PM ET,SEA,DET,home,3.2,,,needs_review_new_player,identity_name_team_map,No reviewed normalized-name/team identity alias; do not auto-guess.
2026-08-05,2026-08-05T15:40:32.372930+00:00,2026-08-05,DraftKings official lineup CSV,https://www.draftkings.com/lineup/getavailableplayerscsv?contestTypeId=9&draftGroupId=151691,151691,9,Selected largest-prize regular Classic MLB draft group after excluding Turbo/Night/qualifier/satellite/showdown/snake/single-stat slates.,SS,Ha-Seong Kim (43755773),Ha-Seong Kim,43755773,SS,2000,MIA@ATL 08/05/2026 07:15PM ET,08/05/2026 07:15PM ET,ATL,MIA,home,1.9,673490,Ha-Seong Kim,mapped,identity_name_team_map,Stable identity seed from old DK-ID map. Pilot join status: matched via normalized_name_team
2026-08-05,2026-08-05T15:40:32.372930+00:00,2026-08-05,DraftKings official lineup CSV,https://www.draftkings.com/lineup/getavailableplayerscsv?contestTypeId=9&draftGroupId=151691,151691,9,Selected largest-prize regular Classic MLB draft group after excluding Turbo/Night/qualifier/satellite/showdown/snake/single-stat slates.,1B/3B,Brett Harris (43755839),Brett Harris,43755839,1B/3B,2000,CWS@BOS 08/05/2026 07:10PM ET,08/05/2026 07:10PM ET,BOS,CWS,home,1,695391,Brett Harris,needs_review_team_change,identity_name_unique_mlbam,Name maps to one reviewed MLBAM identity but not this DK team; review as team-change/new alias before trusting automation.
2026-08-05,2026-08-05T15:40:32.372930+00:00,2026-08-05,DraftKings official lineup CSV,https://www.draftkings.com/lineup/getavailableplayerscsv?contestTypeId=9&draftGroupId=151691,151691,9,Selected largest-prize regular Classic MLB draft group after excluding Turbo/Night/qualifier/satellite/showdown/snake/single-stat slates.,OF,Ramon Laureano (43755841),Ramon Laureano,43755841,OF,2000,SD@ARI 08/05/2026 09:40PM ET,08/05/2026 09:40PM ET,SD,ARI,away,6.6,657656,Ramón Laureano,mapped,identity_name_team_map,Stable identity seed from old DK-ID map. Pilot join status: matched via normalized_name_team
2026-08-05,2026-08-05T15:40:32.372930+00:00,2026-08-05,DraftKings official lineup CSV,https://www.draftkings.com/lineup/getavailableplayerscsv?contestTypeId=9&draftGroupId=151691,151691,9,Selected largest-prize regular Classic MLB draft group after excluding Turbo/Night/qualifier/satellite/showdown/snake/single-stat slates.,2B/SS,Mason McCoy (43755842),Mason McCoy,43755842,2B/SS,2000,SD@ARI 08/05/2026 09:40PM ET,08/05/2026 09:40PM ET,SD,ARI,away,0,669200,Mason McCoy,mapped,identity_name_team_map,Stable identity seed from old DK-ID map. Pilot join status: matched_people_search_name via mlb_people_search_normalized_name
2026-08-05,2026-08-05T15:40:32.372930+00:00,2026-08-05,DraftKings official lineup CSV,https://www.draftkings.com/lineup/getavailableplayerscsv?contestTypeId=9&draftGroupId=151691,151691,9,Selected largest-prize regular Classic MLB draft group after excluding Turbo/Night/qualifier/satellite/showdown/snake/single-stat slates.,2B,Ryan Bliss (43755844),Ryan Bliss,43755844,2B,2000,DET@SEA 08/05/2026 09:40PM ET,08/05/2026 09:40PM ET,SEA,DET,home,2.3,,,needs_review_new_player,identity_name_team_map,No reviewed normalized-name/team identity alias; do not auto-guess.
2026-08-05,2026-08-05T15:40:32.372930+00:00,2026-08-05,DraftKings official lineup CSV,https://www.draftkings.com/lineup/getavailableplayerscsv?contestTypeId=9&draftGroupId=151691,151691,9,Selected largest-prize regular Classic MLB draft group after excluding Turbo/Night/qualifier/satellite/showdown/snake/single-stat slates.,3B,Graham Pauley (43755845),Graham Pauley,43755845,3B,2000,MIA@ATL 08/05/2026 07:15PM ET,08/05/2026 07:15PM ET,MIA,ATL,away,3.3,688363,Graham Pauley,mapped,identity_name_team_map,Proposed from review candidates; basis=exact normalized name + team; role-compatible; statcast_batter_des_2026; confidence=high; sources=statcast_batter_des_2026
2026-08-05,2026-08-05T15:40:32.372930+00:00,2026-08-05,DraftKings official lineup CSV,https://www.draftkings.com/lineup/getavailableplayerscsv?contestTypeId=9&draftGroupId=151691,151691,9,Selected largest-prize regular Classic MLB draft group after excluding Turbo/Night/qualifier/satellite/showdown/snake/single-stat slates.,1B,Deyvison De Los Santos (43755846),Deyvison De Los Santos,43755846,1B,2000,MIA@ATL 08/05/2026 07:15PM ET,08/05/2026 07:15PM ET,MIA,ATL,away,2.7,691277,Deyvison De Los Santos,mapped,identity_name_team_map,Proposed from review candidates; basis=exact normalized name + team; role-compatible; statcast_batter_des_2026; confidence=high; sources=statcast_batter_des_2026
2026-08-05,2026-08-05T15:40:32.372930+00:00,2026-08-05,DraftKings official lineup CSV,https://www.draftkings.com/lineup/getavailableplayerscsv?contestTypeId=9&draftGroupId=151691,151691,9,Selected largest-prize regular Classic MLB draft group after excluding Turbo/Night/qualifier/satellite/showdown/snake/single-stat slates.,C,Thayron Liranzo (43755847),Thayron Liranzo,43755847,C,2000,DET@SEA 08/05/2026 09:40PM ET,08/05/2026 09:40PM ET,DET,SEA,away,0,,,needs_review_new_player,identity_name_team_map,No reviewed normalized-name/team identity alias; do not auto-guess.
2026-08-05,2026-08-05T15:40:32.372930+00:00,2026-08-05,DraftKings official lineup CSV,https://www.draftkings.com/lineup/getavailableplayerscsv?contestTypeId=9&draftGroupId=151691,151691,9,Selected largest-prize regular Classic MLB draft group after excluding Turbo/Night/qualifier/satellite/showdown/snake/single-stat slates.,OF,Brennen Davis (43755848),Brennen Davis,43755848,OF,2000,DET@SEA 08/05/2026 09:40PM ET,08/05/2026 09:40PM ET,SEA,DET,home,0,,,needs_review_new_player,identity_name_team_map,No reviewed normalized-name/team identity alias; do not auto-guess.
2026-08-05,2026-08-05T15:40:32.372930+00:00,2026-08-05,DraftKings official lineup CSV,https://www.draftkings.com/lineup/getavailableplayerscsv?contestTypeId=9&draftGroupId=151691,151691,9,Selected largest-prize regular Classic MLB draft group after excluding Turbo/Night/qualifier/satellite/showdown/snake/single-stat slates.,OF,Hendry Mendez (43755849),Hendry Mendez,43755849,OF,2000,MIN@KC 08/05/2026 07:40PM ET,08/05/2026 07:40PM ET,MIN,KC,away,0,,,needs_review_new_player,identity_name_team_map,No reviewed normalized-name/team identity alias; do not auto-guess.
2026-08-05,2026-08-05T15:40:32.372930+00:00,2026-08-05,DraftKings official lineup CSV,https://www.draftkings.com/lineup/getavailableplayerscsv?contestTypeId=9&draftGroupId=151691,151691,9,Selected largest-prize regular Classic MLB draft group after excluding Turbo/Night/qualifier/satellite/showdown/snake/single-stat slates.,OF,Emmanuel Rodriguez (43755850),Emmanuel Rodriguez,43755850,OF,2000,MIN@KC 08/05/2026 07:40PM ET,08/05/2026 07:40PM ET,MIN,KC,away,0,,,needs_review_new_player,identity_name_team_map,No reviewed normalized-name/team identity alias; do not auto-guess.
2026-08-05,2026-08-05T15:40:32.372930+00:00,2026-08-05,DraftKings official lineup CSV,https://www.draftkings.com/lineup/getavailableplayerscsv?contestTypeId=9&draftGroupId=151691,151691,9,Selected largest-prize regular Classic MLB draft group after excluding Turbo/Night/qualifier/satellite/showdown/snake/single-stat slates.,SS,Jared Serna (43755851),Jared Serna,43755851,SS,2000,MIA@ATL 08/05/2026 07:15PM ET,08/05/2026 07:15PM ET,MIA,ATL,away,0,,,needs_review_new_player,identity_name_team_map,No reviewed normalized-name/team identity alias; do not auto-guess.
2026-08-05,2026-08-05T15:40:32.372930+00:00,2026-08-05,DraftKings official lineup CSV,https://www.draftkings.com/lineup/getavailableplayerscsv?contestTypeId=9&draftGroupId=151691,151691,9,Selected largest-prize regular Classic MLB draft group after excluding Turbo/Night/qualifier/satellite/showdown/snake/single-stat slates.,OF,Joshua Baez (43755852),Joshua Baez,43755852,OF,2000,STL@NYY 08/05/2026 07:05PM ET,08/05/2026 07:05PM ET,STL,NYY,away,0,695491,Joshua Báez,mapped,identity_name_team_map,Stable identity seed from old DK-ID map. Pilot join status: matched_people_search_name via mlb_people_search_normalized_name
2026-08-05,2026-08-05T15:40:32.372930+00:00,2026-08-05,DraftKings official lineup CSV,https://www.draftkings.com/lineup/getavailableplayerscsv?contestTypeId=9&draftGroupId=151691,151691,9,Selected largest-prize regular Classic MLB draft group after excluding Turbo/Night/qualifier/satellite/showdown/snake/single-stat slates.,C,Leo Bernal (43755853),Leo Bernal,43755853,C,2000,STL@NYY 08/05/2026 07:05PM ET,08/05/2026 07:05PM ET,STL,NYY,away,0,699024,Leo Bernal,mapped,identity_name_team_map,Stable identity seed from old DK-ID map. Pilot join status: matched_people_search_name via mlb_people_search_normalized_name
2026-08-05,2026-08-05T15:40:32.372930+00:00,2026-08-05,DraftKings official lineup CSV,https://www.draftkings.com/lineup/getavailableplayerscsv?contestTypeId=9&draftGroupId=151691,151691,9,Selected largest-prize regular Classic MLB draft group after excluding Turbo/Night/qualifier/satellite/showdown/snake/single-stat slates.,OF,Jurickson Profar (43755854),Jurickson Profar,43755854,OF,2000,MIA@ATL 08/05/2026 07:15PM ET,08/05/2026 07:15PM ET,ATL,MIA,home,0,595777,Jurickson Profar,mapped,identity_name_team_map,Stable identity seed from old DK-ID map. Pilot join status: matched_people_search_name via mlb_people_search_normalized_name
2026-08-05,2026-08-05T15:40:32.372930+00:00,2026-08-05,DraftKings official lineup CSV,https://www.draftkings.com/lineup/getavailableplayerscsv?contestTypeId=9&draftGroupId=151691,151691,9,Selected largest-prize regular Classic MLB draft group after excluding Turbo/Night/qualifier/satellite/showdown/snake/single-stat slates.,1B,Triston Casas (43755855),Triston Casas,43755855,1B,2000,CWS@BOS 08/05/2026 07:10PM ET,08/05/2026 07:10PM ET,BOS,CWS,home,0,,,needs_review_new_player,identity_name_team_map,No reviewed normalized-name/team identity alias; do not auto-guess.
2026-08-05,2026-08-05T15:40:32.372930+00:00,2026-08-05,DraftKings official lineup CSV,https://www.draftkings.com/lineup/getavailableplayerscsv?contestTypeId=9&draftGroupId=151691,151691,9,Selected largest-prize regular Classic MLB draft group after excluding Turbo/Night/qualifier/satellite/showdown/snake/single-stat slates.,2B,Kristian Campbell (43755856),Kristian Campbell,43755856,2B,2000,CWS@BOS 08/05/2026 07:10PM ET,08/05/2026 07:10PM ET,BOS,CWS,home,0,,,needs_review_new_player,identity_name_team_map,No reviewed normalized-name/team identity alias; do not auto-guess.
2026-08-05,2026-08-05T15:40:32.372930+00:00,2026-08-05,DraftKings official lineup CSV,https://www.draftkings.com/lineup/getavailableplayerscsv?contestTypeId=9&draftGroupId=151691,151691,9,Selected largest-prize regular Classic MLB draft group after excluding Turbo/Night/qualifier/satellite/showdown/snake/single-stat slates.,2B/3B,Maximo Acosta (43755857),Maximo Acosta,43755857,2B/3B,2000,MIA@ATL 08/05/2026 07:15PM ET,08/05/2026 07:15PM ET,MIA,ATL,away,0,,,needs_review_new_player,identity_name_team_map,No reviewed normalized-name/team identity alias; do not auto-guess.
2026-08-05,2026-08-05T15:40:32.372930+00:00,2026-08-05,DraftKings official lineup CSV,https://www.draftkings.com/lineup/getavailableplayerscsv?contestTypeId=9&draftGroupId=151691,151691,9,Selected largest-prize regular Classic MLB draft group after excluding Turbo/Night/qualifier/satellite/showdown/snake/single-stat slates.,1B/3B,Patrick Wisdom (43755859),Patrick Wisdom,43755859,1B/3B,2000,DET@SEA 08/05/2026 09:40PM ET,08/05/2026 09:40PM ET,SEA,DET,home,2.9,,,needs_review_new_player,identity_name_team_map,No reviewed normalized-name/team identity alias; do not auto-guess.
2026-08-05,2026-08-05T15:40:32.372930+00:00,2026-08-05,DraftKings official lineup CSV,https://www.draftkings.com/lineup/getavailableplayerscsv?contestTypeId=9&draftGroupId=151691,151691,9,Selected largest-prize regular Classic MLB draft group after excluding Turbo/Night/qualifier/satellite/showdown/snake/single-stat slates.,1B,LuJames Groover (43755861),LuJames Groover,43755861,1B,2000,SD@ARI 08/05/2026 09:40PM ET,08/05/2026 09:40PM ET,ARI,SD,home,4.2,,,needs_review_new_player,identity_name_team_map,No reviewed normalized-name/team identity alias; do not auto-guess.
2026-08-05,2026-08-05T15:40:32.372930+00:00,2026-08-05,DraftKings official lineup CSV,https://www.draftkings.com/lineup/getavailableplayerscsv?contestTypeId=9&draftGroupId=151691,151691,9,Selected largest-prize regular Classic MLB draft group after excluding Turbo/Night/qualifier/satellite/showdown/snake/single-stat slates.,SS,Trey Sweeney (43755862),Trey Sweeney,43755862,SS,2000,DET@SEA 08/05/2026 09:40PM ET,08/05/2026 09:40PM ET,DET,SEA,away,0,,,needs_review_new_player,identity_name_team_map,No reviewed normalized-name/team identity alias; do not auto-guess.
2026-08-05,2026-08-05T15:40:32.372930+00:00,2026-08-05,DraftKings official lineup CSV,https://www.draftkings.com/lineup/getavailableplayerscsv?contestTypeId=9&draftGroupId=151691,151691,9,Selected largest-prize regular Classic MLB draft group after excluding Turbo/Night/qualifier/satellite/showdown/snake/single-stat slates.,SS,Tsung-Che Cheng (43755863),Tsung-Che Cheng,43755863,SS,2000,CWS@BOS 08/05/2026 07:10PM ET,08/05/2026 07:10PM ET,BOS,CWS,home,4.6,,,needs_review_new_player,identity_name_team_map,No reviewed normalized-name/team identity alias; do not auto-guess.
2026-08-05,2026-08-05T15:40:32.372930+00:00,2026-08-05,DraftKings official lineup CSV,https://www.draftkings.com/lineup/getavailableplayerscsv?contestTypeId=9&draftGroupId=151691,151691,9,Selected largest-prize regular Classic MLB draft group after excluding Turbo/Night/qualifier/satellite/showdown/snake/single-stat slates.,1B/3B,Nick Yorke (43755864),Nick Yorke,43755864,1B/3B,2000,PIT@MIL 08/05/2026 07:40PM ET,08/05/2026 07:40PM ET,PIT,MIL,away,3.7,,,needs_review_new_player,identity_name_team_map,No reviewed normalized-name/team identity alias; do not auto-guess.
2026-08-05,2026-08-05T15:40:32.372930+00:00,2026-08-05,DraftKings official lineup CSV,https://www.draftkings.com/lineup/getavailableplayerscsv?contestTypeId=9&draftGroupId=151691,151691,9,Selected largest-prize regular Classic MLB draft group after excluding Turbo/Night/qualifier/satellite/showdown/snake/single-stat slates.,3B,Oswaldo Cabrera (43755866),Oswaldo Cabrera,43755866,3B,2000,STL@NYY 08/05/2026 07:05PM ET,08/05/2026 07:05PM ET,NYY,STL,home,0,,,needs_review_new_player,identity_name_team_map,No reviewed normalized-name/team identity alias; do not auto-guess.
2026-08-05,2026-08-05T15:40:32.372930+00:00,2026-08-05,DraftKings official lineup CSV,https://www.draftkings.com/lineup/getavailableplayerscsv?contestTypeId=9&draftGroupId=151691,151691,9,Selected largest-prize regular Classic MLB draft group after excluding Turbo/Night/qualifier/satellite/showdown/snake/single-stat slates.,1B/OF,Connor Joe (43755867),Connor Joe,43755867,1B/OF,2000,DET@SEA 08/05/2026 09:40PM ET,08/05/2026 09:40PM ET,SEA,DET,home,3,,,needs_review_new_player,identity_name_team_map,No reviewed normalized-name/team identity alias; do not auto-guess.
2026-08-05,2026-08-05T15:40:32.372930+00:00,2026-08-05,DraftKings official lineup CSV,https://www.draftkings.com/lineup/getavailableplayerscsv?contestTypeId=9&draftGroupId=151691,151691,9,Selected largest-prize regular Classic MLB draft group after excluding Turbo/Night/qualifier/satellite/showdown/snake/single-stat slates.,OF,Kyler Fedko (43755869),Kyler Fedko,43755869,OF,2000,MIN@KC 08/05/2026 07:40PM ET,08/05/2026 07:40PM ET,MIN,KC,away,0.6,,,needs_review_new_player,identity_name_team_map,No reviewed normalized-name/team identity alias; do not auto-guess.
2026-08-05,2026-08-05T15:40:32.372930+00:00,2026-08-05,DraftKings official lineup CSV,https://www.draftkings.com/lineup/getavailableplayerscsv?contestTypeId=9&draftGroupId=151691,151691,9,Selected largest-prize regular Classic MLB draft group after excluding Turbo/Night/qualifier/satellite/showdown/snake/single-stat slates.,OF,Rikuu Nishida (43755870),Rikuu Nishida,43755870,OF,2000,CWS@BOS 08/05/2026 07:10PM ET,08/05/2026 07:10PM ET,CWS,BOS,away,2.6,807747,Rikuu Nishida,mapped,identity_name_team_map,Stable identity seed from old DK-ID map. Pilot join status: matched via normalized_name_team
2026-08-05,2026-08-05T15:40:32.372930+00:00,2026-08-05,DraftKings official lineup CSV,https://www.draftkings.com/lineup/getavailableplayerscsv?contestTypeId=9&draftGroupId=151691,151691,9,Selected largest-prize regular Classic MLB draft group after excluding Turbo/Night/qualifier/satellite/showdown/snake/single-stat slates.,C,Edgar Quero (43755871),Edgar Quero,43755871,C,2000,CWS@BOS 08/05/2026 07:10PM ET,08/05/2026 07:10PM ET,CWS,BOS,away,3.4,700337,Edgar Quero,mapped,identity_name_team_map,Stable identity seed from old DK-ID map. Pilot join status: matched via normalized_name_team
2026-08-05,2026-08-05T15:40:32.372930+00:00,2026-08-05,DraftKings official lineup CSV,https://www.draftkings.com/lineup/getavailableplayerscsv?contestTypeId=9&draftGroupId=151691,151691,9,Selected largest-prize regular Classic MLB draft group after excluding Turbo/Night/qualifier/satellite/showdown/snake/single-stat slates.,C,J.C. Escarra (43755872),J.C. Escarra,43755872,C,2000,STL@NYY 08/05/2026 07:05PM ET,08/05/2026 07:05PM ET,NYY,STL,home,3.3,,,needs_review_new_player,identity_name_team_map,No reviewed normalized-name/team identity alias; do not auto-guess.
2026-08-05,2026-08-05T15:40:32.372930+00:00,2026-08-05,DraftKings official lineup CSV,https://www.draftkings.com/lineup/getavailableplayerscsv?contestTypeId=9&draftGroupId=151691,151691,9,Selected largest-prize regular Classic MLB draft group after excluding Turbo/Night/qualifier/satellite/showdown/snake/single-stat slates.,3B,Cesar Prieto (43755873),Cesar Prieto,43755873,3B,2000,STL@NYY 08/05/2026 07:05PM ET,08/05/2026 07:05PM ET,STL,NYY,away,0,693409,César Prieto,mapped,identity_name_team_map,Stable identity seed from old DK-ID map. Pilot join status: matched via normalized_name_team
2026-08-05,2026-08-05T15:40:32.372930+00:00,2026-08-05,DraftKings official lineup CSV,https://www.draftkings.com/lineup/getavailableplayerscsv?contestTypeId=9&draftGroupId=151691,151691,9,Selected largest-prize regular Classic MLB draft group after excluding Turbo/Night/qualifier/satellite/showdown/snake/single-stat slates.,OF,DaShawn Keirsey Jr. (43755874),DaShawn Keirsey Jr.,43755874,OF,2000,MIA@ATL 08/05/2026 07:15PM ET,08/05/2026 07:15PM ET,ATL,MIA,home,0,680577,DaShawn Keirsey Jr.,mapped,identity_name_team_map,Stable identity seed from old DK-ID map. Pilot join status: matched_people_search_name via mlb_people_search_normalized_name
2026-08-05,2026-08-05T15:40:32.372930+00:00,2026-08-05,DraftKings official lineup CSV,https://www.draftkings.com/lineup/getavailableplayerscsv?contestTypeId=9&draftGroupId=151691,151691,9,Selected largest-prize regular Classic MLB draft group after excluding Turbo/Night/qualifier/satellite/showdown/snake/single-stat slates.,OF,Junior Perez (43755875),Junior Perez,43755875,OF,2000,CWS@BOS 08/05/2026 07:10PM ET,08/05/2026 07:10PM ET,CWS,BOS,away,2.9,678577,Junior Perez,mapped,identity_name_team_map,Stable identity seed from old DK-ID map. Pilot join status: matched_people_search_name via mlb_people_search_normalized_name
2026-08-05,2026-08-05T15:40:32.372930+00:00,2026-08-05,DraftKings official lineup CSV,https://www.draftkings.com/lineup/getavailableplayerscsv?contestTypeId=9&draftGroupId=151691,151691,9,Selected largest-prize regular Classic MLB draft group after excluding Turbo/Night/qualifier/satellite/showdown/snake/single-stat slates.,2B,Will Wagner (43755876),Will Wagner,43755876,2B,2000,SD@ARI 08/05/2026 09:40PM ET,08/05/2026 09:40PM ET,SD,ARI,away,3.7,695238,Will Wagner,mapped,identity_name_team_map,Stable identity seed from old DK-ID map. Pilot join status: matched_people_search_name via mlb_people_search_normalized_name
2026-08-05,2026-08-05T15:40:32.372930+00:00,2026-08-05,DraftKings official lineup CSV,https://www.draftkings.com/lineup/getavailableplayerscsv?contestTypeId=9&draftGroupId=151691,151691,9,Selected largest-prize regular Classic MLB draft group after excluding Turbo/Night/qualifier/satellite/showdown/snake/single-stat slates.,3B/OF,Tanner Murray (43755877),Tanner Murray,43755877,3B/OF,2000,CWS@BOS 08/05/2026 07:10PM ET,08/05/2026 07:10PM ET,CWS,BOS,away,3.2,695020,Tanner Murray,mapped,identity_name_team_map,Stable identity seed from old DK-ID map. Pilot join status: matched via normalized_name_team
2026-08-05,2026-08-05T15:40:32.372930+00:00,2026-08-05,DraftKings official lineup CSV,https://www.draftkings.com/lineup/getavailableplayerscsv?contestTypeId=9&draftGroupId=151691,151691,9,Selected largest-prize regular Classic MLB draft group after excluding Turbo/Night/qualifier/satellite/showdown/snake/single-stat slates.,OF,Matthew Lugo (43755879),Matthew Lugo,43755879,OF,2000,MIN@KC 08/05/2026 07:40PM ET,08/05/2026 07:40PM ET,KC,MIN,home,0,683090,Matthew Lugo,mapped,identity_name_team_map,Stable identity seed from old DK-ID map. Pilot join status: matched_people_search_name via mlb_people_search_normalized_name
2026-08-05,2026-08-05T15:40:32.372930+00:00,2026-08-05,DraftKings official lineup CSV,https://www.draftkings.com/lineup/getavailableplayerscsv?contestTypeId=9&draftGroupId=151691,151691,9,Selected largest-prize regular Classic MLB draft group after excluding Turbo/Night/qualifier/satellite/showdown/snake/single-stat slates.,2B/OF,Thomas Saggese (43755880),Thomas Saggese,43755880,2B/OF,2000,STL@NYY 08/05/2026 07:05PM ET,08/05/2026 07:05PM ET,STL,NYY,away,3.2,695336,Thomas Saggese,mapped,identity_name_team_map,Stable identity seed from old DK-ID map. Pilot join status: matched via normalized_name_team
2026-08-05,2026-08-05T15:40:32.372930+00:00,2026-08-05,DraftKings official lineup CSV,https://www.draftkings.com/lineup/getavailableplayerscsv?contestTypeId=9&draftGroupId=151691,151691,9,Selected largest-prize regular Classic MLB draft group after excluding Turbo/Night/qualifier/satellite/showdown/snake/single-stat slates.,SS,Jack Brannigan (43755882),Jack Brannigan,43755882,SS,2000,PIT@MIL 08/05/2026 07:40PM ET,08/05/2026 07:40PM ET,PIT,MIL,away,0,,,needs_review_new_player,identity_name_team_map,No reviewed normalized-name/team identity alias; do not auto-guess.
2026-08-05,2026-08-05T15:40:32.372930+00:00,2026-08-05,DraftKings official lineup CSV,https://www.draftkings.com/lineup/getavailableplayerscsv?contestTypeId=9&draftGroupId=151691,151691,9,Selected largest-prize regular Classic MLB draft group after excluding Turbo/Night/qualifier/satellite/showdown/snake/single-stat slates.,C,Blake Hunt (43755883),Blake Hunt,43755883,C,2000,SD@ARI 08/05/2026 09:40PM ET,08/05/2026 09:40PM ET,SD,ARI,away,0,,,needs_review_new_player,identity_name_team_map,No reviewed normalized-name/team identity alias; do not auto-guess.
2026-08-05,2026-08-05T15:40:32.372930+00:00,2026-08-05,DraftKings official lineup CSV,https://www.draftkings.com/lineup/getavailableplayerscsv?contestTypeId=9&draftGroupId=151691,151691,9,Selected largest-prize regular Classic MLB draft group after excluding Turbo/Night/qualifier/satellite/showdown/snake/single-stat slates.,3B,Jace Jung (43755884),Jace Jung,43755884,3B,2000,DET@SEA 08/05/2026 09:40PM ET,08/05/2026 09:40PM ET,DET,SEA,away,3,690291,Jace Jung,mapped,identity_name_team_map,Proposed from review candidates; basis=exact normalized name + team; role-compatible; statcast_batter_des_2026; confidence=high; sources=statcast_batter_des_2026
2026-08-05,2026-08-05T15:40:32.372930+00:00,2026-08-05,DraftKings official lineup CSV,https://www.draftkings.com/lineup/getavailableplayerscsv?contestTypeId=9&draftGroupId=151691,151691,9,Selected largest-prize regular Classic MLB draft group after excluding Turbo/Night/qualifier/satellite/showdown/snake/single-stat slates.,OF,Johnathan Rodriguez (43755885),Johnathan Rodriguez,43755885,OF,2000,PIT@MIL 08/05/2026 07:40PM ET,08/05/2026 07:40PM ET,PIT,MIL,away,2.6,,,needs_review_new_player,identity_name_team_map,No reviewed normalized-name/team identity alias; do not auto-guess.
2026-08-05,2026-08-05T15:40:32.372930+00:00,2026-08-05,DraftKings official lineup CSV,https://www.draftkings.com/lineup/getavailableplayerscsv?contestTypeId=9&draftGroupId=151691,151691,9,Selected largest-prize regular Classic MLB draft group after excluding Turbo/Night/qualifier/satellite/showdown/snake/single-stat slates.,C,Jeferson Quero (43755886),Jeferson Quero,43755886,C,2000,PIT@MIL 08/05/2026 07:40PM ET,08/05/2026 07:40PM ET,MIL,PIT,home,2,691620,Jeferson Quero,mapped,identity_name_team_map,Stable identity seed from old DK-ID map. Pilot join status: matched via normalized_name_team
2026-08-05,2026-08-05T15:40:32.372930+00:00,2026-08-05,DraftKings official lineup CSV,https://www.draftkings.com/lineup/getavailableplayerscsv?contestTypeId=9&draftGroupId=151691,151691,9,Selected largest-prize regular Classic MLB draft group after excluding Turbo/Night/qualifier/satellite/showdown/snake/single-stat slates.,OF,Trei Cruz (43755887),Trei Cruz,43755887,OF,2000,DET@SEA 08/05/2026 09:40PM ET,08/05/2026 09:40PM ET,DET,SEA,away,0,669360,Trei Cruz,mapped,identity_name_team_map,Proposed from review candidates; basis=exact normalized name + team; role-compatible; statcast_batter_des_2026; confidence=high; sources=statcast_batter_des_2026
2026-08-05,2026-08-05T15:40:32.372930+00:00,2026-08-05,DraftKings official lineup CSV,https://www.draftkings.com/lineup/getavailableplayerscsv?contestTypeId=9&draftGroupId=151691,151691,9,Selected largest-prize regular Classic MLB draft group after excluding Turbo/Night/qualifier/satellite/showdown/snake/single-stat slates.,OF,Gabriel Gonzalez (43755888),Gabriel Gonzalez,43755888,OF,2000,MIN@KC 08/05/2026 07:40PM ET,08/05/2026 07:40PM ET,MIN,KC,away,9,694224,Gabriel Gonzalez,mapped,identity_name_team_map,Proposed from review candidates; basis=exact normalized name + team; role-compatible; statcast_batter_des_2026; confidence=high; sources=statcast_batter_des_2026
