captureDate,capturedAtUtc,slateDate,source,sourceUrl,draftGroupId,contestTypeId,selectionReason,position,namePlusId,dkName,dkPlayerId,rosterPosition,salary,gameInfo,gameDateTimeEt,teamAbbrev,opponent,homeAway,avgPointsPerGame,mlbamId,mlbName,joinStatus,joinMethod,joinNote
2026-07-19,2026-07-19T14:40:01.662576+00:00,2026-07-19,DraftKings official lineup CSV,https://www.draftkings.com/lineup/getavailableplayerscsv?contestTypeId=9&draftGroupId=150785,150785,9,Selected largest-prize regular Classic MLB draft group after excluding Turbo/Night/qualifier/satellite/showdown/snake/single-stat slates.,SP,Jacob Misiorowski (43631424),Jacob Misiorowski,43631424,P,12000,MIA@MIL 07/19/2026 02:10PM ET,07/19/2026 02:10PM ET,MIL,MIA,home,29.6,694819,Jacob Misiorowski,mapped,identity_name_team_map,Stable identity seed from old DK-ID map. Pilot join status: matched via normalized_name_team
2026-07-19,2026-07-19T14:40:01.662576+00:00,2026-07-19,DraftKings official lineup CSV,https://www.draftkings.com/lineup/getavailableplayerscsv?contestTypeId=9&draftGroupId=150785,150785,9,Selected largest-prize regular Classic MLB draft group after excluding Turbo/Night/qualifier/satellite/showdown/snake/single-stat slates.,SP,Zack Wheeler (43631425),Zack Wheeler,43631425,P,11300,NYM@PHI 07/19/2026 01:35PM ET,07/19/2026 01:35PM ET,PHI,NYM,home,24.7,554430,Zack Wheeler,mapped,identity_name_team_map,Stable identity seed from old DK-ID map. Pilot join status: matched via normalized_name_team
2026-07-19,2026-07-19T14:40:01.662576+00:00,2026-07-19,DraftKings official lineup CSV,https://www.draftkings.com/lineup/getavailableplayerscsv?contestTypeId=9&draftGroupId=150785,150785,9,Selected largest-prize regular Classic MLB draft group after excluding Turbo/Night/qualifier/satellite/showdown/snake/single-stat slates.,SP,Cristopher Sanchez (43631426),Cristopher Sanchez,43631426,P,10800,NYM@PHI 07/19/2026 01:35PM ET,07/19/2026 01:35PM ET,PHI,NYM,home,22.9,650911,Cristopher Sánchez,mapped,identity_name_team_map,Stable identity seed from old DK-ID map. Pilot join status: matched via normalized_name_team
2026-07-19,2026-07-19T14:40:01.662576+00:00,2026-07-19,DraftKings official lineup CSV,https://www.draftkings.com/lineup/getavailableplayerscsv?contestTypeId=9&draftGroupId=150785,150785,9,Selected largest-prize regular Classic MLB draft group after excluding Turbo/Night/qualifier/satellite/showdown/snake/single-stat slates.,SP,Chris Sale (43631427),Chris Sale,43631427,P,10600,TEX@ATL 07/19/2026 01:35PM ET,07/19/2026 01:35PM ET,ATL,TEX,home,22.3,519242,Chris Sale,mapped,identity_name_team_map,Stable identity seed from old DK-ID map. Pilot join status: matched via normalized_name_team
2026-07-19,2026-07-19T14:40:01.662576+00:00,2026-07-19,DraftKings official lineup CSV,https://www.draftkings.com/lineup/getavailableplayerscsv?contestTypeId=9&draftGroupId=150785,150785,9,Selected largest-prize regular Classic MLB draft group after excluding Turbo/Night/qualifier/satellite/showdown/snake/single-stat slates.,SP,Jacob deGrom (43631428),Jacob deGrom,43631428,P,9800,TEX@ATL 07/19/2026 01:35PM ET,07/19/2026 01:35PM ET,TEX,ATL,away,20,594798,Jacob deGrom,mapped,identity_name_team_map,Stable identity seed from old DK-ID map. Pilot join status: matched via normalized_name_team
2026-07-19,2026-07-19T14:40:01.662576+00:00,2026-07-19,DraftKings official lineup CSV,https://www.draftkings.com/lineup/getavailableplayerscsv?contestTypeId=9&draftGroupId=150785,150785,9,Selected largest-prize regular Classic MLB draft group after excluding Turbo/Night/qualifier/satellite/showdown/snake/single-stat slates.,SP,Garrett Crochet (43631429),Garrett Crochet,43631429,P,9800,TB@BOS 07/19/2026 01:35PM ET,07/19/2026 01:35PM ET,BOS,TB,home,13.8,,,needs_review_new_player,identity_name_team_map,No reviewed normalized-name/team identity alias; do not auto-guess.
2026-07-19,2026-07-19T14:40:01.662576+00:00,2026-07-19,DraftKings official lineup CSV,https://www.draftkings.com/lineup/getavailableplayerscsv?contestTypeId=9&draftGroupId=150785,150785,9,Selected largest-prize regular Classic MLB draft group after excluding Turbo/Night/qualifier/satellite/showdown/snake/single-stat slates.,SP,Spencer Schwellenbach (43631430),Spencer Schwellenbach,43631430,P,9600,TEX@ATL 07/19/2026 01:35PM ET,07/19/2026 01:35PM ET,ATL,TEX,home,0,680885,Spencer Schwellenbach,mapped,identity_name_team_map,Stable identity seed from old DK-ID map. Pilot join status: matched_people_search_name via mlb_people_search_normalized_name
2026-07-19,2026-07-19T14:40:01.662576+00:00,2026-07-19,DraftKings official lineup CSV,https://www.draftkings.com/lineup/getavailableplayerscsv?contestTypeId=9&draftGroupId=150785,150785,9,Selected largest-prize regular Classic MLB draft group after excluding Turbo/Night/qualifier/satellite/showdown/snake/single-stat slates.,SP,Paul Skenes (43631035),Paul Skenes,43631035,P,9500,PIT@CLE 07/19/2026 01:40PM ET,07/19/2026 01:40PM ET,PIT,CLE,away,18.6,,,needs_review_new_player,identity_name_team_map,No reviewed normalized-name/team identity alias; do not auto-guess.
2026-07-19,2026-07-19T14:40:01.662576+00:00,2026-07-19,DraftKings official lineup CSV,https://www.draftkings.com/lineup/getavailableplayerscsv?contestTypeId=9&draftGroupId=150785,150785,9,Selected largest-prize regular Classic MLB draft group after excluding Turbo/Night/qualifier/satellite/showdown/snake/single-stat slates.,RP,Braxton Ashcraft (43631431),Braxton Ashcraft,43631431,P,9500,PIT@CLE 07/19/2026 01:40PM ET,07/19/2026 01:40PM ET,PIT,CLE,away,20,,,needs_review_new_player,identity_name_team_map,No reviewed normalized-name/team identity alias; do not auto-guess.
2026-07-19,2026-07-19T14:40:01.662576+00:00,2026-07-19,DraftKings official lineup CSV,https://www.draftkings.com/lineup/getavailableplayerscsv?contestTypeId=9&draftGroupId=150785,150785,9,Selected largest-prize regular Classic MLB draft group after excluding Turbo/Night/qualifier/satellite/showdown/snake/single-stat slates.,SP,Nathan Eovaldi (43631036),Nathan Eovaldi,43631036,P,9300,TEX@ATL 07/19/2026 01:35PM ET,07/19/2026 01:35PM ET,TEX,ATL,away,19.1,543135,Nathan Eovaldi,mapped,identity_name_team_map,Stable identity seed from old DK-ID map. Pilot join status: matched via normalized_name_team
2026-07-19,2026-07-19T14:40:01.662576+00:00,2026-07-19,DraftKings official lineup CSV,https://www.draftkings.com/lineup/getavailableplayerscsv?contestTypeId=9&draftGroupId=150785,150785,9,Selected largest-prize regular Classic MLB draft group after excluding Turbo/Night/qualifier/satellite/showdown/snake/single-stat slates.,SP,Jesus Luzardo (43631432),Jesus Luzardo,43631432,P,9300,NYM@PHI 07/19/2026 01:35PM ET,07/19/2026 01:35PM ET,PHI,NYM,home,20.2,666200,Jesús Luzardo,mapped,identity_name_team_map,Stable identity seed from old DK-ID map. Pilot join status: matched via normalized_name_team
2026-07-19,2026-07-19T14:40:01.662576+00:00,2026-07-19,DraftKings official lineup CSV,https://www.draftkings.com/lineup/getavailableplayerscsv?contestTypeId=9&draftGroupId=150785,150785,9,Selected largest-prize regular Classic MLB draft group after excluding Turbo/Night/qualifier/satellite/showdown/snake/single-stat slates.,SP,Max Meyer (43631433),Max Meyer,43631433,P,9300,MIA@MIL 07/19/2026 02:10PM ET,07/19/2026 02:10PM ET,MIA,MIL,away,19.1,676974,Max Meyer,mapped,identity_name_team_map,Proposed from review candidates; basis=exact normalized name + team; role-compatible; hot-dog-stand-latest.json|statcast_pitcher_2026; confidence=high; sources=hot-dog-stand-latest.json|statcast_pitcher_2026
2026-07-19,2026-07-19T14:40:01.662576+00:00,2026-07-19,DraftKings official lineup CSV,https://www.draftkings.com/lineup/getavailableplayerscsv?contestTypeId=9&draftGroupId=150785,150785,9,Selected largest-prize regular Classic MLB draft group after excluding Turbo/Night/qualifier/satellite/showdown/snake/single-stat slates.,SP,Joe Ryan (43631434),Joe Ryan,43631434,P,9100,MIN@CHC 07/19/2026 02:20PM ET,07/19/2026 02:20PM ET,MIN,CHC,away,18.7,657746,Joe Ryan,mapped,identity_name_team_map,Proposed from review candidates; basis=exact normalized name + team; role-compatible; hot-dog-stand-latest.json|statcast_pitcher_2026; confidence=high; sources=hot-dog-stand-latest.json|statcast_pitcher_2026
2026-07-19,2026-07-19T14:40:01.662576+00:00,2026-07-19,DraftKings official lineup CSV,https://www.draftkings.com/lineup/getavailableplayerscsv?contestTypeId=9&draftGroupId=150785,150785,9,Selected largest-prize regular Classic MLB draft group after excluding Turbo/Night/qualifier/satellite/showdown/snake/single-stat slates.,SP,Hunter Brown (43631037),Hunter Brown,43631037,P,9000,BAL@HOU 07/19/2026 02:10PM ET,07/19/2026 02:10PM ET,HOU,BAL,home,14.7,686613,Hunter Brown,mapped,identity_name_team_map,Stable identity seed from old DK-ID map. Pilot join status: matched via normalized_name_team
2026-07-19,2026-07-19T14:40:01.662576+00:00,2026-07-19,DraftKings official lineup CSV,https://www.draftkings.com/lineup/getavailableplayerscsv?contestTypeId=9&draftGroupId=150785,150785,9,Selected largest-prize regular Classic MLB draft group after excluding Turbo/Night/qualifier/satellite/showdown/snake/single-stat slates.,RP,Kyle Harrison (43631435),Kyle Harrison,43631435,P,9000,MIA@MIL 07/19/2026 02:10PM ET,07/19/2026 02:10PM ET,MIL,MIA,home,18.2,690986,Kyle Harrison,mapped,identity_name_team_map,Stable identity seed from old DK-ID map. Pilot join status: matched via normalized_name_team
2026-07-19,2026-07-19T14:40:01.662576+00:00,2026-07-19,DraftKings official lineup CSV,https://www.draftkings.com/lineup/getavailableplayerscsv?contestTypeId=9&draftGroupId=150785,150785,9,Selected largest-prize regular Classic MLB draft group after excluding Turbo/Night/qualifier/satellite/showdown/snake/single-stat slates.,SP,Logan Henderson (43631436),Logan Henderson,43631436,P,9000,MIA@MIL 07/19/2026 02:10PM ET,07/19/2026 02:10PM ET,MIL,MIA,home,17.4,701656,Logan Henderson,mapped,identity_name_team_map,Stable identity seed from old DK-ID map. Pilot join status: matched via normalized_name_team
2026-07-19,2026-07-19T14:40:01.662576+00:00,2026-07-19,DraftKings official lineup CSV,https://www.draftkings.com/lineup/getavailableplayerscsv?contestTypeId=9&draftGroupId=150785,150785,9,Selected largest-prize regular Classic MLB draft group after excluding Turbo/Night/qualifier/satellite/showdown/snake/single-stat slates.,SP,Brandon Woodruff (43631437),Brandon Woodruff,43631437,P,9000,MIA@MIL 07/19/2026 02:10PM ET,07/19/2026 02:10PM ET,MIL,MIA,home,16.7,605540,Brandon Woodruff,mapped,identity_name_team_map,Stable identity seed from old DK-ID map. Pilot join status: matched via normalized_name_team
2026-07-19,2026-07-19T14:40:01.662576+00:00,2026-07-19,DraftKings official lineup CSV,https://www.draftkings.com/lineup/getavailableplayerscsv?contestTypeId=9&draftGroupId=150785,150785,9,Selected largest-prize regular Classic MLB draft group after excluding Turbo/Night/qualifier/satellite/showdown/snake/single-stat slates.,SP,Peter Lambert (43631438),Peter Lambert,43631438,P,9000,BAL@HOU 07/19/2026 02:10PM ET,07/19/2026 02:10PM ET,HOU,BAL,home,18.4,663567,Peter Lambert,mapped,identity_name_team_map,Stable identity seed from old DK-ID map. Pilot join status: matched via normalized_name_team
2026-07-19,2026-07-19T14:40:01.662576+00:00,2026-07-19,DraftKings official lineup CSV,https://www.draftkings.com/lineup/getavailableplayerscsv?contestTypeId=9&draftGroupId=150785,150785,9,Selected largest-prize regular Classic MLB draft group after excluding Turbo/Night/qualifier/satellite/showdown/snake/single-stat slates.,SP,Drew Rasmussen (43631439),Drew Rasmussen,43631439,P,9000,TB@BOS 07/19/2026 01:35PM ET,07/19/2026 01:35PM ET,TB,BOS,away,17.6,,,needs_review_new_player,identity_name_team_map,No reviewed normalized-name/team identity alias; do not auto-guess.
2026-07-19,2026-07-19T14:40:01.662576+00:00,2026-07-19,DraftKings official lineup CSV,https://www.draftkings.com/lineup/getavailableplayerscsv?contestTypeId=9&draftGroupId=150785,150785,9,Selected largest-prize regular Classic MLB draft group after excluding Turbo/Night/qualifier/satellite/showdown/snake/single-stat slates.,SP,Sonny Gray (43631038),Sonny Gray,43631038,P,8800,TB@BOS 07/19/2026 01:35PM ET,07/19/2026 01:35PM ET,BOS,TB,home,18.3,,,needs_review_new_player,identity_name_team_map,No reviewed normalized-name/team identity alias; do not auto-guess.
2026-07-19,2026-07-19T14:40:01.662576+00:00,2026-07-19,DraftKings official lineup CSV,https://www.draftkings.com/lineup/getavailableplayerscsv?contestTypeId=9&draftGroupId=150785,150785,9,Selected largest-prize regular Classic MLB draft group after excluding Turbo/Night/qualifier/satellite/showdown/snake/single-stat slates.,SP,Ranger Suarez (43631440),Ranger Suarez,43631440,P,8800,TB@BOS 07/19/2026 01:35PM ET,07/19/2026 01:35PM ET,BOS,TB,home,16.9,,,needs_review_new_player,identity_name_team_map,No reviewed normalized-name/team identity alias; do not auto-guess.
2026-07-19,2026-07-19T14:40:01.662576+00:00,2026-07-19,DraftKings official lineup CSV,https://www.draftkings.com/lineup/getavailableplayerscsv?contestTypeId=9&draftGroupId=150785,150785,9,Selected largest-prize regular Classic MLB draft group after excluding Turbo/Night/qualifier/satellite/showdown/snake/single-stat slates.,SP,Nolan McLean (43631039),Nolan McLean,43631039,P,8700,NYM@PHI 07/19/2026 01:35PM ET,07/19/2026 01:35PM ET,NYM,PHI,away,18.5,690997,Nolan McLean,mapped,identity_name_team_map,Stable identity seed from old DK-ID map. Pilot join status: matched via normalized_name_team
2026-07-19,2026-07-19T14:40:01.662576+00:00,2026-07-19,DraftKings official lineup CSV,https://www.draftkings.com/lineup/getavailableplayerscsv?contestTypeId=9&draftGroupId=150785,150785,9,Selected largest-prize regular Classic MLB draft group after excluding Turbo/Night/qualifier/satellite/showdown/snake/single-stat slates.,SP,Tylor Megill (43631441),Tylor Megill,43631441,P,8700,NYM@PHI 07/19/2026 01:35PM ET,07/19/2026 01:35PM ET,NYM,PHI,away,0,656731,Tylor Megill,mapped,identity_name_team_map,Stable identity seed from old DK-ID map. Pilot join status: matched_people_search_name via mlb_people_search_normalized_name
2026-07-19,2026-07-19T14:40:01.662576+00:00,2026-07-19,DraftKings official lineup CSV,https://www.draftkings.com/lineup/getavailableplayerscsv?contestTypeId=9&draftGroupId=150785,150785,9,Selected largest-prize regular Classic MLB draft group after excluding Turbo/Night/qualifier/satellite/showdown/snake/single-stat slates.,RP,Clay Holmes (43631442),Clay Holmes,43631442,P,8700,NYM@PHI 07/19/2026 01:35PM ET,07/19/2026 01:35PM ET,NYM,PHI,away,17.9,605280,Clay Holmes,mapped,identity_name_team_map,Stable identity seed from old DK-ID map. Pilot join status: matched via normalized_name_team
2026-07-19,2026-07-19T14:40:01.662576+00:00,2026-07-19,DraftKings official lineup CSV,https://www.draftkings.com/lineup/getavailableplayerscsv?contestTypeId=9&draftGroupId=150785,150785,9,Selected largest-prize regular Classic MLB draft group after excluding Turbo/Night/qualifier/satellite/showdown/snake/single-stat slates.,SP,Taj Bradley (43631443),Taj Bradley,43631443,P,8600,MIN@CHC 07/19/2026 02:20PM ET,07/19/2026 02:20PM ET,MIN,CHC,away,18.5,671737,Taj Bradley,mapped,identity_name_team_map,Proposed from review candidates; basis=exact normalized name + team; role-compatible; hot-dog-stand-latest.json|statcast_pitcher_2026; confidence=high; sources=hot-dog-stand-latest.json|statcast_pitcher_2026
2026-07-19,2026-07-19T14:40:01.662576+00:00,2026-07-19,DraftKings official lineup CSV,https://www.draftkings.com/lineup/getavailableplayerscsv?contestTypeId=9&draftGroupId=150785,150785,9,Selected largest-prize regular Classic MLB draft group after excluding Turbo/Night/qualifier/satellite/showdown/snake/single-stat slates.,RP,AJ Smith-Shawver (43631444),AJ Smith-Shawver,43631444,P,8600,TEX@ATL 07/19/2026 01:35PM ET,07/19/2026 01:35PM ET,ATL,TEX,home,0,700363,AJ Smith-Shawver,mapped,identity_name_team_map,Stable identity seed from old DK-ID map. Pilot join status: matched_people_search_name via mlb_people_search_normalized_name
2026-07-19,2026-07-19T14:40:01.662576+00:00,2026-07-19,DraftKings official lineup CSV,https://www.draftkings.com/lineup/getavailableplayerscsv?contestTypeId=9&draftGroupId=150785,150785,9,Selected largest-prize regular Classic MLB draft group after excluding Turbo/Night/qualifier/satellite/showdown/snake/single-stat slates.,RP,Spencer Strider (43631445),Spencer Strider,43631445,P,8600,TEX@ATL 07/19/2026 01:35PM ET,07/19/2026 01:35PM ET,ATL,TEX,home,14.7,675911,Spencer Strider,mapped,identity_name_team_map,Stable identity seed from old DK-ID map. Pilot join status: matched via normalized_name_team
2026-07-19,2026-07-19T14:40:01.662576+00:00,2026-07-19,DraftKings official lineup CSV,https://www.draftkings.com/lineup/getavailableplayerscsv?contestTypeId=9&draftGroupId=150785,150785,9,Selected largest-prize regular Classic MLB draft group after excluding Turbo/Night/qualifier/satellite/showdown/snake/single-stat slates.,SP,Kyle Bradish (43631040),Kyle Bradish,43631040,P,8500,BAL@HOU 07/19/2026 02:10PM ET,07/19/2026 02:10PM ET,BAL,HOU,away,15.8,,,needs_review_new_player,identity_name_team_map,No reviewed normalized-name/team identity alias; do not auto-guess.
2026-07-19,2026-07-19T14:40:01.662576+00:00,2026-07-19,DraftKings official lineup CSV,https://www.draftkings.com/lineup/getavailableplayerscsv?contestTypeId=9&draftGroupId=150785,150785,9,Selected largest-prize regular Classic MLB draft group after excluding Turbo/Night/qualifier/satellite/showdown/snake/single-stat slates.,SP,Gavin Williams (43631446),Gavin Williams,43631446,P,8500,PIT@CLE 07/19/2026 01:40PM ET,07/19/2026 01:40PM ET,CLE,PIT,home,20.5,,,needs_review_new_player,identity_name_team_map,No reviewed normalized-name/team identity alias; do not auto-guess.
2026-07-19,2026-07-19T14:40:01.662576+00:00,2026-07-19,DraftKings official lineup CSV,https://www.draftkings.com/lineup/getavailableplayerscsv?contestTypeId=9&draftGroupId=150785,150785,9,Selected largest-prize regular Classic MLB draft group after excluding Turbo/Night/qualifier/satellite/showdown/snake/single-stat slates.,SP,Parker Messick (43631447),Parker Messick,43631447,P,8500,PIT@CLE 07/19/2026 01:40PM ET,07/19/2026 01:40PM ET,CLE,PIT,home,19.1,,,needs_review_new_player,identity_name_team_map,No reviewed normalized-name/team identity alias; do not auto-guess.
2026-07-19,2026-07-19T14:40:01.662576+00:00,2026-07-19,DraftKings official lineup CSV,https://www.draftkings.com/lineup/getavailableplayerscsv?contestTypeId=9&draftGroupId=150785,150785,9,Selected largest-prize regular Classic MLB draft group after excluding Turbo/Night/qualifier/satellite/showdown/snake/single-stat slates.,SP,Eury Perez (43631041),Eury Perez,43631041,P,8300,MIA@MIL 07/19/2026 02:10PM ET,07/19/2026 02:10PM ET,MIA,MIL,away,16.8,691587,Eury Pérez,mapped,identity_name_team_map,Proposed from review candidates; basis=exact normalized name + team; role-compatible; hot-dog-stand-latest.json|statcast_pitcher_2026; confidence=high; sources=hot-dog-stand-latest.json|statcast_pitcher_2026
2026-07-19,2026-07-19T14:40:01.662576+00:00,2026-07-19,DraftKings official lineup CSV,https://www.draftkings.com/lineup/getavailableplayerscsv?contestTypeId=9&draftGroupId=150785,150785,9,Selected largest-prize regular Classic MLB draft group after excluding Turbo/Night/qualifier/satellite/showdown/snake/single-stat slates.,SP,MacKenzie Gore (43631448),MacKenzie Gore,43631448,P,8300,TEX@ATL 07/19/2026 01:35PM ET,07/19/2026 01:35PM ET,TEX,ATL,away,14.8,669022,MacKenzie Gore,mapped,identity_name_team_map,Stable identity seed from old DK-ID map. Pilot join status: matched via normalized_name_team
2026-07-19,2026-07-19T14:40:01.662576+00:00,2026-07-19,DraftKings official lineup CSV,https://www.draftkings.com/lineup/getavailableplayerscsv?contestTypeId=9&draftGroupId=150785,150785,9,Selected largest-prize regular Classic MLB draft group after excluding Turbo/Night/qualifier/satellite/showdown/snake/single-stat slates.,RP,Ben Brown (43631449),Ben Brown,43631449,P,8300,MIN@CHC 07/19/2026 02:20PM ET,07/19/2026 02:20PM ET,CHC,MIN,home,11.6,676962,Ben Brown,mapped,identity_name_team_map,Stable identity seed from old DK-ID map. Pilot join status: matched via normalized_name_team
2026-07-19,2026-07-19T14:40:01.662576+00:00,2026-07-19,DraftKings official lineup CSV,https://www.draftkings.com/lineup/getavailableplayerscsv?contestTypeId=9&draftGroupId=150785,150785,9,Selected largest-prize regular Classic MLB draft group after excluding Turbo/Night/qualifier/satellite/showdown/snake/single-stat slates.,SP,Justin Steele (43631450),Justin Steele,43631450,P,8300,MIN@CHC 07/19/2026 02:20PM ET,07/19/2026 02:20PM ET,CHC,MIN,home,0,657006,Justin Steele,mapped,identity_name_team_map,Stable identity seed from old DK-ID map. Pilot join status: matched_people_search_name via mlb_people_search_normalized_name
2026-07-19,2026-07-19T14:40:01.662576+00:00,2026-07-19,DraftKings official lineup CSV,https://www.draftkings.com/lineup/getavailableplayerscsv?contestTypeId=9&draftGroupId=150785,150785,9,Selected largest-prize regular Classic MLB draft group after excluding Turbo/Night/qualifier/satellite/showdown/snake/single-stat slates.,SP,Sandy Alcantara (43631451),Sandy Alcantara,43631451,P,8300,MIA@MIL 07/19/2026 02:10PM ET,07/19/2026 02:10PM ET,MIA,MIL,away,16.3,645261,Sandy Alcantara,mapped,identity_name_team_map,Proposed from review candidates; basis=exact normalized name + team; role-compatible; hot-dog-stand-latest.json|statcast_pitcher_2026; confidence=high; sources=hot-dog-stand-latest.json|statcast_pitcher_2026
2026-07-19,2026-07-19T14:40:01.662576+00:00,2026-07-19,DraftKings official lineup CSV,https://www.draftkings.com/lineup/getavailableplayerscsv?contestTypeId=9&draftGroupId=150785,150785,9,Selected largest-prize regular Classic MLB draft group after excluding Turbo/Night/qualifier/satellite/showdown/snake/single-stat slates.,SP,Jake Bennett (43631452),Jake Bennett,43631452,P,8300,TB@BOS 07/19/2026 01:35PM ET,07/19/2026 01:35PM ET,BOS,TB,home,17.7,,,needs_review_new_player,identity_name_team_map,No reviewed normalized-name/team identity alias; do not auto-guess.
2026-07-19,2026-07-19T14:40:01.662576+00:00,2026-07-19,DraftKings official lineup CSV,https://www.draftkings.com/lineup/getavailableplayerscsv?contestTypeId=9&draftGroupId=150785,150785,9,Selected largest-prize regular Classic MLB draft group after excluding Turbo/Night/qualifier/satellite/showdown/snake/single-stat slates.,SP,Connelly Early (43631453),Connelly Early,43631453,P,8300,TB@BOS 07/19/2026 01:35PM ET,07/19/2026 01:35PM ET,BOS,TB,home,16.2,,,needs_review_new_player,identity_name_team_map,No reviewed normalized-name/team identity alias; do not auto-guess.
2026-07-19,2026-07-19T14:40:01.662576+00:00,2026-07-19,DraftKings official lineup CSV,https://www.draftkings.com/lineup/getavailableplayerscsv?contestTypeId=9&draftGroupId=150785,150785,9,Selected largest-prize regular Classic MLB draft group after excluding Turbo/Night/qualifier/satellite/showdown/snake/single-stat slates.,SP,Payton Tolle (43631454),Payton Tolle,43631454,P,8300,TB@BOS 07/19/2026 01:35PM ET,07/19/2026 01:35PM ET,BOS,TB,home,17.7,,,needs_review_new_player,identity_name_team_map,No reviewed normalized-name/team identity alias; do not auto-guess.
2026-07-19,2026-07-19T14:40:01.662576+00:00,2026-07-19,DraftKings official lineup CSV,https://www.draftkings.com/lineup/getavailableplayerscsv?contestTypeId=9&draftGroupId=150785,150785,9,Selected largest-prize regular Classic MLB draft group after excluding Turbo/Night/qualifier/satellite/showdown/snake/single-stat slates.,SP,Freddy Peralta (43631455),Freddy Peralta,43631455,P,8200,NYM@PHI 07/19/2026 01:35PM ET,07/19/2026 01:35PM ET,NYM,PHI,away,13.3,642547,Freddy Peralta,mapped,identity_name_team_map,Stable identity seed from old DK-ID map. Pilot join status: matched via normalized_name_team
2026-07-19,2026-07-19T14:40:01.662576+00:00,2026-07-19,DraftKings official lineup CSV,https://www.draftkings.com/lineup/getavailableplayerscsv?contestTypeId=9&draftGroupId=150785,150785,9,Selected largest-prize regular Classic MLB draft group after excluding Turbo/Night/qualifier/satellite/showdown/snake/single-stat slates.,SP,Pablo Lopez (43631456),Pablo Lopez,43631456,P,8100,MIN@CHC 07/19/2026 02:20PM ET,07/19/2026 02:20PM ET,MIN,CHC,away,0,,,needs_review_new_player,identity_name_team_map,No reviewed normalized-name/team identity alias; do not auto-guess.
2026-07-19,2026-07-19T14:40:01.662576+00:00,2026-07-19,DraftKings official lineup CSV,https://www.draftkings.com/lineup/getavailableplayerscsv?contestTypeId=9&draftGroupId=150785,150785,9,Selected largest-prize regular Classic MLB draft group after excluding Turbo/Night/qualifier/satellite/showdown/snake/single-stat slates.,SP,Mick Abel (43631457),Mick Abel,43631457,P,8100,MIN@CHC 07/19/2026 02:20PM ET,07/19/2026 02:20PM ET,MIN,CHC,away,14.2,690953,Mick Abel,mapped,identity_name_team_map,Proposed from review candidates; basis=exact normalized name + team; role-compatible; statcast_pitcher_2026; confidence=high; sources=statcast_pitcher_2026
2026-07-19,2026-07-19T14:40:01.662576+00:00,2026-07-19,DraftKings official lineup CSV,https://www.draftkings.com/lineup/getavailableplayerscsv?contestTypeId=9&draftGroupId=150785,150785,9,Selected largest-prize regular Classic MLB draft group after excluding Turbo/Night/qualifier/satellite/showdown/snake/single-stat slates.,SP,Shane McClanahan (43631042),Shane McClanahan,43631042,P,8000,TB@BOS 07/19/2026 01:35PM ET,07/19/2026 01:35PM ET,TB,BOS,away,16.2,,,needs_review_new_player,identity_name_team_map,No reviewed normalized-name/team identity alias; do not auto-guess.
2026-07-19,2026-07-19T14:40:01.662576+00:00,2026-07-19,DraftKings official lineup CSV,https://www.draftkings.com/lineup/getavailableplayerscsv?contestTypeId=9&draftGroupId=150785,150785,9,Selected largest-prize regular Classic MLB draft group after excluding Turbo/Night/qualifier/satellite/showdown/snake/single-stat slates.,SP,Nick Pivetta (43631458),Nick Pivetta,43631458,P,8000,SD@KC 07/19/2026 02:10PM ET,07/19/2026 02:10PM ET,SD,KC,away,15.3,601713,Nick Pivetta,mapped,identity_name_team_map,Stable identity seed from old DK-ID map. Pilot join status: matched via normalized_name_team
2026-07-19,2026-07-19T14:40:01.662576+00:00,2026-07-19,DraftKings official lineup CSV,https://www.draftkings.com/lineup/getavailableplayerscsv?contestTypeId=9&draftGroupId=150785,150785,9,Selected largest-prize regular Classic MLB draft group after excluding Turbo/Night/qualifier/satellite/showdown/snake/single-stat slates.,RP,Ian Seymour (43631459),Ian Seymour,43631459,P,8000,TB@BOS 07/19/2026 01:35PM ET,07/19/2026 01:35PM ET,TB,BOS,away,6.2,,,needs_review_new_player,identity_name_team_map,No reviewed normalized-name/team identity alias; do not auto-guess.
2026-07-19,2026-07-19T14:40:01.662576+00:00,2026-07-19,DraftKings official lineup CSV,https://www.draftkings.com/lineup/getavailableplayerscsv?contestTypeId=9&draftGroupId=150785,150785,9,Selected largest-prize regular Classic MLB draft group after excluding Turbo/Night/qualifier/satellite/showdown/snake/single-stat slates.,SP,Spencer Arrighetti (43631460),Spencer Arrighetti,43631460,P,8000,BAL@HOU 07/19/2026 02:10PM ET,07/19/2026 02:10PM ET,HOU,BAL,home,14.9,681293,Spencer Arrighetti,mapped,identity_name_team_map,Stable identity seed from old DK-ID map. Pilot join status: matched via normalized_name_team
2026-07-19,2026-07-19T14:40:01.662576+00:00,2026-07-19,DraftKings official lineup CSV,https://www.draftkings.com/lineup/getavailableplayerscsv?contestTypeId=9&draftGroupId=150785,150785,9,Selected largest-prize regular Classic MLB draft group after excluding Turbo/Night/qualifier/satellite/showdown/snake/single-stat slates.,SP,Joe Musgrove (43631461),Joe Musgrove,43631461,P,8000,SD@KC 07/19/2026 02:10PM ET,07/19/2026 02:10PM ET,SD,KC,away,0,605397,Joe Musgrove,mapped,identity_name_team_map,Stable identity seed from old DK-ID map. Pilot join status: matched_people_search_name via mlb_people_search_normalized_name
2026-07-19,2026-07-19T14:40:01.662576+00:00,2026-07-19,DraftKings official lineup CSV,https://www.draftkings.com/lineup/getavailableplayerscsv?contestTypeId=9&draftGroupId=150785,150785,9,Selected largest-prize regular Classic MLB draft group after excluding Turbo/Night/qualifier/satellite/showdown/snake/single-stat slates.,RP,Griffin Jax (43631462),Griffin Jax,43631462,P,8000,TB@BOS 07/19/2026 01:35PM ET,07/19/2026 01:35PM ET,TB,BOS,away,8.3,,,needs_review_new_player,identity_name_team_map,No reviewed normalized-name/team identity alias; do not auto-guess.
2026-07-19,2026-07-19T14:40:01.662576+00:00,2026-07-19,DraftKings official lineup CSV,https://www.draftkings.com/lineup/getavailableplayerscsv?contestTypeId=9&draftGroupId=150785,150785,9,Selected largest-prize regular Classic MLB draft group after excluding Turbo/Night/qualifier/satellite/showdown/snake/single-stat slates.,RP,Joe Boyle (43631463),Joe Boyle,43631463,P,8000,TB@BOS 07/19/2026 01:35PM ET,07/19/2026 01:35PM ET,TB,BOS,away,13,,,needs_review_new_player,identity_name_team_map,No reviewed normalized-name/team identity alias; do not auto-guess.
2026-07-19,2026-07-19T14:40:01.662576+00:00,2026-07-19,DraftKings official lineup CSV,https://www.draftkings.com/lineup/getavailableplayerscsv?contestTypeId=9&draftGroupId=150785,150785,9,Selected largest-prize regular Classic MLB draft group after excluding Turbo/Night/qualifier/satellite/showdown/snake/single-stat slates.,RP,Nick Martinez (43631464),Nick Martinez,43631464,P,8000,TB@BOS 07/19/2026 01:35PM ET,07/19/2026 01:35PM ET,TB,BOS,away,14.4,,,needs_review_new_player,identity_name_team_map,No reviewed normalized-name/team identity alias; do not auto-guess.
2026-07-19,2026-07-19T14:40:01.662576+00:00,2026-07-19,DraftKings official lineup CSV,https://www.draftkings.com/lineup/getavailableplayerscsv?contestTypeId=9&draftGroupId=150785,150785,9,Selected largest-prize regular Classic MLB draft group after excluding Turbo/Night/qualifier/satellite/showdown/snake/single-stat slates.,SP,Cole Ragans (43631465),Cole Ragans,43631465,P,7900,SD@KC 07/19/2026 02:10PM ET,07/19/2026 02:10PM ET,KC,SD,home,13.2,666142,Cole Ragans,mapped,identity_name_team_map,Stable identity seed from old DK-ID map. Pilot join status: matched via normalized_name_team
2026-07-19,2026-07-19T14:40:01.662576+00:00,2026-07-19,DraftKings official lineup CSV,https://www.draftkings.com/lineup/getavailableplayerscsv?contestTypeId=9&draftGroupId=150785,150785,9,Selected largest-prize regular Classic MLB draft group after excluding Turbo/Night/qualifier/satellite/showdown/snake/single-stat slates.,SP,Kris Bubic (43631466),Kris Bubic,43631466,P,7900,SD@KC 07/19/2026 02:10PM ET,07/19/2026 02:10PM ET,KC,SD,home,15.9,663460,Kris Bubic,mapped,identity_name_team_map,Stable identity seed from old DK-ID map. Pilot join status: matched via normalized_name_team
2026-07-19,2026-07-19T14:40:01.662576+00:00,2026-07-19,DraftKings official lineup CSV,https://www.draftkings.com/lineup/getavailableplayerscsv?contestTypeId=9&draftGroupId=150785,150785,9,Selected largest-prize regular Classic MLB draft group after excluding Turbo/Night/qualifier/satellite/showdown/snake/single-stat slates.,SP,Michael Wacha (43631467),Michael Wacha,43631467,P,7900,SD@KC 07/19/2026 02:10PM ET,07/19/2026 02:10PM ET,KC,SD,home,15.4,608379,Michael Wacha,mapped,identity_name_team_map,Stable identity seed from old DK-ID map. Pilot join status: matched via normalized_name_team
2026-07-19,2026-07-19T14:40:01.662576+00:00,2026-07-19,DraftKings official lineup CSV,https://www.draftkings.com/lineup/getavailableplayerscsv?contestTypeId=9&draftGroupId=150785,150785,9,Selected largest-prize regular Classic MLB draft group after excluding Turbo/Night/qualifier/satellite/showdown/snake/single-stat slates.,SP,Matthew Boyd (43631468),Matthew Boyd,43631468,P,7800,MIN@CHC 07/19/2026 02:20PM ET,07/19/2026 02:20PM ET,CHC,MIN,home,15.5,571510,Matthew Boyd,mapped,identity_name_team_map,Stable identity seed from old DK-ID map. Pilot join status: matched via normalized_name_team
2026-07-19,2026-07-19T14:40:01.662576+00:00,2026-07-19,DraftKings official lineup CSV,https://www.draftkings.com/lineup/getavailableplayerscsv?contestTypeId=9&draftGroupId=150785,150785,9,Selected largest-prize regular Classic MLB draft group after excluding Turbo/Night/qualifier/satellite/showdown/snake/single-stat slates.,RP,Owen Murphy (43631469),Owen Murphy,43631469,P,7600,TEX@ATL 07/19/2026 01:35PM ET,07/19/2026 01:35PM ET,ATL,TEX,home,5.2,,,needs_review_new_player,identity_name_team_map,No reviewed normalized-name/team identity alias; do not auto-guess.
2026-07-19,2026-07-19T14:40:01.662576+00:00,2026-07-19,DraftKings official lineup CSV,https://www.draftkings.com/lineup/getavailableplayerscsv?contestTypeId=9&draftGroupId=150785,150785,9,Selected largest-prize regular Classic MLB draft group after excluding Turbo/Night/qualifier/satellite/showdown/snake/single-stat slates.,SP,Tanner Bibee (43631043),Tanner Bibee,43631043,P,7500,PIT@CLE 07/19/2026 01:40PM ET,07/19/2026 01:40PM ET,CLE,PIT,home,13.2,,,needs_review_new_player,identity_name_team_map,No reviewed normalized-name/team identity alias; do not auto-guess.
2026-07-19,2026-07-19T14:40:01.662576+00:00,2026-07-19,DraftKings official lineup CSV,https://www.draftkings.com/lineup/getavailableplayerscsv?contestTypeId=9&draftGroupId=150785,150785,9,Selected largest-prize regular Classic MLB draft group after excluding Turbo/Night/qualifier/satellite/showdown/snake/single-stat slates.,RP,Joey Cantillo (43631470),Joey Cantillo,43631470,P,7500,PIT@CLE 07/19/2026 01:40PM ET,07/19/2026 01:40PM ET,CLE,PIT,home,15.1,,,needs_review_new_player,identity_name_team_map,No reviewed normalized-name/team identity alias; do not auto-guess.
2026-07-19,2026-07-19T14:40:01.662576+00:00,2026-07-19,DraftKings official lineup CSV,https://www.draftkings.com/lineup/getavailableplayerscsv?contestTypeId=9&draftGroupId=150785,150785,9,Selected largest-prize regular Classic MLB draft group after excluding Turbo/Night/qualifier/satellite/showdown/snake/single-stat slates.,SP,Logan Allen (43631471),Logan Allen,43631471,P,7500,PIT@CLE 07/19/2026 01:40PM ET,07/19/2026 01:40PM ET,CLE,PIT,home,11.8,,,needs_review_new_player,identity_name_team_map,No reviewed normalized-name/team identity alias; do not auto-guess.
2026-07-19,2026-07-19T14:40:01.662576+00:00,2026-07-19,DraftKings official lineup CSV,https://www.draftkings.com/lineup/getavailableplayerscsv?contestTypeId=9&draftGroupId=150785,150785,9,Selected largest-prize regular Classic MLB draft group after excluding Turbo/Night/qualifier/satellite/showdown/snake/single-stat slates.,SP,Slade Cecconi (43631472),Slade Cecconi,43631472,P,7500,PIT@CLE 07/19/2026 01:40PM ET,07/19/2026 01:40PM ET,CLE,PIT,home,10.9,,,needs_review_new_player,identity_name_team_map,No reviewed normalized-name/team identity alias; do not auto-guess.
2026-07-19,2026-07-19T14:40:01.662576+00:00,2026-07-19,DraftKings official lineup CSV,https://www.draftkings.com/lineup/getavailableplayerscsv?contestTypeId=9&draftGroupId=150785,150785,9,Selected largest-prize regular Classic MLB draft group after excluding Turbo/Night/qualifier/satellite/showdown/snake/single-stat slates.,SP,Cade Povich (43631473),Cade Povich,43631473,P,7500,BAL@HOU 07/19/2026 02:10PM ET,07/19/2026 02:10PM ET,BAL,HOU,away,8.3,,,needs_review_new_player,identity_name_team_map,No reviewed normalized-name/team identity alias; do not auto-guess.
2026-07-19,2026-07-19T14:40:01.662576+00:00,2026-07-19,DraftKings official lineup CSV,https://www.draftkings.com/lineup/getavailableplayerscsv?contestTypeId=9&draftGroupId=150785,150785,9,Selected largest-prize regular Classic MLB draft group after excluding Turbo/Night/qualifier/satellite/showdown/snake/single-stat slates.,SP,Dean Kremer (43631474),Dean Kremer,43631474,P,7500,BAL@HOU 07/19/2026 02:10PM ET,07/19/2026 02:10PM ET,BAL,HOU,away,15.8,,,needs_review_new_player,identity_name_team_map,No reviewed normalized-name/team identity alias; do not auto-guess.
2026-07-19,2026-07-19T14:40:01.662576+00:00,2026-07-19,DraftKings official lineup CSV,https://www.draftkings.com/lineup/getavailableplayerscsv?contestTypeId=9&draftGroupId=150785,150785,9,Selected largest-prize regular Classic MLB draft group after excluding Turbo/Night/qualifier/satellite/showdown/snake/single-stat slates.,SP,Shane Baz (43631475),Shane Baz,43631475,P,7500,BAL@HOU 07/19/2026 02:10PM ET,07/19/2026 02:10PM ET,BAL,HOU,away,14.3,,,needs_review_new_player,identity_name_team_map,No reviewed normalized-name/team identity alias; do not auto-guess.
2026-07-19,2026-07-19T14:40:01.662576+00:00,2026-07-19,DraftKings official lineup CSV,https://www.draftkings.com/lineup/getavailableplayerscsv?contestTypeId=9&draftGroupId=150785,150785,9,Selected largest-prize regular Classic MLB draft group after excluding Turbo/Night/qualifier/satellite/showdown/snake/single-stat slates.,SP,Brandon Young (43631476),Brandon Young,43631476,P,7500,BAL@HOU 07/19/2026 02:10PM ET,07/19/2026 02:10PM ET,BAL,HOU,away,14.1,,,needs_review_new_player,identity_name_team_map,No reviewed normalized-name/team identity alias; do not auto-guess.
2026-07-19,2026-07-19T14:40:01.662576+00:00,2026-07-19,DraftKings official lineup CSV,https://www.draftkings.com/lineup/getavailableplayerscsv?contestTypeId=9&draftGroupId=150785,150785,9,Selected largest-prize regular Classic MLB draft group after excluding Turbo/Night/qualifier/satellite/showdown/snake/single-stat slates.,RP,Carmen Mlodzinski (43631477),Carmen Mlodzinski,43631477,P,7500,PIT@CLE 07/19/2026 01:40PM ET,07/19/2026 01:40PM ET,PIT,CLE,away,10.3,,,needs_review_new_player,identity_name_team_map,No reviewed normalized-name/team identity alias; do not auto-guess.
2026-07-19,2026-07-19T14:40:01.662576+00:00,2026-07-19,DraftKings official lineup CSV,https://www.draftkings.com/lineup/getavailableplayerscsv?contestTypeId=9&draftGroupId=150785,150785,9,Selected largest-prize regular Classic MLB draft group after excluding Turbo/Night/qualifier/satellite/showdown/snake/single-stat slates.,SP,Jared Jones (43631478),Jared Jones,43631478,P,7500,PIT@CLE 07/19/2026 01:40PM ET,07/19/2026 01:40PM ET,PIT,CLE,away,14.6,,,needs_review_new_player,identity_name_team_map,No reviewed normalized-name/team identity alias; do not auto-guess.
2026-07-19,2026-07-19T14:40:01.662576+00:00,2026-07-19,DraftKings official lineup CSV,https://www.draftkings.com/lineup/getavailableplayerscsv?contestTypeId=9&draftGroupId=150785,150785,9,Selected largest-prize regular Classic MLB draft group after excluding Turbo/Night/qualifier/satellite/showdown/snake/single-stat slates.,SP,Zach Eflin (43631479),Zach Eflin,43631479,P,7500,BAL@HOU 07/19/2026 02:10PM ET,07/19/2026 02:10PM ET,BAL,HOU,away,16.7,,,needs_review_new_player,identity_name_team_map,No reviewed normalized-name/team identity alias; do not auto-guess.
2026-07-19,2026-07-19T14:40:01.662576+00:00,2026-07-19,DraftKings official lineup CSV,https://www.draftkings.com/lineup/getavailableplayerscsv?contestTypeId=9&draftGroupId=150785,150785,9,Selected largest-prize regular Classic MLB draft group after excluding Turbo/Night/qualifier/satellite/showdown/snake/single-stat slates.,SP,Mitch Keller (43631480),Mitch Keller,43631480,P,7500,PIT@CLE 07/19/2026 01:40PM ET,07/19/2026 01:40PM ET,PIT,CLE,away,10.8,,,needs_review_new_player,identity_name_team_map,No reviewed normalized-name/team identity alias; do not auto-guess.
2026-07-19,2026-07-19T14:40:01.662576+00:00,2026-07-19,DraftKings official lineup CSV,https://www.draftkings.com/lineup/getavailableplayerscsv?contestTypeId=9&draftGroupId=150785,150785,9,Selected largest-prize regular Classic MLB draft group after excluding Turbo/Night/qualifier/satellite/showdown/snake/single-stat slates.,SP,Shota Imanaga (43631044),Shota Imanaga,43631044,P,7300,MIN@CHC 07/19/2026 02:20PM ET,07/19/2026 02:20PM ET,CHC,MIN,home,15.6,684007,Shota Imanaga,mapped,identity_name_team_map,Stable identity seed from old DK-ID map. Pilot join status: matched via normalized_name_team
2026-07-19,2026-07-19T14:40:01.662576+00:00,2026-07-19,DraftKings official lineup CSV,https://www.draftkings.com/lineup/getavailableplayerscsv?contestTypeId=9&draftGroupId=150785,150785,9,Selected largest-prize regular Classic MLB draft group after excluding Turbo/Night/qualifier/satellite/showdown/snake/single-stat slates.,SP,Aaron Nola (43631481),Aaron Nola,43631481,P,7300,NYM@PHI 07/19/2026 01:35PM ET,07/19/2026 01:35PM ET,PHI,NYM,home,12,605400,Aaron Nola,mapped,identity_name_team_map,Stable identity seed from old DK-ID map. Pilot join status: matched via normalized_name_team
2026-07-19,2026-07-19T14:40:01.662576+00:00,2026-07-19,DraftKings official lineup CSV,https://www.draftkings.com/lineup/getavailableplayerscsv?contestTypeId=9&draftGroupId=150785,150785,9,Selected largest-prize regular Classic MLB draft group after excluding Turbo/Night/qualifier/satellite/showdown/snake/single-stat slates.,RP,Jacob Latz (43631482),Jacob Latz,43631482,P,7300,TEX@ATL 07/19/2026 01:35PM ET,07/19/2026 01:35PM ET,TEX,ATL,away,4.9,656641,Jacob Latz,mapped,identity_name_team_map,Stable identity seed from old DK-ID map. Pilot join status: matched via normalized_name_team
2026-07-19,2026-07-19T14:40:01.662576+00:00,2026-07-19,DraftKings official lineup CSV,https://www.draftkings.com/lineup/getavailableplayerscsv?contestTypeId=9&draftGroupId=150785,150785,9,Selected largest-prize regular Classic MLB draft group after excluding Turbo/Night/qualifier/satellite/showdown/snake/single-stat slates.,SP,Jack Leiter (43631483),Jack Leiter,43631483,P,7300,TEX@ATL 07/19/2026 01:35PM ET,07/19/2026 01:35PM ET,TEX,ATL,away,12.7,683004,Jack Leiter,mapped,identity_name_team_map,Stable identity seed from old DK-ID map. Pilot join status: matched via normalized_name_team
2026-07-19,2026-07-19T14:40:01.662576+00:00,2026-07-19,DraftKings official lineup CSV,https://www.draftkings.com/lineup/getavailableplayerscsv?contestTypeId=9&draftGroupId=150785,150785,9,Selected largest-prize regular Classic MLB draft group after excluding Turbo/Night/qualifier/satellite/showdown/snake/single-stat slates.,SP,Jameson Taillon (43631484),Jameson Taillon,43631484,P,7300,MIN@CHC 07/19/2026 02:20PM ET,07/19/2026 02:20PM ET,CHC,MIN,home,11.3,592791,Jameson Taillon,mapped,identity_name_team_map,Stable identity seed from old DK-ID map. Pilot join status: matched via normalized_name_team
2026-07-19,2026-07-19T14:40:01.662576+00:00,2026-07-19,DraftKings official lineup CSV,https://www.draftkings.com/lineup/getavailableplayerscsv?contestTypeId=9&draftGroupId=150785,150785,9,Selected largest-prize regular Classic MLB draft group after excluding Turbo/Night/qualifier/satellite/showdown/snake/single-stat slates.,SP,Edward Cabrera (43631485),Edward Cabrera,43631485,P,7300,MIN@CHC 07/19/2026 02:20PM ET,07/19/2026 02:20PM ET,CHC,MIN,home,12.1,665795,Edward Cabrera,mapped,identity_name_team_map,Stable identity seed from old DK-ID map. Pilot join status: matched via normalized_name_team
2026-07-19,2026-07-19T14:40:01.662576+00:00,2026-07-19,DraftKings official lineup CSV,https://www.draftkings.com/lineup/getavailableplayerscsv?contestTypeId=9&draftGroupId=150785,150785,9,Selected largest-prize regular Classic MLB draft group after excluding Turbo/Night/qualifier/satellite/showdown/snake/single-stat slates.,SP,Cade Horton (43631486),Cade Horton,43631486,P,7300,MIN@CHC 07/19/2026 02:20PM ET,07/19/2026 02:20PM ET,CHC,MIN,home,10.5,690990,Cade Horton,mapped,identity_name_team_map,Stable identity seed from old DK-ID map. Pilot join status: matched via normalized_name_team
2026-07-19,2026-07-19T14:40:01.662576+00:00,2026-07-19,DraftKings official lineup CSV,https://www.draftkings.com/lineup/getavailableplayerscsv?contestTypeId=9&draftGroupId=150785,150785,9,Selected largest-prize regular Classic MLB draft group after excluding Turbo/Night/qualifier/satellite/showdown/snake/single-stat slates.,SP,Javier Assad (43631487),Javier Assad,43631487,P,7300,MIN@CHC 07/19/2026 02:20PM ET,07/19/2026 02:20PM ET,CHC,MIN,home,9.2,665871,Javier Assad,mapped,identity_name_team_map,Stable identity seed from old DK-ID map. Pilot join status: matched via normalized_name_team
2026-07-19,2026-07-19T14:40:01.662576+00:00,2026-07-19,DraftKings official lineup CSV,https://www.draftkings.com/lineup/getavailableplayerscsv?contestTypeId=9&draftGroupId=150785,150785,9,Selected largest-prize regular Classic MLB draft group after excluding Turbo/Night/qualifier/satellite/showdown/snake/single-stat slates.,SP,Patrick Sandoval (43631488),Patrick Sandoval,43631488,P,7300,TB@BOS 07/19/2026 01:35PM ET,07/19/2026 01:35PM ET,BOS,TB,home,10.7,,,needs_review_new_player,identity_name_team_map,No reviewed normalized-name/team identity alias; do not auto-guess.
2026-07-19,2026-07-19T14:40:01.662576+00:00,2026-07-19,DraftKings official lineup CSV,https://www.draftkings.com/lineup/getavailableplayerscsv?contestTypeId=9&draftGroupId=150785,150785,9,Selected largest-prize regular Classic MLB draft group after excluding Turbo/Night/qualifier/satellite/showdown/snake/single-stat slates.,SP,Christian Scott (43631489),Christian Scott,43631489,P,7200,NYM@PHI 07/19/2026 01:35PM ET,07/19/2026 01:35PM ET,NYM,PHI,away,15.8,681035,Christian Scott,mapped,identity_name_team_map,Stable identity seed from old DK-ID map. Pilot join status: matched via normalized_name_team
2026-07-19,2026-07-19T14:40:01.662576+00:00,2026-07-19,DraftKings official lineup CSV,https://www.draftkings.com/lineup/getavailableplayerscsv?contestTypeId=9&draftGroupId=150785,150785,9,Selected largest-prize regular Classic MLB draft group after excluding Turbo/Night/qualifier/satellite/showdown/snake/single-stat slates.,SP,Zach Thornton (43631490),Zach Thornton,43631490,P,7200,NYM@PHI 07/19/2026 01:35PM ET,07/19/2026 01:35PM ET,NYM,PHI,away,16.5,804267,Zach Thornton,mapped,identity_name_team_map,Stable identity seed from old DK-ID map. Pilot join status: matched via normalized_name_team
2026-07-19,2026-07-19T14:40:01.662576+00:00,2026-07-19,DraftKings official lineup CSV,https://www.draftkings.com/lineup/getavailableplayerscsv?contestTypeId=9&draftGroupId=150785,150785,9,Selected largest-prize regular Classic MLB draft group after excluding Turbo/Night/qualifier/satellite/showdown/snake/single-stat slates.,SP,Zebby Matthews (43631045),Zebby Matthews,43631045,P,7100,MIN@CHC 07/19/2026 02:20PM ET,07/19/2026 02:20PM ET,MIN,CHC,away,14.2,805673,Zebby Matthews,mapped,identity_name_team_map,Proposed from review candidates; basis=exact normalized name + team; role-compatible; hot-dog-stand-latest.json|statcast_pitcher_2026; confidence=high; sources=hot-dog-stand-latest.json|statcast_pitcher_2026
2026-07-19,2026-07-19T14:40:01.662576+00:00,2026-07-19,DraftKings official lineup CSV,https://www.draftkings.com/lineup/getavailableplayerscsv?contestTypeId=9&draftGroupId=150785,150785,9,Selected largest-prize regular Classic MLB draft group after excluding Turbo/Night/qualifier/satellite/showdown/snake/single-stat slates.,SP,Connor Prielipp (43631491),Connor Prielipp,43631491,P,7100,MIN@CHC 07/19/2026 02:20PM ET,07/19/2026 02:20PM ET,MIN,CHC,away,13,687570,Connor Prielipp,mapped,identity_name_team_map,Proposed from review candidates; basis=exact normalized name + team; role-compatible; statcast_pitcher_2026; confidence=high; sources=statcast_pitcher_2026
2026-07-19,2026-07-19T14:40:01.662576+00:00,2026-07-19,DraftKings official lineup CSV,https://www.draftkings.com/lineup/getavailableplayerscsv?contestTypeId=9&draftGroupId=150785,150785,9,Selected largest-prize regular Classic MLB draft group after excluding Turbo/Night/qualifier/satellite/showdown/snake/single-stat slates.,SP,Bailey Ober (43631492),Bailey Ober,43631492,P,7100,MIN@CHC 07/19/2026 02:20PM ET,07/19/2026 02:20PM ET,MIN,CHC,away,13.7,641927,Bailey Ober,mapped,identity_name_team_map,Proposed from review candidates; basis=exact normalized name + team; role-compatible; hot-dog-stand-latest.json|statcast_pitcher_2026; confidence=high; sources=hot-dog-stand-latest.json|statcast_pitcher_2026
2026-07-19,2026-07-19T14:40:01.662576+00:00,2026-07-19,DraftKings official lineup CSV,https://www.draftkings.com/lineup/getavailableplayerscsv?contestTypeId=9&draftGroupId=150785,150785,9,Selected largest-prize regular Classic MLB draft group after excluding Turbo/Night/qualifier/satellite/showdown/snake/single-stat slates.,SP,Robert Gasser (43631046),Robert Gasser,43631046,P,7000,MIA@MIL 07/19/2026 02:10PM ET,07/19/2026 02:10PM ET,MIL,MIA,home,11.8,688107,Robert Gasser,mapped,identity_name_team_map,Stable identity seed from old DK-ID map. Pilot join status: matched via normalized_name_team
2026-07-19,2026-07-19T14:40:01.662576+00:00,2026-07-19,DraftKings official lineup CSV,https://www.draftkings.com/lineup/getavailableplayerscsv?contestTypeId=9&draftGroupId=150785,150785,9,Selected largest-prize regular Classic MLB draft group after excluding Turbo/Night/qualifier/satellite/showdown/snake/single-stat slates.,SP,Brandon Sproat (43631493),Brandon Sproat,43631493,P,7000,MIA@MIL 07/19/2026 02:10PM ET,07/19/2026 02:10PM ET,MIL,MIA,home,11.3,687075,Brandon Sproat,mapped,identity_name_team_map,Stable identity seed from old DK-ID map. Pilot join status: matched via normalized_name_team
2026-07-19,2026-07-19T14:40:01.662576+00:00,2026-07-19,DraftKings official lineup CSV,https://www.draftkings.com/lineup/getavailableplayerscsv?contestTypeId=9&draftGroupId=150785,150785,9,Selected largest-prize regular Classic MLB draft group after excluding Turbo/Night/qualifier/satellite/showdown/snake/single-stat slates.,SP,Chad Patrick (43631494),Chad Patrick,43631494,P,7000,MIA@MIL 07/19/2026 02:10PM ET,07/19/2026 02:10PM ET,MIL,MIA,home,6.7,694477,Chad Patrick,mapped,identity_name_team_map,Stable identity seed from old DK-ID map. Pilot join status: matched via normalized_name_team
2026-07-19,2026-07-19T14:40:01.662576+00:00,2026-07-19,DraftKings official lineup CSV,https://www.draftkings.com/lineup/getavailableplayerscsv?contestTypeId=9&draftGroupId=150785,150785,9,Selected largest-prize regular Classic MLB draft group after excluding Turbo/Night/qualifier/satellite/showdown/snake/single-stat slates.,SP,Ronel Blanco (43631495),Ronel Blanco,43631495,P,7000,BAL@HOU 07/19/2026 02:10PM ET,07/19/2026 02:10PM ET,HOU,BAL,home,0,669854,Ronel Blanco,mapped,identity_name_team_map,Stable identity seed from old DK-ID map. Pilot join status: matched_people_search_name via mlb_people_search_normalized_name
2026-07-19,2026-07-19T14:40:01.662576+00:00,2026-07-19,DraftKings official lineup CSV,https://www.draftkings.com/lineup/getavailableplayerscsv?contestTypeId=9&draftGroupId=150785,150785,9,Selected largest-prize regular Classic MLB draft group after excluding Turbo/Night/qualifier/satellite/showdown/snake/single-stat slates.,RP,Shane Drohan (43631496),Shane Drohan,43631496,P,7000,MIA@MIL 07/19/2026 02:10PM ET,07/19/2026 02:10PM ET,MIL,MIA,home,11.7,675660,Shane Drohan,mapped,identity_name_team_map,Stable identity seed from old DK-ID map. Pilot join status: matched via normalized_name_team
2026-07-19,2026-07-19T14:40:01.662576+00:00,2026-07-19,DraftKings official lineup CSV,https://www.draftkings.com/lineup/getavailableplayerscsv?contestTypeId=9&draftGroupId=150785,150785,9,Selected largest-prize regular Classic MLB draft group after excluding Turbo/Night/qualifier/satellite/showdown/snake/single-stat slates.,SP,Colton Gordon (43631497),Colton Gordon,43631497,P,7000,MIA@MIL 07/19/2026 02:10PM ET,07/19/2026 02:10PM ET,MIL,MIA,home,1,676467,Colton Gordon,needs_review_team_change,identity_name_unique_mlbam,Name maps to one reviewed MLBAM identity but not this DK team; review as team-change/new alias before trusting automation.
2026-07-19,2026-07-19T14:40:01.662576+00:00,2026-07-19,DraftKings official lineup CSV,https://www.draftkings.com/lineup/getavailableplayerscsv?contestTypeId=9&draftGroupId=150785,150785,9,Selected largest-prize regular Classic MLB draft group after excluding Turbo/Night/qualifier/satellite/showdown/snake/single-stat slates.,RP,AJ Blubaugh (43631498),AJ Blubaugh,43631498,P,7000,BAL@HOU 07/19/2026 02:10PM ET,07/19/2026 02:10PM ET,HOU,BAL,home,5,805123,AJ Blubaugh,mapped,identity_name_team_map,Stable identity seed from old DK-ID map. Pilot join status: matched via normalized_name_team
2026-07-19,2026-07-19T14:40:01.662576+00:00,2026-07-19,DraftKings official lineup CSV,https://www.draftkings.com/lineup/getavailableplayerscsv?contestTypeId=9&draftGroupId=150785,150785,9,Selected largest-prize regular Classic MLB draft group after excluding Turbo/Night/qualifier/satellite/showdown/snake/single-stat slates.,SP,Brandon Walter (43631499),Brandon Walter,43631499,P,7000,BAL@HOU 07/19/2026 02:10PM ET,07/19/2026 02:10PM ET,HOU,BAL,home,0,687888,Brandon Walter,mapped,identity_name_team_map,Stable identity seed from old DK-ID map. Pilot join status: matched_people_search_name via mlb_people_search_normalized_name
2026-07-19,2026-07-19T14:40:01.662576+00:00,2026-07-19,DraftKings official lineup CSV,https://www.draftkings.com/lineup/getavailableplayerscsv?contestTypeId=9&draftGroupId=150785,150785,9,Selected largest-prize regular Classic MLB draft group after excluding Turbo/Night/qualifier/satellite/showdown/snake/single-stat slates.,RP,Hayden Wesneski (43631500),Hayden Wesneski,43631500,P,7000,BAL@HOU 07/19/2026 02:10PM ET,07/19/2026 02:10PM ET,HOU,BAL,home,0,669713,Hayden Wesneski,mapped,identity_name_team_map,Stable identity seed from old DK-ID map. Pilot join status: matched_people_search_name via mlb_people_search_normalized_name
2026-07-19,2026-07-19T14:40:01.662576+00:00,2026-07-19,DraftKings official lineup CSV,https://www.draftkings.com/lineup/getavailableplayerscsv?contestTypeId=9&draftGroupId=150785,150785,9,Selected largest-prize regular Classic MLB draft group after excluding Turbo/Night/qualifier/satellite/showdown/snake/single-stat slates.,SP,Mike Burrows (43631501),Mike Burrows,43631501,P,7000,BAL@HOU 07/19/2026 02:10PM ET,07/19/2026 02:10PM ET,HOU,BAL,home,9,681347,Mike Burrows,mapped,identity_name_team_map,Stable identity seed from old DK-ID map. Pilot join status: matched via normalized_name_team
2026-07-19,2026-07-19T14:40:01.662576+00:00,2026-07-19,DraftKings official lineup CSV,https://www.draftkings.com/lineup/getavailableplayerscsv?contestTypeId=9&draftGroupId=150785,150785,9,Selected largest-prize regular Classic MLB draft group after excluding Turbo/Night/qualifier/satellite/showdown/snake/single-stat slates.,SP,Quinn Priester (43631502),Quinn Priester,43631502,P,7000,MIA@MIL 07/19/2026 02:10PM ET,07/19/2026 02:10PM ET,MIL,MIA,home,0,682990,Quinn Priester,mapped,identity_name_team_map,Stable identity seed from old DK-ID map. Pilot join status: matched_people_search_name via mlb_people_search_normalized_name
2026-07-19,2026-07-19T14:40:01.662576+00:00,2026-07-19,DraftKings official lineup CSV,https://www.draftkings.com/lineup/getavailableplayerscsv?contestTypeId=9&draftGroupId=150785,150785,9,Selected largest-prize regular Classic MLB draft group after excluding Turbo/Night/qualifier/satellite/showdown/snake/single-stat slates.,SP,Cristian Javier (43631503),Cristian Javier,43631503,P,7000,BAL@HOU 07/19/2026 02:10PM ET,07/19/2026 02:10PM ET,HOU,BAL,home,0.4,664299,Cristian Javier,mapped,identity_name_team_map,Stable identity seed from old DK-ID map. Pilot join status: matched via normalized_name_team
2026-07-19,2026-07-19T14:40:01.662576+00:00,2026-07-19,DraftKings official lineup CSV,https://www.draftkings.com/lineup/getavailableplayerscsv?contestTypeId=9&draftGroupId=150785,150785,9,Selected largest-prize regular Classic MLB draft group after excluding Turbo/Night/qualifier/satellite/showdown/snake/single-stat slates.,RP,Jason Alexander (43631504),Jason Alexander,43631504,P,7000,BAL@HOU 07/19/2026 02:10PM ET,07/19/2026 02:10PM ET,HOU,BAL,home,4.3,669920,Jason Alexander,mapped,identity_name_team_map,Stable identity seed from old DK-ID map. Pilot join status: matched via normalized_name_team
2026-07-19,2026-07-19T14:40:01.662576+00:00,2026-07-19,DraftKings official lineup CSV,https://www.draftkings.com/lineup/getavailableplayerscsv?contestTypeId=9&draftGroupId=150785,150785,9,Selected largest-prize regular Classic MLB draft group after excluding Turbo/Night/qualifier/satellite/showdown/snake/single-stat slates.,SP,Tatsuya Imai (43631505),Tatsuya Imai,43631505,P,7000,BAL@HOU 07/19/2026 02:10PM ET,07/19/2026 02:10PM ET,HOU,BAL,home,11.1,837227,Tatsuya Imai,mapped,identity_name_team_map,Stable identity seed from old DK-ID map. Pilot join status: matched via normalized_name_team
2026-07-19,2026-07-19T14:40:01.662576+00:00,2026-07-19,DraftKings official lineup CSV,https://www.draftkings.com/lineup/getavailableplayerscsv?contestTypeId=9&draftGroupId=150785,150785,9,Selected largest-prize regular Classic MLB draft group after excluding Turbo/Night/qualifier/satellite/showdown/snake/single-stat slates.,RP,Kai-Wei Teng (43631506),Kai-Wei Teng,43631506,P,7000,BAL@HOU 07/19/2026 02:10PM ET,07/19/2026 02:10PM ET,HOU,BAL,home,7.3,678906,Kai-Wei Teng,mapped,identity_name_team_map,Stable identity seed from old DK-ID map. Pilot join status: matched via normalized_name_team
2026-07-19,2026-07-19T14:40:01.662576+00:00,2026-07-19,DraftKings official lineup CSV,https://www.draftkings.com/lineup/getavailableplayerscsv?contestTypeId=9&draftGroupId=150785,150785,9,Selected largest-prize regular Classic MLB draft group after excluding Turbo/Night/qualifier/satellite/showdown/snake/single-stat slates.,SP,Lance McCullers Jr. (43631507),Lance McCullers Jr.,43631507,P,7000,MIA@MIL 07/19/2026 02:10PM ET,07/19/2026 02:10PM ET,MIL,MIA,home,10.7,621121,Lance McCullers Jr.,needs_review_team_change,identity_name_unique_mlbam,Name maps to one reviewed MLBAM identity but not this DK team; review as team-change/new alias before trusting automation.
2026-07-19,2026-07-19T14:40:01.662576+00:00,2026-07-19,DraftKings official lineup CSV,https://www.draftkings.com/lineup/getavailableplayerscsv?contestTypeId=9&draftGroupId=150785,150785,9,Selected largest-prize regular Classic MLB draft group after excluding Turbo/Night/qualifier/satellite/showdown/snake/single-stat slates.,RP,Michael King (43631508),Michael King,43631508,P,7000,SD@KC 07/19/2026 02:10PM ET,07/19/2026 02:10PM ET,SD,KC,away,15.2,650633,Michael King,mapped,identity_name_team_map,Stable identity seed from old DK-ID map. Pilot join status: matched via normalized_name_team
2026-07-19,2026-07-19T14:40:01.662576+00:00,2026-07-19,DraftKings official lineup CSV,https://www.draftkings.com/lineup/getavailableplayerscsv?contestTypeId=9&draftGroupId=150785,150785,9,Selected largest-prize regular Classic MLB draft group after excluding Turbo/Night/qualifier/satellite/showdown/snake/single-stat slates.,SP,JP Sears (43631509),JP Sears,43631509,P,7000,SD@KC 07/19/2026 02:10PM ET,07/19/2026 02:10PM ET,SD,KC,away,11.9,676664,JP Sears,mapped,identity_name_team_map,Stable identity seed from old DK-ID map. Pilot join status: matched_people_search_name via mlb_people_search_normalized_name
2026-07-19,2026-07-19T14:40:01.662576+00:00,2026-07-19,DraftKings official lineup CSV,https://www.draftkings.com/lineup/getavailableplayerscsv?contestTypeId=9&draftGroupId=150785,150785,9,Selected largest-prize regular Classic MLB draft group after excluding Turbo/Night/qualifier/satellite/showdown/snake/single-stat slates.,SP,Walker Buehler (43631510),Walker Buehler,43631510,P,7000,SD@KC 07/19/2026 02:10PM ET,07/19/2026 02:10PM ET,SD,KC,away,10.4,621111,Walker Buehler,mapped,identity_name_team_map,Stable identity seed from old DK-ID map. Pilot join status: matched via normalized_name_team
2026-07-19,2026-07-19T14:40:01.662576+00:00,2026-07-19,DraftKings official lineup CSV,https://www.draftkings.com/lineup/getavailableplayerscsv?contestTypeId=9&draftGroupId=150785,150785,9,Selected largest-prize regular Classic MLB draft group after excluding Turbo/Night/qualifier/satellite/showdown/snake/single-stat slates.,SP,Noah Cameron (43631047),Noah Cameron,43631047,P,6900,SD@KC 07/19/2026 02:10PM ET,07/19/2026 02:10PM ET,KC,SD,home,12.8,702070,Noah Cameron,mapped,identity_name_team_map,Stable identity seed from old DK-ID map. Pilot join status: matched via normalized_name_team
2026-07-19,2026-07-19T14:40:01.662576+00:00,2026-07-19,DraftKings official lineup CSV,https://www.draftkings.com/lineup/getavailableplayerscsv?contestTypeId=9&draftGroupId=150785,150785,9,Selected largest-prize regular Classic MLB draft group after excluding Turbo/Night/qualifier/satellite/showdown/snake/single-stat slates.,RP,Seth Lugo (43631511),Seth Lugo,43631511,P,6900,SD@KC 07/19/2026 02:10PM ET,07/19/2026 02:10PM ET,KC,SD,home,11.8,607625,Seth Lugo,mapped,identity_name_team_map,Stable identity seed from old DK-ID map. Pilot join status: matched via normalized_name_team
2026-07-19,2026-07-19T14:40:01.662576+00:00,2026-07-19,DraftKings official lineup CSV,https://www.draftkings.com/lineup/getavailableplayerscsv?contestTypeId=9&draftGroupId=150785,150785,9,Selected largest-prize regular Classic MLB draft group after excluding Turbo/Night/qualifier/satellite/showdown/snake/single-stat slates.,RP,Stephen Kolek (43631512),Stephen Kolek,43631512,P,6900,SD@KC 07/19/2026 02:10PM ET,07/19/2026 02:10PM ET,KC,SD,home,11.5,663568,Stephen Kolek,mapped,identity_name_team_map,Stable identity seed from old DK-ID map. Pilot join status: matched via normalized_name_team
2026-07-19,2026-07-19T14:40:01.662576+00:00,2026-07-19,DraftKings official lineup CSV,https://www.draftkings.com/lineup/getavailableplayerscsv?contestTypeId=9&draftGroupId=150785,150785,9,Selected largest-prize regular Classic MLB draft group after excluding Turbo/Night/qualifier/satellite/showdown/snake/single-stat slates.,SP,Tanner Houck (43631513),Tanner Houck,43631513,P,6800,TB@BOS 07/19/2026 01:35PM ET,07/19/2026 01:35PM ET,BOS,TB,home,0,,,needs_review_new_player,identity_name_team_map,No reviewed normalized-name/team identity alias; do not auto-guess.
2026-07-19,2026-07-19T14:40:01.662576+00:00,2026-07-19,DraftKings official lineup CSV,https://www.draftkings.com/lineup/getavailableplayerscsv?contestTypeId=9&draftGroupId=150785,150785,9,Selected largest-prize regular Classic MLB draft group after excluding Turbo/Night/qualifier/satellite/showdown/snake/single-stat slates.,SP,Kutter Crawford (43631514),Kutter Crawford,43631514,P,6800,TB@BOS 07/19/2026 01:35PM ET,07/19/2026 01:35PM ET,BOS,TB,home,0,,,needs_review_new_player,identity_name_team_map,No reviewed normalized-name/team identity alias; do not auto-guess.
2026-07-19,2026-07-19T14:40:01.662576+00:00,2026-07-19,DraftKings official lineup CSV,https://www.draftkings.com/lineup/getavailableplayerscsv?contestTypeId=9&draftGroupId=150785,150785,9,Selected largest-prize regular Classic MLB draft group after excluding Turbo/Night/qualifier/satellite/showdown/snake/single-stat slates.,RP,Janson Junk (43631515),Janson Junk,43631515,P,6800,MIA@MIL 07/19/2026 02:10PM ET,07/19/2026 02:10PM ET,MIA,MIL,away,11.7,676083,Janson Junk,mapped,identity_name_team_map,Proposed from review candidates; basis=exact normalized name + team; role-compatible; hot-dog-stand-latest.json|statcast_pitcher_2026; confidence=high; sources=hot-dog-stand-latest.json|statcast_pitcher_2026
2026-07-19,2026-07-19T14:40:01.662576+00:00,2026-07-19,DraftKings official lineup CSV,https://www.draftkings.com/lineup/getavailableplayerscsv?contestTypeId=9&draftGroupId=150785,150785,9,Selected largest-prize regular Classic MLB draft group after excluding Turbo/Night/qualifier/satellite/showdown/snake/single-stat slates.,SP,Kumar Rocker (43631516),Kumar Rocker,43631516,P,6800,TEX@ATL 07/19/2026 01:35PM ET,07/19/2026 01:35PM ET,TEX,ATL,away,11.5,677958,Kumar Rocker,mapped,identity_name_team_map,Stable identity seed from old DK-ID map. Pilot join status: matched via normalized_name_team
2026-07-19,2026-07-19T14:40:01.662576+00:00,2026-07-19,DraftKings official lineup CSV,https://www.draftkings.com/lineup/getavailableplayerscsv?contestTypeId=9&draftGroupId=150785,150785,9,Selected largest-prize regular Classic MLB draft group after excluding Turbo/Night/qualifier/satellite/showdown/snake/single-stat slates.,SP,Leandro Lopez (43631517),Leandro Lopez,43631517,P,6800,TEX@ATL 07/19/2026 01:35PM ET,07/19/2026 01:35PM ET,TEX,ATL,away,0,699214,Leandro Lopez,mapped,identity_name_team_map,Stable identity seed from old DK-ID map. Pilot join status: matched_people_search_name via mlb_people_search_normalized_name
2026-07-19,2026-07-19T14:40:01.662576+00:00,2026-07-19,DraftKings official lineup CSV,https://www.draftkings.com/lineup/getavailableplayerscsv?contestTypeId=9&draftGroupId=150785,150785,9,Selected largest-prize regular Classic MLB draft group after excluding Turbo/Night/qualifier/satellite/showdown/snake/single-stat slates.,SP,David Davalillo (43631518),David Davalillo,43631518,P,6800,TEX@ATL 07/19/2026 01:35PM ET,07/19/2026 01:35PM ET,TEX,ATL,away,0,699314,David Davalillo,mapped,identity_name_team_map,Stable identity seed from old DK-ID map. Pilot join status: matched_people_search_name via mlb_people_search_normalized_name
2026-07-19,2026-07-19T14:40:01.662576+00:00,2026-07-19,DraftKings official lineup CSV,https://www.draftkings.com/lineup/getavailableplayerscsv?contestTypeId=9&draftGroupId=150785,150785,9,Selected largest-prize regular Classic MLB draft group after excluding Turbo/Night/qualifier/satellite/showdown/snake/single-stat slates.,RP,Cody Bradford (43631519),Cody Bradford,43631519,P,6800,TEX@ATL 07/19/2026 01:35PM ET,07/19/2026 01:35PM ET,TEX,ATL,away,0,674003,Cody Bradford,mapped,identity_name_team_map,Stable identity seed from old DK-ID map. Pilot join status: matched_people_search_name via mlb_people_search_normalized_name
2026-07-19,2026-07-19T14:40:01.662576+00:00,2026-07-19,DraftKings official lineup CSV,https://www.draftkings.com/lineup/getavailableplayerscsv?contestTypeId=9&draftGroupId=150785,150785,9,Selected largest-prize regular Classic MLB draft group after excluding Turbo/Night/qualifier/satellite/showdown/snake/single-stat slates.,SP,Jordan Montgomery (43631520),Jordan Montgomery,43631520,P,6800,TEX@ATL 07/19/2026 01:35PM ET,07/19/2026 01:35PM ET,TEX,ATL,away,0,656756,Jordan Montgomery,mapped,identity_name_team_map,Stable identity seed from old DK-ID map. Pilot join status: matched_people_search_name via mlb_people_search_normalized_name
2026-07-19,2026-07-19T14:40:01.662576+00:00,2026-07-19,DraftKings official lineup CSV,https://www.draftkings.com/lineup/getavailableplayerscsv?contestTypeId=9&draftGroupId=150785,150785,9,Selected largest-prize regular Classic MLB draft group after excluding Turbo/Night/qualifier/satellite/showdown/snake/single-stat slates.,SP,Jose Corniell (43631521),Jose Corniell,43631521,P,6800,TEX@ATL 07/19/2026 01:35PM ET,07/19/2026 01:35PM ET,TEX,ATL,away,-1.9,692030,Jose Corniell,mapped,identity_name_team_map,Stable identity seed from old DK-ID map. Pilot join status: matched_people_search_name via mlb_people_search_normalized_name
2026-07-19,2026-07-19T14:40:01.662576+00:00,2026-07-19,DraftKings official lineup CSV,https://www.draftkings.com/lineup/getavailableplayerscsv?contestTypeId=9&draftGroupId=150785,150785,9,Selected largest-prize regular Classic MLB draft group after excluding Turbo/Night/qualifier/satellite/showdown/snake/single-stat slates.,RP,Eduardo Rivera (43631522),Eduardo Rivera,43631522,P,6800,TB@BOS 07/19/2026 01:35PM ET,07/19/2026 01:35PM ET,BOS,TB,home,9.2,,,needs_review_new_player,identity_name_team_map,No reviewed normalized-name/team identity alias; do not auto-guess.
2026-07-19,2026-07-19T14:40:01.662576+00:00,2026-07-19,DraftKings official lineup CSV,https://www.draftkings.com/lineup/getavailableplayerscsv?contestTypeId=9&draftGroupId=150785,150785,9,Selected largest-prize regular Classic MLB draft group after excluding Turbo/Night/qualifier/satellite/showdown/snake/single-stat slates.,RP,Justin Hagenman (43631523),Justin Hagenman,43631523,P,6700,NYM@PHI 07/19/2026 01:35PM ET,07/19/2026 01:35PM ET,NYM,PHI,away,0,663795,Justin Hagenman,mapped,identity_name_team_map,Stable identity seed from old DK-ID map. Pilot join status: matched_people_search_name via mlb_people_search_normalized_name
2026-07-19,2026-07-19T14:40:01.662576+00:00,2026-07-19,DraftKings official lineup CSV,https://www.draftkings.com/lineup/getavailableplayerscsv?contestTypeId=9&draftGroupId=150785,150785,9,Selected largest-prize regular Classic MLB draft group after excluding Turbo/Night/qualifier/satellite/showdown/snake/single-stat slates.,SP,Tobias Myers (43631524),Tobias Myers,43631524,P,6700,NYM@PHI 07/19/2026 01:35PM ET,07/19/2026 01:35PM ET,NYM,PHI,away,2.6,668964,Tobias Myers,mapped,identity_name_team_map,Stable identity seed from old DK-ID map. Pilot join status: matched via normalized_name_team
2026-07-19,2026-07-19T14:40:01.662576+00:00,2026-07-19,DraftKings official lineup CSV,https://www.draftkings.com/lineup/getavailableplayerscsv?contestTypeId=9&draftGroupId=150785,150785,9,Selected largest-prize regular Classic MLB draft group after excluding Turbo/Night/qualifier/satellite/showdown/snake/single-stat slates.,RP,Xzavion Curry (43631525),Xzavion Curry,43631525,P,6700,NYM@PHI 07/19/2026 01:35PM ET,07/19/2026 01:35PM ET,NYM,PHI,away,2.4,,,needs_review_new_player,identity_name_team_map,No reviewed normalized-name/team identity alias; do not auto-guess.
2026-07-19,2026-07-19T14:40:01.662576+00:00,2026-07-19,DraftKings official lineup CSV,https://www.draftkings.com/lineup/getavailableplayerscsv?contestTypeId=9&draftGroupId=150785,150785,9,Selected largest-prize regular Classic MLB draft group after excluding Turbo/Night/qualifier/satellite/showdown/snake/single-stat slates.,SP,Jonah Tong (43631526),Jonah Tong,43631526,P,6700,NYM@PHI 07/19/2026 01:35PM ET,07/19/2026 01:35PM ET,NYM,PHI,away,7.8,804636,Jonah Tong,mapped,identity_name_team_map,Stable identity seed from old DK-ID map. Pilot join status: matched via normalized_name_team
2026-07-19,2026-07-19T14:40:01.662576+00:00,2026-07-19,DraftKings official lineup CSV,https://www.draftkings.com/lineup/getavailableplayerscsv?contestTypeId=9&draftGroupId=150785,150785,9,Selected largest-prize regular Classic MLB draft group after excluding Turbo/Night/qualifier/satellite/showdown/snake/single-stat slates.,SP,Kodai Senga (43631527),Kodai Senga,43631527,P,6700,NYM@PHI 07/19/2026 01:35PM ET,07/19/2026 01:35PM ET,NYM,PHI,away,5.3,673540,Kodai Senga,mapped,identity_name_team_map,Stable identity seed from old DK-ID map. Pilot join status: matched via normalized_name_team
2026-07-19,2026-07-19T14:40:01.662576+00:00,2026-07-19,DraftKings official lineup CSV,https://www.draftkings.com/lineup/getavailableplayerscsv?contestTypeId=9&draftGroupId=150785,150785,9,Selected largest-prize regular Classic MLB draft group after excluding Turbo/Night/qualifier/satellite/showdown/snake/single-stat slates.,SP,Sean Manaea (43631528),Sean Manaea,43631528,P,6700,NYM@PHI 07/19/2026 01:35PM ET,07/19/2026 01:35PM ET,NYM,PHI,away,9,640455,Sean Manaea,mapped,identity_name_team_map,Stable identity seed from old DK-ID map. Pilot join status: matched via normalized_name_team
2026-07-19,2026-07-19T14:40:01.662576+00:00,2026-07-19,DraftKings official lineup CSV,https://www.draftkings.com/lineup/getavailableplayerscsv?contestTypeId=9&draftGroupId=150785,150785,9,Selected largest-prize regular Classic MLB draft group after excluding Turbo/Night/qualifier/satellite/showdown/snake/single-stat slates.,SP,Grant Holmes (43631048),Grant Holmes,43631048,P,6600,TEX@ATL 07/19/2026 01:35PM ET,07/19/2026 01:35PM ET,ATL,TEX,home,12.7,656550,Grant Holmes,mapped,identity_name_team_map,Stable identity seed from old DK-ID map. Pilot join status: matched via normalized_name_team
2026-07-19,2026-07-19T14:40:01.662576+00:00,2026-07-19,DraftKings official lineup CSV,https://www.draftkings.com/lineup/getavailableplayerscsv?contestTypeId=9&draftGroupId=150785,150785,9,Selected largest-prize regular Classic MLB draft group after excluding Turbo/Night/qualifier/satellite/showdown/snake/single-stat slates.,RP,Didier Fuentes (43631529),Didier Fuentes,43631529,P,6600,TEX@ATL 07/19/2026 01:35PM ET,07/19/2026 01:35PM ET,ATL,TEX,home,4.5,800311,Didier Fuentes,mapped,identity_name_team_map,Stable identity seed from old DK-ID map. Pilot join status: matched via normalized_name_team
2026-07-19,2026-07-19T14:40:01.662576+00:00,2026-07-19,DraftKings official lineup CSV,https://www.draftkings.com/lineup/getavailableplayerscsv?contestTypeId=9&draftGroupId=150785,150785,9,Selected largest-prize regular Classic MLB draft group after excluding Turbo/Night/qualifier/satellite/showdown/snake/single-stat slates.,SP,Bryce Elder (43631530),Bryce Elder,43631530,P,6600,TEX@ATL 07/19/2026 01:35PM ET,07/19/2026 01:35PM ET,ATL,TEX,home,13.9,693821,Bryce Elder,mapped,identity_name_team_map,Stable identity seed from old DK-ID map. Pilot join status: matched via normalized_name_team
2026-07-19,2026-07-19T14:40:01.662576+00:00,2026-07-19,DraftKings official lineup CSV,https://www.draftkings.com/lineup/getavailableplayerscsv?contestTypeId=9&draftGroupId=150785,150785,9,Selected largest-prize regular Classic MLB draft group after excluding Turbo/Night/qualifier/satellite/showdown/snake/single-stat slates.,RP,Martin Perez (43631531),Martin Perez,43631531,P,6600,TEX@ATL 07/19/2026 01:35PM ET,07/19/2026 01:35PM ET,ATL,TEX,home,11.5,527048,Martín Pérez,mapped,identity_name_team_map,Stable identity seed from old DK-ID map. Pilot join status: matched via normalized_name_team
2026-07-19,2026-07-19T14:40:01.662576+00:00,2026-07-19,DraftKings official lineup CSV,https://www.draftkings.com/lineup/getavailableplayerscsv?contestTypeId=9&draftGroupId=150785,150785,9,Selected largest-prize regular Classic MLB draft group after excluding Turbo/Night/qualifier/satellite/showdown/snake/single-stat slates.,RP,Reynaldo Lopez (43631532),Reynaldo Lopez,43631532,P,6600,TEX@ATL 07/19/2026 01:35PM ET,07/19/2026 01:35PM ET,ATL,TEX,home,7.6,625643,Reynaldo López,mapped,identity_name_team_map,Stable identity seed from old DK-ID map. Pilot join status: matched via normalized_name_team
2026-07-19,2026-07-19T14:40:01.662576+00:00,2026-07-19,DraftKings official lineup CSV,https://www.draftkings.com/lineup/getavailableplayerscsv?contestTypeId=9&draftGroupId=150785,150785,9,Selected largest-prize regular Classic MLB draft group after excluding Turbo/Night/qualifier/satellite/showdown/snake/single-stat slates.,SP,JR Ritchie (43631533),JR Ritchie,43631533,P,6600,TEX@ATL 07/19/2026 01:35PM ET,07/19/2026 01:35PM ET,ATL,TEX,home,9.4,702275,JR Ritchie,mapped,identity_name_team_map,Stable identity seed from old DK-ID map. Pilot join status: matched via normalized_name_team
2026-07-19,2026-07-19T14:40:01.662576+00:00,2026-07-19,DraftKings official lineup CSV,https://www.draftkings.com/lineup/getavailableplayerscsv?contestTypeId=9&draftGroupId=150785,150785,9,Selected largest-prize regular Classic MLB draft group after excluding Turbo/Night/qualifier/satellite/showdown/snake/single-stat slates.,SP,Hurston Waldrep (43631534),Hurston Waldrep,43631534,P,6600,TEX@ATL 07/19/2026 01:35PM ET,07/19/2026 01:35PM ET,ATL,TEX,home,2.3,694462,Hurston Waldrep,mapped,identity_name_team_map,Stable identity seed from old DK-ID map. Pilot join status: matched_people_search_name via mlb_people_search_normalized_name
2026-07-19,2026-07-19T14:40:01.662576+00:00,2026-07-19,DraftKings official lineup CSV,https://www.draftkings.com/lineup/getavailableplayerscsv?contestTypeId=9&draftGroupId=150785,150785,9,Selected largest-prize regular Classic MLB draft group after excluding Turbo/Night/qualifier/satellite/showdown/snake/single-stat slates.,RP,Marco Raya (43631535),Marco Raya,43631535,P,6600,MIN@CHC 07/19/2026 02:20PM ET,07/19/2026 02:20PM ET,MIN,CHC,away,4.2,,,needs_review_new_player,identity_name_team_map,No reviewed normalized-name/team identity alias; do not auto-guess.
2026-07-19,2026-07-19T14:40:01.662576+00:00,2026-07-19,DraftKings official lineup CSV,https://www.draftkings.com/lineup/getavailableplayerscsv?contestTypeId=9&draftGroupId=150785,150785,9,Selected largest-prize regular Classic MLB draft group after excluding Turbo/Night/qualifier/satellite/showdown/snake/single-stat slates.,RP,Mike Paredes (43631536),Mike Paredes,43631536,P,6600,MIN@CHC 07/19/2026 02:20PM ET,07/19/2026 02:20PM ET,MIN,CHC,away,6.3,702474,Mike Paredes,mapped,identity_name_team_map,Proposed from review candidates; basis=exact normalized name + team; role-compatible; statcast_pitcher_2026; confidence=high; sources=statcast_pitcher_2026
2026-07-19,2026-07-19T14:40:01.662576+00:00,2026-07-19,DraftKings official lineup CSV,https://www.draftkings.com/lineup/getavailableplayerscsv?contestTypeId=9&draftGroupId=150785,150785,9,Selected largest-prize regular Classic MLB draft group after excluding Turbo/Night/qualifier/satellite/showdown/snake/single-stat slates.,SP,David Festa (43631537),David Festa,43631537,P,6600,MIN@CHC 07/19/2026 02:20PM ET,07/19/2026 02:20PM ET,MIN,CHC,away,0,,,needs_review_new_player,identity_name_team_map,No reviewed normalized-name/team identity alias; do not auto-guess.
2026-07-19,2026-07-19T14:40:01.662576+00:00,2026-07-19,DraftKings official lineup CSV,https://www.draftkings.com/lineup/getavailableplayerscsv?contestTypeId=9&draftGroupId=150785,150785,9,Selected largest-prize regular Classic MLB draft group after excluding Turbo/Night/qualifier/satellite/showdown/snake/single-stat slates.,RP,Kendry Rojas (43631538),Kendry Rojas,43631538,P,6600,MIN@CHC 07/19/2026 02:20PM ET,07/19/2026 02:20PM ET,MIN,CHC,away,7.5,696070,Kendry Rojas,mapped,identity_name_team_map,Proposed from review candidates; basis=exact normalized name + team; role-compatible; statcast_pitcher_2026; confidence=high; sources=statcast_pitcher_2026
2026-07-19,2026-07-19T14:40:01.662576+00:00,2026-07-19,DraftKings official lineup CSV,https://www.draftkings.com/lineup/getavailableplayerscsv?contestTypeId=9&draftGroupId=150785,150785,9,Selected largest-prize regular Classic MLB draft group after excluding Turbo/Night/qualifier/satellite/showdown/snake/single-stat slates.,RP,Yoendrys Gomez (43631539),Yoendrys Gomez,43631539,P,6600,MIN@CHC 07/19/2026 02:20PM ET,07/19/2026 02:20PM ET,MIN,CHC,away,2.8,672782,Yoendrys Gómez,mapped,identity_name_team_map,Proposed from review candidates; basis=exact normalized name + team; role-compatible; hot-dog-stand-latest.json; confidence=high; sources=hot-dog-stand-latest.json
2026-07-19,2026-07-19T14:40:01.662576+00:00,2026-07-19,DraftKings official lineup CSV,https://www.draftkings.com/lineup/getavailableplayerscsv?contestTypeId=9&draftGroupId=150785,150785,9,Selected largest-prize regular Classic MLB draft group after excluding Turbo/Night/qualifier/satellite/showdown/snake/single-stat slates.,OF,Pete Crow-Armstrong (43631051),Pete Crow-Armstrong,43631051,OF,6500,MIN@CHC 07/19/2026 02:20PM ET,07/19/2026 02:20PM ET,CHC,MIN,home,10,691718,Pete Crow-Armstrong,mapped,identity_name_team_map,Stable identity seed from old DK-ID map. Pilot join status: matched via normalized_name_team
2026-07-19,2026-07-19T14:40:01.662576+00:00,2026-07-19,DraftKings official lineup CSV,https://www.draftkings.com/lineup/getavailableplayerscsv?contestTypeId=9&draftGroupId=150785,150785,9,Selected largest-prize regular Classic MLB draft group after excluding Turbo/Night/qualifier/satellite/showdown/snake/single-stat slates.,SP,Ryan Pepiot (43631540),Ryan Pepiot,43631540,P,6500,TB@BOS 07/19/2026 01:35PM ET,07/19/2026 01:35PM ET,TB,BOS,away,0,,,needs_review_new_player,identity_name_team_map,No reviewed normalized-name/team identity alias; do not auto-guess.
2026-07-19,2026-07-19T14:40:01.662576+00:00,2026-07-19,DraftKings official lineup CSV,https://www.draftkings.com/lineup/getavailableplayerscsv?contestTypeId=9&draftGroupId=150785,150785,9,Selected largest-prize regular Classic MLB draft group after excluding Turbo/Night/qualifier/satellite/showdown/snake/single-stat slates.,RP,Mason Englert (43631541),Mason Englert,43631541,P,6500,TB@BOS 07/19/2026 01:35PM ET,07/19/2026 01:35PM ET,TB,BOS,away,5.5,,,needs_review_new_player,identity_name_team_map,No reviewed normalized-name/team identity alias; do not auto-guess.
2026-07-19,2026-07-19T14:40:01.662576+00:00,2026-07-19,DraftKings official lineup CSV,https://www.draftkings.com/lineup/getavailableplayerscsv?contestTypeId=9&draftGroupId=150785,150785,9,Selected largest-prize regular Classic MLB draft group after excluding Turbo/Night/qualifier/satellite/showdown/snake/single-stat slates.,SP,Tyler Wells (43631542),Tyler Wells,43631542,P,6500,BAL@HOU 07/19/2026 02:10PM ET,07/19/2026 02:10PM ET,BAL,HOU,away,4,,,needs_review_new_player,identity_name_team_map,No reviewed normalized-name/team identity alias; do not auto-guess.
2026-07-19,2026-07-19T14:40:01.662576+00:00,2026-07-19,DraftKings official lineup CSV,https://www.draftkings.com/lineup/getavailableplayerscsv?contestTypeId=9&draftGroupId=150785,150785,9,Selected largest-prize regular Classic MLB draft group after excluding Turbo/Night/qualifier/satellite/showdown/snake/single-stat slates.,RP,Albert Suarez (43631543),Albert Suarez,43631543,P,6500,BAL@HOU 07/19/2026 02:10PM ET,07/19/2026 02:10PM ET,BAL,HOU,away,5.9,,,needs_review_new_player,identity_name_team_map,No reviewed normalized-name/team identity alias; do not auto-guess.
2026-07-19,2026-07-19T14:40:01.662576+00:00,2026-07-19,DraftKings official lineup CSV,https://www.draftkings.com/lineup/getavailableplayerscsv?contestTypeId=9&draftGroupId=150785,150785,9,Selected largest-prize regular Classic MLB draft group after excluding Turbo/Night/qualifier/satellite/showdown/snake/single-stat slates.,RP,Hunter Barco (43631544),Hunter Barco,43631544,P,6500,PIT@CLE 07/19/2026 01:40PM ET,07/19/2026 01:40PM ET,PIT,CLE,away,1.5,,,needs_review_new_player,identity_name_team_map,No reviewed normalized-name/team identity alias; do not auto-guess.
2026-07-19,2026-07-19T14:40:01.662576+00:00,2026-07-19,DraftKings official lineup CSV,https://www.draftkings.com/lineup/getavailableplayerscsv?contestTypeId=9&draftGroupId=150785,150785,9,Selected largest-prize regular Classic MLB draft group after excluding Turbo/Night/qualifier/satellite/showdown/snake/single-stat slates.,SP,Jose Urquidy (43631545),Jose Urquidy,43631545,P,6500,PIT@CLE 07/19/2026 01:40PM ET,07/19/2026 01:40PM ET,PIT,CLE,away,0.8,,,needs_review_new_player,identity_name_team_map,No reviewed normalized-name/team identity alias; do not auto-guess.
2026-07-19,2026-07-19T14:40:01.662576+00:00,2026-07-19,DraftKings official lineup CSV,https://www.draftkings.com/lineup/getavailableplayerscsv?contestTypeId=9&draftGroupId=150785,150785,9,Selected largest-prize regular Classic MLB draft group after excluding Turbo/Night/qualifier/satellite/showdown/snake/single-stat slates.,RP,Wilber Dotel (43631546),Wilber Dotel,43631546,P,6500,PIT@CLE 07/19/2026 01:40PM ET,07/19/2026 01:40PM ET,PIT,CLE,away,4.9,,,needs_review_new_player,identity_name_team_map,No reviewed normalized-name/team identity alias; do not auto-guess.
2026-07-19,2026-07-19T14:40:01.662576+00:00,2026-07-19,DraftKings official lineup CSV,https://www.draftkings.com/lineup/getavailableplayerscsv?contestTypeId=9&draftGroupId=150785,150785,9,Selected largest-prize regular Classic MLB draft group after excluding Turbo/Night/qualifier/satellite/showdown/snake/single-stat slates.,RP,Antwone Kelly (43631547),Antwone Kelly,43631547,P,6500,PIT@CLE 07/19/2026 01:40PM ET,07/19/2026 01:40PM ET,PIT,CLE,away,-1.5,,,needs_review_new_player,identity_name_team_map,No reviewed normalized-name/team identity alias; do not auto-guess.
2026-07-19,2026-07-19T14:40:01.662576+00:00,2026-07-19,DraftKings official lineup CSV,https://www.draftkings.com/lineup/getavailableplayerscsv?contestTypeId=9&draftGroupId=150785,150785,9,Selected largest-prize regular Classic MLB draft group after excluding Turbo/Night/qualifier/satellite/showdown/snake/single-stat slates.,RP,Thomas Harrington (43631548),Thomas Harrington,43631548,P,6500,PIT@CLE 07/19/2026 01:40PM ET,07/19/2026 01:40PM ET,PIT,CLE,away,0,,,needs_review_new_player,identity_name_team_map,No reviewed normalized-name/team identity alias; do not auto-guess.
2026-07-19,2026-07-19T14:40:01.662576+00:00,2026-07-19,DraftKings official lineup CSV,https://www.draftkings.com/lineup/getavailableplayerscsv?contestTypeId=9&draftGroupId=150785,150785,9,Selected largest-prize regular Classic MLB draft group after excluding Turbo/Night/qualifier/satellite/showdown/snake/single-stat slates.,SP,Trevor Rogers (43631549),Trevor Rogers,43631549,P,6500,BAL@HOU 07/19/2026 02:10PM ET,07/19/2026 02:10PM ET,BAL,HOU,away,12.6,,,needs_review_new_player,identity_name_team_map,No reviewed normalized-name/team identity alias; do not auto-guess.
2026-07-19,2026-07-19T14:40:01.662576+00:00,2026-07-19,DraftKings official lineup CSV,https://www.draftkings.com/lineup/getavailableplayerscsv?contestTypeId=9&draftGroupId=150785,150785,9,Selected largest-prize regular Classic MLB draft group after excluding Turbo/Night/qualifier/satellite/showdown/snake/single-stat slates.,SP,Bubba Chandler (43631550),Bubba Chandler,43631550,P,6500,PIT@CLE 07/19/2026 01:40PM ET,07/19/2026 01:40PM ET,PIT,CLE,away,10.9,,,needs_review_new_player,identity_name_team_map,No reviewed normalized-name/team identity alias; do not auto-guess.
2026-07-19,2026-07-19T14:40:01.662576+00:00,2026-07-19,DraftKings official lineup CSV,https://www.draftkings.com/lineup/getavailableplayerscsv?contestTypeId=9&draftGroupId=150785,150785,9,Selected largest-prize regular Classic MLB draft group after excluding Turbo/Night/qualifier/satellite/showdown/snake/single-stat slates.,OF,Yordan Alvarez (43631052),Yordan Alvarez,43631052,OF,6400,BAL@HOU 07/19/2026 02:10PM ET,07/19/2026 02:10PM ET,HOU,BAL,home,10.4,670541,Yordan Alvarez,mapped,identity_name_team_map,Stable identity seed from old DK-ID map. Pilot join status: matched via normalized_name_team
2026-07-19,2026-07-19T14:40:01.662576+00:00,2026-07-19,DraftKings official lineup CSV,https://www.draftkings.com/lineup/getavailableplayerscsv?contestTypeId=9&draftGroupId=150785,150785,9,Selected largest-prize regular Classic MLB draft group after excluding Turbo/Night/qualifier/satellite/showdown/snake/single-stat slates.,RP,Ryan Bergert (43631551),Ryan Bergert,43631551,P,6400,SD@KC 07/19/2026 02:10PM ET,07/19/2026 02:10PM ET,KC,SD,home,0,686701,Ryan Bergert,mapped,identity_name_team_map,Stable identity seed from old DK-ID map. Pilot join status: matched_people_search_name via mlb_people_search_normalized_name
2026-07-19,2026-07-19T14:40:01.662576+00:00,2026-07-19,DraftKings official lineup CSV,https://www.draftkings.com/lineup/getavailableplayerscsv?contestTypeId=9&draftGroupId=150785,150785,9,Selected largest-prize regular Classic MLB draft group after excluding Turbo/Night/qualifier/satellite/showdown/snake/single-stat slates.,SP,Alan Rangel (43631049),Alan Rangel,43631049,P,6300,NYM@PHI 07/19/2026 01:35PM ET,07/19/2026 01:35PM ET,PHI,NYM,home,10.5,660604,Alan Rangel,mapped,identity_name_team_map,Stable identity seed from old DK-ID map. Pilot join status: matched via normalized_name_team
2026-07-19,2026-07-19T14:40:01.662576+00:00,2026-07-19,DraftKings official lineup CSV,https://www.draftkings.com/lineup/getavailableplayerscsv?contestTypeId=9&draftGroupId=150785,150785,9,Selected largest-prize regular Classic MLB draft group after excluding Turbo/Night/qualifier/satellite/showdown/snake/single-stat slates.,SS,Bobby Witt Jr. (43631053),Bobby Witt Jr.,43631053,SS,6300,SD@KC 07/19/2026 02:10PM ET,07/19/2026 02:10PM ET,KC,SD,home,9.3,677951,Bobby Witt Jr.,mapped,identity_name_team_map,Stable identity seed from old DK-ID map. Pilot join status: matched via normalized_name_team
2026-07-19,2026-07-19T14:40:01.662576+00:00,2026-07-19,DraftKings official lineup CSV,https://www.draftkings.com/lineup/getavailableplayerscsv?contestTypeId=9&draftGroupId=150785,150785,9,Selected largest-prize regular Classic MLB draft group after excluding Turbo/Night/qualifier/satellite/showdown/snake/single-stat slates.,SP,Andrew Painter (43631552),Andrew Painter,43631552,P,6300,NYM@PHI 07/19/2026 01:35PM ET,07/19/2026 01:35PM ET,PHI,NYM,home,6.3,691725,Andrew Painter,mapped,identity_name_team_map,Stable identity seed from old DK-ID map. Pilot join status: matched via normalized_name_team
2026-07-19,2026-07-19T14:40:01.662576+00:00,2026-07-19,DraftKings official lineup CSV,https://www.draftkings.com/lineup/getavailableplayerscsv?contestTypeId=9&draftGroupId=150785,150785,9,Selected largest-prize regular Classic MLB draft group after excluding Turbo/Night/qualifier/satellite/showdown/snake/single-stat slates.,RP,Seth Johnson (43631553),Seth Johnson,43631553,P,6300,NYM@PHI 07/19/2026 01:35PM ET,07/19/2026 01:35PM ET,PHI,NYM,home,2.7,686751,Seth Johnson,mapped,identity_name_team_map,Stable identity seed from old DK-ID map. Pilot join status: matched via normalized_name_team
2026-07-19,2026-07-19T14:40:01.662576+00:00,2026-07-19,DraftKings official lineup CSV,https://www.draftkings.com/lineup/getavailableplayerscsv?contestTypeId=9&draftGroupId=150785,150785,9,Selected largest-prize regular Classic MLB draft group after excluding Turbo/Night/qualifier/satellite/showdown/snake/single-stat slates.,RP,Moises Chace (43631554),Moises Chace,43631554,P,6300,NYM@PHI 07/19/2026 01:35PM ET,07/19/2026 01:35PM ET,PHI,NYM,home,0,691330,Moisés Chace,mapped,identity_name_team_map,Stable identity seed from old DK-ID map. Pilot join status: matched_people_search_name via mlb_people_search_normalized_name
2026-07-19,2026-07-19T14:40:01.662576+00:00,2026-07-19,DraftKings official lineup CSV,https://www.draftkings.com/lineup/getavailableplayerscsv?contestTypeId=9&draftGroupId=150785,150785,9,Selected largest-prize regular Classic MLB draft group after excluding Turbo/Night/qualifier/satellite/showdown/snake/single-stat slates.,SP,Lenny Torres (43631555),Lenny Torres,43631555,P,6300,NYM@PHI 07/19/2026 01:35PM ET,07/19/2026 01:35PM ET,PHI,NYM,home,0,678013,Lenny Torres Jr.,mapped,identity_name_team_map,Stable identity seed from old DK-ID map. Pilot join status: matched_people_search_name via mlb_people_search_normalized_name
2026-07-19,2026-07-19T14:40:01.662576+00:00,2026-07-19,DraftKings official lineup CSV,https://www.draftkings.com/lineup/getavailableplayerscsv?contestTypeId=9&draftGroupId=150785,150785,9,Selected largest-prize regular Classic MLB draft group after excluding Turbo/Night/qualifier/satellite/showdown/snake/single-stat slates.,SP,Alex McFarlane (43631556),Alex McFarlane,43631556,P,6300,NYM@PHI 07/19/2026 01:35PM ET,07/19/2026 01:35PM ET,PHI,NYM,home,0,686934,Alex McFarlane,mapped,identity_name_team_map,Stable identity seed from old DK-ID map. Pilot join status: matched_people_search_name via mlb_people_search_normalized_name
2026-07-19,2026-07-19T14:40:01.662576+00:00,2026-07-19,DraftKings official lineup CSV,https://www.draftkings.com/lineup/getavailableplayerscsv?contestTypeId=9&draftGroupId=150785,150785,9,Selected largest-prize regular Classic MLB draft group after excluding Turbo/Night/qualifier/satellite/showdown/snake/single-stat slates.,RP,Lake Bachar (43631557),Lake Bachar,43631557,P,6300,MIA@MIL 07/19/2026 02:10PM ET,07/19/2026 02:10PM ET,MIA,MIL,away,4.8,669199,Lake Bachar,mapped,identity_name_team_map,Proposed from review candidates; basis=exact normalized name + team; role-compatible; hot-dog-stand-latest.json|statcast_pitcher_2026; confidence=high; sources=hot-dog-stand-latest.json|statcast_pitcher_2026
2026-07-19,2026-07-19T14:40:01.662576+00:00,2026-07-19,DraftKings official lineup CSV,https://www.draftkings.com/lineup/getavailableplayerscsv?contestTypeId=9&draftGroupId=150785,150785,9,Selected largest-prize regular Classic MLB draft group after excluding Turbo/Night/qualifier/satellite/showdown/snake/single-stat slates.,RP,Tyler Phillips (43631558),Tyler Phillips,43631558,P,6300,MIA@MIL 07/19/2026 02:10PM ET,07/19/2026 02:10PM ET,MIA,MIL,away,6.7,663969,Tyler Phillips,mapped,identity_name_team_map,Proposed from review candidates; basis=exact normalized name + team; role-compatible; statcast_pitcher_2026; confidence=high; sources=statcast_pitcher_2026
2026-07-19,2026-07-19T14:40:01.662576+00:00,2026-07-19,DraftKings official lineup CSV,https://www.draftkings.com/lineup/getavailableplayerscsv?contestTypeId=9&draftGroupId=150785,150785,9,Selected largest-prize regular Classic MLB draft group after excluding Turbo/Night/qualifier/satellite/showdown/snake/single-stat slates.,SP,Chris Paddack (43631559),Chris Paddack,43631559,P,6300,MIA@MIL 07/19/2026 02:10PM ET,07/19/2026 02:10PM ET,MIA,MIL,away,4.6,663978,Chris Paddack,needs_review_team_change,identity_name_unique_mlbam,Name maps to one reviewed MLBAM identity but not this DK team; review as team-change/new alias before trusting automation.
2026-07-19,2026-07-19T14:40:01.662576+00:00,2026-07-19,DraftKings official lineup CSV,https://www.draftkings.com/lineup/getavailableplayerscsv?contestTypeId=9&draftGroupId=150785,150785,9,Selected largest-prize regular Classic MLB draft group after excluding Turbo/Night/qualifier/satellite/showdown/snake/single-stat slates.,RP,Colin Rea (43631560),Colin Rea,43631560,P,6300,MIN@CHC 07/19/2026 02:20PM ET,07/19/2026 02:20PM ET,CHC,MIN,home,10.5,607067,Colin Rea,mapped,identity_name_team_map,Stable identity seed from old DK-ID map. Pilot join status: matched via normalized_name_team
2026-07-19,2026-07-19T14:40:01.662576+00:00,2026-07-19,DraftKings official lineup CSV,https://www.draftkings.com/lineup/getavailableplayerscsv?contestTypeId=9&draftGroupId=150785,150785,9,Selected largest-prize regular Classic MLB draft group after excluding Turbo/Night/qualifier/satellite/showdown/snake/single-stat slates.,RP,Ryan Gusto (43631561),Ryan Gusto,43631561,P,6300,MIA@MIL 07/19/2026 02:10PM ET,07/19/2026 02:10PM ET,MIA,MIL,away,5.6,687473,Ryan Gusto,mapped,identity_name_team_map,Proposed from review candidates; basis=exact normalized name + team; role-compatible; statcast_pitcher_2026; confidence=high; sources=statcast_pitcher_2026
2026-07-19,2026-07-19T14:40:01.662576+00:00,2026-07-19,DraftKings official lineup CSV,https://www.draftkings.com/lineup/getavailableplayerscsv?contestTypeId=9&draftGroupId=150785,150785,9,Selected largest-prize regular Classic MLB draft group after excluding Turbo/Night/qualifier/satellite/showdown/snake/single-stat slates.,RP,Dax Fulton (43631562),Dax Fulton,43631562,P,6300,MIA@MIL 07/19/2026 02:10PM ET,07/19/2026 02:10PM ET,MIA,MIL,away,6.7,690978,Dax Fulton,mapped,identity_name_team_map,Proposed from review candidates; basis=exact normalized name + team; role-compatible; statcast_pitcher_2026; confidence=high; sources=statcast_pitcher_2026
2026-07-19,2026-07-19T14:40:01.662576+00:00,2026-07-19,DraftKings official lineup CSV,https://www.draftkings.com/lineup/getavailableplayerscsv?contestTypeId=9&draftGroupId=150785,150785,9,Selected largest-prize regular Classic MLB draft group after excluding Turbo/Night/qualifier/satellite/showdown/snake/single-stat slates.,SP,Robby Snelling (43631563),Robby Snelling,43631563,P,6300,MIA@MIL 07/19/2026 02:10PM ET,07/19/2026 02:10PM ET,MIA,MIL,away,3.9,702281,Robby Snelling,mapped,identity_name_team_map,Proposed from review candidates; basis=exact normalized name + team; role-compatible; statcast_pitcher_2026; confidence=high; sources=statcast_pitcher_2026
2026-07-19,2026-07-19T14:40:01.662576+00:00,2026-07-19,DraftKings official lineup CSV,https://www.draftkings.com/lineup/getavailableplayerscsv?contestTypeId=9&draftGroupId=150785,150785,9,Selected largest-prize regular Classic MLB draft group after excluding Turbo/Night/qualifier/satellite/showdown/snake/single-stat slates.,SP,Braxton Garrett (43631564),Braxton Garrett,43631564,P,6300,MIA@MIL 07/19/2026 02:10PM ET,07/19/2026 02:10PM ET,MIA,MIL,away,-1.6,666129,Braxton Garrett,mapped,identity_name_team_map,Proposed from review candidates; basis=exact normalized name + team; role-compatible; statcast_pitcher_2026; confidence=high; sources=statcast_pitcher_2026
2026-07-19,2026-07-19T14:40:01.662576+00:00,2026-07-19,DraftKings official lineup CSV,https://www.draftkings.com/lineup/getavailableplayerscsv?contestTypeId=9&draftGroupId=150785,150785,9,Selected largest-prize regular Classic MLB draft group after excluding Turbo/Night/qualifier/satellite/showdown/snake/single-stat slates.,SP,Adam Mazur (43631565),Adam Mazur,43631565,P,6300,MIA@MIL 07/19/2026 02:10PM ET,07/19/2026 02:10PM ET,MIA,MIL,away,0,,,needs_review_new_player,identity_name_team_map,No reviewed normalized-name/team identity alias; do not auto-guess.
2026-07-19,2026-07-19T14:40:01.662576+00:00,2026-07-19,DraftKings official lineup CSV,https://www.draftkings.com/lineup/getavailableplayerscsv?contestTypeId=9&draftGroupId=150785,150785,9,Selected largest-prize regular Classic MLB draft group after excluding Turbo/Night/qualifier/satellite/showdown/snake/single-stat slates.,SP,Jordan Wicks (43631566),Jordan Wicks,43631566,P,6300,MIN@CHC 07/19/2026 02:20PM ET,07/19/2026 02:20PM ET,CHC,MIN,home,0.7,696136,Jordan Wicks,mapped,identity_name_team_map,Stable identity seed from old DK-ID map. Pilot join status: matched via normalized_name_team
2026-07-19,2026-07-19T14:40:01.662576+00:00,2026-07-19,DraftKings official lineup CSV,https://www.draftkings.com/lineup/getavailableplayerscsv?contestTypeId=9&draftGroupId=150785,150785,9,Selected largest-prize regular Classic MLB draft group after excluding Turbo/Night/qualifier/satellite/showdown/snake/single-stat slates.,SP,David Peterson (43631567),David Peterson,43631567,P,6300,MIN@CHC 07/19/2026 02:20PM ET,07/19/2026 02:20PM ET,CHC,MIN,home,7.4,656849,David Peterson,needs_review_team_change,identity_name_unique_mlbam,Name maps to one reviewed MLBAM identity but not this DK team; review as team-change/new alias before trusting automation.
2026-07-19,2026-07-19T14:40:01.662576+00:00,2026-07-19,DraftKings official lineup CSV,https://www.draftkings.com/lineup/getavailableplayerscsv?contestTypeId=9&draftGroupId=150785,150785,9,Selected largest-prize regular Classic MLB draft group after excluding Turbo/Night/qualifier/satellite/showdown/snake/single-stat slates.,SP,Bradley Blalock (43631568),Bradley Blalock,43631568,P,6300,MIA@MIL 07/19/2026 02:10PM ET,07/19/2026 02:10PM ET,MIA,MIL,away,0,687134,Bradley Blalock,mapped,identity_name_team_map,Proposed from review candidates; basis=exact normalized name + team; role-compatible; statcast_pitcher_2026; confidence=high; sources=statcast_pitcher_2026
2026-07-19,2026-07-19T14:40:01.662576+00:00,2026-07-19,DraftKings official lineup CSV,https://www.draftkings.com/lineup/getavailableplayerscsv?contestTypeId=9&draftGroupId=150785,150785,9,Selected largest-prize regular Classic MLB draft group after excluding Turbo/Night/qualifier/satellite/showdown/snake/single-stat slates.,OF,Juan Soto (43631054),Juan Soto,43631054,OF,6200,NYM@PHI 07/19/2026 01:35PM ET,07/19/2026 01:35PM ET,NYM,PHI,away,9.5,665742,Juan Soto,mapped,identity_name_team_map,Stable identity seed from old DK-ID map. Pilot join status: matched via normalized_name_team
2026-07-19,2026-07-19T14:40:01.662576+00:00,2026-07-19,DraftKings official lineup CSV,https://www.draftkings.com/lineup/getavailableplayerscsv?contestTypeId=9&draftGroupId=150785,150785,9,Selected largest-prize regular Classic MLB draft group after excluding Turbo/Night/qualifier/satellite/showdown/snake/single-stat slates.,3B,Junior Caminero (43631055),Junior Caminero,43631055,3B,6100,TB@BOS 07/19/2026 01:35PM ET,07/19/2026 01:35PM ET,TB,BOS,away,9.3,,,needs_review_new_player,identity_name_team_map,No reviewed normalized-name/team identity alias; do not auto-guess.
2026-07-19,2026-07-19T14:40:01.662576+00:00,2026-07-19,DraftKings official lineup CSV,https://www.draftkings.com/lineup/getavailableplayerscsv?contestTypeId=9&draftGroupId=150785,150785,9,Selected largest-prize regular Classic MLB draft group after excluding Turbo/Night/qualifier/satellite/showdown/snake/single-stat slates.,SP,German Marquez (43631050),German Marquez,43631050,P,6000,SD@KC 07/19/2026 02:10PM ET,07/19/2026 02:10PM ET,SD,KC,away,8.9,608566,Germán Márquez,mapped,identity_name_team_map,Stable identity seed from old DK-ID map. Pilot join status: matched via normalized_name_team
2026-07-19,2026-07-19T14:40:01.662576+00:00,2026-07-19,DraftKings official lineup CSV,https://www.draftkings.com/lineup/getavailableplayerscsv?contestTypeId=9&draftGroupId=150785,150785,9,Selected largest-prize regular Classic MLB draft group after excluding Turbo/Night/qualifier/satellite/showdown/snake/single-stat slates.,OF,Kyle Schwarber (43631056),Kyle Schwarber,43631056,OF,6000,NYM@PHI 07/19/2026 01:35PM ET,07/19/2026 01:35PM ET,PHI,NYM,home,9.6,656941,Kyle Schwarber,mapped,identity_name_team_map,Stable identity seed from old DK-ID map. Pilot join status: matched via normalized_name_team
2026-07-19,2026-07-19T14:40:01.662576+00:00,2026-07-19,DraftKings official lineup CSV,https://www.draftkings.com/lineup/getavailableplayerscsv?contestTypeId=9&draftGroupId=150785,150785,9,Selected largest-prize regular Classic MLB draft group after excluding Turbo/Night/qualifier/satellite/showdown/snake/single-stat slates.,SP,Matt Waldron (43631569),Matt Waldron,43631569,P,6000,SD@KC 07/19/2026 02:10PM ET,07/19/2026 02:10PM ET,SD,KC,away,5.8,663362,Matt Waldron,mapped,identity_name_team_map,Stable identity seed from old DK-ID map. Pilot join status: matched via normalized_name_team
2026-07-19,2026-07-19T14:40:01.662576+00:00,2026-07-19,DraftKings official lineup CSV,https://www.draftkings.com/lineup/getavailableplayerscsv?contestTypeId=9&draftGroupId=150785,150785,9,Selected largest-prize regular Classic MLB draft group after excluding Turbo/Night/qualifier/satellite/showdown/snake/single-stat slates.,SP,Kyle Hart (43631570),Kyle Hart,43631570,P,6000,SD@KC 07/19/2026 02:10PM ET,07/19/2026 02:10PM ET,SD,KC,away,2.6,606996,Kyle Hart,mapped,identity_name_team_map,Stable identity seed from old DK-ID map. Pilot join status: matched via normalized_name_team
2026-07-19,2026-07-19T14:40:01.662576+00:00,2026-07-19,DraftKings official lineup CSV,https://www.draftkings.com/lineup/getavailableplayerscsv?contestTypeId=9&draftGroupId=150785,150785,9,Selected largest-prize regular Classic MLB draft group after excluding Turbo/Night/qualifier/satellite/showdown/snake/single-stat slates.,RP,Jhony Brito (43631571),Jhony Brito,43631571,P,6000,SD@KC 07/19/2026 02:10PM ET,07/19/2026 02:10PM ET,SD,KC,away,4.3,666745,Jhony Brito,mapped,identity_name_team_map,Stable identity seed from old DK-ID map. Pilot join status: matched_people_search_name via mlb_people_search_normalized_name
2026-07-19,2026-07-19T14:40:01.662576+00:00,2026-07-19,DraftKings official lineup CSV,https://www.draftkings.com/lineup/getavailableplayerscsv?contestTypeId=9&draftGroupId=150785,150785,9,Selected largest-prize regular Classic MLB draft group after excluding Turbo/Night/qualifier/satellite/showdown/snake/single-stat slates.,SP,Lucas Giolito (43631572),Lucas Giolito,43631572,P,6000,SD@KC 07/19/2026 02:10PM ET,07/19/2026 02:10PM ET,SD,KC,away,6.2,608337,Lucas Giolito,mapped,identity_name_team_map,Stable identity seed from old DK-ID map. Pilot join status: matched via normalized_name_team
2026-07-19,2026-07-19T14:40:01.662576+00:00,2026-07-19,DraftKings official lineup CSV,https://www.draftkings.com/lineup/getavailableplayerscsv?contestTypeId=9&draftGroupId=150785,150785,9,Selected largest-prize regular Classic MLB draft group after excluding Turbo/Night/qualifier/satellite/showdown/snake/single-stat slates.,SP,Randy Vasquez (43631573),Randy Vasquez,43631573,P,6000,SD@KC 07/19/2026 02:10PM ET,07/19/2026 02:10PM ET,SD,KC,away,9.9,681190,Randy Vásquez,mapped,identity_name_team_map,Stable identity seed from old DK-ID map. Pilot join status: matched via normalized_name_team
2026-07-19,2026-07-19T14:40:01.662576+00:00,2026-07-19,DraftKings official lineup CSV,https://www.draftkings.com/lineup/getavailableplayerscsv?contestTypeId=9&draftGroupId=150785,150785,9,Selected largest-prize regular Classic MLB draft group after excluding Turbo/Night/qualifier/satellite/showdown/snake/single-stat slates.,SP,Coleman Crow (43631574),Coleman Crow,43631574,P,6000,MIA@MIL 07/19/2026 02:10PM ET,07/19/2026 02:10PM ET,MIL,MIA,home,4.6,689441,Coleman Crow,mapped,identity_name_team_map,Stable identity seed from old DK-ID map. Pilot join status: matched via normalized_name_team
2026-07-19,2026-07-19T14:40:01.662576+00:00,2026-07-19,DraftKings official lineup CSV,https://www.draftkings.com/lineup/getavailableplayerscsv?contestTypeId=9&draftGroupId=150785,150785,9,Selected largest-prize regular Classic MLB draft group after excluding Turbo/Night/qualifier/satellite/showdown/snake/single-stat slates.,RP,DL Hall (43631575),DL Hall,43631575,P,6000,MIA@MIL 07/19/2026 02:10PM ET,07/19/2026 02:10PM ET,MIL,MIA,home,4,669084,DL Hall,mapped,identity_name_team_map,Stable identity seed from old DK-ID map. Pilot join status: matched via normalized_name_team
2026-07-19,2026-07-19T14:40:01.662576+00:00,2026-07-19,DraftKings official lineup CSV,https://www.draftkings.com/lineup/getavailableplayerscsv?contestTypeId=9&draftGroupId=150785,150785,9,Selected largest-prize regular Classic MLB draft group after excluding Turbo/Night/qualifier/satellite/showdown/snake/single-stat slates.,RP,Bryse Wilson (43631576),Bryse Wilson,43631576,P,6000,MIA@MIL 07/19/2026 02:10PM ET,07/19/2026 02:10PM ET,MIL,MIA,home,5.9,,,needs_review_new_player,identity_name_team_map,No reviewed normalized-name/team identity alias; do not auto-guess.
2026-07-19,2026-07-19T14:40:01.662576+00:00,2026-07-19,DraftKings official lineup CSV,https://www.draftkings.com/lineup/getavailableplayerscsv?contestTypeId=9&draftGroupId=150785,150785,9,Selected largest-prize regular Classic MLB draft group after excluding Turbo/Night/qualifier/satellite/showdown/snake/single-stat slates.,SP,Griffin Canning (43631577),Griffin Canning,43631577,P,6000,SD@KC 07/19/2026 02:10PM ET,07/19/2026 02:10PM ET,SD,KC,away,7.8,656288,Griffin Canning,mapped,identity_name_team_map,Stable identity seed from old DK-ID map. Pilot join status: matched via normalized_name_team
2026-07-19,2026-07-19T14:40:01.662576+00:00,2026-07-19,DraftKings official lineup CSV,https://www.draftkings.com/lineup/getavailableplayerscsv?contestTypeId=9&draftGroupId=150785,150785,9,Selected largest-prize regular Classic MLB draft group after excluding Turbo/Night/qualifier/satellite/showdown/snake/single-stat slates.,2B,Brandon Lowe (43631057),Brandon Lowe,43631057,2B,5800,PIT@CLE 07/19/2026 01:40PM ET,07/19/2026 01:40PM ET,PIT,CLE,away,8.7,,,needs_review_new_player,identity_name_team_map,No reviewed normalized-name/team identity alias; do not auto-guess.
2026-07-19,2026-07-19T14:40:01.662576+00:00,2026-07-19,DraftKings official lineup CSV,https://www.draftkings.com/lineup/getavailableplayerscsv?contestTypeId=9&draftGroupId=150785,150785,9,Selected largest-prize regular Classic MLB draft group after excluding Turbo/Night/qualifier/satellite/showdown/snake/single-stat slates.,SP,Brayan Bello (43631578),Brayan Bello,43631578,P,5800,TB@BOS 07/19/2026 01:35PM ET,07/19/2026 01:35PM ET,BOS,TB,home,7.8,,,needs_review_new_player,identity_name_team_map,No reviewed normalized-name/team identity alias; do not auto-guess.
2026-07-19,2026-07-19T14:40:01.662576+00:00,2026-07-19,DraftKings official lineup CSV,https://www.draftkings.com/lineup/getavailableplayerscsv?contestTypeId=9&draftGroupId=150785,150785,9,Selected largest-prize regular Classic MLB draft group after excluding Turbo/Night/qualifier/satellite/showdown/snake/single-stat slates.,SP,Johan Oviedo (43631579),Johan Oviedo,43631579,P,5800,TB@BOS 07/19/2026 01:35PM ET,07/19/2026 01:35PM ET,BOS,TB,home,1.5,,,needs_review_new_player,identity_name_team_map,No reviewed normalized-name/team identity alias; do not auto-guess.
2026-07-19,2026-07-19T14:40:01.662576+00:00,2026-07-19,DraftKings official lineup CSV,https://www.draftkings.com/lineup/getavailableplayerscsv?contestTypeId=9&draftGroupId=150785,150785,9,Selected largest-prize regular Classic MLB draft group after excluding Turbo/Night/qualifier/satellite/showdown/snake/single-stat slates.,RP,Cal Quantrill (43631580),Cal Quantrill,43631580,P,5800,TEX@ATL 07/19/2026 01:35PM ET,07/19/2026 01:35PM ET,TEX,ATL,away,5.1,615698,Cal Quantrill,mapped,identity_name_team_map,Stable identity seed from old DK-ID map. Pilot join status: matched via normalized_name_team
2026-07-19,2026-07-19T14:40:01.662576+00:00,2026-07-19,DraftKings official lineup CSV,https://www.draftkings.com/lineup/getavailableplayerscsv?contestTypeId=9&draftGroupId=150785,150785,9,Selected largest-prize regular Classic MLB draft group after excluding Turbo/Night/qualifier/satellite/showdown/snake/single-stat slates.,RP,Tyler Alexander (43631581),Tyler Alexander,43631581,P,5800,TEX@ATL 07/19/2026 01:35PM ET,07/19/2026 01:35PM ET,TEX,ATL,away,2.7,641302,Tyler Alexander,mapped,identity_name_team_map,Stable identity seed from old DK-ID map. Pilot join status: matched via normalized_name_team
2026-07-19,2026-07-19T14:40:01.662576+00:00,2026-07-19,DraftKings official lineup CSV,https://www.draftkings.com/lineup/getavailableplayerscsv?contestTypeId=9&draftGroupId=150785,150785,9,Selected largest-prize regular Classic MLB draft group after excluding Turbo/Night/qualifier/satellite/showdown/snake/single-stat slates.,1B,Pete Alonso (43631058),Pete Alonso,43631058,1B,5700,BAL@HOU 07/19/2026 02:10PM ET,07/19/2026 02:10PM ET,BAL,HOU,away,8.4,,,needs_review_new_player,identity_name_team_map,No reviewed normalized-name/team identity alias; do not auto-guess.
2026-07-19,2026-07-19T14:40:01.662576+00:00,2026-07-19,DraftKings official lineup CSV,https://www.draftkings.com/lineup/getavailableplayerscsv?contestTypeId=9&draftGroupId=150785,150785,9,Selected largest-prize regular Classic MLB draft group after excluding Turbo/Night/qualifier/satellite/showdown/snake/single-stat slates.,1B,Willson Contreras (43631059),Willson Contreras,43631059,1B,5600,TB@BOS 07/19/2026 01:35PM ET,07/19/2026 01:35PM ET,BOS,TB,home,8.8,,,needs_review_new_player,identity_name_team_map,No reviewed normalized-name/team identity alias; do not auto-guess.
2026-07-19,2026-07-19T14:40:01.662576+00:00,2026-07-19,DraftKings official lineup CSV,https://www.draftkings.com/lineup/getavailableplayerscsv?contestTypeId=9&draftGroupId=150785,150785,9,Selected largest-prize regular Classic MLB draft group after excluding Turbo/Night/qualifier/satellite/showdown/snake/single-stat slates.,RP,Connor Thomas (43631582),Connor Thomas,43631582,P,5600,TEX@ATL 07/19/2026 01:35PM ET,07/19/2026 01:35PM ET,ATL,TEX,home,0.7,,,needs_review_new_player,identity_name_team_map,No reviewed normalized-name/team identity alias; do not auto-guess.
2026-07-19,2026-07-19T14:40:01.662576+00:00,2026-07-19,DraftKings official lineup CSV,https://www.draftkings.com/lineup/getavailableplayerscsv?contestTypeId=9&draftGroupId=150785,150785,9,Selected largest-prize regular Classic MLB draft group after excluding Turbo/Night/qualifier/satellite/showdown/snake/single-stat slates.,RP,Joey Wentz (43631583),Joey Wentz,43631583,P,5600,TEX@ATL 07/19/2026 01:35PM ET,07/19/2026 01:35PM ET,ATL,TEX,home,0,666214,Joey Wentz,mapped,identity_name_team_map,Stable identity seed from old DK-ID map. Pilot join status: matched_people_search_name via mlb_people_search_normalized_name
2026-07-19,2026-07-19T14:40:01.662576+00:00,2026-07-19,DraftKings official lineup CSV,https://www.draftkings.com/lineup/getavailableplayerscsv?contestTypeId=9&draftGroupId=150785,150785,9,Selected largest-prize regular Classic MLB draft group after excluding Turbo/Night/qualifier/satellite/showdown/snake/single-stat slates.,RP,Victor Mederos (43631584),Victor Mederos,43631584,P,5600,TEX@ATL 07/19/2026 01:35PM ET,07/19/2026 01:35PM ET,ATL,TEX,home,5.7,682989,Victor Mederos,mapped,identity_name_team_map,Stable identity seed from old DK-ID map. Pilot join status: matched via normalized_name_team
2026-07-19,2026-07-19T14:40:01.662576+00:00,2026-07-19,DraftKings official lineup CSV,https://www.draftkings.com/lineup/getavailableplayerscsv?contestTypeId=9&draftGroupId=150785,150785,9,Selected largest-prize regular Classic MLB draft group after excluding Turbo/Night/qualifier/satellite/showdown/snake/single-stat slates.,1B,Bryce Harper (43631060),Bryce Harper,43631060,1B,5500,NYM@PHI 07/19/2026 01:35PM ET,07/19/2026 01:35PM ET,PHI,NYM,home,8.5,547180,Bryce Harper,mapped,identity_name_team_map,Stable identity seed from old DK-ID map. Pilot join status: matched via normalized_name_team
2026-07-19,2026-07-19T14:40:01.662576+00:00,2026-07-19,DraftKings official lineup CSV,https://www.draftkings.com/lineup/getavailableplayerscsv?contestTypeId=9&draftGroupId=150785,150785,9,Selected largest-prize regular Classic MLB draft group after excluding Turbo/Night/qualifier/satellite/showdown/snake/single-stat slates.,OF,Ronald Acuna Jr. (43631289),Ronald Acuna Jr.,43631289,OF,5500,TEX@ATL 07/19/2026 01:35PM ET,07/19/2026 01:35PM ET,ATL,TEX,home,9.1,660670,Ronald Acuña Jr.,mapped,identity_name_team_map,Stable identity seed from old DK-ID map. Pilot join status: matched via normalized_name_team
2026-07-19,2026-07-19T14:40:01.662576+00:00,2026-07-19,DraftKings official lineup CSV,https://www.draftkings.com/lineup/getavailableplayerscsv?contestTypeId=9&draftGroupId=150785,150785,9,Selected largest-prize regular Classic MLB draft group after excluding Turbo/Night/qualifier/satellite/showdown/snake/single-stat slates.,RP,Steven Wilson (43631585),Steven Wilson,43631585,P,5500,TB@BOS 07/19/2026 01:35PM ET,07/19/2026 01:35PM ET,TB,BOS,away,0,,,needs_review_new_player,identity_name_team_map,No reviewed normalized-name/team identity alias; do not auto-guess.
2026-07-19,2026-07-19T14:40:01.662576+00:00,2026-07-19,DraftKings official lineup CSV,https://www.draftkings.com/lineup/getavailableplayerscsv?contestTypeId=9&draftGroupId=150785,150785,9,Selected largest-prize regular Classic MLB draft group after excluding Turbo/Night/qualifier/satellite/showdown/snake/single-stat slates.,SP,Steven Matz (43631586),Steven Matz,43631586,P,5500,TB@BOS 07/19/2026 01:35PM ET,07/19/2026 01:35PM ET,TB,BOS,away,6.6,,,needs_review_new_player,identity_name_team_map,No reviewed normalized-name/team identity alias; do not auto-guess.
2026-07-19,2026-07-19T14:40:01.662576+00:00,2026-07-19,DraftKings official lineup CSV,https://www.draftkings.com/lineup/getavailableplayerscsv?contestTypeId=9&draftGroupId=150785,150785,9,Selected largest-prize regular Classic MLB draft group after excluding Turbo/Night/qualifier/satellite/showdown/snake/single-stat slates.,RP,Jesse Scholtens (43631587),Jesse Scholtens,43631587,P,5500,TB@BOS 07/19/2026 01:35PM ET,07/19/2026 01:35PM ET,TB,BOS,away,11.4,,,needs_review_new_player,identity_name_team_map,No reviewed normalized-name/team identity alias; do not auto-guess.
2026-07-19,2026-07-19T14:40:01.662576+00:00,2026-07-19,DraftKings official lineup CSV,https://www.draftkings.com/lineup/getavailableplayerscsv?contestTypeId=9&draftGroupId=150785,150785,9,Selected largest-prize regular Classic MLB draft group after excluding Turbo/Night/qualifier/satellite/showdown/snake/single-stat slates.,RP,Keegan Akin (43631588),Keegan Akin,43631588,P,5500,BAL@HOU 07/19/2026 02:10PM ET,07/19/2026 02:10PM ET,BAL,HOU,away,1.5,,,needs_review_new_player,identity_name_team_map,No reviewed normalized-name/team identity alias; do not auto-guess.
2026-07-19,2026-07-19T14:40:01.662576+00:00,2026-07-19,DraftKings official lineup CSV,https://www.draftkings.com/lineup/getavailableplayerscsv?contestTypeId=9&draftGroupId=150785,150785,9,Selected largest-prize regular Classic MLB draft group after excluding Turbo/Night/qualifier/satellite/showdown/snake/single-stat slates.,SP,Chris Bassitt (43631589),Chris Bassitt,43631589,P,5500,BAL@HOU 07/19/2026 02:10PM ET,07/19/2026 02:10PM ET,BAL,HOU,away,7.6,,,needs_review_new_player,identity_name_team_map,No reviewed normalized-name/team identity alias; do not auto-guess.
2026-07-19,2026-07-19T14:40:01.662576+00:00,2026-07-19,DraftKings official lineup CSV,https://www.draftkings.com/lineup/getavailableplayerscsv?contestTypeId=9&draftGroupId=150785,150785,9,Selected largest-prize regular Classic MLB draft group after excluding Turbo/Night/qualifier/satellite/showdown/snake/single-stat slates.,RP,Daniel Espino (43631590),Daniel Espino,43631590,P,5500,PIT@CLE 07/19/2026 01:40PM ET,07/19/2026 01:40PM ET,CLE,PIT,home,3.7,,,needs_review_new_player,identity_name_team_map,No reviewed normalized-name/team identity alias; do not auto-guess.
2026-07-19,2026-07-19T14:40:01.662576+00:00,2026-07-19,DraftKings official lineup CSV,https://www.draftkings.com/lineup/getavailableplayerscsv?contestTypeId=9&draftGroupId=150785,150785,9,Selected largest-prize regular Classic MLB draft group after excluding Turbo/Night/qualifier/satellite/showdown/snake/single-stat slates.,SP,Trey Gibson (43631591),Trey Gibson,43631591,P,5500,BAL@HOU 07/19/2026 02:10PM ET,07/19/2026 02:10PM ET,BAL,HOU,away,5.7,,,needs_review_new_player,identity_name_team_map,No reviewed normalized-name/team identity alias; do not auto-guess.
2026-07-19,2026-07-19T14:40:01.662576+00:00,2026-07-19,DraftKings official lineup CSV,https://www.draftkings.com/lineup/getavailableplayerscsv?contestTypeId=9&draftGroupId=150785,150785,9,Selected largest-prize regular Classic MLB draft group after excluding Turbo/Night/qualifier/satellite/showdown/snake/single-stat slates.,OF,Bryan Reynolds (43631061),Bryan Reynolds,43631061,OF,5400,PIT@CLE 07/19/2026 01:40PM ET,07/19/2026 01:40PM ET,PIT,CLE,away,9,,,needs_review_new_player,identity_name_team_map,No reviewed normalized-name/team identity alias; do not auto-guess.
2026-07-19,2026-07-19T14:40:01.662576+00:00,2026-07-19,DraftKings official lineup CSV,https://www.draftkings.com/lineup/getavailableplayerscsv?contestTypeId=9&draftGroupId=150785,150785,9,Selected largest-prize regular Classic MLB draft group after excluding Turbo/Night/qualifier/satellite/showdown/snake/single-stat slates.,OF,Jackson Chourio (43631062),Jackson Chourio,43631062,OF,5400,MIA@MIL 07/19/2026 02:10PM ET,07/19/2026 02:10PM ET,MIL,MIA,home,9.7,694192,Jackson Chourio,mapped,identity_name_team_map,Stable identity seed from old DK-ID map. Pilot join status: matched via normalized_name_team
2026-07-19,2026-07-19T14:40:01.662576+00:00,2026-07-19,DraftKings official lineup CSV,https://www.draftkings.com/lineup/getavailableplayerscsv?contestTypeId=9&draftGroupId=150785,150785,9,Selected largest-prize regular Classic MLB draft group after excluding Turbo/Night/qualifier/satellite/showdown/snake/single-stat slates.,OF,Byron Buxton (43631290),Byron Buxton,43631290,OF,5400,MIN@CHC 07/19/2026 02:20PM ET,07/19/2026 02:20PM ET,MIN,CHC,away,10.1,621439,Byron Buxton,mapped,identity_name_team_map,Proposed from review candidates; basis=exact normalized name + team; role-compatible; hr-distance-latest.json|statcast_batter_des_2026; confidence=high; sources=hr-distance-latest.json|statcast_batter_des_2026
2026-07-19,2026-07-19T14:40:01.662576+00:00,2026-07-19,DraftKings official lineup CSV,https://www.draftkings.com/lineup/getavailableplayerscsv?contestTypeId=9&draftGroupId=150785,150785,9,Selected largest-prize regular Classic MLB draft group after excluding Turbo/Night/qualifier/satellite/showdown/snake/single-stat slates.,RP,Daniel Lynch IV (43631592),Daniel Lynch IV,43631592,P,5400,SD@KC 07/19/2026 02:10PM ET,07/19/2026 02:10PM ET,KC,SD,home,3.1,663738,Daniel Lynch IV,mapped,identity_name_team_map,Stable identity seed from old DK-ID map. Pilot join status: matched via normalized_name_team
2026-07-19,2026-07-19T14:40:01.662576+00:00,2026-07-19,DraftKings official lineup CSV,https://www.draftkings.com/lineup/getavailableplayerscsv?contestTypeId=9&draftGroupId=150785,150785,9,Selected largest-prize regular Classic MLB draft group after excluding Turbo/Night/qualifier/satellite/showdown/snake/single-stat slates.,RP,Luinder Avila (43631593),Luinder Avila,43631593,P,5400,SD@KC 07/19/2026 02:10PM ET,07/19/2026 02:10PM ET,KC,SD,home,6.9,679883,Luinder Avila,mapped,identity_name_team_map,Stable identity seed from old DK-ID map. Pilot join status: matched via normalized_name_team
2026-07-19,2026-07-19T14:40:01.662576+00:00,2026-07-19,DraftKings official lineup CSV,https://www.draftkings.com/lineup/getavailableplayerscsv?contestTypeId=9&draftGroupId=150785,150785,9,Selected largest-prize regular Classic MLB draft group after excluding Turbo/Night/qualifier/satellite/showdown/snake/single-stat slates.,RP,Mitch Spence (43631594),Mitch Spence,43631594,P,5400,SD@KC 07/19/2026 02:10PM ET,07/19/2026 02:10PM ET,KC,SD,home,-9.3,687765,Mitch Spence,mapped,identity_name_team_map,Stable identity seed from old DK-ID map. Pilot join status: matched via normalized_name_team
2026-07-19,2026-07-19T14:40:01.662576+00:00,2026-07-19,DraftKings official lineup CSV,https://www.draftkings.com/lineup/getavailableplayerscsv?contestTypeId=9&draftGroupId=150785,150785,9,Selected largest-prize regular Classic MLB draft group after excluding Turbo/Night/qualifier/satellite/showdown/snake/single-stat slates.,RP,Mason Black (43631595),Mason Black,43631595,P,5400,SD@KC 07/19/2026 02:10PM ET,07/19/2026 02:10PM ET,KC,SD,home,3.1,696131,Mason Black,mapped,identity_name_team_map,Stable identity seed from old DK-ID map. Pilot join status: matched via normalized_name_team
2026-07-19,2026-07-19T14:40:01.662576+00:00,2026-07-19,DraftKings official lineup CSV,https://www.draftkings.com/lineup/getavailableplayerscsv?contestTypeId=9&draftGroupId=150785,150785,9,Selected largest-prize regular Classic MLB draft group after excluding Turbo/Night/qualifier/satellite/showdown/snake/single-stat slates.,SS,Gunnar Henderson (43631063),Gunnar Henderson,43631063,SS,5300,BAL@HOU 07/19/2026 02:10PM ET,07/19/2026 02:10PM ET,BAL,HOU,away,7.6,,,needs_review_new_player,identity_name_team_map,No reviewed normalized-name/team identity alias; do not auto-guess.
2026-07-19,2026-07-19T14:40:01.662576+00:00,2026-07-19,DraftKings official lineup CSV,https://www.draftkings.com/lineup/getavailableplayerscsv?contestTypeId=9&draftGroupId=150785,150785,9,Selected largest-prize regular Classic MLB draft group after excluding Turbo/Night/qualifier/satellite/showdown/snake/single-stat slates.,OF,Fernando Tatis Jr. (43631064),Fernando Tatis Jr.,43631064,OF,5300,SD@KC 07/19/2026 02:10PM ET,07/19/2026 02:10PM ET,SD,KC,away,8,665487,Fernando Tatis Jr.,mapped,identity_name_team_map,Stable identity seed from old DK-ID map. Pilot join status: matched via normalized_name_team
2026-07-19,2026-07-19T14:40:01.662576+00:00,2026-07-19,DraftKings official lineup CSV,https://www.draftkings.com/lineup/getavailableplayerscsv?contestTypeId=9&draftGroupId=150785,150785,9,Selected largest-prize regular Classic MLB draft group after excluding Turbo/Night/qualifier/satellite/showdown/snake/single-stat slates.,2B,Brice Turang (43631065),Brice Turang,43631065,2B,5200,MIA@MIL 07/19/2026 02:10PM ET,07/19/2026 02:10PM ET,MIL,MIA,home,9.6,668930,Brice Turang,mapped,identity_name_team_map,Stable identity seed from old DK-ID map. Pilot join status: matched via normalized_name_team
2026-07-19,2026-07-19T14:40:01.662576+00:00,2026-07-19,DraftKings official lineup CSV,https://www.draftkings.com/lineup/getavailableplayerscsv?contestTypeId=9&draftGroupId=150785,150785,9,Selected largest-prize regular Classic MLB draft group after excluding Turbo/Night/qualifier/satellite/showdown/snake/single-stat slates.,1B,Matt Olson (43631066),Matt Olson,43631066,1B,5200,TEX@ATL 07/19/2026 01:35PM ET,07/19/2026 01:35PM ET,ATL,TEX,home,9.1,621566,Matt Olson,mapped,identity_name_team_map,Stable identity seed from old DK-ID map. Pilot join status: matched via normalized_name_team
2026-07-19,2026-07-19T14:40:01.662576+00:00,2026-07-19,DraftKings official lineup CSV,https://www.draftkings.com/lineup/getavailableplayerscsv?contestTypeId=9&draftGroupId=150785,150785,9,Selected largest-prize regular Classic MLB draft group after excluding Turbo/Night/qualifier/satellite/showdown/snake/single-stat slates.,OF,Oneil Cruz (43631291),Oneil Cruz,43631291,OF,5200,PIT@CLE 07/19/2026 01:40PM ET,07/19/2026 01:40PM ET,PIT,CLE,away,10.4,,,needs_review_new_player,identity_name_team_map,No reviewed normalized-name/team identity alias; do not auto-guess.
2026-07-19,2026-07-19T14:40:01.662576+00:00,2026-07-19,DraftKings official lineup CSV,https://www.draftkings.com/lineup/getavailableplayerscsv?contestTypeId=9&draftGroupId=150785,150785,9,Selected largest-prize regular Classic MLB draft group after excluding Turbo/Night/qualifier/satellite/showdown/snake/single-stat slates.,C,Ryan Jeffers (43631067),Ryan Jeffers,43631067,C,5100,MIN@CHC 07/19/2026 02:20PM ET,07/19/2026 02:20PM ET,MIN,CHC,away,9,680777,Ryan Jeffers,mapped,identity_name_team_map,Proposed from review candidates; basis=exact normalized name + team; role-compatible; statcast_batter_des_2026; confidence=high; sources=statcast_batter_des_2026
2026-07-19,2026-07-19T14:40:01.662576+00:00,2026-07-19,DraftKings official lineup CSV,https://www.draftkings.com/lineup/getavailableplayerscsv?contestTypeId=9&draftGroupId=150785,150785,9,Selected largest-prize regular Classic MLB draft group after excluding Turbo/Night/qualifier/satellite/showdown/snake/single-stat slates.,1B,Ryan O'Hearn (43631068),Ryan O'Hearn,43631068,1B,5100,PIT@CLE 07/19/2026 01:40PM ET,07/19/2026 01:40PM ET,PIT,CLE,away,8.3,,,needs_review_new_player,identity_name_team_map,No reviewed normalized-name/team identity alias; do not auto-guess.
2026-07-19,2026-07-19T14:40:01.662576+00:00,2026-07-19,DraftKings official lineup CSV,https://www.draftkings.com/lineup/getavailableplayerscsv?contestTypeId=9&draftGroupId=150785,150785,9,Selected largest-prize regular Classic MLB draft group after excluding Turbo/Night/qualifier/satellite/showdown/snake/single-stat slates.,1B/3B,Yandy Diaz (43631069),Yandy Diaz,43631069,1B/3B,5000,TB@BOS 07/19/2026 01:35PM ET,07/19/2026 01:35PM ET,TB,BOS,away,8.4,,,needs_review_new_player,identity_name_team_map,No reviewed normalized-name/team identity alias; do not auto-guess.
2026-07-19,2026-07-19T14:40:01.662576+00:00,2026-07-19,DraftKings official lineup CSV,https://www.draftkings.com/lineup/getavailableplayerscsv?contestTypeId=9&draftGroupId=150785,150785,9,Selected largest-prize regular Classic MLB draft group after excluding Turbo/Night/qualifier/satellite/showdown/snake/single-stat slates.,SS,Trea Turner (43631071),Trea Turner,43631071,SS,5000,NYM@PHI 07/19/2026 01:35PM ET,07/19/2026 01:35PM ET,PHI,NYM,home,7.8,607208,Trea Turner,mapped,identity_name_team_map,Stable identity seed from old DK-ID map. Pilot join status: matched via normalized_name_team
2026-07-19,2026-07-19T14:40:01.662576+00:00,2026-07-19,DraftKings official lineup CSV,https://www.draftkings.com/lineup/getavailableplayerscsv?contestTypeId=9&draftGroupId=150785,150785,9,Selected largest-prize regular Classic MLB draft group after excluding Turbo/Night/qualifier/satellite/showdown/snake/single-stat slates.,OF,Christian Yelich (43631072),Christian Yelich,43631072,OF,4900,MIA@MIL 07/19/2026 02:10PM ET,07/19/2026 02:10PM ET,MIL,MIA,home,8,592885,Christian Yelich,mapped,identity_name_team_map,Stable identity seed from old DK-ID map. Pilot join status: matched via normalized_name_team
2026-07-19,2026-07-19T14:40:01.662576+00:00,2026-07-19,DraftKings official lineup CSV,https://www.draftkings.com/lineup/getavailableplayerscsv?contestTypeId=9&draftGroupId=150785,150785,9,Selected largest-prize regular Classic MLB draft group after excluding Turbo/Night/qualifier/satellite/showdown/snake/single-stat slates.,1B/OF,Jake Bauers (43631073),Jake Bauers,43631073,1B/OF,4900,MIA@MIL 07/19/2026 02:10PM ET,07/19/2026 02:10PM ET,MIL,MIA,home,8.6,641343,Jake Bauers,mapped,identity_name_team_map,Stable identity seed from old DK-ID map. Pilot join status: matched via normalized_name_team
2026-07-19,2026-07-19T14:40:01.662576+00:00,2026-07-19,DraftKings official lineup CSV,https://www.draftkings.com/lineup/getavailableplayerscsv?contestTypeId=9&draftGroupId=150785,150785,9,Selected largest-prize regular Classic MLB draft group after excluding Turbo/Night/qualifier/satellite/showdown/snake/single-stat slates.,C,Carter Jensen (43631075),Carter Jensen,43631075,C,4800,SD@KC 07/19/2026 02:10PM ET,07/19/2026 02:10PM ET,KC,SD,home,6.9,695600,Carter Jensen,mapped,identity_name_team_map,Stable identity seed from old DK-ID map. Pilot join status: matched via normalized_name_team
2026-07-19,2026-07-19T14:40:01.662576+00:00,2026-07-19,DraftKings official lineup CSV,https://www.draftkings.com/lineup/getavailableplayerscsv?contestTypeId=9&draftGroupId=150785,150785,9,Selected largest-prize regular Classic MLB draft group after excluding Turbo/Night/qualifier/satellite/showdown/snake/single-stat slates.,OF,Taylor Ward (43631076),Taylor Ward,43631076,OF,4800,BAL@HOU 07/19/2026 02:10PM ET,07/19/2026 02:10PM ET,BAL,HOU,away,7.3,,,needs_review_new_player,identity_name_team_map,No reviewed normalized-name/team identity alias; do not auto-guess.
2026-07-19,2026-07-19T14:40:01.662576+00:00,2026-07-19,DraftKings official lineup CSV,https://www.draftkings.com/lineup/getavailableplayerscsv?contestTypeId=9&draftGroupId=150785,150785,9,Selected largest-prize regular Classic MLB draft group after excluding Turbo/Night/qualifier/satellite/showdown/snake/single-stat slates.,3B,Jose Ramirez (43631292),Jose Ramirez,43631292,3B,4800,PIT@CLE 07/19/2026 01:40PM ET,07/19/2026 01:40PM ET,CLE,PIT,home,9.1,,,needs_review_new_player,identity_name_team_map,No reviewed normalized-name/team identity alias; do not auto-guess.
2026-07-19,2026-07-19T14:40:01.662576+00:00,2026-07-19,DraftKings official lineup CSV,https://www.draftkings.com/lineup/getavailableplayerscsv?contestTypeId=9&draftGroupId=150785,150785,9,Selected largest-prize regular Classic MLB draft group after excluding Turbo/Night/qualifier/satellite/showdown/snake/single-stat slates.,2B,Kody Clemens (43631077),Kody Clemens,43631077,2B,4700,MIN@CHC 07/19/2026 02:20PM ET,07/19/2026 02:20PM ET,MIN,CHC,away,7.8,665019,Kody Clemens,mapped,identity_name_team_map,Proposed from review candidates; basis=exact normalized name + team; role-compatible; hr-distance-latest.json|statcast_batter_des_2026; confidence=high; sources=hr-distance-latest.json|statcast_batter_des_2026
2026-07-19,2026-07-19T14:40:01.662576+00:00,2026-07-19,DraftKings official lineup CSV,https://www.draftkings.com/lineup/getavailableplayerscsv?contestTypeId=9&draftGroupId=150785,150785,9,Selected largest-prize regular Classic MLB draft group after excluding Turbo/Night/qualifier/satellite/showdown/snake/single-stat slates.,3B,Bo Bichette (43631078),Bo Bichette,43631078,3B,4700,NYM@PHI 07/19/2026 01:35PM ET,07/19/2026 01:35PM ET,NYM,PHI,away,6.7,666182,Bo Bichette,mapped,identity_name_team_map,Stable identity seed from old DK-ID map. Pilot join status: matched via normalized_name_team
2026-07-19,2026-07-19T14:40:01.662576+00:00,2026-07-19,DraftKings official lineup CSV,https://www.draftkings.com/lineup/getavailableplayerscsv?contestTypeId=9&draftGroupId=150785,150785,9,Selected largest-prize regular Classic MLB draft group after excluding Turbo/Night/qualifier/satellite/showdown/snake/single-stat slates.,SS,Otto Lopez (43631079),Otto Lopez,43631079,SS,4700,MIA@MIL 07/19/2026 02:10PM ET,07/19/2026 02:10PM ET,MIA,MIL,away,9.1,672640,Otto Lopez,mapped,identity_name_team_map,Proposed from review candidates; basis=exact normalized name + team; role-compatible; hr-distance-latest.json|statcast_batter_des_2026; confidence=high; sources=hr-distance-latest.json|statcast_batter_des_2026
2026-07-19,2026-07-19T14:40:01.662576+00:00,2026-07-19,DraftKings official lineup CSV,https://www.draftkings.com/lineup/getavailableplayerscsv?contestTypeId=9&draftGroupId=150785,150785,9,Selected largest-prize regular Classic MLB draft group after excluding Turbo/Night/qualifier/satellite/showdown/snake/single-stat slates.,OF,Michael Harris II (43631080),Michael Harris II,43631080,OF,4700,TEX@ATL 07/19/2026 01:35PM ET,07/19/2026 01:35PM ET,ATL,TEX,home,8.1,671739,Michael Harris II,mapped,identity_name_team_map,Stable identity seed from old DK-ID map. Pilot join status: matched via normalized_name_team
2026-07-19,2026-07-19T14:40:01.662576+00:00,2026-07-19,DraftKings official lineup CSV,https://www.draftkings.com/lineup/getavailableplayerscsv?contestTypeId=9&draftGroupId=150785,150785,9,Selected largest-prize regular Classic MLB draft group after excluding Turbo/Night/qualifier/satellite/showdown/snake/single-stat slates.,OF,Seiya Suzuki (43631081),Seiya Suzuki,43631081,OF,4600,MIN@CHC 07/19/2026 02:20PM ET,07/19/2026 02:20PM ET,CHC,MIN,home,8.2,673548,Seiya Suzuki,mapped,identity_name_team_map,Stable identity seed from old DK-ID map. Pilot join status: matched via normalized_name_team
2026-07-19,2026-07-19T14:40:01.662576+00:00,2026-07-19,DraftKings official lineup CSV,https://www.draftkings.com/lineup/getavailableplayerscsv?contestTypeId=9&draftGroupId=150785,150785,9,Selected largest-prize regular Classic MLB draft group after excluding Turbo/Night/qualifier/satellite/showdown/snake/single-stat slates.,1B/OF,Jac Caglianone (43631082),Jac Caglianone,43631082,1B/OF,4500,SD@KC 07/19/2026 02:10PM ET,07/19/2026 02:10PM ET,KC,SD,home,6.9,695506,Jac Caglianone,mapped,identity_name_team_map,Stable identity seed from old DK-ID map. Pilot join status: matched via normalized_name_team
2026-07-19,2026-07-19T14:40:01.662576+00:00,2026-07-19,DraftKings official lineup CSV,https://www.draftkings.com/lineup/getavailableplayerscsv?contestTypeId=9&draftGroupId=150785,150785,9,Selected largest-prize regular Classic MLB draft group after excluding Turbo/Night/qualifier/satellite/showdown/snake/single-stat slates.,C,Drake Baldwin (43631084),Drake Baldwin,43631084,C,4500,TEX@ATL 07/19/2026 01:35PM ET,07/19/2026 01:35PM ET,ATL,TEX,home,8.7,686948,Drake Baldwin,mapped,identity_name_team_map,Stable identity seed from old DK-ID map. Pilot join status: matched via normalized_name_team
2026-07-19,2026-07-19T14:40:01.662576+00:00,2026-07-19,DraftKings official lineup CSV,https://www.draftkings.com/lineup/getavailableplayerscsv?contestTypeId=9&draftGroupId=150785,150785,9,Selected largest-prize regular Classic MLB draft group after excluding Turbo/Night/qualifier/satellite/showdown/snake/single-stat slates.,2B,Xavier Edwards (43631085),Xavier Edwards,43631085,2B,4500,MIA@MIL 07/19/2026 02:10PM ET,07/19/2026 02:10PM ET,MIA,MIL,away,7.7,669364,Xavier Edwards,mapped,identity_name_team_map,Proposed from review candidates; basis=exact normalized name + team; role-compatible; hr-distance-latest.json|statcast_batter_des_2026; confidence=high; sources=hr-distance-latest.json|statcast_batter_des_2026
2026-07-19,2026-07-19T14:40:01.662576+00:00,2026-07-19,DraftKings official lineup CSV,https://www.draftkings.com/lineup/getavailableplayerscsv?contestTypeId=9&draftGroupId=150785,150785,9,Selected largest-prize regular Classic MLB draft group after excluding Turbo/Night/qualifier/satellite/showdown/snake/single-stat slates.,OF,Wilyer Abreu (43631086),Wilyer Abreu,43631086,OF,4500,TB@BOS 07/19/2026 01:35PM ET,07/19/2026 01:35PM ET,BOS,TB,home,8,,,needs_review_new_player,identity_name_team_map,No reviewed normalized-name/team identity alias; do not auto-guess.
2026-07-19,2026-07-19T14:40:01.662576+00:00,2026-07-19,DraftKings official lineup CSV,https://www.draftkings.com/lineup/getavailableplayerscsv?contestTypeId=9&draftGroupId=150785,150785,9,Selected largest-prize regular Classic MLB draft group after excluding Turbo/Night/qualifier/satellite/showdown/snake/single-stat slates.,OF,Luis Robert Jr. (43631293),Luis Robert Jr.,43631293,OF,4500,NYM@PHI 07/19/2026 01:35PM ET,07/19/2026 01:35PM ET,NYM,PHI,away,6.3,673357,Luis Robert Jr.,mapped,identity_name_team_map,Stable identity seed from old DK-ID map. Pilot join status: matched via normalized_name_team
2026-07-19,2026-07-19T14:40:01.662576+00:00,2026-07-19,DraftKings official lineup CSV,https://www.draftkings.com/lineup/getavailableplayerscsv?contestTypeId=9&draftGroupId=150785,150785,9,Selected largest-prize regular Classic MLB draft group after excluding Turbo/Night/qualifier/satellite/showdown/snake/single-stat slates.,SS,Corey Seager (43631294),Corey Seager,43631294,SS,4500,TEX@ATL 07/19/2026 01:35PM ET,07/19/2026 01:35PM ET,TEX,ATL,away,7,608369,Corey Seager,mapped,identity_name_team_map,Stable identity seed from old DK-ID map. Pilot join status: matched via normalized_name_team
2026-07-19,2026-07-19T14:40:01.662576+00:00,2026-07-19,DraftKings official lineup CSV,https://www.draftkings.com/lineup/getavailableplayerscsv?contestTypeId=9&draftGroupId=150785,150785,9,Selected largest-prize regular Classic MLB draft group after excluding Turbo/Night/qualifier/satellite/showdown/snake/single-stat slates.,C,William Contreras (43631087),William Contreras,43631087,C,4400,MIA@MIL 07/19/2026 02:10PM ET,07/19/2026 02:10PM ET,MIL,MIA,home,7.4,661388,William Contreras,mapped,identity_name_team_map,Stable identity seed from old DK-ID map. Pilot join status: matched via normalized_name_team
2026-07-19,2026-07-19T14:40:01.662576+00:00,2026-07-19,DraftKings official lineup CSV,https://www.draftkings.com/lineup/getavailableplayerscsv?contestTypeId=9&draftGroupId=150785,150785,9,Selected largest-prize regular Classic MLB draft group after excluding Turbo/Night/qualifier/satellite/showdown/snake/single-stat slates.,SS,Jeremy Pena (43631088),Jeremy Pena,43631088,SS,4400,BAL@HOU 07/19/2026 02:10PM ET,07/19/2026 02:10PM ET,HOU,BAL,home,8.2,665161,Jeremy Peña,mapped,identity_name_team_map,Stable identity seed from old DK-ID map. Pilot join status: matched via normalized_name_team
2026-07-19,2026-07-19T14:40:01.662576+00:00,2026-07-19,DraftKings official lineup CSV,https://www.draftkings.com/lineup/getavailableplayerscsv?contestTypeId=9&draftGroupId=150785,150785,9,Selected largest-prize regular Classic MLB draft group after excluding Turbo/Night/qualifier/satellite/showdown/snake/single-stat slates.,OF,Ian Happ (43631089),Ian Happ,43631089,OF,4400,MIN@CHC 07/19/2026 02:20PM ET,07/19/2026 02:20PM ET,CHC,MIN,home,7.8,664023,Ian Happ,mapped,identity_name_team_map,Stable identity seed from old DK-ID map. Pilot join status: matched via normalized_name_team
2026-07-19,2026-07-19T14:40:01.662576+00:00,2026-07-19,DraftKings official lineup CSV,https://www.draftkings.com/lineup/getavailableplayerscsv?contestTypeId=9&draftGroupId=150785,150785,9,Selected largest-prize regular Classic MLB draft group after excluding Turbo/Night/qualifier/satellite/showdown/snake/single-stat slates.,OF,Roman Anthony (43631295),Roman Anthony,43631295,OF,4400,TB@BOS 07/19/2026 01:35PM ET,07/19/2026 01:35PM ET,BOS,TB,home,6.1,,,needs_review_new_player,identity_name_team_map,No reviewed normalized-name/team identity alias; do not auto-guess.
2026-07-19,2026-07-19T14:40:01.662576+00:00,2026-07-19,DraftKings official lineup CSV,https://www.draftkings.com/lineup/getavailableplayerscsv?contestTypeId=9&draftGroupId=150785,150785,9,Selected largest-prize regular Classic MLB draft group after excluding Turbo/Night/qualifier/satellite/showdown/snake/single-stat slates.,1B/C,Liam Hicks (43631090),Liam Hicks,43631090,C/1B,4300,MIA@MIL 07/19/2026 02:10PM ET,07/19/2026 02:10PM ET,MIA,MIL,away,7.9,689414,Liam Hicks,mapped,identity_name_team_map,Proposed from review candidates; basis=exact normalized name + team; role-compatible; hr-distance-latest.json|statcast_batter_des_2026; confidence=high; sources=hr-distance-latest.json|statcast_batter_des_2026
2026-07-19,2026-07-19T14:40:01.662576+00:00,2026-07-19,DraftKings official lineup CSV,https://www.draftkings.com/lineup/getavailableplayerscsv?contestTypeId=9&draftGroupId=150785,150785,9,Selected largest-prize regular Classic MLB draft group after excluding Turbo/Night/qualifier/satellite/showdown/snake/single-stat slates.,3B,Manny Machado (43631092),Manny Machado,43631092,3B,4300,SD@KC 07/19/2026 02:10PM ET,07/19/2026 02:10PM ET,SD,KC,away,7.1,592518,Manny Machado,mapped,identity_name_team_map,Stable identity seed from old DK-ID map. Pilot join status: matched via normalized_name_team
2026-07-19,2026-07-19T14:40:01.662576+00:00,2026-07-19,DraftKings official lineup CSV,https://www.draftkings.com/lineup/getavailableplayerscsv?contestTypeId=9&draftGroupId=150785,150785,9,Selected largest-prize regular Classic MLB draft group after excluding Turbo/Night/qualifier/satellite/showdown/snake/single-stat slates.,1B,Vinnie Pasquantino (43631093),Vinnie Pasquantino,43631093,1B,4300,SD@KC 07/19/2026 02:10PM ET,07/19/2026 02:10PM ET,KC,SD,home,6.5,686469,Vinnie Pasquantino,mapped,identity_name_team_map,Stable identity seed from old DK-ID map. Pilot join status: matched via normalized_name_team
2026-07-19,2026-07-19T14:40:01.662576+00:00,2026-07-19,DraftKings official lineup CSV,https://www.draftkings.com/lineup/getavailableplayerscsv?contestTypeId=9&draftGroupId=150785,150785,9,Selected largest-prize regular Classic MLB draft group after excluding Turbo/Night/qualifier/satellite/showdown/snake/single-stat slates.,OF,Brandon Marsh (43631094),Brandon Marsh,43631094,OF,4300,NYM@PHI 07/19/2026 01:35PM ET,07/19/2026 01:35PM ET,PHI,NYM,home,7.8,669016,Brandon Marsh,mapped,identity_name_team_map,Stable identity seed from old DK-ID map. Pilot join status: matched via normalized_name_team
2026-07-19,2026-07-19T14:40:01.662576+00:00,2026-07-19,DraftKings official lineup CSV,https://www.draftkings.com/lineup/getavailableplayerscsv?contestTypeId=9&draftGroupId=150785,150785,9,Selected largest-prize regular Classic MLB draft group after excluding Turbo/Night/qualifier/satellite/showdown/snake/single-stat slates.,C,Adley Rutschman (43631095),Adley Rutschman,43631095,C,4200,BAL@HOU 07/19/2026 02:10PM ET,07/19/2026 02:10PM ET,BAL,HOU,away,7.5,,,needs_review_new_player,identity_name_team_map,No reviewed normalized-name/team identity alias; do not auto-guess.
2026-07-19,2026-07-19T14:40:01.662576+00:00,2026-07-19,DraftKings official lineup CSV,https://www.draftkings.com/lineup/getavailableplayerscsv?contestTypeId=9&draftGroupId=150785,150785,9,Selected largest-prize regular Classic MLB draft group after excluding Turbo/Night/qualifier/satellite/showdown/snake/single-stat slates.,1B,Kyle Stowers (43631096),Kyle Stowers,43631096,1B,4200,MIA@MIL 07/19/2026 02:10PM ET,07/19/2026 02:10PM ET,MIA,MIL,away,7.5,669065,Kyle Stowers,mapped,identity_name_team_map,Proposed from review candidates; basis=exact normalized name + team; role-compatible; hr-distance-latest.json|statcast_batter_des_2026; confidence=high; sources=hr-distance-latest.json|statcast_batter_des_2026
2026-07-19,2026-07-19T14:40:01.662576+00:00,2026-07-19,DraftKings official lineup CSV,https://www.draftkings.com/lineup/getavailableplayerscsv?contestTypeId=9&draftGroupId=150785,150785,9,Selected largest-prize regular Classic MLB draft group after excluding Turbo/Night/qualifier/satellite/showdown/snake/single-stat slates.,2B,Ozzie Albies (43631097),Ozzie Albies,43631097,2B,4200,TEX@ATL 07/19/2026 01:35PM ET,07/19/2026 01:35PM ET,ATL,TEX,home,7.7,645277,Ozzie Albies,mapped,identity_name_team_map,Stable identity seed from old DK-ID map. Pilot join status: matched via normalized_name_team
2026-07-19,2026-07-19T14:40:01.662576+00:00,2026-07-19,DraftKings official lineup CSV,https://www.draftkings.com/lineup/getavailableplayerscsv?contestTypeId=9&draftGroupId=150785,150785,9,Selected largest-prize regular Classic MLB draft group after excluding Turbo/Night/qualifier/satellite/showdown/snake/single-stat slates.,SS,Dansby Swanson (43631098),Dansby Swanson,43631098,SS,4200,MIN@CHC 07/19/2026 02:20PM ET,07/19/2026 02:20PM ET,CHC,MIN,home,7.7,621020,Dansby Swanson,mapped,identity_name_team_map,Stable identity seed from old DK-ID map. Pilot join status: matched via normalized_name_team
2026-07-19,2026-07-19T14:40:01.662576+00:00,2026-07-19,DraftKings official lineup CSV,https://www.draftkings.com/lineup/getavailableplayerscsv?contestTypeId=9&draftGroupId=150785,150785,9,Selected largest-prize regular Classic MLB draft group after excluding Turbo/Night/qualifier/satellite/showdown/snake/single-stat slates.,OF,Ceddanne Rafaela (43631099),Ceddanne Rafaela,43631099,OF,4200,TB@BOS 07/19/2026 01:35PM ET,07/19/2026 01:35PM ET,BOS,TB,home,7.5,,,needs_review_new_player,identity_name_team_map,No reviewed normalized-name/team identity alias; do not auto-guess.
2026-07-19,2026-07-19T14:40:01.662576+00:00,2026-07-19,DraftKings official lineup CSV,https://www.draftkings.com/lineup/getavailableplayerscsv?contestTypeId=9&draftGroupId=150785,150785,9,Selected largest-prize regular Classic MLB draft group after excluding Turbo/Night/qualifier/satellite/showdown/snake/single-stat slates.,OF,Trevor Larnach (43631100),Trevor Larnach,43631100,OF,4200,MIN@CHC 07/19/2026 02:20PM ET,07/19/2026 02:20PM ET,MIN,CHC,away,6.8,663616,Trevor Larnach,mapped,identity_name_team_map,Proposed from review candidates; basis=exact normalized name + team; role-compatible; hr-distance-latest.json|statcast_batter_des_2026; confidence=high; sources=hr-distance-latest.json|statcast_batter_des_2026
2026-07-19,2026-07-19T14:40:01.662576+00:00,2026-07-19,DraftKings official lineup CSV,https://www.draftkings.com/lineup/getavailableplayerscsv?contestTypeId=9&draftGroupId=150785,150785,9,Selected largest-prize regular Classic MLB draft group after excluding Turbo/Night/qualifier/satellite/showdown/snake/single-stat slates.,3B,Nick Gonzales (43631101),Nick Gonzales,43631101,3B,4200,PIT@CLE 07/19/2026 01:40PM ET,07/19/2026 01:40PM ET,PIT,CLE,away,7.2,,,needs_review_new_player,identity_name_team_map,No reviewed normalized-name/team identity alias; do not auto-guess.
2026-07-19,2026-07-19T14:40:01.662576+00:00,2026-07-19,DraftKings official lineup CSV,https://www.draftkings.com/lineup/getavailableplayerscsv?contestTypeId=9&draftGroupId=150785,150785,9,Selected largest-prize regular Classic MLB draft group after excluding Turbo/Night/qualifier/satellite/showdown/snake/single-stat slates.,3B/SS,Maikel Garcia (43631296),Maikel Garcia,43631296,3B/SS,4200,SD@KC 07/19/2026 02:10PM ET,07/19/2026 02:10PM ET,KC,SD,home,6.8,672580,Maikel Garcia,mapped,identity_name_team_map,Stable identity seed from old DK-ID map. Pilot join status: matched via normalized_name_team
2026-07-19,2026-07-19T14:40:01.662576+00:00,2026-07-19,DraftKings official lineup CSV,https://www.draftkings.com/lineup/getavailableplayerscsv?contestTypeId=9&draftGroupId=150785,150785,9,Selected largest-prize regular Classic MLB draft group after excluding Turbo/Night/qualifier/satellite/showdown/snake/single-stat slates.,1B,Spencer Horwitz (43631298),Spencer Horwitz,43631298,1B,4200,PIT@CLE 07/19/2026 01:40PM ET,07/19/2026 01:40PM ET,PIT,CLE,away,7.3,,,needs_review_new_player,identity_name_team_map,No reviewed normalized-name/team identity alias; do not auto-guess.
2026-07-19,2026-07-19T14:40:01.662576+00:00,2026-07-19,DraftKings official lineup CSV,https://www.draftkings.com/lineup/getavailableplayerscsv?contestTypeId=9&draftGroupId=150785,150785,9,Selected largest-prize regular Classic MLB draft group after excluding Turbo/Night/qualifier/satellite/showdown/snake/single-stat slates.,OF,Wyatt Langford (43631102),Wyatt Langford,43631102,OF,4100,TEX@ATL 07/19/2026 01:35PM ET,07/19/2026 01:35PM ET,TEX,ATL,away,8.7,694671,Wyatt Langford,mapped,identity_name_team_map,Stable identity seed from old DK-ID map. Pilot join status: matched via normalized_name_team
2026-07-19,2026-07-19T14:40:01.662576+00:00,2026-07-19,DraftKings official lineup CSV,https://www.draftkings.com/lineup/getavailableplayerscsv?contestTypeId=9&draftGroupId=150785,150785,9,Selected largest-prize regular Classic MLB draft group after excluding Turbo/Night/qualifier/satellite/showdown/snake/single-stat slates.,2B,Travis Bazzana (43631103),Travis Bazzana,43631103,2B,4100,PIT@CLE 07/19/2026 01:40PM ET,07/19/2026 01:40PM ET,CLE,PIT,home,8.1,,,needs_review_new_player,identity_name_team_map,No reviewed normalized-name/team identity alias; do not auto-guess.
2026-07-19,2026-07-19T14:40:01.662576+00:00,2026-07-19,DraftKings official lineup CSV,https://www.draftkings.com/lineup/getavailableplayerscsv?contestTypeId=9&draftGroupId=150785,150785,9,Selected largest-prize regular Classic MLB draft group after excluding Turbo/Night/qualifier/satellite/showdown/snake/single-stat slates.,1B,Jonathan Aranda (43631104),Jonathan Aranda,43631104,1B,4100,TB@BOS 07/19/2026 01:35PM ET,07/19/2026 01:35PM ET,TB,BOS,away,8.1,,,needs_review_new_player,identity_name_team_map,No reviewed normalized-name/team identity alias; do not auto-guess.
2026-07-19,2026-07-19T14:40:01.662576+00:00,2026-07-19,DraftKings official lineup CSV,https://www.draftkings.com/lineup/getavailableplayerscsv?contestTypeId=9&draftGroupId=150785,150785,9,Selected largest-prize regular Classic MLB draft group after excluding Turbo/Night/qualifier/satellite/showdown/snake/single-stat slates.,3B,Alex Bregman (43631105),Alex Bregman,43631105,3B,4100,MIN@CHC 07/19/2026 02:20PM ET,07/19/2026 02:20PM ET,CHC,MIN,home,6.9,608324,Alex Bregman,mapped,identity_name_team_map,Stable identity seed from old DK-ID map. Pilot join status: matched via normalized_name_team
2026-07-19,2026-07-19T14:40:01.662576+00:00,2026-07-19,DraftKings official lineup CSV,https://www.draftkings.com/lineup/getavailableplayerscsv?contestTypeId=9&draftGroupId=150785,150785,9,Selected largest-prize regular Classic MLB draft group after excluding Turbo/Night/qualifier/satellite/showdown/snake/single-stat slates.,3B,Josh Jung (43631106),Josh Jung,43631106,3B,4000,TEX@ATL 07/19/2026 01:35PM ET,07/19/2026 01:35PM ET,TEX,ATL,away,7.4,673962,Josh Jung,mapped,identity_name_team_map,Stable identity seed from old DK-ID map. Pilot join status: matched via normalized_name_team
2026-07-19,2026-07-19T14:40:01.662576+00:00,2026-07-19,DraftKings official lineup CSV,https://www.draftkings.com/lineup/getavailableplayerscsv?contestTypeId=9&draftGroupId=150785,150785,9,Selected largest-prize regular Classic MLB draft group after excluding Turbo/Night/qualifier/satellite/showdown/snake/single-stat slates.,OF,Jackson Merrill (43631107),Jackson Merrill,43631107,OF,4000,SD@KC 07/19/2026 02:10PM ET,07/19/2026 02:10PM ET,SD,KC,away,6.9,701538,Jackson Merrill,mapped,identity_name_team_map,Stable identity seed from old DK-ID map. Pilot join status: matched via normalized_name_team
2026-07-19,2026-07-19T14:40:01.662576+00:00,2026-07-19,DraftKings official lineup CSV,https://www.draftkings.com/lineup/getavailableplayerscsv?contestTypeId=9&draftGroupId=150785,150785,9,Selected largest-prize regular Classic MLB draft group after excluding Turbo/Night/qualifier/satellite/showdown/snake/single-stat slates.,SS,Francisco Lindor (43631108),Francisco Lindor,43631108,SS,4000,NYM@PHI 07/19/2026 01:35PM ET,07/19/2026 01:35PM ET,NYM,PHI,away,6.4,596019,Francisco Lindor,mapped,identity_name_team_map,Stable identity seed from old DK-ID map. Pilot join status: matched via normalized_name_team
2026-07-19,2026-07-19T14:40:01.662576+00:00,2026-07-19,DraftKings official lineup CSV,https://www.draftkings.com/lineup/getavailableplayerscsv?contestTypeId=9&draftGroupId=150785,150785,9,Selected largest-prize regular Classic MLB draft group after excluding Turbo/Night/qualifier/satellite/showdown/snake/single-stat slates.,1B,Michael Busch (43631109),Michael Busch,43631109,1B,4000,MIN@CHC 07/19/2026 02:20PM ET,07/19/2026 02:20PM ET,CHC,MIN,home,7.5,683737,Michael Busch,mapped,identity_name_team_map,Stable identity seed from old DK-ID map. Pilot join status: matched via normalized_name_team
2026-07-19,2026-07-19T14:40:01.662576+00:00,2026-07-19,DraftKings official lineup CSV,https://www.draftkings.com/lineup/getavailableplayerscsv?contestTypeId=9&draftGroupId=150785,150785,9,Selected largest-prize regular Classic MLB draft group after excluding Turbo/Night/qualifier/satellite/showdown/snake/single-stat slates.,OF,Garrett Mitchell (43631110),Garrett Mitchell,43631110,OF,4000,MIA@MIL 07/19/2026 02:10PM ET,07/19/2026 02:10PM ET,MIL,MIA,home,7.3,669003,Garrett Mitchell,mapped,identity_name_team_map,Stable identity seed from old DK-ID map. Pilot join status: matched via normalized_name_team
2026-07-19,2026-07-19T14:40:01.662576+00:00,2026-07-19,DraftKings official lineup CSV,https://www.draftkings.com/lineup/getavailableplayerscsv?contestTypeId=9&draftGroupId=150785,150785,9,Selected largest-prize regular Classic MLB draft group after excluding Turbo/Night/qualifier/satellite/showdown/snake/single-stat slates.,2B,Bryson Stott (43631111),Bryson Stott,43631111,2B,4000,NYM@PHI 07/19/2026 01:35PM ET,07/19/2026 01:35PM ET,PHI,NYM,home,7,681082,Bryson Stott,mapped,identity_name_team_map,Stable identity seed from old DK-ID map. Pilot join status: matched via normalized_name_team
2026-07-19,2026-07-19T14:40:01.662576+00:00,2026-07-19,DraftKings official lineup CSV,https://www.draftkings.com/lineup/getavailableplayerscsv?contestTypeId=9&draftGroupId=150785,150785,9,Selected largest-prize regular Classic MLB draft group after excluding Turbo/Night/qualifier/satellite/showdown/snake/single-stat slates.,C,Samuel Basallo (43631112),Samuel Basallo,43631112,C,4000,BAL@HOU 07/19/2026 02:10PM ET,07/19/2026 02:10PM ET,BAL,HOU,away,6.5,,,needs_review_new_player,identity_name_team_map,No reviewed normalized-name/team identity alias; do not auto-guess.
2026-07-19,2026-07-19T14:40:01.662576+00:00,2026-07-19,DraftKings official lineup CSV,https://www.draftkings.com/lineup/getavailableplayerscsv?contestTypeId=9&draftGroupId=150785,150785,9,Selected largest-prize regular Classic MLB draft group after excluding Turbo/Night/qualifier/satellite/showdown/snake/single-stat slates.,OF,Angel Martinez (43631299),Angel Martinez,43631299,OF,4000,PIT@CLE 07/19/2026 01:40PM ET,07/19/2026 01:40PM ET,CLE,PIT,home,6.9,,,needs_review_new_player,identity_name_team_map,No reviewed normalized-name/team identity alias; do not auto-guess.
2026-07-19,2026-07-19T14:40:01.662576+00:00,2026-07-19,DraftKings official lineup CSV,https://www.draftkings.com/lineup/getavailableplayerscsv?contestTypeId=9&draftGroupId=150785,150785,9,Selected largest-prize regular Classic MLB draft group after excluding Turbo/Night/qualifier/satellite/showdown/snake/single-stat slates.,3B,Jordan Westburg (43631300),Jordan Westburg,43631300,3B,4000,BAL@HOU 07/19/2026 02:10PM ET,07/19/2026 02:10PM ET,BAL,HOU,away,0,,,needs_review_new_player,identity_name_team_map,No reviewed normalized-name/team identity alias; do not auto-guess.
2026-07-19,2026-07-19T14:40:01.662576+00:00,2026-07-19,DraftKings official lineup CSV,https://www.draftkings.com/lineup/getavailableplayerscsv?contestTypeId=9&draftGroupId=150785,150785,9,Selected largest-prize regular Classic MLB draft group after excluding Turbo/Night/qualifier/satellite/showdown/snake/single-stat slates.,RP,Jon Heasley (43631596),Jon Heasley,43631596,P,4000,TB@BOS 07/19/2026 01:35PM ET,07/19/2026 01:35PM ET,TB,BOS,away,-1.8,,,needs_review_new_player,identity_name_team_map,No reviewed normalized-name/team identity alias; do not auto-guess.
2026-07-19,2026-07-19T14:40:01.662576+00:00,2026-07-19,DraftKings official lineup CSV,https://www.draftkings.com/lineup/getavailableplayerscsv?contestTypeId=9&draftGroupId=150785,150785,9,Selected largest-prize regular Classic MLB draft group after excluding Turbo/Night/qualifier/satellite/showdown/snake/single-stat slates.,SP,Austin Peterson (43631597),Austin Peterson,43631597,P,4000,PIT@CLE 07/19/2026 01:40PM ET,07/19/2026 01:40PM ET,CLE,PIT,home,0,,,needs_review_new_player,identity_name_team_map,No reviewed normalized-name/team identity alias; do not auto-guess.
2026-07-19,2026-07-19T14:40:01.662576+00:00,2026-07-19,DraftKings official lineup CSV,https://www.draftkings.com/lineup/getavailableplayerscsv?contestTypeId=9&draftGroupId=150785,150785,9,Selected largest-prize regular Classic MLB draft group after excluding Turbo/Night/qualifier/satellite/showdown/snake/single-stat slates.,RP,Aaron Sanchez (43631598),Aaron Sanchez,43631598,P,4000,SD@KC 07/19/2026 02:10PM ET,07/19/2026 02:10PM ET,KC,SD,home,0,,,needs_review_new_player,identity_name_team_map,No reviewed normalized-name/team identity alias; do not auto-guess.
2026-07-19,2026-07-19T14:40:01.662576+00:00,2026-07-19,DraftKings official lineup CSV,https://www.draftkings.com/lineup/getavailableplayerscsv?contestTypeId=9&draftGroupId=150785,150785,9,Selected largest-prize regular Classic MLB draft group after excluding Turbo/Night/qualifier/satellite/showdown/snake/single-stat slates.,RP,Michael Grove (43631599),Michael Grove,43631599,P,4000,TB@BOS 07/19/2026 01:35PM ET,07/19/2026 01:35PM ET,TB,BOS,away,18.2,,,needs_review_new_player,identity_name_team_map,No reviewed normalized-name/team identity alias; do not auto-guess.
2026-07-19,2026-07-19T14:40:01.662576+00:00,2026-07-19,DraftKings official lineup CSV,https://www.draftkings.com/lineup/getavailableplayerscsv?contestTypeId=9&draftGroupId=150785,150785,9,Selected largest-prize regular Classic MLB draft group after excluding Turbo/Night/qualifier/satellite/showdown/snake/single-stat slates.,SP,Ben Kudrna (43631600),Ben Kudrna,43631600,P,4000,SD@KC 07/19/2026 02:10PM ET,07/19/2026 02:10PM ET,KC,SD,home,0,695667,Ben Kudrna,mapped,identity_name_team_map,Stable identity seed from old DK-ID map. Pilot join status: matched_people_search_name via mlb_people_search_normalized_name
2026-07-19,2026-07-19T14:40:01.662576+00:00,2026-07-19,DraftKings official lineup CSV,https://www.draftkings.com/lineup/getavailableplayerscsv?contestTypeId=9&draftGroupId=150785,150785,9,Selected largest-prize regular Classic MLB draft group after excluding Turbo/Night/qualifier/satellite/showdown/snake/single-stat slates.,RP,Joe Jimenez (43631601),Joe Jimenez,43631601,P,4000,TEX@ATL 07/19/2026 01:35PM ET,07/19/2026 01:35PM ET,ATL,TEX,home,0,641729,Joe Jiménez,mapped,identity_name_team_map,Stable identity seed from old DK-ID map. Pilot join status: matched_people_search_name via mlb_people_search_normalized_name
2026-07-19,2026-07-19T14:40:01.662576+00:00,2026-07-19,DraftKings official lineup CSV,https://www.draftkings.com/lineup/getavailableplayerscsv?contestTypeId=9&draftGroupId=150785,150785,9,Selected largest-prize regular Classic MLB draft group after excluding Turbo/Night/qualifier/satellite/showdown/snake/single-stat slates.,RP,Jefry Yan (43631602),Jefry Yan,43631602,P,4000,NYM@PHI 07/19/2026 01:35PM ET,07/19/2026 01:35PM ET,NYM,PHI,away,0,,,needs_review_new_player,identity_name_team_map,No reviewed normalized-name/team identity alias; do not auto-guess.
2026-07-19,2026-07-19T14:40:01.662576+00:00,2026-07-19,DraftKings official lineup CSV,https://www.draftkings.com/lineup/getavailableplayerscsv?contestTypeId=9&draftGroupId=150785,150785,9,Selected largest-prize regular Classic MLB draft group after excluding Turbo/Night/qualifier/satellite/showdown/snake/single-stat slates.,SP,Miguel Mendez (43631603),Miguel Mendez,43631603,P,4000,SD@KC 07/19/2026 02:10PM ET,07/19/2026 02:10PM ET,SD,KC,away,0,700280,Miguel Mendez,mapped,identity_name_team_map,Stable identity seed from old DK-ID map. Pilot join status: matched_people_search_name via mlb_people_search_normalized_name
2026-07-19,2026-07-19T14:40:01.662576+00:00,2026-07-19,DraftKings official lineup CSV,https://www.draftkings.com/lineup/getavailableplayerscsv?contestTypeId=9&draftGroupId=150785,150785,9,Selected largest-prize regular Classic MLB draft group after excluding Turbo/Night/qualifier/satellite/showdown/snake/single-stat slates.,RP,Dylan Ross (43631604),Dylan Ross,43631604,P,4000,NYM@PHI 07/19/2026 01:35PM ET,07/19/2026 01:35PM ET,NYM,PHI,away,0,697811,Dylan Ross,mapped,identity_name_team_map,Stable identity seed from old DK-ID map. Pilot join status: matched_people_search_name via mlb_people_search_normalized_name
2026-07-19,2026-07-19T14:40:01.662576+00:00,2026-07-19,DraftKings official lineup CSV,https://www.draftkings.com/lineup/getavailableplayerscsv?contestTypeId=9&draftGroupId=150785,150785,9,Selected largest-prize regular Classic MLB draft group after excluding Turbo/Night/qualifier/satellite/showdown/snake/single-stat slates.,RP,James McArthur (43631605),James McArthur,43631605,P,4000,SD@KC 07/19/2026 02:10PM ET,07/19/2026 02:10PM ET,KC,SD,home,0,663704,James McArthur,mapped,identity_name_team_map,Stable identity seed from old DK-ID map. Pilot join status: matched_people_search_name via mlb_people_search_normalized_name
2026-07-19,2026-07-19T14:40:01.662576+00:00,2026-07-19,DraftKings official lineup CSV,https://www.draftkings.com/lineup/getavailableplayerscsv?contestTypeId=9&draftGroupId=150785,150785,9,Selected largest-prize regular Classic MLB draft group after excluding Turbo/Night/qualifier/satellite/showdown/snake/single-stat slates.,RP,Anderson Severino (43631606),Anderson Severino,43631606,P,4000,NYM@PHI 07/19/2026 01:35PM ET,07/19/2026 01:35PM ET,NYM,PHI,away,0,644429,Anderson Severino,mapped,identity_name_team_map,Stable identity seed from old DK-ID map. Pilot join status: matched_people_search_name via mlb_people_search_normalized_name
2026-07-19,2026-07-19T14:40:01.662576+00:00,2026-07-19,DraftKings official lineup CSV,https://www.draftkings.com/lineup/getavailableplayerscsv?contestTypeId=9&draftGroupId=150785,150785,9,Selected largest-prize regular Classic MLB draft group after excluding Turbo/Night/qualifier/satellite/showdown/snake/single-stat slates.,SP,Steven Zobac (43631607),Steven Zobac,43631607,P,4000,SD@KC 07/19/2026 02:10PM ET,07/19/2026 02:10PM ET,KC,SD,home,0,686632,Steven Zobac,mapped,identity_name_team_map,Stable identity seed from old DK-ID map. Pilot join status: matched_people_search_name via mlb_people_search_normalized_name
2026-07-19,2026-07-19T14:40:01.662576+00:00,2026-07-19,DraftKings official lineup CSV,https://www.draftkings.com/lineup/getavailableplayerscsv?contestTypeId=9&draftGroupId=150785,150785,9,Selected largest-prize regular Classic MLB draft group after excluding Turbo/Night/qualifier/satellite/showdown/snake/single-stat slates.,RP,Adbert Alzolay (43631608),Adbert Alzolay,43631608,P,4000,NYM@PHI 07/19/2026 01:35PM ET,07/19/2026 01:35PM ET,NYM,PHI,away,0,,,needs_review_new_player,identity_name_team_map,No reviewed normalized-name/team identity alias; do not auto-guess.
2026-07-19,2026-07-19T14:40:01.662576+00:00,2026-07-19,DraftKings official lineup CSV,https://www.draftkings.com/lineup/getavailableplayerscsv?contestTypeId=9&draftGroupId=150785,150785,9,Selected largest-prize regular Classic MLB draft group after excluding Turbo/Night/qualifier/satellite/showdown/snake/single-stat slates.,RP,Antoine Kelly (43631609),Antoine Kelly,43631609,P,4000,MIN@CHC 07/19/2026 02:20PM ET,07/19/2026 02:20PM ET,CHC,MIN,home,0,,,needs_review_new_player,identity_name_team_map,No reviewed normalized-name/team identity alias; do not auto-guess.
2026-07-19,2026-07-19T14:40:01.662576+00:00,2026-07-19,DraftKings official lineup CSV,https://www.draftkings.com/lineup/getavailableplayerscsv?contestTypeId=9&draftGroupId=150785,150785,9,Selected largest-prize regular Classic MLB draft group after excluding Turbo/Night/qualifier/satellite/showdown/snake/single-stat slates.,RP,Cameron Weston (43631610),Cameron Weston,43631610,P,4000,BAL@HOU 07/19/2026 02:10PM ET,07/19/2026 02:10PM ET,BAL,HOU,away,3.7,,,needs_review_new_player,identity_name_team_map,No reviewed normalized-name/team identity alias; do not auto-guess.
2026-07-19,2026-07-19T14:40:01.662576+00:00,2026-07-19,DraftKings official lineup CSV,https://www.draftkings.com/lineup/getavailableplayerscsv?contestTypeId=9&draftGroupId=150785,150785,9,Selected largest-prize regular Classic MLB draft group after excluding Turbo/Night/qualifier/satellite/showdown/snake/single-stat slates.,SP,Alec Marsh (43631611),Alec Marsh,43631611,P,4000,SD@KC 07/19/2026 02:10PM ET,07/19/2026 02:10PM ET,KC,SD,home,0,679525,Alec Marsh,mapped,identity_name_team_map,Stable identity seed from old DK-ID map. Pilot join status: matched_people_search_name via mlb_people_search_normalized_name
2026-07-19,2026-07-19T14:40:01.662576+00:00,2026-07-19,DraftKings official lineup CSV,https://www.draftkings.com/lineup/getavailableplayerscsv?contestTypeId=9&draftGroupId=150785,150785,9,Selected largest-prize regular Classic MLB draft group after excluding Turbo/Night/qualifier/satellite/showdown/snake/single-stat slates.,RP,Tyler Beede (43631612),Tyler Beede,43631612,P,4000,MIN@CHC 07/19/2026 02:20PM ET,07/19/2026 02:20PM ET,CHC,MIN,home,0,,,needs_review_new_player,identity_name_team_map,No reviewed normalized-name/team identity alias; do not auto-guess.
2026-07-19,2026-07-19T14:40:01.662576+00:00,2026-07-19,DraftKings official lineup CSV,https://www.draftkings.com/lineup/getavailableplayerscsv?contestTypeId=9&draftGroupId=150785,150785,9,Selected largest-prize regular Classic MLB draft group after excluding Turbo/Night/qualifier/satellite/showdown/snake/single-stat slates.,RP,Alex Cook (43631613),Alex Cook,43631613,P,4000,TB@BOS 07/19/2026 01:35PM ET,07/19/2026 01:35PM ET,TB,BOS,away,0,,,needs_review_new_player,identity_name_team_map,No reviewed normalized-name/team identity alias; do not auto-guess.
2026-07-19,2026-07-19T14:40:01.662576+00:00,2026-07-19,DraftKings official lineup CSV,https://www.draftkings.com/lineup/getavailableplayerscsv?contestTypeId=9&draftGroupId=150785,150785,9,Selected largest-prize regular Classic MLB draft group after excluding Turbo/Night/qualifier/satellite/showdown/snake/single-stat slates.,RP,Drew Smith (43631614),Drew Smith,43631614,P,4000,MIN@CHC 07/19/2026 02:20PM ET,07/19/2026 02:20PM ET,MIN,CHC,away,0,,,needs_review_new_player,identity_name_team_map,No reviewed normalized-name/team identity alias; do not auto-guess.
2026-07-19,2026-07-19T14:40:01.662576+00:00,2026-07-19,DraftKings official lineup CSV,https://www.draftkings.com/lineup/getavailableplayerscsv?contestTypeId=9&draftGroupId=150785,150785,9,Selected largest-prize regular Classic MLB draft group after excluding Turbo/Night/qualifier/satellite/showdown/snake/single-stat slates.,RP,Garrett Hawkins (43631615),Garrett Hawkins,43631615,P,4000,SD@KC 07/19/2026 02:10PM ET,07/19/2026 02:10PM ET,SD,KC,away,0,678184,Garrett Hawkins,mapped,identity_name_team_map,Stable identity seed from old DK-ID map. Pilot join status: matched_people_search_name via mlb_people_search_normalized_name
2026-07-19,2026-07-19T14:40:01.662576+00:00,2026-07-19,DraftKings official lineup CSV,https://www.draftkings.com/lineup/getavailableplayerscsv?contestTypeId=9&draftGroupId=150785,150785,9,Selected largest-prize regular Classic MLB draft group after excluding Turbo/Night/qualifier/satellite/showdown/snake/single-stat slates.,RP,Yorman Gomez (43631616),Yorman Gomez,43631616,P,4000,PIT@CLE 07/19/2026 01:40PM ET,07/19/2026 01:40PM ET,CLE,PIT,home,0,,,needs_review_new_player,identity_name_team_map,No reviewed normalized-name/team identity alias; do not auto-guess.
2026-07-19,2026-07-19T14:40:01.662576+00:00,2026-07-19,DraftKings official lineup CSV,https://www.draftkings.com/lineup/getavailableplayerscsv?contestTypeId=9&draftGroupId=150785,150785,9,Selected largest-prize regular Classic MLB draft group after excluding Turbo/Night/qualifier/satellite/showdown/snake/single-stat slates.,RP,Pedro Avila (43631617),Pedro Avila,43631617,P,4000,PIT@CLE 07/19/2026 01:40PM ET,07/19/2026 01:40PM ET,CLE,PIT,home,0,,,needs_review_new_player,identity_name_team_map,No reviewed normalized-name/team identity alias; do not auto-guess.
2026-07-19,2026-07-19T14:40:01.662576+00:00,2026-07-19,DraftKings official lineup CSV,https://www.draftkings.com/lineup/getavailableplayerscsv?contestTypeId=9&draftGroupId=150785,150785,9,Selected largest-prize regular Classic MLB draft group after excluding Turbo/Night/qualifier/satellite/showdown/snake/single-stat slates.,RP,Winston Santos (43631618),Winston Santos,43631618,P,4000,TEX@ATL 07/19/2026 01:35PM ET,07/19/2026 01:35PM ET,TEX,ATL,away,0.7,692437,Winston Santos,mapped,identity_name_team_map,Stable identity seed from old DK-ID map. Pilot join status: matched_people_search_name via mlb_people_search_normalized_name
2026-07-19,2026-07-19T14:40:01.662576+00:00,2026-07-19,DraftKings official lineup CSV,https://www.draftkings.com/lineup/getavailableplayerscsv?contestTypeId=9&draftGroupId=150785,150785,9,Selected largest-prize regular Classic MLB draft group after excluding Turbo/Night/qualifier/satellite/showdown/snake/single-stat slates.,RP,Garrett Cleavinger (43631619),Garrett Cleavinger,43631619,P,4000,TB@BOS 07/19/2026 01:35PM ET,07/19/2026 01:35PM ET,TB,BOS,away,3.1,,,needs_review_new_player,identity_name_team_map,No reviewed normalized-name/team identity alias; do not auto-guess.
2026-07-19,2026-07-19T14:40:01.662576+00:00,2026-07-19,DraftKings official lineup CSV,https://www.draftkings.com/lineup/getavailableplayerscsv?contestTypeId=9&draftGroupId=150785,150785,9,Selected largest-prize regular Classic MLB draft group after excluding Turbo/Night/qualifier/satellite/showdown/snake/single-stat slates.,RP,Hunter Bigge (43631620),Hunter Bigge,43631620,P,4000,TB@BOS 07/19/2026 01:35PM ET,07/19/2026 01:35PM ET,TB,BOS,away,1.6,,,needs_review_new_player,identity_name_team_map,No reviewed normalized-name/team identity alias; do not auto-guess.
2026-07-19,2026-07-19T14:40:01.662576+00:00,2026-07-19,DraftKings official lineup CSV,https://www.draftkings.com/lineup/getavailableplayerscsv?contestTypeId=9&draftGroupId=150785,150785,9,Selected largest-prize regular Classic MLB draft group after excluding Turbo/Night/qualifier/satellite/showdown/snake/single-stat slates.,RP,Taylor Rashi (43631621),Taylor Rashi,43631621,P,4000,MIN@CHC 07/19/2026 02:20PM ET,07/19/2026 02:20PM ET,MIN,CHC,away,3.3,,,needs_review_new_player,identity_name_team_map,No reviewed normalized-name/team identity alias; do not auto-guess.
2026-07-19,2026-07-19T14:40:01.662576+00:00,2026-07-19,DraftKings official lineup CSV,https://www.draftkings.com/lineup/getavailableplayerscsv?contestTypeId=9&draftGroupId=150785,150785,9,Selected largest-prize regular Classic MLB draft group after excluding Turbo/Night/qualifier/satellite/showdown/snake/single-stat slates.,RP,Carlos Rodriguez (43631622),Carlos Rodriguez,43631622,P,4000,MIA@MIL 07/19/2026 02:10PM ET,07/19/2026 02:10PM ET,MIL,MIA,home,5.2,692230,Carlos Rodriguez,mapped,identity_name_team_map,Stable identity seed from old DK-ID map. Pilot join status: matched via normalized_name_team
2026-07-19,2026-07-19T14:40:01.662576+00:00,2026-07-19,DraftKings official lineup CSV,https://www.draftkings.com/lineup/getavailableplayerscsv?contestTypeId=9&draftGroupId=150785,150785,9,Selected largest-prize regular Classic MLB draft group after excluding Turbo/Night/qualifier/satellite/showdown/snake/single-stat slates.,RP,Jonathan Pintaro (43631623),Jonathan Pintaro,43631623,P,4000,NYM@PHI 07/19/2026 01:35PM ET,07/19/2026 01:35PM ET,NYM,PHI,away,6.2,702752,Jonathan Pintaro,mapped,identity_name_team_map,Stable identity seed from old DK-ID map. Pilot join status: matched via normalized_name_team
2026-07-19,2026-07-19T14:40:01.662576+00:00,2026-07-19,DraftKings official lineup CSV,https://www.draftkings.com/lineup/getavailableplayerscsv?contestTypeId=9&draftGroupId=150785,150785,9,Selected largest-prize regular Classic MLB draft group after excluding Turbo/Night/qualifier/satellite/showdown/snake/single-stat slates.,RP,Bradgley Rodriguez (43631624),Bradgley Rodriguez,43631624,P,4000,SD@KC 07/19/2026 02:10PM ET,07/19/2026 02:10PM ET,SD,KC,away,3.4,699134,Bradgley Rodriguez,mapped,identity_name_team_map,Stable identity seed from old DK-ID map. Pilot join status: matched via normalized_name_team
2026-07-19,2026-07-19T14:40:01.662576+00:00,2026-07-19,DraftKings official lineup CSV,https://www.draftkings.com/lineup/getavailableplayerscsv?contestTypeId=9&draftGroupId=150785,150785,9,Selected largest-prize regular Classic MLB draft group after excluding Turbo/Night/qualifier/satellite/showdown/snake/single-stat slates.,RP,Craig Kimbrel (43631625),Craig Kimbrel,43631625,P,4000,TB@BOS 07/19/2026 01:35PM ET,07/19/2026 01:35PM ET,TB,BOS,away,2.4,,,needs_review_new_player,identity_name_team_map,No reviewed normalized-name/team identity alias; do not auto-guess.
2026-07-19,2026-07-19T14:40:01.662576+00:00,2026-07-19,DraftKings official lineup CSV,https://www.draftkings.com/lineup/getavailableplayerscsv?contestTypeId=9&draftGroupId=150785,150785,9,Selected largest-prize regular Classic MLB draft group after excluding Turbo/Night/qualifier/satellite/showdown/snake/single-stat slates.,RP,Tyler Zuber (43631626),Tyler Zuber,43631626,P,4000,MIA@MIL 07/19/2026 02:10PM ET,07/19/2026 02:10PM ET,MIA,MIL,away,2.2,676604,Tyler Zuber,mapped,identity_name_team_map,Proposed from review candidates; basis=exact normalized name + team; role-compatible; statcast_pitcher_2026; confidence=high; sources=statcast_pitcher_2026
2026-07-19,2026-07-19T14:40:01.662576+00:00,2026-07-19,DraftKings official lineup CSV,https://www.draftkings.com/lineup/getavailableplayerscsv?contestTypeId=9&draftGroupId=150785,150785,9,Selected largest-prize regular Classic MLB draft group after excluding Turbo/Night/qualifier/satellite/showdown/snake/single-stat slates.,RP,Bryan King (43631627),Bryan King,43631627,P,4000,BAL@HOU 07/19/2026 02:10PM ET,07/19/2026 02:10PM ET,HOU,BAL,home,2.6,687911,Bryan King,mapped,identity_name_team_map,Stable identity seed from old DK-ID map. Pilot join status: matched via normalized_name_team
2026-07-19,2026-07-19T14:40:01.662576+00:00,2026-07-19,DraftKings official lineup CSV,https://www.draftkings.com/lineup/getavailableplayerscsv?contestTypeId=9&draftGroupId=150785,150785,9,Selected largest-prize regular Classic MLB draft group after excluding Turbo/Night/qualifier/satellite/showdown/snake/single-stat slates.,RP,Easton McGee (43631628),Easton McGee,43631628,P,4000,SD@KC 07/19/2026 02:10PM ET,07/19/2026 02:10PM ET,KC,SD,home,2.7,668834,Easton McGee,needs_review_team_change,identity_name_unique_mlbam,Name maps to one reviewed MLBAM identity but not this DK team; review as team-change/new alias before trusting automation.
2026-07-19,2026-07-19T14:40:01.662576+00:00,2026-07-19,DraftKings official lineup CSV,https://www.draftkings.com/lineup/getavailableplayerscsv?contestTypeId=9&draftGroupId=150785,150785,9,Selected largest-prize regular Classic MLB draft group after excluding Turbo/Night/qualifier/satellite/showdown/snake/single-stat slates.,RP,Angel Zerpa (43631629),Angel Zerpa,43631629,P,4000,MIA@MIL 07/19/2026 02:10PM ET,07/19/2026 02:10PM ET,MIL,MIA,home,1.1,672582,Angel Zerpa,mapped,identity_name_team_map,Stable identity seed from old DK-ID map. Pilot join status: matched via normalized_name_team
2026-07-19,2026-07-19T14:40:01.662576+00:00,2026-07-19,DraftKings official lineup CSV,https://www.draftkings.com/lineup/getavailableplayerscsv?contestTypeId=9&draftGroupId=150785,150785,9,Selected largest-prize regular Classic MLB draft group after excluding Turbo/Night/qualifier/satellite/showdown/snake/single-stat slates.,RP,Josh Hader (43631630),Josh Hader,43631630,P,4000,BAL@HOU 07/19/2026 02:10PM ET,07/19/2026 02:10PM ET,HOU,BAL,home,5.1,623352,Josh Hader,mapped,identity_name_team_map,Stable identity seed from old DK-ID map. Pilot join status: matched via normalized_name_team
2026-07-19,2026-07-19T14:40:01.662576+00:00,2026-07-19,DraftKings official lineup CSV,https://www.draftkings.com/lineup/getavailableplayerscsv?contestTypeId=9&draftGroupId=150785,150785,9,Selected largest-prize regular Classic MLB draft group after excluding Turbo/Night/qualifier/satellite/showdown/snake/single-stat slates.,RP,Alek Jacob (43631631),Alek Jacob,43631631,P,4000,SD@KC 07/19/2026 02:10PM ET,07/19/2026 02:10PM ET,SD,KC,away,5.5,689690,Alek Jacob,mapped,identity_name_team_map,Stable identity seed from old DK-ID map. Pilot join status: matched via normalized_name_team
2026-07-19,2026-07-19T14:40:01.662576+00:00,2026-07-19,DraftKings official lineup CSV,https://www.draftkings.com/lineup/getavailableplayerscsv?contestTypeId=9&draftGroupId=150785,150785,9,Selected largest-prize regular Classic MLB draft group after excluding Turbo/Night/qualifier/satellite/showdown/snake/single-stat slates.,RP,Zach Brzykcy (43631632),Zach Brzykcy,43631632,P,4000,MIA@MIL 07/19/2026 02:10PM ET,07/19/2026 02:10PM ET,MIA,MIL,away,4.7,694350,Zach Brzykcy,mapped,identity_name_team_map,Proposed from review candidates; basis=exact normalized name + team; role-compatible; statcast_pitcher_2026; confidence=high; sources=statcast_pitcher_2026
2026-07-19,2026-07-19T14:40:01.662576+00:00,2026-07-19,DraftKings official lineup CSV,https://www.draftkings.com/lineup/getavailableplayerscsv?contestTypeId=9&draftGroupId=150785,150785,9,Selected largest-prize regular Classic MLB draft group after excluding Turbo/Night/qualifier/satellite/showdown/snake/single-stat slates.,RP,Matt Strahm (43631633),Matt Strahm,43631633,P,4000,SD@KC 07/19/2026 02:10PM ET,07/19/2026 02:10PM ET,KC,SD,home,1.5,621381,Matt Strahm,mapped,identity_name_team_map,Stable identity seed from old DK-ID map. Pilot join status: matched via normalized_name_team
2026-07-19,2026-07-19T14:40:01.662576+00:00,2026-07-19,DraftKings official lineup CSV,https://www.draftkings.com/lineup/getavailableplayerscsv?contestTypeId=9&draftGroupId=150785,150785,9,Selected largest-prize regular Classic MLB draft group after excluding Turbo/Night/qualifier/satellite/showdown/snake/single-stat slates.,RP,Gavin Hollowell (43631634),Gavin Hollowell,43631634,P,4000,MIN@CHC 07/19/2026 02:20PM ET,07/19/2026 02:20PM ET,CHC,MIN,home,3.4,668970,Gavin Hollowell,mapped,identity_name_team_map,Stable identity seed from old DK-ID map. Pilot join status: matched via normalized_name_team
2026-07-19,2026-07-19T14:40:01.662576+00:00,2026-07-19,DraftKings official lineup CSV,https://www.draftkings.com/lineup/getavailableplayerscsv?contestTypeId=9&draftGroupId=150785,150785,9,Selected largest-prize regular Classic MLB draft group after excluding Turbo/Night/qualifier/satellite/showdown/snake/single-stat slates.,RP,Nate Pearson (43631635),Nate Pearson,43631635,P,4000,BAL@HOU 07/19/2026 02:10PM ET,07/19/2026 02:10PM ET,HOU,BAL,home,3,663878,Nate Pearson,mapped,identity_name_team_map,Stable identity seed from old DK-ID map. Pilot join status: matched via normalized_name_team
2026-07-19,2026-07-19T14:40:01.662576+00:00,2026-07-19,DraftKings official lineup CSV,https://www.draftkings.com/lineup/getavailableplayerscsv?contestTypeId=9&draftGroupId=150785,150785,9,Selected largest-prize regular Classic MLB draft group after excluding Turbo/Night/qualifier/satellite/showdown/snake/single-stat slates.,RP,Enyel De Los Santos (43631636),Enyel De Los Santos,43631636,P,4000,BAL@HOU 07/19/2026 02:10PM ET,07/19/2026 02:10PM ET,HOU,BAL,home,2.5,660853,Enyel De Los Santos,mapped,identity_name_team_map,Stable identity seed from old DK-ID map. Pilot join status: matched via normalized_name_team
2026-07-19,2026-07-19T14:40:01.662576+00:00,2026-07-19,DraftKings official lineup CSV,https://www.draftkings.com/lineup/getavailableplayerscsv?contestTypeId=9&draftGroupId=150785,150785,9,Selected largest-prize regular Classic MLB draft group after excluding Turbo/Night/qualifier/satellite/showdown/snake/single-stat slates.,RP,Tommy Nance (43631637),Tommy Nance,43631637,P,4000,MIN@CHC 07/19/2026 02:20PM ET,07/19/2026 02:20PM ET,MIN,CHC,away,3.1,667297,Tommy Nance,needs_review_team_change,identity_name_unique_mlbam,Name maps to one reviewed MLBAM identity but not this DK team; review as team-change/new alias before trusting automation.
2026-07-19,2026-07-19T14:40:01.662576+00:00,2026-07-19,DraftKings official lineup CSV,https://www.draftkings.com/lineup/getavailableplayerscsv?contestTypeId=9&draftGroupId=150785,150785,9,Selected largest-prize regular Classic MLB draft group after excluding Turbo/Night/qualifier/satellite/showdown/snake/single-stat slates.,RP,Grant Anderson (43631638),Grant Anderson,43631638,P,4000,MIA@MIL 07/19/2026 02:10PM ET,07/19/2026 02:10PM ET,MIL,MIA,home,2.7,681982,Grant Anderson,mapped,identity_name_team_map,Stable identity seed from old DK-ID map. Pilot join status: matched via normalized_name_team
2026-07-19,2026-07-19T14:40:01.662576+00:00,2026-07-19,DraftKings official lineup CSV,https://www.draftkings.com/lineup/getavailableplayerscsv?contestTypeId=9&draftGroupId=150785,150785,9,Selected largest-prize regular Classic MLB draft group after excluding Turbo/Night/qualifier/satellite/showdown/snake/single-stat slates.,RP,Ronny Henriquez (43631639),Ronny Henriquez,43631639,P,4000,MIA@MIL 07/19/2026 02:10PM ET,07/19/2026 02:10PM ET,MIA,MIL,away,0,,,needs_review_new_player,identity_name_team_map,No reviewed normalized-name/team identity alias; do not auto-guess.
2026-07-19,2026-07-19T14:40:01.662576+00:00,2026-07-19,DraftKings official lineup CSV,https://www.draftkings.com/lineup/getavailableplayerscsv?contestTypeId=9&draftGroupId=150785,150785,9,Selected largest-prize regular Classic MLB draft group after excluding Turbo/Night/qualifier/satellite/showdown/snake/single-stat slates.,RP,Grant Holman (43631640),Grant Holman,43631640,P,4000,NYM@PHI 07/19/2026 01:35PM ET,07/19/2026 01:35PM ET,PHI,NYM,home,0,680880,Grant Holman,mapped,identity_name_team_map,Stable identity seed from old DK-ID map. Pilot join status: matched_people_search_name via mlb_people_search_normalized_name
2026-07-19,2026-07-19T14:40:01.662576+00:00,2026-07-19,DraftKings official lineup CSV,https://www.draftkings.com/lineup/getavailableplayerscsv?contestTypeId=9&draftGroupId=150785,150785,9,Selected largest-prize regular Classic MLB draft group after excluding Turbo/Night/qualifier/satellite/showdown/snake/single-stat slates.,RP,Danny Young (43631641),Danny Young,43631641,P,4000,TEX@ATL 07/19/2026 01:35PM ET,07/19/2026 01:35PM ET,ATL,TEX,home,1.6,664849,Danny Young,mapped,identity_name_team_map,"Stable identity seed from old DK-ID map. Resolved name collision: selected active current-era Danny Young, not historical MLBAM 277415."
2026-07-19,2026-07-19T14:40:01.662576+00:00,2026-07-19,DraftKings official lineup CSV,https://www.draftkings.com/lineup/getavailableplayerscsv?contestTypeId=9&draftGroupId=150785,150785,9,Selected largest-prize regular Classic MLB draft group after excluding Turbo/Night/qualifier/satellite/showdown/snake/single-stat slates.,RP,Mason Montgomery (43631642),Mason Montgomery,43631642,P,4000,PIT@CLE 07/19/2026 01:40PM ET,07/19/2026 01:40PM ET,PIT,CLE,away,3.6,,,needs_review_new_player,identity_name_team_map,No reviewed normalized-name/team identity alias; do not auto-guess.
2026-07-19,2026-07-19T14:40:01.662576+00:00,2026-07-19,DraftKings official lineup CSV,https://www.draftkings.com/lineup/getavailableplayerscsv?contestTypeId=9&draftGroupId=150785,150785,9,Selected largest-prize regular Classic MLB draft group after excluding Turbo/Night/qualifier/satellite/showdown/snake/single-stat slates.,RP,Colin Holderman (43631643),Colin Holderman,43631643,P,4000,PIT@CLE 07/19/2026 01:40PM ET,07/19/2026 01:40PM ET,CLE,PIT,home,4,,,needs_review_new_player,identity_name_team_map,No reviewed normalized-name/team identity alias; do not auto-guess.
2026-07-19,2026-07-19T14:40:01.662576+00:00,2026-07-19,DraftKings official lineup CSV,https://www.draftkings.com/lineup/getavailableplayerscsv?contestTypeId=9&draftGroupId=150785,150785,9,Selected largest-prize regular Classic MLB draft group after excluding Turbo/Night/qualifier/satellite/showdown/snake/single-stat slates.,RP,Joe La Sorsa (43631644),Joe La Sorsa,43631644,P,4000,TB@BOS 07/19/2026 01:35PM ET,07/19/2026 01:35PM ET,BOS,TB,home,0.2,,,needs_review_new_player,identity_name_team_map,No reviewed normalized-name/team identity alias; do not auto-guess.
2026-07-19,2026-07-19T14:40:01.662576+00:00,2026-07-19,DraftKings official lineup CSV,https://www.draftkings.com/lineup/getavailableplayerscsv?contestTypeId=9&draftGroupId=150785,150785,9,Selected largest-prize regular Classic MLB draft group after excluding Turbo/Night/qualifier/satellite/showdown/snake/single-stat slates.,RP,Yennier Cano (43631645),Yennier Cano,43631645,P,4000,BAL@HOU 07/19/2026 02:10PM ET,07/19/2026 02:10PM ET,BAL,HOU,away,2.2,,,needs_review_new_player,identity_name_team_map,No reviewed normalized-name/team identity alias; do not auto-guess.
2026-07-19,2026-07-19T14:40:01.662576+00:00,2026-07-19,DraftKings official lineup CSV,https://www.draftkings.com/lineup/getavailableplayerscsv?contestTypeId=9&draftGroupId=150785,150785,9,Selected largest-prize regular Classic MLB draft group after excluding Turbo/Night/qualifier/satellite/showdown/snake/single-stat slates.,RP,Eric Orze (43631646),Eric Orze,43631646,P,4000,MIN@CHC 07/19/2026 02:20PM ET,07/19/2026 02:20PM ET,MIN,CHC,away,2.3,679358,Eric Orze,mapped,identity_name_team_map,Proposed from review candidates; basis=exact normalized name + team; role-compatible; statcast_pitcher_2026; confidence=high; sources=statcast_pitcher_2026
2026-07-19,2026-07-19T14:40:01.662576+00:00,2026-07-19,DraftKings official lineup CSV,https://www.draftkings.com/lineup/getavailableplayerscsv?contestTypeId=9&draftGroupId=150785,150785,9,Selected largest-prize regular Classic MLB draft group after excluding Turbo/Night/qualifier/satellite/showdown/snake/single-stat slates.,RP,Cam Sanders (43631647),Cam Sanders,43631647,P,4000,BAL@HOU 07/19/2026 02:10PM ET,07/19/2026 02:10PM ET,BAL,HOU,away,2.6,,,needs_review_new_player,identity_name_team_map,No reviewed normalized-name/team identity alias; do not auto-guess.
2026-07-19,2026-07-19T14:40:01.662576+00:00,2026-07-19,DraftKings official lineup CSV,https://www.draftkings.com/lineup/getavailableplayerscsv?contestTypeId=9&draftGroupId=150785,150785,9,Selected largest-prize regular Classic MLB draft group after excluding Turbo/Night/qualifier/satellite/showdown/snake/single-stat slates.,RP,Tim Herrin (43631648),Tim Herrin,43631648,P,4000,PIT@CLE 07/19/2026 01:40PM ET,07/19/2026 01:40PM ET,CLE,PIT,home,2,,,needs_review_new_player,identity_name_team_map,No reviewed normalized-name/team identity alias; do not auto-guess.
2026-07-19,2026-07-19T14:40:01.662576+00:00,2026-07-19,DraftKings official lineup CSV,https://www.draftkings.com/lineup/getavailableplayerscsv?contestTypeId=9&draftGroupId=150785,150785,9,Selected largest-prize regular Classic MLB draft group after excluding Turbo/Night/qualifier/satellite/showdown/snake/single-stat slates.,RP,John Klein (43631649),John Klein,43631649,P,4000,MIN@CHC 07/19/2026 02:20PM ET,07/19/2026 02:20PM ET,MIN,CHC,away,1.9,804619,John Klein,mapped,identity_name_team_map,Proposed from review candidates; basis=exact normalized name + team; role-compatible; statcast_pitcher_2026; confidence=high; sources=statcast_pitcher_2026
2026-07-19,2026-07-19T14:40:01.662576+00:00,2026-07-19,DraftKings official lineup CSV,https://www.draftkings.com/lineup/getavailableplayerscsv?contestTypeId=9&draftGroupId=150785,150785,9,Selected largest-prize regular Classic MLB draft group after excluding Turbo/Night/qualifier/satellite/showdown/snake/single-stat slates.,RP,Michael Petersen (43631650),Michael Petersen,43631650,P,4000,MIA@MIL 07/19/2026 02:10PM ET,07/19/2026 02:10PM ET,MIA,MIL,away,3.6,656848,Michael Petersen,mapped,identity_name_team_map,Proposed from review candidates; basis=exact normalized name + team; role-compatible; statcast_pitcher_2026; confidence=high; sources=statcast_pitcher_2026
2026-07-19,2026-07-19T14:40:01.662576+00:00,2026-07-19,DraftKings official lineup CSV,https://www.draftkings.com/lineup/getavailableplayerscsv?contestTypeId=9&draftGroupId=150785,150785,9,Selected largest-prize regular Classic MLB draft group after excluding Turbo/Night/qualifier/satellite/showdown/snake/single-stat slates.,RP,Cameron Foster (43631651),Cameron Foster,43631651,P,4000,BAL@HOU 07/19/2026 02:10PM ET,07/19/2026 02:10PM ET,BAL,HOU,away,0.9,,,needs_review_new_player,identity_name_team_map,No reviewed normalized-name/team identity alias; do not auto-guess.
2026-07-19,2026-07-19T14:40:01.662576+00:00,2026-07-19,DraftKings official lineup CSV,https://www.draftkings.com/lineup/getavailableplayerscsv?contestTypeId=9&draftGroupId=150785,150785,9,Selected largest-prize regular Classic MLB draft group after excluding Turbo/Night/qualifier/satellite/showdown/snake/single-stat slates.,RP,Caleb Thielbar (43631652),Caleb Thielbar,43631652,P,4000,MIN@CHC 07/19/2026 02:20PM ET,07/19/2026 02:20PM ET,CHC,MIN,home,2.9,573204,Caleb Thielbar,mapped,identity_name_team_map,Stable identity seed from old DK-ID map. Pilot join status: matched via normalized_name_team
2026-07-19,2026-07-19T14:40:01.662576+00:00,2026-07-19,DraftKings official lineup CSV,https://www.draftkings.com/lineup/getavailableplayerscsv?contestTypeId=9&draftGroupId=150785,150785,9,Selected largest-prize regular Classic MLB draft group after excluding Turbo/Night/qualifier/satellite/showdown/snake/single-stat slates.,RP,Chase Shugart (43631653),Chase Shugart,43631653,P,4000,NYM@PHI 07/19/2026 01:35PM ET,07/19/2026 01:35PM ET,PHI,NYM,home,3.4,663767,Chase Shugart,mapped,identity_name_team_map,Stable identity seed from old DK-ID map. Pilot join status: matched via normalized_name_team
2026-07-19,2026-07-19T14:40:01.662576+00:00,2026-07-19,DraftKings official lineup CSV,https://www.draftkings.com/lineup/getavailableplayerscsv?contestTypeId=9&draftGroupId=150785,150785,9,Selected largest-prize regular Classic MLB draft group after excluding Turbo/Night/qualifier/satellite/showdown/snake/single-stat slates.,RP,Bryan Baker (43631654),Bryan Baker,43631654,P,4000,TB@BOS 07/19/2026 01:35PM ET,07/19/2026 01:35PM ET,TB,BOS,away,3.6,,,needs_review_new_player,identity_name_team_map,No reviewed normalized-name/team identity alias; do not auto-guess.
2026-07-19,2026-07-19T14:40:01.662576+00:00,2026-07-19,DraftKings official lineup CSV,https://www.draftkings.com/lineup/getavailableplayerscsv?contestTypeId=9&draftGroupId=150785,150785,9,Selected largest-prize regular Classic MLB draft group after excluding Turbo/Night/qualifier/satellite/showdown/snake/single-stat slates.,RP,Jakob Junis (43631655),Jakob Junis,43631655,P,4000,TEX@ATL 07/19/2026 01:35PM ET,07/19/2026 01:35PM ET,TEX,ATL,away,3,596001,Jakob Junis,mapped,identity_name_team_map,Stable identity seed from old DK-ID map. Pilot join status: matched via normalized_name_team
2026-07-19,2026-07-19T14:40:01.662576+00:00,2026-07-19,DraftKings official lineup CSV,https://www.draftkings.com/lineup/getavailableplayerscsv?contestTypeId=9&draftGroupId=150785,150785,9,Selected largest-prize regular Classic MLB draft group after excluding Turbo/Night/qualifier/satellite/showdown/snake/single-stat slates.,RP,Connor Seabold (43631656),Connor Seabold,43631656,P,4000,SD@KC 07/19/2026 02:10PM ET,07/19/2026 02:10PM ET,KC,SD,home,2.1,657756,Connor Seabold,needs_review_team_change,identity_name_unique_mlbam,Name maps to one reviewed MLBAM identity but not this DK team; review as team-change/new alias before trusting automation.
2026-07-19,2026-07-19T14:40:01.662576+00:00,2026-07-19,DraftKings official lineup CSV,https://www.draftkings.com/lineup/getavailableplayerscsv?contestTypeId=9&draftGroupId=150785,150785,9,Selected largest-prize regular Classic MLB draft group after excluding Turbo/Night/qualifier/satellite/showdown/snake/single-stat slates.,RP,Trevor Martin (43631657),Trevor Martin,43631657,P,4000,TB@BOS 07/19/2026 01:35PM ET,07/19/2026 01:35PM ET,TB,BOS,away,2.9,,,needs_review_new_player,identity_name_team_map,No reviewed normalized-name/team identity alias; do not auto-guess.
2026-07-19,2026-07-19T14:40:01.662576+00:00,2026-07-19,DraftKings official lineup CSV,https://www.draftkings.com/lineup/getavailableplayerscsv?contestTypeId=9&draftGroupId=150785,150785,9,Selected largest-prize regular Classic MLB draft group after excluding Turbo/Night/qualifier/satellite/showdown/snake/single-stat slates.,RP,Daniel Duarte (43631658),Daniel Duarte,43631658,P,4000,NYM@PHI 07/19/2026 01:35PM ET,07/19/2026 01:35PM ET,NYM,PHI,away,5.4,650960,Daniel Duarte,mapped,identity_name_team_map,Stable identity seed from old DK-ID map. Pilot join status: matched via normalized_name_team
2026-07-19,2026-07-19T14:40:01.662576+00:00,2026-07-19,DraftKings official lineup CSV,https://www.draftkings.com/lineup/getavailableplayerscsv?contestTypeId=9&draftGroupId=150785,150785,9,Selected largest-prize regular Classic MLB draft group after excluding Turbo/Night/qualifier/satellite/showdown/snake/single-stat slates.,RP,Hayden Harris (43631659),Hayden Harris,43631659,P,4000,TEX@ATL 07/19/2026 01:35PM ET,07/19/2026 01:35PM ET,ATL,TEX,home,0,802686,Hayden Harris,mapped,identity_name_team_map,Stable identity seed from old DK-ID map. Pilot join status: matched_people_search_name via mlb_people_search_normalized_name
2026-07-19,2026-07-19T14:40:01.662576+00:00,2026-07-19,DraftKings official lineup CSV,https://www.draftkings.com/lineup/getavailableplayerscsv?contestTypeId=9&draftGroupId=150785,150785,9,Selected largest-prize regular Classic MLB draft group after excluding Turbo/Night/qualifier/satellite/showdown/snake/single-stat slates.,RP,Luke Little (43631660),Luke Little,43631660,P,4000,MIN@CHC 07/19/2026 02:20PM ET,07/19/2026 02:20PM ET,CHC,MIN,home,1.1,681432,Luke Little,mapped,identity_name_team_map,Stable identity seed from old DK-ID map. Pilot join status: matched via normalized_name_team
2026-07-19,2026-07-19T14:40:01.662576+00:00,2026-07-19,DraftKings official lineup CSV,https://www.draftkings.com/lineup/getavailableplayerscsv?contestTypeId=9&draftGroupId=150785,150785,9,Selected largest-prize regular Classic MLB draft group after excluding Turbo/Night/qualifier/satellite/showdown/snake/single-stat slates.,RP,Alex Lange (43631661),Alex Lange,43631661,P,4000,SD@KC 07/19/2026 02:10PM ET,07/19/2026 02:10PM ET,KC,SD,home,1.9,656638,Alex Lange,mapped,identity_name_team_map,Stable identity seed from old DK-ID map. Pilot join status: matched via normalized_name_team
2026-07-19,2026-07-19T14:40:01.662576+00:00,2026-07-19,DraftKings official lineup CSV,https://www.draftkings.com/lineup/getavailableplayerscsv?contestTypeId=9&draftGroupId=150785,150785,9,Selected largest-prize regular Classic MLB draft group after excluding Turbo/Night/qualifier/satellite/showdown/snake/single-stat slates.,RP,Manuel Rodriguez (43631662),Manuel Rodriguez,43631662,P,4000,TB@BOS 07/19/2026 01:35PM ET,07/19/2026 01:35PM ET,TB,BOS,away,0,,,needs_review_new_player,identity_name_team_map,No reviewed normalized-name/team identity alias; do not auto-guess.
2026-07-19,2026-07-19T14:40:01.662576+00:00,2026-07-19,DraftKings official lineup CSV,https://www.draftkings.com/lineup/getavailableplayerscsv?contestTypeId=9&draftGroupId=150785,150785,9,Selected largest-prize regular Classic MLB draft group after excluding Turbo/Night/qualifier/satellite/showdown/snake/single-stat slates.,RP,Drew Rom (43631663),Drew Rom,43631663,P,4000,MIA@MIL 07/19/2026 02:10PM ET,07/19/2026 02:10PM ET,MIL,MIA,home,5.8,680723,Drew Rom,mapped,identity_name_team_map,Stable identity seed from old DK-ID map. Pilot join status: matched via normalized_name_team
2026-07-19,2026-07-19T14:40:01.662576+00:00,2026-07-19,DraftKings official lineup CSV,https://www.draftkings.com/lineup/getavailableplayerscsv?contestTypeId=9&draftGroupId=150785,150785,9,Selected largest-prize regular Classic MLB draft group after excluding Turbo/Night/qualifier/satellite/showdown/snake/single-stat slates.,RP,Joey Gerber (43631664),Joey Gerber,43631664,P,4000,NYM@PHI 07/19/2026 01:35PM ET,07/19/2026 01:35PM ET,NYM,PHI,away,3,680702,Joey Gerber,mapped,identity_name_team_map,Stable identity seed from old DK-ID map. Pilot join status: matched via normalized_name_team
2026-07-19,2026-07-19T14:40:01.662576+00:00,2026-07-19,DraftKings official lineup CSV,https://www.draftkings.com/lineup/getavailableplayerscsv?contestTypeId=9&draftGroupId=150785,150785,9,Selected largest-prize regular Classic MLB draft group after excluding Turbo/Night/qualifier/satellite/showdown/snake/single-stat slates.,RP,Dedniel Nunez (43631665),Dedniel Nunez,43631665,P,4000,NYM@PHI 07/19/2026 01:35PM ET,07/19/2026 01:35PM ET,NYM,PHI,away,0,673380,Dedniel Núñez,mapped,identity_name_team_map,Stable identity seed from old DK-ID map. Pilot join status: matched_people_search_name via mlb_people_search_normalized_name
2026-07-19,2026-07-19T14:40:01.662576+00:00,2026-07-19,DraftKings official lineup CSV,https://www.draftkings.com/lineup/getavailableplayerscsv?contestTypeId=9&draftGroupId=150785,150785,9,Selected largest-prize regular Classic MLB draft group after excluding Turbo/Night/qualifier/satellite/showdown/snake/single-stat slates.,RP,Grant Wolfram (43631666),Grant Wolfram,43631666,P,4000,BAL@HOU 07/19/2026 02:10PM ET,07/19/2026 02:10PM ET,BAL,HOU,away,2.2,,,needs_review_new_player,identity_name_team_map,No reviewed normalized-name/team identity alias; do not auto-guess.
2026-07-19,2026-07-19T14:40:01.662576+00:00,2026-07-19,DraftKings official lineup CSV,https://www.draftkings.com/lineup/getavailableplayerscsv?contestTypeId=9&draftGroupId=150785,150785,9,Selected largest-prize regular Classic MLB draft group after excluding Turbo/Night/qualifier/satellite/showdown/snake/single-stat slates.,RP,Cole Sands (43631667),Cole Sands,43631667,P,4000,MIN@CHC 07/19/2026 02:20PM ET,07/19/2026 02:20PM ET,MIN,CHC,away,2.6,663485,Cole Sands,mapped,identity_name_team_map,Proposed from review candidates; basis=exact normalized name + team; role-compatible; statcast_pitcher_2026; confidence=high; sources=statcast_pitcher_2026
2026-07-19,2026-07-19T14:40:01.662576+00:00,2026-07-19,DraftKings official lineup CSV,https://www.draftkings.com/lineup/getavailableplayerscsv?contestTypeId=9&draftGroupId=150785,150785,9,Selected largest-prize regular Classic MLB draft group after excluding Turbo/Night/qualifier/satellite/showdown/snake/single-stat slates.,RP,Phil Maton (43631668),Phil Maton,43631668,P,4000,MIN@CHC 07/19/2026 02:20PM ET,07/19/2026 02:20PM ET,CHC,MIN,home,1.8,664208,Phil Maton,mapped,identity_name_team_map,Stable identity seed from old DK-ID map. Pilot join status: matched via normalized_name_team
2026-07-19,2026-07-19T14:40:01.662576+00:00,2026-07-19,DraftKings official lineup CSV,https://www.draftkings.com/lineup/getavailableplayerscsv?contestTypeId=9&draftGroupId=150785,150785,9,Selected largest-prize regular Classic MLB draft group after excluding Turbo/Night/qualifier/satellite/showdown/snake/single-stat slates.,RP,Anthony Bender (43631669),Anthony Bender,43631669,P,4000,MIA@MIL 07/19/2026 02:10PM ET,07/19/2026 02:10PM ET,MIA,MIL,away,3.5,669622,Anthony Bender,mapped,identity_name_team_map,Proposed from review candidates; basis=exact normalized name + team; role-compatible; statcast_pitcher_2026; confidence=high; sources=statcast_pitcher_2026
2026-07-19,2026-07-19T14:40:01.662576+00:00,2026-07-19,DraftKings official lineup CSV,https://www.draftkings.com/lineup/getavailableplayerscsv?contestTypeId=9&draftGroupId=150785,150785,9,Selected largest-prize regular Classic MLB draft group after excluding Turbo/Night/qualifier/satellite/showdown/snake/single-stat slates.,RP,Brooks Raley (43631670),Brooks Raley,43631670,P,4000,NYM@PHI 07/19/2026 01:35PM ET,07/19/2026 01:35PM ET,NYM,PHI,away,3.2,548384,Brooks Raley,mapped,identity_name_team_map,Stable identity seed from old DK-ID map. Pilot join status: matched via normalized_name_team
2026-07-19,2026-07-19T14:40:01.662576+00:00,2026-07-19,DraftKings official lineup CSV,https://www.draftkings.com/lineup/getavailableplayerscsv?contestTypeId=9&draftGroupId=150785,150785,9,Selected largest-prize regular Classic MLB draft group after excluding Turbo/Night/qualifier/satellite/showdown/snake/single-stat slates.,RP,Reed Garrett (43631671),Reed Garrett,43631671,P,4000,NYM@PHI 07/19/2026 01:35PM ET,07/19/2026 01:35PM ET,NYM,PHI,away,0,657585,Reed Garrett,mapped,identity_name_team_map,Stable identity seed from old DK-ID map. Pilot join status: matched_people_search_name via mlb_people_search_normalized_name
2026-07-19,2026-07-19T14:40:01.662576+00:00,2026-07-19,DraftKings official lineup CSV,https://www.draftkings.com/lineup/getavailableplayerscsv?contestTypeId=9&draftGroupId=150785,150785,9,Selected largest-prize regular Classic MLB draft group after excluding Turbo/Night/qualifier/satellite/showdown/snake/single-stat slates.,RP,Steven Okert (43631672),Steven Okert,43631672,P,4000,BAL@HOU 07/19/2026 02:10PM ET,07/19/2026 02:10PM ET,HOU,BAL,home,3.5,595345,Steven Okert,mapped,identity_name_team_map,Stable identity seed from old DK-ID map. Pilot join status: matched via normalized_name_team
2026-07-19,2026-07-19T14:40:01.662576+00:00,2026-07-19,DraftKings official lineup CSV,https://www.draftkings.com/lineup/getavailableplayerscsv?contestTypeId=9&draftGroupId=150785,150785,9,Selected largest-prize regular Classic MLB draft group after excluding Turbo/Night/qualifier/satellite/showdown/snake/single-stat slates.,RP,Justin Slaten (43631673),Justin Slaten,43631673,P,4000,TB@BOS 07/19/2026 01:35PM ET,07/19/2026 01:35PM ET,BOS,TB,home,2.6,,,needs_review_new_player,identity_name_team_map,No reviewed normalized-name/team identity alias; do not auto-guess.
2026-07-19,2026-07-19T14:40:01.662576+00:00,2026-07-19,DraftKings official lineup CSV,https://www.draftkings.com/lineup/getavailableplayerscsv?contestTypeId=9&draftGroupId=150785,150785,9,Selected largest-prize regular Classic MLB draft group after excluding Turbo/Night/qualifier/satellite/showdown/snake/single-stat slates.,RP,Trevor Megill (43631674),Trevor Megill,43631674,P,4000,MIA@MIL 07/19/2026 02:10PM ET,07/19/2026 02:10PM ET,MIL,MIA,home,3.7,656730,Trevor Megill,mapped,identity_name_team_map,Stable identity seed from old DK-ID map. Pilot join status: matched via normalized_name_team
2026-07-19,2026-07-19T14:40:01.662576+00:00,2026-07-19,DraftKings official lineup CSV,https://www.draftkings.com/lineup/getavailableplayerscsv?contestTypeId=9&draftGroupId=150785,150785,9,Selected largest-prize regular Classic MLB draft group after excluding Turbo/Night/qualifier/satellite/showdown/snake/single-stat slates.,RP,Cole Winn (43631675),Cole Winn,43631675,P,4000,TEX@ATL 07/19/2026 01:35PM ET,07/19/2026 01:35PM ET,TEX,ATL,away,2.5,668390,Cole Winn,mapped,identity_name_team_map,Stable identity seed from old DK-ID map. Pilot join status: matched via normalized_name_team
2026-07-19,2026-07-19T14:40:01.662576+00:00,2026-07-19,DraftKings official lineup CSV,https://www.draftkings.com/lineup/getavailableplayerscsv?contestTypeId=9&draftGroupId=150785,150785,9,Selected largest-prize regular Classic MLB draft group after excluding Turbo/Night/qualifier/satellite/showdown/snake/single-stat slates.,RP,Robby Ahlstrom (43631676),Robby Ahlstrom,43631676,P,4000,TEX@ATL 07/19/2026 01:35PM ET,07/19/2026 01:35PM ET,TEX,ATL,away,1.1,695239,Robby Ahlstrom,mapped,identity_name_team_map,Stable identity seed from old DK-ID map. Pilot join status: matched via normalized_name_team
2026-07-19,2026-07-19T14:40:01.662576+00:00,2026-07-19,DraftKings official lineup CSV,https://www.draftkings.com/lineup/getavailableplayerscsv?contestTypeId=9&draftGroupId=150785,150785,9,Selected largest-prize regular Classic MLB draft group after excluding Turbo/Night/qualifier/satellite/showdown/snake/single-stat slates.,RP,Steven Cruz (43631677),Steven Cruz,43631677,P,4000,SD@KC 07/19/2026 02:10PM ET,07/19/2026 02:10PM ET,KC,SD,home,3.4,674444,Steven Cruz,mapped,identity_name_team_map,Stable identity seed from old DK-ID map. Pilot join status: matched via normalized_name_team
2026-07-19,2026-07-19T14:40:01.662576+00:00,2026-07-19,DraftKings official lineup CSV,https://www.draftkings.com/lineup/getavailableplayerscsv?contestTypeId=9&draftGroupId=150785,150785,9,Selected largest-prize regular Classic MLB draft group after excluding Turbo/Night/qualifier/satellite/showdown/snake/single-stat slates.,RP,Josh Ekness (43631678),Josh Ekness,43631678,P,4000,MIA@MIL 07/19/2026 02:10PM ET,07/19/2026 02:10PM ET,MIA,MIL,away,2.6,694795,Josh Ekness,mapped,identity_name_team_map,Proposed from review candidates; basis=exact normalized name + team; role-compatible; statcast_pitcher_2026; confidence=high; sources=statcast_pitcher_2026
2026-07-19,2026-07-19T14:40:01.662576+00:00,2026-07-19,DraftKings official lineup CSV,https://www.draftkings.com/lineup/getavailableplayerscsv?contestTypeId=9&draftGroupId=150785,150785,9,Selected largest-prize regular Classic MLB draft group after excluding Turbo/Night/qualifier/satellite/showdown/snake/single-stat slates.,RP,Tyler Samaniego (43631679),Tyler Samaniego,43631679,P,4000,TB@BOS 07/19/2026 01:35PM ET,07/19/2026 01:35PM ET,BOS,TB,home,2.4,,,needs_review_new_player,identity_name_team_map,No reviewed normalized-name/team identity alias; do not auto-guess.
2026-07-19,2026-07-19T14:40:01.662576+00:00,2026-07-19,DraftKings official lineup CSV,https://www.draftkings.com/lineup/getavailableplayerscsv?contestTypeId=9&draftGroupId=150785,150785,9,Selected largest-prize regular Classic MLB draft group after excluding Turbo/Night/qualifier/satellite/showdown/snake/single-stat slates.,RP,Brian Fitzpatrick (43631680),Brian Fitzpatrick,43631680,P,4000,MIA@MIL 07/19/2026 02:10PM ET,07/19/2026 02:10PM ET,MIL,MIA,home,3.4,702153,Brian Fitzpatrick,mapped,identity_name_team_map,Stable identity seed from old DK-ID map. Pilot join status: matched via normalized_name_team
2026-07-19,2026-07-19T14:40:01.662576+00:00,2026-07-19,DraftKings official lineup CSV,https://www.draftkings.com/lineup/getavailableplayerscsv?contestTypeId=9&draftGroupId=150785,150785,9,Selected largest-prize regular Classic MLB draft group after excluding Turbo/Night/qualifier/satellite/showdown/snake/single-stat slates.,RP,Robert Suarez (43631681),Robert Suarez,43631681,P,4000,TEX@ATL 07/19/2026 01:35PM ET,07/19/2026 01:35PM ET,ATL,TEX,home,3.9,663158,Robert Suarez,mapped,identity_name_team_map,Stable identity seed from old DK-ID map. Pilot join status: matched via normalized_name_team
2026-07-19,2026-07-19T14:40:01.662576+00:00,2026-07-19,DraftKings official lineup CSV,https://www.draftkings.com/lineup/getavailableplayerscsv?contestTypeId=9&draftGroupId=150785,150785,9,Selected largest-prize regular Classic MLB draft group after excluding Turbo/Night/qualifier/satellite/showdown/snake/single-stat slates.,RP,Shawn Armstrong (43631682),Shawn Armstrong,43631682,P,4000,PIT@CLE 07/19/2026 01:40PM ET,07/19/2026 01:40PM ET,CLE,PIT,home,2.4,,,needs_review_new_player,identity_name_team_map,No reviewed normalized-name/team identity alias; do not auto-guess.
2026-07-19,2026-07-19T14:40:01.662576+00:00,2026-07-19,DraftKings official lineup CSV,https://www.draftkings.com/lineup/getavailableplayerscsv?contestTypeId=9&draftGroupId=150785,150785,9,Selected largest-prize regular Classic MLB draft group after excluding Turbo/Night/qualifier/satellite/showdown/snake/single-stat slates.,RP,Jalen Beeks (43631683),Jalen Beeks,43631683,P,4000,TEX@ATL 07/19/2026 01:35PM ET,07/19/2026 01:35PM ET,TEX,ATL,away,2.2,656222,Jalen Beeks,mapped,identity_name_team_map,Stable identity seed from old DK-ID map. Pilot join status: matched via normalized_name_team
2026-07-19,2026-07-19T14:40:01.662576+00:00,2026-07-19,DraftKings official lineup CSV,https://www.draftkings.com/lineup/getavailableplayerscsv?contestTypeId=9&draftGroupId=150785,150785,9,Selected largest-prize regular Classic MLB draft group after excluding Turbo/Night/qualifier/satellite/showdown/snake/single-stat slates.,RP,Franco Aleman (43631684),Franco Aleman,43631684,P,4000,PIT@CLE 07/19/2026 01:40PM ET,07/19/2026 01:40PM ET,CLE,PIT,home,2.9,,,needs_review_new_player,identity_name_team_map,No reviewed normalized-name/team identity alias; do not auto-guess.
2026-07-19,2026-07-19T14:40:01.662576+00:00,2026-07-19,DraftKings official lineup CSV,https://www.draftkings.com/lineup/getavailableplayerscsv?contestTypeId=9&draftGroupId=150785,150785,9,Selected largest-prize regular Classic MLB draft group after excluding Turbo/Night/qualifier/satellite/showdown/snake/single-stat slates.,RP,Bennett Sousa (43631685),Bennett Sousa,43631685,P,4000,BAL@HOU 07/19/2026 02:10PM ET,07/19/2026 02:10PM ET,HOU,BAL,home,0.9,656986,Bennett Sousa,mapped,identity_name_team_map,Stable identity seed from old DK-ID map. Pilot join status: matched via normalized_name_team
2026-07-19,2026-07-19T14:40:01.662576+00:00,2026-07-19,DraftKings official lineup CSV,https://www.draftkings.com/lineup/getavailableplayerscsv?contestTypeId=9&draftGroupId=150785,150785,9,Selected largest-prize regular Classic MLB draft group after excluding Turbo/Night/qualifier/satellite/showdown/snake/single-stat slates.,RP,Yohan Ramirez (43631686),Yohan Ramirez,43631686,P,4000,PIT@CLE 07/19/2026 01:40PM ET,07/19/2026 01:40PM ET,PIT,CLE,away,4.2,,,needs_review_new_player,identity_name_team_map,No reviewed normalized-name/team identity alias; do not auto-guess.
2026-07-19,2026-07-19T14:40:01.662576+00:00,2026-07-19,DraftKings official lineup CSV,https://www.draftkings.com/lineup/getavailableplayerscsv?contestTypeId=9&draftGroupId=150785,150785,9,Selected largest-prize regular Classic MLB draft group after excluding Turbo/Night/qualifier/satellite/showdown/snake/single-stat slates.,RP,Anthony Banda (43631687),Anthony Banda,43631687,P,4000,MIN@CHC 07/19/2026 02:20PM ET,07/19/2026 02:20PM ET,MIN,CHC,away,2.2,607455,Anthony Banda,mapped,identity_name_team_map,Proposed from review candidates; basis=exact normalized name + team; role-compatible; statcast_pitcher_2026; confidence=high; sources=statcast_pitcher_2026
2026-07-19,2026-07-19T14:40:01.662576+00:00,2026-07-19,DraftKings official lineup CSV,https://www.draftkings.com/lineup/getavailableplayerscsv?contestTypeId=9&draftGroupId=150785,150785,9,Selected largest-prize regular Classic MLB draft group after excluding Turbo/Night/qualifier/satellite/showdown/snake/single-stat slates.,RP,Hunter Harvey (43631688),Hunter Harvey,43631688,P,4000,MIN@CHC 07/19/2026 02:20PM ET,07/19/2026 02:20PM ET,CHC,MIN,home,1.9,640451,Hunter Harvey,mapped,identity_name_team_map,Stable identity seed from old DK-ID map. Pilot join status: matched via normalized_name_team
2026-07-19,2026-07-19T14:40:01.662576+00:00,2026-07-19,DraftKings official lineup CSV,https://www.draftkings.com/lineup/getavailableplayerscsv?contestTypeId=9&draftGroupId=150785,150785,9,Selected largest-prize regular Classic MLB draft group after excluding Turbo/Night/qualifier/satellite/showdown/snake/single-stat slates.,RP,Chris Roycroft (43631689),Chris Roycroft,43631689,P,4000,TB@BOS 07/19/2026 01:35PM ET,07/19/2026 01:35PM ET,TB,BOS,away,0.6,688297,Chris Roycroft,needs_review_team_change,identity_name_unique_mlbam,Name maps to one reviewed MLBAM identity but not this DK team; review as team-change/new alias before trusting automation.
2026-07-19,2026-07-19T14:40:01.662576+00:00,2026-07-19,DraftKings official lineup CSV,https://www.draftkings.com/lineup/getavailableplayerscsv?contestTypeId=9&draftGroupId=150785,150785,9,Selected largest-prize regular Classic MLB draft group after excluding Turbo/Night/qualifier/satellite/showdown/snake/single-stat slates.,RP,Shelby Miller (43631690),Shelby Miller,43631690,P,4000,MIN@CHC 07/19/2026 02:20PM ET,07/19/2026 02:20PM ET,CHC,MIN,home,0,571946,Shelby Miller,mapped,identity_name_team_map,Stable identity seed from old DK-ID map. Pilot join status: matched_people_search_name via mlb_people_search_normalized_name
2026-07-19,2026-07-19T14:40:01.662576+00:00,2026-07-19,DraftKings official lineup CSV,https://www.draftkings.com/lineup/getavailableplayerscsv?contestTypeId=9&draftGroupId=150785,150785,9,Selected largest-prize regular Classic MLB draft group after excluding Turbo/Night/qualifier/satellite/showdown/snake/single-stat slates.,RP,Alec Gamboa (43631691),Alec Gamboa,43631691,P,4000,TB@BOS 07/19/2026 01:35PM ET,07/19/2026 01:35PM ET,BOS,TB,home,3.7,,,needs_review_new_player,identity_name_team_map,No reviewed normalized-name/team identity alias; do not auto-guess.
2026-07-19,2026-07-19T14:40:01.662576+00:00,2026-07-19,DraftKings official lineup CSV,https://www.draftkings.com/lineup/getavailableplayerscsv?contestTypeId=9&draftGroupId=150785,150785,9,Selected largest-prize regular Classic MLB draft group after excluding Turbo/Night/qualifier/satellite/showdown/snake/single-stat slates.,RP,Casey Legumina (43631692),Casey Legumina,43631692,P,4000,TB@BOS 07/19/2026 01:35PM ET,07/19/2026 01:35PM ET,TB,BOS,away,2.6,,,needs_review_new_player,identity_name_team_map,No reviewed normalized-name/team identity alias; do not auto-guess.
2026-07-19,2026-07-19T14:40:01.662576+00:00,2026-07-19,DraftKings official lineup CSV,https://www.draftkings.com/lineup/getavailableplayerscsv?contestTypeId=9&draftGroupId=150785,150785,9,Selected largest-prize regular Classic MLB draft group after excluding Turbo/Night/qualifier/satellite/showdown/snake/single-stat slates.,RP,A.J. Minter (43631693),A.J. Minter,43631693,P,4000,NYM@PHI 07/19/2026 01:35PM ET,07/19/2026 01:35PM ET,NYM,PHI,away,3.5,621345,A.J. Minter,mapped,identity_name_team_map,Stable identity seed from old DK-ID map. Pilot join status: matched via normalized_name_team
2026-07-19,2026-07-19T14:40:01.662576+00:00,2026-07-19,DraftKings official lineup CSV,https://www.draftkings.com/lineup/getavailableplayerscsv?contestTypeId=9&draftGroupId=150785,150785,9,Selected largest-prize regular Classic MLB draft group after excluding Turbo/Night/qualifier/satellite/showdown/snake/single-stat slates.,RP,Lou Trivino III (43631694),Lou Trivino III,43631694,P,4000,NYM@PHI 07/19/2026 01:35PM ET,07/19/2026 01:35PM ET,PHI,NYM,home,-0.7,,,needs_review_new_player,identity_name_team_map,No reviewed normalized-name/team identity alias; do not auto-guess.
2026-07-19,2026-07-19T14:40:01.662576+00:00,2026-07-19,DraftKings official lineup CSV,https://www.draftkings.com/lineup/getavailableplayerscsv?contestTypeId=9&draftGroupId=150785,150785,9,Selected largest-prize regular Classic MLB draft group after excluding Turbo/Night/qualifier/satellite/showdown/snake/single-stat slates.,RP,Colin Selby (43631695),Colin Selby,43631695,P,4000,BAL@HOU 07/19/2026 02:10PM ET,07/19/2026 02:10PM ET,BAL,HOU,away,0,,,needs_review_new_player,identity_name_team_map,No reviewed normalized-name/team identity alias; do not auto-guess.
2026-07-19,2026-07-19T14:40:01.662576+00:00,2026-07-19,DraftKings official lineup CSV,https://www.draftkings.com/lineup/getavailableplayerscsv?contestTypeId=9&draftGroupId=150785,150785,9,Selected largest-prize regular Classic MLB draft group after excluding Turbo/Night/qualifier/satellite/showdown/snake/single-stat slates.,RP,Raisel Iglesias (43631696),Raisel Iglesias,43631696,P,4000,TEX@ATL 07/19/2026 01:35PM ET,07/19/2026 01:35PM ET,ATL,TEX,home,3.5,628452,Raisel Iglesias,mapped,identity_name_team_map,Stable identity seed from old DK-ID map. Pilot join status: matched via normalized_name_team
2026-07-19,2026-07-19T14:40:01.662576+00:00,2026-07-19,DraftKings official lineup CSV,https://www.draftkings.com/lineup/getavailableplayerscsv?contestTypeId=9&draftGroupId=150785,150785,9,Selected largest-prize regular Classic MLB draft group after excluding Turbo/Night/qualifier/satellite/showdown/snake/single-stat slates.,RP,Bryan Abreu (43631697),Bryan Abreu,43631697,P,4000,BAL@HOU 07/19/2026 02:10PM ET,07/19/2026 02:10PM ET,HOU,BAL,home,2.5,650556,Bryan Abreu,mapped,identity_name_team_map,Stable identity seed from old DK-ID map. Pilot join status: matched via normalized_name_team
2026-07-19,2026-07-19T14:40:01.662576+00:00,2026-07-19,DraftKings official lineup CSV,https://www.draftkings.com/lineup/getavailableplayerscsv?contestTypeId=9&draftGroupId=150785,150785,9,Selected largest-prize regular Classic MLB draft group after excluding Turbo/Night/qualifier/satellite/showdown/snake/single-stat slates.,RP,Jhoan Duran (43631698),Jhoan Duran,43631698,P,4000,NYM@PHI 07/19/2026 01:35PM ET,07/19/2026 01:35PM ET,PHI,NYM,home,4.4,661395,Jhoan Duran,mapped,identity_name_team_map,Stable identity seed from old DK-ID map. Pilot join status: matched via normalized_name_team
2026-07-19,2026-07-19T14:40:01.662576+00:00,2026-07-19,DraftKings official lineup CSV,https://www.draftkings.com/lineup/getavailableplayerscsv?contestTypeId=9&draftGroupId=150785,150785,9,Selected largest-prize regular Classic MLB draft group after excluding Turbo/Night/qualifier/satellite/showdown/snake/single-stat slates.,RP,Abner Uribe (43631699),Abner Uribe,43631699,P,4000,MIA@MIL 07/19/2026 02:10PM ET,07/19/2026 02:10PM ET,MIL,MIA,home,3.4,682842,Abner Uribe,mapped,identity_name_team_map,Stable identity seed from old DK-ID map. Pilot join status: matched via normalized_name_team
2026-07-19,2026-07-19T14:40:01.662576+00:00,2026-07-19,DraftKings official lineup CSV,https://www.draftkings.com/lineup/getavailableplayerscsv?contestTypeId=9&draftGroupId=150785,150785,9,Selected largest-prize regular Classic MLB draft group after excluding Turbo/Night/qualifier/satellite/showdown/snake/single-stat slates.,RP,Wandy Peralta (43631700),Wandy Peralta,43631700,P,4000,SD@KC 07/19/2026 02:10PM ET,07/19/2026 02:10PM ET,SD,KC,away,2.7,593974,Wandy Peralta,mapped,identity_name_team_map,Stable identity seed from old DK-ID map. Pilot join status: matched via normalized_name_team
2026-07-19,2026-07-19T14:40:01.662576+00:00,2026-07-19,DraftKings official lineup CSV,https://www.draftkings.com/lineup/getavailableplayerscsv?contestTypeId=9&draftGroupId=150785,150785,9,Selected largest-prize regular Classic MLB draft group after excluding Turbo/Night/qualifier/satellite/showdown/snake/single-stat slates.,RP,Cody Laweryson (43631701),Cody Laweryson,43631701,P,4000,MIN@CHC 07/19/2026 02:20PM ET,07/19/2026 02:20PM ET,MIN,CHC,away,3,689520,Cody Laweryson,mapped,identity_name_team_map,Proposed from review candidates; basis=exact normalized name + team; role-compatible; statcast_pitcher_2026; confidence=high; sources=statcast_pitcher_2026
2026-07-19,2026-07-19T14:40:01.662576+00:00,2026-07-19,DraftKings official lineup CSV,https://www.draftkings.com/lineup/getavailableplayerscsv?contestTypeId=9&draftGroupId=150785,150785,9,Selected largest-prize regular Classic MLB draft group after excluding Turbo/Night/qualifier/satellite/showdown/snake/single-stat slates.,RP,Jose Alvarado (43631702),Jose Alvarado,43631702,P,4000,NYM@PHI 07/19/2026 01:35PM ET,07/19/2026 01:35PM ET,PHI,NYM,home,2.4,621237,José Alvarado,mapped,identity_name_team_map,Stable identity seed from old DK-ID map. Pilot join status: matched via normalized_name_team
2026-07-19,2026-07-19T14:40:01.662576+00:00,2026-07-19,DraftKings official lineup CSV,https://www.draftkings.com/lineup/getavailableplayerscsv?contestTypeId=9&draftGroupId=150785,150785,9,Selected largest-prize regular Classic MLB draft group after excluding Turbo/Night/qualifier/satellite/showdown/snake/single-stat slates.,RP,Luke Weaver (43631703),Luke Weaver,43631703,P,4000,NYM@PHI 07/19/2026 01:35PM ET,07/19/2026 01:35PM ET,NYM,PHI,away,3.8,596133,Luke Weaver,mapped,identity_name_team_map,Stable identity seed from old DK-ID map. Pilot join status: matched via normalized_name_team
2026-07-19,2026-07-19T14:40:01.662576+00:00,2026-07-19,DraftKings official lineup CSV,https://www.draftkings.com/lineup/getavailableplayerscsv?contestTypeId=9&draftGroupId=150785,150785,9,Selected largest-prize regular Classic MLB draft group after excluding Turbo/Night/qualifier/satellite/showdown/snake/single-stat slates.,RP,Calvin Faucher (43631704),Calvin Faucher,43631704,P,4000,MIA@MIL 07/19/2026 02:10PM ET,07/19/2026 02:10PM ET,MIA,MIL,away,2.5,676534,Calvin Faucher,mapped,identity_name_team_map,Proposed from review candidates; basis=exact normalized name + team; role-compatible; statcast_pitcher_2026; confidence=high; sources=statcast_pitcher_2026
2026-07-19,2026-07-19T14:40:01.662576+00:00,2026-07-19,DraftKings official lineup CSV,https://www.draftkings.com/lineup/getavailableplayerscsv?contestTypeId=9&draftGroupId=150785,150785,9,Selected largest-prize regular Classic MLB draft group after excluding Turbo/Night/qualifier/satellite/showdown/snake/single-stat slates.,RP,Tim Mayza (43631705),Tim Mayza,43631705,P,4000,NYM@PHI 07/19/2026 01:35PM ET,07/19/2026 01:35PM ET,PHI,NYM,home,3.5,641835,Tim Mayza,mapped,identity_name_team_map,Stable identity seed from old DK-ID map. Pilot join status: matched via normalized_name_team
2026-07-19,2026-07-19T14:40:01.662576+00:00,2026-07-19,DraftKings official lineup CSV,https://www.draftkings.com/lineup/getavailableplayerscsv?contestTypeId=9&draftGroupId=150785,150785,9,Selected largest-prize regular Classic MLB draft group after excluding Turbo/Night/qualifier/satellite/showdown/snake/single-stat slates.,RP,Ron Marinaccio (43631706),Ron Marinaccio,43631706,P,4000,SD@KC 07/19/2026 02:10PM ET,07/19/2026 02:10PM ET,SD,KC,away,2.9,676760,Ron Marinaccio,mapped,identity_name_team_map,Stable identity seed from old DK-ID map. Pilot join status: matched via normalized_name_team
2026-07-19,2026-07-19T14:40:01.662576+00:00,2026-07-19,DraftKings official lineup CSV,https://www.draftkings.com/lineup/getavailableplayerscsv?contestTypeId=9&draftGroupId=150785,150785,9,Selected largest-prize regular Classic MLB draft group after excluding Turbo/Night/qualifier/satellite/showdown/snake/single-stat slates.,RP,Devin Williams (43631707),Devin Williams,43631707,P,4000,NYM@PHI 07/19/2026 01:35PM ET,07/19/2026 01:35PM ET,NYM,PHI,away,3,642207,Devin Williams,mapped,identity_name_team_map,Stable identity seed from old DK-ID map. Pilot join status: matched via normalized_name_team
2026-07-19,2026-07-19T14:40:01.662576+00:00,2026-07-19,DraftKings official lineup CSV,https://www.draftkings.com/lineup/getavailableplayerscsv?contestTypeId=9&draftGroupId=150785,150785,9,Selected largest-prize regular Classic MLB draft group after excluding Turbo/Night/qualifier/satellite/showdown/snake/single-stat slates.,RP,Daniel Palencia (43631708),Daniel Palencia,43631708,P,4000,MIN@CHC 07/19/2026 02:20PM ET,07/19/2026 02:20PM ET,CHC,MIN,home,3.1,694037,Daniel Palencia,mapped,identity_name_team_map,Stable identity seed from old DK-ID map. Pilot join status: matched via normalized_name_team
2026-07-19,2026-07-19T14:40:01.662576+00:00,2026-07-19,DraftKings official lineup CSV,https://www.draftkings.com/lineup/getavailableplayerscsv?contestTypeId=9&draftGroupId=150785,150785,9,Selected largest-prize regular Classic MLB draft group after excluding Turbo/Night/qualifier/satellite/showdown/snake/single-stat slates.,RP,Will Kempner (43631709),Will Kempner,43631709,P,4000,MIA@MIL 07/19/2026 02:10PM ET,07/19/2026 02:10PM ET,MIA,MIL,away,4.8,,,needs_review_new_player,identity_name_team_map,No reviewed normalized-name/team identity alias; do not auto-guess.
2026-07-19,2026-07-19T14:40:01.662576+00:00,2026-07-19,DraftKings official lineup CSV,https://www.draftkings.com/lineup/getavailableplayerscsv?contestTypeId=9&draftGroupId=150785,150785,9,Selected largest-prize regular Classic MLB draft group after excluding Turbo/Night/qualifier/satellite/showdown/snake/single-stat slates.,SP,Noah Murdock (43631710),Noah Murdock,43631710,P,4000,PIT@CLE 07/19/2026 01:40PM ET,07/19/2026 01:40PM ET,PIT,CLE,away,0,,,needs_review_new_player,identity_name_team_map,No reviewed normalized-name/team identity alias; do not auto-guess.
2026-07-19,2026-07-19T14:40:01.662576+00:00,2026-07-19,DraftKings official lineup CSV,https://www.draftkings.com/lineup/getavailableplayerscsv?contestTypeId=9&draftGroupId=150785,150785,9,Selected largest-prize regular Classic MLB draft group after excluding Turbo/Night/qualifier/satellite/showdown/snake/single-stat slates.,RP,Riley Martin (43631711),Riley Martin,43631711,P,4000,MIN@CHC 07/19/2026 02:20PM ET,07/19/2026 02:20PM ET,CHC,MIN,home,3.8,702303,Riley Martin,mapped,identity_name_team_map,Stable identity seed from old DK-ID map. Pilot join status: matched via normalized_name_team
2026-07-19,2026-07-19T14:40:01.662576+00:00,2026-07-19,DraftKings official lineup CSV,https://www.draftkings.com/lineup/getavailableplayerscsv?contestTypeId=9&draftGroupId=150785,150785,9,Selected largest-prize regular Classic MLB draft group after excluding Turbo/Night/qualifier/satellite/showdown/snake/single-stat slates.,RP,Tyron Guerrero (43631712),Tyron Guerrero,43631712,P,4000,TB@BOS 07/19/2026 01:35PM ET,07/19/2026 01:35PM ET,BOS,TB,home,3.7,,,needs_review_new_player,identity_name_team_map,No reviewed normalized-name/team identity alias; do not auto-guess.
2026-07-19,2026-07-19T14:40:01.662576+00:00,2026-07-19,DraftKings official lineup CSV,https://www.draftkings.com/lineup/getavailableplayerscsv?contestTypeId=9&draftGroupId=150785,150785,9,Selected largest-prize regular Classic MLB draft group after excluding Turbo/Night/qualifier/satellite/showdown/snake/single-stat slates.,RP,Porter Hodge (43631713),Porter Hodge,43631713,P,4000,MIN@CHC 07/19/2026 02:20PM ET,07/19/2026 02:20PM ET,CHC,MIN,home,0,687863,Porter Hodge,mapped,identity_name_team_map,Stable identity seed from old DK-ID map. Pilot join status: matched_people_search_name via mlb_people_search_normalized_name
2026-07-19,2026-07-19T14:40:01.662576+00:00,2026-07-19,DraftKings official lineup CSV,https://www.draftkings.com/lineup/getavailableplayerscsv?contestTypeId=9&draftGroupId=150785,150785,9,Selected largest-prize regular Classic MLB draft group after excluding Turbo/Night/qualifier/satellite/showdown/snake/single-stat slates.,RP,Emiliano Teodo (43631714),Emiliano Teodo,43631714,P,4000,TEX@ATL 07/19/2026 01:35PM ET,07/19/2026 01:35PM ET,TEX,ATL,away,-1.3,693713,Emiliano Teodo,mapped,identity_name_team_map,Stable identity seed from old DK-ID map. Pilot join status: matched_people_search_name via mlb_people_search_normalized_name
2026-07-19,2026-07-19T14:40:01.662576+00:00,2026-07-19,DraftKings official lineup CSV,https://www.draftkings.com/lineup/getavailableplayerscsv?contestTypeId=9&draftGroupId=150785,150785,9,Selected largest-prize regular Classic MLB draft group after excluding Turbo/Night/qualifier/satellite/showdown/snake/single-stat slates.,RP,Andrew Nardi (43631715),Andrew Nardi,43631715,P,4000,MIA@MIL 07/19/2026 02:10PM ET,07/19/2026 02:10PM ET,MIA,MIL,away,2.8,677053,Andrew Nardi,mapped,identity_name_team_map,Proposed from review candidates; basis=exact normalized name + team; role-compatible; statcast_pitcher_2026; confidence=high; sources=statcast_pitcher_2026
2026-07-19,2026-07-19T14:40:01.662576+00:00,2026-07-19,DraftKings official lineup CSV,https://www.draftkings.com/lineup/getavailableplayerscsv?contestTypeId=9&draftGroupId=150785,150785,9,Selected largest-prize regular Classic MLB draft group after excluding Turbo/Night/qualifier/satellite/showdown/snake/single-stat slates.,RP,Woo Suk Go (43631716),Woo Suk Go,43631716,P,4000,MIN@CHC 07/19/2026 02:20PM ET,07/19/2026 02:20PM ET,MIN,CHC,away,1.4,,,needs_review_new_player,identity_name_team_map,No reviewed normalized-name/team identity alias; do not auto-guess.
2026-07-19,2026-07-19T14:40:01.662576+00:00,2026-07-19,DraftKings official lineup CSV,https://www.draftkings.com/lineup/getavailableplayerscsv?contestTypeId=9&draftGroupId=150785,150785,9,Selected largest-prize regular Classic MLB draft group after excluding Turbo/Night/qualifier/satellite/showdown/snake/single-stat slates.,RP,Brad Keller (43631717),Brad Keller,43631717,P,4000,NYM@PHI 07/19/2026 01:35PM ET,07/19/2026 01:35PM ET,PHI,NYM,home,2.8,641745,Brad Keller,mapped,identity_name_team_map,Stable identity seed from old DK-ID map. Pilot join status: matched via normalized_name_team
2026-07-19,2026-07-19T14:40:01.662576+00:00,2026-07-19,DraftKings official lineup CSV,https://www.draftkings.com/lineup/getavailableplayerscsv?contestTypeId=9&draftGroupId=150785,150785,9,Selected largest-prize regular Classic MLB draft group after excluding Turbo/Night/qualifier/satellite/showdown/snake/single-stat slates.,RP,Jonathan Bowlan (43631718),Jonathan Bowlan,43631718,P,4000,NYM@PHI 07/19/2026 01:35PM ET,07/19/2026 01:35PM ET,PHI,NYM,home,3.3,680742,Jonathan Bowlan,mapped,identity_name_team_map,Stable identity seed from old DK-ID map. Pilot join status: matched via normalized_name_team
2026-07-19,2026-07-19T14:40:01.662576+00:00,2026-07-19,DraftKings official lineup CSV,https://www.draftkings.com/lineup/getavailableplayerscsv?contestTypeId=9&draftGroupId=150785,150785,9,Selected largest-prize regular Classic MLB draft group after excluding Turbo/Night/qualifier/satellite/showdown/snake/single-stat slates.,RP,Aaron Ashby (43631719),Aaron Ashby,43631719,P,4000,MIA@MIL 07/19/2026 02:10PM ET,07/19/2026 02:10PM ET,MIL,MIA,home,5.1,676879,Aaron Ashby,mapped,identity_name_team_map,Stable identity seed from old DK-ID map. Pilot join status: matched via normalized_name_team
2026-07-19,2026-07-19T14:40:01.662576+00:00,2026-07-19,DraftKings official lineup CSV,https://www.draftkings.com/lineup/getavailableplayerscsv?contestTypeId=9&draftGroupId=150785,150785,9,Selected largest-prize regular Classic MLB draft group after excluding Turbo/Night/qualifier/satellite/showdown/snake/single-stat slates.,RP,Gregory Soto (43631720),Gregory Soto,43631720,P,4000,PIT@CLE 07/19/2026 01:40PM ET,07/19/2026 01:40PM ET,PIT,CLE,away,3.4,,,needs_review_new_player,identity_name_team_map,No reviewed normalized-name/team identity alias; do not auto-guess.
2026-07-19,2026-07-19T14:40:01.662576+00:00,2026-07-19,DraftKings official lineup CSV,https://www.draftkings.com/lineup/getavailableplayerscsv?contestTypeId=9&draftGroupId=150785,150785,9,Selected largest-prize regular Classic MLB draft group after excluding Turbo/Night/qualifier/satellite/showdown/snake/single-stat slates.,RP,Tayler Scott (43631721),Tayler Scott,43631721,P,4000,TEX@ATL 07/19/2026 01:35PM ET,07/19/2026 01:35PM ET,ATL,TEX,home,0,605463,Tayler Scott,mapped,identity_name_team_map,Stable identity seed from old DK-ID map. Pilot join status: matched_people_search_name via mlb_people_search_normalized_name
2026-07-19,2026-07-19T14:40:01.662576+00:00,2026-07-19,DraftKings official lineup CSV,https://www.draftkings.com/lineup/getavailableplayerscsv?contestTypeId=9&draftGroupId=150785,150785,9,Selected largest-prize regular Classic MLB draft group after excluding Turbo/Night/qualifier/satellite/showdown/snake/single-stat slates.,RP,Edwin Uceta (43631722),Edwin Uceta,43631722,P,4000,TB@BOS 07/19/2026 01:35PM ET,07/19/2026 01:35PM ET,TB,BOS,away,0,,,needs_review_new_player,identity_name_team_map,No reviewed normalized-name/team identity alias; do not auto-guess.
2026-07-19,2026-07-19T14:40:01.662576+00:00,2026-07-19,DraftKings official lineup CSV,https://www.draftkings.com/lineup/getavailableplayerscsv?contestTypeId=9&draftGroupId=150785,150785,9,Selected largest-prize regular Classic MLB draft group after excluding Turbo/Night/qualifier/satellite/showdown/snake/single-stat slates.,RP,Cade Gibson (43631723),Cade Gibson,43631723,P,4000,MIA@MIL 07/19/2026 02:10PM ET,07/19/2026 02:10PM ET,MIA,MIL,away,3.1,806188,Cade Gibson,mapped,identity_name_team_map,Proposed from review candidates; basis=exact normalized name + team; role-compatible; statcast_pitcher_2026; confidence=high; sources=statcast_pitcher_2026
2026-07-19,2026-07-19T14:40:01.662576+00:00,2026-07-19,DraftKings official lineup CSV,https://www.draftkings.com/lineup/getavailableplayerscsv?contestTypeId=9&draftGroupId=150785,150785,9,Selected largest-prize regular Classic MLB draft group after excluding Turbo/Night/qualifier/satellite/showdown/snake/single-stat slates.,RP,Jacob Webb (43631724),Jacob Webb,43631724,P,4000,MIN@CHC 07/19/2026 02:20PM ET,07/19/2026 02:20PM ET,CHC,MIN,home,3.3,657097,Jacob Webb,mapped,identity_name_team_map,Stable identity seed from old DK-ID map. Pilot join status: matched via normalized_name_team
2026-07-19,2026-07-19T14:40:01.662576+00:00,2026-07-19,DraftKings official lineup CSV,https://www.draftkings.com/lineup/getavailableplayerscsv?contestTypeId=9&draftGroupId=150785,150785,9,Selected largest-prize regular Classic MLB draft group after excluding Turbo/Night/qualifier/satellite/showdown/snake/single-stat slates.,RP,Peyton Gray (43631725),Peyton Gray,43631725,P,4000,TEX@ATL 07/19/2026 01:35PM ET,07/19/2026 01:35PM ET,TEX,ATL,away,4.2,682608,Peyton Gray,mapped,identity_name_team_map,Stable identity seed from old DK-ID map. Pilot join status: matched via normalized_name_team
2026-07-19,2026-07-19T14:40:01.662576+00:00,2026-07-19,DraftKings official lineup CSV,https://www.draftkings.com/lineup/getavailableplayerscsv?contestTypeId=9&draftGroupId=150785,150785,9,Selected largest-prize regular Classic MLB draft group after excluding Turbo/Night/qualifier/satellite/showdown/snake/single-stat slates.,RP,Pete Fairbanks (43631726),Pete Fairbanks,43631726,P,4000,MIA@MIL 07/19/2026 02:10PM ET,07/19/2026 02:10PM ET,MIA,MIL,away,2.7,664126,Pete Fairbanks,mapped,identity_name_team_map,Proposed from review candidates; basis=exact normalized name + team; role-compatible; statcast_pitcher_2026; confidence=high; sources=statcast_pitcher_2026
2026-07-19,2026-07-19T14:40:01.662576+00:00,2026-07-19,DraftKings official lineup CSV,https://www.draftkings.com/lineup/getavailableplayerscsv?contestTypeId=9&draftGroupId=150785,150785,9,Selected largest-prize regular Classic MLB draft group after excluding Turbo/Night/qualifier/satellite/showdown/snake/single-stat slates.,RP,Max Lazar (43631727),Max Lazar,43631727,P,4000,NYM@PHI 07/19/2026 01:35PM ET,07/19/2026 01:35PM ET,PHI,NYM,home,1.5,676661,Max Lazar,mapped,identity_name_team_map,Stable identity seed from old DK-ID map. Pilot join status: matched_people_search_name via mlb_people_search_normalized_name
2026-07-19,2026-07-19T14:40:01.662576+00:00,2026-07-19,DraftKings official lineup CSV,https://www.draftkings.com/lineup/getavailableplayerscsv?contestTypeId=9&draftGroupId=150785,150785,9,Selected largest-prize regular Classic MLB draft group after excluding Turbo/Night/qualifier/satellite/showdown/snake/single-stat slates.,RP,Tyler Uberstine (43631728),Tyler Uberstine,43631728,P,4000,TB@BOS 07/19/2026 01:35PM ET,07/19/2026 01:35PM ET,BOS,TB,home,5.6,,,needs_review_new_player,identity_name_team_map,No reviewed normalized-name/team identity alias; do not auto-guess.
2026-07-19,2026-07-19T14:40:01.662576+00:00,2026-07-19,DraftKings official lineup CSV,https://www.draftkings.com/lineup/getavailableplayerscsv?contestTypeId=9&draftGroupId=150785,150785,9,Selected largest-prize regular Classic MLB draft group after excluding Turbo/Night/qualifier/satellite/showdown/snake/single-stat slates.,RP,James Karinchak (43631729),James Karinchak,43631729,P,4000,TEX@ATL 07/19/2026 01:35PM ET,07/19/2026 01:35PM ET,ATL,TEX,home,3.2,,,needs_review_new_player,identity_name_team_map,No reviewed normalized-name/team identity alias; do not auto-guess.
2026-07-19,2026-07-19T14:40:01.662576+00:00,2026-07-19,DraftKings official lineup CSV,https://www.draftkings.com/lineup/getavailableplayerscsv?contestTypeId=9&draftGroupId=150785,150785,9,Selected largest-prize regular Classic MLB draft group after excluding Turbo/Night/qualifier/satellite/showdown/snake/single-stat slates.,RP,Anthony Molina (43631730),Anthony Molina,43631730,P,4000,TEX@ATL 07/19/2026 01:35PM ET,07/19/2026 01:35PM ET,ATL,TEX,home,1.7,683627,Anthony Molina,mapped,identity_name_team_map,Stable identity seed from old DK-ID map. Pilot join status: matched via normalized_name_team
2026-07-19,2026-07-19T14:40:01.662576+00:00,2026-07-19,DraftKings official lineup CSV,https://www.draftkings.com/lineup/getavailableplayerscsv?contestTypeId=9&draftGroupId=150785,150785,9,Selected largest-prize regular Classic MLB draft group after excluding Turbo/Night/qualifier/satellite/showdown/snake/single-stat slates.,RP,Zack Kelly (43631731),Zack Kelly,43631731,P,4000,TB@BOS 07/19/2026 01:35PM ET,07/19/2026 01:35PM ET,BOS,TB,home,2.2,,,needs_review_new_player,identity_name_team_map,No reviewed normalized-name/team identity alias; do not auto-guess.
2026-07-19,2026-07-19T14:40:01.662576+00:00,2026-07-19,DraftKings official lineup CSV,https://www.draftkings.com/lineup/getavailableplayerscsv?contestTypeId=9&draftGroupId=150785,150785,9,Selected largest-prize regular Classic MLB draft group after excluding Turbo/Night/qualifier/satellite/showdown/snake/single-stat slates.,RP,Cam Booser (43631732),Cam Booser,43631732,P,4000,TB@BOS 07/19/2026 01:35PM ET,07/19/2026 01:35PM ET,TB,BOS,away,4.5,,,needs_review_new_player,identity_name_team_map,No reviewed normalized-name/team identity alias; do not auto-guess.
2026-07-19,2026-07-19T14:40:01.662576+00:00,2026-07-19,DraftKings official lineup CSV,https://www.draftkings.com/lineup/getavailableplayerscsv?contestTypeId=9&draftGroupId=150785,150785,9,Selected largest-prize regular Classic MLB draft group after excluding Turbo/Night/qualifier/satellite/showdown/snake/single-stat slates.,RP,Evan Sisk (43631733),Evan Sisk,43631733,P,4000,PIT@CLE 07/19/2026 01:40PM ET,07/19/2026 01:40PM ET,PIT,CLE,away,3.9,,,needs_review_new_player,identity_name_team_map,No reviewed normalized-name/team identity alias; do not auto-guess.
2026-07-19,2026-07-19T14:40:01.662576+00:00,2026-07-19,DraftKings official lineup CSV,https://www.draftkings.com/lineup/getavailableplayerscsv?contestTypeId=9&draftGroupId=150785,150785,9,Selected largest-prize regular Classic MLB draft group after excluding Turbo/Night/qualifier/satellite/showdown/snake/single-stat slates.,RP,David Morgan (43631734),David Morgan,43631734,P,4000,SD@KC 07/19/2026 02:10PM ET,07/19/2026 02:10PM ET,SD,KC,away,3.5,688158,David Morgan,mapped,identity_name_team_map,Stable identity seed from old DK-ID map. Pilot join status: matched via normalized_name_team
2026-07-19,2026-07-19T14:40:01.662576+00:00,2026-07-19,DraftKings official lineup CSV,https://www.draftkings.com/lineup/getavailableplayerscsv?contestTypeId=9&draftGroupId=150785,150785,9,Selected largest-prize regular Classic MLB draft group after excluding Turbo/Night/qualifier/satellite/showdown/snake/single-stat slates.,RP,Tyler Kinley (43631735),Tyler Kinley,43631735,P,4000,TEX@ATL 07/19/2026 01:35PM ET,07/19/2026 01:35PM ET,ATL,TEX,home,2.8,641755,Tyler Kinley,mapped,identity_name_team_map,Stable identity seed from old DK-ID map. Pilot join status: matched via normalized_name_team
2026-07-19,2026-07-19T14:40:01.662576+00:00,2026-07-19,DraftKings official lineup CSV,https://www.draftkings.com/lineup/getavailableplayerscsv?contestTypeId=9&draftGroupId=150785,150785,9,Selected largest-prize regular Classic MLB draft group after excluding Turbo/Night/qualifier/satellite/showdown/snake/single-stat slates.,RP,Nick Raquet (43631736),Nick Raquet,43631736,P,4000,BAL@HOU 07/19/2026 02:10PM ET,07/19/2026 02:10PM ET,BAL,HOU,away,0.2,,,needs_review_new_player,identity_name_team_map,No reviewed normalized-name/team identity alias; do not auto-guess.
2026-07-19,2026-07-19T14:40:01.662576+00:00,2026-07-19,DraftKings official lineup CSV,https://www.draftkings.com/lineup/getavailableplayerscsv?contestTypeId=9&draftGroupId=150785,150785,9,Selected largest-prize regular Classic MLB draft group after excluding Turbo/Night/qualifier/satellite/showdown/snake/single-stat slates.,RP,Jayden Murray (43631737),Jayden Murray,43631737,P,4000,MIN@CHC 07/19/2026 02:20PM ET,07/19/2026 02:20PM ET,CHC,MIN,home,1,681151,Jayden Murray,needs_review_team_change,identity_name_unique_mlbam,Name maps to one reviewed MLBAM identity but not this DK team; review as team-change/new alias before trusting automation.
2026-07-19,2026-07-19T14:40:01.662576+00:00,2026-07-19,DraftKings official lineup CSV,https://www.draftkings.com/lineup/getavailableplayerscsv?contestTypeId=9&draftGroupId=150785,150785,9,Selected largest-prize regular Classic MLB draft group after excluding Turbo/Night/qualifier/satellite/showdown/snake/single-stat slates.,RP,Dylan Lee (43631738),Dylan Lee,43631738,P,4000,TEX@ATL 07/19/2026 01:35PM ET,07/19/2026 01:35PM ET,ATL,TEX,home,4.2,669276,Dylan Lee,mapped,identity_name_team_map,Stable identity seed from old DK-ID map. Pilot join status: matched via normalized_name_team
2026-07-19,2026-07-19T14:40:01.662576+00:00,2026-07-19,DraftKings official lineup CSV,https://www.draftkings.com/lineup/getavailableplayerscsv?contestTypeId=9&draftGroupId=150785,150785,9,Selected largest-prize regular Classic MLB draft group after excluding Turbo/Night/qualifier/satellite/showdown/snake/single-stat slates.,RP,Cole Sulser (43631739),Cole Sulser,43631739,P,4000,TB@BOS 07/19/2026 01:35PM ET,07/19/2026 01:35PM ET,TB,BOS,away,2.8,,,needs_review_new_player,identity_name_team_map,No reviewed normalized-name/team identity alias; do not auto-guess.
2026-07-19,2026-07-19T14:40:01.662576+00:00,2026-07-19,DraftKings official lineup CSV,https://www.draftkings.com/lineup/getavailableplayerscsv?contestTypeId=9&draftGroupId=150785,150785,9,Selected largest-prize regular Classic MLB draft group after excluding Turbo/Night/qualifier/satellite/showdown/snake/single-stat slates.,RP,Codi Heuer (43631740),Codi Heuer,43631740,P,4000,PIT@CLE 07/19/2026 01:40PM ET,07/19/2026 01:40PM ET,CLE,PIT,home,1.6,,,needs_review_new_player,identity_name_team_map,No reviewed normalized-name/team identity alias; do not auto-guess.
2026-07-19,2026-07-19T14:40:01.662576+00:00,2026-07-19,DraftKings official lineup CSV,https://www.draftkings.com/lineup/getavailableplayerscsv?contestTypeId=9&draftGroupId=150785,150785,9,Selected largest-prize regular Classic MLB draft group after excluding Turbo/Night/qualifier/satellite/showdown/snake/single-stat slates.,RP,Lucas Erceg (43631741),Lucas Erceg,43631741,P,4000,SD@KC 07/19/2026 02:10PM ET,07/19/2026 02:10PM ET,KC,SD,home,1.9,668674,Lucas Erceg,mapped,identity_name_team_map,Stable identity seed from old DK-ID map. Pilot join status: matched via normalized_name_team
2026-07-19,2026-07-19T14:40:01.662576+00:00,2026-07-19,DraftKings official lineup CSV,https://www.draftkings.com/lineup/getavailableplayerscsv?contestTypeId=9&draftGroupId=150785,150785,9,Selected largest-prize regular Classic MLB draft group after excluding Turbo/Night/qualifier/satellite/showdown/snake/single-stat slates.,RP,Andrew Walters (43631742),Andrew Walters,43631742,P,4000,PIT@CLE 07/19/2026 01:40PM ET,07/19/2026 01:40PM ET,CLE,PIT,home,0,,,needs_review_new_player,identity_name_team_map,No reviewed normalized-name/team identity alias; do not auto-guess.
2026-07-19,2026-07-19T14:40:01.662576+00:00,2026-07-19,DraftKings official lineup CSV,https://www.draftkings.com/lineup/getavailableplayerscsv?contestTypeId=9&draftGroupId=150785,150785,9,Selected largest-prize regular Classic MLB draft group after excluding Turbo/Night/qualifier/satellite/showdown/snake/single-stat slates.,RP,Hoby Milner (43631743),Hoby Milner,43631743,P,4000,MIN@CHC 07/19/2026 02:20PM ET,07/19/2026 02:20PM ET,CHC,MIN,home,1.7,571948,Hoby Milner,mapped,identity_name_team_map,Stable identity seed from old DK-ID map. Pilot join status: matched via normalized_name_team
2026-07-19,2026-07-19T14:40:01.662576+00:00,2026-07-19,DraftKings official lineup CSV,https://www.draftkings.com/lineup/getavailableplayerscsv?contestTypeId=9&draftGroupId=150785,150785,9,Selected largest-prize regular Classic MLB draft group after excluding Turbo/Night/qualifier/satellite/showdown/snake/single-stat slates.,RP,Garrett Acton (43631744),Garrett Acton,43631744,P,4000,MIN@CHC 07/19/2026 02:20PM ET,07/19/2026 02:20PM ET,MIN,CHC,away,7.1,670183,Garrett Acton,mapped,identity_name_team_map,Proposed from review candidates; basis=exact normalized name + team; role-compatible; statcast_pitcher_2026; confidence=high; sources=statcast_pitcher_2026
2026-07-19,2026-07-19T14:40:01.662576+00:00,2026-07-19,DraftKings official lineup CSV,https://www.draftkings.com/lineup/getavailableplayerscsv?contestTypeId=9&draftGroupId=150785,150785,9,Selected largest-prize regular Classic MLB draft group after excluding Turbo/Night/qualifier/satellite/showdown/snake/single-stat slates.,RP,Anthony Nunez (43631745),Anthony Nunez,43631745,P,4000,BAL@HOU 07/19/2026 02:10PM ET,07/19/2026 02:10PM ET,BAL,HOU,away,2.9,,,needs_review_new_player,identity_name_team_map,No reviewed normalized-name/team identity alias; do not auto-guess.
2026-07-19,2026-07-19T14:40:01.662576+00:00,2026-07-19,DraftKings official lineup CSV,https://www.draftkings.com/lineup/getavailableplayerscsv?contestTypeId=9&draftGroupId=150785,150785,9,Selected largest-prize regular Classic MLB draft group after excluding Turbo/Night/qualifier/satellite/showdown/snake/single-stat slates.,RP,Brandon Eisert (43631746),Brandon Eisert,43631746,P,4000,PIT@CLE 07/19/2026 01:40PM ET,07/19/2026 01:40PM ET,PIT,CLE,away,2.7,685126,Brandon Eisert,needs_review_team_change,identity_name_unique_mlbam,Name maps to one reviewed MLBAM identity but not this DK team; review as team-change/new alias before trusting automation.
2026-07-19,2026-07-19T14:40:01.662576+00:00,2026-07-19,DraftKings official lineup CSV,https://www.draftkings.com/lineup/getavailableplayerscsv?contestTypeId=9&draftGroupId=150785,150785,9,Selected largest-prize regular Classic MLB draft group after excluding Turbo/Night/qualifier/satellite/showdown/snake/single-stat slates.,RP,Alex Carrillo (43631747),Alex Carrillo,43631747,P,4000,NYM@PHI 07/19/2026 01:35PM ET,07/19/2026 01:35PM ET,NYM,PHI,away,0,692024,Alex Carrillo,mapped,identity_name_team_map,Stable identity seed from old DK-ID map. Pilot join status: matched_people_search_name via mlb_people_search_normalized_name
2026-07-19,2026-07-19T14:40:01.662576+00:00,2026-07-19,DraftKings official lineup CSV,https://www.draftkings.com/lineup/getavailableplayerscsv?contestTypeId=9&draftGroupId=150785,150785,9,Selected largest-prize regular Classic MLB draft group after excluding Turbo/Night/qualifier/satellite/showdown/snake/single-stat slates.,RP,Austin Warren (43631748),Austin Warren,43631748,P,4000,NYM@PHI 07/19/2026 01:35PM ET,07/19/2026 01:35PM ET,NYM,PHI,away,3.4,681810,Austin Warren,mapped,identity_name_team_map,Stable identity seed from old DK-ID map. Pilot join status: matched via normalized_name_team
2026-07-19,2026-07-19T14:40:01.662576+00:00,2026-07-19,DraftKings official lineup CSV,https://www.draftkings.com/lineup/getavailableplayerscsv?contestTypeId=9&draftGroupId=150785,150785,9,Selected largest-prize regular Classic MLB draft group after excluding Turbo/Night/qualifier/satellite/showdown/snake/single-stat slates.,RP,Rico Garcia (43631749),Rico Garcia,43631749,P,4000,BAL@HOU 07/19/2026 02:10PM ET,07/19/2026 02:10PM ET,BAL,HOU,away,3.4,,,needs_review_new_player,identity_name_team_map,No reviewed normalized-name/team identity alias; do not auto-guess.
2026-07-19,2026-07-19T14:40:01.662576+00:00,2026-07-19,DraftKings official lineup CSV,https://www.draftkings.com/lineup/getavailableplayerscsv?contestTypeId=9&draftGroupId=150785,150785,9,Selected largest-prize regular Classic MLB draft group after excluding Turbo/Night/qualifier/satellite/showdown/snake/single-stat slates.,RP,Rolddy Munoz (43631750),Rolddy Munoz,43631750,P,4000,TEX@ATL 07/19/2026 01:35PM ET,07/19/2026 01:35PM ET,ATL,TEX,home,0.9,691548,Rolddy Muñoz,mapped,identity_name_team_map,Stable identity seed from old DK-ID map. Pilot join status: matched via normalized_name_team
2026-07-19,2026-07-19T14:40:01.662576+00:00,2026-07-19,DraftKings official lineup CSV,https://www.draftkings.com/lineup/getavailableplayerscsv?contestTypeId=9&draftGroupId=150785,150785,9,Selected largest-prize regular Classic MLB draft group after excluding Turbo/Night/qualifier/satellite/showdown/snake/single-stat slates.,RP,Drew Pomeranz (43631751),Drew Pomeranz,43631751,P,4000,MIN@CHC 07/19/2026 02:20PM ET,07/19/2026 02:20PM ET,CHC,MIN,home,1.4,519141,Drew Pomeranz,needs_review_team_change,identity_name_unique_mlbam,Name maps to one reviewed MLBAM identity but not this DK team; review as team-change/new alias before trusting automation.
2026-07-19,2026-07-19T14:40:01.662576+00:00,2026-07-19,DraftKings official lineup CSV,https://www.draftkings.com/lineup/getavailableplayerscsv?contestTypeId=9&draftGroupId=150785,150785,9,Selected largest-prize regular Classic MLB draft group after excluding Turbo/Night/qualifier/satellite/showdown/snake/single-stat slates.,RP,Ryan Helsley (43631752),Ryan Helsley,43631752,P,4000,BAL@HOU 07/19/2026 02:10PM ET,07/19/2026 02:10PM ET,BAL,HOU,away,2.9,,,needs_review_new_player,identity_name_team_map,No reviewed normalized-name/team identity alias; do not auto-guess.
2026-07-19,2026-07-19T14:40:01.662576+00:00,2026-07-19,DraftKings official lineup CSV,https://www.draftkings.com/lineup/getavailableplayerscsv?contestTypeId=9&draftGroupId=150785,150785,9,Selected largest-prize regular Classic MLB draft group after excluding Turbo/Night/qualifier/satellite/showdown/snake/single-stat slates.,RP,Beck Way (43631753),Beck Way,43631753,P,4000,SD@KC 07/19/2026 02:10PM ET,07/19/2026 02:10PM ET,KC,SD,home,3.3,694360,Beck Way,mapped,identity_name_team_map,Stable identity seed from old DK-ID map. Pilot join status: matched via normalized_name_team
2026-07-19,2026-07-19T14:40:01.662576+00:00,2026-07-19,DraftKings official lineup CSV,https://www.draftkings.com/lineup/getavailableplayerscsv?contestTypeId=9&draftGroupId=150785,150785,9,Selected largest-prize regular Classic MLB draft group after excluding Turbo/Night/qualifier/satellite/showdown/snake/single-stat slates.,SP,Miguel Ullola (43631754),Miguel Ullola,43631754,P,4000,BAL@HOU 07/19/2026 02:10PM ET,07/19/2026 02:10PM ET,HOU,BAL,home,10.9,699044,Miguel Ullola,mapped,identity_name_team_map,Stable identity seed from old DK-ID map. Pilot join status: matched_people_search_name via mlb_people_search_normalized_name
2026-07-19,2026-07-19T14:40:01.662576+00:00,2026-07-19,DraftKings official lineup CSV,https://www.draftkings.com/lineup/getavailableplayerscsv?contestTypeId=9&draftGroupId=150785,150785,9,Selected largest-prize regular Classic MLB draft group after excluding Turbo/Night/qualifier/satellite/showdown/snake/single-stat slates.,RP,Cade Smith (43631755),Cade Smith,43631755,P,4000,PIT@CLE 07/19/2026 01:40PM ET,07/19/2026 01:40PM ET,CLE,PIT,home,4.3,,,needs_review_new_player,identity_name_team_map,No reviewed normalized-name/team identity alias; do not auto-guess.
2026-07-19,2026-07-19T14:40:01.662576+00:00,2026-07-19,DraftKings official lineup CSV,https://www.draftkings.com/lineup/getavailableplayerscsv?contestTypeId=9&draftGroupId=150785,150785,9,Selected largest-prize regular Classic MLB draft group after excluding Turbo/Night/qualifier/satellite/showdown/snake/single-stat slates.,RP,Aroldis Chapman (43631756),Aroldis Chapman,43631756,P,4000,TB@BOS 07/19/2026 01:35PM ET,07/19/2026 01:35PM ET,BOS,TB,home,3.5,,,needs_review_new_player,identity_name_team_map,No reviewed normalized-name/team identity alias; do not auto-guess.
2026-07-19,2026-07-19T14:40:01.662576+00:00,2026-07-19,DraftKings official lineup CSV,https://www.draftkings.com/lineup/getavailableplayerscsv?contestTypeId=9&draftGroupId=150785,150785,9,Selected largest-prize regular Classic MLB draft group after excluding Turbo/Night/qualifier/satellite/showdown/snake/single-stat slates.,RP,Kyle Backhus (43631757),Kyle Backhus,43631757,P,4000,NYM@PHI 07/19/2026 01:35PM ET,07/19/2026 01:35PM ET,PHI,NYM,home,1.9,679775,Kyle Backhus,mapped,identity_name_team_map,Stable identity seed from old DK-ID map. Pilot join status: matched via normalized_name_team
2026-07-19,2026-07-19T14:40:01.662576+00:00,2026-07-19,DraftKings official lineup CSV,https://www.draftkings.com/lineup/getavailableplayerscsv?contestTypeId=9&draftGroupId=150785,150785,9,Selected largest-prize regular Classic MLB draft group after excluding Turbo/Night/qualifier/satellite/showdown/snake/single-stat slates.,RP,Greg Weissert (43631758),Greg Weissert,43631758,P,4000,TB@BOS 07/19/2026 01:35PM ET,07/19/2026 01:35PM ET,BOS,TB,home,2.6,,,needs_review_new_player,identity_name_team_map,No reviewed normalized-name/team identity alias; do not auto-guess.
2026-07-19,2026-07-19T14:40:01.662576+00:00,2026-07-19,DraftKings official lineup CSV,https://www.draftkings.com/lineup/getavailableplayerscsv?contestTypeId=9&draftGroupId=150785,150785,9,Selected largest-prize regular Classic MLB draft group after excluding Turbo/Night/qualifier/satellite/showdown/snake/single-stat slates.,RP,Cionel Perez (43631759),Cionel Perez,43631759,P,4000,NYM@PHI 07/19/2026 01:35PM ET,07/19/2026 01:35PM ET,NYM,PHI,away,2.5,672335,Cionel Pérez,mapped,identity_name_team_map,Stable identity seed from old DK-ID map. Pilot join status: matched via normalized_name_team
2026-07-19,2026-07-19T14:40:01.662576+00:00,2026-07-19,DraftKings official lineup CSV,https://www.draftkings.com/lineup/getavailableplayerscsv?contestTypeId=9&draftGroupId=150785,150785,9,Selected largest-prize regular Classic MLB draft group after excluding Turbo/Night/qualifier/satellite/showdown/snake/single-stat slates.,RP,Carlos Estevez (43631760),Carlos Estevez,43631760,P,4000,SD@KC 07/19/2026 02:10PM ET,07/19/2026 02:10PM ET,KC,SD,home,-14.9,608032,Carlos Estévez,mapped,identity_name_team_map,Stable identity seed from old DK-ID map. Pilot join status: matched via normalized_name_team
2026-07-19,2026-07-19T14:40:01.662576+00:00,2026-07-19,DraftKings official lineup CSV,https://www.draftkings.com/lineup/getavailableplayerscsv?contestTypeId=9&draftGroupId=150785,150785,9,Selected largest-prize regular Classic MLB draft group after excluding Turbo/Night/qualifier/satellite/showdown/snake/single-stat slates.,RP,Dylan Dodd (43631761),Dylan Dodd,43631761,P,4000,TEX@ATL 07/19/2026 01:35PM ET,07/19/2026 01:35PM ET,ATL,TEX,home,4.4,689266,Dylan Dodd,mapped,identity_name_team_map,Stable identity seed from old DK-ID map. Pilot join status: matched via normalized_name_team
2026-07-19,2026-07-19T14:40:01.662576+00:00,2026-07-19,DraftKings official lineup CSV,https://www.draftkings.com/lineup/getavailableplayerscsv?contestTypeId=9&draftGroupId=150785,150785,9,Selected largest-prize regular Classic MLB draft group after excluding Turbo/Night/qualifier/satellite/showdown/snake/single-stat slates.,RP,Yosver Zulueta (43631762),Yosver Zulueta,43631762,P,4000,BAL@HOU 07/19/2026 02:10PM ET,07/19/2026 02:10PM ET,BAL,HOU,away,0,,,needs_review_new_player,identity_name_team_map,No reviewed normalized-name/team identity alias; do not auto-guess.
2026-07-19,2026-07-19T14:40:01.662576+00:00,2026-07-19,DraftKings official lineup CSV,https://www.draftkings.com/lineup/getavailableplayerscsv?contestTypeId=9&draftGroupId=150785,150785,9,Selected largest-prize regular Classic MLB draft group after excluding Turbo/Night/qualifier/satellite/showdown/snake/single-stat slates.,RP,Trent Thornton (43631763),Trent Thornton,43631763,P,4000,MIN@CHC 07/19/2026 02:20PM ET,07/19/2026 02:20PM ET,CHC,MIN,home,2.7,663423,Trent Thornton,mapped,identity_name_team_map,Stable identity seed from old DK-ID map. Pilot join status: matched via normalized_name_team
2026-07-19,2026-07-19T14:40:01.662576+00:00,2026-07-19,DraftKings official lineup CSV,https://www.draftkings.com/lineup/getavailableplayerscsv?contestTypeId=9&draftGroupId=150785,150785,9,Selected largest-prize regular Classic MLB draft group after excluding Turbo/Night/qualifier/satellite/showdown/snake/single-stat slates.,RP,Rob Zastryzny (43631764),Rob Zastryzny,43631764,P,4000,MIA@MIL 07/19/2026 02:10PM ET,07/19/2026 02:10PM ET,MIL,MIA,home,0,642239,Rob Zastryzny,mapped,identity_name_team_map,Stable identity seed from old DK-ID map. Pilot join status: matched_people_search_name via mlb_people_search_normalized_name
2026-07-19,2026-07-19T14:40:01.662576+00:00,2026-07-19,DraftKings official lineup CSV,https://www.draftkings.com/lineup/getavailableplayerscsv?contestTypeId=9&draftGroupId=150785,150785,9,Selected largest-prize regular Classic MLB draft group after excluding Turbo/Night/qualifier/satellite/showdown/snake/single-stat slates.,RP,Jason Adam (43631765),Jason Adam,43631765,P,4000,SD@KC 07/19/2026 02:10PM ET,07/19/2026 02:10PM ET,SD,KC,away,2.3,592094,Jason Adam,mapped,identity_name_team_map,Stable identity seed from old DK-ID map. Pilot join status: matched via normalized_name_team
2026-07-19,2026-07-19T14:40:01.662576+00:00,2026-07-19,DraftKings official lineup CSV,https://www.draftkings.com/lineup/getavailableplayerscsv?contestTypeId=9&draftGroupId=150785,150785,9,Selected largest-prize regular Classic MLB draft group after excluding Turbo/Night/qualifier/satellite/showdown/snake/single-stat slates.,RP,Mason Miller (43631766),Mason Miller,43631766,P,4000,SD@KC 07/19/2026 02:10PM ET,07/19/2026 02:10PM ET,SD,KC,away,5.7,695243,Mason Miller,mapped,identity_name_team_map,Stable identity seed from old DK-ID map. Pilot join status: matched via normalized_name_team
2026-07-19,2026-07-19T14:40:01.662576+00:00,2026-07-19,DraftKings official lineup CSV,https://www.draftkings.com/lineup/getavailableplayerscsv?contestTypeId=9&draftGroupId=150785,150785,9,Selected largest-prize regular Classic MLB draft group after excluding Turbo/Night/qualifier/satellite/showdown/snake/single-stat slates.,RP,Yuki Matsui (43631767),Yuki Matsui,43631767,P,4000,SD@KC 07/19/2026 02:10PM ET,07/19/2026 02:10PM ET,SD,KC,away,3.9,673513,Yuki Matsui,mapped,identity_name_team_map,Stable identity seed from old DK-ID map. Pilot join status: matched via normalized_name_team
2026-07-19,2026-07-19T14:40:01.662576+00:00,2026-07-19,DraftKings official lineup CSV,https://www.draftkings.com/lineup/getavailableplayerscsv?contestTypeId=9&draftGroupId=150785,150785,9,Selected largest-prize regular Classic MLB draft group after excluding Turbo/Night/qualifier/satellite/showdown/snake/single-stat slates.,RP,Josh Walker (43631768),Josh Walker,43631768,P,4000,BAL@HOU 07/19/2026 02:10PM ET,07/19/2026 02:10PM ET,BAL,HOU,away,3.5,,,needs_review_new_player,identity_name_team_map,No reviewed normalized-name/team identity alias; do not auto-guess.
2026-07-19,2026-07-19T14:40:01.662576+00:00,2026-07-19,DraftKings official lineup CSV,https://www.draftkings.com/lineup/getavailableplayerscsv?contestTypeId=9&draftGroupId=150785,150785,9,Selected largest-prize regular Classic MLB draft group after excluding Turbo/Night/qualifier/satellite/showdown/snake/single-stat slates.,RP,Austin Pope (43631769),Austin Pope,43631769,P,4000,TEX@ATL 07/19/2026 01:35PM ET,07/19/2026 01:35PM ET,ATL,TEX,home,0,687166,Austin Pope,mapped,identity_name_team_map,Stable identity seed from old DK-ID map. Pilot join status: matched_people_search_name via mlb_people_search_normalized_name
2026-07-19,2026-07-19T14:40:01.662576+00:00,2026-07-19,DraftKings official lineup CSV,https://www.draftkings.com/lineup/getavailableplayerscsv?contestTypeId=9&draftGroupId=150785,150785,9,Selected largest-prize regular Classic MLB draft group after excluding Turbo/Night/qualifier/satellite/showdown/snake/single-stat slates.,RP,Isaac Mattson (43631770),Isaac Mattson,43631770,P,4000,PIT@CLE 07/19/2026 01:40PM ET,07/19/2026 01:40PM ET,PIT,CLE,away,2.1,,,needs_review_new_player,identity_name_team_map,No reviewed normalized-name/team identity alias; do not auto-guess.
2026-07-19,2026-07-19T14:40:01.662576+00:00,2026-07-19,DraftKings official lineup CSV,https://www.draftkings.com/lineup/getavailableplayerscsv?contestTypeId=9&draftGroupId=150785,150785,9,Selected largest-prize regular Classic MLB draft group after excluding Turbo/Night/qualifier/satellite/showdown/snake/single-stat slates.,RP,Erik Sabrowski (43631771),Erik Sabrowski,43631771,P,4000,PIT@CLE 07/19/2026 01:40PM ET,07/19/2026 01:40PM ET,CLE,PIT,home,3.5,,,needs_review_new_player,identity_name_team_map,No reviewed normalized-name/team identity alias; do not auto-guess.
2026-07-19,2026-07-19T14:40:01.662576+00:00,2026-07-19,DraftKings official lineup CSV,https://www.draftkings.com/lineup/getavailableplayerscsv?contestTypeId=9&draftGroupId=150785,150785,9,Selected largest-prize regular Classic MLB draft group after excluding Turbo/Night/qualifier/satellite/showdown/snake/single-stat slates.,RP,Yaramil Hiraldo (43631772),Yaramil Hiraldo,43631772,P,4000,BAL@HOU 07/19/2026 02:10PM ET,07/19/2026 02:10PM ET,BAL,HOU,away,-1.5,,,needs_review_new_player,identity_name_team_map,No reviewed normalized-name/team identity alias; do not auto-guess.
2026-07-19,2026-07-19T14:40:01.662576+00:00,2026-07-19,DraftKings official lineup CSV,https://www.draftkings.com/lineup/getavailableplayerscsv?contestTypeId=9&draftGroupId=150785,150785,9,Selected largest-prize regular Classic MLB draft group after excluding Turbo/Night/qualifier/satellite/showdown/snake/single-stat slates.,RP,Will Dion (43631773),Will Dion,43631773,P,4000,PIT@CLE 07/19/2026 01:40PM ET,07/19/2026 01:40PM ET,CLE,PIT,home,4.1,,,needs_review_new_player,identity_name_team_map,No reviewed normalized-name/team identity alias; do not auto-guess.
2026-07-19,2026-07-19T14:40:01.662576+00:00,2026-07-19,DraftKings official lineup CSV,https://www.draftkings.com/lineup/getavailableplayerscsv?contestTypeId=9&draftGroupId=150785,150785,9,Selected largest-prize regular Classic MLB draft group after excluding Turbo/Night/qualifier/satellite/showdown/snake/single-stat slates.,RP,John King (43631774),John King,43631774,P,4000,MIA@MIL 07/19/2026 02:10PM ET,07/19/2026 02:10PM ET,MIA,MIL,away,3.3,667463,John King,mapped,identity_name_team_map,Proposed from review candidates; basis=exact normalized name + team; role-compatible; statcast_pitcher_2026; confidence=high; sources=statcast_pitcher_2026
2026-07-19,2026-07-19T14:40:01.662576+00:00,2026-07-19,DraftKings official lineup CSV,https://www.draftkings.com/lineup/getavailableplayerscsv?contestTypeId=9&draftGroupId=150785,150785,9,Selected largest-prize regular Classic MLB draft group after excluding Turbo/Night/qualifier/satellite/showdown/snake/single-stat slates.,RP,Andrew Kittredge (43631775),Andrew Kittredge,43631775,P,4000,BAL@HOU 07/19/2026 02:10PM ET,07/19/2026 02:10PM ET,BAL,HOU,away,2.2,,,needs_review_new_player,identity_name_team_map,No reviewed normalized-name/team identity alias; do not auto-guess.
2026-07-19,2026-07-19T14:40:01.662576+00:00,2026-07-19,DraftKings official lineup CSV,https://www.draftkings.com/lineup/getavailableplayerscsv?contestTypeId=9&draftGroupId=150785,150785,9,Selected largest-prize regular Classic MLB draft group after excluding Turbo/Night/qualifier/satellite/showdown/snake/single-stat slates.,RP,Andrew Morris (43631776),Andrew Morris,43631776,P,4000,MIN@CHC 07/19/2026 02:20PM ET,07/19/2026 02:20PM ET,MIN,CHC,away,4,702193,Andrew Morris,mapped,identity_name_team_map,Proposed from review candidates; basis=exact normalized name + team; role-compatible; statcast_pitcher_2026; confidence=high; sources=statcast_pitcher_2026
2026-07-19,2026-07-19T14:40:01.662576+00:00,2026-07-19,DraftKings official lineup CSV,https://www.draftkings.com/lineup/getavailableplayerscsv?contestTypeId=9&draftGroupId=150785,150785,9,Selected largest-prize regular Classic MLB draft group after excluding Turbo/Night/qualifier/satellite/showdown/snake/single-stat slates.,RP,Matt Festa (43631777),Matt Festa,43631777,P,4000,PIT@CLE 07/19/2026 01:40PM ET,07/19/2026 01:40PM ET,CLE,PIT,home,2.6,,,needs_review_new_player,identity_name_team_map,No reviewed normalized-name/team identity alias; do not auto-guess.
2026-07-19,2026-07-19T14:40:01.662576+00:00,2026-07-19,DraftKings official lineup CSV,https://www.draftkings.com/lineup/getavailableplayerscsv?contestTypeId=9&draftGroupId=150785,150785,9,Selected largest-prize regular Classic MLB draft group after excluding Turbo/Night/qualifier/satellite/showdown/snake/single-stat slates.,RP,Nick Mears (43631778),Nick Mears,43631778,P,4000,SD@KC 07/19/2026 02:10PM ET,07/19/2026 02:10PM ET,KC,SD,home,2,683232,Nick Mears,mapped,identity_name_team_map,Stable identity seed from old DK-ID map. Pilot join status: matched via normalized_name_team
2026-07-19,2026-07-19T14:40:01.662576+00:00,2026-07-19,DraftKings official lineup CSV,https://www.draftkings.com/lineup/getavailableplayerscsv?contestTypeId=9&draftGroupId=150785,150785,9,Selected largest-prize regular Classic MLB draft group after excluding Turbo/Night/qualifier/satellite/showdown/snake/single-stat slates.,RP,Orion Kerkering (43631779),Orion Kerkering,43631779,P,4000,NYM@PHI 07/19/2026 01:35PM ET,07/19/2026 01:35PM ET,PHI,NYM,home,3.8,689147,Orion Kerkering,mapped,identity_name_team_map,Stable identity seed from old DK-ID map. Pilot join status: matched via normalized_name_team
2026-07-19,2026-07-19T14:40:01.662576+00:00,2026-07-19,DraftKings official lineup CSV,https://www.draftkings.com/lineup/getavailableplayerscsv?contestTypeId=9&draftGroupId=150785,150785,9,Selected largest-prize regular Classic MLB draft group after excluding Turbo/Night/qualifier/satellite/showdown/snake/single-stat slates.,RP,Tyler Ferguson (43631780),Tyler Ferguson,43631780,P,4000,MIN@CHC 07/19/2026 02:20PM ET,07/19/2026 02:20PM ET,CHC,MIN,home,2.6,621053,Tyler Ferguson,mapped,identity_name_team_map,"Stable identity seed from old DK-ID map. Pilot team mismatch: DK CHC, active MLB list ATH; selected same-name MLBAM."
2026-07-19,2026-07-19T14:40:01.662576+00:00,2026-07-19,DraftKings official lineup CSV,https://www.draftkings.com/lineup/getavailableplayerscsv?contestTypeId=9&draftGroupId=150785,150785,9,Selected largest-prize regular Classic MLB draft group after excluding Turbo/Night/qualifier/satellite/showdown/snake/single-stat slates.,RP,Travis Adams (43631781),Travis Adams,43631781,P,4000,MIN@CHC 07/19/2026 02:20PM ET,07/19/2026 02:20PM ET,MIN,CHC,away,3.7,701519,Travis Adams,mapped,identity_name_team_map,Proposed from review candidates; basis=exact normalized name + team; role-compatible; statcast_pitcher_2026; confidence=high; sources=statcast_pitcher_2026
2026-07-19,2026-07-19T14:40:01.662576+00:00,2026-07-19,DraftKings official lineup CSV,https://www.draftkings.com/lineup/getavailableplayerscsv?contestTypeId=9&draftGroupId=150785,150785,9,Selected largest-prize regular Classic MLB draft group after excluding Turbo/Night/qualifier/satellite/showdown/snake/single-stat slates.,RP,Carter Baumler (43631782),Carter Baumler,43631782,P,4000,TEX@ATL 07/19/2026 01:35PM ET,07/19/2026 01:35PM ET,TEX,ATL,away,3.5,691945,Carter Baumler,mapped,identity_name_team_map,Stable identity seed from old DK-ID map. Pilot join status: matched via normalized_name_team
2026-07-19,2026-07-19T14:40:01.662576+00:00,2026-07-19,DraftKings official lineup CSV,https://www.draftkings.com/lineup/getavailableplayerscsv?contestTypeId=9&draftGroupId=150785,150785,9,Selected largest-prize regular Classic MLB draft group after excluding Turbo/Night/qualifier/satellite/showdown/snake/single-stat slates.,RP,Luis Curvelo (43631783),Luis Curvelo,43631783,P,4000,TEX@ATL 07/19/2026 01:35PM ET,07/19/2026 01:35PM ET,TEX,ATL,away,0.4,681168,Luis Curvelo,mapped,identity_name_team_map,Stable identity seed from old DK-ID map. Pilot join status: matched via normalized_name_team
2026-07-19,2026-07-19T14:40:01.662576+00:00,2026-07-19,DraftKings official lineup CSV,https://www.draftkings.com/lineup/getavailableplayerscsv?contestTypeId=9&draftGroupId=150785,150785,9,Selected largest-prize regular Classic MLB draft group after excluding Turbo/Night/qualifier/satellite/showdown/snake/single-stat slates.,RP,Jared Koenig (43631784),Jared Koenig,43631784,P,4000,MIA@MIL 07/19/2026 02:10PM ET,07/19/2026 02:10PM ET,MIL,MIA,home,0.4,657649,Jared Koenig,mapped,identity_name_team_map,Stable identity seed from old DK-ID map. Pilot join status: matched via normalized_name_team
2026-07-19,2026-07-19T14:40:01.662576+00:00,2026-07-19,DraftKings official lineup CSV,https://www.draftkings.com/lineup/getavailableplayerscsv?contestTypeId=9&draftGroupId=150785,150785,9,Selected largest-prize regular Classic MLB draft group after excluding Turbo/Night/qualifier/satellite/showdown/snake/single-stat slates.,RP,Ryan Rolison (43631785),Ryan Rolison,43631785,P,4000,MIN@CHC 07/19/2026 02:20PM ET,07/19/2026 02:20PM ET,CHC,MIN,home,3.8,669020,Ryan Rolison,mapped,identity_name_team_map,Stable identity seed from old DK-ID map. Pilot join status: matched via normalized_name_team
2026-07-19,2026-07-19T14:40:01.662576+00:00,2026-07-19,DraftKings official lineup CSV,https://www.draftkings.com/lineup/getavailableplayerscsv?contestTypeId=9&draftGroupId=150785,150785,9,Selected largest-prize regular Classic MLB draft group after excluding Turbo/Night/qualifier/satellite/showdown/snake/single-stat slates.,RP,Hunter Gaddis (43631786),Hunter Gaddis,43631786,P,4000,PIT@CLE 07/19/2026 01:40PM ET,07/19/2026 01:40PM ET,CLE,PIT,home,2.4,,,needs_review_new_player,identity_name_team_map,No reviewed normalized-name/team identity alias; do not auto-guess.
2026-07-19,2026-07-19T14:40:01.662576+00:00,2026-07-19,DraftKings official lineup CSV,https://www.draftkings.com/lineup/getavailableplayerscsv?contestTypeId=9&draftGroupId=150785,150785,9,Selected largest-prize regular Classic MLB draft group after excluding Turbo/Night/qualifier/satellite/showdown/snake/single-stat slates.,RP,Jovani Moran (43631787),Jovani Moran,43631787,P,4000,TB@BOS 07/19/2026 01:35PM ET,07/19/2026 01:35PM ET,BOS,TB,home,5.5,,,needs_review_new_player,identity_name_team_map,No reviewed normalized-name/team identity alias; do not auto-guess.
2026-07-19,2026-07-19T14:40:01.662576+00:00,2026-07-19,DraftKings official lineup CSV,https://www.draftkings.com/lineup/getavailableplayerscsv?contestTypeId=9&draftGroupId=150785,150785,9,Selected largest-prize regular Classic MLB draft group after excluding Turbo/Night/qualifier/satellite/showdown/snake/single-stat slates.,RP,Hunter Stratton (43631788),Hunter Stratton,43631788,P,4000,PIT@CLE 07/19/2026 01:40PM ET,07/19/2026 01:40PM ET,PIT,CLE,away,2,676702,Hunter Stratton,needs_review_team_change,identity_name_unique_mlbam,Name maps to one reviewed MLBAM identity but not this DK team; review as team-change/new alias before trusting automation.
2026-07-19,2026-07-19T14:40:01.662576+00:00,2026-07-19,DraftKings official lineup CSV,https://www.draftkings.com/lineup/getavailableplayerscsv?contestTypeId=9&draftGroupId=150785,150785,9,Selected largest-prize regular Classic MLB draft group after excluding Turbo/Night/qualifier/satellite/showdown/snake/single-stat slates.,RP,Ethan Roberts (43631789),Ethan Roberts,43631789,P,4000,MIN@CHC 07/19/2026 02:20PM ET,07/19/2026 02:20PM ET,CHC,MIN,home,1.9,681799,Ethan Roberts,mapped,identity_name_team_map,Stable identity seed from old DK-ID map. Pilot join status: matched via normalized_name_team
2026-07-19,2026-07-19T14:40:01.662576+00:00,2026-07-19,DraftKings official lineup CSV,https://www.draftkings.com/lineup/getavailableplayerscsv?contestTypeId=9&draftGroupId=150785,150785,9,Selected largest-prize regular Classic MLB draft group after excluding Turbo/Night/qualifier/satellite/showdown/snake/single-stat slates.,RP,Alimber Santa (43631790),Alimber Santa,43631790,P,4000,BAL@HOU 07/19/2026 02:10PM ET,07/19/2026 02:10PM ET,HOU,BAL,home,4,695001,Alimber Santa,mapped,identity_name_team_map,Stable identity seed from old DK-ID map. Pilot join status: matched via normalized_name_team
2026-07-19,2026-07-19T14:40:01.662576+00:00,2026-07-19,DraftKings official lineup CSV,https://www.draftkings.com/lineup/getavailableplayerscsv?contestTypeId=9&draftGroupId=150785,150785,9,Selected largest-prize regular Classic MLB draft group after excluding Turbo/Night/qualifier/satellite/showdown/snake/single-stat slates.,RP,Chase Solesky (43631791),Chase Solesky,43631791,P,4000,TB@BOS 07/19/2026 01:35PM ET,07/19/2026 01:35PM ET,TB,BOS,away,6.6,,,needs_review_new_player,identity_name_team_map,No reviewed normalized-name/team identity alias; do not auto-guess.
2026-07-19,2026-07-19T14:40:01.662576+00:00,2026-07-19,DraftKings official lineup CSV,https://www.draftkings.com/lineup/getavailableplayerscsv?contestTypeId=9&draftGroupId=150785,150785,9,Selected largest-prize regular Classic MLB draft group after excluding Turbo/Night/qualifier/satellite/showdown/snake/single-stat slates.,RP,Eli Morgan (43631792),Eli Morgan,43631792,P,4000,SD@KC 07/19/2026 02:10PM ET,07/19/2026 02:10PM ET,KC,SD,home,2,669212,Eli Morgan,mapped,identity_name_team_map,Stable identity seed from old DK-ID map. Pilot join status: matched via normalized_name_team
2026-07-19,2026-07-19T14:40:01.662576+00:00,2026-07-19,DraftKings official lineup CSV,https://www.draftkings.com/lineup/getavailableplayerscsv?contestTypeId=9&draftGroupId=150785,150785,9,Selected largest-prize regular Classic MLB draft group after excluding Turbo/Night/qualifier/satellite/showdown/snake/single-stat slates.,RP,Huascar Brazoban (43631793),Huascar Brazoban,43631793,P,4000,NYM@PHI 07/19/2026 01:35PM ET,07/19/2026 01:35PM ET,NYM,PHI,away,3.8,623211,Huascar Brazobán,mapped,identity_name_team_map,Stable identity seed from old DK-ID map. Pilot join status: matched via normalized_name_team
2026-07-19,2026-07-19T14:40:01.662576+00:00,2026-07-19,DraftKings official lineup CSV,https://www.draftkings.com/lineup/getavailableplayerscsv?contestTypeId=9&draftGroupId=150785,150785,9,Selected largest-prize regular Classic MLB draft group after excluding Turbo/Night/qualifier/satellite/showdown/snake/single-stat slates.,RP,Bryan Hoeing (43631794),Bryan Hoeing,43631794,P,4000,SD@KC 07/19/2026 02:10PM ET,07/19/2026 02:10PM ET,SD,KC,away,0,663773,Bryan Hoeing,mapped,identity_name_team_map,Stable identity seed from old DK-ID map. Pilot join status: matched_people_search_name via mlb_people_search_normalized_name
2026-07-19,2026-07-19T14:40:01.662576+00:00,2026-07-19,DraftKings official lineup CSV,https://www.draftkings.com/lineup/getavailableplayerscsv?contestTypeId=9&draftGroupId=150785,150785,9,Selected largest-prize regular Classic MLB draft group after excluding Turbo/Night/qualifier/satellite/showdown/snake/single-stat slates.,RP,Nolan Hoffman (43631795),Nolan Hoffman,43631795,P,4000,NYM@PHI 07/19/2026 01:35PM ET,07/19/2026 01:35PM ET,PHI,NYM,home,1.7,676510,Nolan Hoffman,mapped,identity_name_team_map,Stable identity seed from old DK-ID map. Pilot join status: matched via normalized_name_team
2026-07-19,2026-07-19T14:40:01.662576+00:00,2026-07-19,DraftKings official lineup CSV,https://www.draftkings.com/lineup/getavailableplayerscsv?contestTypeId=9&draftGroupId=150785,150785,9,Selected largest-prize regular Classic MLB draft group after excluding Turbo/Night/qualifier/satellite/showdown/snake/single-stat slates.,RP,Robert Garcia (43631796),Robert Garcia,43631796,P,4000,TEX@ATL 07/19/2026 01:35PM ET,07/19/2026 01:35PM ET,TEX,ATL,away,1.9,676395,Robert Garcia,mapped,identity_name_team_map,Stable identity seed from old DK-ID map. Pilot join status: matched via normalized_name_team
2026-07-19,2026-07-19T14:40:01.662576+00:00,2026-07-19,DraftKings official lineup CSV,https://www.draftkings.com/lineup/getavailableplayerscsv?contestTypeId=9&draftGroupId=150785,150785,9,Selected largest-prize regular Classic MLB draft group after excluding Turbo/Night/qualifier/satellite/showdown/snake/single-stat slates.,RP,Jose Cuas (43631797),Jose Cuas,43631797,P,4000,SD@KC 07/19/2026 02:10PM ET,07/19/2026 02:10PM ET,KC,SD,home,4.5,,,needs_review_new_player,identity_name_team_map,No reviewed normalized-name/team identity alias; do not auto-guess.
2026-07-19,2026-07-19T14:40:01.662576+00:00,2026-07-19,DraftKings official lineup CSV,https://www.draftkings.com/lineup/getavailableplayerscsv?contestTypeId=9&draftGroupId=150785,150785,9,Selected largest-prize regular Classic MLB draft group after excluding Turbo/Night/qualifier/satellite/showdown/snake/single-stat slates.,RP,Jeremiah Estrada (43631798),Jeremiah Estrada,43631798,P,4000,SD@KC 07/19/2026 02:10PM ET,07/19/2026 02:10PM ET,SD,KC,away,3.4,669093,Jeremiah Estrada,mapped,identity_name_team_map,Stable identity seed from old DK-ID map. Pilot join status: matched via normalized_name_team
2026-07-19,2026-07-19T14:40:01.662576+00:00,2026-07-19,DraftKings official lineup CSV,https://www.draftkings.com/lineup/getavailableplayerscsv?contestTypeId=9&draftGroupId=150785,150785,9,Selected largest-prize regular Classic MLB draft group after excluding Turbo/Night/qualifier/satellite/showdown/snake/single-stat slates.,RP,Aaron Bummer (43631799),Aaron Bummer,43631799,P,4000,TEX@ATL 07/19/2026 01:35PM ET,07/19/2026 01:35PM ET,ATL,TEX,home,1.1,,,needs_review_new_player,identity_name_team_map,No reviewed normalized-name/team identity alias; do not auto-guess.
2026-07-19,2026-07-19T14:40:01.662576+00:00,2026-07-19,DraftKings official lineup CSV,https://www.draftkings.com/lineup/getavailableplayerscsv?contestTypeId=9&draftGroupId=150785,150785,9,Selected largest-prize regular Classic MLB draft group after excluding Turbo/Night/qualifier/satellite/showdown/snake/single-stat slates.,RP,Kevin Kelly (43631800),Kevin Kelly,43631800,P,4000,TB@BOS 07/19/2026 01:35PM ET,07/19/2026 01:35PM ET,TB,BOS,away,3.4,,,needs_review_new_player,identity_name_team_map,No reviewed normalized-name/team identity alias; do not auto-guess.
2026-07-19,2026-07-19T14:40:01.662576+00:00,2026-07-19,DraftKings official lineup CSV,https://www.draftkings.com/lineup/getavailableplayerscsv?contestTypeId=9&draftGroupId=150785,150785,9,Selected largest-prize regular Classic MLB draft group after excluding Turbo/Night/qualifier/satellite/showdown/snake/single-stat slates.,RP,Garrett Whitlock (43631801),Garrett Whitlock,43631801,P,4000,TB@BOS 07/19/2026 01:35PM ET,07/19/2026 01:35PM ET,BOS,TB,home,3.8,,,needs_review_new_player,identity_name_team_map,No reviewed normalized-name/team identity alias; do not auto-guess.
2026-07-19,2026-07-19T14:40:01.662576+00:00,2026-07-19,DraftKings official lineup CSV,https://www.draftkings.com/lineup/getavailableplayerscsv?contestTypeId=9&draftGroupId=150785,150785,9,Selected largest-prize regular Classic MLB draft group after excluding Turbo/Night/qualifier/satellite/showdown/snake/single-stat slates.,RP,Josh White (43631802),Josh White,43631802,P,4000,MIA@MIL 07/19/2026 02:10PM ET,07/19/2026 02:10PM ET,MIA,MIL,away,-10.1,687985,Josh White,mapped,identity_name_team_map,Proposed from review candidates; basis=exact normalized name + team; role-compatible; statcast_pitcher_2026; confidence=high; sources=statcast_pitcher_2026
2026-07-19,2026-07-19T14:40:01.662576+00:00,2026-07-19,DraftKings official lineup CSV,https://www.draftkings.com/lineup/getavailableplayerscsv?contestTypeId=9&draftGroupId=150785,150785,9,Selected largest-prize regular Classic MLB draft group after excluding Turbo/Night/qualifier/satellite/showdown/snake/single-stat slates.,RP,Garrett Stallings (43631803),Garrett Stallings,43631803,P,4000,MIA@MIL 07/19/2026 02:10PM ET,07/19/2026 02:10PM ET,MIL,MIA,home,6.8,,,needs_review_new_player,identity_name_team_map,No reviewed normalized-name/team identity alias; do not auto-guess.
2026-07-19,2026-07-19T14:40:01.662576+00:00,2026-07-19,DraftKings official lineup CSV,https://www.draftkings.com/lineup/getavailableplayerscsv?contestTypeId=9&draftGroupId=150785,150785,9,Selected largest-prize regular Classic MLB draft group after excluding Turbo/Night/qualifier/satellite/showdown/snake/single-stat slates.,RP,Ryan Watson (43631804),Ryan Watson,43631804,P,4000,TB@BOS 07/19/2026 01:35PM ET,07/19/2026 01:35PM ET,BOS,TB,home,3.4,,,needs_review_new_player,identity_name_team_map,No reviewed normalized-name/team identity alias; do not auto-guess.
2026-07-19,2026-07-19T14:40:01.662576+00:00,2026-07-19,DraftKings official lineup CSV,https://www.draftkings.com/lineup/getavailableplayerscsv?contestTypeId=9&draftGroupId=150785,150785,9,Selected largest-prize regular Classic MLB draft group after excluding Turbo/Night/qualifier/satellite/showdown/snake/single-stat slates.,RP,Taylor Rogers (43631805),Taylor Rogers,43631805,P,4000,MIN@CHC 07/19/2026 02:20PM ET,07/19/2026 02:20PM ET,MIN,CHC,away,1.9,573124,Taylor Rogers,mapped,identity_name_team_map,Proposed from review candidates; basis=exact normalized name + team; role-compatible; statcast_pitcher_2026; confidence=high; sources=statcast_pitcher_2026
2026-07-19,2026-07-19T14:40:01.662576+00:00,2026-07-19,DraftKings official lineup CSV,https://www.draftkings.com/lineup/getavailableplayerscsv?contestTypeId=9&draftGroupId=150785,150785,9,Selected largest-prize regular Classic MLB draft group after excluding Turbo/Night/qualifier/satellite/showdown/snake/single-stat slates.,RP,Ben Peoples (43631806),Ben Peoples,43631806,P,4000,TEX@ATL 07/19/2026 01:35PM ET,07/19/2026 01:35PM ET,TEX,ATL,away,3,,,needs_review_new_player,identity_name_team_map,No reviewed normalized-name/team identity alias; do not auto-guess.
2026-07-19,2026-07-19T14:40:01.662576+00:00,2026-07-19,DraftKings official lineup CSV,https://www.draftkings.com/lineup/getavailableplayerscsv?contestTypeId=9&draftGroupId=150785,150785,9,Selected largest-prize regular Classic MLB draft group after excluding Turbo/Night/qualifier/satellite/showdown/snake/single-stat slates.,RP,Adrian Morejon (43631807),Adrian Morejon,43631807,P,4000,SD@KC 07/19/2026 02:10PM ET,07/19/2026 02:10PM ET,SD,KC,away,4.2,670970,Adrian Morejon,mapped,identity_name_team_map,Stable identity seed from old DK-ID map. Pilot join status: matched via normalized_name_team
2026-07-19,2026-07-19T14:40:01.662576+00:00,2026-07-19,DraftKings official lineup CSV,https://www.draftkings.com/lineup/getavailableplayerscsv?contestTypeId=9&draftGroupId=150785,150785,9,Selected largest-prize regular Classic MLB draft group after excluding Turbo/Night/qualifier/satellite/showdown/snake/single-stat slates.,RP,Tanner Banks (43631808),Tanner Banks,43631808,P,4000,NYM@PHI 07/19/2026 01:35PM ET,07/19/2026 01:35PM ET,PHI,NYM,home,1.7,621383,Tanner Banks,mapped,identity_name_team_map,Stable identity seed from old DK-ID map. Pilot join status: matched via normalized_name_team
2026-07-19,2026-07-19T14:40:01.662576+00:00,2026-07-19,DraftKings official lineup CSV,https://www.draftkings.com/lineup/getavailableplayerscsv?contestTypeId=9&draftGroupId=150785,150785,9,Selected largest-prize regular Classic MLB draft group after excluding Turbo/Night/qualifier/satellite/showdown/snake/single-stat slates.,RP,Randy Dobnak (43631809),Randy Dobnak,43631809,P,4000,SD@KC 07/19/2026 02:10PM ET,07/19/2026 02:10PM ET,KC,SD,home,9,,,needs_review_new_player,identity_name_team_map,No reviewed normalized-name/team identity alias; do not auto-guess.
2026-07-19,2026-07-19T14:40:01.662576+00:00,2026-07-19,DraftKings official lineup CSV,https://www.draftkings.com/lineup/getavailableplayerscsv?contestTypeId=9&draftGroupId=150785,150785,9,Selected largest-prize regular Classic MLB draft group after excluding Turbo/Night/qualifier/satellite/showdown/snake/single-stat slates.,RP,John Schreiber (43631810),John Schreiber,43631810,P,4000,SD@KC 07/19/2026 02:10PM ET,07/19/2026 02:10PM ET,KC,SD,home,2,670167,John Schreiber,mapped,identity_name_team_map,Stable identity seed from old DK-ID map. Pilot join status: matched via normalized_name_team
2026-07-19,2026-07-19T14:40:01.662576+00:00,2026-07-19,DraftKings official lineup CSV,https://www.draftkings.com/lineup/getavailableplayerscsv?contestTypeId=9&draftGroupId=150785,150785,9,Selected largest-prize regular Classic MLB draft group after excluding Turbo/Night/qualifier/satellite/showdown/snake/single-stat slates.,RP,Joel Kuhnel (43631811),Joel Kuhnel,43631811,P,4000,MIA@MIL 07/19/2026 02:10PM ET,07/19/2026 02:10PM ET,MIL,MIA,home,1.6,669270,Joel Kuhnel,mapped,identity_name_team_map,Stable identity seed from old DK-ID map. Pilot join status: matched via normalized_name_team
2026-07-19,2026-07-19T14:40:01.662576+00:00,2026-07-19,DraftKings official lineup CSV,https://www.draftkings.com/lineup/getavailableplayerscsv?contestTypeId=9&draftGroupId=150785,150785,9,Selected largest-prize regular Classic MLB draft group after excluding Turbo/Night/qualifier/satellite/showdown/snake/single-stat slates.,RP,Felix Bautista (43631812),Felix Bautista,43631812,P,4000,BAL@HOU 07/19/2026 02:10PM ET,07/19/2026 02:10PM ET,BAL,HOU,away,0,,,needs_review_new_player,identity_name_team_map,No reviewed normalized-name/team identity alias; do not auto-guess.
2026-07-19,2026-07-19T14:40:01.662576+00:00,2026-07-19,DraftKings official lineup CSV,https://www.draftkings.com/lineup/getavailableplayerscsv?contestTypeId=9&draftGroupId=150785,150785,9,Selected largest-prize regular Classic MLB draft group after excluding Turbo/Night/qualifier/satellite/showdown/snake/single-stat slates.,RP,Gavin Collyer (43631813),Gavin Collyer,43631813,P,4000,TEX@ATL 07/19/2026 01:35PM ET,07/19/2026 01:35PM ET,TEX,ATL,away,2.2,686560,Gavin Collyer,mapped,identity_name_team_map,Stable identity seed from old DK-ID map. Pilot join status: matched via normalized_name_team
2026-07-19,2026-07-19T14:40:01.662576+00:00,2026-07-19,DraftKings official lineup CSV,https://www.draftkings.com/lineup/getavailableplayerscsv?contestTypeId=9&draftGroupId=150785,150785,9,Selected largest-prize regular Classic MLB draft group after excluding Turbo/Night/qualifier/satellite/showdown/snake/single-stat slates.,RP,Dennis Santana (43631814),Dennis Santana,43631814,P,4000,PIT@CLE 07/19/2026 01:40PM ET,07/19/2026 01:40PM ET,PIT,CLE,away,1.8,,,needs_review_new_player,identity_name_team_map,No reviewed normalized-name/team identity alias; do not auto-guess.
2026-07-19,2026-07-19T14:40:01.662576+00:00,2026-07-19,DraftKings official lineup CSV,https://www.draftkings.com/lineup/getavailableplayerscsv?contestTypeId=9&draftGroupId=150785,150785,9,Selected largest-prize regular Classic MLB draft group after excluding Turbo/Night/qualifier/satellite/showdown/snake/single-stat slates.,RP,Logan VanWey (43631815),Logan VanWey,43631815,P,4000,BAL@HOU 07/19/2026 02:10PM ET,07/19/2026 02:10PM ET,HOU,BAL,home,4.5,701121,Logan VanWey,mapped,identity_name_team_map,Stable identity seed from old DK-ID map. Pilot join status: matched via normalized_name_team
2026-07-19,2026-07-19T14:40:01.662576+00:00,2026-07-19,DraftKings official lineup CSV,https://www.draftkings.com/lineup/getavailableplayerscsv?contestTypeId=9&draftGroupId=150785,150785,9,Selected largest-prize regular Classic MLB draft group after excluding Turbo/Night/qualifier/satellite/showdown/snake/single-stat slates.,RP,Jack Anderson (43631816),Jack Anderson,43631816,P,4000,MIN@CHC 07/19/2026 02:20PM ET,07/19/2026 02:20PM ET,MIN,CHC,away,6,,,needs_review_new_player,identity_name_team_map,No reviewed normalized-name/team identity alias; do not auto-guess.
2026-07-19,2026-07-19T14:40:01.662576+00:00,2026-07-19,DraftKings official lineup CSV,https://www.draftkings.com/lineup/getavailableplayerscsv?contestTypeId=9&draftGroupId=150785,150785,9,Selected largest-prize regular Classic MLB draft group after excluding Turbo/Night/qualifier/satellite/showdown/snake/single-stat slates.,RP,Chris Devenski (43631817),Chris Devenski,43631817,P,4000,PIT@CLE 07/19/2026 01:40PM ET,07/19/2026 01:40PM ET,PIT,CLE,away,1.4,,,needs_review_new_player,identity_name_team_map,No reviewed normalized-name/team identity alias; do not auto-guess.
2026-07-19,2026-07-19T14:40:01.662576+00:00,2026-07-19,DraftKings official lineup CSV,https://www.draftkings.com/lineup/getavailableplayerscsv?contestTypeId=9&draftGroupId=150785,150785,9,Selected largest-prize regular Classic MLB draft group after excluding Turbo/Night/qualifier/satellite/showdown/snake/single-stat slates.,RP,Kody Funderburk (43631818),Kody Funderburk,43631818,P,4000,MIN@CHC 07/19/2026 02:20PM ET,07/19/2026 02:20PM ET,MIN,CHC,away,1.8,681892,Kody Funderburk,mapped,identity_name_team_map,Proposed from review candidates; basis=exact normalized name + team; role-compatible; statcast_pitcher_2026; confidence=high; sources=statcast_pitcher_2026
2026-07-19,2026-07-19T14:40:01.662576+00:00,2026-07-19,DraftKings official lineup CSV,https://www.draftkings.com/lineup/getavailableplayerscsv?contestTypeId=9&draftGroupId=150785,150785,9,Selected largest-prize regular Classic MLB draft group after excluding Turbo/Night/qualifier/satellite/showdown/snake/single-stat slates.,RP,Brandan Bidois (43631819),Brandan Bidois,43631819,P,4000,PIT@CLE 07/19/2026 01:40PM ET,07/19/2026 01:40PM ET,PIT,CLE,away,2.3,,,needs_review_new_player,identity_name_team_map,No reviewed normalized-name/team identity alias; do not auto-guess.
2026-07-19,2026-07-19T14:40:01.662576+00:00,2026-07-19,DraftKings official lineup CSV,https://www.draftkings.com/lineup/getavailableplayerscsv?contestTypeId=9&draftGroupId=150785,150785,9,Selected largest-prize regular Classic MLB draft group after excluding Turbo/Night/qualifier/satellite/showdown/snake/single-stat slates.,RP,Craig Yoho (43631820),Craig Yoho,43631820,P,4000,MIA@MIL 07/19/2026 02:10PM ET,07/19/2026 02:10PM ET,MIL,MIA,home,4.1,684974,Craig Yoho,mapped,identity_name_team_map,Stable identity seed from old DK-ID map. Pilot join status: matched via normalized_name_team
2026-07-19,2026-07-19T14:40:01.662576+00:00,2026-07-19,DraftKings official lineup CSV,https://www.draftkings.com/lineup/getavailableplayerscsv?contestTypeId=9&draftGroupId=150785,150785,9,Selected largest-prize regular Classic MLB draft group after excluding Turbo/Night/qualifier/satellite/showdown/snake/single-stat slates.,RP,Chris Martin (43631821),Chris Martin,43631821,P,4000,TEX@ATL 07/19/2026 01:35PM ET,07/19/2026 01:35PM ET,TEX,ATL,away,0.5,455119,Chris Martin,mapped,identity_name_team_map,Stable identity seed from old DK-ID map. Pilot join status: matched via normalized_name_team
2026-07-19,2026-07-19T14:40:01.662576+00:00,2026-07-19,DraftKings official lineup CSV,https://www.draftkings.com/lineup/getavailableplayerscsv?contestTypeId=9&draftGroupId=150785,150785,9,Selected largest-prize regular Classic MLB draft group after excluding Turbo/Night/qualifier/satellite/showdown/snake/single-stat slates.,3B,Brooks Lee (43631113),Brooks Lee,43631113,3B,3900,MIN@CHC 07/19/2026 02:20PM ET,07/19/2026 02:20PM ET,MIN,CHC,away,7.1,686797,Brooks Lee,mapped,identity_name_team_map,Proposed from review candidates; basis=exact normalized name + team; role-compatible; hr-distance-latest.json|statcast_batter_des_2026; confidence=high; sources=hr-distance-latest.json|statcast_batter_des_2026
2026-07-19,2026-07-19T14:40:01.662576+00:00,2026-07-19,DraftKings official lineup CSV,https://www.draftkings.com/lineup/getavailableplayerscsv?contestTypeId=9&draftGroupId=150785,150785,9,Selected largest-prize regular Classic MLB draft group after excluding Turbo/Night/qualifier/satellite/showdown/snake/single-stat slates.,2B,Jose Altuve (43631114),Jose Altuve,43631114,2B,3900,BAL@HOU 07/19/2026 02:10PM ET,07/19/2026 02:10PM ET,HOU,BAL,home,6.9,514888,Jose Altuve,mapped,identity_name_team_map,Stable identity seed from old DK-ID map. Pilot join status: matched via normalized_name_team
2026-07-19,2026-07-19T14:40:01.662576+00:00,2026-07-19,DraftKings official lineup CSV,https://www.draftkings.com/lineup/getavailableplayerscsv?contestTypeId=9&draftGroupId=150785,150785,9,Selected largest-prize regular Classic MLB draft group after excluding Turbo/Night/qualifier/satellite/showdown/snake/single-stat slates.,OF,Carson Benge (43631115),Carson Benge,43631115,OF,3900,NYM@PHI 07/19/2026 01:35PM ET,07/19/2026 01:35PM ET,NYM,PHI,away,7.5,701807,Carson Benge,mapped,identity_name_team_map,Stable identity seed from old DK-ID map. Pilot join status: matched via normalized_name_team
2026-07-19,2026-07-19T14:40:01.662576+00:00,2026-07-19,DraftKings official lineup CSV,https://www.draftkings.com/lineup/getavailableplayerscsv?contestTypeId=9&draftGroupId=150785,150785,9,Selected largest-prize regular Classic MLB draft group after excluding Turbo/Night/qualifier/satellite/showdown/snake/single-stat slates.,OF,Esmerlyn Valdez (43631116),Esmerlyn Valdez,43631116,OF,3900,PIT@CLE 07/19/2026 01:40PM ET,07/19/2026 01:40PM ET,PIT,CLE,away,10.4,,,needs_review_new_player,identity_name_team_map,No reviewed normalized-name/team identity alias; do not auto-guess.
2026-07-19,2026-07-19T14:40:01.662576+00:00,2026-07-19,DraftKings official lineup CSV,https://www.draftkings.com/lineup/getavailableplayerscsv?contestTypeId=9&draftGroupId=150785,150785,9,Selected largest-prize regular Classic MLB draft group after excluding Turbo/Night/qualifier/satellite/showdown/snake/single-stat slates.,C,Endy Rodriguez (43631301),Endy Rodriguez,43631301,C,3900,PIT@CLE 07/19/2026 01:40PM ET,07/19/2026 01:40PM ET,PIT,CLE,away,6.8,,,needs_review_new_player,identity_name_team_map,No reviewed normalized-name/team identity alias; do not auto-guess.
2026-07-19,2026-07-19T14:40:01.662576+00:00,2026-07-19,DraftKings official lineup CSV,https://www.draftkings.com/lineup/getavailableplayerscsv?contestTypeId=9&draftGroupId=150785,150785,9,Selected largest-prize regular Classic MLB draft group after excluding Turbo/Night/qualifier/satellite/showdown/snake/single-stat slates.,3B,Isaac Paredes (43631117),Isaac Paredes,43631117,3B,3800,BAL@HOU 07/19/2026 02:10PM ET,07/19/2026 02:10PM ET,HOU,BAL,home,7.1,670623,Isaac Paredes,mapped,identity_name_team_map,Stable identity seed from old DK-ID map. Pilot join status: matched via normalized_name_team
2026-07-19,2026-07-19T14:40:01.662576+00:00,2026-07-19,DraftKings official lineup CSV,https://www.draftkings.com/lineup/getavailableplayerscsv?contestTypeId=9&draftGroupId=150785,150785,9,Selected largest-prize regular Classic MLB draft group after excluding Turbo/Night/qualifier/satellite/showdown/snake/single-stat slates.,2B,Michael Massey (43631118),Michael Massey,43631118,2B,3800,SD@KC 07/19/2026 02:10PM ET,07/19/2026 02:10PM ET,KC,SD,home,5.6,686681,Michael Massey,mapped,identity_name_team_map,Stable identity seed from old DK-ID map. Pilot join status: matched via normalized_name_team
2026-07-19,2026-07-19T14:40:01.662576+00:00,2026-07-19,DraftKings official lineup CSV,https://www.draftkings.com/lineup/getavailableplayerscsv?contestTypeId=9&draftGroupId=150785,150785,9,Selected largest-prize regular Classic MLB draft group after excluding Turbo/Night/qualifier/satellite/showdown/snake/single-stat slates.,C,Victor Caratini (43631119),Victor Caratini,43631119,C,3800,MIN@CHC 07/19/2026 02:20PM ET,07/19/2026 02:20PM ET,MIN,CHC,away,5.8,605170,Víctor Caratini,mapped,identity_name_team_map,Proposed from review candidates; basis=exact normalized name + team; role-compatible; hr-distance-latest.json|statcast_batter_des_2026; confidence=high; sources=hr-distance-latest.json|statcast_batter_des_2026
2026-07-19,2026-07-19T14:40:01.662576+00:00,2026-07-19,DraftKings official lineup CSV,https://www.draftkings.com/lineup/getavailableplayerscsv?contestTypeId=9&draftGroupId=150785,150785,9,Selected largest-prize regular Classic MLB draft group after excluding Turbo/Night/qualifier/satellite/showdown/snake/single-stat slates.,OF,Jarren Duran (43631120),Jarren Duran,43631120,OF,3800,TB@BOS 07/19/2026 01:35PM ET,07/19/2026 01:35PM ET,BOS,TB,home,7.1,,,needs_review_new_player,identity_name_team_map,No reviewed normalized-name/team identity alias; do not auto-guess.
2026-07-19,2026-07-19T14:40:01.662576+00:00,2026-07-19,DraftKings official lineup CSV,https://www.draftkings.com/lineup/getavailableplayerscsv?contestTypeId=9&draftGroupId=150785,150785,9,Selected largest-prize regular Classic MLB draft group after excluding Turbo/Night/qualifier/satellite/showdown/snake/single-stat slates.,2B,Jackson Holliday (43631121),Jackson Holliday,43631121,2B,3700,BAL@HOU 07/19/2026 02:10PM ET,07/19/2026 02:10PM ET,BAL,HOU,away,5.4,,,needs_review_new_player,identity_name_team_map,No reviewed normalized-name/team identity alias; do not auto-guess.
2026-07-19,2026-07-19T14:40:01.662576+00:00,2026-07-19,DraftKings official lineup CSV,https://www.draftkings.com/lineup/getavailableplayerscsv?contestTypeId=9&draftGroupId=150785,150785,9,Selected largest-prize regular Classic MLB draft group after excluding Turbo/Night/qualifier/satellite/showdown/snake/single-stat slates.,C,Francisco Alvarez (43631122),Francisco Alvarez,43631122,C,3700,NYM@PHI 07/19/2026 01:35PM ET,07/19/2026 01:35PM ET,NYM,PHI,away,5.9,682626,Francisco Alvarez,mapped,identity_name_team_map,Stable identity seed from old DK-ID map. Pilot join status: matched via normalized_name_team
2026-07-19,2026-07-19T14:40:01.662576+00:00,2026-07-19,DraftKings official lineup CSV,https://www.draftkings.com/lineup/getavailableplayerscsv?contestTypeId=9&draftGroupId=150785,150785,9,Selected largest-prize regular Classic MLB draft group after excluding Turbo/Night/qualifier/satellite/showdown/snake/single-stat slates.,3B,Austin Riley (43631123),Austin Riley,43631123,3B,3700,TEX@ATL 07/19/2026 01:35PM ET,07/19/2026 01:35PM ET,ATL,TEX,home,6.2,663586,Austin Riley,mapped,identity_name_team_map,Stable identity seed from old DK-ID map. Pilot join status: matched via normalized_name_team
2026-07-19,2026-07-19T14:40:01.662576+00:00,2026-07-19,DraftKings official lineup CSV,https://www.draftkings.com/lineup/getavailableplayerscsv?contestTypeId=9&draftGroupId=150785,150785,9,Selected largest-prize regular Classic MLB draft group after excluding Turbo/Night/qualifier/satellite/showdown/snake/single-stat slates.,1B,Christian Walker (43631124),Christian Walker,43631124,1B,3700,BAL@HOU 07/19/2026 02:10PM ET,07/19/2026 02:10PM ET,HOU,BAL,home,7.5,572233,Christian Walker,mapped,identity_name_team_map,Stable identity seed from old DK-ID map. Pilot join status: matched via normalized_name_team
2026-07-19,2026-07-19T14:40:01.662576+00:00,2026-07-19,DraftKings official lineup CSV,https://www.draftkings.com/lineup/getavailableplayerscsv?contestTypeId=9&draftGroupId=150785,150785,9,Selected largest-prize regular Classic MLB draft group after excluding Turbo/Night/qualifier/satellite/showdown/snake/single-stat slates.,OF,A.J. Ewing (43631125),A.J. Ewing,43631125,OF,3700,NYM@PHI 07/19/2026 01:35PM ET,07/19/2026 01:35PM ET,NYM,PHI,away,7.5,805999,A.J. Ewing,mapped,identity_name_team_map,Stable identity seed from old DK-ID map. Pilot join status: matched via normalized_name_team
2026-07-19,2026-07-19T14:40:01.662576+00:00,2026-07-19,DraftKings official lineup CSV,https://www.draftkings.com/lineup/getavailableplayerscsv?contestTypeId=9&draftGroupId=150785,150785,9,Selected largest-prize regular Classic MLB draft group after excluding Turbo/Night/qualifier/satellite/showdown/snake/single-stat slates.,C,Carson Kelly (43631126),Carson Kelly,43631126,C,3600,MIN@CHC 07/19/2026 02:20PM ET,07/19/2026 02:20PM ET,CHC,MIN,home,6.2,608348,Carson Kelly,mapped,identity_name_team_map,Stable identity seed from old DK-ID map. Pilot join status: matched via normalized_name_team
2026-07-19,2026-07-19T14:40:01.662576+00:00,2026-07-19,DraftKings official lineup CSV,https://www.draftkings.com/lineup/getavailableplayerscsv?contestTypeId=9&draftGroupId=150785,150785,9,Selected largest-prize regular Classic MLB draft group after excluding Turbo/Night/qualifier/satellite/showdown/snake/single-stat slates.,SS,Brayan Rocchio (43631127),Brayan Rocchio,43631127,SS,3600,PIT@CLE 07/19/2026 01:40PM ET,07/19/2026 01:40PM ET,CLE,PIT,home,7,,,needs_review_new_player,identity_name_team_map,No reviewed normalized-name/team identity alias; do not auto-guess.
2026-07-19,2026-07-19T14:40:01.662576+00:00,2026-07-19,DraftKings official lineup CSV,https://www.draftkings.com/lineup/getavailableplayerscsv?contestTypeId=9&draftGroupId=150785,150785,9,Selected largest-prize regular Classic MLB draft group after excluding Turbo/Night/qualifier/satellite/showdown/snake/single-stat slates.,OF,Jake Mangum (43631128),Jake Mangum,43631128,OF,3600,PIT@CLE 07/19/2026 01:40PM ET,07/19/2026 01:40PM ET,PIT,CLE,away,6.4,,,needs_review_new_player,identity_name_team_map,No reviewed normalized-name/team identity alias; do not auto-guess.
2026-07-19,2026-07-19T14:40:01.662576+00:00,2026-07-19,DraftKings official lineup CSV,https://www.draftkings.com/lineup/getavailableplayerscsv?contestTypeId=9&draftGroupId=150785,150785,9,Selected largest-prize regular Classic MLB draft group after excluding Turbo/Night/qualifier/satellite/showdown/snake/single-stat slates.,OF,Brandon Nimmo (43631129),Brandon Nimmo,43631129,OF,3600,TEX@ATL 07/19/2026 01:35PM ET,07/19/2026 01:35PM ET,TEX,ATL,away,7.1,607043,Brandon Nimmo,mapped,identity_name_team_map,Stable identity seed from old DK-ID map. Pilot join status: matched via normalized_name_team
2026-07-19,2026-07-19T14:40:01.662576+00:00,2026-07-19,DraftKings official lineup CSV,https://www.draftkings.com/lineup/getavailableplayerscsv?contestTypeId=9&draftGroupId=150785,150785,9,Selected largest-prize regular Classic MLB draft group after excluding Turbo/Night/qualifier/satellite/showdown/snake/single-stat slates.,OF,Jonny DeLuca (43631130),Jonny DeLuca,43631130,OF,3600,TB@BOS 07/19/2026 01:35PM ET,07/19/2026 01:35PM ET,TB,BOS,away,6.2,,,needs_review_new_player,identity_name_team_map,No reviewed normalized-name/team identity alias; do not auto-guess.
2026-07-19,2026-07-19T14:40:01.662576+00:00,2026-07-19,DraftKings official lineup CSV,https://www.draftkings.com/lineup/getavailableplayerscsv?contestTypeId=9&draftGroupId=150785,150785,9,Selected largest-prize regular Classic MLB draft group after excluding Turbo/Night/qualifier/satellite/showdown/snake/single-stat slates.,1B,Jake Burger (43631131),Jake Burger,43631131,1B,3600,TEX@ATL 07/19/2026 01:35PM ET,07/19/2026 01:35PM ET,TEX,ATL,away,7,669394,Jake Burger,mapped,identity_name_team_map,Stable identity seed from old DK-ID map. Pilot join status: matched via normalized_name_team
2026-07-19,2026-07-19T14:40:01.662576+00:00,2026-07-19,DraftKings official lineup CSV,https://www.draftkings.com/lineup/getavailableplayerscsv?contestTypeId=9&draftGroupId=150785,150785,9,Selected largest-prize regular Classic MLB draft group after excluding Turbo/Night/qualifier/satellite/showdown/snake/single-stat slates.,1B/2B,Romy Gonzalez (43631132),Romy Gonzalez,43631132,1B/2B,3600,TB@BOS 07/19/2026 01:35PM ET,07/19/2026 01:35PM ET,BOS,TB,home,6,,,needs_review_new_player,identity_name_team_map,No reviewed normalized-name/team identity alias; do not auto-guess.
2026-07-19,2026-07-19T14:40:01.662576+00:00,2026-07-19,DraftKings official lineup CSV,https://www.draftkings.com/lineup/getavailableplayerscsv?contestTypeId=9&draftGroupId=150785,150785,9,Selected largest-prize regular Classic MLB draft group after excluding Turbo/Night/qualifier/satellite/showdown/snake/single-stat slates.,OF,Lane Thomas (43631134),Lane Thomas,43631134,OF,3500,SD@KC 07/19/2026 02:10PM ET,07/19/2026 02:10PM ET,KC,SD,home,5.8,657041,Lane Thomas,mapped,identity_name_team_map,Stable identity seed from old DK-ID map. Pilot join status: matched via normalized_name_team
2026-07-19,2026-07-19T14:40:01.662576+00:00,2026-07-19,DraftKings official lineup CSV,https://www.draftkings.com/lineup/getavailableplayerscsv?contestTypeId=9&draftGroupId=150785,150785,9,Selected largest-prize regular Classic MLB draft group after excluding Turbo/Night/qualifier/satellite/showdown/snake/single-stat slates.,2B,Nico Hoerner (43631135),Nico Hoerner,43631135,2B,3500,MIN@CHC 07/19/2026 02:20PM ET,07/19/2026 02:20PM ET,CHC,MIN,home,6.9,663538,Nico Hoerner,mapped,identity_name_team_map,Stable identity seed from old DK-ID map. Pilot join status: matched via normalized_name_team
2026-07-19,2026-07-19T14:40:01.662576+00:00,2026-07-19,DraftKings official lineup CSV,https://www.draftkings.com/lineup/getavailableplayerscsv?contestTypeId=9&draftGroupId=150785,150785,9,Selected largest-prize regular Classic MLB draft group after excluding Turbo/Night/qualifier/satellite/showdown/snake/single-stat slates.,C,Gary Sanchez (43631136),Gary Sanchez,43631136,C,3500,MIA@MIL 07/19/2026 02:10PM ET,07/19/2026 02:10PM ET,MIL,MIA,home,6.3,596142,Gary Sánchez,mapped,identity_name_team_map,Stable identity seed from old DK-ID map. Pilot join status: matched via normalized_name_team
2026-07-19,2026-07-19T14:40:01.662576+00:00,2026-07-19,DraftKings official lineup CSV,https://www.draftkings.com/lineup/getavailableplayerscsv?contestTypeId=9&draftGroupId=150785,150785,9,Selected largest-prize regular Classic MLB draft group after excluding Turbo/Night/qualifier/satellite/showdown/snake/single-stat slates.,3B,Coby Mayo (43631137),Coby Mayo,43631137,3B,3500,BAL@HOU 07/19/2026 02:10PM ET,07/19/2026 02:10PM ET,BAL,HOU,away,5.5,,,needs_review_new_player,identity_name_team_map,No reviewed normalized-name/team identity alias; do not auto-guess.
2026-07-19,2026-07-19T14:40:01.662576+00:00,2026-07-19,DraftKings official lineup CSV,https://www.draftkings.com/lineup/getavailableplayerscsv?contestTypeId=9&draftGroupId=150785,150785,9,Selected largest-prize regular Classic MLB draft group after excluding Turbo/Night/qualifier/satellite/showdown/snake/single-stat slates.,OF,Chandler Simpson (43631138),Chandler Simpson,43631138,OF,3500,TB@BOS 07/19/2026 01:35PM ET,07/19/2026 01:35PM ET,TB,BOS,away,6.5,,,needs_review_new_player,identity_name_team_map,No reviewed normalized-name/team identity alias; do not auto-guess.
2026-07-19,2026-07-19T14:40:01.662576+00:00,2026-07-19,DraftKings official lineup CSV,https://www.draftkings.com/lineup/getavailableplayerscsv?contestTypeId=9&draftGroupId=150785,150785,9,Selected largest-prize regular Classic MLB draft group after excluding Turbo/Night/qualifier/satellite/showdown/snake/single-stat slates.,1B,Royce Lewis (43631139),Royce Lewis,43631139,1B,3500,MIN@CHC 07/19/2026 02:20PM ET,07/19/2026 02:20PM ET,MIN,CHC,away,6.9,668904,Royce Lewis,mapped,identity_name_team_map,Proposed from review candidates; basis=exact normalized name + team; role-compatible; statcast_batter_des_2026; confidence=high; sources=statcast_batter_des_2026
2026-07-19,2026-07-19T14:40:01.662576+00:00,2026-07-19,DraftKings official lineup CSV,https://www.draftkings.com/lineup/getavailableplayerscsv?contestTypeId=9&draftGroupId=150785,150785,9,Selected largest-prize regular Classic MLB draft group after excluding Turbo/Night/qualifier/satellite/showdown/snake/single-stat slates.,OF/SS,Tyler Tolbert (43631140),Tyler Tolbert,43631140,SS/OF,3500,SD@KC 07/19/2026 02:10PM ET,07/19/2026 02:10PM ET,KC,SD,home,5.2,686475,Tyler Tolbert,mapped,identity_name_team_map,Stable identity seed from old DK-ID map. Pilot join status: matched via normalized_name_team
2026-07-19,2026-07-19T14:40:01.662576+00:00,2026-07-19,DraftKings official lineup CSV,https://www.draftkings.com/lineup/getavailableplayerscsv?contestTypeId=9&draftGroupId=150785,150785,9,Selected largest-prize regular Classic MLB draft group after excluding Turbo/Night/qualifier/satellite/showdown/snake/single-stat slates.,3B,Blaze Alexander (43631302),Blaze Alexander,43631302,3B,3500,BAL@HOU 07/19/2026 02:10PM ET,07/19/2026 02:10PM ET,BAL,HOU,away,5.8,,,needs_review_new_player,identity_name_team_map,No reviewed normalized-name/team identity alias; do not auto-guess.
2026-07-19,2026-07-19T14:40:01.662576+00:00,2026-07-19,DraftKings official lineup CSV,https://www.draftkings.com/lineup/getavailableplayerscsv?contestTypeId=9&draftGroupId=150785,150785,9,Selected largest-prize regular Classic MLB draft group after excluding Turbo/Night/qualifier/satellite/showdown/snake/single-stat slates.,SS,Konnor Griffin (43631303),Konnor Griffin,43631303,SS,3500,PIT@CLE 07/19/2026 01:40PM ET,07/19/2026 01:40PM ET,PIT,CLE,away,8.7,,,needs_review_new_player,identity_name_team_map,No reviewed normalized-name/team identity alias; do not auto-guess.
2026-07-19,2026-07-19T14:40:01.662576+00:00,2026-07-19,DraftKings official lineup CSV,https://www.draftkings.com/lineup/getavailableplayerscsv?contestTypeId=9&draftGroupId=150785,150785,9,Selected largest-prize regular Classic MLB draft group after excluding Turbo/Night/qualifier/satellite/showdown/snake/single-stat slates.,C,J.T. Realmuto (43631142),J.T. Realmuto,43631142,C,3400,NYM@PHI 07/19/2026 01:35PM ET,07/19/2026 01:35PM ET,PHI,NYM,home,5.9,592663,J.T. Realmuto,mapped,identity_name_team_map,Stable identity seed from old DK-ID map. Pilot join status: matched via normalized_name_team
2026-07-19,2026-07-19T14:40:01.662576+00:00,2026-07-19,DraftKings official lineup CSV,https://www.draftkings.com/lineup/getavailableplayerscsv?contestTypeId=9&draftGroupId=150785,150785,9,Selected largest-prize regular Classic MLB draft group after excluding Turbo/Night/qualifier/satellite/showdown/snake/single-stat slates.,1B,Andrew Vaughn (43631143),Andrew Vaughn,43631143,1B,3400,MIA@MIL 07/19/2026 02:10PM ET,07/19/2026 02:10PM ET,MIL,MIA,home,5.8,683734,Andrew Vaughn,mapped,identity_name_team_map,Stable identity seed from old DK-ID map. Pilot join status: matched via normalized_name_team
2026-07-19,2026-07-19T14:40:01.662576+00:00,2026-07-19,DraftKings official lineup CSV,https://www.draftkings.com/lineup/getavailableplayerscsv?contestTypeId=9&draftGroupId=150785,150785,9,Selected largest-prize regular Classic MLB draft group after excluding Turbo/Night/qualifier/satellite/showdown/snake/single-stat slates.,OF,Jakob Marsee (43631144),Jakob Marsee,43631144,OF,3400,MIA@MIL 07/19/2026 02:10PM ET,07/19/2026 02:10PM ET,MIA,MIL,away,6.5,805300,Jakob Marsee,mapped,identity_name_team_map,Proposed from review candidates; basis=exact normalized name + team; role-compatible; hr-distance-latest.json|statcast_batter_des_2026; confidence=high; sources=hr-distance-latest.json|statcast_batter_des_2026
2026-07-19,2026-07-19T14:40:01.662576+00:00,2026-07-19,DraftKings official lineup CSV,https://www.draftkings.com/lineup/getavailableplayerscsv?contestTypeId=9&draftGroupId=150785,150785,9,Selected largest-prize regular Classic MLB draft group after excluding Turbo/Night/qualifier/satellite/showdown/snake/single-stat slates.,3B/SS,Ezequiel Duran (43631145),Ezequiel Duran,43631145,3B/SS,3400,TEX@ATL 07/19/2026 01:35PM ET,07/19/2026 01:35PM ET,TEX,ATL,away,7,677649,Ezequiel Duran,mapped,identity_name_team_map,Stable identity seed from old DK-ID map. Pilot join status: matched via normalized_name_team
2026-07-19,2026-07-19T14:40:01.662576+00:00,2026-07-19,DraftKings official lineup CSV,https://www.draftkings.com/lineup/getavailableplayerscsv?contestTypeId=9&draftGroupId=150785,150785,9,Selected largest-prize regular Classic MLB draft group after excluding Turbo/Night/qualifier/satellite/showdown/snake/single-stat slates.,OF,Luke Keaschall (43631147),Luke Keaschall,43631147,OF,3400,MIN@CHC 07/19/2026 02:20PM ET,07/19/2026 02:20PM ET,MIN,CHC,away,6.6,807712,Luke Keaschall,mapped,identity_name_team_map,Proposed from review candidates; basis=exact normalized name + team; role-compatible; hr-distance-latest.json|statcast_batter_des_2026; confidence=high; sources=hr-distance-latest.json|statcast_batter_des_2026
2026-07-19,2026-07-19T14:40:01.662576+00:00,2026-07-19,DraftKings official lineup CSV,https://www.draftkings.com/lineup/getavailableplayerscsv?contestTypeId=9&draftGroupId=150785,150785,9,Selected largest-prize regular Classic MLB draft group after excluding Turbo/Night/qualifier/satellite/showdown/snake/single-stat slates.,2B,Justin Foscue (43631148),Justin Foscue,43631148,2B,3400,TEX@ATL 07/19/2026 01:35PM ET,07/19/2026 01:35PM ET,TEX,ATL,away,5.2,679822,Justin Foscue,mapped,identity_name_team_map,Stable identity seed from old DK-ID map. Pilot join status: matched via normalized_name_team
2026-07-19,2026-07-19T14:40:01.662576+00:00,2026-07-19,DraftKings official lineup CSV,https://www.draftkings.com/lineup/getavailableplayerscsv?contestTypeId=9&draftGroupId=150785,150785,9,Selected largest-prize regular Classic MLB draft group after excluding Turbo/Night/qualifier/satellite/showdown/snake/single-stat slates.,OF,Samad Taylor (43631304),Samad Taylor,43631304,OF,3400,SD@KC 07/19/2026 02:10PM ET,07/19/2026 02:10PM ET,SD,KC,away,7.9,669392,Samad Taylor,mapped,identity_name_team_map,Stable identity seed from old DK-ID map. Pilot join status: matched via normalized_name_team
2026-07-19,2026-07-19T14:40:01.662576+00:00,2026-07-19,DraftKings official lineup CSV,https://www.draftkings.com/lineup/getavailableplayerscsv?contestTypeId=9&draftGroupId=150785,150785,9,Selected largest-prize regular Classic MLB draft group after excluding Turbo/Night/qualifier/satellite/showdown/snake/single-stat slates.,C,Yainer Diaz (43631149),Yainer Diaz,43631149,C,3300,BAL@HOU 07/19/2026 02:10PM ET,07/19/2026 02:10PM ET,HOU,BAL,home,6.3,673237,Yainer Diaz,mapped,identity_name_team_map,Stable identity seed from old DK-ID map. Pilot join status: matched via normalized_name_team
2026-07-19,2026-07-19T14:40:01.662576+00:00,2026-07-19,DraftKings official lineup CSV,https://www.draftkings.com/lineup/getavailableplayerscsv?contestTypeId=9&draftGroupId=150785,150785,9,Selected largest-prize regular Classic MLB draft group after excluding Turbo/Night/qualifier/satellite/showdown/snake/single-stat slates.,1B,Salvador Perez (43631150),Salvador Perez,43631150,1B,3300,SD@KC 07/19/2026 02:10PM ET,07/19/2026 02:10PM ET,KC,SD,home,5.8,521692,Salvador Perez,mapped,identity_name_team_map,Stable identity seed from old DK-ID map. Pilot join status: matched via normalized_name_team
2026-07-19,2026-07-19T14:40:01.662576+00:00,2026-07-19,DraftKings official lineup CSV,https://www.draftkings.com/lineup/getavailableplayerscsv?contestTypeId=9&draftGroupId=150785,150785,9,Selected largest-prize regular Classic MLB draft group after excluding Turbo/Night/qualifier/satellite/showdown/snake/single-stat slates.,SS,Xander Bogaerts (43631151),Xander Bogaerts,43631151,SS,3300,SD@KC 07/19/2026 02:10PM ET,07/19/2026 02:10PM ET,SD,KC,away,6.4,593428,Xander Bogaerts,mapped,identity_name_team_map,Stable identity seed from old DK-ID map. Pilot join status: matched via normalized_name_team
2026-07-19,2026-07-19T14:40:01.662576+00:00,2026-07-19,DraftKings official lineup CSV,https://www.draftkings.com/lineup/getavailableplayerscsv?contestTypeId=9&draftGroupId=150785,150785,9,Selected largest-prize regular Classic MLB draft group after excluding Turbo/Night/qualifier/satellite/showdown/snake/single-stat slates.,OF,Michael Conforto (43631152),Michael Conforto,43631152,OF,3300,MIN@CHC 07/19/2026 02:20PM ET,07/19/2026 02:20PM ET,CHC,MIN,home,4.9,624424,Michael Conforto,mapped,identity_name_team_map,Stable identity seed from old DK-ID map. Pilot join status: matched via normalized_name_team
2026-07-19,2026-07-19T14:40:01.662576+00:00,2026-07-19,DraftKings official lineup CSV,https://www.draftkings.com/lineup/getavailableplayerscsv?contestTypeId=9&draftGroupId=150785,150785,9,Selected largest-prize regular Classic MLB draft group after excluding Turbo/Night/qualifier/satellite/showdown/snake/single-stat slates.,OF,Heriberto Hernandez (43631153),Heriberto Hernandez,43631153,OF,3300,MIA@MIL 07/19/2026 02:10PM ET,07/19/2026 02:10PM ET,MIA,MIL,away,6.7,681715,Heriberto Hernández,mapped,identity_name_team_map,Proposed from review candidates; basis=exact normalized name + team; role-compatible; statcast_batter_des_2026; confidence=high; sources=statcast_batter_des_2026
2026-07-19,2026-07-19T14:40:01.662576+00:00,2026-07-19,DraftKings official lineup CSV,https://www.draftkings.com/lineup/getavailableplayerscsv?contestTypeId=9&draftGroupId=150785,150785,9,Selected largest-prize regular Classic MLB draft group after excluding Turbo/Night/qualifier/satellite/showdown/snake/single-stat slates.,OF,Chase DeLauter (43631154),Chase DeLauter,43631154,OF,3300,PIT@CLE 07/19/2026 01:40PM ET,07/19/2026 01:40PM ET,CLE,PIT,home,7.5,,,needs_review_new_player,identity_name_team_map,No reviewed normalized-name/team identity alias; do not auto-guess.
2026-07-19,2026-07-19T14:40:01.662576+00:00,2026-07-19,DraftKings official lineup CSV,https://www.draftkings.com/lineup/getavailableplayerscsv?contestTypeId=9&draftGroupId=150785,150785,9,Selected largest-prize regular Classic MLB draft group after excluding Turbo/Night/qualifier/satellite/showdown/snake/single-stat slates.,OF,Leody Taveras (43631155),Leody Taveras,43631155,OF,3300,BAL@HOU 07/19/2026 02:10PM ET,07/19/2026 02:10PM ET,BAL,HOU,away,6,,,needs_review_new_player,identity_name_team_map,No reviewed normalized-name/team identity alias; do not auto-guess.
2026-07-19,2026-07-19T14:40:01.662576+00:00,2026-07-19,DraftKings official lineup CSV,https://www.draftkings.com/lineup/getavailableplayerscsv?contestTypeId=9&draftGroupId=150785,150785,9,Selected largest-prize regular Classic MLB draft group after excluding Turbo/Night/qualifier/satellite/showdown/snake/single-stat slates.,1B,Josh Bell (43631156),Josh Bell,43631156,1B,3300,MIN@CHC 07/19/2026 02:20PM ET,07/19/2026 02:20PM ET,MIN,CHC,away,7.1,605137,Josh Bell,mapped,identity_name_team_map,Proposed from review candidates; basis=exact normalized name + team; role-compatible; hr-distance-latest.json|statcast_batter_des_2026; confidence=high; sources=hr-distance-latest.json|statcast_batter_des_2026
2026-07-19,2026-07-19T14:40:01.662576+00:00,2026-07-19,DraftKings official lineup CSV,https://www.draftkings.com/lineup/getavailableplayerscsv?contestTypeId=9&draftGroupId=150785,150785,9,Selected largest-prize regular Classic MLB draft group after excluding Turbo/Night/qualifier/satellite/showdown/snake/single-stat slates.,2B,Anthony Seigler (43631157),Anthony Seigler,43631157,2B,3300,TB@BOS 07/19/2026 01:35PM ET,07/19/2026 01:35PM ET,BOS,TB,home,6.6,,,needs_review_new_player,identity_name_team_map,No reviewed normalized-name/team identity alias; do not auto-guess.
2026-07-19,2026-07-19T14:40:01.662576+00:00,2026-07-19,DraftKings official lineup CSV,https://www.draftkings.com/lineup/getavailableplayerscsv?contestTypeId=9&draftGroupId=150785,150785,9,Selected largest-prize regular Classic MLB draft group after excluding Turbo/Night/qualifier/satellite/showdown/snake/single-stat slates.,3B,Caleb Durbin (43631158),Caleb Durbin,43631158,3B,3300,TB@BOS 07/19/2026 01:35PM ET,07/19/2026 01:35PM ET,BOS,TB,home,6.4,,,needs_review_new_player,identity_name_team_map,No reviewed normalized-name/team identity alias; do not auto-guess.
2026-07-19,2026-07-19T14:40:01.662576+00:00,2026-07-19,DraftKings official lineup CSV,https://www.draftkings.com/lineup/getavailableplayerscsv?contestTypeId=9&draftGroupId=150785,150785,9,Selected largest-prize regular Classic MLB draft group after excluding Turbo/Night/qualifier/satellite/showdown/snake/single-stat slates.,1B/3B,Mark Vientos (43631305),Mark Vientos,43631305,1B/3B,3300,NYM@PHI 07/19/2026 01:35PM ET,07/19/2026 01:35PM ET,NYM,PHI,away,5.4,668901,Mark Vientos,mapped,identity_name_team_map,Stable identity seed from old DK-ID map. Pilot join status: matched via normalized_name_team
2026-07-19,2026-07-19T14:40:01.662576+00:00,2026-07-19,DraftKings official lineup CSV,https://www.draftkings.com/lineup/getavailableplayerscsv?contestTypeId=9&draftGroupId=150785,150785,9,Selected largest-prize regular Classic MLB draft group after excluding Turbo/Night/qualifier/satellite/showdown/snake/single-stat slates.,C,Luis Campusano (43631159),Luis Campusano,43631159,C,3200,SD@KC 07/19/2026 02:10PM ET,07/19/2026 02:10PM ET,SD,KC,away,6.6,669134,Luis Campusano,mapped,identity_name_team_map,Stable identity seed from old DK-ID map. Pilot join status: matched via normalized_name_team
2026-07-19,2026-07-19T14:40:01.662576+00:00,2026-07-19,DraftKings official lineup CSV,https://www.draftkings.com/lineup/getavailableplayerscsv?contestTypeId=9&draftGroupId=150785,150785,9,Selected largest-prize regular Classic MLB draft group after excluding Turbo/Night/qualifier/satellite/showdown/snake/single-stat slates.,1B/OF,Gavin Sheets (43631160),Gavin Sheets,43631160,1B/OF,3200,SD@KC 07/19/2026 02:10PM ET,07/19/2026 02:10PM ET,SD,KC,away,6.2,657757,Gavin Sheets,mapped,identity_name_team_map,Stable identity seed from old DK-ID map. Pilot join status: matched via normalized_name_team
2026-07-19,2026-07-19T14:40:01.662576+00:00,2026-07-19,DraftKings official lineup CSV,https://www.draftkings.com/lineup/getavailableplayerscsv?contestTypeId=9&draftGroupId=150785,150785,9,Selected largest-prize regular Classic MLB draft group after excluding Turbo/Night/qualifier/satellite/showdown/snake/single-stat slates.,OF,Justin Crawford (43631162),Justin Crawford,43631162,OF,3200,NYM@PHI 07/19/2026 01:35PM ET,07/19/2026 01:35PM ET,PHI,NYM,home,5.1,702222,Justin Crawford,mapped,identity_name_team_map,Stable identity seed from old DK-ID map. Pilot join status: matched via normalized_name_team
2026-07-19,2026-07-19T14:40:01.662576+00:00,2026-07-19,DraftKings official lineup CSV,https://www.draftkings.com/lineup/getavailableplayerscsv?contestTypeId=9&draftGroupId=150785,150785,9,Selected largest-prize regular Classic MLB draft group after excluding Turbo/Night/qualifier/satellite/showdown/snake/single-stat slates.,2B,Marcus Semien (43631163),Marcus Semien,43631163,2B,3200,NYM@PHI 07/19/2026 01:35PM ET,07/19/2026 01:35PM ET,NYM,PHI,away,5.8,543760,Marcus Semien,mapped,identity_name_team_map,Stable identity seed from old DK-ID map. Pilot join status: matched via normalized_name_team
2026-07-19,2026-07-19T14:40:01.662576+00:00,2026-07-19,DraftKings official lineup CSV,https://www.draftkings.com/lineup/getavailableplayerscsv?contestTypeId=9&draftGroupId=150785,150785,9,Selected largest-prize regular Classic MLB draft group after excluding Turbo/Night/qualifier/satellite/showdown/snake/single-stat slates.,SS,Cooper Pratt (43631164),Cooper Pratt,43631164,SS,3200,MIA@MIL 07/19/2026 02:10PM ET,07/19/2026 02:10PM ET,MIL,MIA,home,6.3,806198,Cooper Pratt,mapped,identity_name_team_map,Stable identity seed from old DK-ID map. Pilot join status: matched_people_search_name via mlb_people_search_normalized_name
2026-07-19,2026-07-19T14:40:01.662576+00:00,2026-07-19,DraftKings official lineup CSV,https://www.draftkings.com/lineup/getavailableplayerscsv?contestTypeId=9&draftGroupId=150785,150785,9,Selected largest-prize regular Classic MLB draft group after excluding Turbo/Night/qualifier/satellite/showdown/snake/single-stat slates.,OF,Mauricio Dubon (43631165),Mauricio Dubon,43631165,OF,3200,TEX@ATL 07/19/2026 01:35PM ET,07/19/2026 01:35PM ET,ATL,TEX,home,7.1,643289,Mauricio Dubón,mapped,identity_name_team_map,Stable identity seed from old DK-ID map. Pilot join status: matched via normalized_name_team
2026-07-19,2026-07-19T14:40:01.662576+00:00,2026-07-19,DraftKings official lineup CSV,https://www.draftkings.com/lineup/getavailableplayerscsv?contestTypeId=9&draftGroupId=150785,150785,9,Selected largest-prize regular Classic MLB draft group after excluding Turbo/Night/qualifier/satellite/showdown/snake/single-stat slates.,OF,Griffin Conine (43631166),Griffin Conine,43631166,OF,3200,MIA@MIL 07/19/2026 02:10PM ET,07/19/2026 02:10PM ET,MIA,MIL,away,6.9,665052,Griffin Conine,mapped,identity_name_team_map,Proposed from review candidates; basis=exact normalized name + team; role-compatible; statcast_batter_des_2026; confidence=high; sources=statcast_batter_des_2026
2026-07-19,2026-07-19T14:40:01.662576+00:00,2026-07-19,DraftKings official lineup CSV,https://www.draftkings.com/lineup/getavailableplayerscsv?contestTypeId=9&draftGroupId=150785,150785,9,Selected largest-prize regular Classic MLB draft group after excluding Turbo/Night/qualifier/satellite/showdown/snake/single-stat slates.,OF,Ryan Vilade (43631167),Ryan Vilade,43631167,OF,3200,TB@BOS 07/19/2026 01:35PM ET,07/19/2026 01:35PM ET,TB,BOS,away,5.9,,,needs_review_new_player,identity_name_team_map,No reviewed normalized-name/team identity alias; do not auto-guess.
2026-07-19,2026-07-19T14:40:01.662576+00:00,2026-07-19,DraftKings official lineup CSV,https://www.draftkings.com/lineup/getavailableplayerscsv?contestTypeId=9&draftGroupId=150785,150785,9,Selected largest-prize regular Classic MLB draft group after excluding Turbo/Night/qualifier/satellite/showdown/snake/single-stat slates.,OF,Austin Martin (43631168),Austin Martin,43631168,OF,3200,MIN@CHC 07/19/2026 02:20PM ET,07/19/2026 02:20PM ET,MIN,CHC,away,5.2,668885,Austin Martin,mapped,identity_name_team_map,Proposed from review candidates; basis=exact normalized name + team; role-compatible; hr-distance-latest.json|statcast_batter_des_2026; confidence=high; sources=hr-distance-latest.json|statcast_batter_des_2026
2026-07-19,2026-07-19T14:40:01.662576+00:00,2026-07-19,DraftKings official lineup CSV,https://www.draftkings.com/lineup/getavailableplayerscsv?contestTypeId=9&draftGroupId=150785,150785,9,Selected largest-prize regular Classic MLB draft group after excluding Turbo/Night/qualifier/satellite/showdown/snake/single-stat slates.,2B/3B,Sung-Mun Song (43631169),Sung-Mun Song,43631169,2B/3B,3200,SD@KC 07/19/2026 02:10PM ET,07/19/2026 02:10PM ET,SD,KC,away,4.7,823550,Sung-Mun Song,mapped,identity_name_team_map,Stable identity seed from old DK-ID map. Pilot join status: matched via normalized_name_team
2026-07-19,2026-07-19T14:40:01.662576+00:00,2026-07-19,DraftKings official lineup CSV,https://www.draftkings.com/lineup/getavailableplayerscsv?contestTypeId=9&draftGroupId=150785,150785,9,Selected largest-prize regular Classic MLB draft group after excluding Turbo/Night/qualifier/satellite/showdown/snake/single-stat slates.,2B,Jonathan India (43631307),Jonathan India,43631307,2B,3200,SD@KC 07/19/2026 02:10PM ET,07/19/2026 02:10PM ET,KC,SD,home,5.4,663697,Jonathan India,mapped,identity_name_team_map,Stable identity seed from old DK-ID map. Pilot join status: matched via normalized_name_team
2026-07-19,2026-07-19T14:40:01.662576+00:00,2026-07-19,DraftKings official lineup CSV,https://www.draftkings.com/lineup/getavailableplayerscsv?contestTypeId=9&draftGroupId=150785,150785,9,Selected largest-prize regular Classic MLB draft group after excluding Turbo/Night/qualifier/satellite/showdown/snake/single-stat slates.,1B/3B,Connor Norby (43631308),Connor Norby,43631308,1B/3B,3200,MIA@MIL 07/19/2026 02:10PM ET,07/19/2026 02:10PM ET,MIA,MIL,away,5.2,681393,Connor Norby,mapped,identity_name_team_map,Proposed from review candidates; basis=exact normalized name + team; role-compatible; hr-distance-latest.json|statcast_batter_des_2026; confidence=high; sources=hr-distance-latest.json|statcast_batter_des_2026
2026-07-19,2026-07-19T14:40:01.662576+00:00,2026-07-19,DraftKings official lineup CSV,https://www.draftkings.com/lineup/getavailableplayerscsv?contestTypeId=9&draftGroupId=150785,150785,9,Selected largest-prize regular Classic MLB draft group after excluding Turbo/Night/qualifier/satellite/showdown/snake/single-stat slates.,3B/SS,Shay Whitcomb (43631310),Shay Whitcomb,43631310,3B/SS,3200,BAL@HOU 07/19/2026 02:10PM ET,07/19/2026 02:10PM ET,HOU,BAL,home,2.3,694376,Shay Whitcomb,mapped,identity_name_team_map,Stable identity seed from old DK-ID map. Pilot join status: matched via normalized_name_team
2026-07-19,2026-07-19T14:40:01.662576+00:00,2026-07-19,DraftKings official lineup CSV,https://www.draftkings.com/lineup/getavailableplayerscsv?contestTypeId=9&draftGroupId=150785,150785,9,Selected largest-prize regular Classic MLB draft group after excluding Turbo/Night/qualifier/satellite/showdown/snake/single-stat slates.,3B,Nick Loftin (43631171),Nick Loftin,43631171,3B,3100,SD@KC 07/19/2026 02:10PM ET,07/19/2026 02:10PM ET,KC,SD,home,5.9,679845,Nick Loftin,mapped,identity_name_team_map,Stable identity seed from old DK-ID map. Pilot join status: matched via normalized_name_team
2026-07-19,2026-07-19T14:40:01.662576+00:00,2026-07-19,DraftKings official lineup CSV,https://www.draftkings.com/lineup/getavailableplayerscsv?contestTypeId=9&draftGroupId=150785,150785,9,Selected largest-prize regular Classic MLB draft group after excluding Turbo/Night/qualifier/satellite/showdown/snake/single-stat slates.,OF,Esteury Ruiz (43631172),Esteury Ruiz,43631172,OF,3100,MIA@MIL 07/19/2026 02:10PM ET,07/19/2026 02:10PM ET,MIA,MIL,away,5.5,665923,Esteury Ruiz,mapped,identity_name_team_map,Proposed from review candidates; basis=exact normalized name + team; role-compatible; statcast_batter_des_2026; confidence=high; sources=statcast_batter_des_2026
2026-07-19,2026-07-19T14:40:01.662576+00:00,2026-07-19,DraftKings official lineup CSV,https://www.draftkings.com/lineup/getavailableplayerscsv?contestTypeId=9&draftGroupId=150785,150785,9,Selected largest-prize regular Classic MLB draft group after excluding Turbo/Night/qualifier/satellite/showdown/snake/single-stat slates.,1B,Rhys Hoskins (43631173),Rhys Hoskins,43631173,1B,3100,PIT@CLE 07/19/2026 01:40PM ET,07/19/2026 01:40PM ET,CLE,PIT,home,5.4,,,needs_review_new_player,identity_name_team_map,No reviewed normalized-name/team identity alias; do not auto-guess.
2026-07-19,2026-07-19T14:40:01.662576+00:00,2026-07-19,DraftKings official lineup CSV,https://www.draftkings.com/lineup/getavailableplayerscsv?contestTypeId=9&draftGroupId=150785,150785,9,Selected largest-prize regular Classic MLB draft group after excluding Turbo/Night/qualifier/satellite/showdown/snake/single-stat slates.,OF,Cedric Mullins (43631174),Cedric Mullins,43631174,OF,3100,TB@BOS 07/19/2026 01:35PM ET,07/19/2026 01:35PM ET,TB,BOS,away,6.2,,,needs_review_new_player,identity_name_team_map,No reviewed normalized-name/team identity alias; do not auto-guess.
2026-07-19,2026-07-19T14:40:01.662576+00:00,2026-07-19,DraftKings official lineup CSV,https://www.draftkings.com/lineup/getavailableplayerscsv?contestTypeId=9&draftGroupId=150785,150785,9,Selected largest-prize regular Classic MLB draft group after excluding Turbo/Night/qualifier/satellite/showdown/snake/single-stat slates.,OF,Joc Pederson (43631175),Joc Pederson,43631175,OF,3100,TEX@ATL 07/19/2026 01:35PM ET,07/19/2026 01:35PM ET,TEX,ATL,away,6.2,592626,Joc Pederson,mapped,identity_name_team_map,Stable identity seed from old DK-ID map. Pilot join status: matched via normalized_name_team
2026-07-19,2026-07-19T14:40:01.662576+00:00,2026-07-19,DraftKings official lineup CSV,https://www.draftkings.com/lineup/getavailableplayerscsv?contestTypeId=9&draftGroupId=150785,150785,9,Selected largest-prize regular Classic MLB draft group after excluding Turbo/Night/qualifier/satellite/showdown/snake/single-stat slates.,OF,Dylan Beavers (43631176),Dylan Beavers,43631176,OF,3100,BAL@HOU 07/19/2026 02:10PM ET,07/19/2026 02:10PM ET,BAL,HOU,away,5.4,,,needs_review_new_player,identity_name_team_map,No reviewed normalized-name/team identity alias; do not auto-guess.
2026-07-19,2026-07-19T14:40:01.662576+00:00,2026-07-19,DraftKings official lineup CSV,https://www.draftkings.com/lineup/getavailableplayerscsv?contestTypeId=9&draftGroupId=150785,150785,9,Selected largest-prize regular Classic MLB draft group after excluding Turbo/Night/qualifier/satellite/showdown/snake/single-stat slates.,2B/3B,Pedro Ramirez (43631177),Pedro Ramirez,43631177,2B/3B,3100,MIN@CHC 07/19/2026 02:20PM ET,07/19/2026 02:20PM ET,CHC,MIN,home,4.5,699393,Pedro Ramírez,mapped,identity_name_team_map,Stable identity seed from old DK-ID map. Pilot join status: matched via normalized_name_team
2026-07-19,2026-07-19T14:40:01.662576+00:00,2026-07-19,DraftKings official lineup CSV,https://www.draftkings.com/lineup/getavailableplayerscsv?contestTypeId=9&draftGroupId=150785,150785,9,Selected largest-prize regular Classic MLB draft group after excluding Turbo/Night/qualifier/satellite/showdown/snake/single-stat slates.,OF/SS,Ryan Kreidler (43631179),Ryan Kreidler,43631179,SS/OF,3100,MIN@CHC 07/19/2026 02:20PM ET,07/19/2026 02:20PM ET,MIN,CHC,away,5,668952,Ryan Kreidler,mapped,identity_name_team_map,Proposed from review candidates; basis=exact normalized name + team; role-compatible; statcast_batter_des_2026; confidence=high; sources=statcast_batter_des_2026
2026-07-19,2026-07-19T14:40:01.662576+00:00,2026-07-19,DraftKings official lineup CSV,https://www.draftkings.com/lineup/getavailableplayerscsv?contestTypeId=9&draftGroupId=150785,150785,9,Selected largest-prize regular Classic MLB draft group after excluding Turbo/Night/qualifier/satellite/showdown/snake/single-stat slates.,C,Joey Bart (43631181),Joey Bart,43631181,C,3100,TEX@ATL 07/19/2026 01:35PM ET,07/19/2026 01:35PM ET,ATL,TEX,home,4.4,,,needs_review_new_player,identity_name_team_map,No reviewed normalized-name/team identity alias; do not auto-guess.
2026-07-19,2026-07-19T14:40:01.662576+00:00,2026-07-19,DraftKings official lineup CSV,https://www.draftkings.com/lineup/getavailableplayerscsv?contestTypeId=9&draftGroupId=150785,150785,9,Selected largest-prize regular Classic MLB draft group after excluding Turbo/Night/qualifier/satellite/showdown/snake/single-stat slates.,C,Sean Murphy (43631312),Sean Murphy,43631312,C,3100,TEX@ATL 07/19/2026 01:35PM ET,07/19/2026 01:35PM ET,ATL,TEX,home,1.3,669221,Sean Murphy,mapped,identity_name_team_map,Stable identity seed from old DK-ID map. Pilot join status: matched via normalized_name_team
2026-07-19,2026-07-19T14:40:01.662576+00:00,2026-07-19,DraftKings official lineup CSV,https://www.draftkings.com/lineup/getavailableplayerscsv?contestTypeId=9&draftGroupId=150785,150785,9,Selected largest-prize regular Classic MLB draft group after excluding Turbo/Night/qualifier/satellite/showdown/snake/single-stat slates.,3B,David Hamilton (43631313),David Hamilton,43631313,3B,3100,MIA@MIL 07/19/2026 02:10PM ET,07/19/2026 02:10PM ET,MIL,MIA,home,5.6,666152,David Hamilton,mapped,identity_name_team_map,Stable identity seed from old DK-ID map. Pilot join status: matched via normalized_name_team
2026-07-19,2026-07-19T14:40:01.662576+00:00,2026-07-19,DraftKings official lineup CSV,https://www.draftkings.com/lineup/getavailableplayerscsv?contestTypeId=9&draftGroupId=150785,150785,9,Selected largest-prize regular Classic MLB draft group after excluding Turbo/Night/qualifier/satellite/showdown/snake/single-stat slates.,OF,Starling Marte (43631182),Starling Marte,43631182,OF,3000,SD@KC 07/19/2026 02:10PM ET,07/19/2026 02:10PM ET,KC,SD,home,4,516782,Starling Marte,mapped,identity_name_team_map,Stable identity seed from old DK-ID map. Pilot join status: matched via normalized_name_team
2026-07-19,2026-07-19T14:40:01.662576+00:00,2026-07-19,DraftKings official lineup CSV,https://www.draftkings.com/lineup/getavailableplayerscsv?contestTypeId=9&draftGroupId=150785,150785,9,Selected largest-prize regular Classic MLB draft group after excluding Turbo/Night/qualifier/satellite/showdown/snake/single-stat slates.,2B/3B,Jorge Polanco (43631183),Jorge Polanco,43631183,2B/3B,3000,NYM@PHI 07/19/2026 01:35PM ET,07/19/2026 01:35PM ET,NYM,PHI,away,4,593871,Jorge Polanco,mapped,identity_name_team_map,Stable identity seed from old DK-ID map. Pilot join status: matched via normalized_name_team
2026-07-19,2026-07-19T14:40:01.662576+00:00,2026-07-19,DraftKings official lineup CSV,https://www.draftkings.com/lineup/getavailableplayerscsv?contestTypeId=9&draftGroupId=150785,150785,9,Selected largest-prize regular Classic MLB draft group after excluding Turbo/Night/qualifier/satellite/showdown/snake/single-stat slates.,C,Brian Navarreto (43631185),Brian Navarreto,43631185,C,3000,MIA@MIL 07/19/2026 02:10PM ET,07/19/2026 02:10PM ET,MIA,MIL,away,2.3,,,needs_review_new_player,identity_name_team_map,No reviewed normalized-name/team identity alias; do not auto-guess.
2026-07-19,2026-07-19T14:40:01.662576+00:00,2026-07-19,DraftKings official lineup CSV,https://www.draftkings.com/lineup/getavailableplayerscsv?contestTypeId=9&draftGroupId=150785,150785,9,Selected largest-prize regular Classic MLB draft group after excluding Turbo/Night/qualifier/satellite/showdown/snake/single-stat slates.,OF,Sal Frelick (43631186),Sal Frelick,43631186,OF,3000,MIA@MIL 07/19/2026 02:10PM ET,07/19/2026 02:10PM ET,MIL,MIA,home,5.2,686217,Sal Frelick,mapped,identity_name_team_map,Stable identity seed from old DK-ID map. Pilot join status: matched via normalized_name_team
2026-07-19,2026-07-19T14:40:01.662576+00:00,2026-07-19,DraftKings official lineup CSV,https://www.draftkings.com/lineup/getavailableplayerscsv?contestTypeId=9&draftGroupId=150785,150785,9,Selected largest-prize regular Classic MLB draft group after excluding Turbo/Night/qualifier/satellite/showdown/snake/single-stat slates.,OF,Taylor Trammell (43631187),Taylor Trammell,43631187,OF,3000,BAL@HOU 07/19/2026 02:10PM ET,07/19/2026 02:10PM ET,HOU,BAL,home,4.3,666211,Taylor Trammell,mapped,identity_name_team_map,Stable identity seed from old DK-ID map. Pilot join status: matched via normalized_name_team
2026-07-19,2026-07-19T14:40:01.662576+00:00,2026-07-19,DraftKings official lineup CSV,https://www.draftkings.com/lineup/getavailableplayerscsv?contestTypeId=9&draftGroupId=150785,150785,9,Selected largest-prize regular Classic MLB draft group after excluding Turbo/Night/qualifier/satellite/showdown/snake/single-stat slates.,OF,David Fry (43631188),David Fry,43631188,OF,3000,PIT@CLE 07/19/2026 01:40PM ET,07/19/2026 01:40PM ET,CLE,PIT,home,3.6,,,needs_review_new_player,identity_name_team_map,No reviewed normalized-name/team identity alias; do not auto-guess.
2026-07-19,2026-07-19T14:40:01.662576+00:00,2026-07-19,DraftKings official lineup CSV,https://www.draftkings.com/lineup/getavailableplayerscsv?contestTypeId=9&draftGroupId=150785,150785,9,Selected largest-prize regular Classic MLB draft group after excluding Turbo/Night/qualifier/satellite/showdown/snake/single-stat slates.,1B,Ty France (43631189),Ty France,43631189,1B,3000,SD@KC 07/19/2026 02:10PM ET,07/19/2026 02:10PM ET,SD,KC,away,6.3,664034,Ty France,mapped,identity_name_team_map,Stable identity seed from old DK-ID map. Pilot join status: matched via normalized_name_team
2026-07-19,2026-07-19T14:40:01.662576+00:00,2026-07-19,DraftKings official lineup CSV,https://www.draftkings.com/lineup/getavailableplayerscsv?contestTypeId=9&draftGroupId=150785,150785,9,Selected largest-prize regular Classic MLB draft group after excluding Turbo/Night/qualifier/satellite/showdown/snake/single-stat slates.,OF,Masataka Yoshida (43631190),Masataka Yoshida,43631190,OF,3000,TB@BOS 07/19/2026 01:35PM ET,07/19/2026 01:35PM ET,BOS,TB,home,5.4,,,needs_review_new_player,identity_name_team_map,No reviewed normalized-name/team identity alias; do not auto-guess.
2026-07-19,2026-07-19T14:40:01.662576+00:00,2026-07-19,DraftKings official lineup CSV,https://www.draftkings.com/lineup/getavailableplayerscsv?contestTypeId=9&draftGroupId=150785,150785,9,Selected largest-prize regular Classic MLB draft group after excluding Turbo/Night/qualifier/satellite/showdown/snake/single-stat slates.,1B/3B,Christian Encarnacion-Strand (43631191),Christian Encarnacion-Strand,43631191,1B/3B,3000,BAL@HOU 07/19/2026 02:10PM ET,07/19/2026 02:10PM ET,BAL,HOU,away,3,,,needs_review_new_player,identity_name_team_map,No reviewed normalized-name/team identity alias; do not auto-guess.
2026-07-19,2026-07-19T14:40:01.662576+00:00,2026-07-19,DraftKings official lineup CSV,https://www.draftkings.com/lineup/getavailableplayerscsv?contestTypeId=9&draftGroupId=150785,150785,9,Selected largest-prize regular Classic MLB draft group after excluding Turbo/Night/qualifier/satellite/showdown/snake/single-stat slates.,2B/SS,Ben Williamson (43631193),Ben Williamson,43631193,2B/SS,3000,TB@BOS 07/19/2026 01:35PM ET,07/19/2026 01:35PM ET,TB,BOS,away,5.2,,,needs_review_new_player,identity_name_team_map,No reviewed normalized-name/team identity alias; do not auto-guess.
2026-07-19,2026-07-19T14:40:01.662576+00:00,2026-07-19,DraftKings official lineup CSV,https://www.draftkings.com/lineup/getavailableplayerscsv?contestTypeId=9&draftGroupId=150785,150785,9,Selected largest-prize regular Classic MLB draft group after excluding Turbo/Night/qualifier/satellite/showdown/snake/single-stat slates.,OF,John Rave (43631314),John Rave,43631314,OF,3000,SD@KC 07/19/2026 02:10PM ET,07/19/2026 02:10PM ET,KC,SD,home,4.7,670231,John Rave,mapped,identity_name_team_map,Stable identity seed from old DK-ID map. Pilot join status: matched_people_search_name via mlb_people_search_normalized_name
2026-07-19,2026-07-19T14:40:01.662576+00:00,2026-07-19,DraftKings official lineup CSV,https://www.draftkings.com/lineup/getavailableplayerscsv?contestTypeId=9&draftGroupId=150785,150785,9,Selected largest-prize regular Classic MLB draft group after excluding Turbo/Night/qualifier/satellite/showdown/snake/single-stat slates.,OF,Brandon Lockridge (43631315),Brandon Lockridge,43631315,OF,3000,MIA@MIL 07/19/2026 02:10PM ET,07/19/2026 02:10PM ET,MIL,MIA,home,6.1,663604,Brandon Lockridge,mapped,identity_name_team_map,Stable identity seed from old DK-ID map. Pilot join status: matched via normalized_name_team
2026-07-19,2026-07-19T14:40:01.662576+00:00,2026-07-19,DraftKings official lineup CSV,https://www.draftkings.com/lineup/getavailableplayerscsv?contestTypeId=9&draftGroupId=150785,150785,9,Selected largest-prize regular Classic MLB draft group after excluding Turbo/Night/qualifier/satellite/showdown/snake/single-stat slates.,OF,Owen Caissie (43631316),Owen Caissie,43631316,OF,3000,MIA@MIL 07/19/2026 02:10PM ET,07/19/2026 02:10PM ET,MIA,MIL,away,6.1,683357,Owen Caissie,mapped,identity_name_team_map,Proposed from review candidates; basis=exact normalized name + team; role-compatible; statcast_batter_des_2026; confidence=high; sources=statcast_batter_des_2026
2026-07-19,2026-07-19T14:40:01.662576+00:00,2026-07-19,DraftKings official lineup CSV,https://www.draftkings.com/lineup/getavailableplayerscsv?contestTypeId=9&draftGroupId=150785,150785,9,Selected largest-prize regular Classic MLB draft group after excluding Turbo/Night/qualifier/satellite/showdown/snake/single-stat slates.,SS,Trevor Story (43631317),Trevor Story,43631317,SS,3000,TB@BOS 07/19/2026 01:35PM ET,07/19/2026 01:35PM ET,BOS,TB,home,6,,,needs_review_new_player,identity_name_team_map,No reviewed normalized-name/team identity alias; do not auto-guess.
2026-07-19,2026-07-19T14:40:01.662576+00:00,2026-07-19,DraftKings official lineup CSV,https://www.draftkings.com/lineup/getavailableplayerscsv?contestTypeId=9&draftGroupId=150785,150785,9,Selected largest-prize regular Classic MLB draft group after excluding Turbo/Night/qualifier/satellite/showdown/snake/single-stat slates.,C,Agustin Ramirez (43631318),Agustin Ramirez,43631318,C,3000,MIA@MIL 07/19/2026 02:10PM ET,07/19/2026 02:10PM ET,MIA,MIL,away,6.7,682663,Agustín Ramírez,mapped,identity_name_team_map,Proposed from review candidates; basis=exact normalized name + team; role-compatible; statcast_batter_des_2026; confidence=high; sources=statcast_batter_des_2026
2026-07-19,2026-07-19T14:40:01.662576+00:00,2026-07-19,DraftKings official lineup CSV,https://www.draftkings.com/lineup/getavailableplayerscsv?contestTypeId=9&draftGroupId=150785,150785,9,Selected largest-prize regular Classic MLB draft group after excluding Turbo/Night/qualifier/satellite/showdown/snake/single-stat slates.,C,Moises Ballesteros (43631319),Moises Ballesteros,43631319,C,3000,MIN@CHC 07/19/2026 02:20PM ET,07/19/2026 02:20PM ET,CHC,MIN,home,4.7,694208,Moisés Ballesteros,mapped,identity_name_team_map,Stable identity seed from old DK-ID map. Pilot join status: matched via normalized_name_team
2026-07-19,2026-07-19T14:40:01.662576+00:00,2026-07-19,DraftKings official lineup CSV,https://www.draftkings.com/lineup/getavailableplayerscsv?contestTypeId=9&draftGroupId=150785,150785,9,Selected largest-prize regular Classic MLB draft group after excluding Turbo/Night/qualifier/satellite/showdown/snake/single-stat slates.,OF,Jake Meyers (43631320),Jake Meyers,43631320,OF,3000,BAL@HOU 07/19/2026 02:10PM ET,07/19/2026 02:10PM ET,HOU,BAL,home,3.7,676694,Jake Meyers,mapped,identity_name_team_map,Stable identity seed from old DK-ID map. Pilot join status: matched via normalized_name_team
2026-07-19,2026-07-19T14:40:01.662576+00:00,2026-07-19,DraftKings official lineup CSV,https://www.draftkings.com/lineup/getavailableplayerscsv?contestTypeId=9&draftGroupId=150785,150785,9,Selected largest-prize regular Classic MLB draft group after excluding Turbo/Night/qualifier/satellite/showdown/snake/single-stat slates.,OF,Jake Fraley (43631321),Jake Fraley,43631321,OF,3000,TB@BOS 07/19/2026 01:35PM ET,07/19/2026 01:35PM ET,TB,BOS,away,4.9,,,needs_review_new_player,identity_name_team_map,No reviewed normalized-name/team identity alias; do not auto-guess.
2026-07-19,2026-07-19T14:40:01.662576+00:00,2026-07-19,DraftKings official lineup CSV,https://www.draftkings.com/lineup/getavailableplayerscsv?contestTypeId=9&draftGroupId=150785,150785,9,Selected largest-prize regular Classic MLB draft group after excluding Turbo/Night/qualifier/satellite/showdown/snake/single-stat slates.,C,Miguel Amaya (43631195),Miguel Amaya,43631195,C,2900,MIN@CHC 07/19/2026 02:20PM ET,07/19/2026 02:20PM ET,CHC,MIN,home,4.9,665804,Miguel Amaya,mapped,identity_name_team_map,Stable identity seed from old DK-ID map. Pilot join status: matched via normalized_name_team
2026-07-19,2026-07-19T14:40:01.662576+00:00,2026-07-19,DraftKings official lineup CSV,https://www.draftkings.com/lineup/getavailableplayerscsv?contestTypeId=9&draftGroupId=150785,150785,9,Selected largest-prize regular Classic MLB draft group after excluding Turbo/Night/qualifier/satellite/showdown/snake/single-stat slates.,3B,Alec Bohm (43631196),Alec Bohm,43631196,3B,2900,NYM@PHI 07/19/2026 01:35PM ET,07/19/2026 01:35PM ET,PHI,NYM,home,5.9,664761,Alec Bohm,mapped,identity_name_team_map,Stable identity seed from old DK-ID map. Pilot join status: matched via normalized_name_team
2026-07-19,2026-07-19T14:40:01.662576+00:00,2026-07-19,DraftKings official lineup CSV,https://www.draftkings.com/lineup/getavailableplayerscsv?contestTypeId=9&draftGroupId=150785,150785,9,Selected largest-prize regular Classic MLB draft group after excluding Turbo/Night/qualifier/satellite/showdown/snake/single-stat slates.,2B/OF,Tyler Callihan (43631197),Tyler Callihan,43631197,2B/OF,2900,PIT@CLE 07/19/2026 01:40PM ET,07/19/2026 01:40PM ET,PIT,CLE,away,5.5,,,needs_review_new_player,identity_name_team_map,No reviewed normalized-name/team identity alias; do not auto-guess.
2026-07-19,2026-07-19T14:40:01.662576+00:00,2026-07-19,DraftKings official lineup CSV,https://www.draftkings.com/lineup/getavailableplayerscsv?contestTypeId=9&draftGroupId=150785,150785,9,Selected largest-prize regular Classic MLB draft group after excluding Turbo/Night/qualifier/satellite/showdown/snake/single-stat slates.,3B,Javier Sanoja (43631199),Javier Sanoja,43631199,3B,2900,MIA@MIL 07/19/2026 02:10PM ET,07/19/2026 02:10PM ET,MIA,MIL,away,5.2,691594,Javier Sanoja,mapped,identity_name_team_map,Proposed from review candidates; basis=exact normalized name + team; role-compatible; hr-distance-latest.json|statcast_batter_des_2026; confidence=high; sources=hr-distance-latest.json|statcast_batter_des_2026
2026-07-19,2026-07-19T14:40:01.662576+00:00,2026-07-19,DraftKings official lineup CSV,https://www.draftkings.com/lineup/getavailableplayerscsv?contestTypeId=9&draftGroupId=150785,150785,9,Selected largest-prize regular Classic MLB draft group after excluding Turbo/Night/qualifier/satellite/showdown/snake/single-stat slates.,1B/OF,Dominic Smith (43631200),Dominic Smith,43631200,1B/OF,2900,TEX@ATL 07/19/2026 01:35PM ET,07/19/2026 01:35PM ET,ATL,TEX,home,5,642086,Dominic Smith,mapped,identity_name_team_map,Stable identity seed from old DK-ID map. Pilot join status: matched via normalized_name_team
2026-07-19,2026-07-19T14:40:01.662576+00:00,2026-07-19,DraftKings official lineup CSV,https://www.draftkings.com/lineup/getavailableplayerscsv?contestTypeId=9&draftGroupId=150785,150785,9,Selected largest-prize regular Classic MLB draft group after excluding Turbo/Night/qualifier/satellite/showdown/snake/single-stat slates.,OF,LaMonte Wade Jr. (43631202),LaMonte Wade Jr.,43631202,OF,2900,BAL@HOU 07/19/2026 02:10PM ET,07/19/2026 02:10PM ET,HOU,BAL,home,6.8,664774,LaMonte Wade Jr.,mapped,identity_name_team_map,Stable identity seed from old DK-ID map. Pilot join status: matched via normalized_name_team
2026-07-19,2026-07-19T14:40:01.662576+00:00,2026-07-19,DraftKings official lineup CSV,https://www.draftkings.com/lineup/getavailableplayerscsv?contestTypeId=9&draftGroupId=150785,150785,9,Selected largest-prize regular Classic MLB draft group after excluding Turbo/Night/qualifier/satellite/showdown/snake/single-stat slates.,OF,Colton Cowser (43631203),Colton Cowser,43631203,OF,2900,BAL@HOU 07/19/2026 02:10PM ET,07/19/2026 02:10PM ET,BAL,HOU,away,4.4,,,needs_review_new_player,identity_name_team_map,No reviewed normalized-name/team identity alias; do not auto-guess.
2026-07-19,2026-07-19T14:40:01.662576+00:00,2026-07-19,DraftKings official lineup CSV,https://www.draftkings.com/lineup/getavailableplayerscsv?contestTypeId=9&draftGroupId=150785,150785,9,Selected largest-prize regular Classic MLB draft group after excluding Turbo/Night/qualifier/satellite/showdown/snake/single-stat slates.,OF,Marcell Ozuna (43631204),Marcell Ozuna,43631204,OF,2900,PIT@CLE 07/19/2026 01:40PM ET,07/19/2026 01:40PM ET,PIT,CLE,away,5.7,,,needs_review_new_player,identity_name_team_map,No reviewed normalized-name/team identity alias; do not auto-guess.
2026-07-19,2026-07-19T14:40:01.662576+00:00,2026-07-19,DraftKings official lineup CSV,https://www.draftkings.com/lineup/getavailableplayerscsv?contestTypeId=9&draftGroupId=150785,150785,9,Selected largest-prize regular Classic MLB draft group after excluding Turbo/Night/qualifier/satellite/showdown/snake/single-stat slates.,OF,Evan Carter (43631205),Evan Carter,43631205,OF,2900,TEX@ATL 07/19/2026 01:35PM ET,07/19/2026 01:35PM ET,TEX,ATL,away,5.7,694497,Evan Carter,mapped,identity_name_team_map,Stable identity seed from old DK-ID map. Pilot join status: matched via normalized_name_team
2026-07-19,2026-07-19T14:40:01.662576+00:00,2026-07-19,DraftKings official lineup CSV,https://www.draftkings.com/lineup/getavailableplayerscsv?contestTypeId=9&draftGroupId=150785,150785,9,Selected largest-prize regular Classic MLB draft group after excluding Turbo/Night/qualifier/satellite/showdown/snake/single-stat slates.,SS,Jorge Mateo (43631206),Jorge Mateo,43631206,SS,2900,TEX@ATL 07/19/2026 01:35PM ET,07/19/2026 01:35PM ET,ATL,TEX,home,4.3,622761,Jorge Mateo,mapped,identity_name_team_map,Stable identity seed from old DK-ID map. Pilot join status: matched via normalized_name_team
2026-07-19,2026-07-19T14:40:01.662576+00:00,2026-07-19,DraftKings official lineup CSV,https://www.draftkings.com/lineup/getavailableplayerscsv?contestTypeId=9&draftGroupId=150785,150785,9,Selected largest-prize regular Classic MLB draft group after excluding Turbo/Night/qualifier/satellite/showdown/snake/single-stat slates.,C,Elias Diaz (43631207),Elias Diaz,43631207,C,2800,TEX@ATL 07/19/2026 01:35PM ET,07/19/2026 01:35PM ET,TEX,ATL,away,4.4,553869,Elias Díaz,mapped,identity_name_team_map,Stable identity seed from old DK-ID map. Pilot join status: matched via normalized_name_team
2026-07-19,2026-07-19T14:40:01.662576+00:00,2026-07-19,DraftKings official lineup CSV,https://www.draftkings.com/lineup/getavailableplayerscsv?contestTypeId=9&draftGroupId=150785,150785,9,Selected largest-prize regular Classic MLB draft group after excluding Turbo/Night/qualifier/satellite/showdown/snake/single-stat slates.,3B,Gabriel Arias (43631208),Gabriel Arias,43631208,3B,2800,PIT@CLE 07/19/2026 01:40PM ET,07/19/2026 01:40PM ET,CLE,PIT,home,5.2,,,needs_review_new_player,identity_name_team_map,No reviewed normalized-name/team identity alias; do not auto-guess.
2026-07-19,2026-07-19T14:40:01.662576+00:00,2026-07-19,DraftKings official lineup CSV,https://www.draftkings.com/lineup/getavailableplayerscsv?contestTypeId=9&draftGroupId=150785,150785,9,Selected largest-prize regular Classic MLB draft group after excluding Turbo/Night/qualifier/satellite/showdown/snake/single-stat slates.,3B/OF,Miguel Andujar (43631209),Miguel Andujar,43631209,3B/OF,2800,SD@KC 07/19/2026 02:10PM ET,07/19/2026 02:10PM ET,SD,KC,away,5.4,609280,Miguel Andujar,mapped,identity_name_team_map,Stable identity seed from old DK-ID map. Pilot join status: matched via normalized_name_team
2026-07-19,2026-07-19T14:40:01.662576+00:00,2026-07-19,DraftKings official lineup CSV,https://www.draftkings.com/lineup/getavailableplayerscsv?contestTypeId=9&draftGroupId=150785,150785,9,Selected largest-prize regular Classic MLB draft group after excluding Turbo/Night/qualifier/satellite/showdown/snake/single-stat slates.,2B,Richie Palacios (43631211),Richie Palacios,43631211,2B,2800,TB@BOS 07/19/2026 01:35PM ET,07/19/2026 01:35PM ET,TB,BOS,away,5.7,,,needs_review_new_player,identity_name_team_map,No reviewed normalized-name/team identity alias; do not auto-guess.
2026-07-19,2026-07-19T14:40:01.662576+00:00,2026-07-19,DraftKings official lineup CSV,https://www.draftkings.com/lineup/getavailableplayerscsv?contestTypeId=9&draftGroupId=150785,150785,9,Selected largest-prize regular Classic MLB draft group after excluding Turbo/Night/qualifier/satellite/showdown/snake/single-stat slates.,OF,Cam Smith (43631212),Cam Smith,43631212,OF,2800,BAL@HOU 07/19/2026 02:10PM ET,07/19/2026 02:10PM ET,HOU,BAL,home,6,701358,Cam Smith,mapped,identity_name_team_map,Stable identity seed from old DK-ID map. Pilot join status: matched via normalized_name_team
2026-07-19,2026-07-19T14:40:01.662576+00:00,2026-07-19,DraftKings official lineup CSV,https://www.draftkings.com/lineup/getavailableplayerscsv?contestTypeId=9&draftGroupId=150785,150785,9,Selected largest-prize regular Classic MLB draft group after excluding Turbo/Night/qualifier/satellite/showdown/snake/single-stat slates.,OF,Luis Lara (43631213),Luis Lara,43631213,OF,2800,MIA@MIL 07/19/2026 02:10PM ET,07/19/2026 02:10PM ET,MIL,MIA,home,6.1,,,needs_review_new_player,identity_name_team_map,No reviewed normalized-name/team identity alias; do not auto-guess.
2026-07-19,2026-07-19T14:40:01.662576+00:00,2026-07-19,DraftKings official lineup CSV,https://www.draftkings.com/lineup/getavailableplayerscsv?contestTypeId=9&draftGroupId=150785,150785,9,Selected largest-prize regular Classic MLB draft group after excluding Turbo/Night/qualifier/satellite/showdown/snake/single-stat slates.,1B/C,Rafael Flores Jr. (43631214),Rafael Flores Jr.,43631214,C/1B,2800,PIT@CLE 07/19/2026 01:40PM ET,07/19/2026 01:40PM ET,PIT,CLE,away,7.4,,,needs_review_new_player,identity_name_team_map,No reviewed normalized-name/team identity alias; do not auto-guess.
2026-07-19,2026-07-19T14:40:01.662576+00:00,2026-07-19,DraftKings official lineup CSV,https://www.draftkings.com/lineup/getavailableplayerscsv?contestTypeId=9&draftGroupId=150785,150785,9,Selected largest-prize regular Classic MLB draft group after excluding Turbo/Night/qualifier/satellite/showdown/snake/single-stat slates.,2B/OF,Jeremiah Jackson (43631216),Jeremiah Jackson,43631216,2B/OF,2800,BAL@HOU 07/19/2026 02:10PM ET,07/19/2026 02:10PM ET,BAL,HOU,away,5.1,,,needs_review_new_player,identity_name_team_map,No reviewed normalized-name/team identity alias; do not auto-guess.
2026-07-19,2026-07-19T14:40:01.662576+00:00,2026-07-19,DraftKings official lineup CSV,https://www.draftkings.com/lineup/getavailableplayerscsv?contestTypeId=9&draftGroupId=150785,150785,9,Selected largest-prize regular Classic MLB draft group after excluding Turbo/Night/qualifier/satellite/showdown/snake/single-stat slates.,SS,Andruw Monasterio (43631218),Andruw Monasterio,43631218,SS,2800,TB@BOS 07/19/2026 01:35PM ET,07/19/2026 01:35PM ET,BOS,TB,home,4.9,,,needs_review_new_player,identity_name_team_map,No reviewed normalized-name/team identity alias; do not auto-guess.
2026-07-19,2026-07-19T14:40:01.662576+00:00,2026-07-19,DraftKings official lineup CSV,https://www.draftkings.com/lineup/getavailableplayerscsv?contestTypeId=9&draftGroupId=150785,150785,9,Selected largest-prize regular Classic MLB draft group after excluding Turbo/Night/qualifier/satellite/showdown/snake/single-stat slates.,OF,Kyle Isbel (43631322),Kyle Isbel,43631322,OF,2800,SD@KC 07/19/2026 02:10PM ET,07/19/2026 02:10PM ET,KC,SD,home,4.7,664728,Kyle Isbel,mapped,identity_name_team_map,Stable identity seed from old DK-ID map. Pilot join status: matched via normalized_name_team
2026-07-19,2026-07-19T14:40:01.662576+00:00,2026-07-19,DraftKings official lineup CSV,https://www.draftkings.com/lineup/getavailableplayerscsv?contestTypeId=9&draftGroupId=150785,150785,9,Selected largest-prize regular Classic MLB draft group after excluding Turbo/Night/qualifier/satellite/showdown/snake/single-stat slates.,3B,Graham Pauley (43631323),Graham Pauley,43631323,3B,2800,MIA@MIL 07/19/2026 02:10PM ET,07/19/2026 02:10PM ET,MIA,MIL,away,3.5,688363,Graham Pauley,mapped,identity_name_team_map,Proposed from review candidates; basis=exact normalized name + team; role-compatible; statcast_batter_des_2026; confidence=high; sources=statcast_batter_des_2026
2026-07-19,2026-07-19T14:40:01.662576+00:00,2026-07-19,DraftKings official lineup CSV,https://www.draftkings.com/lineup/getavailableplayerscsv?contestTypeId=9&draftGroupId=150785,150785,9,Selected largest-prize regular Classic MLB draft group after excluding Turbo/Night/qualifier/satellite/showdown/snake/single-stat slates.,OF,Victor Mesa Jr. (43631219),Victor Mesa Jr.,43631219,OF,2700,TB@BOS 07/19/2026 01:35PM ET,07/19/2026 01:35PM ET,TB,BOS,away,5.7,,,needs_review_new_player,identity_name_team_map,No reviewed normalized-name/team identity alias; do not auto-guess.
2026-07-19,2026-07-19T14:40:01.662576+00:00,2026-07-19,DraftKings official lineup CSV,https://www.draftkings.com/lineup/getavailableplayerscsv?contestTypeId=9&draftGroupId=150785,150785,9,Selected largest-prize regular Classic MLB draft group after excluding Turbo/Night/qualifier/satellite/showdown/snake/single-stat slates.,OF,Isaac Collins (43631220),Isaac Collins,43631220,OF,2700,SD@KC 07/19/2026 02:10PM ET,07/19/2026 02:10PM ET,KC,SD,home,5.8,686555,Isaac Collins,mapped,identity_name_team_map,Stable identity seed from old DK-ID map. Pilot join status: matched via normalized_name_team
2026-07-19,2026-07-19T14:40:01.662576+00:00,2026-07-19,DraftKings official lineup CSV,https://www.draftkings.com/lineup/getavailableplayerscsv?contestTypeId=9&draftGroupId=150785,150785,9,Selected largest-prize regular Classic MLB draft group after excluding Turbo/Night/qualifier/satellite/showdown/snake/single-stat slates.,C,Joe Mack (43631221),Joe Mack,43631221,C,2700,MIA@MIL 07/19/2026 02:10PM ET,07/19/2026 02:10PM ET,MIA,MIL,away,5.5,691788,Joe Mack,mapped,identity_name_team_map,Proposed from review candidates; basis=exact normalized name + team; role-compatible; statcast_batter_des_2026; confidence=high; sources=statcast_batter_des_2026
2026-07-19,2026-07-19T14:40:01.662576+00:00,2026-07-19,DraftKings official lineup CSV,https://www.draftkings.com/lineup/getavailableplayerscsv?contestTypeId=9&draftGroupId=150785,150785,9,Selected largest-prize regular Classic MLB draft group after excluding Turbo/Night/qualifier/satellite/showdown/snake/single-stat slates.,C,Kyle Higashioka (43631222),Kyle Higashioka,43631222,C,2700,TEX@ATL 07/19/2026 01:35PM ET,07/19/2026 01:35PM ET,TEX,ATL,away,4.9,543309,Kyle Higashioka,mapped,identity_name_team_map,Stable identity seed from old DK-ID map. Pilot join status: matched via normalized_name_team
2026-07-19,2026-07-19T14:40:01.662576+00:00,2026-07-19,DraftKings official lineup CSV,https://www.draftkings.com/lineup/getavailableplayerscsv?contestTypeId=9&draftGroupId=150785,150785,9,Selected largest-prize regular Classic MLB draft group after excluding Turbo/Night/qualifier/satellite/showdown/snake/single-stat slates.,3B,Luis Rengifo (43631223),Luis Rengifo,43631223,3B,2700,SD@KC 07/19/2026 02:10PM ET,07/19/2026 02:10PM ET,SD,KC,away,4.5,650859,Luis Rengifo,needs_review_team_change,identity_name_unique_mlbam,Name maps to one reviewed MLBAM identity but not this DK team; review as team-change/new alias before trusting automation.
2026-07-19,2026-07-19T14:40:01.662576+00:00,2026-07-19,DraftKings official lineup CSV,https://www.draftkings.com/lineup/getavailableplayerscsv?contestTypeId=9&draftGroupId=150785,150785,9,Selected largest-prize regular Classic MLB draft group after excluding Turbo/Night/qualifier/satellite/showdown/snake/single-stat slates.,1B,Kyle Manzardo (43631224),Kyle Manzardo,43631224,1B,2700,PIT@CLE 07/19/2026 01:40PM ET,07/19/2026 01:40PM ET,CLE,PIT,home,5.2,,,needs_review_new_player,identity_name_team_map,No reviewed normalized-name/team identity alias; do not auto-guess.
2026-07-19,2026-07-19T14:40:01.662576+00:00,2026-07-19,DraftKings official lineup CSV,https://www.draftkings.com/lineup/getavailableplayerscsv?contestTypeId=9&draftGroupId=150785,150785,9,Selected largest-prize regular Classic MLB draft group after excluding Turbo/Night/qualifier/satellite/showdown/snake/single-stat slates.,2B/3B,Brett Baty (43631225),Brett Baty,43631225,2B/3B,2700,NYM@PHI 07/19/2026 01:35PM ET,07/19/2026 01:35PM ET,NYM,PHI,away,5.2,683146,Brett Baty,mapped,identity_name_team_map,Stable identity seed from old DK-ID map. Pilot join status: matched via normalized_name_team
2026-07-19,2026-07-19T14:40:01.662576+00:00,2026-07-19,DraftKings official lineup CSV,https://www.draftkings.com/lineup/getavailableplayerscsv?contestTypeId=9&draftGroupId=150785,150785,9,Selected largest-prize regular Classic MLB draft group after excluding Turbo/Night/qualifier/satellite/showdown/snake/single-stat slates.,SS,Tristan Gray (43631227),Tristan Gray,43631227,SS,2700,MIN@CHC 07/19/2026 02:20PM ET,07/19/2026 02:20PM ET,MIN,CHC,away,4.4,656484,Tristan Gray,mapped,identity_name_team_map,Proposed from review candidates; basis=exact normalized name + team; role-compatible; statcast_batter_des_2026; confidence=high; sources=statcast_batter_des_2026
2026-07-19,2026-07-19T14:40:01.662576+00:00,2026-07-19,DraftKings official lineup CSV,https://www.draftkings.com/lineup/getavailableplayerscsv?contestTypeId=9&draftGroupId=150785,150785,9,Selected largest-prize regular Classic MLB draft group after excluding Turbo/Night/qualifier/satellite/showdown/snake/single-stat slates.,OF,Mike Yastrzemski (43631324),Mike Yastrzemski,43631324,OF,2700,TEX@ATL 07/19/2026 01:35PM ET,07/19/2026 01:35PM ET,ATL,TEX,home,4.9,573262,Mike Yastrzemski,mapped,identity_name_team_map,Stable identity seed from old DK-ID map. Pilot join status: matched via normalized_name_team
2026-07-19,2026-07-19T14:40:01.662576+00:00,2026-07-19,DraftKings official lineup CSV,https://www.draftkings.com/lineup/getavailableplayerscsv?contestTypeId=9&draftGroupId=150785,150785,9,Selected largest-prize regular Classic MLB draft group after excluding Turbo/Night/qualifier/satellite/showdown/snake/single-stat slates.,3B,Jose Miranda (43631325),Jose Miranda,43631325,3B,2700,SD@KC 07/19/2026 02:10PM ET,07/19/2026 02:10PM ET,SD,KC,away,0,669304,Jose Miranda,mapped,identity_name_team_map,Stable identity seed from old DK-ID map. Pilot join status: matched_people_search_name via mlb_people_search_normalized_name
2026-07-19,2026-07-19T14:40:01.662576+00:00,2026-07-19,DraftKings official lineup CSV,https://www.draftkings.com/lineup/getavailableplayerscsv?contestTypeId=9&draftGroupId=150785,150785,9,Selected largest-prize regular Classic MLB draft group after excluding Turbo/Night/qualifier/satellite/showdown/snake/single-stat slates.,OF,Nate Eaton (43631326),Nate Eaton,43631326,OF,2700,TB@BOS 07/19/2026 01:35PM ET,07/19/2026 01:35PM ET,BOS,TB,home,4.5,,,needs_review_new_player,identity_name_team_map,No reviewed normalized-name/team identity alias; do not auto-guess.
2026-07-19,2026-07-19T14:40:01.662576+00:00,2026-07-19,DraftKings official lineup CSV,https://www.draftkings.com/lineup/getavailableplayerscsv?contestTypeId=9&draftGroupId=150785,150785,9,Selected largest-prize regular Classic MLB draft group after excluding Turbo/Night/qualifier/satellite/showdown/snake/single-stat slates.,OF,Joey Loperfido (43631327),Joey Loperfido,43631327,OF,2700,BAL@HOU 07/19/2026 02:10PM ET,07/19/2026 02:10PM ET,HOU,BAL,home,4.4,694388,Joey Loperfido,mapped,identity_name_team_map,Stable identity seed from old DK-ID map. Pilot join status: matched via normalized_name_team
2026-07-19,2026-07-19T14:40:01.662576+00:00,2026-07-19,DraftKings official lineup CSV,https://www.draftkings.com/lineup/getavailableplayerscsv?contestTypeId=9&draftGroupId=150785,150785,9,Selected largest-prize regular Classic MLB draft group after excluding Turbo/Night/qualifier/satellite/showdown/snake/single-stat slates.,C,Danny Jansen (43631328),Danny Jansen,43631328,C,2700,TEX@ATL 07/19/2026 01:35PM ET,07/19/2026 01:35PM ET,TEX,ATL,away,4.6,643376,Danny Jansen,mapped,identity_name_team_map,Stable identity seed from old DK-ID map. Pilot join status: matched via normalized_name_team
2026-07-19,2026-07-19T14:40:01.662576+00:00,2026-07-19,DraftKings official lineup CSV,https://www.draftkings.com/lineup/getavailableplayerscsv?contestTypeId=9&draftGroupId=150785,150785,9,Selected largest-prize regular Classic MLB draft group after excluding Turbo/Night/qualifier/satellite/showdown/snake/single-stat slates.,OF,Matt Wallner (43631329),Matt Wallner,43631329,OF,2700,MIN@CHC 07/19/2026 02:20PM ET,07/19/2026 02:20PM ET,MIN,CHC,away,5.1,670242,Matt Wallner,mapped,identity_name_team_map,Proposed from review candidates; basis=exact normalized name + team; role-compatible; statcast_batter_des_2026; confidence=high; sources=statcast_batter_des_2026
2026-07-19,2026-07-19T14:40:01.662576+00:00,2026-07-19,DraftKings official lineup CSV,https://www.draftkings.com/lineup/getavailableplayerscsv?contestTypeId=9&draftGroupId=150785,150785,9,Selected largest-prize regular Classic MLB draft group after excluding Turbo/Night/qualifier/satellite/showdown/snake/single-stat slates.,C,Rafael Marchan (43631228),Rafael Marchan,43631228,C,2600,NYM@PHI 07/19/2026 01:35PM ET,07/19/2026 01:35PM ET,PHI,NYM,home,2.3,665561,Rafael Marchán,mapped,identity_name_team_map,Stable identity seed from old DK-ID map. Pilot join status: matched via normalized_name_team
2026-07-19,2026-07-19T14:40:01.662576+00:00,2026-07-19,DraftKings official lineup CSV,https://www.draftkings.com/lineup/getavailableplayerscsv?contestTypeId=9&draftGroupId=150785,150785,9,Selected largest-prize regular Classic MLB draft group after excluding Turbo/Night/qualifier/satellite/showdown/snake/single-stat slates.,C,Christian Vazquez (43631229),Christian Vazquez,43631229,C,2600,BAL@HOU 07/19/2026 02:10PM ET,07/19/2026 02:10PM ET,HOU,BAL,home,4.5,543877,Christian Vázquez,mapped,identity_name_team_map,Stable identity seed from old DK-ID map. Pilot join status: matched via normalized_name_team
2026-07-19,2026-07-19T14:40:01.662576+00:00,2026-07-19,DraftKings official lineup CSV,https://www.draftkings.com/lineup/getavailableplayerscsv?contestTypeId=9&draftGroupId=150785,150785,9,Selected largest-prize regular Classic MLB draft group after excluding Turbo/Night/qualifier/satellite/showdown/snake/single-stat slates.,3B,Leo Jimenez (43631230),Leo Jimenez,43631230,3B,2600,MIA@MIL 07/19/2026 02:10PM ET,07/19/2026 02:10PM ET,MIA,MIL,away,4.2,677870,Leo Jiménez,mapped,identity_name_team_map,Proposed from review candidates; basis=exact normalized name + team; role-compatible; statcast_batter_des_2026; confidence=high; sources=statcast_batter_des_2026
2026-07-19,2026-07-19T14:40:01.662576+00:00,2026-07-19,DraftKings official lineup CSV,https://www.draftkings.com/lineup/getavailableplayerscsv?contestTypeId=9&draftGroupId=150785,150785,9,Selected largest-prize regular Classic MLB draft group after excluding Turbo/Night/qualifier/satellite/showdown/snake/single-stat slates.,1B/2B,Jake Cronenworth (43631231),Jake Cronenworth,43631231,1B/2B,2600,SD@KC 07/19/2026 02:10PM ET,07/19/2026 02:10PM ET,SD,KC,away,4.8,630105,Jake Cronenworth,mapped,identity_name_team_map,Stable identity seed from old DK-ID map. Pilot join status: matched via normalized_name_team
2026-07-19,2026-07-19T14:40:01.662576+00:00,2026-07-19,DraftKings official lineup CSV,https://www.draftkings.com/lineup/getavailableplayerscsv?contestTypeId=9&draftGroupId=150785,150785,9,Selected largest-prize regular Classic MLB draft group after excluding Turbo/Night/qualifier/satellite/showdown/snake/single-stat slates.,OF/SS,Edmundo Sosa (43631233),Edmundo Sosa,43631233,SS/OF,2600,NYM@PHI 07/19/2026 01:35PM ET,07/19/2026 01:35PM ET,PHI,NYM,home,5.1,624641,Edmundo Sosa,mapped,identity_name_team_map,Stable identity seed from old DK-ID map. Pilot join status: matched via normalized_name_team
2026-07-19,2026-07-19T14:40:01.662576+00:00,2026-07-19,DraftKings official lineup CSV,https://www.draftkings.com/lineup/getavailableplayerscsv?contestTypeId=9&draftGroupId=150785,150785,9,Selected largest-prize regular Classic MLB draft group after excluding Turbo/Night/qualifier/satellite/showdown/snake/single-stat slates.,OF,Eli White (43631235),Eli White,43631235,OF,2600,TEX@ATL 07/19/2026 01:35PM ET,07/19/2026 01:35PM ET,ATL,TEX,home,4.3,642201,Eli White,mapped,identity_name_team_map,Stable identity seed from old DK-ID map. Pilot join status: matched via normalized_name_team
2026-07-19,2026-07-19T14:40:01.662576+00:00,2026-07-19,DraftKings official lineup CSV,https://www.draftkings.com/lineup/getavailableplayerscsv?contestTypeId=9&draftGroupId=150785,150785,9,Selected largest-prize regular Classic MLB draft group after excluding Turbo/Night/qualifier/satellite/showdown/snake/single-stat slates.,OF,Steven Kwan (43631236),Steven Kwan,43631236,OF,2600,PIT@CLE 07/19/2026 01:40PM ET,07/19/2026 01:40PM ET,CLE,PIT,home,5.5,,,needs_review_new_player,identity_name_team_map,No reviewed normalized-name/team identity alias; do not auto-guess.
2026-07-19,2026-07-19T14:40:01.662576+00:00,2026-07-19,DraftKings official lineup CSV,https://www.draftkings.com/lineup/getavailableplayerscsv?contestTypeId=9&draftGroupId=150785,150785,9,Selected largest-prize regular Classic MLB draft group after excluding Turbo/Night/qualifier/satellite/showdown/snake/single-stat slates.,3B/SS,Joey Ortiz (43631237),Joey Ortiz,43631237,3B/SS,2600,MIA@MIL 07/19/2026 02:10PM ET,07/19/2026 02:10PM ET,MIL,MIA,home,4.4,687401,Joey Ortiz,mapped,identity_name_team_map,Stable identity seed from old DK-ID map. Pilot join status: matched via normalized_name_team
2026-07-19,2026-07-19T14:40:01.662576+00:00,2026-07-19,DraftKings official lineup CSV,https://www.draftkings.com/lineup/getavailableplayerscsv?contestTypeId=9&draftGroupId=150785,150785,9,Selected largest-prize regular Classic MLB draft group after excluding Turbo/Night/qualifier/satellite/showdown/snake/single-stat slates.,C,Mickey Gasper (43631330),Mickey Gasper,43631330,C,2600,TB@BOS 07/19/2026 01:35PM ET,07/19/2026 01:35PM ET,BOS,TB,home,4.4,,,needs_review_new_player,identity_name_team_map,No reviewed normalized-name/team identity alias; do not auto-guess.
2026-07-19,2026-07-19T14:40:01.662576+00:00,2026-07-19,DraftKings official lineup CSV,https://www.draftkings.com/lineup/getavailableplayerscsv?contestTypeId=9&draftGroupId=150785,150785,9,Selected largest-prize regular Classic MLB draft group after excluding Turbo/Night/qualifier/satellite/showdown/snake/single-stat slates.,C,Austin Hedges (43631239),Austin Hedges,43631239,C,2500,PIT@CLE 07/19/2026 01:40PM ET,07/19/2026 01:40PM ET,CLE,PIT,home,4.7,,,needs_review_new_player,identity_name_team_map,No reviewed normalized-name/team identity alias; do not auto-guess.
2026-07-19,2026-07-19T14:40:01.662576+00:00,2026-07-19,DraftKings official lineup CSV,https://www.draftkings.com/lineup/getavailableplayerscsv?contestTypeId=9&draftGroupId=150785,150785,9,Selected largest-prize regular Classic MLB draft group after excluding Turbo/Night/qualifier/satellite/showdown/snake/single-stat slates.,2B/SS,Nicky Lopez (43631240),Nicky Lopez,43631240,2B/SS,2500,TEX@ATL 07/19/2026 01:35PM ET,07/19/2026 01:35PM ET,TEX,ATL,away,4.7,670032,Nicky Lopez,mapped,identity_name_team_map,Stable identity seed from old DK-ID map. Pilot join status: matched via normalized_name_team
2026-07-19,2026-07-19T14:40:01.662576+00:00,2026-07-19,DraftKings official lineup CSV,https://www.draftkings.com/lineup/getavailableplayerscsv?contestTypeId=9&draftGroupId=150785,150785,9,Selected largest-prize regular Classic MLB draft group after excluding Turbo/Night/qualifier/satellite/showdown/snake/single-stat slates.,1B,Jacob Gonzalez (43631242),Jacob Gonzalez,43631242,1B,2500,PIT@CLE 07/19/2026 01:40PM ET,07/19/2026 01:40PM ET,PIT,CLE,away,5.5,694378,Jacob Gonzalez,needs_review_team_change,identity_name_unique_mlbam,Name maps to one reviewed MLBAM identity but not this DK team; review as team-change/new alias before trusting automation.
2026-07-19,2026-07-19T14:40:01.662576+00:00,2026-07-19,DraftKings official lineup CSV,https://www.draftkings.com/lineup/getavailableplayerscsv?contestTypeId=9&draftGroupId=150785,150785,9,Selected largest-prize regular Classic MLB draft group after excluding Turbo/Night/qualifier/satellite/showdown/snake/single-stat slates.,C,Henry Davis (43631243),Henry Davis,43631243,C,2500,PIT@CLE 07/19/2026 01:40PM ET,07/19/2026 01:40PM ET,PIT,CLE,away,4.9,,,needs_review_new_player,identity_name_team_map,No reviewed normalized-name/team identity alias; do not auto-guess.
2026-07-19,2026-07-19T14:40:01.662576+00:00,2026-07-19,DraftKings official lineup CSV,https://www.draftkings.com/lineup/getavailableplayerscsv?contestTypeId=9&draftGroupId=150785,150785,9,Selected largest-prize regular Classic MLB draft group after excluding Turbo/Night/qualifier/satellite/showdown/snake/single-stat slates.,OF,Gabriel Rincones Jr. (43631244),Gabriel Rincones Jr.,43631244,OF,2500,NYM@PHI 07/19/2026 01:35PM ET,07/19/2026 01:35PM ET,PHI,NYM,home,4,687282,Gabriel Rincones Jr.,mapped,identity_name_team_map,Stable identity seed from old DK-ID map. Pilot join status: matched_people_search_name via mlb_people_search_normalized_name
2026-07-19,2026-07-19T14:40:01.662576+00:00,2026-07-19,DraftKings official lineup CSV,https://www.draftkings.com/lineup/getavailableplayerscsv?contestTypeId=9&draftGroupId=150785,150785,9,Selected largest-prize regular Classic MLB draft group after excluding Turbo/Night/qualifier/satellite/showdown/snake/single-stat slates.,OF,Brewer Hicklen (43631245),Brewer Hicklen,43631245,OF,2500,TEX@ATL 07/19/2026 01:35PM ET,07/19/2026 01:35PM ET,ATL,TEX,home,10.5,,,needs_review_new_player,identity_name_team_map,No reviewed normalized-name/team identity alias; do not auto-guess.
2026-07-19,2026-07-19T14:40:01.662576+00:00,2026-07-19,DraftKings official lineup CSV,https://www.draftkings.com/lineup/getavailableplayerscsv?contestTypeId=9&draftGroupId=150785,150785,9,Selected largest-prize regular Classic MLB draft group after excluding Turbo/Night/qualifier/satellite/showdown/snake/single-stat slates.,OF,Kahlil Watson (43631246),Kahlil Watson,43631246,OF,2500,PIT@CLE 07/19/2026 01:40PM ET,07/19/2026 01:40PM ET,CLE,PIT,home,6.2,,,needs_review_new_player,identity_name_team_map,No reviewed normalized-name/team identity alias; do not auto-guess.
2026-07-19,2026-07-19T14:40:01.662576+00:00,2026-07-19,DraftKings official lineup CSV,https://www.draftkings.com/lineup/getavailableplayerscsv?contestTypeId=9&draftGroupId=150785,150785,9,Selected largest-prize regular Classic MLB draft group after excluding Turbo/Night/qualifier/satellite/showdown/snake/single-stat slates.,OF,Alejandro Osuna (43631247),Alejandro Osuna,43631247,OF,2500,TEX@ATL 07/19/2026 01:35PM ET,07/19/2026 01:35PM ET,TEX,ATL,away,4.7,696030,Alejandro Osuna,mapped,identity_name_team_map,Stable identity seed from old DK-ID map. Pilot join status: matched via normalized_name_team
2026-07-19,2026-07-19T14:40:01.662576+00:00,2026-07-19,DraftKings official lineup CSV,https://www.draftkings.com/lineup/getavailableplayerscsv?contestTypeId=9&draftGroupId=150785,150785,9,Selected largest-prize regular Classic MLB draft group after excluding Turbo/Night/qualifier/satellite/showdown/snake/single-stat slates.,SS,Taylor Walls (43631248),Taylor Walls,43631248,SS,2500,TB@BOS 07/19/2026 01:35PM ET,07/19/2026 01:35PM ET,TB,BOS,away,5.6,,,needs_review_new_player,identity_name_team_map,No reviewed normalized-name/team identity alias; do not auto-guess.
2026-07-19,2026-07-19T14:40:01.662576+00:00,2026-07-19,DraftKings official lineup CSV,https://www.draftkings.com/lineup/getavailableplayerscsv?contestTypeId=9&draftGroupId=150785,150785,9,Selected largest-prize regular Classic MLB draft group after excluding Turbo/Night/qualifier/satellite/showdown/snake/single-stat slates.,OF,Kameron Misner (43631331),Kameron Misner,43631331,OF,2500,SD@KC 07/19/2026 02:10PM ET,07/19/2026 02:10PM ET,KC,SD,home,3.3,670224,Kameron Misner,mapped,identity_name_team_map,Stable identity seed from old DK-ID map. Pilot join status: matched_people_search_name via mlb_people_search_normalized_name
2026-07-19,2026-07-19T14:40:01.662576+00:00,2026-07-19,DraftKings official lineup CSV,https://www.draftkings.com/lineup/getavailableplayerscsv?contestTypeId=9&draftGroupId=150785,150785,9,Selected largest-prize regular Classic MLB draft group after excluding Turbo/Night/qualifier/satellite/showdown/snake/single-stat slates.,OF,Jhostynxon Garcia (43631332),Jhostynxon Garcia,43631332,OF,2500,PIT@CLE 07/19/2026 01:40PM ET,07/19/2026 01:40PM ET,PIT,CLE,away,2.7,,,needs_review_new_player,identity_name_team_map,No reviewed normalized-name/team identity alias; do not auto-guess.
2026-07-19,2026-07-19T14:40:01.662576+00:00,2026-07-19,DraftKings official lineup CSV,https://www.draftkings.com/lineup/getavailableplayerscsv?contestTypeId=9&draftGroupId=150785,150785,9,Selected largest-prize regular Classic MLB draft group after excluding Turbo/Night/qualifier/satellite/showdown/snake/single-stat slates.,OF,Akil Baddoo (43631333),Akil Baddoo,43631333,OF,2500,MIA@MIL 07/19/2026 02:10PM ET,07/19/2026 02:10PM ET,MIL,MIA,home,0,668731,Akil Baddoo,mapped,identity_name_team_map,Stable identity seed from old DK-ID map. Pilot join status: matched_people_search_name via mlb_people_search_normalized_name
2026-07-19,2026-07-19T14:40:01.662576+00:00,2026-07-19,DraftKings official lineup CSV,https://www.draftkings.com/lineup/getavailableplayerscsv?contestTypeId=9&draftGroupId=150785,150785,9,Selected largest-prize regular Classic MLB draft group after excluding Turbo/Night/qualifier/satellite/showdown/snake/single-stat slates.,2B/3B,Nick Sogard (43631334),Nick Sogard,43631334,2B/3B,2500,TB@BOS 07/19/2026 01:35PM ET,07/19/2026 01:35PM ET,BOS,TB,home,4.7,,,needs_review_new_player,identity_name_team_map,No reviewed normalized-name/team identity alias; do not auto-guess.
2026-07-19,2026-07-19T14:40:01.662576+00:00,2026-07-19,DraftKings official lineup CSV,https://www.draftkings.com/lineup/getavailableplayerscsv?contestTypeId=9&draftGroupId=150785,150785,9,Selected largest-prize regular Classic MLB draft group after excluding Turbo/Night/qualifier/satellite/showdown/snake/single-stat slates.,OF,Matt Shaw (43631336),Matt Shaw,43631336,OF,2500,MIN@CHC 07/19/2026 02:20PM ET,07/19/2026 02:20PM ET,CHC,MIN,home,4.9,807713,Matt Shaw,mapped,identity_name_team_map,Stable identity seed from old DK-ID map. Pilot join status: matched via normalized_name_team
2026-07-19,2026-07-19T14:40:01.662576+00:00,2026-07-19,DraftKings official lineup CSV,https://www.draftkings.com/lineup/getavailableplayerscsv?contestTypeId=9&draftGroupId=150785,150785,9,Selected largest-prize regular Classic MLB draft group after excluding Turbo/Night/qualifier/satellite/showdown/snake/single-stat slates.,2B,Josh Smith (43631337),Josh Smith,43631337,2B,2500,TEX@ATL 07/19/2026 01:35PM ET,07/19/2026 01:35PM ET,TEX,ATL,away,4.4,669701,Josh Smith,mapped,identity_name_team_map,Stable identity seed from old DK-ID map. Pilot join status: matched via normalized_name_team
2026-07-19,2026-07-19T14:40:01.662576+00:00,2026-07-19,DraftKings official lineup CSV,https://www.draftkings.com/lineup/getavailableplayerscsv?contestTypeId=9&draftGroupId=150785,150785,9,Selected largest-prize regular Classic MLB draft group after excluding Turbo/Night/qualifier/satellite/showdown/snake/single-stat slates.,OF,Gavin Lux (43631338),Gavin Lux,43631338,OF,2500,TB@BOS 07/19/2026 01:35PM ET,07/19/2026 01:35PM ET,TB,BOS,away,0,,,needs_review_new_player,identity_name_team_map,No reviewed normalized-name/team identity alias; do not auto-guess.
2026-07-19,2026-07-19T14:40:01.662576+00:00,2026-07-19,DraftKings official lineup CSV,https://www.draftkings.com/lineup/getavailableplayerscsv?contestTypeId=9&draftGroupId=150785,150785,9,Selected largest-prize regular Classic MLB draft group after excluding Turbo/Night/qualifier/satellite/showdown/snake/single-stat slates.,OF,Tyler O'Neill (43631249),Tyler O'Neill,43631249,OF,2400,BAL@HOU 07/19/2026 02:10PM ET,07/19/2026 02:10PM ET,BAL,HOU,away,4.4,,,needs_review_new_player,identity_name_team_map,No reviewed normalized-name/team identity alias; do not auto-guess.
2026-07-19,2026-07-19T14:40:01.662576+00:00,2026-07-19,DraftKings official lineup CSV,https://www.draftkings.com/lineup/getavailableplayerscsv?contestTypeId=9&draftGroupId=150785,150785,9,Selected largest-prize regular Classic MLB draft group after excluding Turbo/Night/qualifier/satellite/showdown/snake/single-stat slates.,C,Connor Wong (43631250),Connor Wong,43631250,C,2400,TB@BOS 07/19/2026 01:35PM ET,07/19/2026 01:35PM ET,BOS,TB,home,5.3,,,needs_review_new_player,identity_name_team_map,No reviewed normalized-name/team identity alias; do not auto-guess.
2026-07-19,2026-07-19T14:40:01.662576+00:00,2026-07-19,DraftKings official lineup CSV,https://www.draftkings.com/lineup/getavailableplayerscsv?contestTypeId=9&draftGroupId=150785,150785,9,Selected largest-prize regular Classic MLB draft group after excluding Turbo/Night/qualifier/satellite/showdown/snake/single-stat slates.,C,Alex Jackson (43631251),Alex Jackson,43631251,C,2400,MIN@CHC 07/19/2026 02:20PM ET,07/19/2026 02:20PM ET,MIN,CHC,away,4,656577,Alex Jackson,mapped,identity_name_team_map,Proposed from review candidates; basis=exact normalized name + team; role-compatible; statcast_batter_des_2026; confidence=high; sources=statcast_batter_des_2026
2026-07-19,2026-07-19T14:40:01.662576+00:00,2026-07-19,DraftKings official lineup CSV,https://www.draftkings.com/lineup/getavailableplayerscsv?contestTypeId=9&draftGroupId=150785,150785,9,Selected largest-prize regular Classic MLB draft group after excluding Turbo/Night/qualifier/satellite/showdown/snake/single-stat slates.,2B/3B,Braden Shewmake (43631252),Braden Shewmake,43631252,2B/3B,2400,MIA@MIL 07/19/2026 02:10PM ET,07/19/2026 02:10PM ET,MIL,MIA,home,4.5,669699,Braden Shewmake,needs_review_team_change,identity_name_unique_mlbam,Name maps to one reviewed MLBAM identity but not this DK team; review as team-change/new alias before trusting automation.
2026-07-19,2026-07-19T14:40:01.662576+00:00,2026-07-19,DraftKings official lineup CSV,https://www.draftkings.com/lineup/getavailableplayerscsv?contestTypeId=9&draftGroupId=150785,150785,9,Selected largest-prize regular Classic MLB draft group after excluding Turbo/Night/qualifier/satellite/showdown/snake/single-stat slates.,1B,Jared Young (43631254),Jared Young,43631254,1B,2400,NYM@PHI 07/19/2026 01:35PM ET,07/19/2026 01:35PM ET,NYM,PHI,away,5.1,676724,Jared Young,mapped,identity_name_team_map,Stable identity seed from old DK-ID map. Pilot join status: matched via normalized_name_team
2026-07-19,2026-07-19T14:40:01.662576+00:00,2026-07-19,DraftKings official lineup CSV,https://www.draftkings.com/lineup/getavailableplayerscsv?contestTypeId=9&draftGroupId=150785,150785,9,Selected largest-prize regular Classic MLB draft group after excluding Turbo/Night/qualifier/satellite/showdown/snake/single-stat slates.,SS,Jim Jarvis (43631255),Jim Jarvis,43631255,SS,2400,TEX@ATL 07/19/2026 01:35PM ET,07/19/2026 01:35PM ET,ATL,TEX,home,5.9,805347,Jim Jarvis,mapped,identity_name_team_map,Stable identity seed from old DK-ID map. Pilot join status: matched via normalized_name_team
2026-07-19,2026-07-19T14:40:01.662576+00:00,2026-07-19,DraftKings official lineup CSV,https://www.draftkings.com/lineup/getavailableplayerscsv?contestTypeId=9&draftGroupId=150785,150785,9,Selected largest-prize regular Classic MLB draft group after excluding Turbo/Night/qualifier/satellite/showdown/snake/single-stat slates.,OF,Derek Hill (43631256),Derek Hill,43631256,OF,2400,NYM@PHI 07/19/2026 01:35PM ET,07/19/2026 01:35PM ET,PHI,NYM,home,4.1,656537,Derek Hill,needs_review_team_change,identity_name_unique_mlbam,Name maps to one reviewed MLBAM identity but not this DK team; review as team-change/new alias before trusting automation.
2026-07-19,2026-07-19T14:40:01.662576+00:00,2026-07-19,DraftKings official lineup CSV,https://www.draftkings.com/lineup/getavailableplayerscsv?contestTypeId=9&draftGroupId=150785,150785,9,Selected largest-prize regular Classic MLB draft group after excluding Turbo/Night/qualifier/satellite/showdown/snake/single-stat slates.,2B/SS,Isiah Kiner-Falefa (43631339),Isiah Kiner-Falefa,43631339,2B/SS,2400,TB@BOS 07/19/2026 01:35PM ET,07/19/2026 01:35PM ET,BOS,TB,home,5.2,,,needs_review_new_player,identity_name_team_map,No reviewed normalized-name/team identity alias; do not auto-guess.
2026-07-19,2026-07-19T14:40:01.662576+00:00,2026-07-19,DraftKings official lineup CSV,https://www.draftkings.com/lineup/getavailableplayerscsv?contestTypeId=9&draftGroupId=150785,150785,9,Selected largest-prize regular Classic MLB draft group after excluding Turbo/Night/qualifier/satellite/showdown/snake/single-stat slates.,OF,Dylan Carlson (43631341),Dylan Carlson,43631341,OF,2400,MIN@CHC 07/19/2026 02:20PM ET,07/19/2026 02:20PM ET,CHC,MIN,home,0.7,,,needs_review_new_player,identity_name_team_map,No reviewed normalized-name/team identity alias; do not auto-guess.
2026-07-19,2026-07-19T14:40:01.662576+00:00,2026-07-19,DraftKings official lineup CSV,https://www.draftkings.com/lineup/getavailableplayerscsv?contestTypeId=9&draftGroupId=150785,150785,9,Selected largest-prize regular Classic MLB draft group after excluding Turbo/Night/qualifier/satellite/showdown/snake/single-stat slates.,C,Nick Fortes (43631257),Nick Fortes,43631257,C,2300,TB@BOS 07/19/2026 01:35PM ET,07/19/2026 01:35PM ET,TB,BOS,away,4.2,,,needs_review_new_player,identity_name_team_map,No reviewed normalized-name/team identity alias; do not auto-guess.
2026-07-19,2026-07-19T14:40:01.662576+00:00,2026-07-19,DraftKings official lineup CSV,https://www.draftkings.com/lineup/getavailableplayerscsv?contestTypeId=9&draftGroupId=150785,150785,9,Selected largest-prize regular Classic MLB draft group after excluding Turbo/Night/qualifier/satellite/showdown/snake/single-stat slates.,3B/SS,Daniel Schneemann (43631258),Daniel Schneemann,43631258,3B/SS,2300,PIT@CLE 07/19/2026 01:40PM ET,07/19/2026 01:40PM ET,CLE,PIT,home,5,,,needs_review_new_player,identity_name_team_map,No reviewed normalized-name/team identity alias; do not auto-guess.
2026-07-19,2026-07-19T14:40:01.662576+00:00,2026-07-19,DraftKings official lineup CSV,https://www.draftkings.com/lineup/getavailableplayerscsv?contestTypeId=9&draftGroupId=150785,150785,9,Selected largest-prize regular Classic MLB draft group after excluding Turbo/Night/qualifier/satellite/showdown/snake/single-stat slates.,OF,Kevin Alcantara (43631260),Kevin Alcantara,43631260,OF,2300,MIN@CHC 07/19/2026 02:20PM ET,07/19/2026 02:20PM ET,CHC,MIN,home,1.5,682634,Kevin Alcántara,mapped,identity_name_team_map,Stable identity seed from old DK-ID map. Pilot join status: matched via normalized_name_team
2026-07-19,2026-07-19T14:40:01.662576+00:00,2026-07-19,DraftKings official lineup CSV,https://www.draftkings.com/lineup/getavailableplayerscsv?contestTypeId=9&draftGroupId=150785,150785,9,Selected largest-prize regular Classic MLB draft group after excluding Turbo/Night/qualifier/satellite/showdown/snake/single-stat slates.,C,Patrick Bailey (43631261),Patrick Bailey,43631261,C,2300,PIT@CLE 07/19/2026 01:40PM ET,07/19/2026 01:40PM ET,CLE,PIT,home,3.6,,,needs_review_new_player,identity_name_team_map,No reviewed normalized-name/team identity alias; do not auto-guess.
2026-07-19,2026-07-19T14:40:01.662576+00:00,2026-07-19,DraftKings official lineup CSV,https://www.draftkings.com/lineup/getavailableplayerscsv?contestTypeId=9&draftGroupId=150785,150785,9,Selected largest-prize regular Classic MLB draft group after excluding Turbo/Night/qualifier/satellite/showdown/snake/single-stat slates.,OF,Tyrone Taylor (43631262),Tyrone Taylor,43631262,OF,2300,NYM@PHI 07/19/2026 01:35PM ET,07/19/2026 01:35PM ET,NYM,PHI,away,3.9,621438,Tyrone Taylor,mapped,identity_name_team_map,Stable identity seed from old DK-ID map. Pilot join status: matched via normalized_name_team
2026-07-19,2026-07-19T14:40:01.662576+00:00,2026-07-19,DraftKings official lineup CSV,https://www.draftkings.com/lineup/getavailableplayerscsv?contestTypeId=9&draftGroupId=150785,150785,9,Selected largest-prize regular Classic MLB draft group after excluding Turbo/Night/qualifier/satellite/showdown/snake/single-stat slates.,OF,Blake Perkins (43631342),Blake Perkins,43631342,OF,2300,MIA@MIL 07/19/2026 02:10PM ET,07/19/2026 02:10PM ET,MIL,MIA,home,2.8,663368,Blake Perkins,mapped,identity_name_team_map,Stable identity seed from old DK-ID map. Pilot join status: matched via normalized_name_team
2026-07-19,2026-07-19T14:40:01.662576+00:00,2026-07-19,DraftKings official lineup CSV,https://www.draftkings.com/lineup/getavailableplayerscsv?contestTypeId=9&draftGroupId=150785,150785,9,Selected largest-prize regular Classic MLB draft group after excluding Turbo/Night/qualifier/satellite/showdown/snake/single-stat slates.,SS,Marcelo Mayer (43631343),Marcelo Mayer,43631343,SS,2300,TB@BOS 07/19/2026 01:35PM ET,07/19/2026 01:35PM ET,BOS,TB,home,4.4,,,needs_review_new_player,identity_name_team_map,No reviewed normalized-name/team identity alias; do not auto-guess.
2026-07-19,2026-07-19T14:40:01.662576+00:00,2026-07-19,DraftKings official lineup CSV,https://www.draftkings.com/lineup/getavailableplayerscsv?contestTypeId=9&draftGroupId=150785,150785,9,Selected largest-prize regular Classic MLB draft group after excluding Turbo/Night/qualifier/satellite/showdown/snake/single-stat slates.,C,Freddy Fermin (43631263),Freddy Fermin,43631263,C,2200,SD@KC 07/19/2026 02:10PM ET,07/19/2026 02:10PM ET,SD,KC,away,3.2,666023,Freddy Fermin,mapped,identity_name_team_map,Stable identity seed from old DK-ID map. Pilot join status: matched via normalized_name_team
2026-07-19,2026-07-19T14:40:01.662576+00:00,2026-07-19,DraftKings official lineup CSV,https://www.draftkings.com/lineup/getavailableplayerscsv?contestTypeId=9&draftGroupId=150785,150785,9,Selected largest-prize regular Classic MLB draft group after excluding Turbo/Night/qualifier/satellite/showdown/snake/single-stat slates.,3B/SS,Jared Triolo (43631264),Jared Triolo,43631264,3B/SS,2200,PIT@CLE 07/19/2026 01:40PM ET,07/19/2026 01:40PM ET,PIT,CLE,away,4.8,,,needs_review_new_player,identity_name_team_map,No reviewed normalized-name/team identity alias; do not auto-guess.
2026-07-19,2026-07-19T14:40:01.662576+00:00,2026-07-19,DraftKings official lineup CSV,https://www.draftkings.com/lineup/getavailableplayerscsv?contestTypeId=9&draftGroupId=150785,150785,9,Selected largest-prize regular Classic MLB draft group after excluding Turbo/Night/qualifier/satellite/showdown/snake/single-stat slates.,OF,Rece Hinds (43631266),Rece Hinds,43631266,OF,2200,MIA@MIL 07/19/2026 02:10PM ET,07/19/2026 02:10PM ET,MIA,MIL,away,2.8,,,needs_review_new_player,identity_name_team_map,No reviewed normalized-name/team identity alias; do not auto-guess.
2026-07-19,2026-07-19T14:40:01.662576+00:00,2026-07-19,DraftKings official lineup CSV,https://www.draftkings.com/lineup/getavailableplayerscsv?contestTypeId=9&draftGroupId=150785,150785,9,Selected largest-prize regular Classic MLB draft group after excluding Turbo/Night/qualifier/satellite/showdown/snake/single-stat slates.,OF,Zach Dezenzo (43631267),Zach Dezenzo,43631267,OF,2200,BAL@HOU 07/19/2026 02:10PM ET,07/19/2026 02:10PM ET,HOU,BAL,home,3.7,701305,Zach Dezenzo,mapped,identity_name_team_map,Stable identity seed from old DK-ID map. Pilot join status: matched via normalized_name_team
2026-07-19,2026-07-19T14:40:01.662576+00:00,2026-07-19,DraftKings official lineup CSV,https://www.draftkings.com/lineup/getavailableplayerscsv?contestTypeId=9&draftGroupId=150785,150785,9,Selected largest-prize regular Classic MLB draft group after excluding Turbo/Night/qualifier/satellite/showdown/snake/single-stat slates.,OF,Petey Halpin (43631268),Petey Halpin,43631268,OF,2200,PIT@CLE 07/19/2026 01:40PM ET,07/19/2026 01:40PM ET,CLE,PIT,home,2.8,,,needs_review_new_player,identity_name_team_map,No reviewed normalized-name/team identity alias; do not auto-guess.
2026-07-19,2026-07-19T14:40:01.662576+00:00,2026-07-19,DraftKings official lineup CSV,https://www.draftkings.com/lineup/getavailableplayerscsv?contestTypeId=9&draftGroupId=150785,150785,9,Selected largest-prize regular Classic MLB draft group after excluding Turbo/Night/qualifier/satellite/showdown/snake/single-stat slates.,OF,Jase Bowen (43631269),Jase Bowen,43631269,OF,2200,SD@KC 07/19/2026 02:10PM ET,07/19/2026 02:10PM ET,SD,KC,away,1.8,687749,Jase Bowen,mapped,identity_name_team_map,Stable identity seed from old DK-ID map. Pilot join status: matched via normalized_name_team
2026-07-19,2026-07-19T14:40:01.662576+00:00,2026-07-19,DraftKings official lineup CSV,https://www.draftkings.com/lineup/getavailableplayerscsv?contestTypeId=9&draftGroupId=150785,150785,9,Selected largest-prize regular Classic MLB draft group after excluding Turbo/Night/qualifier/satellite/showdown/snake/single-stat slates.,C,Hunter Feduccia (43631270),Hunter Feduccia,43631270,C,2200,TB@BOS 07/19/2026 01:35PM ET,07/19/2026 01:35PM ET,TB,BOS,away,3.5,,,needs_review_new_player,identity_name_team_map,No reviewed normalized-name/team identity alias; do not auto-guess.
2026-07-19,2026-07-19T14:40:01.662576+00:00,2026-07-19,DraftKings official lineup CSV,https://www.draftkings.com/lineup/getavailableplayerscsv?contestTypeId=9&draftGroupId=150785,150785,9,Selected largest-prize regular Classic MLB draft group after excluding Turbo/Night/qualifier/satellite/showdown/snake/single-stat slates.,OF,Cam Cauley (43631271),Cam Cauley,43631271,OF,2100,TEX@ATL 07/19/2026 01:35PM ET,07/19/2026 01:35PM ET,TEX,ATL,away,3.5,,,needs_review_new_player,identity_name_team_map,No reviewed normalized-name/team identity alias; do not auto-guess.
2026-07-19,2026-07-19T14:40:01.662576+00:00,2026-07-19,DraftKings official lineup CSV,https://www.draftkings.com/lineup/getavailableplayerscsv?contestTypeId=9&draftGroupId=150785,150785,9,Selected largest-prize regular Classic MLB draft group after excluding Turbo/Night/qualifier/satellite/showdown/snake/single-stat slates.,OF,Alan Roden (43631272),Alan Roden,43631272,OF,2100,MIN@CHC 07/19/2026 02:20PM ET,07/19/2026 02:20PM ET,MIN,CHC,away,3.1,702176,Alan Roden,mapped,identity_name_team_map,Proposed from review candidates; basis=exact normalized name + team; role-compatible; statcast_batter_des_2026; confidence=high; sources=statcast_batter_des_2026
2026-07-19,2026-07-19T14:40:01.662576+00:00,2026-07-19,DraftKings official lineup CSV,https://www.draftkings.com/lineup/getavailableplayerscsv?contestTypeId=9&draftGroupId=150785,150785,9,Selected largest-prize regular Classic MLB draft group after excluding Turbo/Night/qualifier/satellite/showdown/snake/single-stat slates.,2B/SS,Nick Allen (43631273),Nick Allen,43631273,2B/SS,2100,BAL@HOU 07/19/2026 02:10PM ET,07/19/2026 02:10PM ET,HOU,BAL,home,3.2,669397,Nick Allen,mapped,identity_name_team_map,Stable identity seed from old DK-ID map. Pilot join status: matched via normalized_name_team
2026-07-19,2026-07-19T14:40:01.662576+00:00,2026-07-19,DraftKings official lineup CSV,https://www.draftkings.com/lineup/getavailableplayerscsv?contestTypeId=9&draftGroupId=150785,150785,9,Selected largest-prize regular Classic MLB draft group after excluding Turbo/Night/qualifier/satellite/showdown/snake/single-stat slates.,C,Luke Maile (43631275),Luke Maile,43631275,C,2100,SD@KC 07/19/2026 02:10PM ET,07/19/2026 02:10PM ET,KC,SD,home,11,,,needs_review_new_player,identity_name_team_map,No reviewed normalized-name/team identity alias; do not auto-guess.
2026-07-19,2026-07-19T14:40:01.662576+00:00,2026-07-19,DraftKings official lineup CSV,https://www.draftkings.com/lineup/getavailableplayerscsv?contestTypeId=9&draftGroupId=150785,150785,9,Selected largest-prize regular Classic MLB draft group after excluding Turbo/Night/qualifier/satellite/showdown/snake/single-stat slates.,C,Garrett Stubbs (43631276),Garrett Stubbs,43631276,C,2100,NYM@PHI 07/19/2026 01:35PM ET,07/19/2026 01:35PM ET,PHI,NYM,home,2,596117,Garrett Stubbs,mapped,identity_name_team_map,Stable identity seed from old DK-ID map. Pilot join status: matched via normalized_name_team
2026-07-19,2026-07-19T14:40:01.662576+00:00,2026-07-19,DraftKings official lineup CSV,https://www.draftkings.com/lineup/getavailableplayerscsv?contestTypeId=9&draftGroupId=150785,150785,9,Selected largest-prize regular Classic MLB draft group after excluding Turbo/Night/qualifier/satellite/showdown/snake/single-stat slates.,1B,Eric Wagaman (43631277),Eric Wagaman,43631277,1B,2100,NYM@PHI 07/19/2026 01:35PM ET,07/19/2026 01:35PM ET,NYM,PHI,away,2.7,676572,Eric Wagaman,mapped,identity_name_team_map,Stable identity seed from old DK-ID map. Pilot join status: matched via normalized_name_team
2026-07-19,2026-07-19T14:40:01.662576+00:00,2026-07-19,DraftKings official lineup CSV,https://www.draftkings.com/lineup/getavailableplayerscsv?contestTypeId=9&draftGroupId=150785,150785,9,Selected largest-prize regular Classic MLB draft group after excluding Turbo/Night/qualifier/satellite/showdown/snake/single-stat slates.,2B/3B,Josh Rojas (43631278),Josh Rojas,43631278,2B/3B,2100,SD@KC 07/19/2026 02:10PM ET,07/19/2026 02:10PM ET,KC,SD,home,3.1,668942,Josh Rojas,mapped,identity_name_team_map,Stable identity seed from old DK-ID map. Pilot join status: matched via normalized_name_team
2026-07-19,2026-07-19T14:40:01.662576+00:00,2026-07-19,DraftKings official lineup CSV,https://www.draftkings.com/lineup/getavailableplayerscsv?contestTypeId=9&draftGroupId=150785,150785,9,Selected largest-prize regular Classic MLB draft group after excluding Turbo/Night/qualifier/satellite/showdown/snake/single-stat slates.,OF,Billy Cook (43631280),Billy Cook,43631280,OF,2100,PIT@CLE 07/19/2026 01:40PM ET,07/19/2026 01:40PM ET,PIT,CLE,away,1,,,needs_review_new_player,identity_name_team_map,No reviewed normalized-name/team identity alias; do not auto-guess.
2026-07-19,2026-07-19T14:40:01.662576+00:00,2026-07-19,DraftKings official lineup CSV,https://www.draftkings.com/lineup/getavailableplayerscsv?contestTypeId=9&draftGroupId=150785,150785,9,Selected largest-prize regular Classic MLB draft group after excluding Turbo/Night/qualifier/satellite/showdown/snake/single-stat slates.,C,Luis Torrens (43631281),Luis Torrens,43631281,C,2000,NYM@PHI 07/19/2026 01:35PM ET,07/19/2026 01:35PM ET,NYM,PHI,away,4,620443,Luis Torrens,mapped,identity_name_team_map,Stable identity seed from old DK-ID map. Pilot join status: matched via normalized_name_team
2026-07-19,2026-07-19T14:40:01.662576+00:00,2026-07-19,DraftKings official lineup CSV,https://www.draftkings.com/lineup/getavailableplayerscsv?contestTypeId=9&draftGroupId=150785,150785,9,Selected largest-prize regular Classic MLB draft group after excluding Turbo/Night/qualifier/satellite/showdown/snake/single-stat slates.,C,Carlos Narvaez (43631282),Carlos Narvaez,43631282,C,2000,TB@BOS 07/19/2026 01:35PM ET,07/19/2026 01:35PM ET,BOS,TB,home,3.9,,,needs_review_new_player,identity_name_team_map,No reviewed normalized-name/team identity alias; do not auto-guess.
2026-07-19,2026-07-19T14:40:01.662576+00:00,2026-07-19,DraftKings official lineup CSV,https://www.draftkings.com/lineup/getavailableplayerscsv?contestTypeId=9&draftGroupId=150785,150785,9,Selected largest-prize regular Classic MLB draft group after excluding Turbo/Night/qualifier/satellite/showdown/snake/single-stat slates.,SS,Tsung-Che Cheng (43631283),Tsung-Che Cheng,43631283,SS,2000,TB@BOS 07/19/2026 01:35PM ET,07/19/2026 01:35PM ET,BOS,TB,home,5.2,,,needs_review_new_player,identity_name_team_map,No reviewed normalized-name/team identity alias; do not auto-guess.
2026-07-19,2026-07-19T14:40:01.662576+00:00,2026-07-19,DraftKings official lineup CSV,https://www.draftkings.com/lineup/getavailableplayerscsv?contestTypeId=9&draftGroupId=150785,150785,9,Selected largest-prize regular Classic MLB draft group after excluding Turbo/Night/qualifier/satellite/showdown/snake/single-stat slates.,OF,Lucas Spence (43631284),Lucas Spence,43631284,OF,2000,BAL@HOU 07/19/2026 02:10PM ET,07/19/2026 02:10PM ET,HOU,BAL,home,6.5,,,needs_review_new_player,identity_name_team_map,No reviewed normalized-name/team identity alias; do not auto-guess.
2026-07-19,2026-07-19T14:40:01.662576+00:00,2026-07-19,DraftKings official lineup CSV,https://www.draftkings.com/lineup/getavailableplayerscsv?contestTypeId=9&draftGroupId=150785,150785,9,Selected largest-prize regular Classic MLB draft group after excluding Turbo/Night/qualifier/satellite/showdown/snake/single-stat slates.,OF,Jahmai Jones (43631285),Jahmai Jones,43631285,OF,2000,TB@BOS 07/19/2026 01:35PM ET,07/19/2026 01:35PM ET,BOS,TB,home,2.1,663330,Jahmai Jones,needs_review_team_change,identity_name_unique_mlbam,Name maps to one reviewed MLBAM identity but not this DK team; review as team-change/new alias before trusting automation.
2026-07-19,2026-07-19T14:40:01.662576+00:00,2026-07-19,DraftKings official lineup CSV,https://www.draftkings.com/lineup/getavailableplayerscsv?contestTypeId=9&draftGroupId=150785,150785,9,Selected largest-prize regular Classic MLB draft group after excluding Turbo/Night/qualifier/satellite/showdown/snake/single-stat slates.,1B/3B,Kyle Farmer (43631286),Kyle Farmer,43631286,1B/3B,2000,TEX@ATL 07/19/2026 01:35PM ET,07/19/2026 01:35PM ET,ATL,TEX,home,2,571657,Kyle Farmer,mapped,identity_name_team_map,Stable identity seed from old DK-ID map. Pilot join status: matched via normalized_name_team
2026-07-19,2026-07-19T14:40:01.662576+00:00,2026-07-19,DraftKings official lineup CSV,https://www.draftkings.com/lineup/getavailableplayerscsv?contestTypeId=9&draftGroupId=150785,150785,9,Selected largest-prize regular Classic MLB draft group after excluding Turbo/Night/qualifier/satellite/showdown/snake/single-stat slates.,OF,Justin Dean (43631288),Justin Dean,43631288,OF,2000,MIN@CHC 07/19/2026 02:20PM ET,07/19/2026 02:20PM ET,CHC,MIN,home,2.5,681909,Justin Dean,mapped,identity_name_team_map,Stable identity seed from old DK-ID map. Pilot join status: matched_people_search_name via mlb_people_search_normalized_name
2026-07-19,2026-07-19T14:40:01.662576+00:00,2026-07-19,DraftKings official lineup CSV,https://www.draftkings.com/lineup/getavailableplayerscsv?contestTypeId=9&draftGroupId=150785,150785,9,Selected largest-prize regular Classic MLB draft group after excluding Turbo/Night/qualifier/satellite/showdown/snake/single-stat slates.,OF,Adolis Garcia (43631344),Adolis Garcia,43631344,OF,2000,NYM@PHI 07/19/2026 01:35PM ET,07/19/2026 01:35PM ET,PHI,NYM,home,5.2,666969,Adolis García,mapped,identity_name_team_map,Stable identity seed from old DK-ID map. Pilot join status: matched via normalized_name_team
2026-07-19,2026-07-19T14:40:01.662576+00:00,2026-07-19,DraftKings official lineup CSV,https://www.draftkings.com/lineup/getavailableplayerscsv?contestTypeId=9&draftGroupId=150785,150785,9,Selected largest-prize regular Classic MLB draft group after excluding Turbo/Night/qualifier/satellite/showdown/snake/single-stat slates.,OF,Johan Rojas (43631345),Johan Rojas,43631345,OF,2000,NYM@PHI 07/19/2026 01:35PM ET,07/19/2026 01:35PM ET,PHI,NYM,home,0,679032,Johan Rojas,mapped,identity_name_team_map,Stable identity seed from old DK-ID map. Pilot join status: matched_people_search_name via mlb_people_search_normalized_name
2026-07-19,2026-07-19T14:40:01.662576+00:00,2026-07-19,DraftKings official lineup CSV,https://www.draftkings.com/lineup/getavailableplayerscsv?contestTypeId=9&draftGroupId=150785,150785,9,Selected largest-prize regular Classic MLB draft group after excluding Turbo/Night/qualifier/satellite/showdown/snake/single-stat slates.,1B/OF,Felix Reyes (43631346),Felix Reyes,43631346,1B/OF,2000,NYM@PHI 07/19/2026 01:35PM ET,07/19/2026 01:35PM ET,PHI,NYM,home,2.9,694025,Felix Reyes,mapped,identity_name_team_map,Stable identity seed from old DK-ID map. Pilot join status: matched via normalized_name_team
2026-07-19,2026-07-19T14:40:01.662576+00:00,2026-07-19,DraftKings official lineup CSV,https://www.draftkings.com/lineup/getavailableplayerscsv?contestTypeId=9&draftGroupId=150785,150785,9,Selected largest-prize regular Classic MLB draft group after excluding Turbo/Night/qualifier/satellite/showdown/snake/single-stat slates.,C,Matt Thaiss (43631348),Matt Thaiss,43631348,C,2000,TB@BOS 07/19/2026 01:35PM ET,07/19/2026 01:35PM ET,BOS,TB,home,0,,,needs_review_new_player,identity_name_team_map,No reviewed normalized-name/team identity alias; do not auto-guess.
2026-07-19,2026-07-19T14:40:01.662576+00:00,2026-07-19,DraftKings official lineup CSV,https://www.draftkings.com/lineup/getavailableplayerscsv?contestTypeId=9&draftGroupId=150785,150785,9,Selected largest-prize regular Classic MLB draft group after excluding Turbo/Night/qualifier/satellite/showdown/snake/single-stat slates.,C,Rodolfo Duran (43631349),Rodolfo Duran,43631349,C,2000,SD@KC 07/19/2026 02:10PM ET,07/19/2026 02:10PM ET,SD,KC,away,3.1,660710,Rodolfo Durán,mapped,identity_name_team_map,Stable identity seed from old DK-ID map. Pilot join status: matched via normalized_name_team
2026-07-19,2026-07-19T14:40:01.662576+00:00,2026-07-19,DraftKings official lineup CSV,https://www.draftkings.com/lineup/getavailableplayerscsv?contestTypeId=9&draftGroupId=150785,150785,9,Selected largest-prize regular Classic MLB draft group after excluding Turbo/Night/qualifier/satellite/showdown/snake/single-stat slates.,OF,Nick Castellanos (43631350),Nick Castellanos,43631350,OF,2000,SD@KC 07/19/2026 02:10PM ET,07/19/2026 02:10PM ET,SD,KC,away,4.7,592206,Nick Castellanos,mapped,identity_name_team_map,Stable identity seed from old DK-ID map. Pilot join status: matched via normalized_name_team
2026-07-19,2026-07-19T14:40:01.662576+00:00,2026-07-19,DraftKings official lineup CSV,https://www.draftkings.com/lineup/getavailableplayerscsv?contestTypeId=9&draftGroupId=150785,150785,9,Selected largest-prize regular Classic MLB draft group after excluding Turbo/Night/qualifier/satellite/showdown/snake/single-stat slates.,OF,Ramon Laureano (43631351),Ramon Laureano,43631351,OF,2000,SD@KC 07/19/2026 02:10PM ET,07/19/2026 02:10PM ET,SD,KC,away,6.6,657656,Ramón Laureano,mapped,identity_name_team_map,Stable identity seed from old DK-ID map. Pilot join status: matched via normalized_name_team
2026-07-19,2026-07-19T14:40:01.662576+00:00,2026-07-19,DraftKings official lineup CSV,https://www.draftkings.com/lineup/getavailableplayerscsv?contestTypeId=9&draftGroupId=150785,150785,9,Selected largest-prize regular Classic MLB draft group after excluding Turbo/Night/qualifier/satellite/showdown/snake/single-stat slates.,1B/3B,Nick Yorke (43631352),Nick Yorke,43631352,1B/3B,2000,PIT@CLE 07/19/2026 01:40PM ET,07/19/2026 01:40PM ET,PIT,CLE,away,3.7,,,needs_review_new_player,identity_name_team_map,No reviewed normalized-name/team identity alias; do not auto-guess.
2026-07-19,2026-07-19T14:40:01.662576+00:00,2026-07-19,DraftKings official lineup CSV,https://www.draftkings.com/lineup/getavailableplayerscsv?contestTypeId=9&draftGroupId=150785,150785,9,Selected largest-prize regular Classic MLB draft group after excluding Turbo/Night/qualifier/satellite/showdown/snake/single-stat slates.,2B/SS,Mason McCoy (43631354),Mason McCoy,43631354,2B/SS,2000,SD@KC 07/19/2026 02:10PM ET,07/19/2026 02:10PM ET,SD,KC,away,0,669200,Mason McCoy,mapped,identity_name_team_map,Stable identity seed from old DK-ID map. Pilot join status: matched_people_search_name via mlb_people_search_normalized_name
2026-07-19,2026-07-19T14:40:01.662576+00:00,2026-07-19,DraftKings official lineup CSV,https://www.draftkings.com/lineup/getavailableplayerscsv?contestTypeId=9&draftGroupId=150785,150785,9,Selected largest-prize regular Classic MLB draft group after excluding Turbo/Night/qualifier/satellite/showdown/snake/single-stat slates.,1B,Ryan Mountcastle (43631356),Ryan Mountcastle,43631356,1B,2000,BAL@HOU 07/19/2026 02:10PM ET,07/19/2026 02:10PM ET,BAL,HOU,away,2.3,,,needs_review_new_player,identity_name_team_map,No reviewed normalized-name/team identity alias; do not auto-guess.
2026-07-19,2026-07-19T14:40:01.662576+00:00,2026-07-19,DraftKings official lineup CSV,https://www.draftkings.com/lineup/getavailableplayerscsv?contestTypeId=9&draftGroupId=150785,150785,9,Selected largest-prize regular Classic MLB draft group after excluding Turbo/Night/qualifier/satellite/showdown/snake/single-stat slates.,SS,Ronny Mauricio (43631357),Ronny Mauricio,43631357,SS,2000,NYM@PHI 07/19/2026 01:35PM ET,07/19/2026 01:35PM ET,NYM,PHI,away,2.8,677595,Ronny Mauricio,mapped,identity_name_team_map,Stable identity seed from old DK-ID map. Pilot join status: matched via normalized_name_team
2026-07-19,2026-07-19T14:40:01.662576+00:00,2026-07-19,DraftKings official lineup CSV,https://www.draftkings.com/lineup/getavailableplayerscsv?contestTypeId=9&draftGroupId=150785,150785,9,Selected largest-prize regular Classic MLB draft group after excluding Turbo/Night/qualifier/satellite/showdown/snake/single-stat slates.,OF,MJ Melendez (43631358),MJ Melendez,43631358,OF,2000,NYM@PHI 07/19/2026 01:35PM ET,07/19/2026 01:35PM ET,NYM,PHI,away,3.7,669004,MJ Melendez,mapped,identity_name_team_map,Stable identity seed from old DK-ID map. Pilot join status: matched via normalized_name_team
2026-07-19,2026-07-19T14:40:01.662576+00:00,2026-07-19,DraftKings official lineup CSV,https://www.draftkings.com/lineup/getavailableplayerscsv?contestTypeId=9&draftGroupId=150785,150785,9,Selected largest-prize regular Classic MLB draft group after excluding Turbo/Night/qualifier/satellite/showdown/snake/single-stat slates.,OF,Brice Matthews (43631359),Brice Matthews,43631359,OF,2000,BAL@HOU 07/19/2026 02:10PM ET,07/19/2026 02:10PM ET,HOU,BAL,home,4,694728,Brice Matthews,mapped,identity_name_team_map,Stable identity seed from old DK-ID map. Pilot join status: matched via normalized_name_team
2026-07-19,2026-07-19T14:40:01.662576+00:00,2026-07-19,DraftKings official lineup CSV,https://www.draftkings.com/lineup/getavailableplayerscsv?contestTypeId=9&draftGroupId=150785,150785,9,Selected largest-prize regular Classic MLB draft group after excluding Turbo/Night/qualifier/satellite/showdown/snake/single-stat slates.,3B,Nacho Alvarez Jr. (43631360),Nacho Alvarez Jr.,43631360,3B,2000,TEX@ATL 07/19/2026 01:35PM ET,07/19/2026 01:35PM ET,ATL,TEX,home,0,805373,Nacho Alvarez Jr.,mapped,identity_name_team_map,Stable identity seed from old DK-ID map. Pilot join status: matched_people_search_name via mlb_people_search_normalized_name
2026-07-19,2026-07-19T14:40:01.662576+00:00,2026-07-19,DraftKings official lineup CSV,https://www.draftkings.com/lineup/getavailableplayerscsv?contestTypeId=9&draftGroupId=150785,150785,9,Selected largest-prize regular Classic MLB draft group after excluding Turbo/Night/qualifier/satellite/showdown/snake/single-stat slates.,OF,Zach Cole (43631361),Zach Cole,43631361,OF,2000,BAL@HOU 07/19/2026 02:10PM ET,07/19/2026 02:10PM ET,HOU,BAL,home,3.9,805904,Zach Cole,mapped,identity_name_team_map,Stable identity seed from old DK-ID map. Pilot join status: matched via normalized_name_team
2026-07-19,2026-07-19T14:40:01.662576+00:00,2026-07-19,DraftKings official lineup CSV,https://www.draftkings.com/lineup/getavailableplayerscsv?contestTypeId=9&draftGroupId=150785,150785,9,Selected largest-prize regular Classic MLB draft group after excluding Turbo/Night/qualifier/satellite/showdown/snake/single-stat slates.,C,Jeferson Quero (43631362),Jeferson Quero,43631362,C,2000,MIA@MIL 07/19/2026 02:10PM ET,07/19/2026 02:10PM ET,MIL,MIA,home,2,691620,Jeferson Quero,mapped,identity_name_team_map,Stable identity seed from old DK-ID map. Pilot join status: matched via normalized_name_team
2026-07-19,2026-07-19T14:40:01.662576+00:00,2026-07-19,DraftKings official lineup CSV,https://www.draftkings.com/lineup/getavailableplayerscsv?contestTypeId=9&draftGroupId=150785,150785,9,Selected largest-prize regular Classic MLB draft group after excluding Turbo/Night/qualifier/satellite/showdown/snake/single-stat slates.,OF,Gabriel Gonzalez (43631363),Gabriel Gonzalez,43631363,OF,2000,MIN@CHC 07/19/2026 02:20PM ET,07/19/2026 02:20PM ET,MIN,CHC,away,9,694224,Gabriel Gonzalez,mapped,identity_name_team_map,Proposed from review candidates; basis=exact normalized name + team; role-compatible; statcast_batter_des_2026; confidence=high; sources=statcast_batter_des_2026
2026-07-19,2026-07-19T14:40:01.662576+00:00,2026-07-19,DraftKings official lineup CSV,https://www.draftkings.com/lineup/getavailableplayerscsv?contestTypeId=9&draftGroupId=150785,150785,9,Selected largest-prize regular Classic MLB draft group after excluding Turbo/Night/qualifier/satellite/showdown/snake/single-stat slates.,OF,Hendry Mendez (43631364),Hendry Mendez,43631364,OF,2000,MIN@CHC 07/19/2026 02:20PM ET,07/19/2026 02:20PM ET,MIN,CHC,away,0,,,needs_review_new_player,identity_name_team_map,No reviewed normalized-name/team identity alias; do not auto-guess.
2026-07-19,2026-07-19T14:40:01.662576+00:00,2026-07-19,DraftKings official lineup CSV,https://www.draftkings.com/lineup/getavailableplayerscsv?contestTypeId=9&draftGroupId=150785,150785,9,Selected largest-prize regular Classic MLB draft group after excluding Turbo/Night/qualifier/satellite/showdown/snake/single-stat slates.,SS,Jared Serna (43631365),Jared Serna,43631365,SS,2000,MIA@MIL 07/19/2026 02:10PM ET,07/19/2026 02:10PM ET,MIA,MIL,away,0,,,needs_review_new_player,identity_name_team_map,No reviewed normalized-name/team identity alias; do not auto-guess.
2026-07-19,2026-07-19T14:40:01.662576+00:00,2026-07-19,DraftKings official lineup CSV,https://www.draftkings.com/lineup/getavailableplayerscsv?contestTypeId=9&draftGroupId=150785,150785,9,Selected largest-prize regular Classic MLB draft group after excluding Turbo/Night/qualifier/satellite/showdown/snake/single-stat slates.,SS,Christian Cairo (43631366),Christian Cairo,43631366,SS,2000,NYM@PHI 07/19/2026 01:35PM ET,07/19/2026 01:35PM ET,PHI,NYM,home,0,686551,Christian Cairo,mapped,identity_name_team_map,Stable identity seed from old DK-ID map. Pilot join status: matched_people_search_name via mlb_people_search_normalized_name
2026-07-19,2026-07-19T14:40:01.662576+00:00,2026-07-19,DraftKings official lineup CSV,https://www.draftkings.com/lineup/getavailableplayerscsv?contestTypeId=9&draftGroupId=150785,150785,9,Selected largest-prize regular Classic MLB draft group after excluding Turbo/Night/qualifier/satellite/showdown/snake/single-stat slates.,2B/SS,Jadher Areinamo (43631367),Jadher Areinamo,43631367,2B/SS,2000,TB@BOS 07/19/2026 01:35PM ET,07/19/2026 01:35PM ET,TB,BOS,away,0,,,needs_review_new_player,identity_name_team_map,No reviewed normalized-name/team identity alias; do not auto-guess.
2026-07-19,2026-07-19T14:40:01.662576+00:00,2026-07-19,DraftKings official lineup CSV,https://www.draftkings.com/lineup/getavailableplayerscsv?contestTypeId=9&draftGroupId=150785,150785,9,Selected largest-prize regular Classic MLB draft group after excluding Turbo/Night/qualifier/satellite/showdown/snake/single-stat slates.,3B/SS,Sergio Alcantara (43631369),Sergio Alcantara,43631369,3B/SS,2000,NYM@PHI 07/19/2026 01:35PM ET,07/19/2026 01:35PM ET,PHI,NYM,home,0,642727,Sergio Alcántara,mapped,identity_name_team_map,Stable identity seed from old DK-ID map. Pilot join status: matched_people_search_name via mlb_people_search_normalized_name
2026-07-19,2026-07-19T14:40:01.662576+00:00,2026-07-19,DraftKings official lineup CSV,https://www.draftkings.com/lineup/getavailableplayerscsv?contestTypeId=9&draftGroupId=150785,150785,9,Selected largest-prize regular Classic MLB draft group after excluding Turbo/Night/qualifier/satellite/showdown/snake/single-stat slates.,2B,James Triantos (43631371),James Triantos,43631371,2B,2000,MIN@CHC 07/19/2026 02:20PM ET,07/19/2026 02:20PM ET,CHC,MIN,home,0,701649,James Triantos,mapped,identity_name_team_map,Stable identity seed from old DK-ID map. Pilot join status: matched_people_search_name via mlb_people_search_normalized_name
2026-07-19,2026-07-19T14:40:01.662576+00:00,2026-07-19,DraftKings official lineup CSV,https://www.draftkings.com/lineup/getavailableplayerscsv?contestTypeId=9&draftGroupId=150785,150785,9,Selected largest-prize regular Classic MLB draft group after excluding Turbo/Night/qualifier/satellite/showdown/snake/single-stat slates.,OF,Reed Trimble (43631372),Reed Trimble,43631372,OF,2000,BAL@HOU 07/19/2026 02:10PM ET,07/19/2026 02:10PM ET,BAL,HOU,away,0,,,needs_review_new_player,identity_name_team_map,No reviewed normalized-name/team identity alias; do not auto-guess.
2026-07-19,2026-07-19T14:40:01.662576+00:00,2026-07-19,DraftKings official lineup CSV,https://www.draftkings.com/lineup/getavailableplayerscsv?contestTypeId=9&draftGroupId=150785,150785,9,Selected largest-prize regular Classic MLB draft group after excluding Turbo/Night/qualifier/satellite/showdown/snake/single-stat slates.,1B/OF,Tyler Austin (43631373),Tyler Austin,43631373,1B/OF,2000,MIN@CHC 07/19/2026 02:20PM ET,07/19/2026 02:20PM ET,CHC,MIN,home,0,592122,Tyler Austin,mapped,identity_name_team_map,Stable identity seed from old DK-ID map. Pilot join status: matched_people_search_name via mlb_people_search_normalized_name
2026-07-19,2026-07-19T14:40:01.662576+00:00,2026-07-19,DraftKings official lineup CSV,https://www.draftkings.com/lineup/getavailableplayerscsv?contestTypeId=9&draftGroupId=150785,150785,9,Selected largest-prize regular Classic MLB draft group after excluding Turbo/Night/qualifier/satellite/showdown/snake/single-stat slates.,OF,Emmanuel Rodriguez (43631375),Emmanuel Rodriguez,43631375,OF,2000,MIN@CHC 07/19/2026 02:20PM ET,07/19/2026 02:20PM ET,MIN,CHC,away,0,,,needs_review_new_player,identity_name_team_map,No reviewed normalized-name/team identity alias; do not auto-guess.
2026-07-19,2026-07-19T14:40:01.662576+00:00,2026-07-19,DraftKings official lineup CSV,https://www.draftkings.com/lineup/getavailableplayerscsv?contestTypeId=9&draftGroupId=150785,150785,9,Selected largest-prize regular Classic MLB draft group after excluding Turbo/Night/qualifier/satellite/showdown/snake/single-stat slates.,SS,Angel Genao (43631376),Angel Genao,43631376,SS,2000,PIT@CLE 07/19/2026 01:40PM ET,07/19/2026 01:40PM ET,CLE,PIT,home,0,,,needs_review_new_player,identity_name_team_map,No reviewed normalized-name/team identity alias; do not auto-guess.
2026-07-19,2026-07-19T14:40:01.662576+00:00,2026-07-19,DraftKings official lineup CSV,https://www.draftkings.com/lineup/getavailableplayerscsv?contestTypeId=9&draftGroupId=150785,150785,9,Selected largest-prize regular Classic MLB draft group after excluding Turbo/Night/qualifier/satellite/showdown/snake/single-stat slates.,OF,Jurickson Profar (43631377),Jurickson Profar,43631377,OF,2000,TEX@ATL 07/19/2026 01:35PM ET,07/19/2026 01:35PM ET,ATL,TEX,home,0,595777,Jurickson Profar,mapped,identity_name_team_map,Stable identity seed from old DK-ID map. Pilot join status: matched_people_search_name via mlb_people_search_normalized_name
2026-07-19,2026-07-19T14:40:01.662576+00:00,2026-07-19,DraftKings official lineup CSV,https://www.draftkings.com/lineup/getavailableplayerscsv?contestTypeId=9&draftGroupId=150785,150785,9,Selected largest-prize regular Classic MLB draft group after excluding Turbo/Night/qualifier/satellite/showdown/snake/single-stat slates.,SS,Carlos Correa (43631378),Carlos Correa,43631378,SS,2000,BAL@HOU 07/19/2026 02:10PM ET,07/19/2026 02:10PM ET,HOU,BAL,home,8,621043,Carlos Correa,mapped,identity_name_team_map,Stable identity seed from old DK-ID map. Pilot join status: matched via normalized_name_team
2026-07-19,2026-07-19T14:40:01.662576+00:00,2026-07-19,DraftKings official lineup CSV,https://www.draftkings.com/lineup/getavailableplayerscsv?contestTypeId=9&draftGroupId=150785,150785,9,Selected largest-prize regular Classic MLB draft group after excluding Turbo/Night/qualifier/satellite/showdown/snake/single-stat slates.,1B,Triston Casas (43631379),Triston Casas,43631379,1B,2000,TB@BOS 07/19/2026 01:35PM ET,07/19/2026 01:35PM ET,BOS,TB,home,0,,,needs_review_new_player,identity_name_team_map,No reviewed normalized-name/team identity alias; do not auto-guess.
2026-07-19,2026-07-19T14:40:01.662576+00:00,2026-07-19,DraftKings official lineup CSV,https://www.draftkings.com/lineup/getavailableplayerscsv?contestTypeId=9&draftGroupId=150785,150785,9,Selected largest-prize regular Classic MLB draft group after excluding Turbo/Night/qualifier/satellite/showdown/snake/single-stat slates.,2B/3B,Maximo Acosta (43631380),Maximo Acosta,43631380,2B/3B,2000,MIA@MIL 07/19/2026 02:10PM ET,07/19/2026 02:10PM ET,MIA,MIL,away,0,,,needs_review_new_player,identity_name_team_map,No reviewed normalized-name/team identity alias; do not auto-guess.
2026-07-19,2026-07-19T14:40:01.662576+00:00,2026-07-19,DraftKings official lineup CSV,https://www.draftkings.com/lineup/getavailableplayerscsv?contestTypeId=9&draftGroupId=150785,150785,9,Selected largest-prize regular Classic MLB draft group after excluding Turbo/Night/qualifier/satellite/showdown/snake/single-stat slates.,2B,Kristian Campbell (43631382),Kristian Campbell,43631382,2B,2000,TB@BOS 07/19/2026 01:35PM ET,07/19/2026 01:35PM ET,BOS,TB,home,0,,,needs_review_new_player,identity_name_team_map,No reviewed normalized-name/team identity alias; do not auto-guess.
2026-07-19,2026-07-19T14:40:01.662576+00:00,2026-07-19,DraftKings official lineup CSV,https://www.draftkings.com/lineup/getavailableplayerscsv?contestTypeId=9&draftGroupId=150785,150785,9,Selected largest-prize regular Classic MLB draft group after excluding Turbo/Night/qualifier/satellite/showdown/snake/single-stat slates.,OF,Tyler Black (43631383),Tyler Black,43631383,OF,2000,MIA@MIL 07/19/2026 02:10PM ET,07/19/2026 02:10PM ET,MIL,MIA,home,6.1,672012,Tyler Black,mapped,identity_name_team_map,Stable identity seed from old DK-ID map. Pilot join status: matched via normalized_name_team
2026-07-19,2026-07-19T14:40:01.662576+00:00,2026-07-19,DraftKings official lineup CSV,https://www.draftkings.com/lineup/getavailableplayerscsv?contestTypeId=9&draftGroupId=150785,150785,9,Selected largest-prize regular Classic MLB draft group after excluding Turbo/Night/qualifier/satellite/showdown/snake/single-stat slates.,OF,Dairon Blanco (43631384),Dairon Blanco,43631384,OF,2000,TEX@ATL 07/19/2026 01:35PM ET,07/19/2026 01:35PM ET,TEX,ATL,away,0,680118,Dairon Blanco,mapped,identity_name_team_map,Stable identity seed from old DK-ID map. Pilot join status: matched_people_search_name via mlb_people_search_normalized_name
2026-07-19,2026-07-19T14:40:01.662576+00:00,2026-07-19,DraftKings official lineup CSV,https://www.draftkings.com/lineup/getavailableplayerscsv?contestTypeId=9&draftGroupId=150785,150785,9,Selected largest-prize regular Classic MLB draft group after excluding Turbo/Night/qualifier/satellite/showdown/snake/single-stat slates.,OF,Heston Kjerstad (43631385),Heston Kjerstad,43631385,OF,2000,BAL@HOU 07/19/2026 02:10PM ET,07/19/2026 02:10PM ET,BAL,HOU,away,0,,,needs_review_new_player,identity_name_team_map,No reviewed normalized-name/team identity alias; do not auto-guess.
2026-07-19,2026-07-19T14:40:01.662576+00:00,2026-07-19,DraftKings official lineup CSV,https://www.draftkings.com/lineup/getavailableplayerscsv?contestTypeId=9&draftGroupId=150785,150785,9,Selected largest-prize regular Classic MLB draft group after excluding Turbo/Night/qualifier/satellite/showdown/snake/single-stat slates.,OF,Cooper Ingle (43631386),Cooper Ingle,43631386,OF,2000,PIT@CLE 07/19/2026 01:40PM ET,07/19/2026 01:40PM ET,CLE,PIT,home,2.6,,,needs_review_new_player,identity_name_team_map,No reviewed normalized-name/team identity alias; do not auto-guess.
2026-07-19,2026-07-19T14:40:01.662576+00:00,2026-07-19,DraftKings official lineup CSV,https://www.draftkings.com/lineup/getavailableplayerscsv?contestTypeId=9&draftGroupId=150785,150785,9,Selected largest-prize regular Classic MLB draft group after excluding Turbo/Night/qualifier/satellite/showdown/snake/single-stat slates.,OF,Bryan De La Cruz (43631387),Bryan De La Cruz,43631387,OF,2000,NYM@PHI 07/19/2026 01:35PM ET,07/19/2026 01:35PM ET,PHI,NYM,home,0,,,needs_review_new_player,identity_name_team_map,No reviewed normalized-name/team identity alias; do not auto-guess.
2026-07-19,2026-07-19T14:40:01.662576+00:00,2026-07-19,DraftKings official lineup CSV,https://www.draftkings.com/lineup/getavailableplayerscsv?contestTypeId=9&draftGroupId=150785,150785,9,Selected largest-prize regular Classic MLB draft group after excluding Turbo/Night/qualifier/satellite/showdown/snake/single-stat slates.,1B/OF,CJ Kayfus (43631388),CJ Kayfus,43631388,1B/OF,2000,PIT@CLE 07/19/2026 01:40PM ET,07/19/2026 01:40PM ET,CLE,PIT,home,4.3,,,needs_review_new_player,identity_name_team_map,No reviewed normalized-name/team identity alias; do not auto-guess.
2026-07-19,2026-07-19T14:40:01.662576+00:00,2026-07-19,DraftKings official lineup CSV,https://www.draftkings.com/lineup/getavailableplayerscsv?contestTypeId=9&draftGroupId=150785,150785,9,Selected largest-prize regular Classic MLB draft group after excluding Turbo/Night/qualifier/satellite/showdown/snake/single-stat slates.,C,Bo Naylor (43631390),Bo Naylor,43631390,C,2000,PIT@CLE 07/19/2026 01:40PM ET,07/19/2026 01:40PM ET,CLE,PIT,home,3.1,,,needs_review_new_player,identity_name_team_map,No reviewed normalized-name/team identity alias; do not auto-guess.
2026-07-19,2026-07-19T14:40:01.662576+00:00,2026-07-19,DraftKings official lineup CSV,https://www.draftkings.com/lineup/getavailableplayerscsv?contestTypeId=9&draftGroupId=150785,150785,9,Selected largest-prize regular Classic MLB draft group after excluding Turbo/Night/qualifier/satellite/showdown/snake/single-stat slates.,2B,Juan Brito (43631391),Juan Brito,43631391,2B,2000,PIT@CLE 07/19/2026 01:40PM ET,07/19/2026 01:40PM ET,CLE,PIT,home,4.3,,,needs_review_new_player,identity_name_team_map,No reviewed normalized-name/team identity alias; do not auto-guess.
2026-07-19,2026-07-19T14:40:01.662576+00:00,2026-07-19,DraftKings official lineup CSV,https://www.draftkings.com/lineup/getavailableplayerscsv?contestTypeId=9&draftGroupId=150785,150785,9,Selected largest-prize regular Classic MLB draft group after excluding Turbo/Night/qualifier/satellite/showdown/snake/single-stat slates.,OF,Kyler Fedko (43631392),Kyler Fedko,43631392,OF,2000,MIN@CHC 07/19/2026 02:20PM ET,07/19/2026 02:20PM ET,MIN,CHC,away,0.6,,,needs_review_new_player,identity_name_team_map,No reviewed normalized-name/team identity alias; do not auto-guess.
2026-07-19,2026-07-19T14:40:01.662576+00:00,2026-07-19,DraftKings official lineup CSV,https://www.draftkings.com/lineup/getavailableplayerscsv?contestTypeId=9&draftGroupId=150785,150785,9,Selected largest-prize regular Classic MLB draft group after excluding Turbo/Night/qualifier/satellite/showdown/snake/single-stat slates.,C,Collin Price (43631393),Collin Price,43631393,C,2000,BAL@HOU 07/19/2026 02:10PM ET,07/19/2026 02:10PM ET,HOU,BAL,home,1.7,805672,Collin Price,mapped,identity_name_team_map,Stable identity seed from old DK-ID map. Pilot join status: matched via normalized_name_team
2026-07-19,2026-07-19T14:40:01.662576+00:00,2026-07-19,DraftKings official lineup CSV,https://www.draftkings.com/lineup/getavailableplayerscsv?contestTypeId=9&draftGroupId=150785,150785,9,Selected largest-prize regular Classic MLB draft group after excluding Turbo/Night/qualifier/satellite/showdown/snake/single-stat slates.,OF,Nick Morabito (43631394),Nick Morabito,43631394,OF,2000,NYM@PHI 07/19/2026 01:35PM ET,07/19/2026 01:35PM ET,NYM,PHI,away,0.4,703492,Nick Morabito,mapped,identity_name_team_map,Stable identity seed from old DK-ID map. Pilot join status: matched via normalized_name_team
2026-07-19,2026-07-19T14:40:01.662576+00:00,2026-07-19,DraftKings official lineup CSV,https://www.draftkings.com/lineup/getavailableplayerscsv?contestTypeId=9&draftGroupId=150785,150785,9,Selected largest-prize regular Classic MLB draft group after excluding Turbo/Night/qualifier/satellite/showdown/snake/single-stat slates.,OF,Johnathan Rodriguez (43631395),Johnathan Rodriguez,43631395,OF,2000,BAL@HOU 07/19/2026 02:10PM ET,07/19/2026 02:10PM ET,BAL,HOU,away,1.6,,,needs_review_new_player,identity_name_team_map,No reviewed normalized-name/team identity alias; do not auto-guess.
2026-07-19,2026-07-19T14:40:01.662576+00:00,2026-07-19,DraftKings official lineup CSV,https://www.draftkings.com/lineup/getavailableplayerscsv?contestTypeId=9&draftGroupId=150785,150785,9,Selected largest-prize regular Classic MLB draft group after excluding Turbo/Night/qualifier/satellite/showdown/snake/single-stat slates.,OF,DaShawn Keirsey Jr. (43631396),DaShawn Keirsey Jr.,43631396,OF,2000,TEX@ATL 07/19/2026 01:35PM ET,07/19/2026 01:35PM ET,ATL,TEX,home,0,680577,DaShawn Keirsey Jr.,mapped,identity_name_team_map,Stable identity seed from old DK-ID map. Pilot join status: matched_people_search_name via mlb_people_search_normalized_name
2026-07-19,2026-07-19T14:40:01.662576+00:00,2026-07-19,DraftKings official lineup CSV,https://www.draftkings.com/lineup/getavailableplayerscsv?contestTypeId=9&draftGroupId=150785,150785,9,Selected largest-prize regular Classic MLB draft group after excluding Turbo/Night/qualifier/satellite/showdown/snake/single-stat slates.,3B/SS,Raynel Delgado (43631397),Raynel Delgado,43631397,3B/SS,2000,BAL@HOU 07/19/2026 02:10PM ET,07/19/2026 02:10PM ET,HOU,BAL,home,3.2,,,needs_review_new_player,identity_name_team_map,No reviewed normalized-name/team identity alias; do not auto-guess.
2026-07-19,2026-07-19T14:40:01.662576+00:00,2026-07-19,DraftKings official lineup CSV,https://www.draftkings.com/lineup/getavailableplayerscsv?contestTypeId=9&draftGroupId=150785,150785,9,Selected largest-prize regular Classic MLB draft group after excluding Turbo/Night/qualifier/satellite/showdown/snake/single-stat slates.,2B,Will Wagner (43631399),Will Wagner,43631399,2B,2000,SD@KC 07/19/2026 02:10PM ET,07/19/2026 02:10PM ET,SD,KC,away,3.7,695238,Will Wagner,mapped,identity_name_team_map,Stable identity seed from old DK-ID map. Pilot join status: matched_people_search_name via mlb_people_search_normalized_name
2026-07-19,2026-07-19T14:40:01.662576+00:00,2026-07-19,DraftKings official lineup CSV,https://www.draftkings.com/lineup/getavailableplayerscsv?contestTypeId=9&draftGroupId=150785,150785,9,Selected largest-prize regular Classic MLB draft group after excluding Turbo/Night/qualifier/satellite/showdown/snake/single-stat slates.,OF,Michael Helman (43631400),Michael Helman,43631400,OF,2000,TEX@ATL 07/19/2026 01:35PM ET,07/19/2026 01:35PM ET,TEX,ATL,away,2.5,680737,Michael Helman,mapped,identity_name_team_map,Stable identity seed from old DK-ID map. Pilot join status: matched via normalized_name_team
2026-07-19,2026-07-19T14:40:01.662576+00:00,2026-07-19,DraftKings official lineup CSV,https://www.draftkings.com/lineup/getavailableplayerscsv?contestTypeId=9&draftGroupId=150785,150785,9,Selected largest-prize regular Classic MLB draft group after excluding Turbo/Night/qualifier/satellite/showdown/snake/single-stat slates.,OF,Matthew Lugo (43631401),Matthew Lugo,43631401,OF,2000,SD@KC 07/19/2026 02:10PM ET,07/19/2026 02:10PM ET,KC,SD,home,0,683090,Matthew Lugo,mapped,identity_name_team_map,Stable identity seed from old DK-ID map. Pilot join status: matched_people_search_name via mlb_people_search_normalized_name
2026-07-19,2026-07-19T14:40:01.662576+00:00,2026-07-19,DraftKings official lineup CSV,https://www.draftkings.com/lineup/getavailableplayerscsv?contestTypeId=9&draftGroupId=150785,150785,9,Selected largest-prize regular Classic MLB draft group after excluding Turbo/Night/qualifier/satellite/showdown/snake/single-stat slates.,2B/3B,Pablo Reyes (43631402),Pablo Reyes,43631402,2B/3B,2000,SD@KC 07/19/2026 02:10PM ET,07/19/2026 02:10PM ET,SD,KC,away,0,,,needs_review_new_player,identity_name_team_map,No reviewed normalized-name/team identity alias; do not auto-guess.
2026-07-19,2026-07-19T14:40:01.662576+00:00,2026-07-19,DraftKings official lineup CSV,https://www.draftkings.com/lineup/getavailableplayerscsv?contestTypeId=9&draftGroupId=150785,150785,9,Selected largest-prize regular Classic MLB draft group after excluding Turbo/Night/qualifier/satellite/showdown/snake/single-stat slates.,OF,Steward Berroa (43631404),Steward Berroa,43631404,OF,2000,NYM@PHI 07/19/2026 01:35PM ET,07/19/2026 01:35PM ET,PHI,NYM,home,0.8,672642,Steward Berroa,mapped,identity_name_team_map,Stable identity seed from old DK-ID map. Pilot join status: matched via normalized_name_team
2026-07-19,2026-07-19T14:40:01.662576+00:00,2026-07-19,DraftKings official lineup CSV,https://www.draftkings.com/lineup/getavailableplayerscsv?contestTypeId=9&draftGroupId=150785,150785,9,Selected largest-prize regular Classic MLB draft group after excluding Turbo/Night/qualifier/satellite/showdown/snake/single-stat slates.,C,Hayden Senger (43631405),Hayden Senger,43631405,C,2000,NYM@PHI 07/19/2026 01:35PM ET,07/19/2026 01:35PM ET,NYM,PHI,away,3,663584,Hayden Senger,mapped,identity_name_team_map,Stable identity seed from old DK-ID map. Pilot join status: matched via normalized_name_team
2026-07-19,2026-07-19T14:40:01.662576+00:00,2026-07-19,DraftKings official lineup CSV,https://www.draftkings.com/lineup/getavailableplayerscsv?contestTypeId=9&draftGroupId=150785,150785,9,Selected largest-prize regular Classic MLB draft group after excluding Turbo/Night/qualifier/satellite/showdown/snake/single-stat slates.,1B,Deyvison De Los Santos (43631406),Deyvison De Los Santos,43631406,1B,2000,MIA@MIL 07/19/2026 02:10PM ET,07/19/2026 02:10PM ET,MIA,MIL,away,2.7,691277,Deyvison De Los Santos,mapped,identity_name_team_map,Proposed from review candidates; basis=exact normalized name + team; role-compatible; statcast_batter_des_2026; confidence=high; sources=statcast_batter_des_2026
2026-07-19,2026-07-19T14:40:01.662576+00:00,2026-07-19,DraftKings official lineup CSV,https://www.draftkings.com/lineup/getavailableplayerscsv?contestTypeId=9&draftGroupId=150785,150785,9,Selected largest-prize regular Classic MLB draft group after excluding Turbo/Night/qualifier/satellite/showdown/snake/single-stat slates.,2B/SS,Carson Williams (43631407),Carson Williams,43631407,2B/SS,2000,TB@BOS 07/19/2026 01:35PM ET,07/19/2026 01:35PM ET,TB,BOS,away,2.8,,,needs_review_new_player,identity_name_team_map,No reviewed normalized-name/team identity alias; do not auto-guess.
2026-07-19,2026-07-19T14:40:01.662576+00:00,2026-07-19,DraftKings official lineup CSV,https://www.draftkings.com/lineup/getavailableplayerscsv?contestTypeId=9&draftGroupId=150785,150785,9,Selected largest-prize regular Classic MLB draft group after excluding Turbo/Night/qualifier/satellite/showdown/snake/single-stat slates.,C,Blake Hunt (43631409),Blake Hunt,43631409,C,2000,SD@KC 07/19/2026 02:10PM ET,07/19/2026 02:10PM ET,SD,KC,away,0,,,needs_review_new_player,identity_name_team_map,No reviewed normalized-name/team identity alias; do not auto-guess.
2026-07-19,2026-07-19T14:40:01.662576+00:00,2026-07-19,DraftKings official lineup CSV,https://www.draftkings.com/lineup/getavailableplayerscsv?contestTypeId=9&draftGroupId=150785,150785,9,Selected largest-prize regular Classic MLB draft group after excluding Turbo/Night/qualifier/satellite/showdown/snake/single-stat slates.,2B,Cody Freeman (43631410),Cody Freeman,43631410,2B,2000,TEX@ATL 07/19/2026 01:35PM ET,07/19/2026 01:35PM ET,TEX,ATL,away,2.3,683227,Cody Freeman,mapped,identity_name_team_map,Stable identity seed from old DK-ID map. Pilot join status: matched via normalized_name_team
2026-07-19,2026-07-19T14:40:01.662576+00:00,2026-07-19,DraftKings official lineup CSV,https://www.draftkings.com/lineup/getavailableplayerscsv?contestTypeId=9&draftGroupId=150785,150785,9,Selected largest-prize regular Classic MLB draft group after excluding Turbo/Night/qualifier/satellite/showdown/snake/single-stat slates.,SS,Jack Brannigan (43631411),Jack Brannigan,43631411,SS,2000,PIT@CLE 07/19/2026 01:40PM ET,07/19/2026 01:40PM ET,PIT,CLE,away,0,,,needs_review_new_player,identity_name_team_map,No reviewed normalized-name/team identity alias; do not auto-guess.
2026-07-19,2026-07-19T14:40:01.662576+00:00,2026-07-19,DraftKings official lineup CSV,https://www.draftkings.com/lineup/getavailableplayerscsv?contestTypeId=9&draftGroupId=150785,150785,9,Selected largest-prize regular Classic MLB draft group after excluding Turbo/Night/qualifier/satellite/showdown/snake/single-stat slates.,OF,Daniel Johnson (43631412),Daniel Johnson,43631412,OF,2000,BAL@HOU 07/19/2026 02:10PM ET,07/19/2026 02:10PM ET,HOU,BAL,home,1.8,669288,Daniel Johnson,mapped,identity_name_team_map,Stable identity seed from old DK-ID map. Pilot join status: matched via normalized_name_team
2026-07-19,2026-07-19T14:40:01.662576+00:00,2026-07-19,DraftKings official lineup CSV,https://www.draftkings.com/lineup/getavailableplayerscsv?contestTypeId=9&draftGroupId=150785,150785,9,Selected largest-prize regular Classic MLB draft group after excluding Turbo/Night/qualifier/satellite/showdown/snake/single-stat slates.,OF,Jacob Melton (43631413),Jacob Melton,43631413,OF,2000,TB@BOS 07/19/2026 01:35PM ET,07/19/2026 01:35PM ET,TB,BOS,away,0,,,needs_review_new_player,identity_name_team_map,No reviewed normalized-name/team identity alias; do not auto-guess.
2026-07-19,2026-07-19T14:40:01.662576+00:00,2026-07-19,DraftKings official lineup CSV,https://www.draftkings.com/lineup/getavailableplayerscsv?contestTypeId=9&draftGroupId=150785,150785,9,Selected largest-prize regular Classic MLB draft group after excluding Turbo/Night/qualifier/satellite/showdown/snake/single-stat slates.,2B/OF,Greg Jones (43631414),Greg Jones,43631414,2B/OF,2000,MIA@MIL 07/19/2026 02:10PM ET,07/19/2026 02:10PM ET,MIL,MIA,home,1.1,,,needs_review_new_player,identity_name_team_map,No reviewed normalized-name/team identity alias; do not auto-guess.
2026-07-19,2026-07-19T14:40:01.662576+00:00,2026-07-19,DraftKings official lineup CSV,https://www.draftkings.com/lineup/getavailableplayerscsv?contestTypeId=9&draftGroupId=150785,150785,9,Selected largest-prize regular Classic MLB draft group after excluding Turbo/Night/qualifier/satellite/showdown/snake/single-stat slates.,1B,Davis Wendzel (43631416),Davis Wendzel,43631416,1B,2000,PIT@CLE 07/19/2026 01:40PM ET,07/19/2026 01:40PM ET,PIT,CLE,away,0,,,needs_review_new_player,identity_name_team_map,No reviewed normalized-name/team identity alias; do not auto-guess.
2026-07-19,2026-07-19T14:40:01.662576+00:00,2026-07-19,DraftKings official lineup CSV,https://www.draftkings.com/lineup/getavailableplayerscsv?contestTypeId=9&draftGroupId=150785,150785,9,Selected largest-prize regular Classic MLB draft group after excluding Turbo/Night/qualifier/satellite/showdown/snake/single-stat slates.,1B/3B,Brett Harris (43631417),Brett Harris,43631417,1B/3B,2000,TB@BOS 07/19/2026 01:35PM ET,07/19/2026 01:35PM ET,BOS,TB,home,1,695391,Brett Harris,needs_review_team_change,identity_name_unique_mlbam,Name maps to one reviewed MLBAM identity but not this DK team; review as team-change/new alias before trusting automation.
2026-07-19,2026-07-19T14:40:01.662576+00:00,2026-07-19,DraftKings official lineup CSV,https://www.draftkings.com/lineup/getavailableplayerscsv?contestTypeId=9&draftGroupId=150785,150785,9,Selected largest-prize regular Classic MLB draft group after excluding Turbo/Night/qualifier/satellite/showdown/snake/single-stat slates.,SS,Ha-Seong Kim (43631419),Ha-Seong Kim,43631419,SS,2000,TEX@ATL 07/19/2026 01:35PM ET,07/19/2026 01:35PM ET,ATL,TEX,home,1.9,673490,Ha-Seong Kim,mapped,identity_name_team_map,Stable identity seed from old DK-ID map. Pilot join status: matched via normalized_name_team
2026-07-19,2026-07-19T14:40:01.662576+00:00,2026-07-19,DraftKings official lineup CSV,https://www.draftkings.com/lineup/getavailableplayerscsv?contestTypeId=9&draftGroupId=150785,150785,9,Selected largest-prize regular Classic MLB draft group after excluding Turbo/Night/qualifier/satellite/showdown/snake/single-stat slates.,3B/SS,Oliver Dunn (43631420),Oliver Dunn,43631420,3B/SS,2000,TB@BOS 07/19/2026 01:35PM ET,07/19/2026 01:35PM ET,TB,BOS,away,1.7,,,needs_review_new_player,identity_name_team_map,No reviewed normalized-name/team identity alias; do not auto-guess.
2026-07-19,2026-07-19T14:40:01.662576+00:00,2026-07-19,DraftKings official lineup CSV,https://www.draftkings.com/lineup/getavailableplayerscsv?contestTypeId=9&draftGroupId=150785,150785,9,Selected largest-prize regular Classic MLB draft group after excluding Turbo/Night/qualifier/satellite/showdown/snake/single-stat slates.,1B/OF,Otto Kemp (43631422),Otto Kemp,43631422,1B/OF,2000,NYM@PHI 07/19/2026 01:35PM ET,07/19/2026 01:35PM ET,PHI,NYM,home,0.8,805249,Otto Kemp,mapped,identity_name_team_map,Stable identity seed from old DK-ID map. Pilot join status: matched via normalized_name_team
