season,pitcher_id,pitcher_name,role,IP,K_pct,BB_pct,KBB_pct,WHIP,xWHIP_lgBABIP,old_TC_plus,Command_plus,Traffic_plus,bases_empty_PA,bases_empty_K_pct,bases_empty_BB_pct,bases_empty_KBB_pct,men_on_PA,men_on_K_pct,men_on_BB_pct,men_on_KBB_pct,men_on_KBB_plus,RISP_PA,RISP_K_pct,RISP_BB_pct,RISP_KBB_pct,RISP_KBB_plus,LOB_pct_or_proxy
2024,695243,"Miller, Mason",reliever,65.0,0.417671,0.084337,0.333333,0.876923,0.938352,274.1046,217.078157,131.1352,148,0.472973,0.060811,0.412162,101,0.336634,0.118812,0.217822,159.382832,61,0.262295,0.147541,0.114754,92.519659,0.647059
2024,670955,"Uceta, Edwin",reliever,41.666667,0.358491,0.050314,0.308176,0.816,0.867561,274.095788,200.6949,141.835554,94,0.308511,0.053191,0.255319,66,0.424242,0.045455,0.378788,277.163671,40,0.45,0.075,0.375,302.341029,0.78125
2024,671922,"Smith, Cade",reliever,75.333333,0.356401,0.058824,0.297578,0.902655,0.875292,262.331789,193.792957,140.582744,153,0.379085,0.071895,0.30719,136,0.330882,0.044118,0.286765,209.829203,76,0.315789,0.065789,0.25,201.560686,0.761194
2024,621381,"Strahm, Matt",reliever,62.666667,0.333333,0.046414,0.28692,0.75,0.874526,253.157736,186.852085,140.70591,135,0.355556,0.02963,0.325926,102,0.303922,0.068627,0.235294,172.167551,66,0.257576,0.060606,0.19697,158.805389,0.697674
2024,643377,"Jax, Griffin",reliever,71.0,0.344203,0.054348,0.289855,0.873239,0.914154,244.661158,188.763615,134.606436,159,0.36478,0.056604,0.308176,117,0.316239,0.051282,0.264957,193.872435,73,0.342466,0.068493,0.273973,220.888423,0.724138
2024,676254,"Walker, Ryan",reliever,80.0,0.321429,0.058442,0.262987,0.85,0.926682,218.981167,171.266209,132.786574,167,0.317365,0.065868,0.251497,143,0.321678,0.048951,0.272727,199.557843,81,0.320988,0.049383,0.271605,218.979511,0.730159
2024,621242,"Díaz, Edwin",reliever,53.666667,0.388889,0.092593,0.296296,1.043478,1.055307,216.64601,192.958362,116.602047,121,0.380165,0.066116,0.31405,95,0.4,0.126316,0.273684,200.258046,73,0.410959,0.109589,0.30137,242.977265,0.571429
2024,656546,"Hoffman, Jeff",reliever,66.333333,0.335849,0.060377,0.275472,0.964824,0.993033,214.050823,179.396666,123.914355,146,0.335616,0.054795,0.280822,120,0.333333,0.066667,0.266667,195.123225,71,0.28169,0.098592,0.183099,147.621911,0.724138
2024,455119,"Martin, Chris",reliever,44.333333,0.277778,0.016667,0.261111,1.12782,0.947208,212.707808,170.044557,129.909163,100,0.32,0.01,0.31,80,0.225,0.025,0.2,146.342418,42,0.214286,0.047619,0.166667,134.373791,0.622222
2024,623352,"Hader, Josh",reliever,71.0,0.377698,0.089928,0.28777,0.957746,1.073557,206.834703,187.405603,114.619872,176,0.392045,0.107955,0.284091,102,0.352941,0.058824,0.294118,215.209439,58,0.362069,0.086207,0.275862,222.411791,0.464286
2024,669093,"Estrada, Jeremiah",reliever,61.0,0.373016,0.09127,0.281746,1.065574,1.061801,204.747214,183.482728,115.888915,140,0.385714,0.057143,0.328571,106,0.367925,0.122642,0.245283,179.476551,74,0.351351,0.108108,0.243243,196.1131,0.672131
2024,663485,"Sands, Cole",reliever,71.333333,0.291096,0.041096,0.25,0.995327,0.993614,194.144715,162.808618,123.841804,171,0.280702,0.046784,0.233918,121,0.305785,0.033058,0.272727,199.557843,71,0.295775,0.014085,0.28169,227.110632,0.6
2024,669211,"Akin, Keegan",reliever,78.666667,0.309904,0.060703,0.249201,0.940678,1.035494,185.69743,162.288463,118.833074,187,0.326203,0.069519,0.256684,126,0.285714,0.047619,0.238095,174.217165,69,0.246377,0.057971,0.188406,151.900807,0.553846
2024,595014,"Treinen, Blake",reliever,46.666667,0.304348,0.059783,0.244565,0.942857,1.027695,183.625776,159.2693,119.734873,106,0.311321,0.066038,0.245283,79,0.291139,0.050633,0.240506,175.981389,56,0.339286,0.035714,0.303571,244.752261,0.74359
2024,661403,"Clase, Emmanuel",reliever,74.333333,0.244444,0.037037,0.207407,0.659193,0.896247,178.566436,135.070853,137.295806,181,0.226519,0.038674,0.187845,89,0.280899,0.033708,0.247191,180.872652,54,0.240741,0.037037,0.203704,164.234633,0.893617
2024,669276,"Lee, Dylan",reliever,59.666667,0.316667,0.070833,0.245833,1.106145,1.079073,175.789611,160.095141,114.033942,134,0.350746,0.059701,0.291045,107,0.271028,0.084112,0.186916,136.768615,56,0.267857,0.125,0.142857,115.177535,0.762712
2024,489446,"Yates, Kirby",reliever,61.666667,0.35865,0.118143,0.240506,0.827027,1.05865,175.298204,156.626012,116.23386,144,0.354167,0.118056,0.236111,93,0.365591,0.11828,0.247312,180.961055,60,0.383333,0.133333,0.25,201.560686,0.833333
2024,502085,"Robertson, David",reliever,72.0,0.334459,0.091216,0.243243,1.111111,1.086048,172.820456,158.408385,113.301606,151,0.284768,0.07947,0.205298,146,0.383562,0.109589,0.273973,200.469066,86,0.348837,0.127907,0.22093,178.123397,0.68
2024,628452,"Iglesias, Raisel",reliever,69.333333,0.262548,0.050193,0.212355,0.735577,0.949187,172.629321,138.293035,129.638304,151,0.311258,0.059603,0.251656,108,0.194444,0.037037,0.157407,115.176903,73,0.191781,0.054795,0.136986,110.444211,0.680851
2024,689147,"Kerkering, Orion",reliever,63.0,0.287938,0.066148,0.22179,1.079365,1.016402,168.375826,144.437218,121.065307,137,0.248175,0.065693,0.182482,121,0.330579,0.066116,0.264463,193.510636,72,0.305556,0.055556,0.25,201.560686,0.757576
2024,676395,"Garcia, Robert",reliever,59.666667,0.298805,0.063745,0.23506,1.189944,1.085074,167.156081,153.079019,113.403274,133,0.330827,0.067669,0.263158,118,0.262712,0.059322,0.20339,148.822798,75,0.28,0.053333,0.226667,182.748355,0.58209
2024,596133,"Weaver, Luke",reliever,84.0,0.311178,0.07855,0.232628,0.928571,1.075363,166.920994,151.495632,114.427375,198,0.308081,0.090909,0.217172,133,0.315789,0.06015,0.255639,187.054219,69,0.289855,0.043478,0.246377,198.639517,0.602941
2024,686580,"Slaten, Justin",reliever,55.333333,0.258929,0.040179,0.21875,1.012048,1.027792,164.227628,142.457541,119.723626,131,0.290076,0.045802,0.244275,93,0.215054,0.032258,0.182796,133.753823,48,0.25,0.020833,0.229167,184.763962,0.653846
2024,677053,"Nardi, Andrew",reliever,49.666667,0.333333,0.085714,0.247619,1.248322,1.164377,164.094395,161.25806,105.679659,104,0.384615,0.096154,0.288462,107,0.280374,0.074766,0.205607,150.445477,73,0.260274,0.09589,0.164384,132.533054,0.490909
2024,668674,"Erceg, Lucas",reliever,61.666667,0.284585,0.063241,0.221344,1.054054,1.043089,163.73796,144.146761,117.967825,138,0.289855,0.065217,0.224638,115,0.278261,0.06087,0.217391,159.067846,73,0.273973,0.082192,0.191781,154.621896,0.629032
2024,661395,"Duran, Jhoan",reliever,54.333333,0.289474,0.065789,0.223684,1.159509,1.071581,161.069676,145.670869,114.831268,127,0.307087,0.062992,0.244094,101,0.267327,0.069307,0.19802,144.893484,72,0.319444,0.083333,0.236111,190.36287,0.627119
2024,643410,"Leiter Jr., Mark",reliever,58.0,0.335938,0.085938,0.25,1.327586,1.203511,160.285178,162.808618,102.243347,126,0.373016,0.071429,0.301587,130,0.3,0.1,0.2,146.342418,84,0.297619,0.083333,0.214286,172.766302,0.57971
2024,518585,"Cruz, Fernando",reliever,66.666667,0.378472,0.121528,0.256944,1.335,1.239622,159.938588,167.33108,99.264904,151,0.437086,0.092715,0.344371,137,0.313869,0.153285,0.160584,117.501212,103,0.271845,0.174757,0.097087,78.275995,0.55
2024,641729,"Jiménez, Joe",reliever,68.666667,0.296029,0.083032,0.212996,0.990291,1.066445,154.112261,138.710591,115.384282,156,0.314103,0.096154,0.217949,121,0.272727,0.066116,0.206612,151.180184,64,0.234375,0.078125,0.15625,125.975429,0.69697
2024,592094,"Adam, Jason",reliever,73.666667,0.287234,0.08156,0.205674,0.855204,1.03873,152.784646,133.941842,118.462946,179,0.301676,0.055866,0.24581,105,0.257143,0.12381,0.133333,97.561612,74,0.216216,0.162162,0.054054,43.580689,0.724138
2024,656464,"Ginkel, Kevin",reliever,70.0,0.264605,0.051546,0.213058,1.2,1.084451,151.597519,138.750987,113.468443,151,0.251656,0.05298,0.198675,140,0.278571,0.05,0.228571,167.248478,93,0.290323,0.053763,0.236559,190.72409,0.679487
2024,662253,"Muñoz, Andrés",reliever,59.333333,0.331897,0.112069,0.219828,0.960674,1.12693,150.518108,143.159302,109.191357,146,0.363014,0.082192,0.280822,86,0.27907,0.162791,0.116279,85.082801,60,0.283333,0.15,0.133333,107.499032,0.72549
2024,664854,"Helsley, Ryan",reliever,66.333333,0.296992,0.086466,0.210526,1.100503,1.092754,148.657731,137.101994,112.606332,141,0.312057,0.078014,0.234043,125,0.28,0.096,0.184,134.635025,80,0.3125,0.1125,0.2,161.248549,0.785714
2024,687330,"Kelly, Kevin",reliever,70.666667,0.226619,0.032374,0.194245,0.962264,1.0158,147.551689,126.498782,121.137031,160,0.23125,0.0375,0.19375,119,0.218487,0.02521,0.193277,141.423346,80,0.25,0.0375,0.2125,171.326583,0.655738
2024,683769,"Gaddis, Hunter",reliever,74.666667,0.23741,0.05036,0.18705,0.763393,0.980385,147.219403,121.813642,125.512855,178,0.264045,0.050562,0.213483,100,0.19,0.05,0.14,102.439693,60,0.25,0.05,0.2,161.248549,0.754717
2024,650556,"Abreu, Bryan",reliever,78.333333,0.316923,0.098462,0.218462,1.161702,1.168768,144.228119,142.269685,105.282613,173,0.323699,0.104046,0.219653,152,0.309211,0.092105,0.217105,158.858546,92,0.347826,0.086957,0.26087,210.324194,0.670732
2024,663542,"Hudson, Bryan",reliever,62.333333,0.268398,0.073593,0.194805,0.721925,1.042232,144.224685,126.863858,118.06489,148,0.236486,0.094595,0.141892,83,0.325301,0.036145,0.289157,211.5794,38,0.315789,0.052632,0.263158,212.169143,0.684211
2024,687863,"Hodge, Porter",reliever,43.0,0.317073,0.115854,0.20122,0.883721,1.096474,141.603906,131.041083,112.224285,94,0.319149,0.12766,0.191489,70,0.314286,0.1,0.214286,156.795448,39,0.307692,0.102564,0.205128,165.383127,0.75
2024,607481,"Bummer, Aaron",reliever,55.333333,0.282787,0.07377,0.209016,1.427711,1.159549,139.089628,136.118681,106.119721,116,0.241379,0.068966,0.172414,130,0.315385,0.076923,0.238462,174.485191,84,0.345238,0.107143,0.238095,191.962558,0.714286
2024,656730,"Megill, Trevor",reliever,46.333333,0.273224,0.076503,0.196721,1.014388,1.097066,138.363636,128.111699,112.163683,108,0.268519,0.064815,0.203704,76,0.276316,0.092105,0.184211,134.78907,53,0.301887,0.132075,0.169811,136.909145,0.674419
2024,663423,"Thornton, Trent",reliever,72.333333,0.261905,0.064626,0.197279,1.133641,1.104302,137.846687,128.474828,111.42878,167,0.335329,0.05988,0.275449,130,0.161538,0.069231,0.092308,67.542655,82,0.158537,0.073171,0.085366,68.8256,0.608108
2024,668338,"Miller, Tyson",reliever,62.0,0.229787,0.046809,0.182979,0.806452,1.026038,137.606947,119.162052,119.928242,139,0.223022,0.035971,0.18705,96,0.239583,0.0625,0.177083,129.574016,65,0.215385,0.076923,0.138462,111.633611,0.627907
2024,676428,"Hurter, Brant",reliever,45.333333,0.217143,0.034286,0.182857,0.882353,1.028111,137.23823,119.082875,119.686422,122,0.221311,0.040984,0.180328,53,0.207547,0.018868,0.188679,138.058885,26,0.230769,0.0,0.230769,186.056018,0.638889
2024,640462,"Puk, A.J.",reliever,71.333333,0.29932,0.095238,0.204082,1.107477,1.155019,136.338373,132.904994,106.535878,158,0.329114,0.082278,0.246835,136,0.264706,0.110294,0.154412,112.984955,85,0.235294,0.129412,0.105882,85.366879,0.662162
2024,681911,"Vesia, Alex",reliever,66.333333,0.330798,0.125475,0.205323,0.994975,1.17241,135.133132,133.713542,104.955581,145,0.337931,0.110345,0.227586,114,0.315789,0.140351,0.175439,128.370543,74,0.391892,0.108108,0.283784,228.798616,0.779661
2024,656550,"Holmes, Grant",reliever,68.333333,0.248227,0.053191,0.195035,1.185366,1.121284,134.215142,127.013815,109.741183,164,0.280488,0.04878,0.231707,118,0.20339,0.059322,0.144068,105.416149,64,0.1875,0.0625,0.125,100.780343,0.635135
2024,676092,"Snider, Collin",reliever,41.666667,0.278107,0.076923,0.201183,1.176,1.157181,134.151061,131.017586,106.336804,87,0.310345,0.068966,0.241379,83,0.240964,0.084337,0.156627,114.605508,54,0.222222,0.111111,0.111111,89.582527,0.795455
2024,547973,"Chapman, Aroldis",reliever,61.666667,0.369811,0.14717,0.222642,1.345946,1.283595,133.838623,144.991826,95.864327,144,0.409722,0.152778,0.256944,120,0.325,0.133333,0.191667,140.244818,75,0.346667,0.093333,0.253333,204.248162,0.666667
2024,623465,"Phillips, Evan",reliever,54.666667,0.276316,0.074561,0.201754,1.189024,1.164791,133.652886,131.389411,105.642108,123,0.308943,0.04878,0.260163,102,0.235294,0.107843,0.127451,93.257424,69,0.231884,0.144928,0.086957,70.108065,0.627119
2024,657585,"Garrett, Reed",reliever,57.333333,0.336032,0.121457,0.214575,1.395349,1.261346,131.264713,139.738571,97.55528,116,0.405172,0.12931,0.275862,131,0.274809,0.114504,0.160305,117.297358,87,0.264368,0.137931,0.126437,101.938738,0.675676
2024,445276,"Jansen, Kenley",reliever,54.666667,0.284404,0.091743,0.192661,1.060976,1.135251,130.949593,125.467192,108.390959,137,0.313869,0.065693,0.248175,83,0.228916,0.13253,0.096386,70.526467,62,0.241935,0.145161,0.096774,78.023491,0.62963
2024,622786,"Tinoco, Jesus",reliever,40.666667,0.259259,0.074074,0.185185,0.959016,1.097578,130.189033,120.598976,112.111423,101,0.237624,0.019802,0.217822,61,0.295082,0.163934,0.131148,95.962242,39,0.333333,0.128205,0.205128,165.383127,0.583333
2024,571948,"Milner, Hoby",reliever,64.666667,0.238806,0.052239,0.186567,1.190722,1.109005,129.809065,121.498969,110.956185,134,0.268657,0.052239,0.216418,135,0.207407,0.051852,0.155556,113.821881,89,0.213483,0.044944,0.168539,135.883608,0.521127
2024,608032,"Estévez, Carlos",reliever,55.0,0.235849,0.056604,0.179245,0.909091,1.069771,129.288643,116.730707,115.025557,130,0.2,0.030769,0.169231,83,0.289157,0.096386,0.192771,141.052933,57,0.280702,0.140351,0.140351,113.156876,0.666667
2024,663947,"Holton, Tyler",reliever,94.333333,0.217514,0.048023,0.169492,0.784452,1.015153,128.830868,110.378724,121.214241,220,0.195455,0.045455,0.15,134,0.253731,0.052239,0.201493,147.434526,64,0.265625,0.078125,0.1875,151.170514,0.656716
2024,596001,"Junis, Jakob",reliever,67.0,0.201581,0.031621,0.16996,0.850746,1.032363,127.03362,110.68412,119.193464,167,0.191617,0.035928,0.155689,86,0.22093,0.023256,0.197674,144.640762,54,0.203704,0.037037,0.166667,134.373791,0.591837
2024,607259,"Martinez, Nick",reliever,142.333333,0.203509,0.031579,0.17193,1.025761,1.060834,125.056817,111.966629,115.994622,344,0.218023,0.02907,0.188953,226,0.181416,0.035398,0.146018,106.842916,139,0.201439,0.035971,0.165468,133.407073,0.631579
2024,663546,"Hjelle, Sean",reliever,80.666667,0.222552,0.041543,0.181009,1.214876,1.125913,124.050535,117.879237,109.289996,187,0.251337,0.042781,0.208556,150,0.186667,0.04,0.146667,107.317774,88,0.170455,0.045455,0.125,100.780343,0.602273
2024,600917,"Leclerc, José",reliever,66.666667,0.309028,0.111111,0.197917,1.32,1.251783,121.999075,128.890156,98.300533,154,0.337662,0.084416,0.253247,135,0.274074,0.140741,0.133333,97.561612,88,0.295455,0.159091,0.136364,109.942192,0.604938
2024,493603,"Ottavino, Adam",reliever,56.0,0.285714,0.093878,0.191837,1.285714,1.233824,119.97252,124.930695,99.731353,129,0.302326,0.054264,0.248062,116,0.267241,0.137931,0.12931,94.617943,84,0.261905,0.154762,0.107143,86.383151,0.590909
2024,656629,"Kopech, Michael",reliever,67.666667,0.315412,0.121864,0.193548,1.152709,1.245167,119.94033,126.045382,98.822852,153,0.359477,0.111111,0.248366,126,0.261905,0.134921,0.126984,92.915821,75,0.24,0.12,0.12,96.749129,0.623188
2024,670970,"Morejon, Adrian",reliever,63.666667,0.261029,0.077206,0.183824,1.319372,1.186704,119.525868,119.712219,103.691345,141,0.276596,0.056738,0.219858,127,0.251969,0.102362,0.149606,109.468738,86,0.255814,0.081395,0.174419,140.623734,0.75
2024,621053,"Ferguson, Tyler",reliever,51.333333,0.299517,0.115942,0.183575,1.090909,1.190674,118.966238,119.55029,103.345645,122,0.319672,0.114754,0.204918,86,0.267442,0.116279,0.151163,110.607642,44,0.227273,0.159091,0.068182,54.971096,0.596154
2024,683232,"Mears, Nick",reliever,57.666667,0.292969,0.09375,0.199219,1.473988,1.293306,118.859106,129.738117,95.144558,130,0.292308,0.061538,0.230769,126,0.293651,0.126984,0.166667,121.952015,84,0.27381,0.154762,0.119048,95.981279,0.512821
2024,605154,"Brebbia, John",reliever,55.333333,0.27686,0.078512,0.198347,1.355422,1.287765,118.848226,129.170474,95.553926,135,0.288889,0.081481,0.207407,107,0.261682,0.074766,0.186916,136.768615,62,0.193548,0.096774,0.096774,78.023491,0.4375
2024,669622,"Bender, Anthony",reliever,53.0,0.258772,0.078947,0.179825,1.283019,1.180129,117.577108,117.107953,104.269062,107,0.205607,0.093458,0.11215,122,0.303279,0.065574,0.237705,173.931563,64,0.328125,0.09375,0.234375,188.963143,0.630769
2024,606303,"Payamps, Joel",reliever,59.0,0.251064,0.076596,0.174468,0.966102,1.14761,117.307275,113.619631,107.223667,144,0.305556,0.048611,0.256944,92,0.163043,0.119565,0.043478,31.813569,59,0.135593,0.186441,-0.050847,-40.995394,0.6
2024,682120,"Herrin, Tim",reliever,65.666667,0.264591,0.097276,0.167315,0.974619,1.101378,117.220127,108.96141,111.724536,137,0.270073,0.10219,0.167883,120,0.258333,0.091667,0.166667,121.952015,72,0.263889,0.069444,0.194444,156.769422,0.774194
2024,670102,"Francis, Bowden",reliever,103.666667,0.22549,0.053922,0.171569,0.926045,1.130108,117.144293,111.731404,108.884224,264,0.242424,0.056818,0.185606,144,0.194444,0.048611,0.145833,106.708013,68,0.176471,0.044118,0.132353,106.708598,0.518987
2024,642701,"Santana, Dennis",reliever,71.666667,0.240418,0.073171,0.167247,1.088372,1.110991,116.158787,108.917264,110.757828,147,0.265306,0.068027,0.197279,140,0.214286,0.078571,0.135714,99.303784,93,0.247312,0.064516,0.182796,147.377706,0.581081
2024,640451,"Harvey, Hunter",reliever,50.666667,0.251142,0.073059,0.178082,1.322368,1.200072,114.502953,115.973262,102.53636,103,0.203883,0.067961,0.135922,116,0.293103,0.077586,0.215517,157.696572,75,0.24,0.08,0.16,128.998839,0.596774
2024,675627,"Grove, Michael",reliever,51.0,0.25,0.074074,0.175926,1.215686,1.189049,114.165162,114.569027,103.486918,110,0.290909,0.081818,0.209091,93,0.215054,0.075269,0.139785,102.282335,47,0.212766,0.085106,0.12766,102.924606,0.482143
2024,663878,"Pearson, Nate",reliever,66.333333,0.259649,0.073684,0.185965,1.326633,1.263981,113.525634,121.106761,97.351945,155,0.290323,0.070968,0.219355,131,0.221374,0.076336,0.145038,106.126181,76,0.210526,0.118421,0.092105,74.2592,0.565789
2024,663158,"Suarez, Robert",reliever,65.0,0.228682,0.062016,0.166667,1.046154,1.136062,113.200918,108.539079,108.313578,150,0.22,0.066667,0.153333,104,0.230769,0.057692,0.173077,126.642478,62,0.209677,0.064516,0.145161,117.035237,0.672131
2024,608723,"Voth, Austin",reliever,61.0,0.245968,0.072581,0.173387,1.04918,1.185637,112.841407,112.915654,103.784721,148,0.22973,0.067568,0.162162,100,0.27,0.08,0.19,139.025298,52,0.230769,0.115385,0.115385,93.028009,0.545455
2024,679885,"Martinez, Justin",reliever,72.666667,0.295455,0.116883,0.178571,1.307339,1.226623,112.332211,116.29187,100.316885,145,0.289655,0.117241,0.172414,164,0.29878,0.115854,0.182927,133.849773,101,0.306931,0.158416,0.148515,119.739021,0.784946
2024,543339,"Hudson, Daniel",reliever,63.0,0.249012,0.075099,0.173913,1.031746,1.19819,111.997857,113.258169,102.697355,165,0.284848,0.066667,0.218182,84,0.178571,0.095238,0.083333,60.976008,42,0.119048,0.095238,0.02381,19.196256,0.618182
2024,605513,"Turnbull, Spencer",reliever,54.333333,0.261261,0.09009,0.171171,1.04908,1.189721,111.016888,111.472567,103.428477,138,0.26087,0.094203,0.166667,84,0.261905,0.083333,0.178571,130.662874,50,0.3,0.04,0.26,209.623113,0.686275
2024,643511,"Rogers, Tyler",reliever,70.333333,0.175862,0.02069,0.155172,1.037915,1.081232,110.738627,101.053625,113.806305,159,0.188679,0.0,0.188679,131,0.160305,0.045802,0.114504,83.783827,73,0.164384,0.082192,0.082192,66.266527,0.666667
2024,572955,"Johnson, Pierce",reliever,56.333333,0.283898,0.105932,0.177966,1.295858,1.251712,109.707507,115.89766,98.306167,118,0.262712,0.101695,0.161017,118,0.305085,0.110169,0.194915,142.621849,75,0.32,0.133333,0.186667,150.498645,0.656716
2024,605280,"Holmes, Clay",reliever,63.0,0.250923,0.081181,0.169742,1.301587,1.210523,108.197867,110.541645,101.651048,123,0.284553,0.065041,0.219512,148,0.222973,0.094595,0.128378,93.936012,97,0.195876,0.103093,0.092784,74.806028,0.717949
2024,622554,"Domínguez, Seranthony",reliever,58.666667,0.266667,0.082353,0.184314,1.244318,1.315256,108.131125,120.031452,93.556668,129,0.286822,0.100775,0.186047,126,0.246032,0.063492,0.18254,133.566493,82,0.256098,0.060976,0.195122,157.315657,0.52459
2024,621383,"Banks, Tanner",reliever,72.333333,0.250804,0.080386,0.170418,1.299539,1.223868,107.444566,110.98208,100.542731,167,0.257485,0.05988,0.197605,144,0.243056,0.097222,0.145833,106.708013,96,0.260417,0.125,0.135417,109.178705,0.636364
2024,676684,"Vest, Will",reliever,70.333333,0.217993,0.062284,0.155709,1.123223,1.128882,106.43134,101.403291,109.002526,128,0.210938,0.046875,0.164062,162,0.222222,0.074074,0.148148,108.401791,108,0.222222,0.092593,0.12963,104.512948,0.710526
2024,458677,"Wilson, Justin",reliever,46.666667,0.244019,0.062201,0.181818,1.457143,1.320889,106.212199,118.406268,93.157708,108,0.240741,0.055556,0.185185,101,0.247525,0.069307,0.178218,130.404135,62,0.290323,0.080645,0.209677,169.050898,0.5
2024,573124,"Rogers, Taylor",reliever,60.0,0.257028,0.088353,0.168675,1.25,1.229046,105.897361,109.846778,100.119091,133,0.240602,0.082707,0.157895,116,0.275862,0.094828,0.181034,132.46512,70,0.328571,0.071429,0.257143,207.319563,0.764706
2024,571946,"Miller, Shelby",reliever,55.666667,0.217778,0.057778,0.16,0.97006,1.172876,105.26194,104.197516,104.913915,125,0.232,0.056,0.176,100,0.2,0.06,0.14,102.439693,76,0.197368,0.078947,0.118421,95.476114,0.377778
2024,552640,"Kittredge, Andrew",reliever,70.666667,0.233449,0.069686,0.163763,1.132075,1.201579,105.163984,106.648154,102.407737,168,0.27381,0.053571,0.220238,119,0.176471,0.092437,0.084034,61.488411,73,0.191781,0.123288,0.068493,55.222106,0.685714
2024,656945,"Scott, Tanner",reliever,72.0,0.285714,0.122449,0.163265,1.125,1.203446,104.681641,106.323995,102.248824,141,0.283688,0.085106,0.198582,156,0.282051,0.153846,0.128205,93.809243,105,0.314286,0.152381,0.161905,130.534539,0.820513
2024,519151,"Pressly, Ryan",reliever,56.666667,0.237705,0.07377,0.163934,1.341176,1.208576,104.664512,106.759749,101.814819,123,0.227642,0.073171,0.154472,122,0.245902,0.07377,0.172131,125.950442,71,0.211268,0.098592,0.112676,90.844253,0.694444
2024,660896,"Alcala, Jorge",reliever,58.333333,0.246809,0.085106,0.161702,1.028571,1.202193,103.787459,105.306,102.355421,129,0.27907,0.069767,0.209302,108,0.203704,0.101852,0.101852,74.526232,72,0.180556,0.138889,0.041667,33.593448,0.596154
2024,666974,"Cano, Yennier",reliever,60.0,0.261044,0.096386,0.164659,1.3,1.240871,102.390915,107.231379,99.165046,124,0.241935,0.104839,0.137097,126,0.277778,0.087302,0.190476,139.373732,88,0.306818,0.079545,0.227273,183.236987,0.708333
2024,518886,"Kimbrel, Craig",reliever,52.333333,0.314655,0.133621,0.181034,1.356688,1.364557,102.370083,117.895896,90.176517,137,0.343066,0.10219,0.240876,96,0.270833,0.177083,0.09375,68.598009,66,0.227273,0.212121,0.015152,12.215799,0.515625
2024,592773,"Stanek, Ryne",reliever,55.333333,0.278008,0.103734,0.174274,1.319277,1.320979,101.798113,113.493144,93.151356,130,0.292308,0.123077,0.169231,111,0.261261,0.081081,0.18018,131.840017,55,0.236364,0.109091,0.127273,102.612713,0.538462
2024,543859,"Tonkin, Michael",reliever,79.333333,0.25,0.088235,0.161765,1.260504,1.226513,101.76884,105.346753,100.325828,166,0.277108,0.108434,0.168675,174,0.224138,0.068966,0.155172,113.541532,115,0.191304,0.052174,0.13913,112.172903,0.659574
2024,678495,"Rodríguez, Randy",reliever,52.333333,0.239819,0.081448,0.158371,1.242038,1.203168,101.567076,103.136681,102.272503,112,0.25,0.080357,0.169643,110,0.227273,0.081818,0.145455,106.43085,76,0.276316,0.078947,0.197368,159.126857,0.590164
2024,669062,"Miller, Erik",reliever,67.333333,0.306338,0.133803,0.172535,1.306931,1.319869,100.867302,112.360877,93.229718,165,0.327273,0.151515,0.175758,119,0.277311,0.109244,0.168067,122.976822,67,0.283582,0.119403,0.164179,132.368212,0.641975
2024,643338,"Green, Chad",reliever,53.333333,0.219048,0.066667,0.152381,1.03125,1.175161,100.05453,99.235729,104.709908,128,0.21875,0.039062,0.179688,83,0.216867,0.108434,0.108434,79.342275,50,0.3,0.14,0.16,128.998839,0.595745
2024,673513,"Matsui, Yuki",reliever,62.666667,0.268482,0.105058,0.163424,1.164894,1.267855,99.460364,106.427423,97.054479,143,0.265734,0.090909,0.174825,108,0.277778,0.12037,0.157407,115.176903,54,0.259259,0.166667,0.092593,74.652106,0.6
2024,669713,"Wesneski, Hayden",reliever,67.666667,0.236749,0.074205,0.162544,1.137931,1.264837,99.160872,105.854366,97.286066,172,0.267442,0.069767,0.197674,111,0.189189,0.081081,0.108108,79.10401,64,0.171875,0.109375,0.0625,50.390171,0.553846
2024,686539,"Cronin, Declan",reliever,70.333333,0.235294,0.081699,0.153595,1.421801,1.204103,98.427449,100.02621,102.193083,142,0.246479,0.091549,0.15493,166,0.222892,0.078313,0.144578,105.7897,111,0.198198,0.09009,0.108108,87.161378,0.656566
2024,676534,"Faucher, Calvin",reliever,53.666667,0.268085,0.110638,0.157447,1.397516,1.242396,97.786128,102.534789,99.043297,118,0.313559,0.076271,0.237288,118,0.220339,0.144068,0.076271,55.808549,79,0.177215,0.151899,0.025316,20.411209,0.746667
2024,614179,"Ruiz, José",reliever,51.0,0.239631,0.078341,0.16129,1.333333,1.282053,97.074617,105.037818,95.979632,112,0.241071,0.089286,0.151786,105,0.238095,0.066667,0.171429,125.436359,55,0.218182,0.072727,0.145455,117.271672,0.65
2024,680704,"Sandlin, Nick",reliever,57.666667,0.276423,0.109756,0.166667,1.265896,1.331269,96.602013,108.539079,92.431315,122,0.262295,0.098361,0.163934,124,0.290323,0.120968,0.169355,123.918983,76,0.328947,0.184211,0.144737,116.693029,0.606557
2024,573009,"Mantiply, Joe",reliever,59.666667,0.218107,0.074074,0.144033,1.173184,1.151093,96.550515,93.799204,106.899218,131,0.244275,0.068702,0.175573,112,0.1875,0.080357,0.107143,78.397724,68,0.205882,0.132353,0.073529,59.282555,0.623188
2024,657571,"Ferguson, Caleb",reliever,54.333333,0.269076,0.100402,0.168675,1.490798,1.356607,95.939868,109.846778,90.704927,103,0.262136,0.126214,0.135922,146,0.273973,0.082192,0.191781,140.328346,87,0.264368,0.114943,0.149425,120.473054,0.626667
2024,607455,"Banda, Anthony",reliever,49.666667,0.239234,0.086124,0.15311,1.248322,1.235254,95.642481,99.710541,99.615942,94,0.212766,0.074468,0.138298,115,0.26087,0.095652,0.165217,120.891563,68,0.235294,0.147059,0.088235,71.139066,0.701754
2024,657649,"Koenig, Jared",reliever,62.0,0.237736,0.086792,0.150943,1.241935,1.227433,94.889857,98.299543,100.250692,126,0.269841,0.055556,0.214286,141,0.205674,0.113475,0.092199,67.462817,87,0.172414,0.172414,0.0,0.0,0.767123
2024,669674,"Long, Sam",reliever,42.666667,0.25,0.096591,0.153409,1.195312,1.251048,94.619473,99.905288,98.358327,104,0.288462,0.057692,0.230769,72,0.194444,0.152778,0.041667,30.488004,40,0.175,0.125,0.05,40.312137,0.673913
2024,571882,"Law, Derek",reliever,90.0,0.208219,0.065753,0.142466,1.177778,1.170862,93.887573,92.77861,105.094342,196,0.244898,0.05102,0.193878,169,0.16568,0.08284,0.08284,60.615203,103,0.203883,0.07767,0.126214,101.758793,0.737374
2024,663773,"Hoeing, Bryan",reliever,53.666667,0.204762,0.066667,0.138095,1.062112,1.142051,93.303193,89.932379,107.745591,114,0.192982,0.04386,0.149123,96,0.21875,0.09375,0.125,91.464012,55,0.254545,0.090909,0.163636,131.930631,0.754717
2024,668941,"Romero, JoJo",reliever,59.0,0.209877,0.065844,0.144033,1.152542,1.204527,92.267502,93.799204,102.157133,136,0.191176,0.058824,0.132353,108,0.231481,0.074074,0.157407,115.176903,63,0.238095,0.095238,0.142857,115.177535,0.633333
2024,472610,"García, Luis",reliever,59.0,0.208661,0.059055,0.149606,1.288136,1.251594,92.233722,97.428779,98.315402,146,0.212329,0.047945,0.164384,109,0.201835,0.073394,0.12844,93.98137,73,0.232877,0.109589,0.123288,99.39979,0.529412
2024,669212,"Morgan, Eli",reliever,42.0,0.203593,0.065868,0.137725,0.97619,1.152662,92.19614,89.690975,106.753734,104,0.192308,0.067308,0.125,64,0.21875,0.0625,0.15625,114.330014,37,0.189189,0.081081,0.108108,87.161378,0.756757
2024,663738,"Lynch IV, Daniel",reliever,43.333333,0.224138,0.08046,0.143678,0.992308,1.205761,91.945989,93.568171,102.052519,95,0.242105,0.073684,0.168421,81,0.197531,0.098765,0.098765,72.267861,43,0.186047,0.093023,0.093023,74.999325,0.567568
2024,664126,"Fairbanks, Pete",reliever,45.333333,0.237838,0.091892,0.145946,1.169118,1.225896,91.863237,95.045031,100.376353,107,0.252336,0.074766,0.17757,78,0.217949,0.115385,0.102564,75.047394,48,0.1875,0.104167,0.083333,67.186895,0.632653
2024,613534,"Adams, Austin",reliever,41.333333,0.277487,0.120419,0.157068,1.475806,1.335052,90.780634,102.288137,92.169457,75,0.253333,0.146667,0.106667,117,0.290598,0.102564,0.188034,137.586889,84,0.309524,0.119048,0.190476,153.570046,0.684211
2024,608718,"Suter, Brent",reliever,65.666667,0.185185,0.044444,0.140741,1.142132,1.197789,90.665681,91.655222,102.731777,164,0.182927,0.04878,0.134146,106,0.188679,0.037736,0.150943,110.447108,60,0.116667,0.066667,0.05,40.312137,0.646154
2024,572143,"Smith, Burch",reliever,56.333333,0.190871,0.049793,0.141079,1.349112,1.206611,90.218962,91.875403,101.980622,123,0.211382,0.04065,0.170732,118,0.169492,0.059322,0.110169,80.612349,71,0.183099,0.070423,0.112676,90.844253,0.557143
2024,605177,"Chafin, Andrew",reliever,56.333333,0.284553,0.126016,0.158537,1.473373,1.355942,90.217734,103.244489,90.749474,108,0.324074,0.101852,0.222222,138,0.253623,0.144928,0.108696,79.533923,89,0.280899,0.179775,0.101124,81.530165,0.717949
2024,592454,"Kahnle, Tommy",reliever,42.666667,0.256983,0.106145,0.150838,1.148438,1.291113,90.146673,98.230898,95.306094,100,0.27,0.09,0.18,79,0.240506,0.126582,0.113924,83.359605,49,0.244898,0.142857,0.102041,82.269668,0.772727
2024,657044,"Thompson, Ryan",reliever,66.333333,0.191176,0.055147,0.136029,1.190955,1.16436,90.146512,88.587042,105.681218,155,0.167742,0.058065,0.109677,117,0.222222,0.051282,0.17094,125.07899,75,0.226667,0.066667,0.16,128.998839,0.675676
2024,669711,"Weissert, Greg",reliever,63.333333,0.220532,0.076046,0.144487,1.342105,1.238292,90.03437,94.094715,99.371577,123,0.243902,0.04878,0.195122,142,0.197183,0.098592,0.098592,72.140629,98,0.204082,0.132653,0.071429,57.588767,0.717949
2024,642397,"Soto, Gregory",reliever,53.0,0.266393,0.110656,0.155738,1.566038,1.346881,89.221155,101.421762,91.359933,116,0.293103,0.094828,0.198276,129,0.24031,0.124031,0.116279,85.082801,94,0.276596,0.12766,0.148936,120.078707,0.670886
2024,605347,"López, Jorge",reliever,53.0,0.230415,0.087558,0.142857,1.226415,1.239156,88.956874,93.033496,99.302289,110,0.254545,0.1,0.154545,107,0.205607,0.065421,0.140187,102.576462,73,0.205479,0.068493,0.136986,110.444211,0.711864
2024,657514,"Bernardino, Brennan",reliever,51.0,0.247788,0.097345,0.150442,1.411765,1.318089,88.070205,97.973328,93.35557,96,0.291667,0.072917,0.21875,131,0.21374,0.114504,0.099237,72.61265,91,0.230769,0.164835,0.065934,53.158862,0.651515
2024,641302,"Alexander, Tyler",reliever,107.666667,0.197802,0.052747,0.145055,1.244582,1.275763,87.733594,94.464781,96.452854,283,0.190813,0.038869,0.151943,172,0.209302,0.075581,0.133721,97.845222,86,0.197674,0.116279,0.081395,65.624409,0.45045
2024,592155,"Booser, Cam",reliever,42.666667,0.234973,0.087432,0.147541,1.335938,1.302515,87.40443,96.083775,94.471862,93,0.258065,0.075269,0.182796,90,0.211111,0.1,0.111111,81.301344,45,0.2,0.155556,0.044444,35.833011,0.692308
2024,676130,"Buttó, José",reliever,74.0,0.268707,0.129252,0.139456,1.067568,1.242415,86.611061,90.818413,99.041803,172,0.296512,0.122093,0.174419,124,0.225806,0.137097,0.08871,64.909944,72,0.25,0.125,0.125,100.780343,0.712329
2024,605130,"Barlow, Scott",reliever,55.0,0.282158,0.128631,0.153527,1.363636,1.370017,86.469322,99.982056,89.817109,127,0.275591,0.11811,0.15748,114,0.289474,0.140351,0.149123,109.114961,81,0.345679,0.135802,0.209877,169.21144,0.623188
2024,664076,"Cleavinger, Garrett",reliever,60.0,0.266917,0.116541,0.150376,1.383333,1.347853,86.087349,97.929996,91.294094,125,0.28,0.128,0.152,141,0.255319,0.106383,0.148936,108.978397,89,0.224719,0.134831,0.089888,72.471258,0.675325
2024,663704,"McArthur, James",reliever,56.666667,0.198381,0.05668,0.1417,1.447059,1.270102,86.086667,92.280188,96.882761,120,0.175,0.033333,0.141667,127,0.220472,0.070866,0.149606,109.468738,85,0.258824,0.070588,0.188235,151.76334,0.581081
2024,664208,"Maton, Phil",reliever,64.0,0.226415,0.090566,0.135849,1.109375,1.228877,85.300487,88.469589,100.132852,147,0.272109,0.068027,0.204082,118,0.169492,0.118644,0.050847,37.2057,77,0.155844,0.116883,0.038961,31.412055,0.59375
2024,689225,"Brieske, Beau",reliever,67.666667,0.244681,0.106383,0.138298,1.256158,1.268631,84.116935,90.064342,96.995066,160,0.28125,0.09375,0.1875,125,0.192,0.12,0.072,52.683271,80,0.2375,0.1125,0.125,100.780343,0.6625
2024,571656,"Farmer, Buck",reliever,71.0,0.234114,0.09699,0.137124,1.197183,1.264076,83.703323,89.29971,97.344571,153,0.254902,0.052288,0.202614,146,0.212329,0.143836,0.068493,50.117267,100,0.2,0.16,0.04,32.24971,0.692308
2024,666205,"Muller, Kyle",reliever,49.333333,0.178218,0.049505,0.128713,1.175676,1.201826,82.638757,83.822259,102.386689,114,0.22807,0.035088,0.192982,88,0.113636,0.068182,0.045455,33.259641,53,0.113208,0.056604,0.056604,45.636382,0.576923
2024,445926,"Chavez, Jesse",reliever,63.333333,0.208333,0.07197,0.136364,1.247368,1.274458,82.561288,88.804701,96.551625,147,0.217687,0.081633,0.136054,117,0.196581,0.059829,0.136752,100.063192,70,0.228571,0.085714,0.142857,115.177535,0.681159
2024,669461,"Liberatore, Matthew",reliever,86.0,0.212291,0.078212,0.134078,1.267442,1.260912,82.04965,87.316354,97.588855,193,0.233161,0.082902,0.150259,165,0.187879,0.072727,0.115152,84.257756,110,0.218182,0.1,0.118182,95.283233,0.571429
2024,542888,"Armstrong, Shawn",reliever,66.666667,0.223729,0.084746,0.138983,1.53,1.314822,81.563948,90.510554,93.587555,141,0.212766,0.113475,0.099291,155,0.232258,0.058065,0.174194,127.459526,98,0.255102,0.030612,0.22449,180.993269,0.625
2024,681517,"Leahy, Kyle",reliever,48.666667,0.172775,0.052356,0.120419,1.027397,1.141374,81.40854,78.420905,107.809542,114,0.219298,0.070175,0.149123,77,0.103896,0.025974,0.077922,57.016527,41,0.04878,0.04878,0.0,0.0,0.521739
2024,681676,"Fernandez, Ryan",reliever,66.666667,0.249123,0.112281,0.136842,1.35,1.298303,81.329321,89.116296,94.778341,130,0.307692,0.1,0.207692,155,0.2,0.122581,0.077419,56.648678,100,0.19,0.13,0.06,48.374565,0.697674
2024,660853,"De Los Santos, Enyel",reliever,64.0,0.23741,0.089928,0.147482,1.40625,1.405292,80.979652,96.045372,87.562579,138,0.202899,0.108696,0.094203,137,0.270073,0.072993,0.19708,144.206033,94,0.276596,0.095745,0.180851,145.809858,0.493151
2024,669387,"Mlodzinski, Carmen",reliever,50.666667,0.220096,0.090909,0.129187,1.184211,1.231277,80.958985,84.130769,99.937684,116,0.224138,0.068966,0.155172,94,0.212766,0.117021,0.095745,70.057541,61,0.229508,0.081967,0.147541,118.953847,0.666667
2024,670990,"Ramírez, Yohan",reliever,45.0,0.216346,0.081731,0.134615,1.466667,1.293084,80.328791,87.666179,95.160833,103,0.184466,0.087379,0.097087,105,0.247619,0.07619,0.171429,125.436359,62,0.258065,0.112903,0.145161,117.035237,0.5
2024,621237,"Alvarado, José",reliever,61.666667,0.244186,0.108527,0.135659,1.248649,1.305178,80.201388,88.345762,94.279061,135,0.207407,0.103704,0.103704,123,0.284553,0.113821,0.170732,124.926455,66,0.333333,0.136364,0.19697,158.805389,0.605634
2024,670059,"Holderman, Colin",reliever,51.333333,0.251121,0.112108,0.139013,1.305195,1.339673,80.06846,90.530353,91.85152,108,0.259259,0.111111,0.148148,116,0.241379,0.112069,0.12931,94.617943,78,0.25641,0.153846,0.102564,82.691563,0.704918
2024,677161,"Kelly, Zack",reliever,56.666667,0.253112,0.112033,0.141079,1.252941,1.375867,79.120475,91.875403,89.435248,128,0.289062,0.109375,0.179688,113,0.212389,0.115044,0.097345,71.228611,72,0.180556,0.111111,0.069444,55.989079,0.590164
2024,702352,"Bivens, Spencer",reliever,48.666667,0.183168,0.054455,0.128713,1.191781,1.264661,78.5328,83.822259,97.299545,127,0.19685,0.03937,0.15748,75,0.16,0.08,0.08,58.536967,39,0.179487,0.076923,0.102564,82.691563,0.653061
2024,593576,"Neris, Héctor",reliever,59.333333,0.246154,0.107692,0.138462,1.398876,1.36573,78.22899,90.170927,90.099063,123,0.227642,0.089431,0.138211,137,0.262774,0.124088,0.138686,101.478319,93,0.322581,0.129032,0.193548,156.046983,0.64
2024,592426,"Jackson, Luke",reliever,53.0,0.251064,0.110638,0.140426,1.471698,1.390099,77.947779,91.449947,88.519585,121,0.289256,0.123967,0.165289,115,0.208696,0.095652,0.113043,82.71528,60,0.183333,0.133333,0.05,40.312137,0.577465
2024,657097,"Webb, Jacob",reliever,56.666667,0.244726,0.113924,0.130802,1.182353,1.300747,77.593231,85.182568,94.60023,115,0.252174,0.156522,0.095652,122,0.237705,0.07377,0.163934,119.952802,70,0.228571,0.128571,0.1,80.624274,0.698413
2024,640448,"Finnegan, Kyle",reliever,63.666667,0.221402,0.088561,0.132841,1.335079,1.326049,77.29955,86.510852,92.795189,141,0.248227,0.056738,0.191489,130,0.192308,0.123077,0.069231,50.656991,89,0.213483,0.146067,0.067416,54.353443,0.657895
2024,658648,"Avila, Pedro",reliever,82.666667,0.232295,0.101983,0.130312,1.318548,1.312492,76.610789,84.863416,93.753721,183,0.234973,0.125683,0.10929,170,0.229412,0.076471,0.152941,111.908908,97,0.226804,0.082474,0.14433,116.364932,0.653465
2024,675540,"Curry, Xzavion",reliever,42.666667,0.162791,0.040698,0.122093,1.054688,1.229984,76.593981,79.511186,100.042722,113,0.19469,0.044248,0.150442,59,0.101695,0.033898,0.067797,49.607599,39,0.128205,0.051282,0.076923,62.018673,0.405405
2024,663568,"Kolek, Stephen",reliever,46.666667,0.184834,0.056872,0.127962,1.521429,1.289179,76.589885,83.333321,95.449094,94,0.148936,0.053191,0.095745,113,0.221239,0.053097,0.168142,123.031237,71,0.225352,0.070423,0.15493,124.910848,0.597015
2024,666808,"Doval, Camilo",reliever,59.0,0.287823,0.143911,0.143911,1.576271,1.459795,76.068822,93.72009,84.293304,127,0.330709,0.125984,0.204724,144,0.25,0.159722,0.090278,66.057342,107,0.271028,0.140187,0.130841,105.489705,0.636364
2024,605463,"Scott, Tayler",reliever,68.666667,0.251773,0.124113,0.12766,1.165049,1.305555,75.450382,83.136316,94.251821,152,0.269737,0.138158,0.131579,131,0.229008,0.10687,0.122137,89.369416,77,0.25974,0.116883,0.142857,115.177535,0.767123
2024,606930,"Barnes, Jacob",reliever,66.0,0.198556,0.072202,0.126354,1.318182,1.299745,75.012457,82.285944,94.673148,140,0.192857,0.085714,0.107143,137,0.20438,0.058394,0.145985,106.819284,78,0.166667,0.076923,0.089744,72.355118,0.584416
2024,641755,"Kinley, Tyler",reliever,64.0,0.252632,0.115789,0.136842,1.46875,1.441082,73.271414,89.116296,85.387939,144,0.1875,0.131944,0.055556,141,0.319149,0.099291,0.219858,160.872871,89,0.314607,0.101124,0.213483,172.119237,0.46988
2024,686973,"Varland, Louis",reliever,49.666667,0.205882,0.067227,0.138655,1.691275,1.476319,72.470316,90.297217,83.34986,119,0.201681,0.07563,0.12605,119,0.210084,0.058824,0.151261,110.67914,68,0.264706,0.029412,0.235294,189.704175,0.416667
2024,682847,"Ortiz, Luis",reliever,135.666667,0.192446,0.07554,0.116906,1.113022,1.245592,72.421272,76.133526,98.789159,328,0.216463,0.079268,0.137195,228,0.157895,0.070175,0.087719,64.185271,135,0.17037,0.066667,0.103704,83.610359,0.62963
2024,666214,"Wentz, Joey",reliever,67.333333,0.240132,0.108553,0.131579,1.470297,1.40717,72.151157,85.688746,87.445727,165,0.272727,0.084848,0.187879,139,0.201439,0.136691,0.064748,47.377042,90,0.222222,0.144444,0.077778,62.707769,0.615385
2024,672582,"Zerpa, Angel",reliever,53.666667,0.205021,0.079498,0.125523,1.453416,1.342865,72.126441,81.744913,91.6332,109,0.211009,0.045872,0.165138,131,0.198473,0.114504,0.083969,61.441473,86,0.22093,0.116279,0.104651,84.374241,0.680556
2024,623211,"Brazobán, Huascar",reliever,51.666667,0.235023,0.115207,0.119816,1.219355,1.28735,71.815847,78.028093,95.584699,120,0.275,0.1,0.175,97,0.185567,0.134021,0.051546,37.717118,61,0.180328,0.081967,0.098361,79.302565,0.639344
2024,573204,"Thielbar, Caleb",reliever,47.333333,0.24537,0.111111,0.134259,1.56338,1.444034,71.741458,87.434258,85.213353,111,0.252252,0.09009,0.162162,105,0.238095,0.133333,0.104762,76.655553,67,0.223881,0.179104,0.044776,36.100421,0.588235
2024,571670,"Floro, Dylan",reliever,68.666667,0.172043,0.060932,0.111111,1.194175,1.196232,71.671338,72.359386,102.865496,165,0.2,0.066667,0.133333,114,0.131579,0.052632,0.078947,57.766744,69,0.115942,0.057971,0.057971,46.73871,0.623377
2024,686730,"Spiers, Carson",reliever,90.666667,0.195122,0.065854,0.129268,1.533088,1.409221,70.78091,84.183968,87.318413,217,0.18894,0.064516,0.124424,193,0.202073,0.067358,0.134715,98.572613,99,0.232323,0.090909,0.141414,114.014125,0.537815
2024,670167,"Schreiber, John",reliever,51.666667,0.205357,0.089286,0.116071,1.316129,1.266817,70.699233,75.589715,97.133955,109,0.183486,0.06422,0.119266,115,0.226087,0.113043,0.113043,82.71528,69,0.202899,0.144928,0.057971,46.73871,0.686567
2024,519326,"Strickland, Hunter",reliever,73.333333,0.193878,0.081633,0.112245,1.090909,1.256011,68.956699,73.097747,97.96965,165,0.2,0.10303,0.09697,129,0.186047,0.054264,0.131783,96.427175,75,0.213333,0.08,0.133333,107.499032,0.614286
2024,641771,"Kuhl, Chad",reliever,53.333333,0.225,0.104167,0.120833,1.51875,1.363294,68.391268,78.690832,90.260057,123,0.243902,0.089431,0.154472,117,0.205128,0.119658,0.08547,62.539495,70,0.214286,0.1,0.114286,92.142028,0.605263
2024,669060,"Wilson, Bryse",reliever,104.666667,0.18552,0.070136,0.115385,1.270701,1.331115,66.886067,75.142439,92.442026,264,0.17803,0.060606,0.117424,178,0.196629,0.08427,0.11236,82.214842,90,0.188889,0.088889,0.1,80.624274,0.584071
2024,592767,"Smyly, Drew",reliever,58.666667,0.217899,0.097276,0.120623,1.397727,1.393918,66.772046,78.553574,88.277051,142,0.169014,0.105634,0.06338,115,0.278261,0.086957,0.191304,139.979705,66,0.333333,0.121212,0.212121,171.021188,0.652778
2024,605452,"Ross, Joe",reliever,74.0,0.205607,0.090343,0.115265,1.364865,1.338468,66.449558,75.06441,91.934201,176,0.1875,0.096591,0.090909,147,0.22449,0.081633,0.142857,104.530299,75,0.253333,0.08,0.173333,139.748742,0.670213
2024,660761,"Suarez, José",reliever,52.333333,0.233333,0.1125,0.120833,1.605096,1.460226,63.851367,78.690832,84.268478,105,0.228571,0.12381,0.104762,135,0.237037,0.103704,0.133333,97.561612,90,0.277778,0.1,0.177778,143.332043,0.545455
2024,671345,"Foley, Jason",reliever,60.0,0.184,0.08,0.104,1.183333,1.26891,63.24205,67.728385,96.973776,130,0.238462,0.061538,0.176923,120,0.125,0.1,0.025,18.292802,82,0.134146,0.085366,0.04878,39.328914,0.681818
2024,666745,"Brito, Jhony",reliever,43.666667,0.156757,0.054054,0.102703,1.351145,1.258758,62.956835,66.88354,97.755841,93,0.204301,0.043011,0.16129,89,0.11236,0.05618,0.05618,41.107421,51,0.117647,0.058824,0.058824,47.426044,0.636364
2024,647336,"Soroka, Michael",reliever,79.666667,0.242075,0.126801,0.115274,1.380753,1.448511,61.40619,75.070256,84.949991,191,0.204188,0.120419,0.08377,158,0.28481,0.132911,0.151899,111.146141,92,0.315217,0.119565,0.195652,157.743146,0.56701
2024,667463,"King, John",reliever,60.0,0.153226,0.056452,0.096774,1.2,1.23186,60.618015,63.022691,99.890423,128,0.148438,0.078125,0.070312,120,0.158333,0.033333,0.125,91.464012,77,0.142857,0.038961,0.103896,83.76548,0.716418
2024,670280,"Bednar, David",reliever,57.666667,0.221374,0.10687,0.114504,1.421965,1.45781,60.606931,74.568833,84.408082,137,0.189781,0.080292,0.109489,125,0.256,0.136,0.12,87.805451,86,0.232558,0.151163,0.081395,65.624409,0.493151
2024,656412,"Faedo, Alex",reliever,57.333333,0.223577,0.113821,0.109756,1.343023,1.400408,60.475203,71.476954,87.867927,136,0.205882,0.102941,0.102941,110,0.245455,0.127273,0.118182,86.475065,62,0.241935,0.16129,0.080645,65.019576,0.661765
2024,657508,"Baumann, Mike",reliever,58.333333,0.219697,0.106061,0.113636,1.491429,1.456092,60.218785,74.003917,84.507717,121,0.256198,0.082645,0.173554,144,0.1875,0.125,0.0625,45.732006,103,0.184466,0.126214,0.058252,46.965597,0.538462
2024,608334,"Fulmer, Carson",reliever,86.666667,0.21372,0.105541,0.108179,1.396154,1.393027,59.922311,70.450167,88.333535,195,0.210256,0.092308,0.117949,184,0.217391,0.119565,0.097826,71.580531,120,0.225,0.158333,0.066667,53.749516,0.636364
2024,681869,"Dubin, Shawn",reliever,45.333333,0.236715,0.125604,0.111111,1.566176,1.453638,58.979977,72.359386,84.65036,96,0.270833,0.104167,0.166667,111,0.207207,0.144144,0.063063,46.144006,82,0.243902,0.121951,0.121951,98.322286,0.691176
2024,519008,"McFarland, T.J.",reliever,56.666667,0.165957,0.07234,0.093617,1.235294,1.242201,58.152242,60.966631,99.058865,101,0.178218,0.059406,0.118812,134,0.156716,0.08209,0.074627,54.60538,88,0.113636,0.113636,0.0,0.0,0.636364
2024,670174,"Winckowski, Josh",reliever,76.0,0.178571,0.077381,0.10119,1.407895,1.360588,57.387377,65.898726,90.43956,175,0.177143,0.051429,0.125714,161,0.180124,0.10559,0.074534,54.537547,104,0.173077,0.125,0.048077,38.76167,0.639175
2024,664747,"Díaz, Alexis",reliever,56.333333,0.227273,0.128099,0.099174,1.295858,1.39948,54.680496,64.585237,87.926194,124,0.217742,0.145161,0.072581,119,0.235294,0.109244,0.12605,92.232617,87,0.229885,0.114943,0.114943,92.67158,0.626866
2024,694738,"Roupp, Landen",reliever,50.333333,0.21659,0.119816,0.096774,1.370861,1.370181,54.498553,63.022691,89.806364,118,0.220339,0.101695,0.118644,99,0.212121,0.141414,0.070707,51.737219,63,0.253968,0.111111,0.142857,115.177535,0.701493
2024,670950,"Richards, Trevor",reliever,65.333333,0.223827,0.126354,0.097473,1.209184,1.3944,53.938623,63.477728,88.246515,151,0.238411,0.10596,0.13245,128,0.203125,0.148438,0.054688,40.015505,71,0.140845,0.225352,-0.084507,-68.13319,0.541667
2024,605121,"Anderson, Justin",reliever,53.333333,0.235537,0.132231,0.103306,1.5,1.478201,53.925539,67.276288,83.243734,115,0.278261,0.147826,0.130435,128,0.195312,0.125,0.070312,51.448506,81,0.185185,0.135802,0.049383,39.814456,0.653333
2024,693312,"Nicolas, Kyle",reliever,54.666667,0.226337,0.127572,0.098765,1.5,1.432136,53.213791,64.319454,85.921319,120,0.2,0.141667,0.058333,126,0.246032,0.119048,0.126984,92.915821,75,0.253333,0.146667,0.106667,85.999226,0.692308
2024,663687,"Harris, Hogan",reliever,72.333333,0.2,0.108197,0.091803,1.354839,1.352308,52.382463,59.78546,90.993303,173,0.208092,0.104046,0.104046,133,0.18797,0.112782,0.075188,55.015947,77,0.181818,0.142857,0.038961,31.412055,0.747253
2024,642232,"Yarbrough, Ryan",reliever,98.666667,0.163317,0.080402,0.082915,1.033784,1.242641,51.485923,53.996828,99.023744,234,0.183761,0.064103,0.119658,156,0.134615,0.096154,0.038462,28.142773,97,0.113402,0.134021,-0.020619,-16.623562,0.615385
2024,656222,"Beeks, Jalen",reliever,70.0,0.176282,0.086538,0.089744,1.485714,1.376245,50.316566,58.444119,89.410651,150,0.22,0.053333,0.166667,162,0.135802,0.117284,0.018519,13.550224,112,0.151786,0.142857,0.008929,7.198596,0.642857
2024,663893,"Little, Brendon",reliever,45.666667,0.186528,0.098446,0.088083,1.313869,1.390058,48.894719,57.362622,88.522169,107,0.158879,0.084112,0.074766,86,0.22093,0.116279,0.104651,76.574521,49,0.204082,0.142857,0.061224,49.361801,0.641509
2024,680767,"Vodnik, Victor",reliever,73.666667,0.203125,0.115625,0.0875,1.479638,1.42157,47.494483,56.983016,86.559913,152,0.217105,0.131579,0.085526,168,0.190476,0.10119,0.089286,65.331437,110,0.209091,0.109091,0.1,80.624274,0.656863
2024,665625,"Peguero, Elvis",reliever,51.333333,0.207048,0.118943,0.088106,1.538961,1.43589,47.346342,57.377487,85.696679,101,0.19802,0.108911,0.089109,126,0.214286,0.126984,0.087302,63.879627,74,0.175676,0.189189,-0.013514,-10.895172,0.773333
2024,661527,"Martinez, Seth",reliever,52.666667,0.162162,0.081081,0.081081,1.272152,1.335263,46.855022,52.802795,92.154876,111,0.099099,0.081081,0.018018,112,0.223214,0.080357,0.142857,104.530299,63,0.206349,0.095238,0.111111,89.582527,0.65
2024,608371,"Sims, Lucas",reliever,49.333333,0.227907,0.139535,0.088372,1.439189,1.506429,45.265753,57.550953,81.683871,105,0.266667,0.161905,0.104762,111,0.189189,0.117117,0.072072,52.736007,63,0.206349,0.142857,0.063492,51.190015,0.619048
2024,641745,"Keller, Brad",reliever,41.333333,0.166667,0.078125,0.088542,1.524194,1.522549,44.872456,57.661386,80.81907,102,0.186275,0.107843,0.078431,90,0.144444,0.044444,0.1,73.171209,43,0.116279,0.093023,0.023256,18.749831,0.537037
2024,672710,"Contreras, Roansy",reliever,68.333333,0.187919,0.104027,0.083893,1.37561,1.443729,44.837511,54.633764,85.231366,157,0.184713,0.070064,0.11465,141,0.191489,0.141844,0.049645,36.326132,97,0.206186,0.175258,0.030928,24.935343,0.60241
2024,502624,"Anderson, Chase",reliever,58.333333,0.164706,0.082353,0.082353,1.302857,1.437327,44.210662,53.631074,85.611007,145,0.172414,0.096552,0.075862,111,0.153153,0.063063,0.09009,65.920008,68,0.176471,0.088235,0.088235,71.139066,0.453125
2024,672335,"Pérez, Cionel",reliever,53.666667,0.193277,0.117647,0.07563,1.397516,1.37711,42.377,49.253027,89.354487,111,0.171171,0.126126,0.045045,127,0.212598,0.110236,0.102362,74.899663,72,0.222222,0.138889,0.083333,67.186895,0.64
2024,650893,"Cabrera, Génesis",reliever,62.666667,0.184502,0.107011,0.077491,1.468085,1.452227,41.173613,50.464664,84.732628,131,0.206107,0.10687,0.099237,140,0.164286,0.107143,0.057143,41.81212,94,0.159574,0.12766,0.031915,25.731151,0.695122
2024,519293,"Smith, Will",reliever,41.333333,0.155914,0.080645,0.075269,1.451613,1.446045,40.163966,49.017648,85.094836,102,0.147059,0.068627,0.078431,84,0.166667,0.095238,0.071429,52.265149,47,0.148936,0.106383,0.042553,34.308202,0.433962
2024,683627,"Molina, Anthony",reliever,59.666667,0.155303,0.083333,0.07197,1.575419,1.397166,39.74705,46.869148,88.071811,137,0.175182,0.080292,0.094891,128,0.132812,0.085938,0.046875,34.299004,86,0.127907,0.093023,0.034884,28.124747,0.494382
2024,663567,"Lambert, Peter",reliever,61.333333,0.178571,0.103571,0.075,1.663043,1.486991,38.918518,48.842585,82.751664,134,0.164179,0.104478,0.059701,146,0.191781,0.10274,0.089041,65.152447,84,0.154762,0.142857,0.011905,9.598128,0.589474
2024,694363,"Shuster, Jared",reliever,73.333333,0.174455,0.102804,0.071651,1.459091,1.456225,37.966243,46.66166,84.499963,160,0.18125,0.0875,0.09375,162,0.166667,0.117284,0.049383,36.13393,104,0.182692,0.115385,0.067308,54.266339,0.642857
2024,570632,"Ureña, José",reliever,109.0,0.151188,0.084233,0.066955,1.321101,1.37,37.710594,43.603172,89.818206,258,0.155039,0.069767,0.085271,205,0.146341,0.102439,0.043902,32.123946,115,0.113043,0.113043,0.0,0.0,0.648855
2024,519043,"Moore, Matt",reliever,48.333333,0.195238,0.12381,0.071429,1.344828,1.528929,36.048558,46.516748,80.481792,126,0.222222,0.134921,0.087302,84,0.154762,0.107143,0.047619,34.843433,51,0.196078,0.117647,0.078431,63.234725,0.5
2024,647315,"Pop, Zach",reliever,48.333333,0.157895,0.090909,0.066986,1.324138,1.450923,35.62385,43.623362,84.808778,108,0.185185,0.083333,0.101852,101,0.128713,0.09901,0.029703,21.734023,70,0.114286,0.114286,0.0,0.0,0.454545
2024,641835,"Mayza, Tim",reliever,42.666667,0.14359,0.076923,0.066667,1.617188,1.462933,35.163146,43.415631,84.112528,105,0.161905,0.057143,0.104762,90,0.122222,0.1,0.022222,16.260269,54,0.111111,0.092593,0.018519,14.930421,0.53125
2024,656641,"Latz, Jacob",reliever,43.666667,0.208333,0.140625,0.067708,1.51145,1.540842,33.906853,44.094001,79.859588,87,0.241379,0.137931,0.103448,105,0.180952,0.142857,0.038095,27.874746,72,0.180556,0.138889,0.041667,33.593448,0.7
2024,670766,"McCaughan, Darren",reliever,42.0,0.14359,0.076923,0.066667,1.619048,1.519134,33.862266,43.415631,81.000738,94,0.159574,0.074468,0.085106,102,0.127451,0.078431,0.04902,35.86824,58,0.12069,0.086207,0.034483,27.801474,0.508475
2024,663432,"Rainey, Tanner",reliever,51.0,0.190476,0.125541,0.064935,1.490196,1.557225,32.175946,42.287953,79.019404,128,0.21875,0.085938,0.132812,104,0.153846,0.173077,-0.019231,-14.071386,72,0.166667,0.166667,0.0,0.0,0.602941
2024,642546,"Hernández, Jonathan",reliever,43.333333,0.203125,0.145833,0.057292,1.592308,1.569067,28.174322,37.310308,78.42305,96,0.177083,0.145833,0.03125,96,0.229167,0.145833,0.083333,60.976008,56,0.178571,0.178571,0.0,0.0,0.587302
2024,607179,"Weems, Jordan",reliever,41.666667,0.178571,0.122449,0.056122,1.752,1.636531,26.461578,36.548873,75.190129,95,0.178947,0.094737,0.084211,101,0.178218,0.148515,0.029703,21.734023,73,0.136986,0.136986,0.0,0.0,0.530303
2024,657612,"Hill, Tim",reliever,67.0,0.106529,0.065292,0.041237,1.432836,1.336819,23.802314,26.85503,92.047635,143,0.104895,0.055944,0.048951,148,0.108108,0.074324,0.033784,24.720003,87,0.126437,0.08046,0.045977,37.068632,0.734043
2024,608717,"Stratton, Chris",reliever,58.333333,0.171206,0.128405,0.042802,1.474286,1.503118,21.972008,27.873849,81.8638,124,0.201613,0.08871,0.112903,133,0.142857,0.165414,-0.022556,-16.504784,91,0.120879,0.175824,-0.054945,-44.299052,0.555556
2024,605288,"Houser, Adrian",reliever,69.333333,0.145631,0.10356,0.042071,1.528846,1.498821,21.659007,27.398214,82.09853,172,0.174419,0.116279,0.05814,138,0.108696,0.086957,0.021739,15.906785,85,0.105882,0.082353,0.023529,18.970417,0.540816
2024,664875,"Lawrence, Justin",reliever,59.666667,0.16129,0.11828,0.043011,1.776536,1.595,20.807487,28.010085,77.147934,105,0.190476,0.133333,0.057143,175,0.142857,0.108571,0.034286,25.087272,120,0.116667,0.108333,0.008333,6.71869,0.556701
2024,656234,"Bird, Jake",reliever,40.0,0.167568,0.135135,0.032432,1.7,1.614349,15.50192,21.121118,76.223287,87,0.183908,0.126437,0.057471,98,0.153061,0.142857,0.010204,7.46645,64,0.1875,0.125,0.0625,50.390171,0.68254
2024,686826,"Jarvis, Bryce",reliever,59.333333,0.147287,0.127907,0.01938,1.432584,1.519122,9.843758,12.620823,81.001364,126,0.174603,0.111111,0.063492,132,0.121212,0.143939,-0.022727,-16.62982,84,0.142857,0.142857,0.0,0.0,0.734177
2024,676979,"Crochet, Garrett",starter,146.0,0.351261,0.055462,0.295798,1.068493,1.006009,251.474794,207.861094,125.323662,371,0.339623,0.040431,0.299191,224,0.370536,0.080357,0.290179,221.325175,123,0.406504,0.097561,0.308943,241.171255,0.57971
2024,694973,"Skenes, Paul",starter,133.0,0.330739,0.062257,0.268482,0.947368,0.962399,238.595088,188.665927,131.00258,334,0.353293,0.041916,0.311377,181,0.287293,0.099448,0.187845,143.273484,88,0.295455,0.079545,0.215909,168.545821,0.75
2024,519242,"Sale, Chris",starter,177.666667,0.320513,0.055556,0.264957,1.013133,0.955358,237.197795,186.188708,131.968152,436,0.327982,0.052752,0.275229,267,0.307116,0.059925,0.247191,188.537677,147,0.326531,0.068027,0.258503,201.796357,0.725146
2024,669373,"Skubal, Tarik",starter,192.0,0.302789,0.046481,0.256308,0.921875,0.964062,227.383057,180.110835,130.776613,495,0.292929,0.044444,0.248485,259,0.320463,0.050193,0.27027,206.140704,129,0.364341,0.015504,0.348837,272.313933,0.685185
2024,607192,"Glasnow, Tyler",starter,134.0,0.321839,0.06705,0.254789,0.947761,1.027928,211.991931,179.043535,122.651401,334,0.308383,0.062874,0.245509,171,0.362573,0.05848,0.304094,231.938429,98,0.397959,0.061224,0.336735,262.866307,0.535714
2024,543243,"Gray, Sonny",starter,166.333333,0.302534,0.058122,0.244411,1.088176,1.062902,196.665783,171.750826,118.615596,418,0.301435,0.050239,0.251196,256,0.300781,0.070312,0.230469,175.783264,165,0.327273,0.072727,0.254545,198.706652,0.55625
2024,669302,"Gilbert, Logan",starter,208.666667,0.273973,0.046077,0.227895,0.886581,1.017586,191.542538,160.144877,123.897919,574,0.297909,0.038328,0.259582,231,0.212121,0.064935,0.147186,112.261907,137,0.226277,0.058394,0.167883,131.055221,0.528302
2024,656427,"Flaherty, Jack",starter,162.0,0.298921,0.058552,0.24037,1.067901,1.078571,190.603929,168.910796,116.892397,414,0.297101,0.045894,0.251208,235,0.302128,0.080851,0.221277,168.772219,119,0.319328,0.10084,0.218487,170.55853,0.61745
2024,605483,"Snell, Blake",starter,104.0,0.34689,0.105263,0.241627,1.048077,1.100955,187.7052,169.794101,114.515831,261,0.367816,0.099617,0.268199,157,0.312102,0.11465,0.197452,150.600883,87,0.287356,0.149425,0.137931,107.673555,0.650485
2024,657746,"Ryan, Joe",starter,135.0,0.273234,0.042751,0.230483,0.985185,1.051444,187.479676,161.963412,119.90826,364,0.291209,0.041209,0.25,175,0.234286,0.045714,0.188571,143.827314,98,0.265306,0.05102,0.214286,167.278559,0.526316
2024,808967,"Yamamoto, Yoshinobu",starter,90.0,0.285326,0.059783,0.225543,1.111111,1.071163,180.084106,158.492159,117.700804,222,0.279279,0.054054,0.225225,138,0.297101,0.065217,0.231884,176.862749,76,0.236842,0.092105,0.144737,112.986395,0.677419
2024,554430,"Wheeler, Zack",starter,200.0,0.284625,0.066074,0.218551,0.955,1.060195,176.306618,153.578783,118.918444,498,0.277108,0.068273,0.208835,290,0.296552,0.062069,0.234483,178.844831,142,0.295775,0.056338,0.239437,186.912192,0.666667
2024,601713,"Pivetta, Nick",starter,145.666667,0.289076,0.060504,0.228571,1.125858,1.153403,169.489004,160.619936,109.308492,394,0.28934,0.050761,0.238579,202,0.287129,0.079208,0.207921,158.585472,107,0.299065,0.093458,0.205607,160.504038,0.507353
2024,680885,"Schwellenbach, Spencer",starter,123.666667,0.254,0.046,0.208,1.043127,1.069781,166.291137,146.164142,117.852849,320,0.25625,0.05,0.20625,181,0.248619,0.038674,0.209945,160.129187,90,0.222222,0.044444,0.177778,138.779249,0.6
2024,684007,"Imanaga, Shota",starter,173.333333,0.25072,0.040346,0.210375,1.021154,1.091702,164.812497,147.83283,115.486461,453,0.249448,0.048565,0.200883,241,0.253112,0.024896,0.228216,174.064868,102,0.27451,0.029412,0.245098,191.331685,0.626667
2024,579328,"Kikuchi, Yusei",starter,175.666667,0.279891,0.059783,0.220109,1.201139,1.14532,164.365675,154.67307,110.079955,458,0.28821,0.054585,0.233624,280,0.264286,0.067857,0.196429,149.820119,152,0.269737,0.065789,0.203947,159.208102,0.575269
2024,669923,"Kirby, George",starter,191.0,0.230077,0.029563,0.200514,1.068063,1.063101,161.313627,140.903736,118.59336,484,0.245868,0.022727,0.22314,296,0.202703,0.040541,0.162162,123.684422,180,0.2,0.061111,0.138889,108.421288,0.587912
2024,641927,"Ober, Bailey",starter,178.666667,0.269394,0.060649,0.208745,1.001866,1.10892,160.996367,146.687459,113.693311,488,0.297131,0.061475,0.235656,222,0.207207,0.058559,0.148649,113.377387,100,0.2,0.05,0.15,117.094991,0.480263
2024,656302,"Cease, Dylan",starter,189.333333,0.293963,0.085302,0.208661,1.066901,1.125849,158.512201,146.628928,111.983712,475,0.322105,0.092632,0.229474,288,0.246528,0.072917,0.173611,132.416771,142,0.21831,0.06338,0.15493,120.943183,0.603261
2024,676962,"Brown, Ben",starter,55.333333,0.288288,0.085586,0.202703,1.084337,1.126824,153.852338,142.441666,111.886807,133,0.263158,0.105263,0.157895,89,0.325843,0.05618,0.269663,205.677466,50,0.32,0.06,0.26,202.964651,0.6
2024,666142,"Ragans, Cole",starter,186.333333,0.292651,0.087927,0.204724,1.143113,1.138609,153.778577,143.862344,110.728784,468,0.301282,0.100427,0.200855,294,0.278912,0.068027,0.210884,160.845842,143,0.286713,0.083916,0.202797,158.310244,0.671717
2024,693433,"Woo, Bryan",starter,121.333333,0.213983,0.027542,0.186441,0.898352,1.039065,153.461182,131.014143,121.336701,323,0.195046,0.01548,0.179567,149,0.255034,0.053691,0.201342,153.567907,72,0.263889,0.055556,0.208333,162.631932,0.589474
2024,641154,"López, Pablo",starter,185.333333,0.256477,0.053109,0.203368,1.192446,1.137497,152.908983,142.909092,110.837052,467,0.265525,0.049251,0.216274,306,0.24183,0.058824,0.183007,139.582856,166,0.259036,0.078313,0.180723,141.078303,0.569231
2024,676440,"Bibee, Tanner",starter,173.666667,0.26338,0.061972,0.201408,1.117083,1.129525,152.504528,141.53218,111.619319,450,0.271111,0.042222,0.228889,264,0.246212,0.094697,0.151515,115.563728,153,0.281046,0.111111,0.169935,132.656635,0.610465
2024,625643,"López, Reynaldo",starter,135.666667,0.27256,0.077348,0.195212,1.105651,1.111421,150.2202,137.177708,113.437493,326,0.269939,0.058282,0.211656,218,0.275229,0.105505,0.169725,129.452579,127,0.267717,0.149606,0.11811,92.20078,0.785714
2024,605397,"Musgrove, Joe",starter,99.666667,0.246341,0.056098,0.190244,1.173913,1.134991,143.357006,133.686715,111.081694,257,0.284047,0.046693,0.237354,138,0.188406,0.065217,0.123188,93.958335,69,0.188406,0.057971,0.130435,101.821731,0.582524
2024,674003,"Bradford, Cody",starter,76.333333,0.227273,0.042208,0.185065,1.008734,1.11583,141.849206,130.047392,112.98924,200,0.22,0.03,0.19,109,0.238532,0.06422,0.174312,132.951298,51,0.215686,0.098039,0.117647,91.839209,0.552239
2024,668881,"Greene, Hunter",starter,150.333333,0.276596,0.09329,0.183306,1.017738,1.13733,137.84499,128.811406,110.853266,363,0.294766,0.104683,0.190083,248,0.25,0.076613,0.173387,132.245911,131,0.267176,0.083969,0.183206,143.016783,0.673759
2024,694297,"Pfaadt, Brandon",starter,181.666667,0.243421,0.055263,0.188158,1.238532,1.167745,137.808243,132.220852,107.966014,457,0.260394,0.063457,0.196937,304,0.217105,0.042763,0.174342,132.974316,168,0.232143,0.047619,0.184524,144.045426,0.527363
2024,682243,"Miller, Bryce",starter,180.333333,0.242898,0.06392,0.178977,0.97597,1.113546,137.464534,125.769517,113.221029,486,0.240741,0.063786,0.176955,220,0.245455,0.063636,0.181818,138.676473,112,0.267857,0.071429,0.196429,153.338679,0.619355
2024,680570,"Rodriguez, Grayson",starter,116.666667,0.264766,0.07332,0.191446,1.242857,1.196691,136.824913,134.531464,105.354511,294,0.265306,0.085034,0.180272,198,0.262626,0.055556,0.207071,157.937095,86,0.232558,0.046512,0.186047,145.234097,0.615385
2024,650633,"King, Michael",starter,173.666667,0.27686,0.086777,0.190083,1.191939,1.190063,136.607064,133.573397,105.94123,419,0.264916,0.090692,0.174224,292,0.291096,0.075342,0.215753,164.559582,145,0.289655,0.082759,0.206897,161.510333,0.7
2024,701581,"Festa, David",starter,64.333333,0.277978,0.083032,0.194946,1.321244,1.247086,133.69595,136.99083,101.097072,159,0.289308,0.069182,0.220126,118,0.262712,0.101695,0.161017,122.810945,75,0.253333,0.106667,0.146667,114.49288,0.539474
2024,657006,"Steele, Justin",starter,134.666667,0.243243,0.066667,0.176577,1.09901,1.144861,131.911072,124.082518,110.124126,333,0.246246,0.072072,0.174174,222,0.238739,0.058559,0.18018,137.427136,115,0.26087,0.06087,0.2,156.126655,0.661765
2024,543135,"Eovaldi, Nathan",starter,170.666667,0.238506,0.060345,0.178161,1.107422,1.160544,131.296045,125.195856,108.635938,456,0.252193,0.057018,0.195175,240,0.2125,0.066667,0.145833,111.230088,126,0.222222,0.095238,0.126984,99.128035,0.566265
2024,543037,"Cole, Gerrit",starter,95.0,0.253846,0.074359,0.179487,1.126316,1.170333,131.166999,126.127835,107.727224,234,0.24359,0.055556,0.188034,156,0.269231,0.102564,0.166667,127.120101,96,0.3125,0.114583,0.197917,154.500335,0.625
2024,683003,"Jones, Jared",starter,121.666667,0.261905,0.077381,0.184524,1.191781,1.208767,130.560168,129.667136,104.301992,307,0.312704,0.078176,0.234528,198,0.181818,0.075758,0.106061,80.894609,106,0.160377,0.09434,0.066038,51.551254,0.559055
2024,657376,"Schmidt, Clarke",starter,85.333333,0.263456,0.084986,0.17847,1.183594,1.170521,130.402919,125.413229,107.709941,204,0.245098,0.083333,0.161765,150,0.286667,0.086667,0.2,152.544121,56,0.232143,0.089286,0.142857,111.519039,0.709677
2024,607074,"Rodón, Carlos",starter,175.0,0.264946,0.077446,0.1875,1.222857,1.238332,129.498564,131.758541,101.811773,455,0.241758,0.07033,0.171429,285,0.298246,0.087719,0.210526,160.572759,145,0.331034,0.075862,0.255172,199.196077,0.579235
2024,605400,"Nola, Aaron",starter,199.333333,0.240244,0.060976,0.179268,1.198997,1.188413,129.014057,125.97402,106.088392,524,0.263359,0.055344,0.208015,299,0.197324,0.070234,0.12709,96.934391,158,0.21519,0.082278,0.132911,103.755055,0.62201
2024,622491,"Castillo, Luis",starter,175.333333,0.243394,0.065369,0.178025,1.169202,1.181178,128.904004,125.100368,106.738144,444,0.268018,0.063063,0.204955,278,0.201439,0.068345,0.133094,101.513174,145,0.213793,0.089655,0.124138,96.9062,0.605556
2024,671737,"Bradley, Taj",starter,138.0,0.266436,0.081315,0.185121,1.224638,1.23266,128.443909,130.086864,102.280276,353,0.280453,0.087819,0.192635,225,0.244444,0.071111,0.173333,132.204905,112,0.223214,0.035714,0.1875,146.368739,0.571429
2024,641482,"Cortes, Nestor",starter,174.333333,0.228169,0.05493,0.173239,1.152964,1.15966,127.766426,121.737469,108.718712,441,0.22449,0.052154,0.172336,271,0.232472,0.059041,0.173432,132.279957,148,0.236486,0.067568,0.168919,131.863729,0.587571
2024,669203,"Burnes, Corbin",starter,194.333333,0.230867,0.061224,0.169643,1.096055,1.154076,125.71932,119.210109,109.244797,487,0.221766,0.059548,0.162218,299,0.244147,0.063545,0.180602,137.748872,181,0.270718,0.077348,0.19337,150.951186,0.670157
2024,642547,"Peralta, Freddy",starter,173.666667,0.275862,0.093793,0.182069,1.214971,1.238891,125.6908,127.942087,101.765808,458,0.255459,0.087336,0.168122,268,0.309701,0.104478,0.205224,156.528482,145,0.317241,0.110345,0.206897,161.510333,0.616216
2024,687792,"Herz, DJ",starter,88.666667,0.277487,0.094241,0.183246,1.263158,1.264065,123.984155,128.769255,99.739188,231,0.277056,0.103896,0.17316,151,0.278146,0.07947,0.198675,151.533895,75,0.253333,0.093333,0.16,124.901324,0.594059
2024,689017,"Knack, Landon",starter,69.0,0.241259,0.062937,0.178322,1.101449,1.230113,123.98233,125.308823,102.492001,190,0.236842,0.063158,0.173684,96,0.25,0.0625,0.1875,143.010113,46,0.304348,0.065217,0.23913,186.673174,0.548387
2024,666157,"Lodolo, Nick",starter,115.333333,0.247465,0.075051,0.172414,1.196532,1.196817,123.209774,121.15728,105.343434,297,0.279461,0.070707,0.208754,198,0.19697,0.080808,0.116162,88.598858,109,0.174312,0.091743,0.082569,64.455958,0.512
2024,506433,"Darvish, Yu",starter,81.666667,0.23565,0.066465,0.169184,1.065306,1.177653,122.869293,118.887868,107.057635,209,0.215311,0.062201,0.15311,105,0.285714,0.057143,0.228571,174.336138,65,0.307692,0.076923,0.230769,180.14614,0.6
2024,592866,"Williams, Trevor",starter,66.666667,0.226923,0.069231,0.157692,1.035,1.099451,122.669146,110.812312,114.672466,158,0.21519,0.056962,0.158228,103,0.242718,0.087379,0.15534,118.48087,50,0.22,0.12,0.1,78.063327,0.772727
2024,686752,"Pepiot, Ryan",starter,130.0,0.263451,0.089054,0.174397,1.153846,1.224109,121.848406,122.550925,102.994749,333,0.276276,0.111111,0.165165,206,0.242718,0.053398,0.18932,144.398561,91,0.263736,0.043956,0.21978,171.567753,0.609023
2024,453286,"Scherzer, Max",starter,43.333333,0.225989,0.056497,0.169492,1.153846,1.190168,121.798066,119.103766,105.93189,114,0.210526,0.04386,0.166667,64,0.25,0.078125,0.171875,131.092604,36,0.305556,0.055556,0.25,195.158318,0.55814
2024,664285,"Valdez, Framber",starter,176.333333,0.240398,0.078236,0.162162,1.10586,1.140262,121.631408,113.953333,110.568273,426,0.248826,0.086854,0.161972,278,0.226619,0.064748,0.161871,123.461968,145,0.248276,0.082759,0.165517,129.208266,0.686813
2024,624133,"Suarez, Ranger",starter,150.666667,0.231629,0.065495,0.166134,1.201327,1.169165,121.530181,116.744522,107.834929,358,0.226257,0.078212,0.148045,269,0.237918,0.048327,0.189591,144.605021,145,0.227586,0.075862,0.151724,118.440911,0.652695
2024,641793,"Littell, Zack",starter,156.333333,0.214939,0.047256,0.167683,1.247335,1.184613,121.063441,117.832842,106.428633,391,0.207161,0.043478,0.163683,265,0.226415,0.05283,0.173585,132.396784,141,0.248227,0.042553,0.205674,160.55578,0.635838
2024,607625,"Lugo, Seth",starter,206.666667,0.216507,0.057416,0.159091,1.08871,1.125057,120.940484,111.795126,112.062591,508,0.224409,0.051181,0.173228,331,0.202417,0.066465,0.135952,103.693133,171,0.210526,0.070175,0.140351,109.562565,0.669856
2024,621107,"Eflin, Zach",starter,165.333333,0.195906,0.035088,0.160819,1.149194,1.156867,118.892319,113.009275,108.981187,438,0.19863,0.027397,0.171233,247,0.190283,0.048583,0.1417,108.077818,132,0.174242,0.05303,0.121212,94.622215,0.607143
2024,571760,"Heaney, Andrew",starter,160.0,0.229437,0.059163,0.170274,1.25,1.226216,118.763393,119.65374,102.817761,402,0.278607,0.047264,0.231343,292,0.160959,0.075342,0.085616,65.301422,140,0.178571,0.078571,0.1,78.063327,0.570621
2024,656731,"Megill, Tylor",starter,78.0,0.27003,0.094955,0.175074,1.307692,1.261513,118.694632,123.026769,99.940907,195,0.292308,0.097436,0.194872,144,0.236111,0.090278,0.145833,111.230088,80,0.225,0.125,0.1,78.063327,0.62766
2024,640455,"Manaea, Sean",starter,181.666667,0.249322,0.085366,0.163957,1.084404,1.198058,117.044733,115.214334,105.234268,473,0.262156,0.080338,0.181818,265,0.226415,0.09434,0.132075,100.736683,142,0.21831,0.133803,0.084507,65.969009,0.602273
2024,686613,"Brown, Hunter",starter,170.0,0.251404,0.08427,0.167135,1.270588,1.227893,116.41451,117.447689,102.677306,428,0.259346,0.07243,0.186916,288,0.236111,0.100694,0.135417,103.285082,161,0.254658,0.124224,0.130435,101.821731,0.666667
2024,668964,"Myers, Tobias",starter,138.0,0.223199,0.063269,0.15993,1.173913,1.191335,114.814299,112.384556,105.828142,333,0.21021,0.075075,0.135135,239,0.238494,0.046025,0.192469,146.799781,125,0.288,0.064,0.224,174.861853,0.680556
2024,668678,"Gallen, Zac",starter,148.0,0.251208,0.086957,0.164251,1.263514,1.226161,114.56765,115.421331,102.822403,358,0.231844,0.094972,0.136872,263,0.277567,0.076046,0.201521,153.704152,146,0.294521,0.10274,0.191781,149.710491,0.655172
2024,676710,"Crawford, Kutter",starter,183.666667,0.230567,0.067194,0.163373,1.121597,1.236331,113.017545,114.804105,101.976542,499,0.240481,0.07014,0.170341,260,0.211538,0.061538,0.15,114.408091,132,0.234848,0.083333,0.151515,118.277769,0.482558
2024,672282,"Detmers, Reid",starter,87.333333,0.278772,0.097187,0.181586,1.557252,1.386417,112.018197,127.602475,90.937143,216,0.291667,0.111111,0.180556,175,0.262857,0.08,0.182857,139.46891,102,0.235294,0.078431,0.156863,122.452278,0.449153
2024,608331,"Fried, Max",starter,174.333333,0.232493,0.079832,0.152661,1.164436,1.184814,110.199293,107.276796,106.410587,440,0.234091,0.088636,0.145455,274,0.229927,0.065693,0.164234,125.264333,135,0.251852,0.066667,0.185185,144.561717,0.668421
2024,681293,"Arrighetti, Spencer",starter,145.0,0.27057,0.102848,0.167722,1.406897,1.330467,107.816515,117.859961,94.761258,376,0.289894,0.079787,0.210106,259,0.239382,0.135135,0.104247,79.511414,137,0.218978,0.153285,0.065693,51.282478,0.601093
2024,677960,"Weathers, Ryan",starter,86.666667,0.217984,0.065395,0.152589,1.176923,1.215116,107.400163,107.225843,103.756974,225,0.231111,0.057778,0.173333,143,0.195804,0.076923,0.118881,90.673079,71,0.140845,0.084507,0.056338,43.979339,0.615385
2024,657277,"Webb, Logan",starter,204.666667,0.204518,0.059453,0.145065,1.23127,1.156882,107.244635,101.939228,108.979813,486,0.222222,0.053498,0.168724,359,0.178273,0.066852,0.111421,84.982797,201,0.21393,0.084577,0.129353,100.977438,0.672199
2024,669022,"Gore, MacKenzie",starter,166.333333,0.247606,0.088919,0.158687,1.418838,1.279212,106.09595,111.511105,98.558143,382,0.259162,0.099476,0.159686,351,0.233618,0.076923,0.156695,119.514624,207,0.241546,0.111111,0.130435,101.821731,0.674208
2024,681857,"Olson, Reese",starter,112.333333,0.217204,0.070968,0.146237,1.183976,1.183727,105.658688,102.762217,106.508329,280,0.228571,0.078571,0.15,185,0.2,0.059459,0.140541,107.193166,109,0.201835,0.073394,0.12844,100.264824,0.650794
2024,650911,"Sánchez, Cristopher",starter,181.666667,0.202918,0.058355,0.144562,1.244037,1.171166,105.569248,101.585719,107.650634,423,0.184397,0.049645,0.134752,332,0.225904,0.069277,0.156627,119.462263,171,0.233918,0.099415,0.134503,104.997458,0.688372
2024,663903,"Singer, Brady",starter,179.666667,0.223097,0.070866,0.152231,1.274583,1.234786,105.441662,106.974564,102.104185,452,0.212389,0.066372,0.146018,310,0.23871,0.077419,0.16129,123.019452,172,0.255814,0.093023,0.162791,127.079835,0.642512
2024,608379,"Wacha, Michael",starter,166.666667,0.211679,0.065693,0.145985,1.194,1.186086,105.267432,102.585726,106.296489,413,0.191283,0.070218,0.121065,272,0.242647,0.058824,0.183824,140.205993,139,0.251799,0.079137,0.172662,134.785601,0.659341
2024,679525,"Marsh, Alec",starter,129.0,0.224453,0.071168,0.153285,1.255814,1.249153,104.950302,107.715012,100.92977,326,0.242331,0.08589,0.156442,223,0.197309,0.049327,0.147982,112.868968,133,0.24812,0.037594,0.210526,164.343847,0.545455
2024,656557,"Houck, Tanner",starter,178.666667,0.207268,0.064603,0.142665,1.141791,1.164435,104.785834,100.252349,108.272918,440,0.222727,0.056818,0.165909,303,0.184818,0.075908,0.108911,83.068581,170,0.176471,0.082353,0.094118,73.471367,0.678756
2024,669194,"Nelson, Ryne",starter,150.666667,0.2,0.053968,0.146032,1.254425,1.200466,104.039462,102.618293,105.023174,376,0.199468,0.050532,0.148936,254,0.200787,0.059055,0.141732,108.102133,132,0.204545,0.075758,0.128788,100.536103,0.587209
2024,518876,"Kelly, Merrill",starter,73.666667,0.21,0.063333,0.146667,1.167421,1.211805,103.514077,103.064459,104.040471,192,0.25,0.0625,0.1875,109,0.137615,0.06422,0.073394,55.979494,67,0.223881,0.074627,0.149254,116.512429,0.56
2024,674370,"Bido, Osvaldo",starter,63.333333,0.243243,0.100386,0.142857,1.089474,1.187297,102.906658,100.38746,106.188096,152,0.256579,0.078947,0.177632,107,0.224299,0.130841,0.093458,71.282299,67,0.179104,0.149254,0.029851,23.302486,0.636364
2024,656605,"Keller, Mitch",starter,178.0,0.214748,0.064683,0.150065,1.303371,1.252345,102.48385,105.452287,100.672593,428,0.219626,0.070093,0.149533,345,0.208696,0.057971,0.150725,114.960787,204,0.215686,0.063725,0.151961,118.625645,0.598086
2024,663362,"Waldron, Matt",starter,146.666667,0.2128,0.064,0.1488,1.261364,1.24196,102.469854,104.563579,101.514366,367,0.207084,0.06812,0.138965,259,0.220077,0.057915,0.162162,123.684422,152,0.243421,0.059211,0.184211,143.800866,0.512195
2024,663978,"Paddack, Chris",starter,88.333333,0.205729,0.054688,0.151042,1.392453,1.280995,100.843992,106.138825,98.420956,229,0.218341,0.056769,0.161572,155,0.187097,0.051613,0.135484,103.33634,82,0.195122,0.060976,0.134146,104.719098,0.550459
2024,607200,"Fedde, Erick",starter,177.333333,0.212121,0.071625,0.140496,1.161654,1.215369,98.868063,98.728163,103.735353,456,0.241228,0.054825,0.186404,270,0.162963,0.1,0.062963,48.023149,156,0.192308,0.115385,0.076923,60.048713,0.650538
2024,669854,"Blanco, Ronel",starter,167.333333,0.245562,0.100592,0.14497,1.087649,1.260141,98.39228,101.872482,100.04974,433,0.242494,0.101617,0.140878,243,0.251029,0.098765,0.152263,116.134413,119,0.260504,0.084034,0.176471,137.758813,0.675
2024,592791,"Taillon, Jameson",starter,165.333333,0.185185,0.048889,0.136296,1.131048,1.189439,98.00375,95.777073,105.99685,422,0.163507,0.047393,0.116114,253,0.221344,0.051383,0.16996,129.632356,133,0.225564,0.030075,0.195489,152.605001,0.638554
2024,450203,"Morton, Charlie",starter,165.333333,0.238231,0.092725,0.145506,1.324597,1.282618,97.025439,102.249139,98.296438,398,0.20603,0.110553,0.095477,304,0.279605,0.069079,0.210526,160.572759,158,0.28481,0.056962,0.227848,177.865809,0.607143
2024,592332,"Gausman, Kevin",starter,181.0,0.214286,0.074074,0.140212,1.220994,1.244952,96.323519,98.528433,101.270415,456,0.201754,0.063596,0.138158,301,0.232558,0.089701,0.142857,108.960086,183,0.234973,0.092896,0.142077,110.909645,0.616915
2024,661563,"Gil, Luis",starter,151.666667,0.268446,0.120879,0.147567,1.193407,1.319832,95.624779,103.696937,95.524845,384,0.255208,0.111979,0.143229,253,0.288538,0.134387,0.15415,117.573532,138,0.304348,0.137681,0.166667,130.105546,0.638037
2024,571945,"Mikolas, Miles",starter,171.666667,0.169444,0.034722,0.134722,1.275728,1.212703,95.013513,94.670952,103.963396,444,0.198198,0.038288,0.15991,277,0.122744,0.028881,0.093863,71.591104,149,0.127517,0.040268,0.087248,68.108943,0.471503
2024,690986,"Harrison, Kyle",starter,124.333333,0.221805,0.078947,0.142857,1.343164,1.291094,94.633527,100.38746,97.651155,300,0.216667,0.08,0.136667,236,0.224576,0.076271,0.148305,113.115344,126,0.253968,0.079365,0.174603,136.301048,0.577181
2024,694813,"Stone, Gavin",starter,140.333333,0.2,0.063793,0.136207,1.211401,1.232481,94.519089,95.714251,102.29508,347,0.224784,0.063401,0.161383,233,0.16309,0.064378,0.098712,75.290017,121,0.14876,0.090909,0.057851,45.160603,0.638158
2024,681035,"Scott, Christian",starter,47.333333,0.19797,0.060914,0.137056,1.204225,1.245043,94.148644,96.310812,101.263014,126,0.198413,0.055556,0.142857,71,0.197183,0.070423,0.126761,96.682893,39,0.25641,0.076923,0.179487,140.113665,0.510204
2024,680730,"Parker, Mitchell",starter,151.0,0.205882,0.066563,0.139319,1.304636,1.26789,93.97868,97.901083,99.438295,370,0.205405,0.056757,0.148649,276,0.206522,0.07971,0.126812,96.721816,142,0.204225,0.105634,0.098592,76.963844,0.597765
2024,663623,"Irvin, Jake",starter,187.666667,0.202861,0.06762,0.135241,1.198934,1.245947,92.834249,95.035203,101.189522,484,0.225207,0.066116,0.159091,285,0.164912,0.070175,0.094737,72.257741,159,0.169811,0.062893,0.106918,83.463935,0.530612
2024,669358,"Baz, Shane",starter,79.333333,0.216301,0.084639,0.131661,1.058824,1.222851,92.084331,92.520104,103.100661,196,0.214286,0.091837,0.122449,123,0.219512,0.073171,0.146341,111.617649,48,0.291667,0.083333,0.208333,162.631932,0.64
2024,668909,"Williams, Gavin",starter,76.0,0.237952,0.096386,0.141566,1.368421,1.315959,92.006447,99.480345,95.806021,188,0.207447,0.090426,0.117021,144,0.277778,0.104167,0.173611,132.416771,78,0.269231,0.076923,0.192308,150.121783,0.57732
2024,650644,"Civale, Aaron",starter,161.0,0.216255,0.075472,0.140784,1.304348,1.316971,91.427519,98.930458,95.732355,421,0.206651,0.07601,0.130641,268,0.231343,0.074627,0.156716,119.530841,118,0.245763,0.084746,0.161017,125.695188,0.569061
2024,622663,"Severino, Luis",starter,182.0,0.211564,0.078844,0.13272,1.241758,1.25582,90.387846,93.26404,100.393972,456,0.219298,0.074561,0.144737,306,0.199346,0.084967,0.114379,87.239285,164,0.207317,0.091463,0.115854,90.439221,0.610837
2024,677944,"Cecconi, Slade",starter,77.0,0.189349,0.050296,0.139053,1.415584,1.31905,90.161412,97.714421,95.581506,204,0.191176,0.053922,0.137255,134,0.186567,0.044776,0.141791,108.146951,74,0.175676,0.067568,0.108108,84.392786,0.387097
2024,666200,"Luzardo, Jesús",starter,66.666667,0.211679,0.080292,0.131387,1.245,1.258167,89.312927,92.327153,100.206687,177,0.254237,0.079096,0.175141,98,0.132653,0.081633,0.05102,38.914317,54,0.148148,0.092593,0.055556,43.368515,0.5
2024,592351,"Gray, Jon",starter,102.666667,0.1959,0.063781,0.132118,1.314935,1.265632,89.280533,92.84125,99.61566,260,0.196154,0.057692,0.138462,179,0.195531,0.072626,0.122905,93.742197,97,0.278351,0.072165,0.206186,160.955314,0.58871
2024,628317,"Maeda, Kenta",starter,112.333333,0.197938,0.063918,0.134021,1.379822,1.325318,86.487305,94.177927,95.129468,275,0.203636,0.072727,0.130909,211,0.189573,0.052133,0.137441,104.828898,102,0.196078,0.04902,0.147059,114.799011,0.428571
2024,621244,"Berríos, José",starter,192.333333,0.194656,0.068702,0.125954,1.154246,1.245577,86.485424,88.509555,101.219594,488,0.192623,0.069672,0.122951,301,0.196013,0.066445,0.129568,98.824264,149,0.214765,0.067114,0.147651,115.261289,0.596859
2024,806185,"Birdsong, Hayden",starter,72.0,0.279365,0.136508,0.142857,1.388889,1.423885,85.807976,100.38746,88.544179,174,0.247126,0.172414,0.074713,141,0.319149,0.092199,0.22695,173.099711,72,0.305556,0.083333,0.222222,173.474061,0.573034
2024,607067,"Rea, Colin",starter,167.666667,0.189076,0.060224,0.128852,1.264414,1.288906,85.500592,90.545552,97.816884,435,0.2,0.045977,0.154023,280,0.171429,0.082143,0.089286,68.100054,155,0.167742,0.116129,0.051613,40.29075,0.562842
2024,665152,"Kremer, Dean",starter,129.666667,0.222423,0.092224,0.130199,1.241645,1.332045,83.596701,91.492369,94.649013,334,0.239521,0.095808,0.143713,219,0.196347,0.086758,0.109589,83.58582,109,0.146789,0.073394,0.073394,57.294185,0.587413
2024,687765,"Spence, Mitch",starter,151.333333,0.193548,0.067588,0.12596,1.381057,1.29452,83.219463,88.513675,97.392691,384,0.200521,0.075521,0.125,271,0.180812,0.055351,0.125461,95.691884,158,0.151899,0.050633,0.101266,79.051471,0.592593
2024,665795,"Cabrera, Edward",starter,96.333333,0.255981,0.119617,0.136364,1.370242,1.401587,83.210732,95.824394,89.952883,246,0.260163,0.093496,0.166667,172,0.25,0.151163,0.098837,75.385176,109,0.238532,0.174312,0.06422,50.132412,0.547009
2024,605135,"Bassitt, Chris",starter,171.0,0.221636,0.092348,0.129288,1.461988,1.33696,82.706431,90.851976,94.301093,420,0.259524,0.088095,0.171429,342,0.172515,0.096491,0.076023,57.984607,194,0.175258,0.103093,0.072165,56.33436,0.659483
2024,663372,"Feltner, Ryan",starter,162.333333,0.199422,0.075145,0.124277,1.336756,1.291877,82.275748,87.331288,97.591906,413,0.210654,0.070218,0.140436,282,0.180851,0.08156,0.099291,75.731124,164,0.164634,0.097561,0.067073,52.359549,0.588832
2024,663776,"Sandoval, Patrick",starter,79.666667,0.229462,0.09915,0.130312,1.506276,1.360305,81.930904,91.571564,92.682755,200,0.255,0.095,0.16,153,0.196078,0.104575,0.091503,69.791428,83,0.156627,0.13253,0.024096,18.81044,0.598214
2024,678394,"Bello, Brayan",starter,162.333333,0.217949,0.091168,0.126781,1.361396,1.325634,81.795632,89.090296,95.106792,393,0.234097,0.083969,0.150127,311,0.196141,0.099678,0.096463,73.574335,174,0.195402,0.114943,0.08046,62.809574,0.59901
2024,458681,"Lynn, Lance",starter,117.333333,0.213307,0.086106,0.127202,1.338068,1.345833,80.835459,89.386095,93.679328,294,0.180272,0.091837,0.088435,217,0.258065,0.078341,0.179724,137.078818,133,0.270677,0.105263,0.165414,129.127308,0.64539
2024,621112,"Blackburn, Paul",starter,75.333333,0.186709,0.066456,0.120253,1.287611,1.286525,79.942724,84.503368,97.997895,191,0.193717,0.052356,0.141361,126,0.174603,0.087302,0.087302,66.586719,69,0.188406,0.086957,0.101449,79.19468,0.541176
2024,683155,"Estes, Joey",starter,127.666667,0.169429,0.049724,0.119705,1.229765,1.281463,79.892889,84.118406,98.385006,341,0.193548,0.038123,0.155425,202,0.128713,0.069307,0.059406,45.310135,115,0.130435,0.078261,0.052174,40.728693,0.470149
2024,471911,"Carrasco, Carlos",starter,103.666667,0.199105,0.073826,0.12528,1.398714,1.342391,79.818235,88.035536,93.919535,263,0.201521,0.076046,0.125475,185,0.194595,0.07027,0.124324,94.824724,111,0.135135,0.081081,0.054054,42.196393,0.484127
2024,680573,"Woods Richardson, Simeon",starter,133.666667,0.205624,0.084359,0.121265,1.294264,1.311291,79.093107,85.214663,96.147086,334,0.203593,0.092814,0.110778,236,0.207627,0.072034,0.135593,103.419743,120,0.216667,0.083333,0.133333,104.084437,0.605096
2024,693821,"Elder, Bryce",starter,49.666667,0.20354,0.075221,0.128319,1.630872,1.398367,78.481833,90.171037,90.159998,129,0.224806,0.069767,0.155039,97,0.175258,0.082474,0.092784,70.767891,56,0.160714,0.107143,0.053571,41.81964,0.506849
2024,676664,"Sears, JP",starter,180.666667,0.180739,0.064644,0.116095,1.223247,1.27369,77.956199,81.581366,98.985483,455,0.195604,0.057143,0.138462,304,0.157895,0.075658,0.082237,62.723734,162,0.179012,0.061728,0.117284,91.555754,0.544041
2024,684320,"Rodríguez, Yariel",starter,86.666667,0.230978,0.108696,0.122283,1.315385,1.352799,77.309405,85.929484,93.197005,216,0.222222,0.111111,0.111111,154,0.24026,0.103896,0.136364,104.007355,84,0.22619,0.130952,0.095238,74.346026,0.582524
2024,593423,"Montas, Frankie",starter,150.666667,0.225954,0.100763,0.125191,1.367257,1.386039,77.24991,87.973133,90.961947,396,0.244949,0.106061,0.138889,264,0.193182,0.090909,0.102273,78.005516,139,0.18705,0.100719,0.086331,67.392801,0.554945
2024,607536,"Freeland, Kyle",starter,113.333333,0.173469,0.053061,0.120408,1.411765,1.333595,77.220507,84.612288,94.539007,297,0.164983,0.047138,0.117845,195,0.184615,0.061538,0.123077,93.873305,112,0.223214,0.080357,0.142857,111.519039,0.521739
2024,593958,"Rodriguez, Eduardo",starter,50.0,0.209821,0.084821,0.125,1.5,1.399991,76.363456,87.839028,90.055424,125,0.24,0.096,0.144,99,0.171717,0.070707,0.10101,77.042485,53,0.132075,0.113208,0.018868,14.72893,0.58209
2024,544150,"Suárez, Albert",starter,133.666667,0.19115,0.076106,0.115044,1.294264,1.296581,75.886784,80.842999,97.237897,323,0.179567,0.089783,0.089783,243,0.205761,0.057613,0.148148,112.995645,139,0.208633,0.071942,0.136691,106.705268,0.647436
2024,667755,"Soriano, José",starter,113.0,0.207265,0.096154,0.111111,1.20354,1.258363,75.518329,78.079136,100.191113,271,0.228782,0.081181,0.147601,198,0.176768,0.116162,0.060606,46.225491,111,0.198198,0.144144,0.054054,42.196393,0.664062
2024,434378,"Verlander, Justin",starter,90.333333,0.186869,0.068182,0.118687,1.383764,1.346206,75.403579,83.402713,93.653412,228,0.197368,0.04386,0.153509,170,0.170588,0.1,0.070588,53.839101,98,0.153061,0.081633,0.071429,55.75952,0.5
2024,676775,"Winn, Keaton",starter,55.333333,0.201681,0.084034,0.117647,1.373494,1.343202,74.910123,82.672026,93.862854,142,0.183099,0.098592,0.084507,97,0.226804,0.061856,0.164948,125.809584,52,0.25,0.096154,0.153846,120.097427,0.343284
2024,596295,"Gomber, Austin",starter,165.0,0.166667,0.054598,0.112069,1.309091,1.311907,73.060578,78.752232,96.101919,435,0.156322,0.062069,0.094253,261,0.183908,0.042146,0.141762,108.125143,153,0.169935,0.045752,0.124183,96.941387,0.532258
2024,502043,"Gibson, Kyle",starter,169.666667,0.209141,0.094183,0.114958,1.349705,1.346312,73.029116,80.782707,93.64605,430,0.230233,0.074419,0.155814,292,0.178082,0.123288,0.054795,41.79291,167,0.191617,0.149701,0.041916,32.721155,0.61165
2024,641540,"Dunning, Dane",starter,95.0,0.216152,0.095012,0.12114,1.442105,1.424031,72.756088,85.126659,88.53512,255,0.25098,0.094118,0.156863,166,0.162651,0.096386,0.066265,50.541727,90,0.2,0.1,0.1,78.063327,0.529412
2024,656849,"Peterson, David",starter,121.0,0.198039,0.090196,0.107843,1.289256,1.279475,72.08774,75.782691,98.53788,293,0.191126,0.102389,0.088737,217,0.207373,0.073733,0.133641,101.930403,112,0.232143,0.098214,0.133929,104.549099,0.736486
2024,672456,"Montero, Keider",starter,98.333333,0.186893,0.075243,0.11165,1.332203,1.341677,71.172699,78.458161,93.969548,249,0.192771,0.080321,0.11245,165,0.175758,0.066667,0.109091,83.205884,82,0.158537,0.085366,0.073171,57.119508,0.535714
2024,594902,"Lively, Ben",starter,151.0,0.186709,0.077532,0.109177,1.245033,1.317648,70.86525,76.720163,95.683186,377,0.190981,0.082228,0.108753,256,0.179688,0.070312,0.109375,83.422566,125,0.16,0.088,0.072,56.205596,0.612121
2024,571578,"Corbin, Patrick",starter,174.666667,0.181937,0.070681,0.111257,1.5,1.35218,70.370695,78.181334,93.239641,438,0.203196,0.057078,0.146119,329,0.151976,0.088146,0.06383,48.684294,206,0.145631,0.116505,0.029126,22.736891,0.540084
2024,663554,"Mize, Casey",starter,102.333333,0.172566,0.064159,0.108407,1.465798,1.33347,69.530466,76.17898,94.547884,234,0.192308,0.08547,0.106838,220,0.15,0.040909,0.109091,83.205884,114,0.131579,0.052632,0.078947,61.628943,0.633094
2024,669084,"Hall, DL",starter,43.0,0.22335,0.106599,0.116751,1.604651,1.445466,69.080351,82.042544,87.222241,107,0.224299,0.11215,0.11215,90,0.222222,0.1,0.122222,93.221407,45,0.177778,0.111111,0.066667,52.042218,0.619048
2024,663436,"Martin, Davis",starter,50.0,0.213636,0.104545,0.109091,1.46,1.373505,67.929609,76.659515,91.792009,117,0.25641,0.08547,0.17094,104,0.163462,0.125,0.038462,29.335408,60,0.15,0.15,0.0,0.0,0.647059
2024,671096,"Abbott, Andrew",starter,138.0,0.194539,0.088737,0.105802,1.297101,1.383266,65.416784,74.348392,91.144284,370,0.181081,0.083784,0.097297,216,0.217593,0.097222,0.12037,91.808962,105,0.295238,0.07619,0.219048,170.99586,0.62987
2024,681867,"Criswell, Cooper",starter,99.333333,0.17217,0.073113,0.099057,1.348993,1.296064,65.366902,69.608286,97.276691,241,0.207469,0.06639,0.141079,184,0.125,0.081522,0.043478,33.161765,99,0.10101,0.121212,-0.020202,-15.770369,0.637097
2024,676974,"Meyer, Max",starter,57.0,0.185484,0.076613,0.108871,1.421053,1.425074,65.339443,76.50496,88.470334,152,0.203947,0.059211,0.144737,97,0.154639,0.103093,0.051546,39.315495,57,0.157895,0.122807,0.035088,27.390641,0.462687
2024,500779,"Quintana, Jose",starter,170.333333,0.188285,0.087866,0.100418,1.250489,1.321169,65.006361,70.565244,95.428222,419,0.188544,0.081146,0.107399,298,0.187919,0.097315,0.090604,69.105558,152,0.223684,0.118421,0.105263,82.171924,0.628272
2024,663855,"Hicks, Jordan",starter,109.666667,0.199584,0.097713,0.101871,1.449848,1.377815,63.235488,71.586068,91.504865,267,0.187266,0.089888,0.097378,214,0.214953,0.107477,0.107477,81.974644,121,0.239669,0.140496,0.099174,77.418176,0.659864
2024,686563,"Cannon, Jonathan",starter,124.333333,0.17433,0.076628,0.097701,1.327078,1.326416,62.997095,68.655792,95.050667,324,0.166667,0.074074,0.092593,201,0.18408,0.079602,0.104478,79.687227,94,0.202128,0.106383,0.095745,74.741484,0.578231
2024,608344,"Irvin, Cole",starter,111.0,0.158537,0.058943,0.099593,1.45045,1.365707,62.369776,69.985567,92.316116,277,0.162455,0.050542,0.111913,217,0.152074,0.069124,0.082949,63.267147,123,0.146341,0.089431,0.056911,44.426284,0.559441
2024,621111,"Buehler, Walker",starter,75.333333,0.186047,0.081395,0.104651,1.553097,1.47111,60.841469,73.539651,85.701802,188,0.202128,0.06383,0.138298,157,0.165605,0.101911,0.063694,48.58093,89,0.146067,0.134831,0.011236,8.77116,0.554455
2024,527048,"Pérez, Martín",starter,135.0,0.181356,0.083051,0.098305,1.481481,1.397538,60.16072,69.080184,90.213465,334,0.191617,0.092814,0.098802,257,0.167315,0.070039,0.097276,74.194611,114,0.166667,0.078947,0.087719,68.476603,0.617978
2024,571927,"Matz, Steven",starter,44.333333,0.173684,0.078947,0.094737,1.443609,1.361299,59.52042,66.572737,92.615014,110,0.227273,0.1,0.127273,80,0.1,0.05,0.05,38.13603,41,0.170732,0.02439,0.146341,114.239016,0.561404
2024,700249,"Povich, Cade",starter,79.666667,0.196023,0.096591,0.099432,1.430962,1.430784,59.436356,69.871954,88.117285,218,0.233945,0.082569,0.151376,134,0.134328,0.119403,0.014925,11.38389,69,0.130435,0.115942,0.014493,11.313526,0.54902
2024,696136,"Wicks, Jordan",starter,46.0,0.198113,0.09434,0.103774,1.630435,1.502047,59.088643,72.922966,83.936627,107,0.121495,0.093458,0.028037,105,0.27619,0.095238,0.180952,138.016109,67,0.313433,0.119403,0.19403,151.466158,0.575758
2024,669467,"Pallante, Andre",starter,121.333333,0.184676,0.094303,0.090373,1.302198,1.313995,58.823012,63.506409,95.949238,295,0.186441,0.108475,0.077966,214,0.182243,0.074766,0.107477,81.974644,138,0.202899,0.086957,0.115942,90.508206,0.66
2024,665871,"Assad, Javier",starter,147.0,0.194357,0.098746,0.095611,1.401361,1.398686,58.464167,67.187219,90.139455,346,0.179191,0.101156,0.078035,295,0.210169,0.094915,0.115254,87.906781,162,0.240741,0.092593,0.148148,115.649374,0.672043
2024,663559,"Falter, Bailey",starter,142.333333,0.164686,0.076401,0.088285,1.285714,1.297003,58.216719,62.03911,97.206206,357,0.193277,0.084034,0.109244,233,0.120172,0.064378,0.055794,42.555227,136,0.139706,0.080882,0.058824,45.919604,0.578313
2024,542881,"Anderson, Tyler",starter,179.333333,0.185621,0.095425,0.090196,1.288104,1.381723,55.829986,63.381887,91.246073,462,0.186147,0.084416,0.101732,304,0.184211,0.111842,0.072368,55.196886,154,0.188312,0.123377,0.064935,50.690472,0.63285
2024,682990,"Priester, Quinn",starter,49.666667,0.149321,0.063348,0.085973,1.409396,1.382177,53.198368,60.414173,91.216059,125,0.144,0.048,0.096,96,0.15625,0.083333,0.072917,55.615044,58,0.155172,0.068966,0.086207,67.295972,0.587302
2024,656288,"Canning, Griffin",starter,171.666667,0.175913,0.08931,0.086604,1.398058,1.418044,52.233197,60.857351,88.908931,445,0.182022,0.101124,0.080899,296,0.165541,0.070946,0.094595,72.149246,144,0.1875,0.083333,0.104167,81.315966,0.526316
2024,668933,"Ashcraft, Graham",starter,77.333333,0.162857,0.077143,0.085714,1.5,1.42686,51.377464,60.232476,88.359606,183,0.15847,0.076503,0.081967,167,0.167665,0.077844,0.08982,68.507839,98,0.132653,0.071429,0.061224,47.793874,0.571429
2024,623167,"Flexen, Chris",starter,160.0,0.173975,0.089109,0.084866,1.51875,1.435337,50.568349,59.636115,87.837761,391,0.173913,0.089514,0.084399,316,0.174051,0.088608,0.085443,65.169165,173,0.202312,0.080925,0.121387,94.758952,0.598174
2024,671106,"Allen, Logan",starter,97.333333,0.18287,0.094907,0.087963,1.582192,1.497978,50.222142,61.812649,84.164645,227,0.132159,0.114537,0.017621,206,0.237864,0.072816,0.165049,125.885925,95,0.231579,0.052632,0.178947,139.69227,0.530303
2024,573186,"Stroman, Marcus",starter,154.666667,0.167407,0.088889,0.078519,1.467672,1.401173,47.927095,55.175923,89.979449,369,0.159892,0.102981,0.056911,307,0.175896,0.071661,0.104235,79.501822,166,0.186747,0.066265,0.120482,94.052202,0.644231
2024,681190,"Vásquez, Randy",starter,98.0,0.143852,0.067285,0.076566,1.510204,1.371336,47.752225,53.803952,91.937197,224,0.147321,0.09375,0.053571,209,0.138756,0.038278,0.100478,76.636998,113,0.123894,0.053097,0.070796,55.266072,0.607407
2024,543294,"Hendricks, Kyle",starter,130.666667,0.153439,0.075838,0.077601,1.454082,1.408102,47.13422,54.53146,89.536688,349,0.169054,0.071633,0.097421,222,0.126126,0.081081,0.045045,34.356784,120,0.133333,0.1,0.033333,26.021109,0.491124
2024,678368,"Bellozo, Valente",starter,68.666667,0.149153,0.071186,0.077966,1.31068,1.425502,46.777684,54.787732,88.443764,188,0.148936,0.06383,0.085106,107,0.149533,0.084112,0.065421,49.89761,53,0.169811,0.113208,0.056604,44.186789,0.626667
2024,676106,"Hancock, Emerson",starter,60.666667,0.146617,0.071429,0.075188,1.335165,1.420914,45.256538,52.835505,88.729347,160,0.16875,0.05,0.11875,106,0.113208,0.103774,0.009434,7.195477,62,0.16129,0.080645,0.080645,62.954296,0.536232
2024,548389,"Stripling, Ross",starter,85.333333,0.128609,0.057743,0.070866,1.535156,1.364669,44.413209,49.798504,92.386323,209,0.143541,0.047847,0.095694,172,0.110465,0.069767,0.040698,31.040955,115,0.113043,0.095652,0.017391,13.576231,0.540323
2024,676272,"Miller, Bobby",starter,56.0,0.20155,0.116279,0.085271,1.767857,1.653828,44.097436,59.921197,76.233293,145,0.262069,0.110345,0.151724,114,0.122807,0.122807,0.0,0.0,70,0.157143,0.085714,0.071429,55.75952,0.353659
2024,656756,"Montgomery, Jordan",starter,117.0,0.156015,0.082707,0.073308,1.649573,1.451769,43.18733,51.514618,86.843576,276,0.148551,0.09058,0.057971,256,0.164062,0.074219,0.089844,68.525679,152,0.177632,0.085526,0.092105,71.900433,0.547486
2024,547179,"Lorenzen, Michael",starter,130.333333,0.18097,0.11194,0.06903,1.235294,1.384384,42.646288,48.50812,91.070689,323,0.164087,0.111455,0.052632,213,0.206573,0.107981,0.098592,75.197806,108,0.268519,0.111111,0.157407,122.87746,0.666667
2024,669432,"Rogers, Trevor",starter,124.333333,0.172598,0.099644,0.072954,1.576408,1.47434,42.320487,51.265482,85.514041,296,0.141892,0.10473,0.037162,266,0.206767,0.093985,0.112782,86.021121,165,0.193939,0.115152,0.078788,61.50444,0.626374
2024,670124,"Oller, Adam",starter,42.333333,0.190476,0.116402,0.074074,1.535433,1.522336,41.615622,52.052757,82.817951,99,0.222222,0.121212,0.10101,91,0.153846,0.10989,0.043956,33.52618,56,0.178571,0.089286,0.089286,69.699399,0.568966
2024,686799,"Kochanowicz, Jack",starter,65.333333,0.093985,0.037594,0.056391,1.193878,1.216309,39.652109,39.626629,103.655175,159,0.100629,0.025157,0.075472,107,0.084112,0.056075,0.028037,21.38469,64,0.0625,0.09375,-0.03125,-24.39479,0.591549
2024,682610,"Muñoz, Roddery",starter,82.666667,0.184697,0.110818,0.073879,1.584677,1.652018,38.24765,51.915415,76.316817,229,0.187773,0.131004,0.056769,151,0.178808,0.07947,0.099338,75.766947,84,0.130952,0.071429,0.059524,46.466266,0.428571
2024,665622,"Medina, Luis",starter,40.0,0.177778,0.111111,0.066667,1.575,1.493403,38.179706,46.847481,84.42249,93,0.204301,0.096774,0.107527,87,0.149425,0.126437,0.022989,17.533807,50,0.22,0.14,0.08,62.450662,0.610169
2024,663474,"McKenzie, Triston",starter,75.666667,0.217647,0.144118,0.073529,1.559471,1.65126,38.084336,51.670016,76.351859,198,0.207071,0.151515,0.055556,143,0.230769,0.132867,0.097902,74.671947,81,0.259259,0.160494,0.098765,77.099583,0.565657
2024,671212,"Boyle, Joe",starter,47.666667,0.247788,0.176991,0.070796,1.72028,1.660595,36.462678,49.749538,75.922646,102,0.235294,0.186275,0.04902,124,0.258065,0.169355,0.08871,67.660699,81,0.246914,0.17284,0.074074,57.824687,0.564103
2024,615698,"Quantrill, Cal",starter,148.333333,0.167683,0.105183,0.0625,1.516854,1.484002,36.020205,43.919514,84.957258,371,0.188679,0.102426,0.086253,289,0.138408,0.107266,0.031142,23.752545,160,0.15,0.1125,0.0375,29.273748,0.594059
2024,621389,"Blach, Ty",starter,71.333333,0.109091,0.054545,0.054545,1.696262,1.512966,30.834023,38.329758,83.330874,172,0.104651,0.034884,0.069767,158,0.113924,0.075949,0.037975,28.964074,87,0.137931,0.08046,0.057471,44.863981,0.471154
2024,572020,"Paxton, James",starter,100.333333,0.167048,0.114416,0.052632,1.445183,1.483761,30.337736,36.984854,84.971071,250,0.152,0.12,0.032,187,0.187166,0.106952,0.080214,61.180797,94,0.180851,0.148936,0.031915,24.913828,0.631579
2024,592836,"Walker, Taijuan",starter,83.666667,0.152231,0.097113,0.055118,1.721116,1.628477,28.947668,38.73217,77.420074,216,0.162037,0.106481,0.055556,166,0.138554,0.084337,0.054217,41.352322,78,0.141026,0.089744,0.051282,40.032476,0.45
2024,689672,"Thorpe, Drew",starter,44.333333,0.131579,0.110526,0.021053,1.263158,1.532301,11.75068,14.793941,82.279367,115,0.13913,0.130435,0.008696,75,0.12,0.08,0.04,30.508824,43,0.116279,0.139535,-0.023256,-18.154262,0.4375
2024,641712,"Hudson, Dakota",starter,89.0,0.121287,0.123762,-0.002475,1.674157,1.625559,-1.302317,-1.739387,77.559006,220,0.118182,0.127273,-0.009091,186,0.123656,0.11828,0.005376,4.100648,100,0.14,0.16,-0.02,-15.612665,0.557971
2025,547973,"Chapman, Aroldis",reliever,61.333333,0.372807,0.065789,0.307018,0.701087,0.885747,267.4589,199.940408,138.923451,139,0.323741,0.064748,0.258993,89,0.449438,0.067416,0.382022,279.530462,50,0.4,0.08,0.32,257.997678,0.8
2025,695243,"Miller, Mason",reliever,61.666667,0.444444,0.119658,0.324786,0.908108,0.978113,256.219319,211.512051,125.804403,138,0.492754,0.108696,0.384058,97,0.371134,0.134021,0.237113,173.498744,58,0.396552,0.172414,0.224138,180.70958,0.647059
2025,621242,"Díaz, Edwin",reliever,66.333333,0.379845,0.081395,0.29845,0.874372,0.924509,249.093868,194.360676,133.098671,142,0.373239,0.077465,0.295775,117,0.384615,0.08547,0.299145,218.888233,84,0.357143,0.107143,0.25,201.560686,0.777778
2025,642100,"Speier, Gabe",reliever,62.0,0.337449,0.045267,0.292181,0.870968,0.914272,246.592484,190.278385,134.588968,138,0.311594,0.028986,0.282609,105,0.371429,0.066667,0.304762,222.997971,60,0.35,0.066667,0.283333,228.435444,0.632653
2025,678495,"Rodríguez, Randy",reliever,50.666667,0.338384,0.055556,0.282828,0.888158,0.938446,232.550405,184.187527,131.122121,103,0.339806,0.048544,0.291262,96,0.333333,0.0625,0.270833,198.172025,66,0.333333,0.045455,0.287879,232.100184,0.756098
2025,671922,"Smith, Cade",reliever,73.666667,0.346667,0.063333,0.283333,1.004525,0.974957,224.241182,184.516434,126.211639,165,0.351515,0.060606,0.290909,136,0.338235,0.066176,0.272059,199.068731,90,0.266667,0.055556,0.211111,170.206801,0.657143
2025,623352,"Hader, Josh",reliever,52.666667,0.368932,0.07767,0.291262,0.85443,1.012998,221.859846,189.679943,121.472055,120,0.366667,0.066667,0.3,86,0.372093,0.093023,0.27907,204.198723,56,0.357143,0.107143,0.25,201.560686,0.675676
2025,670280,"Bednar, David",reliever,62.666667,0.342629,0.075697,0.266932,1.037234,1.020886,201.756433,173.835496,120.533568,148,0.317568,0.087838,0.22973,104,0.375,0.057692,0.317308,232.177875,63,0.396825,0.079365,0.31746,255.950077,0.737705
2025,664076,"Cleavinger, Garrett",reliever,61.333333,0.337449,0.074074,0.263374,0.945652,1.041962,195.040664,171.518544,118.095451,149,0.328859,0.080537,0.248322,94,0.351064,0.06383,0.287234,210.172622,52,0.326923,0.076923,0.25,201.560686,0.673469
2025,643377,"Jax, Griffin",reliever,66.0,0.349823,0.074205,0.275618,1.287879,1.093518,194.484834,179.492187,112.527657,158,0.360759,0.044304,0.316456,125,0.336,0.112,0.224,163.903509,79,0.35443,0.126582,0.227848,183.700878,0.602564
2025,552640,"Kittredge, Andrew",reliever,53.0,0.307692,0.052885,0.254808,0.981132,1.025015,191.816382,165.939553,120.047982,130,0.323077,0.030769,0.292308,78,0.282051,0.089744,0.192308,140.713864,56,0.303571,0.125,0.178571,143.971919,0.555556
2025,595345,"Okert, Steven",reliever,71.666667,0.304348,0.068841,0.235507,0.893023,1.005743,180.684437,153.370437,122.348367,156,0.326923,0.076923,0.25,120,0.275,0.058333,0.216667,158.53762,80,0.3375,0.0625,0.275,221.716755,0.586207
2025,669093,"Estrada, Jeremiah",reliever,73.0,0.355263,0.088816,0.266447,1.164384,1.139345,180.451153,173.519711,108.001535,168,0.357143,0.089286,0.267857,136,0.352941,0.088235,0.264706,193.688495,72,0.361111,0.069444,0.291667,235.154134,0.616438
2025,642207,"Williams, Devin",reliever,62.0,0.34749,0.096525,0.250965,1.129032,1.111956,174.152413,163.437223,110.661769,137,0.364964,0.065693,0.29927,122,0.327869,0.131148,0.196721,143.943362,87,0.356322,0.16092,0.195402,157.541686,0.492308
2025,650556,"Abreu, Bryan",reliever,71.0,0.35473,0.10473,0.25,1.15493,1.115101,172.99327,162.808618,110.349636,148,0.310811,0.141892,0.168919,149,0.395973,0.067114,0.328859,240.630151,82,0.439024,0.097561,0.341463,275.3024,0.769231
2025,664208,"Maton, Phil",reliever,61.333333,0.326613,0.092742,0.233871,1.059783,1.049348,171.972879,152.304836,117.264175,116,0.327586,0.077586,0.25,134,0.320896,0.11194,0.208955,152.895064,100,0.36,0.12,0.24,193.498258,0.693548
2025,681911,"Vesia, Alex",reliever,59.666667,0.337553,0.092827,0.244726,0.988827,1.099142,171.802354,159.373837,111.951822,131,0.366412,0.053435,0.312977,101,0.306931,0.138614,0.168317,123.159461,64,0.3125,0.171875,0.140625,113.377886,0.6
2025,676477,"Whitlock, Garrett",reliever,72.0,0.31058,0.081911,0.228669,1.083333,1.051301,167.835334,148.917098,117.046362,153,0.30719,0.065359,0.24183,140,0.314286,0.1,0.214286,156.795448,73,0.328767,0.164384,0.164384,132.533054,0.763158
2025,641329,"Baker, Bryan",reliever,68.666667,0.30292,0.062044,0.240876,1.106796,1.114034,166.839245,156.866698,110.455297,168,0.303571,0.053571,0.25,107,0.299065,0.074766,0.224299,164.122338,66,0.318182,0.090909,0.227273,183.236987,0.507937
2025,669276,"Lee, Dylan",reliever,68.333333,0.285714,0.052632,0.233083,0.980488,1.079819,166.556857,151.791493,113.955205,172,0.25,0.034884,0.215116,94,0.351064,0.085106,0.265957,194.60428,56,0.303571,0.142857,0.160714,129.574727,0.537037
2025,663158,"Suarez, Robert",reliever,69.666667,0.27881,0.05948,0.219331,0.904306,1.020753,165.79917,142.835814,120.549198,167,0.293413,0.035928,0.257485,102,0.254902,0.098039,0.156863,114.778367,63,0.301587,0.111111,0.190476,153.570046,0.596491
2025,656986,"Sousa, Bennett",reliever,50.666667,0.296482,0.075377,0.221106,1.026316,1.063278,160.456038,143.991542,115.727925,104,0.336538,0.086538,0.25,95,0.252632,0.063158,0.189474,138.640186,67,0.268657,0.074627,0.19403,156.435159,0.666667
2025,678692,"Henriquez, Ronny",reliever,73.0,0.323432,0.089109,0.234323,1.09589,1.136302,159.120199,152.599497,108.290734,151,0.337748,0.086093,0.251656,152,0.309211,0.092105,0.217105,158.858546,102,0.294118,0.127451,0.166667,134.373791,0.75
2025,670955,"Uceta, Edwin",reliever,76.0,0.320872,0.084112,0.23676,1.171053,1.153864,158.327809,154.186355,106.642507,153,0.339869,0.071895,0.267974,170,0.3,0.094118,0.205882,150.646607,108,0.324074,0.101852,0.222222,179.165054,0.589744
2025,518585,"Cruz, Fernando",reliever,48.0,0.36,0.12,0.24,1.1875,1.185379,156.227417,156.296273,103.807257,102,0.431373,0.078431,0.352941,99,0.282828,0.161616,0.121212,88.692375,69,0.275362,0.173913,0.101449,81.792742,0.634615
2025,656730,"Megill, Trevor",reliever,47.0,0.3125,0.088542,0.223958,1.12766,1.118041,154.565656,145.849387,110.059485,98,0.285714,0.05102,0.234694,94,0.340426,0.12766,0.212766,155.683424,75,0.36,0.12,0.24,193.498258,0.74
2025,628452,"Iglesias, Raisel",reliever,67.333333,0.274436,0.06015,0.214286,0.99505,1.077197,153.497562,139.550244,114.232575,154,0.272727,0.058442,0.214286,113,0.274336,0.070796,0.20354,148.93255,68,0.264706,0.088235,0.176471,142.278131,0.59322
2025,682842,"Uribe, Abner",reliever,75.333333,0.302013,0.090604,0.211409,1.035398,1.06344,153.396236,137.677086,115.710327,162,0.333333,0.104938,0.228395,137,0.262774,0.072993,0.189781,138.865069,64,0.328125,0.09375,0.234375,188.963143,0.810811
2025,661395,"Duran, Jhoan",reliever,70.0,0.278746,0.066202,0.212544,1.1,1.069862,153.2934,138.415689,115.015725,164,0.280488,0.04878,0.231707,123,0.276423,0.089431,0.186992,136.824212,85,0.282353,0.117647,0.164706,132.792922,0.783784
2025,662253,"Muñoz, Andrés",reliever,62.333333,0.326772,0.110236,0.216535,1.026738,1.106009,151.068369,141.015338,111.256724,121,0.305785,0.107438,0.198347,133,0.345865,0.112782,0.233083,170.549435,82,0.304878,0.109756,0.195122,157.315657,0.806452
2025,694335,"Svanson, Matt",reliever,60.333333,0.290598,0.08547,0.205128,0.878453,1.050734,150.6385,133.586558,117.109548,136,0.308824,0.102941,0.205882,98,0.265306,0.061224,0.204082,149.328998,60,0.25,0.083333,0.166667,134.373791,0.74
2025,687911,"King, Bryan",reliever,68.0,0.250909,0.04,0.210909,1.044118,1.082349,150.35963,137.35127,113.688792,152,0.210526,0.065789,0.144737,123,0.300813,0.00813,0.292683,214.159637,56,0.285714,0.017857,0.267857,215.957878,0.655738
2025,641941,"Pagán, Emilio",reliever,68.666667,0.3,0.081481,0.218519,0.917476,1.122,150.279192,142.306792,109.671128,165,0.266667,0.09697,0.169697,105,0.352381,0.057143,0.295238,216.029284,63,0.349206,0.047619,0.301587,243.152574,0.584906
2025,680755,"Fisher, Braydon",reliever,50.0,0.306931,0.094059,0.212871,1.02,1.11677,147.081003,138.62912,110.184677,102,0.352941,0.117647,0.235294,101,0.257426,0.069307,0.188119,137.648809,67,0.223881,0.089552,0.134328,108.301264,0.680851
2025,680736,"Wrobleski, Justin",reliever,66.666667,0.271429,0.060714,0.210714,1.23,1.112201,146.188821,137.224407,110.637381,158,0.272152,0.050633,0.221519,122,0.270492,0.07377,0.196721,143.943362,73,0.246575,0.09589,0.150685,121.488633,0.578947
2025,571946,"Miller, Shelby",reliever,46.0,0.290323,0.080645,0.209677,1.043478,1.117076,144.834626,136.549163,110.15455,104,0.298077,0.048077,0.25,82,0.280488,0.121951,0.158537,116.003137,54,0.333333,0.148148,0.185185,149.304212,0.674419
2025,573204,"Thielbar, Caleb",reliever,58.0,0.254545,0.059091,0.195455,0.87931,1.041871,144.755519,127.286738,118.105755,138,0.231884,0.043478,0.188406,79,0.291139,0.088608,0.202532,148.194854,47,0.319149,0.085106,0.234043,188.69511,0.630435
2025,519141,"Pomeranz, Drew",reliever,49.666667,0.280788,0.073892,0.206897,1.067114,1.104821,144.498992,134.738167,111.376424,110,0.290909,0.072727,0.218182,93,0.268817,0.075269,0.193548,141.621695,52,0.269231,0.076923,0.192308,155.046681,0.75
2025,694037,"Palencia, Daniel",reliever,52.666667,0.283721,0.074419,0.209302,1.139241,1.121572,143.996012,136.304889,109.713006,125,0.312,0.048,0.264,91,0.241758,0.10989,0.131868,96.489507,52,0.230769,0.096154,0.134615,108.532677,0.690909
2025,542888,"Armstrong, Shawn",reliever,74.0,0.260563,0.070423,0.190141,0.810811,1.040791,140.966283,123.826273,118.228324,148,0.243243,0.081081,0.162162,136,0.279412,0.058824,0.220588,161.407079,82,0.292683,0.085366,0.207317,167.147886,0.654545
2025,670970,"Morejon, Adrian",reliever,73.666667,0.244755,0.059441,0.185315,0.895928,1.015336,140.832672,120.683311,121.192372,151,0.278146,0.046358,0.231788,135,0.207407,0.074074,0.133333,97.561612,87,0.172414,0.08046,0.091954,74.137264,0.734375
2025,641745,"Keller, Brad",reliever,69.666667,0.271739,0.07971,0.192029,0.961722,1.073998,137.964278,125.055895,114.572811,170,0.252941,0.064706,0.188235,106,0.301887,0.103774,0.198113,144.96183,51,0.333333,0.098039,0.235294,189.704175,0.746032
2025,455119,"Martin, Chris",reliever,42.333333,0.247126,0.045977,0.201149,1.204724,1.127016,137.718459,130.99544,109.18301,92,0.271739,0.01087,0.26087,81,0.222222,0.074074,0.148148,108.401791,45,0.288889,0.111111,0.177778,143.332043,0.688889
2025,676879,"Ashby, Aaron",reliever,66.666667,0.281481,0.088889,0.192593,1.17,1.102455,134.797546,125.422935,111.615397,142,0.260563,0.077465,0.183099,128,0.304688,0.101562,0.203125,148.629019,72,0.305556,0.083333,0.222222,179.165054,0.786667
2025,672282,"Detmers, Reid",reliever,63.666667,0.300752,0.093985,0.206767,1.303665,1.185279,134.605804,134.653744,103.816035,144,0.305556,0.111111,0.194444,124,0.290323,0.072581,0.217742,159.324407,67,0.298507,0.074627,0.223881,180.502107,0.636364
2025,666374,"Brash, Matt",reliever,47.333333,0.291457,0.090452,0.201005,1.246479,1.15856,133.872592,130.901401,106.210257,100,0.29,0.09,0.2,99,0.292929,0.090909,0.20202,147.820625,53,0.320755,0.132075,0.188679,152.121272,0.763636
2025,621381,"Strahm, Matt",reliever,62.333333,0.273438,0.078125,0.195312,1.074866,1.128362,133.56258,127.194233,109.05271,142,0.288732,0.091549,0.197183,114,0.254386,0.061404,0.192982,141.207597,66,0.242424,0.060606,0.181818,146.58959,0.693548
2025,596133,"Weaver, Luke",reliever,64.666667,0.274809,0.076336,0.198473,1.020619,1.169462,130.954185,129.252643,105.220178,154,0.311688,0.064935,0.246753,108,0.222222,0.092593,0.12963,94.851568,67,0.238806,0.119403,0.119403,96.26779,0.535714
2025,621383,"Banks, Tanner",reliever,67.333333,0.228464,0.044944,0.183521,1.009901,1.093066,129.551358,119.514941,112.574196,150,0.246667,0.04,0.206667,117,0.205128,0.051282,0.153846,112.571091,66,0.151515,0.075758,0.075758,61.078996,0.610169
2025,670036,"Festa, Matt",reliever,54.666667,0.247788,0.066372,0.181416,1.079268,1.102429,126.977942,118.144307,111.618085,114,0.280702,0.070175,0.210526,112,0.214286,0.0625,0.151786,111.063443,80,0.2125,0.05,0.1625,131.014446,0.545455
2025,676684,"Vest, Will",reliever,68.666667,0.264085,0.077465,0.18662,1.208738,1.144657,125.801467,121.533194,107.500351,145,0.296552,0.062069,0.234483,139,0.230216,0.093525,0.136691,100.0182,96,0.21875,0.104167,0.114583,92.381981,0.708861
2025,683769,"Gaddis, Hunter",reliever,66.666667,0.266423,0.076642,0.189781,1.185,1.171687,124.981147,123.591944,105.020342,138,0.275362,0.050725,0.224638,137,0.255474,0.10219,0.153285,112.160248,85,0.270588,0.141176,0.129412,104.337296,0.676056
2025,664199,"Clarke, Taylor",reliever,55.333333,0.213592,0.043689,0.169903,0.849398,1.063506,123.271983,110.646634,115.703171,136,0.213235,0.036765,0.176471,71,0.211268,0.056338,0.15493,113.363845,42,0.238095,0.095238,0.142857,115.177535,0.487179
2025,657649,"Koenig, Jared",reliever,66.0,0.253731,0.074627,0.179104,1.166667,1.133665,121.906037,116.63901,108.542663,140,0.235714,0.092857,0.142857,129,0.271318,0.054264,0.217054,158.821229,60,0.283333,0.1,0.183333,147.81117,0.704225
2025,686973,"Varland, Louis",reliever,72.666667,0.253378,0.074324,0.179054,1.197248,1.137165,121.496573,116.606172,108.208549,163,0.282209,0.067485,0.214724,133,0.218045,0.082707,0.135338,99.028704,84,0.238095,0.095238,0.142857,115.177535,0.703704
2025,693855,"Seymour, Ian",reliever,57.0,0.264463,0.078512,0.18595,1.175439,1.185806,121.000401,121.097319,103.769892,120,0.316667,0.091667,0.225,122,0.213115,0.065574,0.147541,107.957522,60,0.2,0.1,0.1,80.624274,0.629032
2025,686993,"Sterner, Justin",reliever,65.0,0.263158,0.078947,0.184211,1.046154,1.178849,120.575638,119.964245,104.382292,141,0.269504,0.070922,0.198582,126,0.253968,0.087302,0.166667,121.952015,76,0.236842,0.078947,0.157895,127.301486,0.603448
2025,669438,"Englert, Mason",reliever,44.666667,0.237838,0.059459,0.178378,1.208955,1.142579,120.464592,116.166149,107.695834,109,0.220183,0.036697,0.183486,76,0.263158,0.092105,0.171053,125.161279,41,0.268293,0.073171,0.195122,157.315657,0.62
2025,656546,"Hoffman, Jeff",reliever,68.0,0.292683,0.094077,0.198606,1.191176,1.280059,119.719938,129.339251,96.129178,170,0.335294,0.105882,0.229412,118,0.228814,0.076271,0.152542,111.617099,78,0.205128,0.064103,0.141026,113.7009,0.5
2025,661403,"Clase, Emmanuel",reliever,47.333333,0.233831,0.059701,0.174129,1.225352,1.124617,119.473292,113.399037,109.415927,96,0.1875,0.020833,0.166667,105,0.27619,0.095238,0.180952,132.405045,75,0.32,0.106667,0.213333,171.998452,0.696429
2025,678606,"Ferrer, José A.",reliever,76.333333,0.219136,0.049383,0.169753,1.270742,1.112665,117.72177,110.549062,110.591261,158,0.208861,0.056962,0.151899,166,0.228916,0.042169,0.186747,136.645029,95,0.242105,0.042105,0.2,161.248549,0.586957
2025,660825,"Bazardo, Eduard",reliever,78.666667,0.261981,0.086262,0.175719,1.016949,1.170598,115.828125,114.434172,105.11807,176,0.255682,0.079545,0.176136,137,0.270073,0.094891,0.175182,128.18314,81,0.320988,0.123457,0.197531,159.257826,0.690141
2025,489446,"Yates, Kirby",reliever,41.333333,0.292135,0.095506,0.196629,1.330645,1.325081,114.500894,128.051722,92.862964,105,0.304762,0.07619,0.228571,70,0.257143,0.142857,0.114286,83.624239,60,0.266667,0.15,0.116667,94.061653,0.478261
2025,642701,"Santana, Dennis",reliever,70.333333,0.222222,0.062963,0.159259,0.867299,1.077187,114.081923,103.71512,114.233595,160,0.25625,0.075,0.18125,112,0.169643,0.044643,0.125,91.464012,50,0.16,0.06,0.1,80.624274,0.696429
2025,458677,"Wilson, Justin",reliever,48.333333,0.275362,0.096618,0.178744,1.406897,1.221418,112.919918,116.404229,100.744391,84,0.261905,0.095238,0.166667,126,0.277778,0.095238,0.18254,133.566493,88,0.318182,0.102273,0.215909,174.075138,0.723077
2025,673929,"Leasure, Jordan",reliever,64.333333,0.301115,0.111524,0.189591,1.227979,1.307843,111.857613,123.468246,94.086943,142,0.316901,0.098592,0.21831,127,0.283465,0.125984,0.15748,115.230251,87,0.252874,0.149425,0.103448,83.404422,0.58209
2025,676263,"Dreyer, Jack",reliever,76.333333,0.241042,0.078176,0.162866,1.048035,1.13584,110.641408,106.064246,108.334746,180,0.261111,0.072222,0.188889,122,0.213115,0.090164,0.122951,89.964602,76,0.197368,0.105263,0.092105,74.2592,0.671053
2025,664126,"Fairbanks, Pete",reliever,60.333333,0.241803,0.07377,0.168033,1.044199,1.1754,110.30919,109.428743,104.688595,142,0.246479,0.06338,0.183099,102,0.235294,0.088235,0.147059,107.604719,70,0.257143,0.085714,0.171429,138.213042,0.660714
2025,656945,"Scott, Tanner",reliever,57.0,0.252101,0.07563,0.176471,1.263158,1.242935,109.55373,114.92373,99.000307,136,0.294118,0.044118,0.25,99,0.191919,0.111111,0.080808,59.12825,58,0.189655,0.103448,0.086207,69.503685,0.508197
2025,640448,"Finnegan, Kyle",reliever,57.0,0.240175,0.078603,0.161572,1.105263,1.140522,109.311547,105.22129,107.890077,106,0.273585,0.075472,0.198113,127,0.204724,0.07874,0.125984,92.184201,84,0.214286,0.083333,0.130952,105.579407,0.627119
2025,592094,"Adam, Jason",reliever,65.333333,0.259259,0.092593,0.166667,1.147959,1.182255,108.777982,108.539079,104.081598,147,0.238095,0.088435,0.14966,123,0.284553,0.097561,0.186992,136.824212,73,0.287671,0.136986,0.150685,121.488633,0.802817
2025,571927,"Matz, Steven",reliever,76.666667,0.190939,0.035599,0.15534,1.095652,1.108274,108.153144,101.162636,111.029426,175,0.205714,0.04,0.165714,134,0.171642,0.029851,0.141791,103.750222,74,0.189189,0.027027,0.162162,130.742067,0.657895
2025,572955,"Johnson, Pierce",reliever,59.0,0.247899,0.079832,0.168067,1.20339,1.201382,107.945653,109.451172,102.424494,130,0.238462,0.084615,0.153846,111,0.252252,0.072072,0.18018,131.840017,71,0.28169,0.098592,0.183099,147.621911,0.68254
2025,676395,"Garcia, Robert",reliever,64.0,0.252788,0.081784,0.171004,1.25,1.227051,107.534131,111.363516,100.281883,143,0.251748,0.06993,0.181818,126,0.253968,0.095238,0.15873,116.144777,78,0.269231,0.115385,0.153846,124.037345,0.708333
2025,445276,"Jansen, Kenley",reliever,59.0,0.24359,0.081197,0.162393,0.949153,1.186606,105.60018,105.756025,103.699969,134,0.253731,0.067164,0.186567,100,0.23,0.1,0.13,95.122572,57,0.245614,0.157895,0.087719,70.723048,0.645833
2025,677952,"Ashcraft, Braxton",reliever,69.666667,0.243151,0.082192,0.160959,1.248804,1.184294,104.871834,104.821987,103.902395,159,0.251572,0.081761,0.169811,134,0.231343,0.08209,0.149254,109.21076,66,0.166667,0.090909,0.075758,61.078996,0.75
2025,623474,"Herget, Jimmy",reliever,83.333333,0.233429,0.074928,0.158501,1.176,1.172124,104.342893,103.221602,104.981159,181,0.248619,0.088398,0.160221,167,0.215569,0.05988,0.155689,113.919248,107,0.233645,0.065421,0.168224,135.62962,0.75
2025,608650,"Enns, Dietrich",reliever,46.333333,0.245,0.075,0.17,1.402878,1.262336,103.914808,110.70986,97.478811,103,0.23301,0.029126,0.203883,98,0.255102,0.122449,0.132653,97.063849,67,0.268657,0.149254,0.119403,96.26779,0.644068
2025,676254,"Walker, Ryan",reliever,61.333333,0.225564,0.067669,0.157895,1.271739,1.183133,102.976321,102.826496,104.00433,137,0.189781,0.051095,0.138686,129,0.263566,0.085271,0.178295,130.460296,80,0.2125,0.1,0.1125,90.702309,0.621622
2025,675848,"Mejia, Juan",reliever,61.333333,0.260536,0.095785,0.164751,1.255435,1.239848,102.532849,107.291503,99.246861,132,0.25,0.106061,0.143939,129,0.271318,0.085271,0.186047,136.132482,74,0.243243,0.081081,0.162162,130.742067,0.619718
2025,643511,"Rogers, Tyler",reliever,77.333333,0.160535,0.023411,0.137124,0.943966,1.036607,102.070843,89.29971,118.705472,185,0.162162,0.021622,0.140541,114,0.157895,0.026316,0.131579,96.277907,62,0.16129,0.016129,0.145161,117.035237,0.753623
2025,670167,"Schreiber, John",reliever,64.0,0.233962,0.071698,0.162264,1.1875,1.23413,101.453071,105.672009,99.706695,141,0.205674,0.049645,0.156028,124,0.266129,0.096774,0.169355,123.918983,78,0.24359,0.115385,0.128205,103.364454,0.590909
2025,683232,"Mears, Nick",reliever,56.666667,0.208145,0.058824,0.149321,0.970588,1.137578,101.284673,97.243156,108.169238,112,0.241071,0.0625,0.178571,112,0.169643,0.0625,0.107143,78.397724,77,0.207792,0.064935,0.142857,115.177535,0.541667
2025,643410,"Leiter Jr., Mark",reliever,48.333333,0.246575,0.077626,0.16895,1.531034,1.290916,100.98641,110.025915,95.320657,89,0.314607,0.05618,0.258427,131,0.198473,0.091603,0.10687,78.198239,84,0.214286,0.095238,0.119048,95.981279,0.623188
2025,680742,"Bowlan, Jonathan",reliever,44.333333,0.255556,0.094444,0.161111,1.218045,1.23985,100.267365,104.921109,99.24664,100,0.26,0.06,0.2,81,0.246914,0.135802,0.111111,81.301344,53,0.264151,0.169811,0.09434,76.060636,0.604167
2025,642397,"Soto, Gregory",reliever,60.333333,0.250896,0.086022,0.164875,1.425414,1.278107,99.538179,107.371992,96.275939,105,0.2,0.085714,0.114286,174,0.281609,0.086207,0.195402,142.978225,105,0.247619,0.085714,0.161905,130.534539,0.658537
2025,676282,"Cantillo, Joey",reliever,95.333333,0.269327,0.104738,0.164589,1.258741,1.280099,99.210877,107.185724,96.126123,243,0.271605,0.09465,0.176955,159,0.264151,0.119497,0.144654,105.845145,89,0.247191,0.134831,0.11236,90.589072,0.690909
2025,656794,"Newcomb, Sean",reliever,92.333333,0.232737,0.079284,0.153453,1.353791,1.195616,99.034403,99.933679,102.918465,190,0.2,0.084211,0.115789,203,0.261084,0.073892,0.187192,136.970737,118,0.305085,0.084746,0.220339,177.646706,0.766667
2025,663485,"Sands, Cole",reliever,72.0,0.214047,0.063545,0.150502,1.166667,1.176423,98.714524,98.011877,104.597531,164,0.207317,0.060976,0.146341,135,0.222222,0.066667,0.155556,113.821881,91,0.186813,0.098901,0.087912,70.878483,0.532468
2025,622554,"Domínguez, Seranthony",reliever,62.666667,0.302682,0.137931,0.164751,1.276596,1.298845,97.875505,107.291503,94.738777,125,0.232,0.152,0.08,138,0.362319,0.123188,0.23913,174.974631,85,0.352941,0.152941,0.2,161.248549,0.706667
2025,663947,"Holton, Tyler",reliever,78.666667,0.205128,0.054487,0.150641,1.042373,1.189939,97.683651,98.102629,103.409473,193,0.243523,0.046632,0.196891,119,0.142857,0.067227,0.07563,55.33957,62,0.129032,0.096774,0.032258,26.00783,0.522388
2025,663574,"Santillan, Tony",reliever,73.666667,0.249169,0.096346,0.152824,1.113122,1.214546,97.091381,99.524205,101.314369,156,0.269231,0.102564,0.166667,145,0.227586,0.089655,0.137931,100.925806,89,0.247191,0.078652,0.168539,135.883608,0.733333
2025,669387,"Mlodzinski, Carmen",reliever,99.0,0.212411,0.064439,0.147971,1.30303,1.198936,95.232496,96.364051,102.633515,237,0.21097,0.059072,0.151899,183,0.213115,0.071038,0.142077,103.959095,89,0.235955,0.067416,0.168539,135.883608,0.677686
2025,656234,"Bird, Jake",reliever,55.333333,0.266129,0.100806,0.165323,1.536145,1.350346,94.469269,107.663764,91.125533,101,0.306931,0.069307,0.237624,150,0.233333,0.12,0.113333,82.92737,99,0.252525,0.151515,0.10101,81.438661,0.564103
2025,657585,"Garrett, Reed",reliever,55.333333,0.268908,0.109244,0.159664,1.319277,1.306014,94.33269,103.978613,94.218738,106,0.301887,0.113208,0.188679,132,0.242424,0.106061,0.136364,99.778922,95,0.242105,0.147368,0.094737,76.380892,0.647059
2025,676508,"Casparius, Ben",reliever,77.666667,0.213213,0.063063,0.15015,1.274678,1.230243,94.175585,97.782954,100.021706,181,0.232044,0.071823,0.160221,149,0.187919,0.053691,0.134228,98.216388,94,0.180851,0.06383,0.117021,94.347555,0.56044
2025,682254,"Montgomery, Mason",reliever,46.0,0.301435,0.129187,0.172249,1.652174,1.41232,94.108017,112.174359,87.12687,86,0.325581,0.162791,0.162791,123,0.284553,0.105691,0.178862,130.875334,74,0.27027,0.108108,0.162162,130.742067,0.585714
2025,607481,"Bummer, Aaron",reliever,54.333333,0.217021,0.07234,0.144681,1.251534,1.186431,94.096139,94.221158,103.71521,113,0.256637,0.061947,0.19469,124,0.177419,0.08871,0.08871,64.909944,76,0.144737,0.092105,0.052632,42.433829,0.646154
2025,685126,"Eisert, Brandon",reliever,69.666667,0.24183,0.081699,0.160131,1.435407,1.319492,93.642135,104.282644,93.256338,159,0.238994,0.062893,0.176101,147,0.244898,0.102041,0.142857,104.530299,102,0.215686,0.137255,0.078431,63.234725,0.613636
2025,657097,"Webb, Jacob",reliever,66.0,0.217228,0.071161,0.146067,1.030303,1.214344,92.814304,95.124136,101.33122,156,0.230769,0.070513,0.160256,111,0.198198,0.072072,0.126126,92.288012,66,0.181818,0.075758,0.106061,85.510594,0.62069
2025,681517,"Leahy, Kyle",reliever,88.0,0.220386,0.077135,0.143251,1.227273,1.197284,92.321522,93.289787,102.775108,185,0.221622,0.102703,0.118919,179,0.217877,0.050279,0.167598,122.633312,104,0.240385,0.057692,0.182692,147.294347,0.708738
2025,676428,"Hurter, Brant",reliever,63.0,0.245487,0.097473,0.148014,1.333333,1.253175,91.137186,96.392106,98.19135,147,0.292517,0.07483,0.217687,130,0.192308,0.123077,0.069231,50.656991,81,0.209877,0.160494,0.049383,39.814456,0.7875
2025,669199,"Bachar, Lake",reliever,71.0,0.253378,0.101351,0.152027,1.197183,1.28785,91.087549,99.005241,95.54763,157,0.261146,0.121019,0.140127,139,0.244604,0.079137,0.165468,121.074663,79,0.21519,0.075949,0.139241,112.261648,0.586667
2025,689254,"Fluharty, Mason",reliever,52.666667,0.260465,0.111628,0.148837,1.139241,1.264868,90.796595,96.927921,97.283626,121,0.280992,0.107438,0.173554,95,0.231579,0.115789,0.115789,84.724558,49,0.183673,0.122449,0.061224,49.361801,0.518519
2025,663893,"Little, Brendon",reliever,68.333333,0.308475,0.152542,0.155932,1.360976,1.342732,89.608609,101.548426,91.642224,130,0.323077,0.161538,0.161538,168,0.291667,0.142857,0.14881,108.885728,110,0.345455,0.163636,0.181818,146.58959,0.747253
2025,605447,"Romano, Jordan",reliever,42.666667,0.251337,0.090909,0.160428,1.453125,1.382032,89.570485,104.476118,89.036274,99,0.292929,0.121212,0.171717,88,0.204545,0.056818,0.147727,108.093832,64,0.171875,0.03125,0.140625,113.377886,0.25
2025,681982,"Anderson, Grant",reliever,69.666667,0.247492,0.09699,0.150502,1.263158,1.298635,89.424725,98.011877,94.754095,151,0.205298,0.092715,0.112583,148,0.290541,0.101351,0.189189,138.432017,91,0.21978,0.131868,0.087912,70.878483,0.6875
2025,543056,"Coulombe, Danny",reliever,43.0,0.244318,0.102273,0.142045,1.162791,1.238542,88.495255,92.504897,99.351481,85,0.270588,0.105882,0.164706,91,0.21978,0.098901,0.120879,88.448714,53,0.226415,0.113208,0.113208,91.272763,0.765957
2025,596001,"Junis, Jakob",reliever,66.666667,0.20073,0.065693,0.135036,1.23,1.177587,88.48333,87.940421,104.494156,156,0.211538,0.057692,0.153846,119,0.184874,0.07563,0.109244,79.934934,72,0.25,0.055556,0.194444,156.769422,0.714286
2025,641401,"Brogdon, Connor",reliever,47.0,0.246231,0.090452,0.155779,1.340426,1.358995,88.44925,101.448586,90.545577,104,0.298077,0.076923,0.221154,97,0.185567,0.103093,0.082474,60.347389,71,0.211268,0.112676,0.098592,79.488721,0.442308
2025,665660,"Alvarado, Elvis",reliever,42.333333,0.273224,0.120219,0.153005,1.322835,1.368483,86.272197,99.642433,89.917789,107,0.242991,0.140187,0.102804,77,0.311688,0.090909,0.220779,161.546826,43,0.348837,0.116279,0.232558,187.498312,0.7
2025,700669,"Graceffo, Gordon",reliever,43.0,0.207254,0.067358,0.139896,1.465116,1.267964,85.133955,91.105341,97.046094,91,0.208791,0.032967,0.175824,103,0.203883,0.097087,0.106796,78.14401,70,0.142857,0.085714,0.057143,46.071014,0.508197
2025,688158,"Morgan, David",reliever,47.333333,0.259067,0.119171,0.139896,1.225352,1.270334,84.97517,91.105341,96.865091,100,0.25,0.11,0.14,93,0.268817,0.129032,0.139785,102.282335,54,0.277778,0.12963,0.148148,119.443369,0.740741
2025,668933,"Ashcraft, Graham",reliever,65.333333,0.225352,0.088028,0.137324,1.423469,1.2495,84.803429,89.430086,98.480183,130,0.276923,0.1,0.176923,154,0.181818,0.077922,0.103896,76.022036,115,0.191304,0.086957,0.104348,84.129678,0.681319
2025,664854,"Helsley, Ryan",reliever,56.0,0.25,0.099206,0.150794,1.535714,1.388453,83.802156,98.202024,88.624508,119,0.243697,0.109244,0.134454,134,0.253731,0.089552,0.164179,120.131836,81,0.271605,0.098765,0.17284,139.350598,0.641026
2025,656271,"Burke, Brock",reliever,61.666667,0.202335,0.070039,0.132296,1.232432,1.23689,82.53117,86.155533,99.484154,126,0.214286,0.055556,0.15873,132,0.189394,0.083333,0.106061,77.605828,91,0.186813,0.098901,0.087912,70.878483,0.661765
2025,689147,"Kerkering, Orion",reliever,60.0,0.244361,0.101504,0.142857,1.366667,1.344324,81.997644,93.033496,91.533721,114,0.280702,0.096491,0.184211,152,0.217105,0.105263,0.111842,81.836221,105,0.228571,0.104762,0.12381,99.82053,0.710526
2025,676961,"Boushley, Caleb",reliever,43.333333,0.212435,0.072539,0.139896,1.569231,1.316987,81.964987,91.105341,93.433717,108,0.231481,0.074074,0.157407,85,0.188235,0.070588,0.117647,86.083776,46,0.217391,0.086957,0.130435,105.162097,0.539683
2025,660853,"De Los Santos, Enyel",reliever,66.0,0.221429,0.085714,0.135714,1.287879,1.279872,81.820535,88.381821,96.143174,145,0.227586,0.103448,0.124138,136,0.213235,0.066176,0.147059,107.604719,89,0.202247,0.089888,0.11236,90.589072,0.589744
2025,669711,"Weissert, Greg",reliever,67.0,0.205036,0.07554,0.129496,1.164179,1.227093,81.429867,84.332522,100.278476,132,0.19697,0.060606,0.136364,148,0.209459,0.087838,0.121622,88.992011,96,0.1875,0.083333,0.104167,83.983619,0.708333
2025,642232,"Yarbrough, Ryan",reliever,64.0,0.208333,0.07197,0.136364,1.203125,1.294627,81.275074,88.804701,95.047457,168,0.190476,0.077381,0.113095,96,0.239583,0.0625,0.177083,129.574016,43,0.139535,0.093023,0.046512,37.499662,0.515625
2025,676534,"Faucher, Calvin",reliever,60.333333,0.231373,0.094118,0.137255,1.276243,1.305872,81.101813,89.385124,94.228961,135,0.259259,0.118519,0.140741,121,0.198347,0.066116,0.132231,96.755318,67,0.19403,0.059701,0.134328,108.301264,0.681159
2025,676755,"Mattson, Isaac",reliever,47.666667,0.227273,0.09596,0.131313,1.132867,1.250694,81.014091,85.515638,98.386183,104,0.269231,0.076923,0.192308,94,0.180851,0.117021,0.06383,46.705027,59,0.237288,0.067797,0.169492,136.651312,0.74
2025,657044,"Thompson, Ryan",reliever,41.333333,0.205714,0.074286,0.131429,1.330645,1.254986,80.807974,85.590816,98.049669,89,0.191011,0.078652,0.11236,87,0.218391,0.068966,0.149425,109.33629,59,0.237288,0.084746,0.152542,122.986181,0.647059
2025,571948,"Milner, Hoby",reliever,70.333333,0.197952,0.071672,0.12628,1.265403,1.220828,79.814715,82.2378,100.793045,150,0.2,0.066667,0.133333,143,0.195804,0.076923,0.118881,86.986752,88,0.227273,0.068182,0.159091,128.265891,0.642857
2025,672582,"Zerpa, Angel",reliever,64.666667,0.210909,0.08,0.130909,1.376289,1.275334,79.204417,85.252513,96.485332,145,0.268966,0.096552,0.172414,130,0.146154,0.061538,0.084615,61.9141,68,0.132353,0.073529,0.058824,47.426044,0.634146
2025,606996,"Hart, Kyle",reliever,43.0,0.206704,0.072626,0.134078,1.186047,1.309106,79.029064,87.316354,93.996207,125,0.2,0.024,0.176,54,0.222222,0.185185,0.037037,27.100448,31,0.258065,0.193548,0.064516,52.015661,0.333333
2025,668674,"Erceg, Lucas",reliever,61.333333,0.192771,0.072289,0.120482,1.173913,1.187871,78.262886,78.461985,103.589481,134,0.216418,0.067164,0.149254,115,0.165217,0.078261,0.086957,63.627138,64,0.15625,0.125,0.03125,25.195086,0.735294
2025,666808,"Doval, Camilo",reliever,65.333333,0.258993,0.125899,0.133094,1.316327,1.321972,77.685159,86.675092,93.081384,142,0.288732,0.105634,0.183099,136,0.227941,0.147059,0.080882,59.182596,89,0.157303,0.191011,-0.033708,-27.176722,0.682927
2025,573124,"Rogers, Taylor",reliever,50.666667,0.239819,0.104072,0.135747,1.381579,1.360683,76.979578,88.402869,90.433273,120,0.225,0.083333,0.141667,101,0.257426,0.128713,0.128713,94.180764,69,0.246377,0.144928,0.101449,81.792742,0.698413
2025,641755,"Kinley, Tyler",reliever,72.666667,0.237013,0.107143,0.12987,1.183486,1.308537,76.581986,84.575905,94.037062,165,0.242424,0.078788,0.163636,143,0.230769,0.13986,0.090909,66.519281,102,0.27451,0.156863,0.117647,94.852087,0.6
2025,666171,"Zeferjahn, Ryan",reliever,57.0,0.284047,0.136187,0.14786,1.473684,1.497545,76.185812,96.291478,82.168495,134,0.276119,0.119403,0.156716,122,0.295082,0.147541,0.147541,107.957522,83,0.325301,0.168675,0.156627,126.278984,0.583333
2025,608032,"Estévez, Carlos",reliever,66.0,0.200743,0.081784,0.118959,1.060606,1.214863,75.556833,77.470272,101.287942,137,0.189781,0.051095,0.138686,133,0.210526,0.112782,0.097744,71.520731,82,0.207317,0.134146,0.073171,58.993371,0.723077
2025,668984,"Legumina, Casey",reliever,49.666667,0.251142,0.114155,0.136986,1.449664,1.399092,75.549979,89.210202,87.950621,107,0.308411,0.102804,0.205607,112,0.196429,0.125,0.071429,52.265149,68,0.161765,0.132353,0.029412,23.713022,0.523077
2025,641302,"Alexander, Tyler",reliever,97.666667,0.193853,0.070922,0.122931,1.40273,1.283038,73.931018,80.057193,95.905919,216,0.212963,0.074074,0.138889,209,0.172249,0.066986,0.105263,77.022326,126,0.150794,0.095238,0.055556,44.791264,0.578125
2025,656222,"Beeks, Jalen",reliever,57.333333,0.203463,0.08658,0.116883,1.081395,1.244208,72.487342,76.118315,98.899044,114,0.175439,0.087719,0.087719,118,0.228814,0.084746,0.144068,105.416149,71,0.15493,0.056338,0.098592,79.488721,0.571429
2025,668390,"Winn, Cole",reliever,41.666667,0.216049,0.104938,0.111111,0.96,1.18443,72.385494,72.359386,103.89048,77,0.233766,0.155844,0.077922,86,0.197674,0.05814,0.139535,102.099362,56,0.25,0.053571,0.196429,158.36911,0.810811
2025,675512,"Melton, Troy",reliever,45.666667,0.2,0.083333,0.116667,1.007299,1.245389,72.284496,75.977355,98.805261,109,0.110092,0.073394,0.036697,72,0.333333,0.097222,0.236111,172.765355,34,0.294118,0.117647,0.176471,142.278131,0.641026
2025,676617,"O'Brien, Riley",reliever,48.0,0.226131,0.110553,0.115578,1.145833,1.238624,72.000991,75.268306,99.344864,110,0.227273,0.109091,0.118182,90,0.222222,0.111111,0.111111,81.301344,50,0.26,0.14,0.12,96.749129,0.792453
2025,695418,"Lord, Brad",reliever,130.666667,0.197802,0.078755,0.119048,1.293367,1.286522,71.401415,77.527913,95.646219,325,0.196923,0.073846,0.123077,222,0.198198,0.085586,0.112613,82.40001,125,0.24,0.08,0.16,128.998839,0.585526
2025,608718,"Suter, Brent",reliever,67.666667,0.182131,0.061856,0.120275,1.285714,1.313275,70.668019,78.32717,93.697836,162,0.209877,0.055556,0.154321,130,0.146154,0.069231,0.076923,56.285546,78,0.166667,0.102564,0.064103,51.682227,0.552632
2025,623437,"Topa, Justin",reliever,60.0,0.182836,0.067164,0.115672,1.433333,1.268117,70.383509,75.329361,97.034399,114,0.201754,0.052632,0.149123,154,0.168831,0.077922,0.090909,66.519281,103,0.15534,0.087379,0.067961,54.793196,0.690476
2025,657571,"Ferguson, Caleb",reliever,65.333333,0.188889,0.081481,0.107407,1.163265,1.194685,69.371972,69.947406,102.998645,154,0.227273,0.064935,0.162338,117,0.136752,0.102564,0.034188,25.015798,82,0.134146,0.121951,0.012195,9.832229,0.648649
2025,681892,"Funderburk, Kody",reliever,41.0,0.218579,0.098361,0.120219,1.512195,1.33836,69.310974,78.290483,91.941612,86,0.267442,0.081395,0.186047,97,0.175258,0.113402,0.061856,45.260542,61,0.229508,0.114754,0.114754,92.519659,0.733333
2025,641656,"Hamilton, Ian",reliever,40.0,0.253012,0.13253,0.120482,1.25,1.35066,68.830246,78.461985,91.10435,94,0.287234,0.117021,0.170213,72,0.208333,0.152778,0.055556,40.650672,37,0.135135,0.216216,-0.081081,-65.371033,0.577778
2025,621051,"Wilson, Steven",reliever,55.333333,0.211618,0.091286,0.120332,1.301205,1.3539,68.580038,78.364314,90.88631,117,0.239316,0.102564,0.136752,124,0.185484,0.080645,0.104839,76.711752,81,0.197531,0.08642,0.111111,89.582527,0.676923
2025,623211,"Brazobán, Huascar",reliever,63.0,0.217557,0.103053,0.114504,1.238095,1.289534,68.515759,74.568833,95.422813,127,0.228346,0.086614,0.141732,136,0.205882,0.117647,0.088235,64.562832,79,0.189873,0.126582,0.063291,51.028022,0.652778
2025,679358,"Orze, Eric",reliever,41.666667,0.224719,0.106742,0.117978,1.368,1.33315,68.284745,76.831033,92.300935,91,0.230769,0.087912,0.142857,87,0.218391,0.126437,0.091954,67.283871,65,0.261538,0.138462,0.123077,99.229876,0.735849
2025,671131,"Rutledge, Jackson",reliever,73.333333,0.19697,0.072727,0.124242,1.513636,1.405385,68.214693,80.91095,87.556767,163,0.245399,0.04908,0.196319,168,0.14881,0.10119,0.047619,34.843433,110,0.154545,0.1,0.054545,43.976877,0.505263
2025,663465,"Allard, Kolby",reliever,65.0,0.157895,0.052632,0.105263,1.2,1.190952,68.200181,68.550997,103.321532,153,0.176471,0.03268,0.143791,114,0.131579,0.078947,0.052632,38.511163,68,0.102941,0.088235,0.014706,11.856511,0.739726
2025,656457,"Gilbert, Tyler",reliever,51.0,0.227907,0.111628,0.116279,1.254902,1.326483,67.639932,75.724939,92.764822,118,0.220339,0.076271,0.144068,97,0.237113,0.154639,0.082474,60.347389,65,0.215385,0.184615,0.030769,24.807469,0.627119
2025,656641,"Latz, Jacob",reliever,85.666667,0.218391,0.106322,0.112069,1.237354,1.287061,67.18766,72.983174,95.606156,208,0.197115,0.096154,0.100962,140,0.25,0.121429,0.128571,94.077269,81,0.234568,0.123457,0.111111,89.582527,0.727273
2025,666974,"Cano, Yennier",reliever,58.0,0.211155,0.095618,0.115538,1.482759,1.336155,66.722247,75.24223,92.093312,121,0.239669,0.082645,0.157025,131,0.183206,0.10687,0.076336,55.855885,82,0.170732,0.109756,0.060976,49.161143,0.582278
2025,663941,"Beck, Tristan",reliever,56.666667,0.176724,0.068966,0.107759,1.111765,1.257188,66.138625,70.176128,97.877945,144,0.215278,0.076389,0.138889,88,0.113636,0.056818,0.056818,41.574551,45,0.066667,0.066667,0.0,0.0,0.482143
2025,663687,"Harris, Hogan",reliever,64.666667,0.234657,0.119134,0.115523,1.345361,1.360582,65.516232,75.232863,90.43997,134,0.231343,0.104478,0.126866,143,0.237762,0.132867,0.104895,76.753017,88,0.227273,0.125,0.102273,82.456644,0.719512
2025,702352,"Bivens, Spencer",reliever,81.0,0.177843,0.072886,0.104956,1.333333,1.258123,64.370771,68.35114,97.805219,180,0.183333,0.066667,0.116667,164,0.170732,0.079268,0.091463,66.924886,113,0.150442,0.079646,0.070796,57.079132,0.647059
2025,684320,"Rodríguez, Yariel",reliever,73.0,0.221477,0.114094,0.107383,1.150685,1.299868,63.743789,69.931218,94.66422,161,0.242236,0.124224,0.118012,137,0.19708,0.10219,0.094891,69.432534,82,0.158537,0.146341,0.012195,9.832229,0.671053
2025,669622,"Bender, Anthony",reliever,50.0,0.205882,0.102941,0.102941,1.06,1.270449,62.522332,67.038843,96.856272,105,0.190476,0.12381,0.066667,100,0.22,0.08,0.14,102.439693,67,0.223881,0.089552,0.134328,108.301264,0.76
2025,674444,"Cruz, Steven",reliever,45.666667,0.201058,0.095238,0.10582,1.182482,1.311832,62.243393,68.913701,93.800849,112,0.169643,0.071429,0.098214,77,0.246753,0.12987,0.116883,85.52479,50,0.22,0.12,0.1,80.624274,0.612245
2025,668964,"Myers, Tobias",reliever,50.666667,0.172727,0.068182,0.104545,1.361842,1.312441,61.465116,68.083604,93.757334,121,0.165289,0.066116,0.099174,99,0.181818,0.070707,0.111111,81.301344,55,0.181818,0.054545,0.127273,102.612713,0.6875
2025,669724,"Hanifee, Brenan",reliever,60.0,0.153846,0.053846,0.1,1.316667,1.256865,61.392437,65.123447,97.90313,113,0.141593,0.017699,0.123894,147,0.163265,0.081633,0.081633,59.731599,94,0.148936,0.085106,0.06383,51.462303,0.736842
2025,643338,"Green, Chad",reliever,43.666667,0.184211,0.068421,0.115789,1.465649,1.456864,61.327238,75.406097,84.462908,110,0.190909,0.063636,0.127273,82,0.170732,0.073171,0.097561,71.386546,53,0.188679,0.113208,0.075472,60.848509,0.46
2025,668941,"Romero, JoJo",reliever,61.0,0.215686,0.113725,0.101961,1.245902,1.284735,61.23828,66.400378,95.77927,123,0.252033,0.081301,0.170732,133,0.180451,0.142857,0.037594,27.507973,81,0.17284,0.185185,-0.012346,-9.953614,0.810811
2025,672391,"Ort, Kaleb",reliever,46.0,0.252577,0.139175,0.113402,1.347826,1.443163,60.632995,73.851332,85.264799,102,0.254902,0.127451,0.127451,92,0.25,0.152174,0.097826,71.580531,50,0.24,0.12,0.12,96.749129,0.537037
2025,593974,"Peralta, Wandy",reliever,71.666667,0.201278,0.095847,0.105431,1.339535,1.343971,60.531717,68.660503,91.557747,147,0.204082,0.088435,0.115646,166,0.198795,0.10241,0.096386,70.526467,103,0.203883,0.145631,0.058252,46.965597,0.725275
2025,672782,"Gómez, Yoendrys",reliever,62.666667,0.209386,0.097473,0.111913,1.388298,1.433874,60.224648,72.881836,85.817143,151,0.218543,0.086093,0.13245,126,0.198413,0.111111,0.087302,63.879627,62,0.16129,0.112903,0.048387,39.011746,0.52
2025,680767,"Vodnik, Victor",reliever,50.666667,0.227907,0.12093,0.106977,1.401316,1.372154,60.157521,69.666944,89.677245,109,0.165138,0.12844,0.036697,107,0.28972,0.11215,0.17757,129.930185,65,0.276923,0.153846,0.123077,99.229876,0.746269
2025,666214,"Wentz, Joey",reliever,98.0,0.208145,0.097285,0.11086,1.561224,1.425805,59.995282,72.195677,86.302822,230,0.234783,0.108696,0.126087,212,0.179245,0.084906,0.09434,69.029443,129,0.147287,0.100775,0.046512,37.499662,0.570423
2025,687765,"Spence, Mitch",reliever,84.666667,0.176,0.069333,0.106667,1.440945,1.395341,58.986383,69.46501,88.187037,215,0.190698,0.055814,0.134884,161,0.15528,0.086957,0.068323,49.992752,84,0.190476,0.119048,0.071429,57.588767,0.54717
2025,660896,"Alcala, Jorge",reliever,55.0,0.237354,0.116732,0.120623,1.745455,1.579665,58.920582,78.553574,77.896898,130,0.246154,0.130769,0.115385,128,0.226562,0.101562,0.125,91.464012,87,0.218391,0.103448,0.114943,92.67158,0.542169
2025,663423,"Thornton, Trent",reliever,42.333333,0.177778,0.077778,0.1,1.299213,1.316801,58.598053,65.123447,93.446897,100,0.17,0.06,0.11,80,0.1875,0.1,0.0875,64.024808,45,0.177778,0.111111,0.066667,53.749516,0.55102
2025,806188,"Gibson, Cade",reliever,54.666667,0.186957,0.091304,0.095652,1.189024,1.268316,58.193015,62.291993,97.019206,123,0.203252,0.065041,0.138211,108,0.166667,0.12037,0.046296,33.87556,65,0.169231,0.184615,-0.015385,-12.403735,0.741935
2025,607455,"Banda, Anthony",reliever,65.0,0.227612,0.126866,0.100746,1.215385,1.374905,56.540495,65.609443,89.497795,145,0.227586,0.089655,0.137931,121,0.22314,0.181818,0.041322,30.236037,86,0.22093,0.232558,-0.011628,-9.374916,0.676056
2025,472610,"García, Luis",reliever,55.333333,0.206009,0.111588,0.094421,1.463855,1.320072,55.19154,61.48995,93.215355,107,0.196262,0.084112,0.11215,121,0.206612,0.132231,0.07438,54.424866,89,0.235955,0.168539,0.067416,54.353443,0.734177
2025,673513,"Matsui, Yuki",reliever,63.333333,0.224265,0.121324,0.102941,1.357895,1.440642,55.136153,67.038843,85.413995,137,0.218978,0.109489,0.109489,135,0.22963,0.133333,0.096296,70.461164,83,0.228916,0.144578,0.084337,67.996376,0.631579
2025,672841,"Vargas, Carlos",reliever,77.0,0.163142,0.069486,0.093656,1.350649,1.315487,54.935179,60.991748,93.540254,159,0.176101,0.056604,0.119497,174,0.149425,0.08046,0.068966,50.462903,116,0.163793,0.094828,0.068966,55.602948,0.638298
2025,663969,"Phillips, Tyler",reliever,77.666667,0.166134,0.076677,0.089457,1.145923,1.261386,54.722897,58.257397,97.552205,185,0.167568,0.086486,0.081081,128,0.164062,0.0625,0.101562,74.314509,74,0.162162,0.054054,0.108108,87.161378,0.703704
2025,806185,"Birdsong, Hayden",reliever,65.666667,0.228188,0.124161,0.104027,1.492386,1.499046,53.546856,67.745868,82.086219,166,0.246988,0.108434,0.138554,132,0.204545,0.143939,0.060606,44.346187,72,0.152778,0.152778,0.0,0.0,0.602273
2025,676130,"Buttó, José",reliever,67.0,0.204225,0.112676,0.091549,1.402985,1.339734,52.72782,59.620057,91.847325,130,0.230769,0.123077,0.107692,154,0.181818,0.103896,0.077922,57.016527,100,0.14,0.15,-0.01,-8.062427,0.677778
2025,642152,"Trivino, Lou",reliever,47.666667,0.178744,0.086957,0.091787,1.342657,1.350929,52.426891,59.775145,91.086193,105,0.142857,0.095238,0.047619,102,0.215686,0.078431,0.137255,100.431072,64,0.203125,0.109375,0.09375,75.585257,0.637931
2025,669211,"Akin, Keegan",reliever,63.333333,0.220149,0.123134,0.097015,1.373684,1.436053,52.128034,63.179464,85.686912,138,0.217391,0.130435,0.086957,131,0.221374,0.114504,0.10687,78.198239,73,0.205479,0.09589,0.109589,88.355369,0.688312
2025,592773,"Stanek, Ryne",reliever,56.0,0.227451,0.12549,0.101961,1.571429,1.516354,51.88431,66.400378,81.149263,122,0.237705,0.114754,0.122951,133,0.218045,0.135338,0.082707,60.517541,70,0.228571,0.171429,0.057143,46.071014,0.592593
2025,605130,"Barlow, Scott",reliever,68.333333,0.247525,0.148515,0.09901,1.390244,1.494329,51.125293,64.478661,82.345314,150,0.266667,0.12,0.146667,153,0.228758,0.176471,0.052288,38.259456,109,0.247706,0.183486,0.06422,51.777057,0.632184
2025,678368,"Bellozo, Valente",reliever,81.333333,0.155172,0.066092,0.08908,1.327869,1.36047,50.523886,58.012266,90.447382,205,0.195122,0.068293,0.126829,144,0.097222,0.0625,0.034722,25.40667,72,0.069444,0.083333,-0.013889,-11.197816,0.548387
2025,605452,"Ross, Joe",reliever,51.0,0.171053,0.078947,0.092105,1.470588,1.415812,50.197518,59.982122,86.911951,111,0.135135,0.063063,0.072072,117,0.205128,0.094017,0.111111,81.301344,69,0.217391,0.101449,0.115942,93.47742,0.567164
2025,657612,"Hill, Tim",reliever,67.0,0.137546,0.05948,0.078067,1.104478,1.256052,47.958171,50.839866,97.966434,139,0.143885,0.064748,0.079137,130,0.130769,0.053846,0.076923,56.285546,86,0.116279,0.05814,0.05814,46.874578,0.651515
2025,676661,"Lazar, Max",reliever,41.333333,0.152941,0.070588,0.082353,1.282258,1.338527,47.473939,53.631074,91.930126,95,0.147368,0.084211,0.063158,75,0.16,0.053333,0.106667,78.04929,49,0.183673,0.081633,0.102041,82.269668,0.521739
2025,656240,"Blewett, Scott",reliever,44.333333,0.180412,0.092784,0.087629,1.421053,1.454622,46.483687,57.066938,84.593127,99,0.20202,0.10101,0.10101,97,0.154639,0.082474,0.072165,52.803965,61,0.180328,0.04918,0.131148,105.736753,0.5
2025,650893,"Cabrera, Génesis",reliever,42.666667,0.187166,0.096257,0.090909,1.5,1.520455,46.135689,59.203134,80.930347,104,0.173077,0.096154,0.076923,83,0.204819,0.096386,0.108434,79.342275,52,0.192308,0.115385,0.076923,62.018673,0.403846
2025,674370,"Bido, Osvaldo",reliever,79.666667,0.187328,0.096419,0.090909,1.606695,1.531404,45.805834,59.203134,80.35172,196,0.188776,0.112245,0.076531,167,0.185629,0.077844,0.107784,78.867172,99,0.20202,0.060606,0.141414,114.014125,0.522936
2025,663767,"Shugart, Chase",reliever,45.0,0.171271,0.093923,0.077348,1.111111,1.324809,45.050498,50.371727,92.882061,105,0.219048,0.066667,0.152381,76,0.105263,0.131579,-0.026316,-19.255581,49,0.102041,0.122449,-0.020408,-16.453934,0.613636
2025,621053,"Ferguson, Tyler",reliever,58.0,0.219512,0.138211,0.081301,1.327586,1.39672,44.914753,52.945892,88.099985,118,0.262712,0.152542,0.110169,129,0.178295,0.124031,0.054264,39.705307,78,0.166667,0.141026,0.025641,20.672891,0.589041
2025,606160,"Montero, Rafael",reliever,60.333333,0.229249,0.146245,0.083004,1.309392,1.433085,44.692054,54.055035,85.864421,138,0.246377,0.144928,0.101449,116,0.206897,0.146552,0.060345,44.15504,67,0.208955,0.19403,0.014925,12.033474,0.594595
2025,663855,"Hicks, Jordan",reliever,67.333333,0.184713,0.101911,0.082803,1.663366,1.453439,43.959242,53.923873,84.661937,168,0.178571,0.107143,0.071429,146,0.191781,0.09589,0.09589,70.164173,84,0.166667,0.130952,0.035714,28.794384,0.509434
2025,672578,"Hernández, Carlos",reliever,43.333333,0.192118,0.108374,0.083744,1.661538,1.498644,43.11791,54.536877,82.108199,87,0.183908,0.114943,0.068966,116,0.198276,0.103448,0.094828,69.386492,74,0.216216,0.108108,0.108108,87.161378,0.558824
2025,657514,"Bernardino, Brennan",reliever,51.666667,0.191964,0.116071,0.075893,1.258065,1.360652,43.038513,49.424045,90.435315,103,0.213592,0.087379,0.126214,122,0.172131,0.147541,0.02459,17.99292,88,0.170455,0.193182,-0.022727,-18.323699,0.71875
2025,669371,"Henry, Cole",reliever,52.666667,0.215768,0.13278,0.082988,1.424051,1.501969,42.633942,54.044355,81.92647,119,0.184874,0.12605,0.058824,122,0.245902,0.139344,0.106557,77.969321,86,0.232558,0.162791,0.069767,56.249494,0.632353
2025,678024,"Vasil, Mike",reliever,101.0,0.193853,0.122931,0.070922,1.247525,1.376682,39.751222,46.186842,89.382254,213,0.178404,0.122066,0.056338,211,0.208531,0.123223,0.085308,62.420937,135,0.214815,0.17037,0.044444,35.833011,0.762712
2025,682120,"Herrin, Tim",reliever,42.666667,0.231959,0.154639,0.07732,1.570312,1.55591,38.344977,50.353181,79.08619,96,0.260417,0.166667,0.09375,98,0.204082,0.142857,0.061224,44.7987,53,0.226415,0.188679,0.037736,30.424254,0.629032
2025,592454,"Kahnle, Tommy",reliever,63.0,0.187266,0.116105,0.071161,1.301587,1.435513,38.250627,46.342528,85.719163,151,0.198675,0.099338,0.099338,116,0.172414,0.137931,0.034483,25.231451,65,0.138462,0.169231,-0.030769,-24.807469,0.581081
2025,663738,"Lynch IV, Daniel",reliever,67.666667,0.155709,0.089965,0.065744,1.359606,1.369987,37.029048,42.814723,89.819058,150,0.133333,0.086667,0.046667,140,0.178571,0.092857,0.085714,62.718179,76,0.223684,0.065789,0.157895,127.301486,0.72619
2025,683409,"Chivilli, Angel",reliever,58.666667,0.156364,0.083636,0.072727,1.6875,1.554805,36.093155,47.362507,79.142405,136,0.161765,0.044118,0.117647,140,0.15,0.121429,0.028571,20.90606,86,0.139535,0.139535,0.0,0.0,0.465116
2025,667463,"King, John",reliever,48.333333,0.126126,0.063063,0.063063,1.634483,1.483318,32.80532,41.068841,82.956594,115,0.113043,0.078261,0.034783,107,0.140187,0.046729,0.093458,68.384308,61,0.163934,0.04918,0.114754,92.519659,0.647887
2025,519151,"Pressly, Ryan",reliever,41.333333,0.153846,0.093407,0.06044,1.524194,1.442332,32.333994,39.360325,85.313893,95,0.157895,0.094737,0.063158,82,0.158537,0.060976,0.097561,71.386546,41,0.243902,0.04878,0.195122,157.315657,0.649123
2025,623167,"Flexen, Chris",reliever,43.666667,0.123596,0.067416,0.05618,1.145038,1.346864,32.185448,36.586206,91.361089,94,0.106383,0.106383,0.0,85,0.141176,0.023529,0.117647,86.083776,48,0.1875,0.0,0.1875,151.170514,0.651163
2025,669674,"Long, Sam",reliever,40.333333,0.174603,0.116402,0.058201,1.735537,1.619648,27.727689,37.902535,75.973913,83,0.192771,0.156627,0.036145,106,0.160377,0.084906,0.075472,55.223554,60,0.166667,0.116667,0.05,40.312137,0.619048
2025,592426,"Jackson, Luke",reliever,51.0,0.173516,0.127854,0.045662,1.352941,1.442288,24.429082,29.736734,85.316488,114,0.175439,0.114035,0.061404,105,0.171429,0.142857,0.028571,20.90606,72,0.138889,0.166667,-0.027778,-22.395632,0.646154
2025,570632,"Ureña, José",reliever,55.0,0.138776,0.093878,0.044898,1.454545,1.493577,23.195431,29.239099,82.386784,141,0.12766,0.06383,0.06383,104,0.153846,0.134615,0.019231,14.071386,64,0.09375,0.15625,-0.0625,-50.390171,0.611111
2025,669060,"Wilson, Bryse",reliever,47.333333,0.125,0.084821,0.040179,1.816901,1.634553,18.967011,26.165671,75.281126,113,0.123894,0.088496,0.035398,113,0.123894,0.079646,0.044248,32.376641,76,0.105263,0.092105,0.013158,10.608457,0.533333
2025,669020,"Rolison, Ryan",reliever,42.333333,0.129534,0.103627,0.025907,1.771654,1.665885,11.999719,16.871359,73.865232,104,0.153846,0.115385,0.038462,89,0.101124,0.089888,0.011236,8.221484,50,0.12,0.1,0.02,16.124855,0.484375
2025,669373,"Skubal, Tarik",starter,195.333333,0.322193,0.044118,0.278075,0.890785,0.92909,255.979211,195.406607,135.699197,520,0.319231,0.036538,0.282692,230,0.326087,0.06087,0.265217,202.286769,116,0.353448,0.068966,0.284483,222.076707,0.692308
2025,660271,"Ohtani, Shohei",starter,47.0,0.329787,0.047872,0.281915,1.042553,0.960194,251.107527,198.105041,131.303417,121,0.322314,0.033058,0.289256,66,0.348485,0.060606,0.287879,219.571083,33,0.333333,0.060606,0.272727,212.899984,0.673913
2025,666142,"Ragans, Cole",starter,61.666667,0.381323,0.077821,0.303502,1.183784,1.045755,248.217459,213.274526,120.560535,161,0.372671,0.10559,0.267081,96,0.395833,0.03125,0.364583,278.07522,53,0.320755,0.037736,0.283019,220.933945,0.515152
2025,554430,"Wheeler, Zack",starter,149.666667,0.333333,0.05641,0.276923,0.935412,0.988197,239.671579,194.59723,127.582676,387,0.317829,0.054264,0.263566,200,0.36,0.06,0.3,228.816181,85,0.388235,0.070588,0.317647,247.965864,0.628099
2025,605540,"Woodruff, Brandon",starter,64.666667,0.322957,0.054475,0.268482,0.912371,1.016275,225.946371,188.665927,124.057699,177,0.333333,0.062147,0.271186,80,0.3,0.0375,0.2625,200.214158,41,0.341463,0.073171,0.268293,209.438195,0.54
2025,519242,"Sale, Chris",starter,125.666667,0.323529,0.062745,0.260784,1.066313,1.010493,220.723762,183.256324,124.767635,307,0.306189,0.058632,0.247557,207,0.342995,0.067633,0.275362,210.024514,116,0.362069,0.086207,0.275862,215.34711,0.707317
2025,669302,"Gilbert, Logan",starter,131.0,0.323364,0.057944,0.265421,1.030534,1.05926,214.305129,186.514272,119.023392,351,0.319088,0.05698,0.262108,184,0.331522,0.059783,0.271739,207.261034,116,0.353448,0.068966,0.284483,222.076707,0.565217
2025,676979,"Crochet, Garrett",starter,205.333333,0.313268,0.056511,0.256757,1.027597,1.02591,214.049132,180.426111,122.892649,519,0.337187,0.052023,0.285164,299,0.267559,0.063545,0.204013,155.605207,160,0.325,0.075,0.25,195.158318,0.684492
2025,668881,"Greene, Hunter",starter,107.666667,0.314286,0.061905,0.252381,0.93808,1.039393,207.671864,177.35118,121.298493,296,0.297297,0.047297,0.25,124,0.354839,0.096774,0.258065,196.831123,64,0.34375,0.125,0.21875,170.763529,0.616279
2025,694973,"Skenes, Paul",starter,187.666667,0.294679,0.057299,0.237381,0.94849,0.99164,204.735024,166.810268,127.139702,465,0.296774,0.055914,0.24086,268,0.291045,0.059701,0.231343,176.450289,137,0.255474,0.058394,0.19708,153.847434,0.754491
2025,695505,"Burns, Chase",starter,43.333333,0.356383,0.085106,0.271277,1.315385,1.148539,202.007406,190.629379,109.77142,105,0.352381,0.085714,0.266667,84,0.357143,0.083333,0.27381,208.840165,49,0.306122,0.061224,0.244898,191.175496,0.576923
2025,543135,"Eovaldi, Nathan",starter,130.0,0.260081,0.042339,0.217742,0.853846,0.967213,192.539916,153.009919,130.350595,327,0.269113,0.045872,0.223242,169,0.242604,0.035503,0.207101,157.959888,84,0.214286,0.035714,0.178571,139.398799,0.752475
2025,687888,"Walter, Brandon",starter,53.666667,0.245283,0.018868,0.226415,0.931677,1.029803,188.040727,159.104654,122.42803,144,0.270833,0.027778,0.243056,68,0.191176,0.0,0.191176,145.814233,33,0.181818,0.0,0.181818,141.933323,0.5
2025,686218,"Sheehan, Emmet",starter,73.333333,0.305842,0.075601,0.230241,0.968182,1.073096,183.503397,161.792848,117.488839,181,0.309392,0.077348,0.232044,110,0.3,0.072727,0.227273,173.345592,48,0.229167,0.0625,0.166667,130.105546,0.640625
2025,693433,"Woo, Bryan",starter,186.666667,0.270862,0.049248,0.221614,0.926786,1.054507,179.741698,155.731026,119.559893,499,0.276553,0.048096,0.228457,232,0.258621,0.051724,0.206897,157.804263,127,0.259843,0.031496,0.228346,178.254842,0.585034
2025,640455,"Manaea, Sean",starter,60.666667,0.285171,0.045627,0.239544,1.21978,1.149781,178.184715,168.330304,109.65286,164,0.323171,0.036585,0.286585,99,0.222222,0.060606,0.161616,123.267976,52,0.230769,0.076923,0.153846,120.097427,0.377049
2025,594798,"deGrom, Jacob",starter,172.666667,0.276532,0.055306,0.221226,0.920849,1.068379,177.096908,155.45801,118.007524,480,0.272917,0.041667,0.23125,191,0.282723,0.089005,0.193717,147.752159,99,0.313131,0.090909,0.222222,173.474061,0.571429
2025,657746,"Ryan, Joe",starter,171.0,0.281567,0.056604,0.224964,1.035088,1.088789,176.713478,158.084752,115.795456,429,0.300699,0.058275,0.242424,264,0.246212,0.05303,0.193182,147.343753,149,0.255034,0.060403,0.194631,151.935335,0.569536
2025,690997,"McLean, Nolan",starter,48.0,0.303191,0.085106,0.218085,1.041667,1.076585,173.252032,153.25107,117.108023,120,0.3,0.1,0.2,68,0.308824,0.058824,0.25,190.680151,31,0.322581,0.032258,0.290323,226.635467,0.76087
2025,650911,"Sánchez, Cristopher",starter,202.0,0.262701,0.054523,0.208178,1.064356,1.041148,171.010933,146.289533,121.093951,489,0.267894,0.04908,0.218814,320,0.253125,0.0625,0.190625,145.393615,150,0.313333,0.086667,0.226667,176.943542,0.724138
2025,680885,"Schwellenbach, Spencer",starter,110.666667,0.248848,0.041475,0.207373,0.966867,1.046901,169.413448,145.723733,120.42854,289,0.276817,0.031142,0.245675,146,0.191781,0.061644,0.130137,99.258161,72,0.194444,0.069444,0.125,97.579159,0.595745
2025,657277,"Webb, Logan",starter,207.0,0.261682,0.053738,0.207944,1.236715,1.07744,165.064522,146.124738,117.015076,488,0.272541,0.038934,0.233607,369,0.246612,0.073171,0.173442,132.287584,212,0.226415,0.056604,0.169811,132.560367,0.694215
2025,543243,"Gray, Sonny",starter,180.666667,0.266932,0.050465,0.216467,1.234317,1.124016,164.710321,152.114332,112.166328,477,0.274633,0.041929,0.232704,279,0.250896,0.064516,0.18638,142.155811,148,0.222973,0.074324,0.148649,116.040081,0.565657
2025,808967,"Yamamoto, Yoshinobu",starter,173.666667,0.29386,0.086257,0.207602,0.990403,1.098055,161.699568,145.884701,114.818253,436,0.302752,0.084862,0.21789,230,0.282609,0.091304,0.191304,145.911768,124,0.290323,0.08871,0.201613,157.385741,0.696203
2025,686613,"Brown, Hunter",starter,185.333333,0.282579,0.078189,0.20439,1.02518,1.089209,160.490063,143.627052,115.750727,472,0.298729,0.067797,0.230932,259,0.250965,0.096525,0.15444,117.794688,142,0.253521,0.126761,0.126761,98.953514,0.710983
2025,666200,"Luzardo, Jesús",starter,183.666667,0.28496,0.075198,0.209763,1.219601,1.134787,158.093602,147.402695,111.101698,474,0.308017,0.059072,0.248945,285,0.245614,0.101754,0.14386,109.724718,157,0.273885,0.140127,0.133758,104.415916,0.615385
2025,669923,"Kirby, George",starter,126.0,0.26145,0.055344,0.206107,1.190476,1.124157,156.807346,144.833817,112.152318,314,0.280255,0.05414,0.226115,212,0.231132,0.056604,0.174528,133.116332,118,0.228814,0.076271,0.152542,119.079652,0.562963
2025,666157,"Lodolo, Nick",starter,156.666667,0.242991,0.048287,0.194704,1.078723,1.10995,150.027937,136.820915,113.587743,396,0.242424,0.050505,0.191919,246,0.243902,0.044715,0.199187,151.924023,129,0.232558,0.085271,0.147287,114.976994,0.605442
2025,601713,"Pivetta, Nick",starter,181.666667,0.263523,0.069348,0.194175,0.985321,1.12258,147.936863,136.448975,112.309877,481,0.272349,0.054054,0.218295,241,0.244813,0.099585,0.145228,110.768552,129,0.224806,0.093023,0.131783,102.874152,0.630573
2025,694819,"Misiorowski, Jacob",starter,66.0,0.318681,0.113553,0.205128,1.242424,1.224959,143.220266,144.146097,102.923232,162,0.333333,0.092593,0.240741,110,0.3,0.136364,0.163636,124.808826,58,0.327586,0.068966,0.258621,201.887916,0.567568
2025,669432,"Rogers, Trevor",starter,109.666667,0.243499,0.068558,0.174941,0.902736,1.063773,140.65117,122.933107,118.518546,265,0.207547,0.075472,0.132075,158,0.303797,0.056962,0.246835,188.266478,71,0.295775,0.070423,0.225352,175.917358,0.763441
2025,691587,"Pérez, Eury",starter,95.333333,0.272727,0.083117,0.18961,1.048951,1.171797,138.39189,133.241538,107.592705,251,0.294821,0.091633,0.203187,136,0.227941,0.066176,0.161765,123.381274,80,0.275,0.0625,0.2125,165.884571,0.488636
2025,642547,"Peralta, Freddy",starter,176.666667,0.282158,0.091286,0.190871,1.075472,1.181683,138.146671,134.127644,106.692515,468,0.286325,0.064103,0.222222,255,0.27451,0.141176,0.133333,101.69608,134,0.268657,0.149254,0.119403,93.209943,0.686391
2025,656302,"Cease, Dylan",starter,168.0,0.297784,0.098338,0.199446,1.327381,1.248188,136.661466,140.15313,101.007843,425,0.301176,0.098824,0.202353,297,0.292929,0.097643,0.195286,148.948805,171,0.309942,0.099415,0.210526,164.343847,0.579208
2025,592332,"Gausman, Kevin",starter,193.0,0.243871,0.064516,0.179355,1.062176,1.134293,135.234792,126.034837,111.150049,492,0.223577,0.04878,0.174797,284,0.278169,0.091549,0.18662,142.338704,164,0.243902,0.109756,0.134146,104.719098,0.581522
2025,605483,"Snell, Blake",starter,61.333333,0.283465,0.102362,0.181102,1.255435,1.183548,130.869651,127.262843,106.524413,145,0.324138,0.089655,0.234483,111,0.225225,0.117117,0.108108,82.456281,67,0.223881,0.119403,0.104478,81.5587,0.783784
2025,656427,"Flaherty, Jack",starter,161.0,0.276065,0.086637,0.189427,1.279503,1.23854,130.807686,133.112888,101.794657,405,0.274074,0.079012,0.195062,276,0.278986,0.097826,0.181159,138.174022,139,0.258993,0.115108,0.143885,112.321334,0.546448
2025,641778,"Lauer, Eric",starter,104.666667,0.239437,0.061033,0.178404,1.10828,1.169138,130.508552,125.3665,107.837372,276,0.235507,0.065217,0.17029,151,0.245033,0.05298,0.192053,146.482765,86,0.255814,0.081395,0.174419,136.156966,0.633663
2025,608331,"Fried, Max",starter,195.333333,0.235955,0.06367,0.172285,1.100683,1.130196,130.374741,121.066525,111.552988,482,0.251037,0.072614,0.178423,319,0.213166,0.050157,0.163009,124.330631,166,0.174699,0.060241,0.114458,89.349592,0.691542
2025,624133,"Suarez, Ranger",starter,157.333333,0.231951,0.058372,0.173579,1.220339,1.143221,129.857776,121.976161,110.282048,379,0.245383,0.055409,0.189974,273,0.212454,0.062271,0.150183,114.547783,118,0.169492,0.076271,0.09322,72.770898,0.685393
2025,682052,"Lopez, Jacob",starter,92.666667,0.283208,0.092732,0.190476,1.273381,1.263624,128.920979,133.849947,99.773961,234,0.290598,0.08547,0.205128,167,0.269461,0.101796,0.167665,127.881299,91,0.307692,0.065934,0.241758,188.724528,0.592233
2025,641154,"López, Pablo",starter,75.666667,0.233974,0.064103,0.169872,1.110132,1.1463,126.742889,119.370986,109.985807,180,0.238889,0.055556,0.183333,132,0.227273,0.075758,0.151515,115.563728,67,0.19403,0.044776,0.149254,116.512429,0.705128
2025,676962,"Brown, Ben",starter,106.333333,0.256356,0.067797,0.188559,1.438871,1.27918,126.071548,132.50294,98.560613,260,0.246154,0.065385,0.180769,197,0.263959,0.060914,0.203046,154.867128,108,0.314815,0.064815,0.25,195.158318,0.481481
2025,647336,"Soroka, Michael",starter,89.666667,0.25066,0.076517,0.174142,1.126394,1.196189,124.510452,122.372049,105.398736,240,0.258333,0.079167,0.179167,142,0.232394,0.070423,0.161972,123.539253,73,0.178082,0.09589,0.082192,64.161639,0.494382
2025,665795,"Cabrera, Edward",starter,137.666667,0.258176,0.082616,0.175559,1.227603,1.221539,122.918521,123.367722,103.211384,349,0.232092,0.097421,0.13467,234,0.294872,0.059829,0.235043,179.271937,139,0.28777,0.071942,0.215827,168.482002,0.644737
2025,694477,"Patrick, Chad",starter,119.666667,0.252485,0.079523,0.172962,1.278552,1.21272,121.980757,121.54267,103.96194,292,0.219178,0.10274,0.116438,213,0.295775,0.046948,0.248826,189.784939,109,0.275229,0.045872,0.229358,179.044329,0.664286
2025,656731,"Megill, Tylor",starter,68.333333,0.291803,0.108197,0.183607,1.360976,1.289451,121.782297,129.022572,97.775555,178,0.303371,0.073034,0.230337,127,0.275591,0.15748,0.11811,90.085111,72,0.222222,0.180556,0.041667,32.526386,0.655172
2025,693645,"Schlittler, Cam",starter,73.0,0.276316,0.101974,0.174342,1.219178,1.234887,120.746899,122.512328,102.095833,189,0.269841,0.079365,0.190476,117,0.282051,0.136752,0.145299,110.822652,63,0.238095,0.15873,0.079365,61.955022,0.703704
2025,669022,"Gore, MacKenzie",starter,159.666667,0.272059,0.094118,0.177941,1.352818,1.261409,120.648326,125.041439,99.949163,402,0.263682,0.079602,0.18408,279,0.283154,0.111111,0.172043,131.220749,164,0.292683,0.121951,0.170732,133.278852,0.622449
2025,805673,"Matthews, Zebby",starter,79.333333,0.248588,0.067797,0.180791,1.487395,1.28897,119.959549,127.044017,97.812066,193,0.253886,0.051813,0.202073,161,0.242236,0.086957,0.15528,118.434876,80,0.25,0.05,0.2,156.126655,0.537736
2025,663460,"Bubic, Kris",starter,116.333333,0.243697,0.081933,0.161765,1.17765,1.166211,118.633542,113.674036,108.108052,268,0.264925,0.085821,0.179104,210,0.214286,0.07619,0.138095,105.328083,99,0.212121,0.070707,0.141414,110.392584,0.748092
2025,607192,"Glasnow, Tyler",starter,90.333333,0.289617,0.117486,0.172131,1.095941,1.242993,118.438135,120.958661,101.429997,228,0.346491,0.109649,0.236842,138,0.195652,0.130435,0.065217,49.742648,69,0.188406,0.15942,0.028986,22.627051,0.640449
2025,571510,"Boyd, Matthew",starter,179.666667,0.214485,0.058496,0.155989,1.090909,1.130463,118.015218,109.615277,111.526674,450,0.224444,0.057778,0.166667,268,0.197761,0.059701,0.13806,105.300979,142,0.169014,0.077465,0.091549,71.466426,0.638418
2025,607074,"Rodón, Carlos",starter,195.333333,0.257288,0.092522,0.164766,1.049488,1.198978,117.5319,115.782749,105.153499,486,0.246914,0.09465,0.152263,305,0.272131,0.088525,0.183607,140.040504,154,0.253247,0.077922,0.175325,136.864275,0.63388
2025,506433,"Darvish, Yu",starter,72.0,0.22973,0.064189,0.165541,1.180556,1.213103,116.709872,116.327361,103.929189,191,0.26178,0.062827,0.198953,107,0.168224,0.065421,0.102804,78.410529,62,0.209677,0.080645,0.129032,100.726874,0.394366
2025,684007,"Imanaga, Shota",starter,144.666667,0.206349,0.045855,0.160494,0.988479,1.17945,116.380334,112.780974,106.894555,392,0.214286,0.038265,0.17602,159,0.194969,0.044025,0.150943,115.127638,66,0.212121,0.075758,0.136364,106.449992,0.464286
2025,656876,"Rasmussen, Drew",starter,150.0,0.217094,0.063248,0.153846,1.02,1.135805,115.846708,108.109572,111.002145,379,0.23219,0.05277,0.17942,210,0.185714,0.080952,0.104762,79.904063,113,0.230088,0.088496,0.141593,110.532145,0.659259
2025,663554,"Mize, Casey",starter,149.0,0.221691,0.057416,0.164274,1.268456,1.215362,115.601868,115.437574,103.735997,372,0.22043,0.056452,0.163978,257,0.22179,0.058366,0.163424,124.646947,138,0.23913,0.065217,0.173913,135.762309,0.619048
2025,518876,"Kelly, Merrill",starter,184.0,0.223262,0.064171,0.159091,1.11413,1.186616,114.666292,111.795126,106.248969,486,0.248971,0.069959,0.179012,262,0.175573,0.053435,0.122137,93.156715,137,0.182482,0.051095,0.131387,102.564956,0.604396
2025,605400,"Nola, Aaron",starter,94.333333,0.240099,0.069307,0.170792,1.34629,1.276274,114.452267,120.017681,98.784997,240,0.229167,0.070833,0.158333,166,0.253012,0.066265,0.186747,142.435775,99,0.323232,0.080808,0.242424,189.24443,0.422018
2025,669372,"Ginn, J.T.",starter,90.333333,0.252551,0.079082,0.173469,1.361624,1.300239,114.103886,121.899059,96.964309,228,0.276316,0.065789,0.210526,164,0.219512,0.097561,0.121951,93.014708,100,0.27,0.1,0.17,132.707657,0.518868
2025,681347,"Burrows, Mike",starter,96.0,0.241294,0.077114,0.164179,1.239583,1.233284,113.855937,115.370663,102.228531,243,0.226337,0.065844,0.160494,160,0.2625,0.09375,0.16875,128.709102,81,0.246914,0.098765,0.148148,115.649374,0.603774
2025,671096,"Abbott, Andrew",starter,166.333333,0.217836,0.062865,0.154971,1.148297,1.188656,111.504969,108.899847,106.066631,406,0.229064,0.068966,0.160099,278,0.201439,0.053957,0.147482,112.487571,137,0.240876,0.080292,0.160584,125.357168,0.69186
2025,676083,"Junk, Janson",starter,110.0,0.17226,0.029083,0.143177,1.136364,1.099714,111.350787,100.612041,114.645011,255,0.188235,0.031373,0.156863,193,0.150259,0.025907,0.124352,94.846085,116,0.172414,0.034483,0.137931,107.673555,0.564103
2025,622491,"Castillo, Luis",starter,180.666667,0.21745,0.061745,0.155705,1.184502,1.19744,111.211285,109.415594,105.288627,448,0.21875,0.053571,0.165179,298,0.214765,0.073826,0.14094,107.497535,174,0.258621,0.063218,0.195402,152.537536,0.628272
2025,453286,"Scherzer, Max",starter,85.0,0.22905,0.064246,0.164804,1.294118,1.287302,109.493739,115.810115,97.938764,225,0.222222,0.062222,0.16,134,0.238806,0.067164,0.171642,130.91473,79,0.240506,0.088608,0.151899,118.577206,0.461538
2025,676974,"Meyer, Max",starter,64.666667,0.238596,0.070175,0.168421,1.42268,1.317231,109.354099,118.351532,95.713458,168,0.279762,0.059524,0.220238,117,0.179487,0.08547,0.094017,71.708775,69,0.217391,0.086957,0.130435,101.821731,0.575
2025,650633,"King, Michael",starter,73.333333,0.246753,0.084416,0.162338,1.2,1.271116,109.228182,114.076659,99.185854,192,0.260417,0.078125,0.182292,116,0.224138,0.094828,0.12931,98.627664,56,0.196429,0.107143,0.089286,69.699399,0.631579
2025,686752,"Pepiot, Ryan",starter,167.666667,0.24595,0.089838,0.156112,1.163022,1.241647,107.532225,109.701761,101.53993,431,0.234339,0.102088,0.132251,250,0.264,0.068,0.196,149.493238,139,0.294964,0.064748,0.230216,179.714135,0.573964
2025,669194,"Nelson, Ryne",starter,154.0,0.213247,0.066236,0.147011,1.071429,1.178621,106.678566,103.306643,106.969692,395,0.212658,0.070886,0.141772,224,0.214286,0.058036,0.15625,119.175094,107,0.214953,0.056075,0.158879,124.025847,0.608108
2025,605135,"Bassitt, Chris",starter,170.333333,0.225543,0.070652,0.154891,1.32681,1.256784,105.406415,108.844013,100.316951,433,0.230947,0.076212,0.154734,304,0.217105,0.0625,0.154605,117.92062,173,0.231214,0.057803,0.17341,135.369932,0.632353
2025,664285,"Valdez, Framber",starter,192.0,0.233167,0.084788,0.148379,1.244792,1.220864,103.945579,104.267773,103.268472,448,0.256696,0.104911,0.151786,355,0.202817,0.059155,0.143662,109.573946,206,0.199029,0.058252,0.140777,109.894975,0.651786
2025,669358,"Baz, Shane",starter,166.333333,0.247539,0.090014,0.157525,1.334669,1.301085,103.548448,110.694471,96.901275,414,0.236715,0.084541,0.152174,298,0.261745,0.097315,0.16443,125.41379,178,0.297753,0.095506,0.202247,157.880887,0.540816
2025,694462,"Waldrep, Hurston",starter,56.333333,0.240175,0.09607,0.144105,1.189349,1.196956,102.967695,101.264207,105.331156,130,0.246154,0.123077,0.123077,100,0.23,0.06,0.17,129.662503,50,0.14,0.08,0.06,46.837996,0.71875
2025,592662,"Ray, Robbie",starter,182.333333,0.246358,0.096689,0.149669,1.212066,1.268525,100.909776,105.174147,99.388485,462,0.244589,0.095238,0.149351,293,0.249147,0.098976,0.150171,114.538248,153,0.20915,0.078431,0.130719,102.043565,0.628141
2025,700249,"Povich, Cade",starter,112.333333,0.241803,0.088115,0.153689,1.495549,1.330921,98.762034,107.998804,94.728989,281,0.266904,0.099644,0.16726,208,0.206731,0.072115,0.134615,102.673927,107,0.233645,0.074766,0.158879,124.025847,0.569536
2025,681857,"Olson, Reese",starter,68.666667,0.22807,0.087719,0.140351,1.208738,1.215605,98.746857,98.626277,103.715214,166,0.246988,0.084337,0.162651,121,0.198347,0.090909,0.107438,81.945189,60,0.183333,0.083333,0.1,78.063327,0.692308
2025,663903,"Singer, Brady",starter,169.666667,0.227654,0.083799,0.143855,1.237721,1.250085,98.420487,101.08849,100.85458,408,0.227941,0.083333,0.144608,308,0.227273,0.084416,0.142857,108.960086,168,0.267857,0.089286,0.178571,139.398799,0.602094
2025,694297,"Pfaadt, Brandon",starter,176.666667,0.191656,0.04824,0.143416,1.330189,1.249807,98.142045,100.78011,100.876986,439,0.18451,0.052392,0.132118,328,0.20122,0.042683,0.158537,120.91912,192,0.197917,0.03125,0.166667,130.105546,0.507177
2025,690990,"Horton, Cade",starter,118.0,0.203782,0.069328,0.134454,1.084746,1.174657,97.895521,94.482315,107.330739,292,0.219178,0.065068,0.15411,188,0.175532,0.074468,0.101064,77.083465,102,0.176471,0.058824,0.117647,91.839209,0.70339
2025,676440,"Bibee, Tanner",starter,182.333333,0.212598,0.070866,0.141732,1.228519,1.250714,96.919598,99.597008,100.803854,470,0.231915,0.074468,0.157447,293,0.180887,0.064846,0.116041,88.506828,144,0.229167,0.069444,0.159722,124.684481,0.563452
2025,677944,"Cecconi, Slade",starter,132.0,0.2,0.058716,0.141284,1.189394,1.25203,96.511746,99.282277,100.697866,345,0.194203,0.055072,0.13913,200,0.21,0.065,0.145,110.594487,105,0.219048,0.047619,0.171429,133.822847,0.526316
2025,701581,"Festa, David",starter,53.333333,0.231441,0.082969,0.148472,1.275,1.317489,96.38225,104.332819,95.694713,149,0.241611,0.067114,0.174497,80,0.2125,0.1125,0.1,76.27206,46,0.217391,0.108696,0.108696,84.851443,0.448276
2025,547179,"Lorenzen, Michael",starter,141.666667,0.209571,0.064356,0.145215,1.327059,1.290762,96.219816,102.044019,97.676208,371,0.221024,0.067385,0.153639,236,0.190678,0.059322,0.131356,100.187876,132,0.212121,0.083333,0.128788,100.536103,0.552147
2025,592791,"Taillon, Jameson",starter,129.666667,0.188825,0.052023,0.136802,1.056555,1.21807,96.054858,96.132115,103.505317,350,0.188571,0.057143,0.131429,170,0.188235,0.041176,0.147059,112.164795,84,0.202381,0.059524,0.142857,111.519039,0.530973
2025,675911,"Strider, Spencer",starter,125.333333,0.243043,0.09462,0.148423,1.396277,1.327012,95.659259,104.29866,95.007985,321,0.246106,0.093458,0.152648,219,0.237443,0.09589,0.141553,107.965017,127,0.251969,0.110236,0.141732,110.640936,0.6
2025,701542,"Warren, Will",starter,162.333333,0.240506,0.091421,0.149086,1.373717,1.336146,95.429599,104.76441,94.358526,411,0.253041,0.068127,0.184915,301,0.222591,0.122924,0.099668,76.018665,174,0.235632,0.109195,0.126437,98.700759,0.60199
2025,665152,"Kremer, Dean",starter,171.666667,0.200565,0.063559,0.137006,1.21165,1.229946,95.269338,96.275544,102.50593,427,0.206089,0.077283,0.128806,282,0.191489,0.042553,0.148936,113.596686,139,0.172662,0.05036,0.122302,95.473134,0.569892
2025,669203,"Burnes, Corbin",starter,64.333333,0.237736,0.098113,0.139623,1.165803,1.253774,95.243962,98.114537,100.557836,161,0.254658,0.062112,0.192547,104,0.211538,0.153846,0.057692,44.003112,65,0.246154,0.2,0.046154,36.029228,0.720588
2025,641927,"Ober, Bailey",starter,146.333333,0.192308,0.049679,0.142628,1.298405,1.282718,95.098805,100.226583,98.288783,386,0.199482,0.056995,0.142487,240,0.179167,0.0375,0.141667,108.052085,110,0.190909,0.045455,0.145455,113.546658,0.48125
2025,681343,"Smith, Shane",starter,146.333333,0.23539,0.094156,0.141234,1.1959,1.27115,95.026006,99.246694,99.183231,355,0.250704,0.109859,0.140845,261,0.214559,0.072797,0.141762,108.125143,136,0.205882,0.058824,0.147059,114.799011,0.607595
2025,657376,"Schmidt, Clarke",starter,78.666667,0.231013,0.094937,0.136076,1.09322,1.241981,93.705974,95.622233,101.512664,206,0.218447,0.087379,0.131068,110,0.254545,0.109091,0.145455,110.941179,59,0.288136,0.135593,0.152542,119.079652,0.623377
2025,669854,"Blanco, Ronel",starter,48.333333,0.241206,0.100503,0.140704,1.17931,1.298164,92.699253,98.874081,97.119312,125,0.232,0.112,0.12,74,0.256757,0.081081,0.175676,133.991457,41,0.317073,0.073171,0.243902,190.39836,0.56
2025,641793,"Littell, Zack",starter,186.666667,0.171278,0.042161,0.129117,1.103571,1.222093,90.360924,90.732276,103.164596,507,0.163708,0.037475,0.126233,253,0.185771,0.051383,0.134387,102.500002,143,0.216783,0.062937,0.153846,120.097427,0.535294
2025,656605,"Keller, Mitch",starter,176.333333,0.200267,0.068091,0.132176,1.258979,1.258712,89.810636,92.881856,100.163321,452,0.19469,0.066372,0.128319,298,0.208054,0.07047,0.137584,104.93807,171,0.192982,0.076023,0.116959,91.302137,0.59204
2025,676664,"Sears, JP",starter,135.666667,0.200686,0.06175,0.138937,1.31941,1.324033,89.746714,97.632401,95.221806,357,0.19888,0.05042,0.148459,229,0.200873,0.078603,0.122271,93.258414,128,0.195312,0.078125,0.117188,91.480462,0.489933
2025,656550,"Holmes, Grant",starter,115.0,0.25,0.109756,0.140244,1.33913,1.344056,89.241602,98.551104,93.803208,287,0.268293,0.101045,0.167247,206,0.223301,0.121359,0.101942,77.753071,104,0.230769,0.105769,0.125,97.579159,0.630435
2025,702070,"Cameron, Noah",starter,138.333333,0.205036,0.077338,0.127698,1.098795,1.232954,88.580382,89.734834,102.255884,352,0.210227,0.076705,0.133523,205,0.195122,0.078049,0.117073,89.294119,83,0.216867,0.084337,0.13253,103.457422,0.656716
2025,682847,"Ortiz, Luis",starter,88.666667,0.251309,0.109948,0.141361,1.37594,1.366129,88.499248,99.336283,92.287632,224,0.245536,0.125,0.120536,158,0.259494,0.088608,0.170886,130.338331,90,0.277778,0.133333,0.144444,112.75814,0.609091
2025,676467,"Gordon, Colton",starter,86.0,0.189974,0.050132,0.139842,1.418605,1.353831,88.343163,98.268464,93.125926,225,0.182222,0.048889,0.133333,154,0.201299,0.051948,0.149351,113.912817,85,0.2,0.070588,0.129412,101.02313,0.49505
2025,668678,"Gallen, Zac",starter,192.0,0.215252,0.081181,0.134071,1.260417,1.314971,87.200825,94.21357,95.877999,507,0.218935,0.072978,0.145957,307,0.208469,0.094463,0.114007,86.955118,157,0.235669,0.11465,0.121019,94.471543,0.511848
2025,607067,"Rea, Colin",starter,159.333333,0.191843,0.066465,0.125378,1.248954,1.242487,86.303648,88.104402,101.471334,407,0.218673,0.068796,0.149877,257,0.14786,0.062257,0.085603,65.291258,125,0.192,0.064,0.128,99.921059,0.608939
2025,682990,"Priester, Quinn",starter,157.333333,0.202144,0.07657,0.125574,1.239407,1.254151,85.635029,88.242576,100.527549,381,0.230971,0.081365,0.149606,272,0.161765,0.069853,0.091912,70.102997,144,0.152778,0.083333,0.069444,54.210644,0.672316
2025,669461,"Liberatore, Matthew",starter,151.666667,0.188272,0.061728,0.126543,1.305495,1.27041,85.191358,88.92346,99.240972,397,0.209068,0.047859,0.161209,252,0.154762,0.083333,0.071429,54.480043,145,0.165517,0.089655,0.075862,59.220455,0.603352
2025,434378,"Verlander, Justin",starter,152.0,0.206949,0.07855,0.128399,1.361842,1.303892,84.220912,90.2274,96.692618,380,0.207895,0.060526,0.147368,283,0.204947,0.102473,0.102473,78.158648,166,0.174699,0.126506,0.048193,37.620881,0.659686
2025,687473,"Gusto, Ryan",starter,101.666667,0.214128,0.07947,0.134658,1.47541,1.370263,84.048199,94.625707,92.009167,251,0.203187,0.079681,0.123506,203,0.226601,0.078818,0.147783,112.717331,102,0.156863,0.078431,0.078431,61.226139,0.518797
2025,685299,"Gordon, Tanner",starter,75.333333,0.183976,0.050445,0.133531,1.5,1.360021,83.972628,93.833976,92.702074,198,0.222222,0.025253,0.19697,139,0.129496,0.086331,0.043165,32.923192,79,0.126582,0.050633,0.075949,59.288603,0.453608
2025,650644,"Civale, Aaron",starter,102.0,0.202299,0.075862,0.126437,1.264706,1.306626,82.760466,88.848672,96.490335,258,0.213178,0.081395,0.131783,178,0.185393,0.067416,0.117978,89.983891,97,0.226804,0.092784,0.134021,104.620954,0.513274
2025,680573,"Woods Richardson, Simeon",starter,111.333333,0.227176,0.097665,0.129512,1.275449,1.343719,82.433036,91.009438,93.826752,286,0.237762,0.104895,0.132867,186,0.209677,0.086022,0.123656,94.314913,92,0.217391,0.065217,0.152174,118.79202,0.6
2025,806960,"Morales, Luis",starter,48.666667,0.21608,0.090452,0.125628,1.150685,1.304552,82.36186,88.28043,96.643696,126,0.214286,0.063492,0.150794,74,0.216216,0.135135,0.081081,61.842211,37,0.189189,0.135135,0.054054,42.196393,0.645833
2025,671212,"Boyle, Joe",starter,52.0,0.256637,0.123894,0.132743,1.365385,1.385951,81.915449,93.280383,90.967722,128,0.265625,0.148438,0.117188,98,0.244898,0.091837,0.153061,116.74295,56,0.267857,0.107143,0.160714,125.458919,0.584615
2025,579328,"Kikuchi, Yusei",starter,178.333333,0.225389,0.095855,0.129534,1.424299,1.359428,81.494292,91.024899,92.742503,448,0.220982,0.089286,0.131696,325,0.230769,0.104615,0.126154,96.220138,169,0.230769,0.136095,0.094675,73.906109,0.656522
2025,668909,"Williams, Gavin",starter,167.666667,0.245739,0.117898,0.127841,1.270378,1.3619,80.283318,89.835369,92.57416,421,0.235154,0.106888,0.128266,283,0.261484,0.134276,0.127208,97.024529,155,0.303226,0.129032,0.174194,135.98128,0.7
2025,607536,"Freeland, Kyle",starter,162.666667,0.174894,0.053597,0.121298,1.420082,1.294267,80.154722,85.237308,97.411721,402,0.171642,0.044776,0.126866,307,0.179153,0.065147,0.114007,86.955118,170,0.188235,0.082353,0.105882,82.655288,0.569378
2025,683004,"Leiter, Jack",starter,151.666667,0.229102,0.103715,0.125387,1.279121,1.340287,80.012091,88.110975,94.067031,374,0.243316,0.082888,0.160428,272,0.209559,0.132353,0.077206,58.886517,140,0.214286,0.178571,0.035714,27.87976,0.630682
2025,608379,"Wacha, Michael",starter,172.666667,0.175978,0.062849,0.113128,1.222008,1.224359,79.024933,79.496774,102.973733,431,0.187935,0.046404,0.141531,285,0.157895,0.087719,0.070175,53.524253,144,0.138889,0.076389,0.0625,48.78958,0.622449
2025,571578,"Corbin, Patrick",starter,155.333333,0.197587,0.076923,0.120664,1.364807,1.312888,78.60488,84.791822,96.030097,388,0.213918,0.074742,0.139175,277,0.173285,0.079422,0.093863,71.591104,163,0.159509,0.104294,0.055215,43.102451,0.602094
2025,656849,"Peterson, David",starter,168.666667,0.207469,0.089903,0.117566,1.369565,1.28623,78.174092,82.614853,98.020414,403,0.235732,0.086849,0.148883,321,0.17134,0.093458,0.077882,59.401916,174,0.178161,0.109195,0.068966,53.836778,0.640909
2025,605488,"Springs, Jeffrey",starter,171.0,0.193548,0.075736,0.117812,1.210526,1.310564,76.883326,82.787976,96.200365,443,0.198646,0.058691,0.139955,271,0.184502,0.103321,0.081181,61.918278,161,0.21118,0.124224,0.086957,67.881154,0.564246
2025,621244,"Berríos, José",starter,166.0,0.197708,0.080229,0.117479,1.301205,1.316777,76.303938,82.553585,95.746485,410,0.197561,0.068293,0.129268,290,0.196552,0.096552,0.1,76.27206,146,0.232877,0.089041,0.143836,112.282868,0.594737
2025,621107,"Eflin, Zach",starter,71.333333,0.161812,0.042071,0.119741,1.415888,1.347138,76.020726,84.143535,93.588629,189,0.169312,0.042328,0.126984,121,0.14876,0.041322,0.107438,81.945189,69,0.15942,0.028986,0.130435,101.821731,0.433735
2025,690916,"Fitts, Richard",starter,45.0,0.205128,0.082051,0.123077,1.311111,1.387866,75.8455,86.487658,90.842171,117,0.230769,0.094017,0.136752,78,0.166667,0.064103,0.102564,78.227754,44,0.181818,0.068182,0.113636,88.708327,0.479167
2025,641816,"Mahle, Tyler",starter,86.666667,0.190751,0.083815,0.106936,1.130769,1.217183,75.139903,75.145527,103.580815,205,0.180488,0.087805,0.092683,142,0.204225,0.077465,0.126761,96.682893,58,0.224138,0.103448,0.12069,94.214361,0.774194
2025,671737,"Bradley, Taj",starter,142.666667,0.209917,0.092562,0.117355,1.310748,1.336411,75.104098,82.467054,94.339806,354,0.228814,0.10452,0.124294,251,0.183267,0.075697,0.10757,82.045643,141,0.177305,0.085106,0.092199,71.973281,0.52381
2025,686701,"Bergert, Ryan",starter,76.333333,0.226006,0.108359,0.117647,1.257642,1.339961,75.091304,82.672026,94.089875,201,0.243781,0.104478,0.139303,122,0.196721,0.114754,0.081967,62.518082,58,0.275862,0.137931,0.137931,107.673555,0.647727
2025,693821,"Elder, Bryce",starter,156.333333,0.192931,0.07511,0.11782,1.394456,1.344128,74.968783,82.793782,93.798213,402,0.241294,0.067164,0.174129,277,0.122744,0.086643,0.036101,27.53504,161,0.124224,0.118012,0.006211,4.848654,0.525773
2025,592866,"Williams, Trevor",starter,82.666667,0.174263,0.0563,0.117962,1.53629,1.346801,74.910247,82.893667,93.612039,207,0.169082,0.038647,0.130435,166,0.180723,0.078313,0.10241,78.109941,98,0.173469,0.081633,0.091837,71.690811,0.508621
2025,645261,"Alcantara, Sandy",starter,174.666667,0.190604,0.07651,0.114094,1.270992,1.307471,74.633056,80.17522,96.42794,431,0.185615,0.071926,0.113689,314,0.197452,0.082803,0.11465,87.445674,203,0.182266,0.098522,0.083744,65.37323,0.48
2025,694738,"Roupp, Landen",starter,106.666667,0.214286,0.094538,0.119748,1.48125,1.377748,74.335945,84.148312,91.50931,258,0.20155,0.096899,0.104651,220,0.227273,0.090909,0.136364,104.007355,113,0.176991,0.115044,0.061947,48.357813,0.693878
2025,607259,"Martinez, Nick",starter,165.666667,0.169839,0.061493,0.108346,1.207243,1.249366,74.168934,76.135731,100.912587,418,0.172249,0.076555,0.095694,267,0.164794,0.037453,0.127341,97.12547,142,0.140845,0.06338,0.077465,60.471592,0.539326
2025,690928,"Dobbins, Hunter",starter,61.0,0.175781,0.066406,0.109375,1.278689,1.26316,74.056015,76.859149,99.810583,149,0.174497,0.04698,0.127517,107,0.17757,0.093458,0.084112,64.154069,60,0.166667,0.1,0.066667,52.042218,0.611111
2025,689017,"Knack, Landon",starter,42.333333,0.227027,0.102703,0.124324,1.393701,1.453888,73.135126,87.364222,86.716996,105,0.219048,0.104762,0.114286,73,0.219178,0.109589,0.109589,83.58582,39,0.179487,0.128205,0.051282,40.032476,0.530612
2025,477132,"Kershaw, Clayton",starter,112.666667,0.181425,0.075594,0.105832,1.215976,1.238,73.113114,74.369112,101.839089,272,0.1875,0.080882,0.106618,191,0.172775,0.068063,0.104712,79.866032,104,0.173077,0.057692,0.115385,90.07307,0.674419
2025,663978,"Paddack, Chris",starter,158.0,0.167164,0.055224,0.11194,1.28481,1.322431,72.395944,78.661816,95.337134,423,0.179669,0.044917,0.134752,248,0.145161,0.072581,0.072581,55.358753,133,0.157895,0.082707,0.075188,58.694231,0.453488
2025,607625,"Lugo, Seth",starter,145.333333,0.204583,0.090016,0.114566,1.293578,1.354056,72.363719,80.507128,93.110438,371,0.218329,0.086253,0.132075,243,0.18107,0.09465,0.08642,65.914126,127,0.133858,0.102362,0.031496,24.586875,0.583851
2025,593958,"Rodriguez, Eduardo",starter,154.333333,0.206052,0.086455,0.119597,1.542117,1.416926,72.189194,84.041952,88.979075,372,0.201613,0.107527,0.094086,323,0.210526,0.06192,0.148607,113.345477,179,0.201117,0.089385,0.111732,87.221595,0.596244
2025,676917,"Cavalli, Cade",starter,48.666667,0.182648,0.068493,0.114155,1.479452,1.353731,72.121439,80.21829,93.132832,115,0.217391,0.095652,0.121739,104,0.144231,0.038462,0.105769,80.672372,61,0.163934,0.032787,0.131148,102.378134,0.646154
2025,605288,"Houser, Adrian",starter,125.0,0.177606,0.073359,0.104247,1.28,1.24187,71.794081,73.255714,101.521718,297,0.195286,0.06734,0.127946,221,0.153846,0.081448,0.072398,55.219591,119,0.210084,0.07563,0.134454,104.959096,0.693333
2025,669920,"Alexander, Jason",starter,77.333333,0.193452,0.077381,0.116071,1.37069,1.383202,71.769579,81.564811,91.14847,204,0.220588,0.093137,0.127451,132,0.151515,0.05303,0.098485,75.116423,59,0.169492,0.050847,0.118644,92.617507,0.549451
2025,677958,"Rocker, Kumar",starter,64.333333,0.195122,0.080139,0.114983,1.46114,1.395799,70.454678,80.799663,90.325861,159,0.207547,0.09434,0.113208,128,0.179688,0.0625,0.117188,89.381321,79,0.189873,0.075949,0.113924,88.932905,0.506024
2025,669160,"May, Dustin",starter,132.333333,0.210616,0.09589,0.114726,1.420655,1.394391,70.368498,80.619382,90.417115,322,0.223602,0.096273,0.127329,262,0.194656,0.09542,0.099237,75.689831,155,0.187097,0.103226,0.083871,65.472468,0.562874
2025,673540,"Senga, Kodai",starter,113.333333,0.226141,0.114108,0.112033,1.314706,1.362993,70.299775,78.727095,92.499957,268,0.242537,0.115672,0.126866,216,0.203704,0.111111,0.092593,70.622278,122,0.270492,0.122951,0.147541,115.175401,0.722628
2025,663568,"Kolek, Stephen",starter,112.666667,0.167028,0.067245,0.099783,1.14497,1.22169,69.854866,70.11879,103.198664,286,0.195804,0.076923,0.118881,176,0.119318,0.051136,0.068182,52.003678,87,0.149425,0.034483,0.114943,89.727963,0.633333
2025,680732,"Burke, Sean",starter,134.333333,0.223154,0.105705,0.11745,1.444169,1.438465,69.83182,82.533315,87.646767,346,0.208092,0.086705,0.121387,252,0.242063,0.130952,0.111111,84.746734,147,0.251701,0.136054,0.115646,90.277317,0.631579
2025,622663,"Severino, Luis",starter,162.666667,0.175887,0.070922,0.104965,1.303279,1.293635,69.395526,73.759864,97.459278,405,0.180247,0.064198,0.116049,301,0.169435,0.079734,0.089701,68.416798,179,0.184358,0.106145,0.078212,61.055116,0.581633
2025,450203,"Morton, Charlie",starter,142.0,0.227829,0.110092,0.117737,1.577465,1.469205,68.537995,82.735231,85.812931,336,0.220238,0.122024,0.098214,319,0.23511,0.097179,0.137931,105.202842,207,0.285024,0.091787,0.193237,150.847009,0.542289
2025,700363,"Smith-Shawver, AJ",starter,44.333333,0.21875,0.109375,0.109375,1.421053,1.370179,68.27185,76.859149,92.01485,110,0.218182,0.081818,0.136364,81,0.222222,0.135802,0.08642,65.914126,51,0.254902,0.196078,0.058824,45.919604,0.677966
2025,608337,"Giolito, Lucas",starter,145.0,0.19739,0.091354,0.106036,1.289655,1.33318,68.024445,74.512715,94.568488,356,0.19382,0.092697,0.101124,260,0.2,0.088462,0.111538,85.072683,133,0.240602,0.075188,0.165414,129.127308,0.676471
2025,670912,"Oviedo, Johan",starter,40.333333,0.247059,0.135294,0.111765,1.214876,1.410699,67.759619,78.538425,89.371818,97,0.247423,0.164948,0.082474,74,0.243243,0.094595,0.148649,113.377387,45,0.333333,0.066667,0.266667,208.168873,0.627907
2025,543294,"Hendricks, Kyle",starter,164.666667,0.164029,0.061871,0.102158,1.275304,1.304188,66.993747,71.787867,96.67074,417,0.170264,0.055156,0.115108,278,0.154676,0.071942,0.082734,63.102784,151,0.145695,0.099338,0.046358,36.188297,0.52973
2025,656288,"Canning, Griffin",starter,76.333333,0.213415,0.106707,0.106707,1.375546,1.378032,66.227098,74.984536,91.490467,183,0.202186,0.10929,0.092896,145,0.227586,0.096552,0.131034,99.9427,65,0.184615,0.061538,0.123077,96.077941,0.670103
2025,608372,"Sugano, Tomoyuki",starter,157.0,0.157037,0.053333,0.103704,1.33121,1.35018,65.690599,72.87386,93.377721,410,0.168293,0.053659,0.114634,266,0.139098,0.052632,0.086466,65.949526,138,0.15942,0.043478,0.115942,90.508206,0.539773
2025,672456,"Montero, Keider",starter,90.666667,0.18509,0.079692,0.105398,1.389706,1.374175,65.598343,74.064784,91.747224,235,0.170213,0.085106,0.085106,155,0.206452,0.070968,0.135484,103.33634,74,0.175676,0.054054,0.121622,94.941885,0.6
2025,667755,"Soriano, José",starter,169.0,0.209945,0.107735,0.10221,1.39645,1.344179,65.033467,71.824177,93.794651,395,0.220253,0.121519,0.098734,330,0.19697,0.090909,0.106061,80.894609,169,0.189349,0.118343,0.071006,55.429582,0.642857
2025,700241,"McGreevy, Michael",starter,95.666667,0.145,0.05,0.095,1.254355,1.260992,64.433527,66.757661,99.982183,228,0.153509,0.061404,0.092105,172,0.133721,0.034884,0.098837,75.385176,96,0.135417,0.052083,0.083333,65.052773,0.564815
2025,527048,"Pérez, Martín",starter,56.0,0.192982,0.096491,0.096491,1.107143,1.299167,63.521896,67.805565,97.044279,148,0.182432,0.074324,0.108108,81,0.209877,0.135802,0.074074,56.497822,39,0.076923,0.205128,-0.128205,-100.081189,0.607143
2025,682243,"Miller, Bryce",starter,90.333333,0.188776,0.086735,0.102041,1.405904,1.407441,62.007524,71.705329,89.578706,232,0.215517,0.077586,0.137931,160,0.15,0.1,0.05,38.13603,108,0.148148,0.101852,0.046296,36.140429,0.481818
2025,686563,"Cannon, Jonathan",starter,103.666667,0.184549,0.081545,0.103004,1.485531,1.435675,61.362076,72.382375,87.817089,254,0.173228,0.07874,0.094488,212,0.198113,0.084906,0.113208,86.345729,131,0.221374,0.061069,0.160305,125.139685,0.503704
2025,678394,"Bello, Brayan",starter,166.666667,0.177143,0.084286,0.092857,1.236,1.297408,61.212408,65.251849,97.175876,405,0.185185,0.083951,0.101235,298,0.16443,0.083893,0.080537,61.427163,162,0.185185,0.123457,0.061728,48.187239,0.673684
2025,615698,"Quantrill, Cal",starter,117.666667,0.165692,0.068226,0.097466,1.453258,1.388345,60.042118,68.49047,90.810838,316,0.177215,0.044304,0.132911,199,0.145729,0.105528,0.040201,30.662135,129,0.178295,0.139535,0.03876,30.257104,0.469799
2025,571945,"Mikolas, Miles",starter,156.333333,0.149477,0.055306,0.09417,1.317697,1.347902,59.752623,66.174693,93.535584,399,0.165414,0.06015,0.105263,270,0.125926,0.048148,0.077778,59.322714,165,0.139394,0.036364,0.10303,80.428883,0.525424
2025,663436,"Martin, Davis",starter,142.666667,0.173045,0.079867,0.093178,1.28972,1.336233,59.639251,65.477345,94.352399,357,0.179272,0.089636,0.089636,245,0.163265,0.065306,0.097959,74.715488,134,0.164179,0.097015,0.067164,52.430593,0.603659
2025,687064,"Young, Brandon",starter,57.666667,0.183594,0.085938,0.097656,1.543353,1.461414,57.151471,68.62424,86.270375,154,0.194805,0.084416,0.11039,102,0.166667,0.088235,0.078431,59.821224,56,0.196429,0.071429,0.125,97.579159,0.480519
2025,605280,"Holmes, Clay",starter,165.666667,0.182203,0.09322,0.088983,1.303823,1.331912,57.138971,62.529477,94.658461,400,0.18,0.1,0.08,310,0.183871,0.083871,0.1,76.27206,163,0.184049,0.104294,0.079755,62.259095,0.678218
2025,671106,"Allen, Logan",starter,156.666667,0.180473,0.091716,0.088757,1.397872,1.373183,55.281141,62.370907,91.813546,373,0.182306,0.093834,0.088472,306,0.176471,0.088235,0.088235,67.298877,155,0.167742,0.109677,0.058065,45.327093,0.631841
2025,676106,"Hancock, Emerson",starter,90.0,0.166234,0.080519,0.085714,1.377778,1.379701,53.133561,60.232476,91.379764,222,0.193694,0.076577,0.117117,165,0.127273,0.084848,0.042424,32.357844,88,0.113636,0.068182,0.045455,35.483331,0.550459
2025,670102,"Francis, Bowden",starter,64.0,0.1875,0.09375,0.09375,1.53125,1.545162,51.89172,65.879271,81.594542,174,0.183908,0.091954,0.091954,115,0.191304,0.095652,0.095652,72.955884,54,0.185185,0.074074,0.111111,86.73703,0.455696
2025,571760,"Heaney, Andrew",starter,122.333333,0.160448,0.074627,0.085821,1.381471,1.415032,51.871354,60.307392,89.098186,334,0.188623,0.05988,0.128743,203,0.1133,0.098522,0.014778,11.271733,114,0.122807,0.096491,0.026316,20.542981,0.479167
2025,594902,"Lively, Ben",starter,44.666667,0.162921,0.08427,0.078652,1.186567,1.302932,51.628221,55.269501,96.763919,112,0.178571,0.116071,0.0625,67,0.134328,0.029851,0.104478,79.687227,35,0.142857,0.0,0.142857,111.519039,0.659574
2025,592836,"Walker, Taijuan",starter,123.666667,0.159851,0.078067,0.081784,1.407008,1.411802,49.544721,57.470888,89.302024,312,0.153846,0.060897,0.092949,227,0.167401,0.101322,0.066079,50.40004,117,0.17094,0.111111,0.059829,46.704555,0.633987
2025,688138,"Evans, Logan",starter,81.333333,0.168571,0.088571,0.08,1.389344,1.405657,48.675622,56.216978,89.69244,203,0.147783,0.098522,0.049261,148,0.195946,0.074324,0.121622,92.763317,70,0.142857,0.114286,0.028571,22.303808,0.61
2025,663623,"Irvin, Jake",starter,180.0,0.15756,0.07878,0.07878,1.427778,1.454821,46.313566,55.359794,86.661377,462,0.158009,0.082251,0.075758,326,0.156442,0.07362,0.082822,63.170111,183,0.120219,0.076503,0.043716,34.126045,0.479452
2025,542881,"Anderson, Tyler",starter,136.333333,0.173623,0.095159,0.078464,1.408313,1.491028,45.007622,55.137687,84.556957,346,0.150289,0.083815,0.066474,253,0.205534,0.110672,0.094862,72.352943,146,0.226027,0.130137,0.09589,74.855245,0.579268
2025,471911,"Carrasco, Carlos",starter,45.666667,0.160377,0.080189,0.080189,1.708029,1.552151,44.18551,56.349565,81.227133,111,0.144144,0.099099,0.045045,101,0.178218,0.059406,0.118812,90.62027,59,0.20339,0.067797,0.135593,105.84858,0.470588
2025,500779,"Quintana, Jose",starter,131.666667,0.160072,0.089928,0.070144,1.291139,1.38386,43.350915,49.290965,91.105117,333,0.159159,0.078078,0.081081,224,0.160714,0.107143,0.053571,40.860032,113,0.19469,0.106195,0.088496,69.082591,0.618421
2025,663559,"Falter, Bailey",starter,125.333333,0.156371,0.088803,0.067568,1.284574,1.371887,42.123145,47.480555,91.900277,316,0.164557,0.079114,0.085443,202,0.143564,0.10396,0.039604,30.206757,115,0.130435,0.113043,0.017391,13.576231,0.56338
2025,801403,"Dollander, Chase",starter,98.0,0.185941,0.111111,0.07483,1.55102,1.528804,41.862412,52.583908,82.467573,240,0.170833,0.1125,0.058333,202,0.20297,0.108911,0.094059,71.741047,121,0.181818,0.07438,0.107438,83.869691,0.470149
2025,669467,"Pallante, Andre",starter,162.666667,0.155245,0.086713,0.068531,1.444672,1.426728,41.081819,48.1579,88.36778,405,0.140741,0.069136,0.071605,312,0.173077,0.108974,0.064103,48.892346,222,0.198198,0.112613,0.085586,66.810956,0.551402
2025,656557,"Houck, Tanner",starter,43.666667,0.157635,0.083744,0.073892,1.694656,1.543381,40.947083,51.924548,81.688714,114,0.140351,0.087719,0.052632,89,0.179775,0.078652,0.101124,77.12905,46,0.173913,0.108696,0.065217,50.910866,0.390625
2025,621121,"McCullers Jr., Lance",starter,55.333333,0.222628,0.142336,0.080292,1.807229,1.704842,40.279933,56.422149,73.952173,143,0.244755,0.13986,0.104895,131,0.198473,0.145038,0.053435,40.756063,81,0.160494,0.17284,-0.012346,-9.637448,0.555556
2025,680730,"Parker, Mitchell",starter,164.666667,0.142069,0.08,0.062069,1.433198,1.44646,36.700227,43.616621,87.162277,412,0.174757,0.082524,0.092233,313,0.099042,0.076677,0.022364,17.057649,174,0.091954,0.063218,0.028736,22.431991,0.507109
2025,596295,"Gomber, Austin",starter,57.666667,0.125,0.0625,0.0625,1.716763,1.595256,33.508148,43.919514,79.032318,154,0.11039,0.071429,0.038961,118,0.144068,0.050847,0.09322,71.101073,73,0.150685,0.041096,0.109589,85.548852,0.421687
2025,608566,"Márquez, Germán",starter,126.333333,0.14044,0.081218,0.059222,1.709763,1.54654,32.750674,41.615783,81.521844,299,0.140468,0.083612,0.056856,293,0.139932,0.078498,0.061433,46.856556,196,0.153061,0.076531,0.076531,59.742342,0.512953
2025,695549,"Jobe, Jackson",starter,49.0,0.178899,0.123853,0.055046,1.489796,1.530112,30.768211,38.681407,82.397078,108,0.175926,0.12963,0.046296,110,0.181818,0.118182,0.063636,48.536766,59,0.152542,0.118644,0.033898,26.462145,0.651515
2025,621111,"Buehler, Walker",starter,126.0,0.162832,0.107965,0.054867,1.515873,1.530549,30.659616,38.555892,82.373549,330,0.148485,0.084848,0.063636,236,0.182203,0.135593,0.04661,35.550537,128,0.164062,0.148438,0.015625,12.197395,0.591716
2025,681190,"Vásquez, Randy",starter,133.666667,0.136842,0.091228,0.045614,1.32419,1.415333,27.563896,32.05354,89.079226,346,0.147399,0.075145,0.072254,225,0.12,0.115556,0.004444,3.389869,122,0.131148,0.131148,0.0,0.0,0.645963
2025,622608,"Senzatela, Antonio",starter,130.0,0.118123,0.076052,0.042071,1.838462,1.56801,22.94757,29.563945,80.405572,294,0.115646,0.057823,0.057823,325,0.12,0.092308,0.027692,21.121494,184,0.119565,0.097826,0.021739,16.970289,0.557604
2025,661563,"Gil, Luis",starter,57.0,0.168033,0.135246,0.032787,1.403509,1.502797,18.659523,23.039745,83.894732,131,0.122137,0.167939,-0.045802,114,0.219298,0.096491,0.122807,93.667443,68,0.205882,0.073529,0.132353,103.31911,0.72
2025,607200,"Fedde, Erick",starter,141.0,0.133226,0.107544,0.025682,1.51773,1.531213,14.344885,18.047184,82.337837,324,0.141975,0.108025,0.033951,301,0.122924,0.106312,0.016611,12.669777,171,0.122807,0.152047,-0.02924,-22.825534,0.558974
2025,686799,"Kochanowicz, Jack",starter,111.0,0.140625,0.113281,0.027344,1.747748,1.63851,14.272815,19.214787,76.945972,290,0.168966,0.110345,0.058621,225,0.102222,0.115556,-0.013333,-10.169608,123,0.113821,0.138211,-0.02439,-19.039836,0.514451
2025,687134,"Blalock, Bradley",starter,58.666667,0.098182,0.083636,0.014545,1.840909,1.692336,7.350917,10.221269,74.498676,156,0.121795,0.089744,0.032051,119,0.067227,0.07563,-0.008403,-6.409417,59,0.084746,0.118644,-0.033898,-26.462145,0.32967
